2026-05-04 14:32:08 [queue.INFO] [yii\db\Connection::open] Opening DB connection: mysql:host=db;dbname=db;port=3306 {"memory":1101240} 
2026-05-04 14:32:08 [queue.INFO] [yii\web\Session::open] Session started {"memory":1522272} 
2026-05-04 14:32:08 [queue.INFO] [nystudio107\codeeditor\CodeEditor::bootstrap] CodeEditor module bootstrapped {"memory":1544032} 
2026-05-04 14:32:08 [queue.INFO] [adigital\cookieconsentbanner\CookieConsentBanner::init] Cookie Consent Banner plugin loaded {"memory":1760120} 
2026-05-04 14:32:08 [queue.INFO] [miranj\obfuscator\Obfuscator::init] Obfuscator plugin loaded {"memory":2720080} 
2026-05-04 14:32:08 [queue.INFO] [yii\db\Connection::open] Opening DB connection: mysql:host=db;dbname=db;port=3306 {"memory":2987984} 
2026-05-04 14:32:08 [queue.INFO] [craft\queue\QueueLogBehavior::beforeExec]  [40679] Freeform: Purging Old Notification Logs (attempt: 1, pid: 1661) - Started {"memory":3046336} 
2026-05-04 14:32:08 [queue.INFO] [craft\queue\QueueLogBehavior::afterExec]  [40679] Freeform: Purging Old Notification Logs (attempt: 1, pid: 1661) - Done (time: 0.003s) {"memory":3064848} 
2026-05-04 14:32:08 [queue.INFO] [craft\queue\QueueLogBehavior::beforeExec]  [40680] Freeform: Unfertige Dateien löschen (attempt: 1, pid: 1661) - Started {"memory":3237120} 
2026-05-04 14:32:08 [queue.INFO] [craft\queue\QueueLogBehavior::afterExec]  [40680] Freeform: Unfertige Dateien löschen (attempt: 1, pid: 1661) - Done (time: 0.001s) {"memory":3241272} 
2026-05-04 14:32:08 [queue.INFO] [application] Request context:
$_GET = [
    'p' => 'dW2axQ3b/actions/queue/run'
    'v' => '1777897928403'
]

$_POST = []

$_FILES = []

$_COOKIE = [
    'a8b7b1ec9ffb8baf2c6eaa253fe57112_username' => '26b9ec8568da68d3882e55afaa5d203483c6c5810ee05b5a55c8a0eb10cab93ea:2:{i:0;s:41:\"a8b7b1ec9ffb8baf2c6eaa253fe57112_username\";i:1;s:8:\"odegiuli\";}'
    'cookieconsent_status' => 'dismiss'
    'CraftSessionId' => 'b35dddd4e565f4d4ffa94ae8d41fccd4'
    'CRAFT_CSRF_TOKEN' => '••••••••••••••••••••••••••••••••••••••••••••••••••••••••••••••••••••••••••••••••••••••••••••••••••••••••••••••••••••••••••••••••••••••••••••••••••••••••••••••••••••••••••••••••••••••••••••••••••••••••••••••••••••••••••••••••••••••••••••••••••••••••••••••••••'
    'Craft-3626ffc1-d0a3-42e3-98aa-37e8aa759561_sidebar' => 'collapsed'
    'Craft-3626ffc1-d0a3-42e3-98aa-37e8aa759561_sidebar-details' => 'expanded'
    'a8b7b1ec9ffb8baf2c6eaa253fe57112_identity' => 'e6349c57ab5b864940e4e511c70ca11946a166359cab3b93d66598706834fdd3a:2:{i:0;s:41:\"a8b7b1ec9ffb8baf2c6eaa253fe57112_identity\";i:1;s:159:\"[1,\"[\\\"BGQ0cpqF9J5U2UHE2Gd3Z9T1VjoxIVKidBKaWptv89wzSY8SIUM1AGbox-O35_lmBY9dNsK5GI9p7Umf8Huff1Ihk7_EcLFYLEMP\\\",null,\\\"0ef01a0bceeac5b1d0a2b6557bd3d7b1\\\"]\",3600]\";}'
]

$_SESSION = [
    '22b6a59deafcfb2ffb13c3adf3d98a3b__flash' => []
    'a8b7b1ec9ffb8baf2c6eaa253fe57112__token' => '••••••••••••••••••••••••••••••••••••••••••••••••••••••••••••••••••••••••••••••••••••••••••••••••••••'
    'a8b7b1ec9ffb8baf2c6eaa253fe57112__id' => 1
    '__authKey' => '••••••••••••••••••••••••••••••••••••••••••••••••••••••••••••••••••••••••••••••••••••••••••••••••••••••••••••••••••••••••••••••••••••••••••••••••'
    'a8b7b1ec9ffb8baf2c6eaa253fe57112__expire' => 1777901528
    '__duration' => 3600
    '__elevated_timeout' => 1777898228
]

$_SERVER = [
    'DEPLOY_NAME' => 'local'
    'DDEV_WEBSERVER_TYPE' => 'nginx-fpm'
    'npm_config_cache' => '/mnt/ddev-global-cache/npm'
    'COREPACK_ENABLE_DOWNLOAD_PROMPT' => '0'
    'DDEV_GOOS' => 'darwin'
    'IS_DDEV_PROJECT' => 'true'
    'PHP_DEFAULT_VERSION' => '8.3'
    'HOSTNAME' => 'derschmuckmacher-v3-web'
    'MAILPIT_SMTP_PORT' => '1025'
    'MH_SMTP_BIND_ADDR' => '127.0.0.1:1025'
    'DDEV_PRIMARY_URL_WITHOUT_PORT' => 'https://derschmuckmacher-v3.ddev.site'
    'CRAFT_DB_PORT' => '3306'
    'SSH_AUTH_SOCK' => '/home/.ssh-agent/socket'
    'DDEV_GID' => '20'
    'NODE_EXTRA_CA_CERTS' => '/mnt/ddev-global-cache/mkcert/rootCA.pem'
    'DOCKER_IP' => '127.0.0.1'
    'PGPASSWORD' => 'db'
    'CRAFT_WEB_ROOT' => '/var/www/html/web'
    'DDEV_DOCROOT' => 'web'
    'PWD' => '/var/www/html'
    'PLATFORMSH_CLI_UPDATES_CHECK' => '0'
    'DDEV_APPROOT' => '/var/www/html'
    'DDEV_FILES_DIR' => ''
    'START_SCRIPT_TIMEOUT' => '57'
    'APACHE_SITE_TEMPLATE' => '/etc/apache2/apache-site.conf'
    'PHP_INI' => '/etc/php/8.2/fpm/php.ini'
    'DDEV_VERSION' => 'v1.24.10'
    'PRIMARY_SITE_URL' => 'https://derschmuckmacher-v3.ddev.site'
    'TZ' => 'Europe/Zurich'
    'DDEV_XHPROF_MODE' => 'prepend'
    'HTTPS_EXPOSE' => '443:80,8026:8025'
    'COREPACK_HOME' => '/mnt/ddev-global-cache/corepack'
    'CRAFT_DB_DATABASE' => 'db'
    'DDEV_PRIMARY_URL' => 'https://derschmuckmacher-v3.ddev.site'
    'LINES' => '6'
    'DDEV_SITENAME' => 'derschmuckmacher-v3'
    'HOME' => '/home/omar'
    'DRUSH_OPTIONS_URI' => 'https://derschmuckmacher-v3.ddev.site'
    'LANG' => 'C.UTF-8'
    'COLUMNS' => '371'
    'DDEV_MUTAGEN_ENABLED' => 'true'
    'DDEV_USER' => 'omar'
    'PGUSER' => 'db'
    'TERMINUS_CACHE_DIR' => '/mnt/ddev-global-cache/terminus/cache'
    'DDEV_PRIMARY_URL_PORT' => '443'
    'DDEV_ROUTER_HTTP_PORT' => '80'
    'MAILPIT_SMTP_HOSTNAME' => '127.0.0.1'
    'CRAFT_DB_DRIVER' => 'mysql'
    'COMPOSER_PROCESS_TIMEOUT' => '2000'
    'NGINX_SITE_TEMPLATE' => '/etc/nginx/nginx-site.conf'
    'DDEV_FILES_DIRS' => ''
    'CRAFT_DB_SERVER' => 'db'
    'HTTP_EXPOSE' => '80:80,8025:8025'
    'NVM_DIR' => '/home/omar/.nvm'
    'DDEV_PHP_VERSION' => '8.2'
    'DDEV_TLD' => 'ddev.site'
    'DDEV_HOSTNAME' => 'derschmuckmacher-v3.ddev.site'
    'DDEV_PROJECT' => 'derschmuckmacher-v3'
    'DDEV_GOARCH' => 'arm64'
    'VIRTUAL_HOST' => 'derschmuckmacher-v3.ddev.site'
    'TERM' => 'xterm'
    'USER' => 'omar'
    'MYSQL_HISTFILE' => '/mnt/ddev-global-cache/mysqlhistory/derschmuckmacher-v3-web/mysql_history'
    'DDEV_WEB_ENTRYPOINT' => '/mnt/ddev_config/web-entrypoint.d'
    'DDEV_UID' => '501'
    'CAROOT' => '/mnt/ddev-global-cache/mkcert'
    'SHLVL' => '1'
    'COMPOSER_ALLOW_SUPERUSER' => '1'
    'BASH_ENV' => '/etc/bash.nointeractive.bashrc'
    'DDEV_DATABASE' => 'mysql:8.0'
    'PGDATABASE' => 'db'
    'CRAFT_DB_USER' => 'db'
    'DDEV_SCHEME' => 'https'
    'XHPROF_OUTPUT_DIR' => '/tmp/xhprof'
    'COMPOSER_CACHE_DIR' => '/mnt/ddev-global-cache/composer'
    'DDEV_XDEBUG_ENABLED' => 'false'
    'DDEV_DATABASE_FAMILY' => 'mysql'
    'PGHOST' => 'db'
    'DDEV_COMPOSER_ROOT' => '/var/www/html'
    'CRAFT_DB_PASSWORD' => '••'
    'DOCROOT' => 'web'
    'TERMINUS_HIDE_UPDATE_MESSAGE' => '1'
    'PATH' => '/home/omar/bin:/var/www/html/vendor/bin:/usr/local/sbin:/usr/local/bin:/usr/sbin:/usr/bin:/sbin:/bin:/var/www/html/bin:/mnt/ddev-global-cache/global-commands/web'
    'HOST_DOCKER_INTERNAL_IP' => ''
    'DDEV_PROJECT_TYPE' => 'craftcms'
    'DEBIAN_FRONTEND' => 'noninteractive'
    'DDEV_ROUTER_HTTPS_PORT' => '443'
    'EXECIGNORE' => '/var/www/html/vendor/bin/composer'
    'SUPERVISOR_ENABLED' => '1'
    'SUPERVISOR_SERVER_URL' => 'unix:///var/run/supervisor.sock'
    'SUPERVISOR_PROCESS_NAME' => 'php-fpm'
    'SUPERVISOR_GROUP_NAME' => 'php-fpm'
    'HTTP_X_REQUESTED_WITH' => 'XMLHttpRequest'
    'HTTP_X_REGISTERED_JS_FILES' => ''
    'HTTP_X_REGISTERED_ASSET_BUNDLES' => 'e38a2e07,22e517a2,aee7f8dc,26c46c25,e505ffd6,6b4d7555,bb2f10a0,e5e48399,815d39ea,fc0bc163,1ccab40d,1e21896b,54698ee0,b842675b,1c3c9add,4b1fd285,d8d08e47,8f00ce04,8768f48b,cf3018d6,ec6d0256,11858fc6,8550f857,6f12186f,c7a8fe38'
    'HTTP_X_REAL_IP' => '172.18.0.1'
    'HTTP_X_FORWARDED_SERVER' => 'e41c480b8ab1'
    'HTTP_X_FORWARDED_PROTO' => 'https'
    'HTTP_X_FORWARDED_PORT' => '443'
    'HTTP_X_FORWARDED_HOST' => 'derschmuckmacher-v3.ddev.site'
    'HTTP_X_FORWARDED_FOR' => '172.18.0.1'
    'HTTP_X_CSRF_TOKEN' => '••••••••••••••••••••••••••••••••••••••••••••••••••••••••••••••••••••••••••••••••••••••••••••••••••••••••••••••••••••••••••••••••••••••••••••••••••••••••••••••••••••••••••••••••••••••••••••••••••••••••••••••••••••••••••••••••••••••••••••••••••••••••••••••••••••••••••••••••••••••••••••••••••••••••••••••••••••••••••••••••••••••••••••••••••••••••••••••••••••••••••••••••••••••••••••••••••••••••'
    'HTTP_TE' => 'trailers'
    'HTTP_SEC_GPC' => '1'
    'HTTP_SEC_FETCH_SITE' => 'same-origin'
    'HTTP_SEC_FETCH_MODE' => 'cors'
    'HTTP_SEC_FETCH_DEST' => 'empty'
    'HTTP_REFERER' => 'https://derschmuckmacher-v3.ddev.site/dW2axQ3b/dashboard'
    'HTTP_ORIGIN' => 'https://derschmuckmacher-v3.ddev.site'
    'HTTP_COOKIE' => 'a8b7b1ec9ffb8baf2c6eaa253fe57112_username=26b9ec8568da68d3882e55afaa5d203483c6c5810ee05b5a55c8a0eb10cab93ea%3A2%3A%7Bi%3A0%3Bs%3A41%3A%22a8b7b1ec9ffb8baf2c6eaa253fe57112_username%22%3Bi%3A1%3Bs%3A8%3A%22odegiuli%22%3B%7D; cookieconsent_status=dismiss; CraftSessionId=b35dddd4e565f4d4ffa94ae8d41fccd4; CRAFT_CSRF_TOKEN=5f0129e766c1d60a304c5b2b77758ee9859b2cc5fbd195fe80fa71ffc0c670eaa%3A2%3A%7Bi%3A0%3Bs%3A16%3A%22CRAFT_CSRF_TOKEN%22%3Bi%3A1%3Bs%3A147%3A%22ifNE57H486zr3C99fgKlQp266RX2LurQQ_FrgOuv%7Ccfe2656443ababa12bd8531fc6be39c06e85c07ed7c01ad4b06baad274f80ed2ifNE57H486zr3C99fgKlQp266RX2LurQQ_FrgOuv%7C1%22%3B%7D; Craft-3626ffc1-d0a3-42e3-98aa-37e8aa759561_sidebar=collapsed; Craft-3626ffc1-d0a3-42e3-98aa-37e8aa759561_sidebar-details=expanded; a8b7b1ec9ffb8baf2c6eaa253fe57112_identity=e6349c57ab5b864940e4e511c70ca11946a166359cab3b93d66598706834fdd3a%3A2%3A%7Bi%3A0%3Bs%3A41%3A%22a8b7b1ec9ffb8baf2c6eaa253fe57112_identity%22%3Bi%3A1%3Bs%3A159%3A%22%5B1%2C%22%5B%5C%22BGQ0cpqF9J5U2UHE2Gd3Z9T1VjoxIVKidBKaWptv89wzSY8SIUM1AGbox-O35_lmBY9dNsK5GI9p7Umf8Huff1Ihk7_EcLFYLEMP%5C%22%2Cnull%2C%5C%220ef01a0bceeac5b1d0a2b6557bd3d7b1%5C%22%5D%22%2C3600%5D%22%3B%7D'
    'HTTP_ACCEPT_LANGUAGE' => 'de,en-US;q=0.9,en;q=0.8'
    'HTTP_ACCEPT_ENCODING' => 'gzip, deflate, br, zstd'
    'HTTP_ACCEPT' => 'application/json, text/plain, */*'
    'HTTP_CONTENT_LENGTH' => '0'
    'HTTP_USER_AGENT' => 'Mozilla/5.0 (Macintosh; Intel Mac OS X 10.15; rv:150.0) Gecko/20100101 Firefox/150.0'
    'HTTP_HOST' => 'derschmuckmacher-v3.ddev.site'
    'HTTPS' => 'on'
    'REDIRECT_STATUS' => '200'
    'SERVER_NAME' => 'derschmuckmacher-v3.ddev.site'
    'SERVER_PORT' => '80'
    'SERVER_ADDR' => '172.18.0.3'
    'REMOTE_PORT' => '45348'
    'REMOTE_ADDR' => '172.18.0.5'
    'SERVER_SOFTWARE' => 'nginx/1.28.0'
    'GATEWAY_INTERFACE' => 'CGI/1.1'
    'REQUEST_SCHEME' => 'http'
    'SERVER_PROTOCOL' => 'HTTP/1.1'
    'DOCUMENT_ROOT' => '/var/www/html/web'
    'DOCUMENT_URI' => '/index.php'
    'REQUEST_URI' => '/index.php?p=dW2axQ3b%2Factions%2Fqueue%2Frun&v=1777897928403'
    'CONTENT_LENGTH' => '0'
    'CONTENT_TYPE' => ''
    'REQUEST_METHOD' => 'POST'
    'QUERY_STRING' => 'p=dW2axQ3b%2Factions%2Fqueue%2Frun&v=1777897928403'
    'SCRIPT_NAME' => '/index.php'
    'SCRIPT_FILENAME' => '/var/www/html/web/index.php'
    'FCGI_ROLE' => 'RESPONDER'
    'PHP_SELF' => '/index.php'
    'REQUEST_TIME_FLOAT' => 1777897928.4072
    'REQUEST_TIME' => 1777897928
    'CRAFT_APP_ID' => 'CraftCMS--3933bc78-29f5-4b79-bcc5-c31faf0fcd20'
    'CRAFT_ENVIRONMENT' => 'dev'
    'ENVIRONMENT' => 'dev'
    'CRAFT_SECURITY_KEY' => '••••••••••••••••••••••••••••••••'
    'CP_TRIGGER' => 'dW2axQ3b'
    'CRAFT_DB_SCHEMA' => 'public'
    'CRAFT_DB_TABLE_PREFIX' => ''
    'DEV_MODE' => 'true'
    'ALLOW_ADMIN_CHANGES' => 'true'
    'DISALLOW_ROBOTS' => 'true'
    'TIMEZONE' => 'Europe/Zurich'
    'CAPTCHA_SITE_KEY' => '••••••••••••••••••••••••••••••••••••••••'
    'CAPTCHA_SECRET_KEY' => '••••••••••••••••••••••••••••••••••••••••'
    'WEB_URL' => 'https://derschmuckmacher-v3.ddev.site'
    'WEB_ROOT' => '/var/www/html/web'
    'ASSETS_BASE_URL' => 'https://derschmuckmacher-v3.ddev.site/public'
    'ASSETS_BASE_PATH' => '/var/www/html/web/public'
    'SCHMUCK_BASE_URL' => 'https://derschmuckmacher-v3.ddev.site/public/uploads/schmuck'
    'SCHMUCK_BASE_PATH' => '/var/www/html/web/public/uploads/schmuck'
    'BILDER_BASE_URL' => 'https://derschmuckmacher-v3.ddev.site/public/uploads/bilder'
    'BILDER_BASE_PATH' => '/var/www/html/web/public/uploads/bilder'
] {"environment":"dev","userId":1} 
2026-05-04 14:39:52 [queue.INFO] [yii\db\Connection::open] Opening DB connection: mysql:host=db;dbname=db;port=3306 {"memory":1101208} 
2026-05-04 14:39:52 [queue.INFO] [yii\web\Session::open] Session started {"memory":1524008} 
2026-05-04 14:39:52 [queue.INFO] [nystudio107\codeeditor\CodeEditor::bootstrap] CodeEditor module bootstrapped {"memory":1545768} 
2026-05-04 14:39:52 [queue.INFO] [adigital\cookieconsentbanner\CookieConsentBanner::init] Cookie Consent Banner plugin loaded {"memory":1761656} 
2026-05-04 14:39:52 [queue.INFO] [miranj\obfuscator\Obfuscator::init] Obfuscator plugin loaded {"memory":2721616} 
2026-05-04 14:39:52 [queue.INFO] [yii\db\Connection::open] Opening DB connection: mysql:host=db;dbname=db;port=3306 {"memory":2989248} 
2026-05-04 14:39:52 [queue.INFO] [craft\queue\QueueLogBehavior::beforeExec]  [40681] t9n:["app","Updating search indexes"] (attempt: 1, pid: 1925) - Started {"memory":3048000} 
2026-05-04 14:39:52 [queue.INFO] [craft\queue\QueueLogBehavior::afterExec]  [40681] t9n:["app","Updating search indexes"] (attempt: 1, pid: 1925) - Done (time: 0.011s) {"memory":3640008} 
2026-05-04 14:39:52 [queue.INFO] [craft\queue\QueueLogBehavior::beforeExec]  [40682] t9n:["app","Updating search indexes"] (attempt: 1, pid: 1925) - Started {"memory":3648040} 
2026-05-04 14:39:52 [queue.INFO] [craft\queue\QueueLogBehavior::afterExec]  [40682] t9n:["app","Updating search indexes"] (attempt: 1, pid: 1925) - Done (time: 0.001s) {"memory":3750872} 
2026-05-04 14:39:52 [queue.INFO] [craft\queue\QueueLogBehavior::beforeExec]  [40683] t9n:["app","Updating search indexes"] (attempt: 1, pid: 1925) - Started {"memory":3758856} 
2026-05-04 14:39:52 [queue.INFO] [craft\queue\QueueLogBehavior::afterExec]  [40683] t9n:["app","Updating search indexes"] (attempt: 1, pid: 1925) - Done (time: 0.006s) {"memory":4248672} 
2026-05-04 14:39:52 [queue.INFO] [craft\queue\QueueLogBehavior::beforeExec]  [40684] t9n:["app","Updating search indexes"] (attempt: 1, pid: 1925) - Started {"memory":4256656} 
2026-05-04 14:39:52 [queue.INFO] [craft\queue\QueueLogBehavior::afterExec]  [40684] t9n:["app","Updating search indexes"] (attempt: 1, pid: 1925) - Done (time: 0.005s) {"memory":4485512} 
2026-05-04 14:39:52 [queue.INFO] [craft\queue\QueueLogBehavior::beforeExec]  [40685] t9n:["app","Pruning extra revisions"] (attempt: 1, pid: 1925) - Started {"memory":4493496} 
2026-05-04 14:39:52 [queue.INFO] [craft\queue\QueueLogBehavior::afterExec]  [40685] t9n:["app","Pruning extra revisions"] (attempt: 1, pid: 1925) - Done (time: 0.000s) {"memory":4618912} 
2026-05-04 14:39:52 [queue.INFO] [craft\queue\QueueLogBehavior::beforeExec]  [40686] t9n:["app","Pruning extra revisions"] (attempt: 1, pid: 1925) - Started {"memory":4626896} 
2026-05-04 14:39:52 [queue.INFO] [craft\queue\QueueLogBehavior::afterExec]  [40686] t9n:["app","Pruning extra revisions"] (attempt: 1, pid: 1925) - Done (time: 0.001s) {"memory":4719512} 
2026-05-04 14:39:52 [queue.INFO] [application] Request context:
$_GET = [
    'p' => 'dW2axQ3b/actions/queue/run'
    'v' => '1777898392611'
]

$_POST = []

$_FILES = []

$_COOKIE = [
    'a8b7b1ec9ffb8baf2c6eaa253fe57112_username' => '26b9ec8568da68d3882e55afaa5d203483c6c5810ee05b5a55c8a0eb10cab93ea:2:{i:0;s:41:\"a8b7b1ec9ffb8baf2c6eaa253fe57112_username\";i:1;s:8:\"odegiuli\";}'
    'cookieconsent_status' => 'dismiss'
    'CraftSessionId' => 'b35dddd4e565f4d4ffa94ae8d41fccd4'
    'CRAFT_CSRF_TOKEN' => '••••••••••••••••••••••••••••••••••••••••••••••••••••••••••••••••••••••••••••••••••••••••••••••••••••••••••••••••••••••••••••••••••••••••••••••••••••••••••••••••••••••••••••••••••••••••••••••••••••••••••••••••••••••••••••••••••••••••••••••••••••••••••••••••••'
    'Craft-3626ffc1-d0a3-42e3-98aa-37e8aa759561_sidebar' => 'collapsed'
    'Craft-3626ffc1-d0a3-42e3-98aa-37e8aa759561_sidebar-details' => 'expanded'
    'a8b7b1ec9ffb8baf2c6eaa253fe57112_identity' => 'e6349c57ab5b864940e4e511c70ca11946a166359cab3b93d66598706834fdd3a:2:{i:0;s:41:\"a8b7b1ec9ffb8baf2c6eaa253fe57112_identity\";i:1;s:159:\"[1,\"[\\\"BGQ0cpqF9J5U2UHE2Gd3Z9T1VjoxIVKidBKaWptv89wzSY8SIUM1AGbox-O35_lmBY9dNsK5GI9p7Umf8Huff1Ihk7_EcLFYLEMP\\\",null,\\\"0ef01a0bceeac5b1d0a2b6557bd3d7b1\\\"]\",3600]\";}'
]

$_SESSION = [
    '22b6a59deafcfb2ffb13c3adf3d98a3b__flash' => []
    'a8b7b1ec9ffb8baf2c6eaa253fe57112__token' => '••••••••••••••••••••••••••••••••••••••••••••••••••••••••••••••••••••••••••••••••••••••••••••••••••••'
    'a8b7b1ec9ffb8baf2c6eaa253fe57112__id' => 1
    '__authKey' => '••••••••••••••••••••••••••••••••••••••••••••••••••••••••••••••••••••••••••••••••••••••••••••••••••••••••••••••••••••••••••••••••••••••••••••••••'
    'a8b7b1ec9ffb8baf2c6eaa253fe57112__expire' => 1777901992
    '__duration' => 3600
    '__elevated_timeout' => 1777898228
    '22b6a59deafcfb2ffb13c3adf3d98a3b__auth_access' => [
        0 => 'previewElement:8689'
        1 => 'saveAssets:856a3aeb-b21b-4d41-af3f-0a23db430323'
        2 => 'manageNestedElements::8755::field:kacheln'
        3 => 'previewDraft:1026'
    ]
]

$_SERVER = [
    'DEPLOY_NAME' => 'local'
    'DDEV_WEBSERVER_TYPE' => 'nginx-fpm'
    'npm_config_cache' => '/mnt/ddev-global-cache/npm'
    'COREPACK_ENABLE_DOWNLOAD_PROMPT' => '0'
    'DDEV_GOOS' => 'darwin'
    'IS_DDEV_PROJECT' => 'true'
    'PHP_DEFAULT_VERSION' => '8.3'
    'HOSTNAME' => 'derschmuckmacher-v3-web'
    'MAILPIT_SMTP_PORT' => '1025'
    'MH_SMTP_BIND_ADDR' => '127.0.0.1:1025'
    'DDEV_PRIMARY_URL_WITHOUT_PORT' => 'https://derschmuckmacher-v3.ddev.site'
    'CRAFT_DB_PORT' => '3306'
    'SSH_AUTH_SOCK' => '/home/.ssh-agent/socket'
    'DDEV_GID' => '20'
    'NODE_EXTRA_CA_CERTS' => '/mnt/ddev-global-cache/mkcert/rootCA.pem'
    'DOCKER_IP' => '127.0.0.1'
    'PGPASSWORD' => 'db'
    'CRAFT_WEB_ROOT' => '/var/www/html/web'
    'DDEV_DOCROOT' => 'web'
    'PWD' => '/var/www/html'
    'PLATFORMSH_CLI_UPDATES_CHECK' => '0'
    'DDEV_APPROOT' => '/var/www/html'
    'DDEV_FILES_DIR' => ''
    'START_SCRIPT_TIMEOUT' => '57'
    'APACHE_SITE_TEMPLATE' => '/etc/apache2/apache-site.conf'
    'PHP_INI' => '/etc/php/8.2/fpm/php.ini'
    'DDEV_VERSION' => 'v1.24.10'
    'PRIMARY_SITE_URL' => 'https://derschmuckmacher-v3.ddev.site'
    'TZ' => 'Europe/Zurich'
    'DDEV_XHPROF_MODE' => 'prepend'
    'HTTPS_EXPOSE' => '443:80,8026:8025'
    'COREPACK_HOME' => '/mnt/ddev-global-cache/corepack'
    'CRAFT_DB_DATABASE' => 'db'
    'DDEV_PRIMARY_URL' => 'https://derschmuckmacher-v3.ddev.site'
    'LINES' => '6'
    'DDEV_SITENAME' => 'derschmuckmacher-v3'
    'HOME' => '/home/omar'
    'DRUSH_OPTIONS_URI' => 'https://derschmuckmacher-v3.ddev.site'
    'LANG' => 'C.UTF-8'
    'COLUMNS' => '371'
    'DDEV_MUTAGEN_ENABLED' => 'true'
    'DDEV_USER' => 'omar'
    'PGUSER' => 'db'
    'TERMINUS_CACHE_DIR' => '/mnt/ddev-global-cache/terminus/cache'
    'DDEV_PRIMARY_URL_PORT' => '443'
    'DDEV_ROUTER_HTTP_PORT' => '80'
    'MAILPIT_SMTP_HOSTNAME' => '127.0.0.1'
    'CRAFT_DB_DRIVER' => 'mysql'
    'COMPOSER_PROCESS_TIMEOUT' => '2000'
    'NGINX_SITE_TEMPLATE' => '/etc/nginx/nginx-site.conf'
    'DDEV_FILES_DIRS' => ''
    'CRAFT_DB_SERVER' => 'db'
    'HTTP_EXPOSE' => '80:80,8025:8025'
    'NVM_DIR' => '/home/omar/.nvm'
    'DDEV_PHP_VERSION' => '8.2'
    'DDEV_TLD' => 'ddev.site'
    'DDEV_HOSTNAME' => 'derschmuckmacher-v3.ddev.site'
    'DDEV_PROJECT' => 'derschmuckmacher-v3'
    'DDEV_GOARCH' => 'arm64'
    'VIRTUAL_HOST' => 'derschmuckmacher-v3.ddev.site'
    'TERM' => 'xterm'
    'USER' => 'omar'
    'MYSQL_HISTFILE' => '/mnt/ddev-global-cache/mysqlhistory/derschmuckmacher-v3-web/mysql_history'
    'DDEV_WEB_ENTRYPOINT' => '/mnt/ddev_config/web-entrypoint.d'
    'DDEV_UID' => '501'
    'CAROOT' => '/mnt/ddev-global-cache/mkcert'
    'SHLVL' => '1'
    'COMPOSER_ALLOW_SUPERUSER' => '1'
    'BASH_ENV' => '/etc/bash.nointeractive.bashrc'
    'DDEV_DATABASE' => 'mysql:8.0'
    'PGDATABASE' => 'db'
    'CRAFT_DB_USER' => 'db'
    'DDEV_SCHEME' => 'https'
    'XHPROF_OUTPUT_DIR' => '/tmp/xhprof'
    'COMPOSER_CACHE_DIR' => '/mnt/ddev-global-cache/composer'
    'DDEV_XDEBUG_ENABLED' => 'false'
    'DDEV_DATABASE_FAMILY' => 'mysql'
    'PGHOST' => 'db'
    'DDEV_COMPOSER_ROOT' => '/var/www/html'
    'CRAFT_DB_PASSWORD' => '••'
    'DOCROOT' => 'web'
    'TERMINUS_HIDE_UPDATE_MESSAGE' => '1'
    'PATH' => '/home/omar/bin:/var/www/html/vendor/bin:/usr/local/sbin:/usr/local/bin:/usr/sbin:/usr/bin:/sbin:/bin:/var/www/html/bin:/mnt/ddev-global-cache/global-commands/web'
    'HOST_DOCKER_INTERNAL_IP' => ''
    'DDEV_PROJECT_TYPE' => 'craftcms'
    'DEBIAN_FRONTEND' => 'noninteractive'
    'DDEV_ROUTER_HTTPS_PORT' => '443'
    'EXECIGNORE' => '/var/www/html/vendor/bin/composer'
    'SUPERVISOR_ENABLED' => '1'
    'SUPERVISOR_SERVER_URL' => 'unix:///var/run/supervisor.sock'
    'SUPERVISOR_PROCESS_NAME' => 'php-fpm'
    'SUPERVISOR_GROUP_NAME' => 'php-fpm'
    'HTTP_X_REQUESTED_WITH' => 'XMLHttpRequest'
    'HTTP_X_REGISTERED_JS_FILES' => ''
    'HTTP_X_REGISTERED_ASSET_BUNDLES' => '22e517a2,aee7f8dc,26c46c25,e505ffd6,6b4d7555,bb2f10a0,e5e48399,815d39ea,fc0bc163,1ccab40d,1e21896b,54698ee0,b842675b,1c3c9add,4b1fd285,d8d08e47,8f00ce04,8768f48b,cf3018d6,ec6d0256'
    'HTTP_X_REAL_IP' => '172.18.0.1'
    'HTTP_X_FORWARDED_SERVER' => 'e41c480b8ab1'
    'HTTP_X_FORWARDED_PROTO' => 'https'
    'HTTP_X_FORWARDED_PORT' => '443'
    'HTTP_X_FORWARDED_HOST' => 'derschmuckmacher-v3.ddev.site'
    'HTTP_X_FORWARDED_FOR' => '172.18.0.1'
    'HTTP_X_CSRF_TOKEN' => '••••••••••••••••••••••••••••••••••••••••••••••••••••••••••••••••••••••••••••••••••••••••••••••••••••••••••••••••••••••••••••••••••••••••••••••••••••••••••••••••••••••••••••••••••••••••••••••••••••••••••••••••••••••••••••••••••••••••••••••••••••••••••••••••••••••••••••••••••••••••••••••••••••••••••••••••••••••••••••••••••••••••••••••••••••••••••••••••••••••••••••••••••••••••••••••••••••••••'
    'HTTP_TE' => 'trailers'
    'HTTP_SEC_GPC' => '1'
    'HTTP_SEC_FETCH_SITE' => 'same-origin'
    'HTTP_SEC_FETCH_MODE' => 'cors'
    'HTTP_SEC_FETCH_DEST' => 'empty'
    'HTTP_REFERER' => 'https://derschmuckmacher-v3.ddev.site/dW2axQ3b/content/entries/singles?source=singles'
    'HTTP_ORIGIN' => 'https://derschmuckmacher-v3.ddev.site'
    'HTTP_COOKIE' => 'a8b7b1ec9ffb8baf2c6eaa253fe57112_username=26b9ec8568da68d3882e55afaa5d203483c6c5810ee05b5a55c8a0eb10cab93ea%3A2%3A%7Bi%3A0%3Bs%3A41%3A%22a8b7b1ec9ffb8baf2c6eaa253fe57112_username%22%3Bi%3A1%3Bs%3A8%3A%22odegiuli%22%3B%7D; cookieconsent_status=dismiss; CraftSessionId=b35dddd4e565f4d4ffa94ae8d41fccd4; CRAFT_CSRF_TOKEN=5f0129e766c1d60a304c5b2b77758ee9859b2cc5fbd195fe80fa71ffc0c670eaa%3A2%3A%7Bi%3A0%3Bs%3A16%3A%22CRAFT_CSRF_TOKEN%22%3Bi%3A1%3Bs%3A147%3A%22ifNE57H486zr3C99fgKlQp266RX2LurQQ_FrgOuv%7Ccfe2656443ababa12bd8531fc6be39c06e85c07ed7c01ad4b06baad274f80ed2ifNE57H486zr3C99fgKlQp266RX2LurQQ_FrgOuv%7C1%22%3B%7D; Craft-3626ffc1-d0a3-42e3-98aa-37e8aa759561_sidebar=collapsed; Craft-3626ffc1-d0a3-42e3-98aa-37e8aa759561_sidebar-details=expanded; a8b7b1ec9ffb8baf2c6eaa253fe57112_identity=e6349c57ab5b864940e4e511c70ca11946a166359cab3b93d66598706834fdd3a%3A2%3A%7Bi%3A0%3Bs%3A41%3A%22a8b7b1ec9ffb8baf2c6eaa253fe57112_identity%22%3Bi%3A1%3Bs%3A159%3A%22%5B1%2C%22%5B%5C%22BGQ0cpqF9J5U2UHE2Gd3Z9T1VjoxIVKidBKaWptv89wzSY8SIUM1AGbox-O35_lmBY9dNsK5GI9p7Umf8Huff1Ihk7_EcLFYLEMP%5C%22%2Cnull%2C%5C%220ef01a0bceeac5b1d0a2b6557bd3d7b1%5C%22%5D%22%2C3600%5D%22%3B%7D'
    'HTTP_ACCEPT_LANGUAGE' => 'de,en-US;q=0.9,en;q=0.8'
    'HTTP_ACCEPT_ENCODING' => 'gzip, deflate, br, zstd'
    'HTTP_ACCEPT' => 'application/json, text/plain, */*'
    'HTTP_CONTENT_LENGTH' => '0'
    'HTTP_USER_AGENT' => 'Mozilla/5.0 (Macintosh; Intel Mac OS X 10.15; rv:150.0) Gecko/20100101 Firefox/150.0'
    'HTTP_HOST' => 'derschmuckmacher-v3.ddev.site'
    'HTTPS' => 'on'
    'REDIRECT_STATUS' => '200'
    'SERVER_NAME' => 'derschmuckmacher-v3.ddev.site'
    'SERVER_PORT' => '80'
    'SERVER_ADDR' => '172.18.0.3'
    'REMOTE_PORT' => '33126'
    'REMOTE_ADDR' => '172.18.0.5'
    'SERVER_SOFTWARE' => 'nginx/1.28.0'
    'GATEWAY_INTERFACE' => 'CGI/1.1'
    'REQUEST_SCHEME' => 'http'
    'SERVER_PROTOCOL' => 'HTTP/1.1'
    'DOCUMENT_ROOT' => '/var/www/html/web'
    'DOCUMENT_URI' => '/index.php'
    'REQUEST_URI' => '/index.php?p=dW2axQ3b%2Factions%2Fqueue%2Frun&v=1777898392611'
    'CONTENT_LENGTH' => '0'
    'CONTENT_TYPE' => ''
    'REQUEST_METHOD' => 'POST'
    'QUERY_STRING' => 'p=dW2axQ3b%2Factions%2Fqueue%2Frun&v=1777898392611'
    'SCRIPT_NAME' => '/index.php'
    'SCRIPT_FILENAME' => '/var/www/html/web/index.php'
    'FCGI_ROLE' => 'RESPONDER'
    'PHP_SELF' => '/index.php'
    'REQUEST_TIME_FLOAT' => 1777898392.6132
    'REQUEST_TIME' => 1777898392
    'CRAFT_APP_ID' => 'CraftCMS--3933bc78-29f5-4b79-bcc5-c31faf0fcd20'
    'CRAFT_ENVIRONMENT' => 'dev'
    'ENVIRONMENT' => 'dev'
    'CRAFT_SECURITY_KEY' => '••••••••••••••••••••••••••••••••'
    'CP_TRIGGER' => 'dW2axQ3b'
    'CRAFT_DB_SCHEMA' => 'public'
    'CRAFT_DB_TABLE_PREFIX' => ''
    'DEV_MODE' => 'true'
    'ALLOW_ADMIN_CHANGES' => 'true'
    'DISALLOW_ROBOTS' => 'true'
    'TIMEZONE' => 'Europe/Zurich'
    'CAPTCHA_SITE_KEY' => '••••••••••••••••••••••••••••••••••••••••'
    'CAPTCHA_SECRET_KEY' => '••••••••••••••••••••••••••••••••••••••••'
    'WEB_URL' => 'https://derschmuckmacher-v3.ddev.site'
    'WEB_ROOT' => '/var/www/html/web'
    'ASSETS_BASE_URL' => 'https://derschmuckmacher-v3.ddev.site/public'
    'ASSETS_BASE_PATH' => '/var/www/html/web/public'
    'SCHMUCK_BASE_URL' => 'https://derschmuckmacher-v3.ddev.site/public/uploads/schmuck'
    'SCHMUCK_BASE_PATH' => '/var/www/html/web/public/uploads/schmuck'
    'BILDER_BASE_URL' => 'https://derschmuckmacher-v3.ddev.site/public/uploads/bilder'
    'BILDER_BASE_PATH' => '/var/www/html/web/public/uploads/bilder'
] {"environment":"dev","userId":1} 
2026-05-04 14:41:38 [queue.INFO] [yii\db\Connection::open] Opening DB connection: mysql:host=db;dbname=db;port=3306 {"memory":1101208} 
2026-05-04 14:41:38 [queue.INFO] [yii\web\Session::open] Session started {"memory":1524184} 
2026-05-04 14:41:38 [queue.INFO] [nystudio107\codeeditor\CodeEditor::bootstrap] CodeEditor module bootstrapped {"memory":1545944} 
2026-05-04 14:41:38 [queue.INFO] [adigital\cookieconsentbanner\CookieConsentBanner::init] Cookie Consent Banner plugin loaded {"memory":1761832} 
2026-05-04 14:41:38 [queue.INFO] [miranj\obfuscator\Obfuscator::init] Obfuscator plugin loaded {"memory":2721792} 
2026-05-04 14:41:38 [queue.INFO] [yii\db\Connection::open] Opening DB connection: mysql:host=db;dbname=db;port=3306 {"memory":2989424} 
2026-05-04 14:41:38 [queue.INFO] [craft\queue\QueueLogBehavior::beforeExec]  [40687] t9n:["app","Updating search indexes"] (attempt: 1, pid: 1925) - Started {"memory":3048176} 
2026-05-04 14:41:38 [queue.INFO] [craft\queue\QueueLogBehavior::afterExec]  [40687] t9n:["app","Updating search indexes"] (attempt: 1, pid: 1925) - Done (time: 0.011s) {"memory":3640184} 
2026-05-04 14:41:38 [queue.INFO] [craft\queue\QueueLogBehavior::beforeExec]  [40688] t9n:["app","Updating search indexes"] (attempt: 1, pid: 1925) - Started {"memory":3648216} 
2026-05-04 14:41:38 [queue.INFO] [craft\queue\QueueLogBehavior::afterExec]  [40688] t9n:["app","Updating search indexes"] (attempt: 1, pid: 1925) - Done (time: 0.001s) {"memory":3751048} 
2026-05-04 14:41:38 [queue.INFO] [craft\queue\QueueLogBehavior::beforeExec]  [40689] t9n:["app","Updating search indexes"] (attempt: 1, pid: 1925) - Started {"memory":3759032} 
2026-05-04 14:41:38 [queue.INFO] [craft\queue\QueueLogBehavior::afterExec]  [40689] t9n:["app","Updating search indexes"] (attempt: 1, pid: 1925) - Done (time: 0.004s) {"memory":4248464} 
2026-05-04 14:41:38 [queue.INFO] [craft\queue\QueueLogBehavior::beforeExec]  [40690] t9n:["app","Updating search indexes"] (attempt: 1, pid: 1925) - Started {"memory":4256448} 
2026-05-04 14:41:38 [queue.INFO] [craft\queue\QueueLogBehavior::afterExec]  [40690] t9n:["app","Updating search indexes"] (attempt: 1, pid: 1925) - Done (time: 0.003s) {"memory":4485488} 
2026-05-04 14:41:38 [queue.INFO] [craft\queue\QueueLogBehavior::beforeExec]  [40691] t9n:["app","Pruning extra revisions"] (attempt: 1, pid: 1925) - Started {"memory":4493472} 
2026-05-04 14:41:38 [queue.INFO] [craft\queue\QueueLogBehavior::afterExec]  [40691] t9n:["app","Pruning extra revisions"] (attempt: 1, pid: 1925) - Done (time: 0.000s) {"memory":4618888} 
2026-05-04 14:41:38 [queue.INFO] [craft\queue\QueueLogBehavior::beforeExec]  [40692] t9n:["app","Pruning extra revisions"] (attempt: 1, pid: 1925) - Started {"memory":4626872} 
2026-05-04 14:41:38 [queue.INFO] [craft\queue\QueueLogBehavior::afterExec]  [40692] t9n:["app","Pruning extra revisions"] (attempt: 1, pid: 1925) - Done (time: 0.001s) {"memory":4719488} 
2026-05-04 14:41:38 [queue.INFO] [application] Request context:
$_GET = [
    'p' => 'dW2axQ3b/actions/queue/run'
    'v' => '1777898498793'
]

$_POST = []

$_FILES = []

$_COOKIE = [
    'a8b7b1ec9ffb8baf2c6eaa253fe57112_username' => '26b9ec8568da68d3882e55afaa5d203483c6c5810ee05b5a55c8a0eb10cab93ea:2:{i:0;s:41:\"a8b7b1ec9ffb8baf2c6eaa253fe57112_username\";i:1;s:8:\"odegiuli\";}'
    'cookieconsent_status' => 'dismiss'
    'CraftSessionId' => 'b35dddd4e565f4d4ffa94ae8d41fccd4'
    'CRAFT_CSRF_TOKEN' => '••••••••••••••••••••••••••••••••••••••••••••••••••••••••••••••••••••••••••••••••••••••••••••••••••••••••••••••••••••••••••••••••••••••••••••••••••••••••••••••••••••••••••••••••••••••••••••••••••••••••••••••••••••••••••••••••••••••••••••••••••••••••••••••••••'
    'Craft-3626ffc1-d0a3-42e3-98aa-37e8aa759561_sidebar' => 'collapsed'
    'Craft-3626ffc1-d0a3-42e3-98aa-37e8aa759561_sidebar-details' => 'expanded'
    'a8b7b1ec9ffb8baf2c6eaa253fe57112_identity' => 'e6349c57ab5b864940e4e511c70ca11946a166359cab3b93d66598706834fdd3a:2:{i:0;s:41:\"a8b7b1ec9ffb8baf2c6eaa253fe57112_identity\";i:1;s:159:\"[1,\"[\\\"BGQ0cpqF9J5U2UHE2Gd3Z9T1VjoxIVKidBKaWptv89wzSY8SIUM1AGbox-O35_lmBY9dNsK5GI9p7Umf8Huff1Ihk7_EcLFYLEMP\\\",null,\\\"0ef01a0bceeac5b1d0a2b6557bd3d7b1\\\"]\",3600]\";}'
]

$_SESSION = [
    '22b6a59deafcfb2ffb13c3adf3d98a3b__flash' => []
    'a8b7b1ec9ffb8baf2c6eaa253fe57112__token' => '••••••••••••••••••••••••••••••••••••••••••••••••••••••••••••••••••••••••••••••••••••••••••••••••••••'
    'a8b7b1ec9ffb8baf2c6eaa253fe57112__id' => 1
    '__authKey' => '••••••••••••••••••••••••••••••••••••••••••••••••••••••••••••••••••••••••••••••••••••••••••••••••••••••••••••••••••••••••••••••••••••••••••••••••'
    'a8b7b1ec9ffb8baf2c6eaa253fe57112__expire' => 1777902098
    '__duration' => 3600
    '__elevated_timeout' => 1777898228
    '22b6a59deafcfb2ffb13c3adf3d98a3b__auth_access' => [
        0 => 'previewElement:8689'
        1 => 'saveAssets:856a3aeb-b21b-4d41-af3f-0a23db430323'
        2 => 'manageNestedElements::8755::field:kacheln'
        3 => 'previewDraft:1026'
        4 => 'previewDraft:1028'
    ]
]

$_SERVER = [
    'DEPLOY_NAME' => 'local'
    'DDEV_WEBSERVER_TYPE' => 'nginx-fpm'
    'npm_config_cache' => '/mnt/ddev-global-cache/npm'
    'COREPACK_ENABLE_DOWNLOAD_PROMPT' => '0'
    'DDEV_GOOS' => 'darwin'
    'IS_DDEV_PROJECT' => 'true'
    'PHP_DEFAULT_VERSION' => '8.3'
    'HOSTNAME' => 'derschmuckmacher-v3-web'
    'MAILPIT_SMTP_PORT' => '1025'
    'MH_SMTP_BIND_ADDR' => '127.0.0.1:1025'
    'DDEV_PRIMARY_URL_WITHOUT_PORT' => 'https://derschmuckmacher-v3.ddev.site'
    'CRAFT_DB_PORT' => '3306'
    'SSH_AUTH_SOCK' => '/home/.ssh-agent/socket'
    'DDEV_GID' => '20'
    'NODE_EXTRA_CA_CERTS' => '/mnt/ddev-global-cache/mkcert/rootCA.pem'
    'DOCKER_IP' => '127.0.0.1'
    'PGPASSWORD' => 'db'
    'CRAFT_WEB_ROOT' => '/var/www/html/web'
    'DDEV_DOCROOT' => 'web'
    'PWD' => '/var/www/html'
    'PLATFORMSH_CLI_UPDATES_CHECK' => '0'
    'DDEV_APPROOT' => '/var/www/html'
    'DDEV_FILES_DIR' => ''
    'START_SCRIPT_TIMEOUT' => '57'
    'APACHE_SITE_TEMPLATE' => '/etc/apache2/apache-site.conf'
    'PHP_INI' => '/etc/php/8.2/fpm/php.ini'
    'DDEV_VERSION' => 'v1.24.10'
    'PRIMARY_SITE_URL' => 'https://derschmuckmacher-v3.ddev.site'
    'TZ' => 'Europe/Zurich'
    'DDEV_XHPROF_MODE' => 'prepend'
    'HTTPS_EXPOSE' => '443:80,8026:8025'
    'COREPACK_HOME' => '/mnt/ddev-global-cache/corepack'
    'CRAFT_DB_DATABASE' => 'db'
    'DDEV_PRIMARY_URL' => 'https://derschmuckmacher-v3.ddev.site'
    'LINES' => '6'
    'DDEV_SITENAME' => 'derschmuckmacher-v3'
    'HOME' => '/home/omar'
    'DRUSH_OPTIONS_URI' => 'https://derschmuckmacher-v3.ddev.site'
    'LANG' => 'C.UTF-8'
    'COLUMNS' => '371'
    'DDEV_MUTAGEN_ENABLED' => 'true'
    'DDEV_USER' => 'omar'
    'PGUSER' => 'db'
    'TERMINUS_CACHE_DIR' => '/mnt/ddev-global-cache/terminus/cache'
    'DDEV_PRIMARY_URL_PORT' => '443'
    'DDEV_ROUTER_HTTP_PORT' => '80'
    'MAILPIT_SMTP_HOSTNAME' => '127.0.0.1'
    'CRAFT_DB_DRIVER' => 'mysql'
    'COMPOSER_PROCESS_TIMEOUT' => '2000'
    'NGINX_SITE_TEMPLATE' => '/etc/nginx/nginx-site.conf'
    'DDEV_FILES_DIRS' => ''
    'CRAFT_DB_SERVER' => 'db'
    'HTTP_EXPOSE' => '80:80,8025:8025'
    'NVM_DIR' => '/home/omar/.nvm'
    'DDEV_PHP_VERSION' => '8.2'
    'DDEV_TLD' => 'ddev.site'
    'DDEV_HOSTNAME' => 'derschmuckmacher-v3.ddev.site'
    'DDEV_PROJECT' => 'derschmuckmacher-v3'
    'DDEV_GOARCH' => 'arm64'
    'VIRTUAL_HOST' => 'derschmuckmacher-v3.ddev.site'
    'TERM' => 'xterm'
    'USER' => 'omar'
    'MYSQL_HISTFILE' => '/mnt/ddev-global-cache/mysqlhistory/derschmuckmacher-v3-web/mysql_history'
    'DDEV_WEB_ENTRYPOINT' => '/mnt/ddev_config/web-entrypoint.d'
    'DDEV_UID' => '501'
    'CAROOT' => '/mnt/ddev-global-cache/mkcert'
    'SHLVL' => '1'
    'COMPOSER_ALLOW_SUPERUSER' => '1'
    'BASH_ENV' => '/etc/bash.nointeractive.bashrc'
    'DDEV_DATABASE' => 'mysql:8.0'
    'PGDATABASE' => 'db'
    'CRAFT_DB_USER' => 'db'
    'DDEV_SCHEME' => 'https'
    'XHPROF_OUTPUT_DIR' => '/tmp/xhprof'
    'COMPOSER_CACHE_DIR' => '/mnt/ddev-global-cache/composer'
    'DDEV_XDEBUG_ENABLED' => 'false'
    'DDEV_DATABASE_FAMILY' => 'mysql'
    'PGHOST' => 'db'
    'DDEV_COMPOSER_ROOT' => '/var/www/html'
    'CRAFT_DB_PASSWORD' => '••'
    'DOCROOT' => 'web'
    'TERMINUS_HIDE_UPDATE_MESSAGE' => '1'
    'PATH' => '/home/omar/bin:/var/www/html/vendor/bin:/usr/local/sbin:/usr/local/bin:/usr/sbin:/usr/bin:/sbin:/bin:/var/www/html/bin:/mnt/ddev-global-cache/global-commands/web'
    'HOST_DOCKER_INTERNAL_IP' => ''
    'DDEV_PROJECT_TYPE' => 'craftcms'
    'DEBIAN_FRONTEND' => 'noninteractive'
    'DDEV_ROUTER_HTTPS_PORT' => '443'
    'EXECIGNORE' => '/var/www/html/vendor/bin/composer'
    'SUPERVISOR_ENABLED' => '1'
    'SUPERVISOR_SERVER_URL' => 'unix:///var/run/supervisor.sock'
    'SUPERVISOR_PROCESS_NAME' => 'php-fpm'
    'SUPERVISOR_GROUP_NAME' => 'php-fpm'
    'HTTP_X_REQUESTED_WITH' => 'XMLHttpRequest'
    'HTTP_X_REGISTERED_JS_FILES' => ''
    'HTTP_X_REGISTERED_ASSET_BUNDLES' => '22e517a2,aee7f8dc,26c46c25,e505ffd6,6b4d7555,bb2f10a0,e5e48399,815d39ea,fc0bc163,1ccab40d,1e21896b,54698ee0,b842675b,1c3c9add,4b1fd285,d8d08e47,8f00ce04,8768f48b,cf3018d6,ec6d0256'
    'HTTP_X_REAL_IP' => '172.18.0.1'
    'HTTP_X_FORWARDED_SERVER' => 'e41c480b8ab1'
    'HTTP_X_FORWARDED_PROTO' => 'https'
    'HTTP_X_FORWARDED_PORT' => '443'
    'HTTP_X_FORWARDED_HOST' => 'derschmuckmacher-v3.ddev.site'
    'HTTP_X_FORWARDED_FOR' => '172.18.0.1'
    'HTTP_X_CSRF_TOKEN' => '••••••••••••••••••••••••••••••••••••••••••••••••••••••••••••••••••••••••••••••••••••••••••••••••••••••••••••••••••••••••••••••••••••••••••••••••••••••••••••••••••••••••••••••••••••••••••••••••••••••••••••••••••••••••••••••••••••••••••••••••••••••••••••••••••••••••••••••••••••••••••••••••••••••••••••••••••••••••••••••••••••••••••••••••••••••••••••••••••••••••••••••••••••••••••••••••••••••••'
    'HTTP_TE' => 'trailers'
    'HTTP_SEC_GPC' => '1'
    'HTTP_SEC_FETCH_SITE' => 'same-origin'
    'HTTP_SEC_FETCH_MODE' => 'cors'
    'HTTP_SEC_FETCH_DEST' => 'empty'
    'HTTP_REFERER' => 'https://derschmuckmacher-v3.ddev.site/dW2axQ3b/content/entries/singles?source=singles'
    'HTTP_ORIGIN' => 'https://derschmuckmacher-v3.ddev.site'
    'HTTP_COOKIE' => 'a8b7b1ec9ffb8baf2c6eaa253fe57112_username=26b9ec8568da68d3882e55afaa5d203483c6c5810ee05b5a55c8a0eb10cab93ea%3A2%3A%7Bi%3A0%3Bs%3A41%3A%22a8b7b1ec9ffb8baf2c6eaa253fe57112_username%22%3Bi%3A1%3Bs%3A8%3A%22odegiuli%22%3B%7D; cookieconsent_status=dismiss; CraftSessionId=b35dddd4e565f4d4ffa94ae8d41fccd4; CRAFT_CSRF_TOKEN=5f0129e766c1d60a304c5b2b77758ee9859b2cc5fbd195fe80fa71ffc0c670eaa%3A2%3A%7Bi%3A0%3Bs%3A16%3A%22CRAFT_CSRF_TOKEN%22%3Bi%3A1%3Bs%3A147%3A%22ifNE57H486zr3C99fgKlQp266RX2LurQQ_FrgOuv%7Ccfe2656443ababa12bd8531fc6be39c06e85c07ed7c01ad4b06baad274f80ed2ifNE57H486zr3C99fgKlQp266RX2LurQQ_FrgOuv%7C1%22%3B%7D; Craft-3626ffc1-d0a3-42e3-98aa-37e8aa759561_sidebar=collapsed; Craft-3626ffc1-d0a3-42e3-98aa-37e8aa759561_sidebar-details=expanded; a8b7b1ec9ffb8baf2c6eaa253fe57112_identity=e6349c57ab5b864940e4e511c70ca11946a166359cab3b93d66598706834fdd3a%3A2%3A%7Bi%3A0%3Bs%3A41%3A%22a8b7b1ec9ffb8baf2c6eaa253fe57112_identity%22%3Bi%3A1%3Bs%3A159%3A%22%5B1%2C%22%5B%5C%22BGQ0cpqF9J5U2UHE2Gd3Z9T1VjoxIVKidBKaWptv89wzSY8SIUM1AGbox-O35_lmBY9dNsK5GI9p7Umf8Huff1Ihk7_EcLFYLEMP%5C%22%2Cnull%2C%5C%220ef01a0bceeac5b1d0a2b6557bd3d7b1%5C%22%5D%22%2C3600%5D%22%3B%7D'
    'HTTP_ACCEPT_LANGUAGE' => 'de,en-US;q=0.9,en;q=0.8'
    'HTTP_ACCEPT_ENCODING' => 'gzip, deflate, br, zstd'
    'HTTP_ACCEPT' => 'application/json, text/plain, */*'
    'HTTP_CONTENT_LENGTH' => '0'
    'HTTP_USER_AGENT' => 'Mozilla/5.0 (Macintosh; Intel Mac OS X 10.15; rv:150.0) Gecko/20100101 Firefox/150.0'
    'HTTP_HOST' => 'derschmuckmacher-v3.ddev.site'
    'HTTPS' => 'on'
    'REDIRECT_STATUS' => '200'
    'SERVER_NAME' => 'derschmuckmacher-v3.ddev.site'
    'SERVER_PORT' => '80'
    'SERVER_ADDR' => '172.18.0.3'
    'REMOTE_PORT' => '41728'
    'REMOTE_ADDR' => '172.18.0.5'
    'SERVER_SOFTWARE' => 'nginx/1.28.0'
    'GATEWAY_INTERFACE' => 'CGI/1.1'
    'REQUEST_SCHEME' => 'http'
    'SERVER_PROTOCOL' => 'HTTP/1.1'
    'DOCUMENT_ROOT' => '/var/www/html/web'
    'DOCUMENT_URI' => '/index.php'
    'REQUEST_URI' => '/index.php?p=dW2axQ3b%2Factions%2Fqueue%2Frun&v=1777898498793'
    'CONTENT_LENGTH' => '0'
    'CONTENT_TYPE' => ''
    'REQUEST_METHOD' => 'POST'
    'QUERY_STRING' => 'p=dW2axQ3b%2Factions%2Fqueue%2Frun&v=1777898498793'
    'SCRIPT_NAME' => '/index.php'
    'SCRIPT_FILENAME' => '/var/www/html/web/index.php'
    'FCGI_ROLE' => 'RESPONDER'
    'PHP_SELF' => '/index.php'
    'REQUEST_TIME_FLOAT' => 1777898498.7956
    'REQUEST_TIME' => 1777898498
    'CRAFT_APP_ID' => 'CraftCMS--3933bc78-29f5-4b79-bcc5-c31faf0fcd20'
    'CRAFT_ENVIRONMENT' => 'dev'
    'ENVIRONMENT' => 'dev'
    'CRAFT_SECURITY_KEY' => '••••••••••••••••••••••••••••••••'
    'CP_TRIGGER' => 'dW2axQ3b'
    'CRAFT_DB_SCHEMA' => 'public'
    'CRAFT_DB_TABLE_PREFIX' => ''
    'DEV_MODE' => 'true'
    'ALLOW_ADMIN_CHANGES' => 'true'
    'DISALLOW_ROBOTS' => 'true'
    'TIMEZONE' => 'Europe/Zurich'
    'CAPTCHA_SITE_KEY' => '••••••••••••••••••••••••••••••••••••••••'
    'CAPTCHA_SECRET_KEY' => '••••••••••••••••••••••••••••••••••••••••'
    'WEB_URL' => 'https://derschmuckmacher-v3.ddev.site'
    'WEB_ROOT' => '/var/www/html/web'
    'ASSETS_BASE_URL' => 'https://derschmuckmacher-v3.ddev.site/public'
    'ASSETS_BASE_PATH' => '/var/www/html/web/public'
    'SCHMUCK_BASE_URL' => 'https://derschmuckmacher-v3.ddev.site/public/uploads/schmuck'
    'SCHMUCK_BASE_PATH' => '/var/www/html/web/public/uploads/schmuck'
    'BILDER_BASE_URL' => 'https://derschmuckmacher-v3.ddev.site/public/uploads/bilder'
    'BILDER_BASE_PATH' => '/var/www/html/web/public/uploads/bilder'
] {"environment":"dev","userId":1} 
2026-05-04 14:45:04 [queue.INFO] [yii\db\Connection::open] Opening DB connection: mysql:host=db;dbname=db;port=3306 {"memory":1101272} 
2026-05-04 14:45:04 [queue.INFO] [yii\web\Session::open] Session started {"memory":1524328} 
2026-05-04 14:45:04 [queue.INFO] [nystudio107\codeeditor\CodeEditor::bootstrap] CodeEditor module bootstrapped {"memory":1546088} 
2026-05-04 14:45:04 [queue.INFO] [adigital\cookieconsentbanner\CookieConsentBanner::init] Cookie Consent Banner plugin loaded {"memory":1762080} 
2026-05-04 14:45:04 [queue.INFO] [miranj\obfuscator\Obfuscator::init] Obfuscator plugin loaded {"memory":2722040} 
2026-05-04 14:45:04 [queue.INFO] [yii\db\Connection::open] Opening DB connection: mysql:host=db;dbname=db;port=3306 {"memory":2989672} 
2026-05-04 14:45:04 [queue.INFO] [craft\queue\QueueLogBehavior::beforeExec]  [40693] t9n:["app","Updating search indexes"] (attempt: 1, pid: 1660) - Started {"memory":3048424} 
2026-05-04 14:45:04 [queue.INFO] [craft\queue\QueueLogBehavior::afterExec]  [40693] t9n:["app","Updating search indexes"] (attempt: 1, pid: 1660) - Done (time: 0.010s) {"memory":3640432} 
2026-05-04 14:45:04 [queue.INFO] [craft\queue\QueueLogBehavior::beforeExec]  [40694] t9n:["app","Updating search indexes"] (attempt: 1, pid: 1660) - Started {"memory":3648464} 
2026-05-04 14:45:04 [queue.INFO] [craft\queue\QueueLogBehavior::afterExec]  [40694] t9n:["app","Updating search indexes"] (attempt: 1, pid: 1660) - Done (time: 0.001s) {"memory":3751296} 
2026-05-04 14:45:04 [queue.INFO] [craft\queue\QueueLogBehavior::beforeExec]  [40695] t9n:["app","Updating search indexes"] (attempt: 1, pid: 1660) - Started {"memory":3759280} 
2026-05-04 14:45:04 [queue.INFO] [craft\queue\QueueLogBehavior::afterExec]  [40695] t9n:["app","Updating search indexes"] (attempt: 1, pid: 1660) - Done (time: 0.000s) {"memory":3760704} 
2026-05-04 14:45:04 [queue.INFO] [craft\queue\QueueLogBehavior::beforeExec]  [40696] t9n:["app","Updating search indexes"] (attempt: 1, pid: 1660) - Started {"memory":3773104} 
2026-05-04 14:45:04 [queue.INFO] [craft\queue\QueueLogBehavior::afterExec]  [40696] t9n:["app","Updating search indexes"] (attempt: 1, pid: 1660) - Done (time: 0.000s) {"memory":3774528} 
2026-05-04 14:45:04 [queue.INFO] [craft\queue\QueueLogBehavior::beforeExec]  [40697] t9n:["app","Updating search indexes"] (attempt: 1, pid: 1660) - Started {"memory":3782512} 
2026-05-04 14:45:04 [queue.INFO] [craft\queue\QueueLogBehavior::afterExec]  [40697] t9n:["app","Updating search indexes"] (attempt: 1, pid: 1660) - Done (time: 0.005s) {"memory":4267528} 
2026-05-04 14:45:04 [queue.INFO] [craft\queue\QueueLogBehavior::beforeExec]  [40698] t9n:["app","Updating search indexes"] (attempt: 1, pid: 1660) - Started {"memory":4275512} 
2026-05-04 14:45:04 [queue.INFO] [craft\queue\QueueLogBehavior::afterExec]  [40698] t9n:["app","Updating search indexes"] (attempt: 1, pid: 1660) - Done (time: 0.003s) {"memory":4504568} 
2026-05-04 14:45:04 [queue.INFO] [craft\queue\QueueLogBehavior::beforeExec]  [40699] t9n:["app","Pruning extra revisions"] (attempt: 1, pid: 1660) - Started {"memory":4512552} 
2026-05-04 14:45:04 [queue.INFO] [craft\queue\QueueLogBehavior::afterExec]  [40699] t9n:["app","Pruning extra revisions"] (attempt: 1, pid: 1660) - Done (time: 0.000s) {"memory":4637968} 
2026-05-04 14:45:04 [queue.INFO] [craft\queue\QueueLogBehavior::beforeExec]  [40700] t9n:["app","Pruning extra revisions"] (attempt: 1, pid: 1660) - Started {"memory":4645952} 
2026-05-04 14:45:04 [queue.INFO] [craft\queue\QueueLogBehavior::afterExec]  [40700] t9n:["app","Pruning extra revisions"] (attempt: 1, pid: 1660) - Done (time: 0.000s) {"memory":4738568} 
2026-05-04 14:45:04 [queue.INFO] [application] Request context:
$_GET = [
    'p' => 'dW2axQ3b/actions/queue/run'
    'v' => '1777898704230'
]

$_POST = []

$_FILES = []

$_COOKIE = [
    'a8b7b1ec9ffb8baf2c6eaa253fe57112_username' => '26b9ec8568da68d3882e55afaa5d203483c6c5810ee05b5a55c8a0eb10cab93ea:2:{i:0;s:41:\"a8b7b1ec9ffb8baf2c6eaa253fe57112_username\";i:1;s:8:\"odegiuli\";}'
    'cookieconsent_status' => 'dismiss'
    'CraftSessionId' => 'b35dddd4e565f4d4ffa94ae8d41fccd4'
    'CRAFT_CSRF_TOKEN' => '••••••••••••••••••••••••••••••••••••••••••••••••••••••••••••••••••••••••••••••••••••••••••••••••••••••••••••••••••••••••••••••••••••••••••••••••••••••••••••••••••••••••••••••••••••••••••••••••••••••••••••••••••••••••••••••••••••••••••••••••••••••••••••••••••'
    'Craft-3626ffc1-d0a3-42e3-98aa-37e8aa759561_sidebar' => 'collapsed'
    'Craft-3626ffc1-d0a3-42e3-98aa-37e8aa759561_sidebar-details' => 'expanded'
    'a8b7b1ec9ffb8baf2c6eaa253fe57112_identity' => 'e6349c57ab5b864940e4e511c70ca11946a166359cab3b93d66598706834fdd3a:2:{i:0;s:41:\"a8b7b1ec9ffb8baf2c6eaa253fe57112_identity\";i:1;s:159:\"[1,\"[\\\"BGQ0cpqF9J5U2UHE2Gd3Z9T1VjoxIVKidBKaWptv89wzSY8SIUM1AGbox-O35_lmBY9dNsK5GI9p7Umf8Huff1Ihk7_EcLFYLEMP\\\",null,\\\"0ef01a0bceeac5b1d0a2b6557bd3d7b1\\\"]\",3600]\";}'
]

$_SESSION = [
    '22b6a59deafcfb2ffb13c3adf3d98a3b__flash' => []
    'a8b7b1ec9ffb8baf2c6eaa253fe57112__token' => '••••••••••••••••••••••••••••••••••••••••••••••••••••••••••••••••••••••••••••••••••••••••••••••••••••'
    'a8b7b1ec9ffb8baf2c6eaa253fe57112__id' => 1
    '__authKey' => '••••••••••••••••••••••••••••••••••••••••••••••••••••••••••••••••••••••••••••••••••••••••••••••••••••••••••••••••••••••••••••••••••••••••••••••••'
    'a8b7b1ec9ffb8baf2c6eaa253fe57112__expire' => 1777902304
    '__duration' => 3600
    '__elevated_timeout' => 1777898228
    '22b6a59deafcfb2ffb13c3adf3d98a3b__auth_access' => [
        0 => 'previewElement:8689'
        1 => 'saveAssets:856a3aeb-b21b-4d41-af3f-0a23db430323'
        2 => 'manageNestedElements::8755::field:kacheln'
        3 => 'previewDraft:1026'
        4 => 'previewDraft:1028'
        5 => 'previewDraft:1030'
    ]
]

$_SERVER = [
    'DEPLOY_NAME' => 'local'
    'DDEV_WEBSERVER_TYPE' => 'nginx-fpm'
    'npm_config_cache' => '/mnt/ddev-global-cache/npm'
    'COREPACK_ENABLE_DOWNLOAD_PROMPT' => '0'
    'DDEV_GOOS' => 'darwin'
    'IS_DDEV_PROJECT' => 'true'
    'PHP_DEFAULT_VERSION' => '8.3'
    'HOSTNAME' => 'derschmuckmacher-v3-web'
    'MAILPIT_SMTP_PORT' => '1025'
    'MH_SMTP_BIND_ADDR' => '127.0.0.1:1025'
    'DDEV_PRIMARY_URL_WITHOUT_PORT' => 'https://derschmuckmacher-v3.ddev.site'
    'CRAFT_DB_PORT' => '3306'
    'SSH_AUTH_SOCK' => '/home/.ssh-agent/socket'
    'DDEV_GID' => '20'
    'NODE_EXTRA_CA_CERTS' => '/mnt/ddev-global-cache/mkcert/rootCA.pem'
    'DOCKER_IP' => '127.0.0.1'
    'PGPASSWORD' => 'db'
    'CRAFT_WEB_ROOT' => '/var/www/html/web'
    'DDEV_DOCROOT' => 'web'
    'PWD' => '/var/www/html'
    'PLATFORMSH_CLI_UPDATES_CHECK' => '0'
    'DDEV_APPROOT' => '/var/www/html'
    'DDEV_FILES_DIR' => ''
    'START_SCRIPT_TIMEOUT' => '57'
    'APACHE_SITE_TEMPLATE' => '/etc/apache2/apache-site.conf'
    'PHP_INI' => '/etc/php/8.2/fpm/php.ini'
    'DDEV_VERSION' => 'v1.24.10'
    'PRIMARY_SITE_URL' => 'https://derschmuckmacher-v3.ddev.site'
    'TZ' => 'Europe/Zurich'
    'DDEV_XHPROF_MODE' => 'prepend'
    'HTTPS_EXPOSE' => '443:80,8026:8025'
    'COREPACK_HOME' => '/mnt/ddev-global-cache/corepack'
    'CRAFT_DB_DATABASE' => 'db'
    'DDEV_PRIMARY_URL' => 'https://derschmuckmacher-v3.ddev.site'
    'LINES' => '6'
    'DDEV_SITENAME' => 'derschmuckmacher-v3'
    'HOME' => '/home/omar'
    'DRUSH_OPTIONS_URI' => 'https://derschmuckmacher-v3.ddev.site'
    'LANG' => 'C.UTF-8'
    'COLUMNS' => '371'
    'DDEV_MUTAGEN_ENABLED' => 'true'
    'DDEV_USER' => 'omar'
    'PGUSER' => 'db'
    'TERMINUS_CACHE_DIR' => '/mnt/ddev-global-cache/terminus/cache'
    'DDEV_PRIMARY_URL_PORT' => '443'
    'DDEV_ROUTER_HTTP_PORT' => '80'
    'MAILPIT_SMTP_HOSTNAME' => '127.0.0.1'
    'CRAFT_DB_DRIVER' => 'mysql'
    'COMPOSER_PROCESS_TIMEOUT' => '2000'
    'NGINX_SITE_TEMPLATE' => '/etc/nginx/nginx-site.conf'
    'DDEV_FILES_DIRS' => ''
    'CRAFT_DB_SERVER' => 'db'
    'HTTP_EXPOSE' => '80:80,8025:8025'
    'NVM_DIR' => '/home/omar/.nvm'
    'DDEV_PHP_VERSION' => '8.2'
    'DDEV_TLD' => 'ddev.site'
    'DDEV_HOSTNAME' => 'derschmuckmacher-v3.ddev.site'
    'DDEV_PROJECT' => 'derschmuckmacher-v3'
    'DDEV_GOARCH' => 'arm64'
    'VIRTUAL_HOST' => 'derschmuckmacher-v3.ddev.site'
    'TERM' => 'xterm'
    'USER' => 'omar'
    'MYSQL_HISTFILE' => '/mnt/ddev-global-cache/mysqlhistory/derschmuckmacher-v3-web/mysql_history'
    'DDEV_WEB_ENTRYPOINT' => '/mnt/ddev_config/web-entrypoint.d'
    'DDEV_UID' => '501'
    'CAROOT' => '/mnt/ddev-global-cache/mkcert'
    'SHLVL' => '1'
    'COMPOSER_ALLOW_SUPERUSER' => '1'
    'BASH_ENV' => '/etc/bash.nointeractive.bashrc'
    'DDEV_DATABASE' => 'mysql:8.0'
    'PGDATABASE' => 'db'
    'CRAFT_DB_USER' => 'db'
    'DDEV_SCHEME' => 'https'
    'XHPROF_OUTPUT_DIR' => '/tmp/xhprof'
    'COMPOSER_CACHE_DIR' => '/mnt/ddev-global-cache/composer'
    'DDEV_XDEBUG_ENABLED' => 'false'
    'DDEV_DATABASE_FAMILY' => 'mysql'
    'PGHOST' => 'db'
    'DDEV_COMPOSER_ROOT' => '/var/www/html'
    'CRAFT_DB_PASSWORD' => '••'
    'DOCROOT' => 'web'
    'TERMINUS_HIDE_UPDATE_MESSAGE' => '1'
    'PATH' => '/home/omar/bin:/var/www/html/vendor/bin:/usr/local/sbin:/usr/local/bin:/usr/sbin:/usr/bin:/sbin:/bin:/var/www/html/bin:/mnt/ddev-global-cache/global-commands/web'
    'HOST_DOCKER_INTERNAL_IP' => ''
    'DDEV_PROJECT_TYPE' => 'craftcms'
    'DEBIAN_FRONTEND' => 'noninteractive'
    'DDEV_ROUTER_HTTPS_PORT' => '443'
    'EXECIGNORE' => '/var/www/html/vendor/bin/composer'
    'SUPERVISOR_ENABLED' => '1'
    'SUPERVISOR_SERVER_URL' => 'unix:///var/run/supervisor.sock'
    'SUPERVISOR_PROCESS_NAME' => 'php-fpm'
    'SUPERVISOR_GROUP_NAME' => 'php-fpm'
    'HTTP_X_REQUESTED_WITH' => 'XMLHttpRequest'
    'HTTP_X_REGISTERED_JS_FILES' => ''
    'HTTP_X_REGISTERED_ASSET_BUNDLES' => '815d39ea,92d8701,22e517a2,aee7f8dc,26c46c25,e505ffd6,6b4d7555,bb2f10a0,e5e48399,fc0bc163,1ccab40d,1e21896b,54698ee0,b842675b,1c3c9add,4b1fd285,d8d08e47,8f00ce04,8768f48b,cf3018d6,ec6d0256,e7c1329,75f47f25'
    'HTTP_X_REAL_IP' => '172.18.0.1'
    'HTTP_X_FORWARDED_SERVER' => 'e41c480b8ab1'
    'HTTP_X_FORWARDED_PROTO' => 'https'
    'HTTP_X_FORWARDED_PORT' => '443'
    'HTTP_X_FORWARDED_HOST' => 'derschmuckmacher-v3.ddev.site'
    'HTTP_X_FORWARDED_FOR' => '172.18.0.1'
    'HTTP_X_CSRF_TOKEN' => '••••••••••••••••••••••••••••••••••••••••••••••••••••••••••••••••••••••••••••••••••••••••••••••••••••••••••••••••••••••••••••••••••••••••••••••••••••••••••••••••••••••••••••••••••••••••••••••••••••••••••••••••••••••••••••••••••••••••••••••••••••••••••••••••••••••••••••••••••••••••••••••••••••••••••••••••••••••••••••••••••••••••••••••••••••••••••••••••••••••••••••••••••••••••••••••••••••••••'
    'HTTP_TE' => 'trailers'
    'HTTP_SEC_GPC' => '1'
    'HTTP_SEC_FETCH_SITE' => 'same-origin'
    'HTTP_SEC_FETCH_MODE' => 'cors'
    'HTTP_SEC_FETCH_DEST' => 'empty'
    'HTTP_REFERER' => 'https://derschmuckmacher-v3.ddev.site/dW2axQ3b/content/entries/singles/8689-startseite'
    'HTTP_ORIGIN' => 'https://derschmuckmacher-v3.ddev.site'
    'HTTP_COOKIE' => 'a8b7b1ec9ffb8baf2c6eaa253fe57112_username=26b9ec8568da68d3882e55afaa5d203483c6c5810ee05b5a55c8a0eb10cab93ea%3A2%3A%7Bi%3A0%3Bs%3A41%3A%22a8b7b1ec9ffb8baf2c6eaa253fe57112_username%22%3Bi%3A1%3Bs%3A8%3A%22odegiuli%22%3B%7D; cookieconsent_status=dismiss; CraftSessionId=b35dddd4e565f4d4ffa94ae8d41fccd4; CRAFT_CSRF_TOKEN=5f0129e766c1d60a304c5b2b77758ee9859b2cc5fbd195fe80fa71ffc0c670eaa%3A2%3A%7Bi%3A0%3Bs%3A16%3A%22CRAFT_CSRF_TOKEN%22%3Bi%3A1%3Bs%3A147%3A%22ifNE57H486zr3C99fgKlQp266RX2LurQQ_FrgOuv%7Ccfe2656443ababa12bd8531fc6be39c06e85c07ed7c01ad4b06baad274f80ed2ifNE57H486zr3C99fgKlQp266RX2LurQQ_FrgOuv%7C1%22%3B%7D; Craft-3626ffc1-d0a3-42e3-98aa-37e8aa759561_sidebar=collapsed; Craft-3626ffc1-d0a3-42e3-98aa-37e8aa759561_sidebar-details=expanded; a8b7b1ec9ffb8baf2c6eaa253fe57112_identity=e6349c57ab5b864940e4e511c70ca11946a166359cab3b93d66598706834fdd3a%3A2%3A%7Bi%3A0%3Bs%3A41%3A%22a8b7b1ec9ffb8baf2c6eaa253fe57112_identity%22%3Bi%3A1%3Bs%3A159%3A%22%5B1%2C%22%5B%5C%22BGQ0cpqF9J5U2UHE2Gd3Z9T1VjoxIVKidBKaWptv89wzSY8SIUM1AGbox-O35_lmBY9dNsK5GI9p7Umf8Huff1Ihk7_EcLFYLEMP%5C%22%2Cnull%2C%5C%220ef01a0bceeac5b1d0a2b6557bd3d7b1%5C%22%5D%22%2C3600%5D%22%3B%7D'
    'HTTP_ACCEPT_LANGUAGE' => 'de,en-US;q=0.9,en;q=0.8'
    'HTTP_ACCEPT_ENCODING' => 'gzip, deflate, br, zstd'
    'HTTP_ACCEPT' => 'application/json, text/plain, */*'
    'HTTP_CONTENT_LENGTH' => '0'
    'HTTP_USER_AGENT' => 'Mozilla/5.0 (Macintosh; Intel Mac OS X 10.15; rv:150.0) Gecko/20100101 Firefox/150.0'
    'HTTP_HOST' => 'derschmuckmacher-v3.ddev.site'
    'HTTPS' => 'on'
    'REDIRECT_STATUS' => '200'
    'SERVER_NAME' => 'derschmuckmacher-v3.ddev.site'
    'SERVER_PORT' => '80'
    'SERVER_ADDR' => '172.18.0.3'
    'REMOTE_PORT' => '33524'
    'REMOTE_ADDR' => '172.18.0.5'
    'SERVER_SOFTWARE' => 'nginx/1.28.0'
    'GATEWAY_INTERFACE' => 'CGI/1.1'
    'REQUEST_SCHEME' => 'http'
    'SERVER_PROTOCOL' => 'HTTP/1.1'
    'DOCUMENT_ROOT' => '/var/www/html/web'
    'DOCUMENT_URI' => '/index.php'
    'REQUEST_URI' => '/index.php?p=dW2axQ3b%2Factions%2Fqueue%2Frun&v=1777898704230'
    'CONTENT_LENGTH' => '0'
    'CONTENT_TYPE' => ''
    'REQUEST_METHOD' => 'POST'
    'QUERY_STRING' => 'p=dW2axQ3b%2Factions%2Fqueue%2Frun&v=1777898704230'
    'SCRIPT_NAME' => '/index.php'
    'SCRIPT_FILENAME' => '/var/www/html/web/index.php'
    'FCGI_ROLE' => 'RESPONDER'
    'PHP_SELF' => '/index.php'
    'REQUEST_TIME_FLOAT' => 1777898704.267
    'REQUEST_TIME' => 1777898704
    'CRAFT_APP_ID' => 'CraftCMS--3933bc78-29f5-4b79-bcc5-c31faf0fcd20'
    'CRAFT_ENVIRONMENT' => 'dev'
    'ENVIRONMENT' => 'dev'
    'CRAFT_SECURITY_KEY' => '••••••••••••••••••••••••••••••••'
    'CP_TRIGGER' => 'dW2axQ3b'
    'CRAFT_DB_SCHEMA' => 'public'
    'CRAFT_DB_TABLE_PREFIX' => ''
    'DEV_MODE' => 'true'
    'ALLOW_ADMIN_CHANGES' => 'true'
    'DISALLOW_ROBOTS' => 'true'
    'TIMEZONE' => 'Europe/Zurich'
    'CAPTCHA_SITE_KEY' => '••••••••••••••••••••••••••••••••••••••••'
    'CAPTCHA_SECRET_KEY' => '••••••••••••••••••••••••••••••••••••••••'
    'WEB_URL' => 'https://derschmuckmacher-v3.ddev.site'
    'WEB_ROOT' => '/var/www/html/web'
    'ASSETS_BASE_URL' => 'https://derschmuckmacher-v3.ddev.site/public'
    'ASSETS_BASE_PATH' => '/var/www/html/web/public'
    'SCHMUCK_BASE_URL' => 'https://derschmuckmacher-v3.ddev.site/public/uploads/schmuck'
    'SCHMUCK_BASE_PATH' => '/var/www/html/web/public/uploads/schmuck'
    'BILDER_BASE_URL' => 'https://derschmuckmacher-v3.ddev.site/public/uploads/bilder'
    'BILDER_BASE_PATH' => '/var/www/html/web/public/uploads/bilder'
] {"environment":"dev","userId":1} 
2026-05-04 15:18:27 [queue.INFO] [yii\db\Connection::open] Opening DB connection: mysql:host=db;dbname=db;port=3306 {"memory":1101272} 
2026-05-04 15:18:27 [queue.INFO] [yii\web\Session::open] Session started {"memory":1524328} 
2026-05-04 15:18:27 [queue.INFO] [nystudio107\codeeditor\CodeEditor::bootstrap] CodeEditor module bootstrapped {"memory":1546088} 
2026-05-04 15:18:27 [queue.INFO] [adigital\cookieconsentbanner\CookieConsentBanner::init] Cookie Consent Banner plugin loaded {"memory":1762080} 
2026-05-04 15:18:27 [queue.INFO] [miranj\obfuscator\Obfuscator::init] Obfuscator plugin loaded {"memory":2722040} 
2026-05-04 15:18:27 [queue.INFO] [yii\db\Connection::open] Opening DB connection: mysql:host=db;dbname=db;port=3306 {"memory":2989672} 
2026-05-04 15:18:27 [queue.INFO] [craft\queue\QueueLogBehavior::beforeExec]  [40701] Freeform: Purging Old Notification Logs (attempt: 1, pid: 1662) - Started {"memory":3047704} 
2026-05-04 15:18:27 [queue.INFO] [craft\queue\QueueLogBehavior::afterExec]  [40701] Freeform: Purging Old Notification Logs (attempt: 1, pid: 1662) - Done (time: 0.001s) {"memory":3066088} 
2026-05-04 15:18:27 [queue.INFO] [craft\queue\QueueLogBehavior::beforeExec]  [40702] Freeform: Unfertige Dateien löschen (attempt: 1, pid: 1662) - Started {"memory":3238232} 
2026-05-04 15:18:27 [queue.INFO] [craft\queue\QueueLogBehavior::afterExec]  [40702] Freeform: Unfertige Dateien löschen (attempt: 1, pid: 1662) - Done (time: 0.001s) {"memory":3242256} 
2026-05-04 15:18:27 [queue.INFO] [application] Request context:
$_GET = [
    'p' => 'dW2axQ3b/actions/queue/run'
    'v' => '1777900707582'
]

$_POST = []

$_FILES = []

$_COOKIE = [
    'a8b7b1ec9ffb8baf2c6eaa253fe57112_username' => '26b9ec8568da68d3882e55afaa5d203483c6c5810ee05b5a55c8a0eb10cab93ea:2:{i:0;s:41:\"a8b7b1ec9ffb8baf2c6eaa253fe57112_username\";i:1;s:8:\"odegiuli\";}'
    'cookieconsent_status' => 'dismiss'
    'CraftSessionId' => 'b35dddd4e565f4d4ffa94ae8d41fccd4'
    'CRAFT_CSRF_TOKEN' => '••••••••••••••••••••••••••••••••••••••••••••••••••••••••••••••••••••••••••••••••••••••••••••••••••••••••••••••••••••••••••••••••••••••••••••••••••••••••••••••••••••••••••••••••••••••••••••••••••••••••••••••••••••••••••••••••••••••••••••••••••••••••••••••••••'
    'Craft-3626ffc1-d0a3-42e3-98aa-37e8aa759561_sidebar' => 'expanded'
    'Craft-3626ffc1-d0a3-42e3-98aa-37e8aa759561_sidebar-details' => 'expanded'
    'a8b7b1ec9ffb8baf2c6eaa253fe57112_identity' => 'e6349c57ab5b864940e4e511c70ca11946a166359cab3b93d66598706834fdd3a:2:{i:0;s:41:\"a8b7b1ec9ffb8baf2c6eaa253fe57112_identity\";i:1;s:159:\"[1,\"[\\\"BGQ0cpqF9J5U2UHE2Gd3Z9T1VjoxIVKidBKaWptv89wzSY8SIUM1AGbox-O35_lmBY9dNsK5GI9p7Umf8Huff1Ihk7_EcLFYLEMP\\\",null,\\\"0ef01a0bceeac5b1d0a2b6557bd3d7b1\\\"]\",3600]\";}'
]

$_SESSION = [
    'a8b7b1ec9ffb8baf2c6eaa253fe57112__token' => '••••••••••••••••••••••••••••••••••••••••••••••••••••••••••••••••••••••••••••••••••••••••••••••••••••'
    'a8b7b1ec9ffb8baf2c6eaa253fe57112__id' => 1
    '__authKey' => '••••••••••••••••••••••••••••••••••••••••••••••••••••••••••••••••••••••••••••••••••••••••••••••••••••••••••••••••••••••••••••••••••••••••••••••••'
    'a8b7b1ec9ffb8baf2c6eaa253fe57112__expire' => 1777904307
    '__duration' => 3600
    '__elevated_timeout' => 1777898228
    '22b6a59deafcfb2ffb13c3adf3d98a3b__auth_access' => [
        0 => 'previewElement:8689'
        1 => 'saveAssets:856a3aeb-b21b-4d41-af3f-0a23db430323'
        2 => 'manageNestedElements::8755::field:kacheln'
        3 => 'previewDraft:1026'
        4 => 'previewDraft:1028'
        5 => 'previewDraft:1030'
    ]
    '22b6a59deafcfb2ffb13c3adf3d98a3b__flash' => []
]

$_SERVER = [
    'DEPLOY_NAME' => 'local'
    'DDEV_WEBSERVER_TYPE' => 'nginx-fpm'
    'npm_config_cache' => '/mnt/ddev-global-cache/npm'
    'COREPACK_ENABLE_DOWNLOAD_PROMPT' => '0'
    'DDEV_GOOS' => 'darwin'
    'IS_DDEV_PROJECT' => 'true'
    'PHP_DEFAULT_VERSION' => '8.3'
    'HOSTNAME' => 'derschmuckmacher-v3-web'
    'MAILPIT_SMTP_PORT' => '1025'
    'MH_SMTP_BIND_ADDR' => '127.0.0.1:1025'
    'DDEV_PRIMARY_URL_WITHOUT_PORT' => 'https://derschmuckmacher-v3.ddev.site'
    'CRAFT_DB_PORT' => '3306'
    'SSH_AUTH_SOCK' => '/home/.ssh-agent/socket'
    'DDEV_GID' => '20'
    'NODE_EXTRA_CA_CERTS' => '/mnt/ddev-global-cache/mkcert/rootCA.pem'
    'DOCKER_IP' => '127.0.0.1'
    'PGPASSWORD' => 'db'
    'CRAFT_WEB_ROOT' => '/var/www/html/web'
    'DDEV_DOCROOT' => 'web'
    'PWD' => '/var/www/html'
    'PLATFORMSH_CLI_UPDATES_CHECK' => '0'
    'DDEV_APPROOT' => '/var/www/html'
    'DDEV_FILES_DIR' => ''
    'START_SCRIPT_TIMEOUT' => '57'
    'APACHE_SITE_TEMPLATE' => '/etc/apache2/apache-site.conf'
    'PHP_INI' => '/etc/php/8.2/fpm/php.ini'
    'DDEV_VERSION' => 'v1.24.10'
    'PRIMARY_SITE_URL' => 'https://derschmuckmacher-v3.ddev.site'
    'TZ' => 'Europe/Zurich'
    'DDEV_XHPROF_MODE' => 'prepend'
    'HTTPS_EXPOSE' => '443:80,8026:8025'
    'COREPACK_HOME' => '/mnt/ddev-global-cache/corepack'
    'CRAFT_DB_DATABASE' => 'db'
    'DDEV_PRIMARY_URL' => 'https://derschmuckmacher-v3.ddev.site'
    'LINES' => '6'
    'DDEV_SITENAME' => 'derschmuckmacher-v3'
    'HOME' => '/home/omar'
    'DRUSH_OPTIONS_URI' => 'https://derschmuckmacher-v3.ddev.site'
    'LANG' => 'C.UTF-8'
    'COLUMNS' => '371'
    'DDEV_MUTAGEN_ENABLED' => 'true'
    'DDEV_USER' => 'omar'
    'PGUSER' => 'db'
    'TERMINUS_CACHE_DIR' => '/mnt/ddev-global-cache/terminus/cache'
    'DDEV_PRIMARY_URL_PORT' => '443'
    'DDEV_ROUTER_HTTP_PORT' => '80'
    'MAILPIT_SMTP_HOSTNAME' => '127.0.0.1'
    'CRAFT_DB_DRIVER' => 'mysql'
    'COMPOSER_PROCESS_TIMEOUT' => '2000'
    'NGINX_SITE_TEMPLATE' => '/etc/nginx/nginx-site.conf'
    'DDEV_FILES_DIRS' => ''
    'CRAFT_DB_SERVER' => 'db'
    'HTTP_EXPOSE' => '80:80,8025:8025'
    'NVM_DIR' => '/home/omar/.nvm'
    'DDEV_PHP_VERSION' => '8.2'
    'DDEV_TLD' => 'ddev.site'
    'DDEV_HOSTNAME' => 'derschmuckmacher-v3.ddev.site'
    'DDEV_PROJECT' => 'derschmuckmacher-v3'
    'DDEV_GOARCH' => 'arm64'
    'VIRTUAL_HOST' => 'derschmuckmacher-v3.ddev.site'
    'TERM' => 'xterm'
    'USER' => 'omar'
    'MYSQL_HISTFILE' => '/mnt/ddev-global-cache/mysqlhistory/derschmuckmacher-v3-web/mysql_history'
    'DDEV_WEB_ENTRYPOINT' => '/mnt/ddev_config/web-entrypoint.d'
    'DDEV_UID' => '501'
    'CAROOT' => '/mnt/ddev-global-cache/mkcert'
    'SHLVL' => '1'
    'COMPOSER_ALLOW_SUPERUSER' => '1'
    'BASH_ENV' => '/etc/bash.nointeractive.bashrc'
    'DDEV_DATABASE' => 'mysql:8.0'
    'PGDATABASE' => 'db'
    'CRAFT_DB_USER' => 'db'
    'DDEV_SCHEME' => 'https'
    'XHPROF_OUTPUT_DIR' => '/tmp/xhprof'
    'COMPOSER_CACHE_DIR' => '/mnt/ddev-global-cache/composer'
    'DDEV_XDEBUG_ENABLED' => 'false'
    'DDEV_DATABASE_FAMILY' => 'mysql'
    'PGHOST' => 'db'
    'DDEV_COMPOSER_ROOT' => '/var/www/html'
    'CRAFT_DB_PASSWORD' => '••'
    'DOCROOT' => 'web'
    'TERMINUS_HIDE_UPDATE_MESSAGE' => '1'
    'PATH' => '/home/omar/bin:/var/www/html/vendor/bin:/usr/local/sbin:/usr/local/bin:/usr/sbin:/usr/bin:/sbin:/bin:/var/www/html/bin:/mnt/ddev-global-cache/global-commands/web'
    'HOST_DOCKER_INTERNAL_IP' => ''
    'DDEV_PROJECT_TYPE' => 'craftcms'
    'DEBIAN_FRONTEND' => 'noninteractive'
    'DDEV_ROUTER_HTTPS_PORT' => '443'
    'EXECIGNORE' => '/var/www/html/vendor/bin/composer'
    'SUPERVISOR_ENABLED' => '1'
    'SUPERVISOR_SERVER_URL' => 'unix:///var/run/supervisor.sock'
    'SUPERVISOR_PROCESS_NAME' => 'php-fpm'
    'SUPERVISOR_GROUP_NAME' => 'php-fpm'
    'HTTP_X_REQUESTED_WITH' => 'XMLHttpRequest'
    'HTTP_X_REGISTERED_JS_FILES' => ''
    'HTTP_X_REGISTERED_ASSET_BUNDLES' => '815d39ea,92d8701,22e517a2,aee7f8dc,26c46c25,e505ffd6,6b4d7555,bb2f10a0,e5e48399,fc0bc163,1ccab40d,1e21896b,54698ee0,b842675b,1c3c9add,4b1fd285,d8d08e47,8f00ce04,8768f48b,cf3018d6,ec6d0256,e7c1329,75f47f25'
    'HTTP_X_REAL_IP' => '172.18.0.1'
    'HTTP_X_FORWARDED_SERVER' => 'e41c480b8ab1'
    'HTTP_X_FORWARDED_PROTO' => 'https'
    'HTTP_X_FORWARDED_PORT' => '443'
    'HTTP_X_FORWARDED_HOST' => 'derschmuckmacher-v3.ddev.site'
    'HTTP_X_FORWARDED_FOR' => '172.18.0.1'
    'HTTP_X_CSRF_TOKEN' => '••••••••••••••••••••••••••••••••••••••••••••••••••••••••••••••••••••••••••••••••••••••••••••••••••••••••••••••••••••••••••••••••••••••••••••••••••••••••••••••••••••••••••••••••••••••••••••••••••••••••••••••••••••••••••••••••••••••••••••••••••••••••••••••••••••••••••••••••••••••••••••••••••••••••••••••••••••••••••••••••••••••••••••••••••••••••••••••••••••••••••••••••••••••••••••••••••••••••'
    'HTTP_TE' => 'trailers'
    'HTTP_SEC_GPC' => '1'
    'HTTP_SEC_FETCH_SITE' => 'same-origin'
    'HTTP_SEC_FETCH_MODE' => 'cors'
    'HTTP_SEC_FETCH_DEST' => 'empty'
    'HTTP_REFERER' => 'https://derschmuckmacher-v3.ddev.site/dW2axQ3b/content/entries/singles/8689-startseite'
    'HTTP_ORIGIN' => 'https://derschmuckmacher-v3.ddev.site'
    'HTTP_COOKIE' => 'a8b7b1ec9ffb8baf2c6eaa253fe57112_username=26b9ec8568da68d3882e55afaa5d203483c6c5810ee05b5a55c8a0eb10cab93ea%3A2%3A%7Bi%3A0%3Bs%3A41%3A%22a8b7b1ec9ffb8baf2c6eaa253fe57112_username%22%3Bi%3A1%3Bs%3A8%3A%22odegiuli%22%3B%7D; cookieconsent_status=dismiss; CraftSessionId=b35dddd4e565f4d4ffa94ae8d41fccd4; CRAFT_CSRF_TOKEN=5f0129e766c1d60a304c5b2b77758ee9859b2cc5fbd195fe80fa71ffc0c670eaa%3A2%3A%7Bi%3A0%3Bs%3A16%3A%22CRAFT_CSRF_TOKEN%22%3Bi%3A1%3Bs%3A147%3A%22ifNE57H486zr3C99fgKlQp266RX2LurQQ_FrgOuv%7Ccfe2656443ababa12bd8531fc6be39c06e85c07ed7c01ad4b06baad274f80ed2ifNE57H486zr3C99fgKlQp266RX2LurQQ_FrgOuv%7C1%22%3B%7D; Craft-3626ffc1-d0a3-42e3-98aa-37e8aa759561_sidebar=expanded; Craft-3626ffc1-d0a3-42e3-98aa-37e8aa759561_sidebar-details=expanded; a8b7b1ec9ffb8baf2c6eaa253fe57112_identity=e6349c57ab5b864940e4e511c70ca11946a166359cab3b93d66598706834fdd3a%3A2%3A%7Bi%3A0%3Bs%3A41%3A%22a8b7b1ec9ffb8baf2c6eaa253fe57112_identity%22%3Bi%3A1%3Bs%3A159%3A%22%5B1%2C%22%5B%5C%22BGQ0cpqF9J5U2UHE2Gd3Z9T1VjoxIVKidBKaWptv89wzSY8SIUM1AGbox-O35_lmBY9dNsK5GI9p7Umf8Huff1Ihk7_EcLFYLEMP%5C%22%2Cnull%2C%5C%220ef01a0bceeac5b1d0a2b6557bd3d7b1%5C%22%5D%22%2C3600%5D%22%3B%7D'
    'HTTP_ACCEPT_LANGUAGE' => 'de,en-US;q=0.9,en;q=0.8'
    'HTTP_ACCEPT_ENCODING' => 'gzip, deflate, br, zstd'
    'HTTP_ACCEPT' => 'application/json, text/plain, */*'
    'HTTP_CONTENT_LENGTH' => '0'
    'HTTP_USER_AGENT' => 'Mozilla/5.0 (Macintosh; Intel Mac OS X 10.15; rv:150.0) Gecko/20100101 Firefox/150.0'
    'HTTP_HOST' => 'derschmuckmacher-v3.ddev.site'
    'HTTPS' => 'on'
    'REDIRECT_STATUS' => '200'
    'SERVER_NAME' => 'derschmuckmacher-v3.ddev.site'
    'SERVER_PORT' => '80'
    'SERVER_ADDR' => '172.18.0.3'
    'REMOTE_PORT' => '43862'
    'REMOTE_ADDR' => '172.18.0.5'
    'SERVER_SOFTWARE' => 'nginx/1.28.0'
    'GATEWAY_INTERFACE' => 'CGI/1.1'
    'REQUEST_SCHEME' => 'http'
    'SERVER_PROTOCOL' => 'HTTP/1.1'
    'DOCUMENT_ROOT' => '/var/www/html/web'
    'DOCUMENT_URI' => '/index.php'
    'REQUEST_URI' => '/index.php?p=dW2axQ3b%2Factions%2Fqueue%2Frun&v=1777900707582'
    'CONTENT_LENGTH' => '0'
    'CONTENT_TYPE' => ''
    'REQUEST_METHOD' => 'POST'
    'QUERY_STRING' => 'p=dW2axQ3b%2Factions%2Fqueue%2Frun&v=1777900707582'
    'SCRIPT_NAME' => '/index.php'
    'SCRIPT_FILENAME' => '/var/www/html/web/index.php'
    'FCGI_ROLE' => 'RESPONDER'
    'PHP_SELF' => '/index.php'
    'REQUEST_TIME_FLOAT' => 1777900707.5843
    'REQUEST_TIME' => 1777900707
    'CRAFT_APP_ID' => 'CraftCMS--3933bc78-29f5-4b79-bcc5-c31faf0fcd20'
    'CRAFT_ENVIRONMENT' => 'dev'
    'ENVIRONMENT' => 'dev'
    'CRAFT_SECURITY_KEY' => '••••••••••••••••••••••••••••••••'
    'CP_TRIGGER' => 'dW2axQ3b'
    'CRAFT_DB_SCHEMA' => 'public'
    'CRAFT_DB_TABLE_PREFIX' => ''
    'DEV_MODE' => 'true'
    'ALLOW_ADMIN_CHANGES' => 'true'
    'DISALLOW_ROBOTS' => 'true'
    'TIMEZONE' => 'Europe/Zurich'
    'CAPTCHA_SITE_KEY' => '••••••••••••••••••••••••••••••••••••••••'
    'CAPTCHA_SECRET_KEY' => '••••••••••••••••••••••••••••••••••••••••'
    'WEB_URL' => 'https://derschmuckmacher-v3.ddev.site'
    'WEB_ROOT' => '/var/www/html/web'
    'ASSETS_BASE_URL' => 'https://derschmuckmacher-v3.ddev.site/public'
    'ASSETS_BASE_PATH' => '/var/www/html/web/public'
    'SCHMUCK_BASE_URL' => 'https://derschmuckmacher-v3.ddev.site/public/uploads/schmuck'
    'SCHMUCK_BASE_PATH' => '/var/www/html/web/public/uploads/schmuck'
    'BILDER_BASE_URL' => 'https://derschmuckmacher-v3.ddev.site/public/uploads/bilder'
    'BILDER_BASE_PATH' => '/var/www/html/web/public/uploads/bilder'
] {"environment":"dev","userId":1} 
2026-05-04 15:23:23 [queue.INFO] [yii\db\Connection::open] Opening DB connection: mysql:host=db;dbname=db;port=3306 {"memory":1101240} 
2026-05-04 15:23:23 [queue.INFO] [yii\web\Session::open] Session started {"memory":1528976} 
2026-05-04 15:23:23 [queue.INFO] [nystudio107\codeeditor\CodeEditor::bootstrap] CodeEditor module bootstrapped {"memory":1548496} 
2026-05-04 15:23:23 [queue.INFO] [adigital\cookieconsentbanner\CookieConsentBanner::init] Cookie Consent Banner plugin loaded {"memory":1764456} 
2026-05-04 15:23:23 [queue.INFO] [miranj\obfuscator\Obfuscator::init] Obfuscator plugin loaded {"memory":2724416} 
2026-05-04 15:23:23 [queue.INFO] [yii\db\Connection::open] Opening DB connection: mysql:host=db;dbname=db;port=3306 {"memory":2992048} 
2026-05-04 15:23:23 [queue.INFO] [craft\queue\QueueLogBehavior::beforeExec]  [40703] t9n:["app","Updating search indexes"] (attempt: 1, pid: 1661) - Started {"memory":3050800} 
2026-05-04 15:23:23 [queue.INFO] [craft\queue\QueueLogBehavior::afterExec]  [40703] t9n:["app","Updating search indexes"] (attempt: 1, pid: 1661) - Done (time: 0.011s) {"memory":3642808} 
2026-05-04 15:23:23 [queue.INFO] [craft\queue\QueueLogBehavior::beforeExec]  [40704] t9n:["app","Updating search indexes"] (attempt: 1, pid: 1661) - Started {"memory":3650840} 
2026-05-04 15:23:23 [queue.INFO] [craft\queue\QueueLogBehavior::afterExec]  [40704] t9n:["app","Updating search indexes"] (attempt: 1, pid: 1661) - Done (time: 0.001s) {"memory":3753672} 
2026-05-04 15:23:23 [queue.INFO] [craft\queue\QueueLogBehavior::beforeExec]  [40705] t9n:["app","Updating search indexes"] (attempt: 1, pid: 1661) - Started {"memory":3761656} 
2026-05-04 15:23:23 [queue.INFO] [craft\queue\QueueLogBehavior::afterExec]  [40705] t9n:["app","Updating search indexes"] (attempt: 1, pid: 1661) - Done (time: 0.000s) {"memory":3763080} 
2026-05-04 15:23:23 [queue.INFO] [craft\queue\QueueLogBehavior::beforeExec]  [40706] t9n:["app","Updating search indexes"] (attempt: 1, pid: 1661) - Started {"memory":3775480} 
2026-05-04 15:23:23 [queue.INFO] [craft\queue\QueueLogBehavior::afterExec]  [40706] t9n:["app","Updating search indexes"] (attempt: 1, pid: 1661) - Done (time: 0.000s) {"memory":3776904} 
2026-05-04 15:23:23 [queue.INFO] [craft\queue\QueueLogBehavior::beforeExec]  [40707] t9n:["app","Updating search indexes"] (attempt: 1, pid: 1661) - Started {"memory":3784888} 
2026-05-04 15:23:23 [queue.INFO] [craft\queue\QueueLogBehavior::afterExec]  [40707] t9n:["app","Updating search indexes"] (attempt: 1, pid: 1661) - Done (time: 0.005s) {"memory":4268992} 
2026-05-04 15:23:23 [queue.INFO] [craft\queue\QueueLogBehavior::beforeExec]  [40708] t9n:["app","Updating search indexes"] (attempt: 1, pid: 1661) - Started {"memory":4276976} 
2026-05-04 15:23:23 [queue.INFO] [craft\queue\QueueLogBehavior::afterExec]  [40708] t9n:["app","Updating search indexes"] (attempt: 1, pid: 1661) - Done (time: 0.004s) {"memory":4504192} 
2026-05-04 15:23:23 [queue.INFO] [craft\queue\QueueLogBehavior::beforeExec]  [40709] t9n:["app","Pruning extra revisions"] (attempt: 1, pid: 1661) - Started {"memory":4513144} 
2026-05-04 15:23:23 [queue.INFO] [craft\queue\QueueLogBehavior::afterExec]  [40709] t9n:["app","Pruning extra revisions"] (attempt: 1, pid: 1661) - Done (time: 0.000s) {"memory":4638560} 
2026-05-04 15:23:23 [queue.INFO] [craft\queue\QueueLogBehavior::beforeExec]  [40710] t9n:["app","Pruning extra revisions"] (attempt: 1, pid: 1661) - Started {"memory":4646544} 
2026-05-04 15:23:23 [queue.INFO] [craft\queue\QueueLogBehavior::afterExec]  [40710] t9n:["app","Pruning extra revisions"] (attempt: 1, pid: 1661) - Done (time: 0.001s) {"memory":4739160} 
2026-05-04 15:23:23 [queue.INFO] [application] Request context:
$_GET = [
    'p' => 'dW2axQ3b/actions/queue/run'
    'v' => '1777901002934'
]

$_POST = []

$_FILES = []

$_COOKIE = [
    'a8b7b1ec9ffb8baf2c6eaa253fe57112_username' => '26b9ec8568da68d3882e55afaa5d203483c6c5810ee05b5a55c8a0eb10cab93ea:2:{i:0;s:41:\"a8b7b1ec9ffb8baf2c6eaa253fe57112_username\";i:1;s:8:\"odegiuli\";}'
    'cookieconsent_status' => 'dismiss'
    'CraftSessionId' => 'efd6df3eb9a6bce10ae4eb96536bdef3'
    'CRAFT_CSRF_TOKEN' => '••••••••••••••••••••••••••••••••••••••••••••••••••••••••••••••••••••••••••••••••••••••••••••••••••••••••••••••••••••••••••••••••••••••••••••••••••••••••••••••••••••••••••••••••••••••••••••••••••••••••••••••••••••••••••••••••••••••••••••••••••••••••••••••••••'
    'Craft-3626ffc1-d0a3-42e3-98aa-37e8aa759561_sidebar' => 'expanded'
    'Craft-3626ffc1-d0a3-42e3-98aa-37e8aa759561_sidebar-details' => 'expanded'
    'a8b7b1ec9ffb8baf2c6eaa253fe57112_identity' => 'b91ea7575ce71495804217274f759856e8e955e17a0a58fc21360aea2236e9e6a:2:{i:0;s:41:\"a8b7b1ec9ffb8baf2c6eaa253fe57112_identity\";i:1;s:159:\"[1,\"[\\\"ELxIGoEc7DUXp0VRsxnaLkbQYEMBkyN2ENHIBn7OfuylSTW1pOV5XWK0HAmfipzoVwGWdOFKV9W35TakONt5vmdevVMvdbvR-kL1\\\",null,\\\"0ef01a0bceeac5b1d0a2b6557bd3d7b1\\\"]\",3600]\";}'
]

$_SESSION = [
    '22b6a59deafcfb2ffb13c3adf3d98a3b__auth_access' => [
        0 => 'previewElement:8689'
        1 => 'saveAssets:856a3aeb-b21b-4d41-af3f-0a23db430323'
        2 => 'manageNestedElements::8755::field:kacheln'
        3 => 'previewDraft:1026'
        4 => 'previewDraft:1028'
        5 => 'previewDraft:1030'
        6 => 'previewElement:8781'
        7 => 'previewDraft:1032'
    ]
    '22b6a59deafcfb2ffb13c3adf3d98a3b__flash' => []
    'a8b7b1ec9ffb8baf2c6eaa253fe57112__token' => '••••••••••••••••••••••••••••••••••••••••••••••••••••••••••••••••••••••••••••••••••••••••••••••••••••'
    'a8b7b1ec9ffb8baf2c6eaa253fe57112__id' => 1
    '__authKey' => '••••••••••••••••••••••••••••••••••••••••••••••••••••••••••••••••••••••••••••••••••••••••••••••••••••••••••••••••••••••••••••••••••••••••••••••••'
    'a8b7b1ec9ffb8baf2c6eaa253fe57112__expire' => 1777904602
    '__duration' => 3600
    '__elevated_timeout' => 1777901099
]

$_SERVER = [
    'DEPLOY_NAME' => 'local'
    'DDEV_WEBSERVER_TYPE' => 'nginx-fpm'
    'npm_config_cache' => '/mnt/ddev-global-cache/npm'
    'COREPACK_ENABLE_DOWNLOAD_PROMPT' => '0'
    'DDEV_GOOS' => 'darwin'
    'IS_DDEV_PROJECT' => 'true'
    'PHP_DEFAULT_VERSION' => '8.3'
    'HOSTNAME' => 'derschmuckmacher-v3-web'
    'MAILPIT_SMTP_PORT' => '1025'
    'MH_SMTP_BIND_ADDR' => '127.0.0.1:1025'
    'DDEV_PRIMARY_URL_WITHOUT_PORT' => 'https://derschmuckmacher-v3.ddev.site'
    'CRAFT_DB_PORT' => '3306'
    'SSH_AUTH_SOCK' => '/home/.ssh-agent/socket'
    'DDEV_GID' => '20'
    'NODE_EXTRA_CA_CERTS' => '/mnt/ddev-global-cache/mkcert/rootCA.pem'
    'DOCKER_IP' => '127.0.0.1'
    'PGPASSWORD' => 'db'
    'CRAFT_WEB_ROOT' => '/var/www/html/web'
    'DDEV_DOCROOT' => 'web'
    'PWD' => '/var/www/html'
    'PLATFORMSH_CLI_UPDATES_CHECK' => '0'
    'DDEV_APPROOT' => '/var/www/html'
    'DDEV_FILES_DIR' => ''
    'START_SCRIPT_TIMEOUT' => '57'
    'APACHE_SITE_TEMPLATE' => '/etc/apache2/apache-site.conf'
    'PHP_INI' => '/etc/php/8.2/fpm/php.ini'
    'DDEV_VERSION' => 'v1.24.10'
    'PRIMARY_SITE_URL' => 'https://derschmuckmacher-v3.ddev.site'
    'TZ' => 'Europe/Zurich'
    'DDEV_XHPROF_MODE' => 'prepend'
    'HTTPS_EXPOSE' => '443:80,8026:8025'
    'COREPACK_HOME' => '/mnt/ddev-global-cache/corepack'
    'CRAFT_DB_DATABASE' => 'db'
    'DDEV_PRIMARY_URL' => 'https://derschmuckmacher-v3.ddev.site'
    'LINES' => '6'
    'DDEV_SITENAME' => 'derschmuckmacher-v3'
    'HOME' => '/home/omar'
    'DRUSH_OPTIONS_URI' => 'https://derschmuckmacher-v3.ddev.site'
    'LANG' => 'C.UTF-8'
    'COLUMNS' => '371'
    'DDEV_MUTAGEN_ENABLED' => 'true'
    'DDEV_USER' => 'omar'
    'PGUSER' => 'db'
    'TERMINUS_CACHE_DIR' => '/mnt/ddev-global-cache/terminus/cache'
    'DDEV_PRIMARY_URL_PORT' => '443'
    'DDEV_ROUTER_HTTP_PORT' => '80'
    'MAILPIT_SMTP_HOSTNAME' => '127.0.0.1'
    'CRAFT_DB_DRIVER' => 'mysql'
    'COMPOSER_PROCESS_TIMEOUT' => '2000'
    'NGINX_SITE_TEMPLATE' => '/etc/nginx/nginx-site.conf'
    'DDEV_FILES_DIRS' => ''
    'CRAFT_DB_SERVER' => 'db'
    'HTTP_EXPOSE' => '80:80,8025:8025'
    'NVM_DIR' => '/home/omar/.nvm'
    'DDEV_PHP_VERSION' => '8.2'
    'DDEV_TLD' => 'ddev.site'
    'DDEV_HOSTNAME' => 'derschmuckmacher-v3.ddev.site'
    'DDEV_PROJECT' => 'derschmuckmacher-v3'
    'DDEV_GOARCH' => 'arm64'
    'VIRTUAL_HOST' => 'derschmuckmacher-v3.ddev.site'
    'TERM' => 'xterm'
    'USER' => 'omar'
    'MYSQL_HISTFILE' => '/mnt/ddev-global-cache/mysqlhistory/derschmuckmacher-v3-web/mysql_history'
    'DDEV_WEB_ENTRYPOINT' => '/mnt/ddev_config/web-entrypoint.d'
    'DDEV_UID' => '501'
    'CAROOT' => '/mnt/ddev-global-cache/mkcert'
    'SHLVL' => '1'
    'COMPOSER_ALLOW_SUPERUSER' => '1'
    'BASH_ENV' => '/etc/bash.nointeractive.bashrc'
    'DDEV_DATABASE' => 'mysql:8.0'
    'PGDATABASE' => 'db'
    'CRAFT_DB_USER' => 'db'
    'DDEV_SCHEME' => 'https'
    'XHPROF_OUTPUT_DIR' => '/tmp/xhprof'
    'COMPOSER_CACHE_DIR' => '/mnt/ddev-global-cache/composer'
    'DDEV_XDEBUG_ENABLED' => 'false'
    'DDEV_DATABASE_FAMILY' => 'mysql'
    'PGHOST' => 'db'
    'DDEV_COMPOSER_ROOT' => '/var/www/html'
    'CRAFT_DB_PASSWORD' => '••'
    'DOCROOT' => 'web'
    'TERMINUS_HIDE_UPDATE_MESSAGE' => '1'
    'PATH' => '/home/omar/bin:/var/www/html/vendor/bin:/usr/local/sbin:/usr/local/bin:/usr/sbin:/usr/bin:/sbin:/bin:/var/www/html/bin:/mnt/ddev-global-cache/global-commands/web'
    'HOST_DOCKER_INTERNAL_IP' => ''
    'DDEV_PROJECT_TYPE' => 'craftcms'
    'DEBIAN_FRONTEND' => 'noninteractive'
    'DDEV_ROUTER_HTTPS_PORT' => '443'
    'EXECIGNORE' => '/var/www/html/vendor/bin/composer'
    'SUPERVISOR_ENABLED' => '1'
    'SUPERVISOR_SERVER_URL' => 'unix:///var/run/supervisor.sock'
    'SUPERVISOR_PROCESS_NAME' => 'php-fpm'
    'SUPERVISOR_GROUP_NAME' => 'php-fpm'
    'HTTP_X_REQUESTED_WITH' => 'XMLHttpRequest'
    'HTTP_X_REGISTERED_JS_FILES' => ''
    'HTTP_X_REGISTERED_ASSET_BUNDLES' => '815d39ea,92d8701,22e517a2,aee7f8dc,26c46c25,e505ffd6,6b4d7555,bb2f10a0,e5e48399,fc0bc163,1ccab40d,1e21896b,54698ee0,b842675b,1c3c9add,4b1fd285,d8d08e47,8f00ce04,8768f48b,cf3018d6,ec6d0256,75f47f25'
    'HTTP_X_REAL_IP' => '172.18.0.1'
    'HTTP_X_FORWARDED_SERVER' => 'e41c480b8ab1'
    'HTTP_X_FORWARDED_PROTO' => 'https'
    'HTTP_X_FORWARDED_PORT' => '443'
    'HTTP_X_FORWARDED_HOST' => 'derschmuckmacher-v3.ddev.site'
    'HTTP_X_FORWARDED_FOR' => '172.18.0.1'
    'HTTP_X_CSRF_TOKEN' => '••••••••••••••••••••••••••••••••••••••••••••••••••••••••••••••••••••••••••••••••••••••••••••••••••••••••••••••••••••••••••••••••••••••••••••••••••••••••••••••••••••••••••••••••••••••••••••••••••••••••••••••••••••••••••••••••••••••••••••••••••••••••••••••••••••••••••••••••••••••••••••••••••••••••••••••••••••••••••••••••••••••••••••••••••••••••••••••••••••••••••••••••••••••••••••••••••••••••'
    'HTTP_TE' => 'trailers'
    'HTTP_SEC_GPC' => '1'
    'HTTP_SEC_FETCH_SITE' => 'same-origin'
    'HTTP_SEC_FETCH_MODE' => 'cors'
    'HTTP_SEC_FETCH_DEST' => 'empty'
    'HTTP_REFERER' => 'https://derschmuckmacher-v3.ddev.site/dW2axQ3b/content/entries/singles/8781-schmuckst%C3%BCcke'
    'HTTP_ORIGIN' => 'https://derschmuckmacher-v3.ddev.site'
    'HTTP_COOKIE' => 'a8b7b1ec9ffb8baf2c6eaa253fe57112_username=26b9ec8568da68d3882e55afaa5d203483c6c5810ee05b5a55c8a0eb10cab93ea%3A2%3A%7Bi%3A0%3Bs%3A41%3A%22a8b7b1ec9ffb8baf2c6eaa253fe57112_username%22%3Bi%3A1%3Bs%3A8%3A%22odegiuli%22%3B%7D; cookieconsent_status=dismiss; CraftSessionId=efd6df3eb9a6bce10ae4eb96536bdef3; CRAFT_CSRF_TOKEN=5f0129e766c1d60a304c5b2b77758ee9859b2cc5fbd195fe80fa71ffc0c670eaa%3A2%3A%7Bi%3A0%3Bs%3A16%3A%22CRAFT_CSRF_TOKEN%22%3Bi%3A1%3Bs%3A147%3A%22ifNE57H486zr3C99fgKlQp266RX2LurQQ_FrgOuv%7Ccfe2656443ababa12bd8531fc6be39c06e85c07ed7c01ad4b06baad274f80ed2ifNE57H486zr3C99fgKlQp266RX2LurQQ_FrgOuv%7C1%22%3B%7D; Craft-3626ffc1-d0a3-42e3-98aa-37e8aa759561_sidebar=expanded; Craft-3626ffc1-d0a3-42e3-98aa-37e8aa759561_sidebar-details=expanded; a8b7b1ec9ffb8baf2c6eaa253fe57112_identity=b91ea7575ce71495804217274f759856e8e955e17a0a58fc21360aea2236e9e6a%3A2%3A%7Bi%3A0%3Bs%3A41%3A%22a8b7b1ec9ffb8baf2c6eaa253fe57112_identity%22%3Bi%3A1%3Bs%3A159%3A%22%5B1%2C%22%5B%5C%22ELxIGoEc7DUXp0VRsxnaLkbQYEMBkyN2ENHIBn7OfuylSTW1pOV5XWK0HAmfipzoVwGWdOFKV9W35TakONt5vmdevVMvdbvR-kL1%5C%22%2Cnull%2C%5C%220ef01a0bceeac5b1d0a2b6557bd3d7b1%5C%22%5D%22%2C3600%5D%22%3B%7D'
    'HTTP_ACCEPT_LANGUAGE' => 'de,en-US;q=0.9,en;q=0.8'
    'HTTP_ACCEPT_ENCODING' => 'gzip, deflate, br, zstd'
    'HTTP_ACCEPT' => 'application/json, text/plain, */*'
    'HTTP_CONTENT_LENGTH' => '0'
    'HTTP_USER_AGENT' => 'Mozilla/5.0 (Macintosh; Intel Mac OS X 10.15; rv:150.0) Gecko/20100101 Firefox/150.0'
    'HTTP_HOST' => 'derschmuckmacher-v3.ddev.site'
    'HTTPS' => 'on'
    'REDIRECT_STATUS' => '200'
    'SERVER_NAME' => 'derschmuckmacher-v3.ddev.site'
    'SERVER_PORT' => '80'
    'SERVER_ADDR' => '172.18.0.3'
    'REMOTE_PORT' => '41544'
    'REMOTE_ADDR' => '172.18.0.5'
    'SERVER_SOFTWARE' => 'nginx/1.28.0'
    'GATEWAY_INTERFACE' => 'CGI/1.1'
    'REQUEST_SCHEME' => 'http'
    'SERVER_PROTOCOL' => 'HTTP/1.1'
    'DOCUMENT_ROOT' => '/var/www/html/web'
    'DOCUMENT_URI' => '/index.php'
    'REQUEST_URI' => '/index.php?p=dW2axQ3b%2Factions%2Fqueue%2Frun&v=1777901002934'
    'CONTENT_LENGTH' => '0'
    'CONTENT_TYPE' => ''
    'REQUEST_METHOD' => 'POST'
    'QUERY_STRING' => 'p=dW2axQ3b%2Factions%2Fqueue%2Frun&v=1777901002934'
    'SCRIPT_NAME' => '/index.php'
    'SCRIPT_FILENAME' => '/var/www/html/web/index.php'
    'FCGI_ROLE' => 'RESPONDER'
    'PHP_SELF' => '/index.php'
    'REQUEST_TIME_FLOAT' => 1777901002.9377
    'REQUEST_TIME' => 1777901002
    'CRAFT_APP_ID' => 'CraftCMS--3933bc78-29f5-4b79-bcc5-c31faf0fcd20'
    'CRAFT_ENVIRONMENT' => 'dev'
    'ENVIRONMENT' => 'dev'
    'CRAFT_SECURITY_KEY' => '••••••••••••••••••••••••••••••••'
    'CP_TRIGGER' => 'dW2axQ3b'
    'CRAFT_DB_SCHEMA' => 'public'
    'CRAFT_DB_TABLE_PREFIX' => ''
    'DEV_MODE' => 'true'
    'ALLOW_ADMIN_CHANGES' => 'true'
    'DISALLOW_ROBOTS' => 'true'
    'TIMEZONE' => 'Europe/Zurich'
    'CAPTCHA_SITE_KEY' => '••••••••••••••••••••••••••••••••••••••••'
    'CAPTCHA_SECRET_KEY' => '••••••••••••••••••••••••••••••••••••••••'
    'WEB_URL' => 'https://derschmuckmacher-v3.ddev.site'
    'WEB_ROOT' => '/var/www/html/web'
    'ASSETS_BASE_URL' => 'https://derschmuckmacher-v3.ddev.site/public'
    'ASSETS_BASE_PATH' => '/var/www/html/web/public'
    'SCHMUCK_BASE_URL' => 'https://derschmuckmacher-v3.ddev.site/public/uploads/schmuck'
    'SCHMUCK_BASE_PATH' => '/var/www/html/web/public/uploads/schmuck'
    'BILDER_BASE_URL' => 'https://derschmuckmacher-v3.ddev.site/public/uploads/bilder'
    'BILDER_BASE_PATH' => '/var/www/html/web/public/uploads/bilder'
] {"environment":"dev","userId":1} 
2026-05-04 15:23:54 [queue.INFO] [yii\db\Connection::open] Opening DB connection: mysql:host=db;dbname=db;port=3306 {"memory":1101352} 
2026-05-04 15:23:54 [queue.INFO] [yii\web\Session::open] Session started {"memory":1529496} 
2026-05-04 15:23:54 [queue.INFO] [nystudio107\codeeditor\CodeEditor::bootstrap] CodeEditor module bootstrapped {"memory":1549016} 
2026-05-04 15:23:54 [queue.INFO] [adigital\cookieconsentbanner\CookieConsentBanner::init] Cookie Consent Banner plugin loaded {"memory":1765336} 
2026-05-04 15:23:54 [queue.INFO] [miranj\obfuscator\Obfuscator::init] Obfuscator plugin loaded {"memory":2725296} 
2026-05-04 15:23:54 [queue.INFO] [yii\db\Connection::open] Opening DB connection: mysql:host=db;dbname=db;port=3306 {"memory":2992928} 
2026-05-04 15:23:54 [queue.INFO] [craft\queue\QueueLogBehavior::beforeExec]  [40711] t9n:["app","Updating search indexes"] (attempt: 1, pid: 1925) - Started {"memory":3051680} 
2026-05-04 15:23:54 [queue.INFO] [craft\queue\QueueLogBehavior::afterExec]  [40711] t9n:["app","Updating search indexes"] (attempt: 1, pid: 1925) - Done (time: 0.011s) {"memory":3643688} 
2026-05-04 15:23:54 [queue.INFO] [craft\queue\QueueLogBehavior::beforeExec]  [40712] t9n:["app","Updating search indexes"] (attempt: 1, pid: 1925) - Started {"memory":3651720} 
2026-05-04 15:23:54 [queue.INFO] [craft\queue\QueueLogBehavior::afterExec]  [40712] t9n:["app","Updating search indexes"] (attempt: 1, pid: 1925) - Done (time: 0.001s) {"memory":3754552} 
2026-05-04 15:23:54 [queue.INFO] [craft\queue\QueueLogBehavior::beforeExec]  [40713] t9n:["app","Updating search indexes"] (attempt: 1, pid: 1925) - Started {"memory":3762536} 
2026-05-04 15:23:54 [queue.INFO] [craft\queue\QueueLogBehavior::afterExec]  [40713] t9n:["app","Updating search indexes"] (attempt: 1, pid: 1925) - Done (time: 0.000s) {"memory":3763960} 
2026-05-04 15:23:54 [queue.INFO] [craft\queue\QueueLogBehavior::beforeExec]  [40714] t9n:["app","Updating search indexes"] (attempt: 1, pid: 1925) - Started {"memory":3776360} 
2026-05-04 15:23:54 [queue.INFO] [craft\queue\QueueLogBehavior::afterExec]  [40714] t9n:["app","Updating search indexes"] (attempt: 1, pid: 1925) - Done (time: 0.000s) {"memory":3777784} 
2026-05-04 15:23:54 [queue.INFO] [craft\queue\QueueLogBehavior::beforeExec]  [40715] t9n:["app","Updating search indexes"] (attempt: 1, pid: 1925) - Started {"memory":3785768} 
2026-05-04 15:23:54 [queue.INFO] [craft\queue\QueueLogBehavior::afterExec]  [40715] t9n:["app","Updating search indexes"] (attempt: 1, pid: 1925) - Done (time: 0.000s) {"memory":3787192} 
2026-05-04 15:23:54 [queue.INFO] [craft\queue\QueueLogBehavior::beforeExec]  [40716] t9n:["app","Updating search indexes"] (attempt: 1, pid: 1925) - Started {"memory":3795176} 
2026-05-04 15:23:54 [queue.INFO] [craft\queue\QueueLogBehavior::afterExec]  [40716] t9n:["app","Updating search indexes"] (attempt: 1, pid: 1925) - Done (time: 0.004s) {"memory":4279280} 
2026-05-04 15:23:54 [queue.INFO] [craft\queue\QueueLogBehavior::beforeExec]  [40717] t9n:["app","Updating search indexes"] (attempt: 1, pid: 1925) - Started {"memory":4287264} 
2026-05-04 15:23:54 [queue.INFO] [craft\queue\QueueLogBehavior::afterExec]  [40717] t9n:["app","Updating search indexes"] (attempt: 1, pid: 1925) - Done (time: 0.003s) {"memory":4514672} 
2026-05-04 15:23:54 [queue.INFO] [craft\queue\QueueLogBehavior::beforeExec]  [40718] t9n:["app","Pruning extra revisions"] (attempt: 1, pid: 1925) - Started {"memory":4522656} 
2026-05-04 15:23:54 [queue.INFO] [craft\queue\QueueLogBehavior::afterExec]  [40718] t9n:["app","Pruning extra revisions"] (attempt: 1, pid: 1925) - Done (time: 0.001s) {"memory":4648072} 
2026-05-04 15:23:54 [queue.INFO] [craft\queue\QueueLogBehavior::beforeExec]  [40719] t9n:["app","Pruning extra revisions"] (attempt: 1, pid: 1925) - Started {"memory":4656056} 
2026-05-04 15:23:54 [queue.INFO] [craft\queue\QueueLogBehavior::afterExec]  [40719] t9n:["app","Pruning extra revisions"] (attempt: 1, pid: 1925) - Done (time: 0.000s) {"memory":4748672} 
2026-05-04 15:23:54 [queue.INFO] [application] Request context:
$_GET = [
    'p' => 'dW2axQ3b/actions/queue/run'
    'v' => '1777901034926'
]

$_POST = []

$_FILES = []

$_COOKIE = [
    'a8b7b1ec9ffb8baf2c6eaa253fe57112_username' => '26b9ec8568da68d3882e55afaa5d203483c6c5810ee05b5a55c8a0eb10cab93ea:2:{i:0;s:41:\"a8b7b1ec9ffb8baf2c6eaa253fe57112_username\";i:1;s:8:\"odegiuli\";}'
    'cookieconsent_status' => 'dismiss'
    'CraftSessionId' => 'efd6df3eb9a6bce10ae4eb96536bdef3'
    'CRAFT_CSRF_TOKEN' => '••••••••••••••••••••••••••••••••••••••••••••••••••••••••••••••••••••••••••••••••••••••••••••••••••••••••••••••••••••••••••••••••••••••••••••••••••••••••••••••••••••••••••••••••••••••••••••••••••••••••••••••••••••••••••••••••••••••••••••••••••••••••••••••••••'
    'Craft-3626ffc1-d0a3-42e3-98aa-37e8aa759561_sidebar' => 'expanded'
    'Craft-3626ffc1-d0a3-42e3-98aa-37e8aa759561_sidebar-details' => 'expanded'
    'a8b7b1ec9ffb8baf2c6eaa253fe57112_identity' => 'b91ea7575ce71495804217274f759856e8e955e17a0a58fc21360aea2236e9e6a:2:{i:0;s:41:\"a8b7b1ec9ffb8baf2c6eaa253fe57112_identity\";i:1;s:159:\"[1,\"[\\\"ELxIGoEc7DUXp0VRsxnaLkbQYEMBkyN2ENHIBn7OfuylSTW1pOV5XWK0HAmfipzoVwGWdOFKV9W35TakONt5vmdevVMvdbvR-kL1\\\",null,\\\"0ef01a0bceeac5b1d0a2b6557bd3d7b1\\\"]\",3600]\";}'
]

$_SESSION = [
    '22b6a59deafcfb2ffb13c3adf3d98a3b__auth_access' => [
        0 => 'previewElement:8689'
        1 => 'saveAssets:856a3aeb-b21b-4d41-af3f-0a23db430323'
        2 => 'manageNestedElements::8755::field:kacheln'
        3 => 'previewDraft:1026'
        4 => 'previewDraft:1028'
        5 => 'previewDraft:1030'
        6 => 'previewElement:8781'
        7 => 'previewDraft:1032'
        8 => 'previewDraft:1034'
    ]
    'a8b7b1ec9ffb8baf2c6eaa253fe57112__token' => '••••••••••••••••••••••••••••••••••••••••••••••••••••••••••••••••••••••••••••••••••••••••••••••••••••'
    'a8b7b1ec9ffb8baf2c6eaa253fe57112__id' => 1
    '__authKey' => '••••••••••••••••••••••••••••••••••••••••••••••••••••••••••••••••••••••••••••••••••••••••••••••••••••••••••••••••••••••••••••••••••••••••••••••••'
    'a8b7b1ec9ffb8baf2c6eaa253fe57112__expire' => 1777904634
    '__duration' => 3600
    '__elevated_timeout' => 1777901099
    '22b6a59deafcfb2ffb13c3adf3d98a3b__flash' => []
]

$_SERVER = [
    'DEPLOY_NAME' => 'local'
    'DDEV_WEBSERVER_TYPE' => 'nginx-fpm'
    'npm_config_cache' => '/mnt/ddev-global-cache/npm'
    'COREPACK_ENABLE_DOWNLOAD_PROMPT' => '0'
    'DDEV_GOOS' => 'darwin'
    'IS_DDEV_PROJECT' => 'true'
    'PHP_DEFAULT_VERSION' => '8.3'
    'HOSTNAME' => 'derschmuckmacher-v3-web'
    'MAILPIT_SMTP_PORT' => '1025'
    'MH_SMTP_BIND_ADDR' => '127.0.0.1:1025'
    'DDEV_PRIMARY_URL_WITHOUT_PORT' => 'https://derschmuckmacher-v3.ddev.site'
    'CRAFT_DB_PORT' => '3306'
    'SSH_AUTH_SOCK' => '/home/.ssh-agent/socket'
    'DDEV_GID' => '20'
    'NODE_EXTRA_CA_CERTS' => '/mnt/ddev-global-cache/mkcert/rootCA.pem'
    'DOCKER_IP' => '127.0.0.1'
    'PGPASSWORD' => 'db'
    'CRAFT_WEB_ROOT' => '/var/www/html/web'
    'DDEV_DOCROOT' => 'web'
    'PWD' => '/var/www/html'
    'PLATFORMSH_CLI_UPDATES_CHECK' => '0'
    'DDEV_APPROOT' => '/var/www/html'
    'DDEV_FILES_DIR' => ''
    'START_SCRIPT_TIMEOUT' => '57'
    'APACHE_SITE_TEMPLATE' => '/etc/apache2/apache-site.conf'
    'PHP_INI' => '/etc/php/8.2/fpm/php.ini'
    'DDEV_VERSION' => 'v1.24.10'
    'PRIMARY_SITE_URL' => 'https://derschmuckmacher-v3.ddev.site'
    'TZ' => 'Europe/Zurich'
    'DDEV_XHPROF_MODE' => 'prepend'
    'HTTPS_EXPOSE' => '443:80,8026:8025'
    'COREPACK_HOME' => '/mnt/ddev-global-cache/corepack'
    'CRAFT_DB_DATABASE' => 'db'
    'DDEV_PRIMARY_URL' => 'https://derschmuckmacher-v3.ddev.site'
    'LINES' => '6'
    'DDEV_SITENAME' => 'derschmuckmacher-v3'
    'HOME' => '/home/omar'
    'DRUSH_OPTIONS_URI' => 'https://derschmuckmacher-v3.ddev.site'
    'LANG' => 'C.UTF-8'
    'COLUMNS' => '371'
    'DDEV_MUTAGEN_ENABLED' => 'true'
    'DDEV_USER' => 'omar'
    'PGUSER' => 'db'
    'TERMINUS_CACHE_DIR' => '/mnt/ddev-global-cache/terminus/cache'
    'DDEV_PRIMARY_URL_PORT' => '443'
    'DDEV_ROUTER_HTTP_PORT' => '80'
    'MAILPIT_SMTP_HOSTNAME' => '127.0.0.1'
    'CRAFT_DB_DRIVER' => 'mysql'
    'COMPOSER_PROCESS_TIMEOUT' => '2000'
    'NGINX_SITE_TEMPLATE' => '/etc/nginx/nginx-site.conf'
    'DDEV_FILES_DIRS' => ''
    'CRAFT_DB_SERVER' => 'db'
    'HTTP_EXPOSE' => '80:80,8025:8025'
    'NVM_DIR' => '/home/omar/.nvm'
    'DDEV_PHP_VERSION' => '8.2'
    'DDEV_TLD' => 'ddev.site'
    'DDEV_HOSTNAME' => 'derschmuckmacher-v3.ddev.site'
    'DDEV_PROJECT' => 'derschmuckmacher-v3'
    'DDEV_GOARCH' => 'arm64'
    'VIRTUAL_HOST' => 'derschmuckmacher-v3.ddev.site'
    'TERM' => 'xterm'
    'USER' => 'omar'
    'MYSQL_HISTFILE' => '/mnt/ddev-global-cache/mysqlhistory/derschmuckmacher-v3-web/mysql_history'
    'DDEV_WEB_ENTRYPOINT' => '/mnt/ddev_config/web-entrypoint.d'
    'DDEV_UID' => '501'
    'CAROOT' => '/mnt/ddev-global-cache/mkcert'
    'SHLVL' => '1'
    'COMPOSER_ALLOW_SUPERUSER' => '1'
    'BASH_ENV' => '/etc/bash.nointeractive.bashrc'
    'DDEV_DATABASE' => 'mysql:8.0'
    'PGDATABASE' => 'db'
    'CRAFT_DB_USER' => 'db'
    'DDEV_SCHEME' => 'https'
    'XHPROF_OUTPUT_DIR' => '/tmp/xhprof'
    'COMPOSER_CACHE_DIR' => '/mnt/ddev-global-cache/composer'
    'DDEV_XDEBUG_ENABLED' => 'false'
    'DDEV_DATABASE_FAMILY' => 'mysql'
    'PGHOST' => 'db'
    'DDEV_COMPOSER_ROOT' => '/var/www/html'
    'CRAFT_DB_PASSWORD' => '••'
    'DOCROOT' => 'web'
    'TERMINUS_HIDE_UPDATE_MESSAGE' => '1'
    'PATH' => '/home/omar/bin:/var/www/html/vendor/bin:/usr/local/sbin:/usr/local/bin:/usr/sbin:/usr/bin:/sbin:/bin:/var/www/html/bin:/mnt/ddev-global-cache/global-commands/web'
    'HOST_DOCKER_INTERNAL_IP' => ''
    'DDEV_PROJECT_TYPE' => 'craftcms'
    'DEBIAN_FRONTEND' => 'noninteractive'
    'DDEV_ROUTER_HTTPS_PORT' => '443'
    'EXECIGNORE' => '/var/www/html/vendor/bin/composer'
    'SUPERVISOR_ENABLED' => '1'
    'SUPERVISOR_SERVER_URL' => 'unix:///var/run/supervisor.sock'
    'SUPERVISOR_PROCESS_NAME' => 'php-fpm'
    'SUPERVISOR_GROUP_NAME' => 'php-fpm'
    'HTTP_X_REQUESTED_WITH' => 'XMLHttpRequest'
    'HTTP_X_REGISTERED_JS_FILES' => '6276b818'
    'HTTP_X_REGISTERED_ASSET_BUNDLES' => '815d39ea,92d8701,22e517a2,aee7f8dc,26c46c25,e505ffd6,6b4d7555,bb2f10a0,e5e48399,fc0bc163,1ccab40d,1e21896b,54698ee0,b842675b,1c3c9add,4b1fd285,d8d08e47,8f00ce04,8768f48b,cf3018d6,ec6d0256,7b7669ac,75f47f25'
    'HTTP_X_REAL_IP' => '172.18.0.1'
    'HTTP_X_FORWARDED_SERVER' => 'e41c480b8ab1'
    'HTTP_X_FORWARDED_PROTO' => 'https'
    'HTTP_X_FORWARDED_PORT' => '443'
    'HTTP_X_FORWARDED_HOST' => 'derschmuckmacher-v3.ddev.site'
    'HTTP_X_FORWARDED_FOR' => '172.18.0.1'
    'HTTP_X_CSRF_TOKEN' => '••••••••••••••••••••••••••••••••••••••••••••••••••••••••••••••••••••••••••••••••••••••••••••••••••••••••••••••••••••••••••••••••••••••••••••••••••••••••••••••••••••••••••••••••••••••••••••••••••••••••••••••••••••••••••••••••••••••••••••••••••••••••••••••••••••••••••••••••••••••••••••••••••••••••••••••••••••••••••••••••••••••••••••••••••••••••••••••••••••••••••••••••••••••••••••••••••••••••'
    'HTTP_TE' => 'trailers'
    'HTTP_SEC_GPC' => '1'
    'HTTP_SEC_FETCH_SITE' => 'same-origin'
    'HTTP_SEC_FETCH_MODE' => 'cors'
    'HTTP_SEC_FETCH_DEST' => 'empty'
    'HTTP_REFERER' => 'https://derschmuckmacher-v3.ddev.site/dW2axQ3b/content/entries/singles/8781-schmuckst%C3%BCcke'
    'HTTP_ORIGIN' => 'https://derschmuckmacher-v3.ddev.site'
    'HTTP_COOKIE' => 'a8b7b1ec9ffb8baf2c6eaa253fe57112_username=26b9ec8568da68d3882e55afaa5d203483c6c5810ee05b5a55c8a0eb10cab93ea%3A2%3A%7Bi%3A0%3Bs%3A41%3A%22a8b7b1ec9ffb8baf2c6eaa253fe57112_username%22%3Bi%3A1%3Bs%3A8%3A%22odegiuli%22%3B%7D; cookieconsent_status=dismiss; CraftSessionId=efd6df3eb9a6bce10ae4eb96536bdef3; CRAFT_CSRF_TOKEN=5f0129e766c1d60a304c5b2b77758ee9859b2cc5fbd195fe80fa71ffc0c670eaa%3A2%3A%7Bi%3A0%3Bs%3A16%3A%22CRAFT_CSRF_TOKEN%22%3Bi%3A1%3Bs%3A147%3A%22ifNE57H486zr3C99fgKlQp266RX2LurQQ_FrgOuv%7Ccfe2656443ababa12bd8531fc6be39c06e85c07ed7c01ad4b06baad274f80ed2ifNE57H486zr3C99fgKlQp266RX2LurQQ_FrgOuv%7C1%22%3B%7D; Craft-3626ffc1-d0a3-42e3-98aa-37e8aa759561_sidebar=expanded; Craft-3626ffc1-d0a3-42e3-98aa-37e8aa759561_sidebar-details=expanded; a8b7b1ec9ffb8baf2c6eaa253fe57112_identity=b91ea7575ce71495804217274f759856e8e955e17a0a58fc21360aea2236e9e6a%3A2%3A%7Bi%3A0%3Bs%3A41%3A%22a8b7b1ec9ffb8baf2c6eaa253fe57112_identity%22%3Bi%3A1%3Bs%3A159%3A%22%5B1%2C%22%5B%5C%22ELxIGoEc7DUXp0VRsxnaLkbQYEMBkyN2ENHIBn7OfuylSTW1pOV5XWK0HAmfipzoVwGWdOFKV9W35TakONt5vmdevVMvdbvR-kL1%5C%22%2Cnull%2C%5C%220ef01a0bceeac5b1d0a2b6557bd3d7b1%5C%22%5D%22%2C3600%5D%22%3B%7D'
    'HTTP_ACCEPT_LANGUAGE' => 'de,en-US;q=0.9,en;q=0.8'
    'HTTP_ACCEPT_ENCODING' => 'gzip, deflate, br, zstd'
    'HTTP_ACCEPT' => 'application/json, text/plain, */*'
    'HTTP_CONTENT_LENGTH' => '0'
    'HTTP_USER_AGENT' => 'Mozilla/5.0 (Macintosh; Intel Mac OS X 10.15; rv:150.0) Gecko/20100101 Firefox/150.0'
    'HTTP_HOST' => 'derschmuckmacher-v3.ddev.site'
    'HTTPS' => 'on'
    'REDIRECT_STATUS' => '200'
    'SERVER_NAME' => 'derschmuckmacher-v3.ddev.site'
    'SERVER_PORT' => '80'
    'SERVER_ADDR' => '172.18.0.3'
    'REMOTE_PORT' => '58778'
    'REMOTE_ADDR' => '172.18.0.5'
    'SERVER_SOFTWARE' => 'nginx/1.28.0'
    'GATEWAY_INTERFACE' => 'CGI/1.1'
    'REQUEST_SCHEME' => 'http'
    'SERVER_PROTOCOL' => 'HTTP/1.1'
    'DOCUMENT_ROOT' => '/var/www/html/web'
    'DOCUMENT_URI' => '/index.php'
    'REQUEST_URI' => '/index.php?p=dW2axQ3b%2Factions%2Fqueue%2Frun&v=1777901034926'
    'CONTENT_LENGTH' => '0'
    'CONTENT_TYPE' => ''
    'REQUEST_METHOD' => 'POST'
    'QUERY_STRING' => 'p=dW2axQ3b%2Factions%2Fqueue%2Frun&v=1777901034926'
    'SCRIPT_NAME' => '/index.php'
    'SCRIPT_FILENAME' => '/var/www/html/web/index.php'
    'FCGI_ROLE' => 'RESPONDER'
    'PHP_SELF' => '/index.php'
    'REQUEST_TIME_FLOAT' => 1777901034.9285
    'REQUEST_TIME' => 1777901034
    'CRAFT_APP_ID' => 'CraftCMS--3933bc78-29f5-4b79-bcc5-c31faf0fcd20'
    'CRAFT_ENVIRONMENT' => 'dev'
    'ENVIRONMENT' => 'dev'
    'CRAFT_SECURITY_KEY' => '••••••••••••••••••••••••••••••••'
    'CP_TRIGGER' => 'dW2axQ3b'
    'CRAFT_DB_SCHEMA' => 'public'
    'CRAFT_DB_TABLE_PREFIX' => ''
    'DEV_MODE' => 'true'
    'ALLOW_ADMIN_CHANGES' => 'true'
    'DISALLOW_ROBOTS' => 'true'
    'TIMEZONE' => 'Europe/Zurich'
    'CAPTCHA_SITE_KEY' => '••••••••••••••••••••••••••••••••••••••••'
    'CAPTCHA_SECRET_KEY' => '••••••••••••••••••••••••••••••••••••••••'
    'WEB_URL' => 'https://derschmuckmacher-v3.ddev.site'
    'WEB_ROOT' => '/var/www/html/web'
    'ASSETS_BASE_URL' => 'https://derschmuckmacher-v3.ddev.site/public'
    'ASSETS_BASE_PATH' => '/var/www/html/web/public'
    'SCHMUCK_BASE_URL' => 'https://derschmuckmacher-v3.ddev.site/public/uploads/schmuck'
    'SCHMUCK_BASE_PATH' => '/var/www/html/web/public/uploads/schmuck'
    'BILDER_BASE_URL' => 'https://derschmuckmacher-v3.ddev.site/public/uploads/bilder'
    'BILDER_BASE_PATH' => '/var/www/html/web/public/uploads/bilder'
] {"environment":"dev","userId":1} 
2026-05-04 15:24:58 [queue.INFO] [yii\db\Connection::open] Opening DB connection: mysql:host=db;dbname=db;port=3306 {"memory":1101352} 
2026-05-04 15:24:58 [queue.INFO] [yii\web\Session::open] Session started {"memory":1529544} 
2026-05-04 15:24:58 [queue.INFO] [nystudio107\codeeditor\CodeEditor::bootstrap] CodeEditor module bootstrapped {"memory":1549064} 
2026-05-04 15:24:58 [queue.INFO] [adigital\cookieconsentbanner\CookieConsentBanner::init] Cookie Consent Banner plugin loaded {"memory":1765384} 
2026-05-04 15:24:58 [queue.INFO] [miranj\obfuscator\Obfuscator::init] Obfuscator plugin loaded {"memory":2725344} 
2026-05-04 15:24:58 [queue.INFO] [yii\db\Connection::open] Opening DB connection: mysql:host=db;dbname=db;port=3306 {"memory":2992976} 
2026-05-04 15:24:58 [queue.INFO] [craft\queue\QueueLogBehavior::beforeExec]  [40720] t9n:["app","Updating search indexes"] (attempt: 1, pid: 1925) - Started {"memory":3051728} 
2026-05-04 15:24:58 [queue.INFO] [craft\queue\QueueLogBehavior::afterExec]  [40720] t9n:["app","Updating search indexes"] (attempt: 1, pid: 1925) - Done (time: 0.010s) {"memory":3643736} 
2026-05-04 15:24:58 [queue.INFO] [craft\queue\QueueLogBehavior::beforeExec]  [40721] t9n:["app","Updating search indexes"] (attempt: 1, pid: 1925) - Started {"memory":3651768} 
2026-05-04 15:24:58 [queue.INFO] [craft\queue\QueueLogBehavior::afterExec]  [40721] t9n:["app","Updating search indexes"] (attempt: 1, pid: 1925) - Done (time: 0.002s) {"memory":3754600} 
2026-05-04 15:24:58 [queue.INFO] [craft\queue\QueueLogBehavior::beforeExec]  [40722] t9n:["app","Updating search indexes"] (attempt: 1, pid: 1925) - Started {"memory":3762584} 
2026-05-04 15:24:58 [queue.INFO] [craft\queue\QueueLogBehavior::afterExec]  [40722] t9n:["app","Updating search indexes"] (attempt: 1, pid: 1925) - Done (time: 0.000s) {"memory":3764008} 
2026-05-04 15:24:58 [queue.INFO] [craft\queue\QueueLogBehavior::beforeExec]  [40723] t9n:["app","Updating search indexes"] (attempt: 1, pid: 1925) - Started {"memory":3776408} 
2026-05-04 15:24:58 [queue.INFO] [craft\queue\QueueLogBehavior::afterExec]  [40723] t9n:["app","Updating search indexes"] (attempt: 1, pid: 1925) - Done (time: 0.000s) {"memory":3777832} 
2026-05-04 15:24:58 [queue.INFO] [craft\queue\QueueLogBehavior::beforeExec]  [40724] t9n:["app","Updating search indexes"] (attempt: 1, pid: 1925) - Started {"memory":3785816} 
2026-05-04 15:24:58 [queue.INFO] [craft\queue\QueueLogBehavior::afterExec]  [40724] t9n:["app","Updating search indexes"] (attempt: 1, pid: 1925) - Done (time: 0.000s) {"memory":3787240} 
2026-05-04 15:24:58 [queue.INFO] [craft\queue\QueueLogBehavior::beforeExec]  [40725] t9n:["app","Updating search indexes"] (attempt: 1, pid: 1925) - Started {"memory":3795224} 
2026-05-04 15:24:58 [queue.INFO] [craft\queue\QueueLogBehavior::afterExec]  [40725] t9n:["app","Updating search indexes"] (attempt: 1, pid: 1925) - Done (time: 0.000s) {"memory":3796648} 
2026-05-04 15:24:58 [queue.INFO] [craft\queue\QueueLogBehavior::beforeExec]  [40726] t9n:["app","Updating search indexes"] (attempt: 1, pid: 1925) - Started {"memory":3804632} 
2026-05-04 15:24:58 [queue.INFO] [craft\queue\QueueLogBehavior::afterExec]  [40726] t9n:["app","Updating search indexes"] (attempt: 1, pid: 1925) - Done (time: 0.005s) {"memory":4288736} 
2026-05-04 15:24:58 [queue.INFO] [craft\queue\QueueLogBehavior::beforeExec]  [40727] t9n:["app","Updating search indexes"] (attempt: 1, pid: 1925) - Started {"memory":4296720} 
2026-05-04 15:24:58 [queue.INFO] [craft\queue\QueueLogBehavior::afterExec]  [40727] t9n:["app","Updating search indexes"] (attempt: 1, pid: 1925) - Done (time: 0.003s) {"memory":4524544} 
2026-05-04 15:24:58 [queue.INFO] [craft\queue\QueueLogBehavior::beforeExec]  [40728] t9n:["app","Pruning extra revisions"] (attempt: 1, pid: 1925) - Started {"memory":4532528} 
2026-05-04 15:24:58 [queue.INFO] [craft\queue\QueueLogBehavior::afterExec]  [40728] t9n:["app","Pruning extra revisions"] (attempt: 1, pid: 1925) - Done (time: 0.000s) {"memory":4657944} 
2026-05-04 15:24:58 [queue.INFO] [craft\queue\QueueLogBehavior::beforeExec]  [40729] t9n:["app","Pruning extra revisions"] (attempt: 1, pid: 1925) - Started {"memory":4674120} 
2026-05-04 15:24:58 [queue.INFO] [craft\queue\QueueLogBehavior::afterExec]  [40729] t9n:["app","Pruning extra revisions"] (attempt: 1, pid: 1925) - Done (time: 0.000s) {"memory":4766736} 
2026-05-04 15:24:58 [queue.INFO] [application] Request context:
$_GET = [
    'p' => 'dW2axQ3b/actions/queue/run'
    'v' => '1777901098369'
]

$_POST = []

$_FILES = []

$_COOKIE = [
    'a8b7b1ec9ffb8baf2c6eaa253fe57112_username' => '26b9ec8568da68d3882e55afaa5d203483c6c5810ee05b5a55c8a0eb10cab93ea:2:{i:0;s:41:\"a8b7b1ec9ffb8baf2c6eaa253fe57112_username\";i:1;s:8:\"odegiuli\";}'
    'cookieconsent_status' => 'dismiss'
    'CraftSessionId' => 'efd6df3eb9a6bce10ae4eb96536bdef3'
    'CRAFT_CSRF_TOKEN' => '••••••••••••••••••••••••••••••••••••••••••••••••••••••••••••••••••••••••••••••••••••••••••••••••••••••••••••••••••••••••••••••••••••••••••••••••••••••••••••••••••••••••••••••••••••••••••••••••••••••••••••••••••••••••••••••••••••••••••••••••••••••••••••••••••'
    'Craft-3626ffc1-d0a3-42e3-98aa-37e8aa759561_sidebar' => 'expanded'
    'Craft-3626ffc1-d0a3-42e3-98aa-37e8aa759561_sidebar-details' => 'expanded'
    'a8b7b1ec9ffb8baf2c6eaa253fe57112_identity' => 'b91ea7575ce71495804217274f759856e8e955e17a0a58fc21360aea2236e9e6a:2:{i:0;s:41:\"a8b7b1ec9ffb8baf2c6eaa253fe57112_identity\";i:1;s:159:\"[1,\"[\\\"ELxIGoEc7DUXp0VRsxnaLkbQYEMBkyN2ENHIBn7OfuylSTW1pOV5XWK0HAmfipzoVwGWdOFKV9W35TakONt5vmdevVMvdbvR-kL1\\\",null,\\\"0ef01a0bceeac5b1d0a2b6557bd3d7b1\\\"]\",3600]\";}'
]

$_SESSION = [
    '22b6a59deafcfb2ffb13c3adf3d98a3b__auth_access' => [
        0 => 'previewElement:8689'
        1 => 'saveAssets:856a3aeb-b21b-4d41-af3f-0a23db430323'
        2 => 'manageNestedElements::8755::field:kacheln'
        3 => 'previewDraft:1026'
        4 => 'previewDraft:1028'
        5 => 'previewDraft:1030'
        6 => 'previewElement:8781'
        7 => 'previewDraft:1032'
        8 => 'previewDraft:1034'
        9 => 'previewDraft:1036'
    ]
    'a8b7b1ec9ffb8baf2c6eaa253fe57112__token' => '••••••••••••••••••••••••••••••••••••••••••••••••••••••••••••••••••••••••••••••••••••••••••••••••••••'
    'a8b7b1ec9ffb8baf2c6eaa253fe57112__id' => 1
    '__authKey' => '••••••••••••••••••••••••••••••••••••••••••••••••••••••••••••••••••••••••••••••••••••••••••••••••••••••••••••••••••••••••••••••••••••••••••••••••'
    'a8b7b1ec9ffb8baf2c6eaa253fe57112__expire' => 1777904698
    '__duration' => 3600
    '__elevated_timeout' => 1777901099
    '22b6a59deafcfb2ffb13c3adf3d98a3b__flash' => []
]

$_SERVER = [
    'DEPLOY_NAME' => 'local'
    'DDEV_WEBSERVER_TYPE' => 'nginx-fpm'
    'npm_config_cache' => '/mnt/ddev-global-cache/npm'
    'COREPACK_ENABLE_DOWNLOAD_PROMPT' => '0'
    'DDEV_GOOS' => 'darwin'
    'IS_DDEV_PROJECT' => 'true'
    'PHP_DEFAULT_VERSION' => '8.3'
    'HOSTNAME' => 'derschmuckmacher-v3-web'
    'MAILPIT_SMTP_PORT' => '1025'
    'MH_SMTP_BIND_ADDR' => '127.0.0.1:1025'
    'DDEV_PRIMARY_URL_WITHOUT_PORT' => 'https://derschmuckmacher-v3.ddev.site'
    'CRAFT_DB_PORT' => '3306'
    'SSH_AUTH_SOCK' => '/home/.ssh-agent/socket'
    'DDEV_GID' => '20'
    'NODE_EXTRA_CA_CERTS' => '/mnt/ddev-global-cache/mkcert/rootCA.pem'
    'DOCKER_IP' => '127.0.0.1'
    'PGPASSWORD' => 'db'
    'CRAFT_WEB_ROOT' => '/var/www/html/web'
    'DDEV_DOCROOT' => 'web'
    'PWD' => '/var/www/html'
    'PLATFORMSH_CLI_UPDATES_CHECK' => '0'
    'DDEV_APPROOT' => '/var/www/html'
    'DDEV_FILES_DIR' => ''
    'START_SCRIPT_TIMEOUT' => '57'
    'APACHE_SITE_TEMPLATE' => '/etc/apache2/apache-site.conf'
    'PHP_INI' => '/etc/php/8.2/fpm/php.ini'
    'DDEV_VERSION' => 'v1.24.10'
    'PRIMARY_SITE_URL' => 'https://derschmuckmacher-v3.ddev.site'
    'TZ' => 'Europe/Zurich'
    'DDEV_XHPROF_MODE' => 'prepend'
    'HTTPS_EXPOSE' => '443:80,8026:8025'
    'COREPACK_HOME' => '/mnt/ddev-global-cache/corepack'
    'CRAFT_DB_DATABASE' => 'db'
    'DDEV_PRIMARY_URL' => 'https://derschmuckmacher-v3.ddev.site'
    'LINES' => '6'
    'DDEV_SITENAME' => 'derschmuckmacher-v3'
    'HOME' => '/home/omar'
    'DRUSH_OPTIONS_URI' => 'https://derschmuckmacher-v3.ddev.site'
    'LANG' => 'C.UTF-8'
    'COLUMNS' => '371'
    'DDEV_MUTAGEN_ENABLED' => 'true'
    'DDEV_USER' => 'omar'
    'PGUSER' => 'db'
    'TERMINUS_CACHE_DIR' => '/mnt/ddev-global-cache/terminus/cache'
    'DDEV_PRIMARY_URL_PORT' => '443'
    'DDEV_ROUTER_HTTP_PORT' => '80'
    'MAILPIT_SMTP_HOSTNAME' => '127.0.0.1'
    'CRAFT_DB_DRIVER' => 'mysql'
    'COMPOSER_PROCESS_TIMEOUT' => '2000'
    'NGINX_SITE_TEMPLATE' => '/etc/nginx/nginx-site.conf'
    'DDEV_FILES_DIRS' => ''
    'CRAFT_DB_SERVER' => 'db'
    'HTTP_EXPOSE' => '80:80,8025:8025'
    'NVM_DIR' => '/home/omar/.nvm'
    'DDEV_PHP_VERSION' => '8.2'
    'DDEV_TLD' => 'ddev.site'
    'DDEV_HOSTNAME' => 'derschmuckmacher-v3.ddev.site'
    'DDEV_PROJECT' => 'derschmuckmacher-v3'
    'DDEV_GOARCH' => 'arm64'
    'VIRTUAL_HOST' => 'derschmuckmacher-v3.ddev.site'
    'TERM' => 'xterm'
    'USER' => 'omar'
    'MYSQL_HISTFILE' => '/mnt/ddev-global-cache/mysqlhistory/derschmuckmacher-v3-web/mysql_history'
    'DDEV_WEB_ENTRYPOINT' => '/mnt/ddev_config/web-entrypoint.d'
    'DDEV_UID' => '501'
    'CAROOT' => '/mnt/ddev-global-cache/mkcert'
    'SHLVL' => '1'
    'COMPOSER_ALLOW_SUPERUSER' => '1'
    'BASH_ENV' => '/etc/bash.nointeractive.bashrc'
    'DDEV_DATABASE' => 'mysql:8.0'
    'PGDATABASE' => 'db'
    'CRAFT_DB_USER' => 'db'
    'DDEV_SCHEME' => 'https'
    'XHPROF_OUTPUT_DIR' => '/tmp/xhprof'
    'COMPOSER_CACHE_DIR' => '/mnt/ddev-global-cache/composer'
    'DDEV_XDEBUG_ENABLED' => 'false'
    'DDEV_DATABASE_FAMILY' => 'mysql'
    'PGHOST' => 'db'
    'DDEV_COMPOSER_ROOT' => '/var/www/html'
    'CRAFT_DB_PASSWORD' => '••'
    'DOCROOT' => 'web'
    'TERMINUS_HIDE_UPDATE_MESSAGE' => '1'
    'PATH' => '/home/omar/bin:/var/www/html/vendor/bin:/usr/local/sbin:/usr/local/bin:/usr/sbin:/usr/bin:/sbin:/bin:/var/www/html/bin:/mnt/ddev-global-cache/global-commands/web'
    'HOST_DOCKER_INTERNAL_IP' => ''
    'DDEV_PROJECT_TYPE' => 'craftcms'
    'DEBIAN_FRONTEND' => 'noninteractive'
    'DDEV_ROUTER_HTTPS_PORT' => '443'
    'EXECIGNORE' => '/var/www/html/vendor/bin/composer'
    'SUPERVISOR_ENABLED' => '1'
    'SUPERVISOR_SERVER_URL' => 'unix:///var/run/supervisor.sock'
    'SUPERVISOR_PROCESS_NAME' => 'php-fpm'
    'SUPERVISOR_GROUP_NAME' => 'php-fpm'
    'HTTP_X_REQUESTED_WITH' => 'XMLHttpRequest'
    'HTTP_X_REGISTERED_JS_FILES' => '6276b818'
    'HTTP_X_REGISTERED_ASSET_BUNDLES' => '815d39ea,92d8701,22e517a2,aee7f8dc,26c46c25,e505ffd6,6b4d7555,bb2f10a0,e5e48399,fc0bc163,1ccab40d,1e21896b,54698ee0,b842675b,1c3c9add,4b1fd285,d8d08e47,8f00ce04,8768f48b,cf3018d6,ec6d0256,7b7669ac,75f47f25'
    'HTTP_X_REAL_IP' => '172.18.0.1'
    'HTTP_X_FORWARDED_SERVER' => 'e41c480b8ab1'
    'HTTP_X_FORWARDED_PROTO' => 'https'
    'HTTP_X_FORWARDED_PORT' => '443'
    'HTTP_X_FORWARDED_HOST' => 'derschmuckmacher-v3.ddev.site'
    'HTTP_X_FORWARDED_FOR' => '172.18.0.1'
    'HTTP_X_CSRF_TOKEN' => '••••••••••••••••••••••••••••••••••••••••••••••••••••••••••••••••••••••••••••••••••••••••••••••••••••••••••••••••••••••••••••••••••••••••••••••••••••••••••••••••••••••••••••••••••••••••••••••••••••••••••••••••••••••••••••••••••••••••••••••••••••••••••••••••••••••••••••••••••••••••••••••••••••••••••••••••••••••••••••••••••••••••••••••••••••••••••••••••••••••••••••••••••••••••••••••••••••••••'
    'HTTP_TE' => 'trailers'
    'HTTP_SEC_GPC' => '1'
    'HTTP_SEC_FETCH_SITE' => 'same-origin'
    'HTTP_SEC_FETCH_MODE' => 'cors'
    'HTTP_SEC_FETCH_DEST' => 'empty'
    'HTTP_REFERER' => 'https://derschmuckmacher-v3.ddev.site/dW2axQ3b/content/entries/singles/8781-schmuckst%C3%BCcke'
    'HTTP_ORIGIN' => 'https://derschmuckmacher-v3.ddev.site'
    'HTTP_COOKIE' => 'a8b7b1ec9ffb8baf2c6eaa253fe57112_username=26b9ec8568da68d3882e55afaa5d203483c6c5810ee05b5a55c8a0eb10cab93ea%3A2%3A%7Bi%3A0%3Bs%3A41%3A%22a8b7b1ec9ffb8baf2c6eaa253fe57112_username%22%3Bi%3A1%3Bs%3A8%3A%22odegiuli%22%3B%7D; cookieconsent_status=dismiss; CraftSessionId=efd6df3eb9a6bce10ae4eb96536bdef3; CRAFT_CSRF_TOKEN=5f0129e766c1d60a304c5b2b77758ee9859b2cc5fbd195fe80fa71ffc0c670eaa%3A2%3A%7Bi%3A0%3Bs%3A16%3A%22CRAFT_CSRF_TOKEN%22%3Bi%3A1%3Bs%3A147%3A%22ifNE57H486zr3C99fgKlQp266RX2LurQQ_FrgOuv%7Ccfe2656443ababa12bd8531fc6be39c06e85c07ed7c01ad4b06baad274f80ed2ifNE57H486zr3C99fgKlQp266RX2LurQQ_FrgOuv%7C1%22%3B%7D; Craft-3626ffc1-d0a3-42e3-98aa-37e8aa759561_sidebar=expanded; Craft-3626ffc1-d0a3-42e3-98aa-37e8aa759561_sidebar-details=expanded; a8b7b1ec9ffb8baf2c6eaa253fe57112_identity=b91ea7575ce71495804217274f759856e8e955e17a0a58fc21360aea2236e9e6a%3A2%3A%7Bi%3A0%3Bs%3A41%3A%22a8b7b1ec9ffb8baf2c6eaa253fe57112_identity%22%3Bi%3A1%3Bs%3A159%3A%22%5B1%2C%22%5B%5C%22ELxIGoEc7DUXp0VRsxnaLkbQYEMBkyN2ENHIBn7OfuylSTW1pOV5XWK0HAmfipzoVwGWdOFKV9W35TakONt5vmdevVMvdbvR-kL1%5C%22%2Cnull%2C%5C%220ef01a0bceeac5b1d0a2b6557bd3d7b1%5C%22%5D%22%2C3600%5D%22%3B%7D'
    'HTTP_ACCEPT_LANGUAGE' => 'de,en-US;q=0.9,en;q=0.8'
    'HTTP_ACCEPT_ENCODING' => 'gzip, deflate, br, zstd'
    'HTTP_ACCEPT' => 'application/json, text/plain, */*'
    'HTTP_CONTENT_LENGTH' => '0'
    'HTTP_USER_AGENT' => 'Mozilla/5.0 (Macintosh; Intel Mac OS X 10.15; rv:150.0) Gecko/20100101 Firefox/150.0'
    'HTTP_HOST' => 'derschmuckmacher-v3.ddev.site'
    'HTTPS' => 'on'
    'REDIRECT_STATUS' => '200'
    'SERVER_NAME' => 'derschmuckmacher-v3.ddev.site'
    'SERVER_PORT' => '80'
    'SERVER_ADDR' => '172.18.0.3'
    'REMOTE_PORT' => '42316'
    'REMOTE_ADDR' => '172.18.0.5'
    'SERVER_SOFTWARE' => 'nginx/1.28.0'
    'GATEWAY_INTERFACE' => 'CGI/1.1'
    'REQUEST_SCHEME' => 'http'
    'SERVER_PROTOCOL' => 'HTTP/1.1'
    'DOCUMENT_ROOT' => '/var/www/html/web'
    'DOCUMENT_URI' => '/index.php'
    'REQUEST_URI' => '/index.php?p=dW2axQ3b%2Factions%2Fqueue%2Frun&v=1777901098369'
    'CONTENT_LENGTH' => '0'
    'CONTENT_TYPE' => ''
    'REQUEST_METHOD' => 'POST'
    'QUERY_STRING' => 'p=dW2axQ3b%2Factions%2Fqueue%2Frun&v=1777901098369'
    'SCRIPT_NAME' => '/index.php'
    'SCRIPT_FILENAME' => '/var/www/html/web/index.php'
    'FCGI_ROLE' => 'RESPONDER'
    'PHP_SELF' => '/index.php'
    'REQUEST_TIME_FLOAT' => 1777901098.3709
    'REQUEST_TIME' => 1777901098
    'CRAFT_APP_ID' => 'CraftCMS--3933bc78-29f5-4b79-bcc5-c31faf0fcd20'
    'CRAFT_ENVIRONMENT' => 'dev'
    'ENVIRONMENT' => 'dev'
    'CRAFT_SECURITY_KEY' => '••••••••••••••••••••••••••••••••'
    'CP_TRIGGER' => 'dW2axQ3b'
    'CRAFT_DB_SCHEMA' => 'public'
    'CRAFT_DB_TABLE_PREFIX' => ''
    'DEV_MODE' => 'true'
    'ALLOW_ADMIN_CHANGES' => 'true'
    'DISALLOW_ROBOTS' => 'true'
    'TIMEZONE' => 'Europe/Zurich'
    'CAPTCHA_SITE_KEY' => '••••••••••••••••••••••••••••••••••••••••'
    'CAPTCHA_SECRET_KEY' => '••••••••••••••••••••••••••••••••••••••••'
    'WEB_URL' => 'https://derschmuckmacher-v3.ddev.site'
    'WEB_ROOT' => '/var/www/html/web'
    'ASSETS_BASE_URL' => 'https://derschmuckmacher-v3.ddev.site/public'
    'ASSETS_BASE_PATH' => '/var/www/html/web/public'
    'SCHMUCK_BASE_URL' => 'https://derschmuckmacher-v3.ddev.site/public/uploads/schmuck'
    'SCHMUCK_BASE_PATH' => '/var/www/html/web/public/uploads/schmuck'
    'BILDER_BASE_URL' => 'https://derschmuckmacher-v3.ddev.site/public/uploads/bilder'
    'BILDER_BASE_PATH' => '/var/www/html/web/public/uploads/bilder'
] {"environment":"dev","userId":1} 
