2026-03-17 07:19:55 [queue.INFO] [yii\db\Connection::open] Opening DB connection: mysql:host=db;dbname=db;port=3306 {"memory":1100824} 
2026-03-17 07:19:55 [queue.INFO] [yii\web\Session::open] Session started {"memory":1432240} 
2026-03-17 07:19:55 [queue.INFO] [nystudio107\codeeditor\CodeEditor::bootstrap] CodeEditor module bootstrapped {"memory":1454888} 
2026-03-17 07:19:55 [queue.INFO] [adigital\cookieconsentbanner\CookieConsentBanner::init] Cookie Consent Banner plugin loaded {"memory":1669256} 
2026-03-17 07:19:55 [queue.INFO] [miranj\obfuscator\Obfuscator::init] Obfuscator plugin loaded {"memory":2589840} 
2026-03-17 07:19:55 [queue.INFO] [yii\db\Connection::open] Opening DB connection: mysql:host=db;dbname=db;port=3306 {"memory":2840120} 
2026-03-17 07:19:55 [queue.INFO] [craft\queue\QueueLogBehavior::beforeExec]  [38788] Freeform: Purging Old Notification Logs (attempt: 1, pid: 2192) - Started {"memory":2898152} 
2026-03-17 07:19:55 [queue.INFO] [craft\queue\QueueLogBehavior::afterExec]  [38788] Freeform: Purging Old Notification Logs (attempt: 1, pid: 2192) - Done (time: 0.001s) {"memory":2916536} 
2026-03-17 07:19:55 [queue.INFO] [craft\queue\QueueLogBehavior::beforeExec]  [38789] Freeform: Unfertige Dateien löschen (attempt: 1, pid: 2192) - Started {"memory":3088680} 
2026-03-17 07:19:55 [queue.INFO] [craft\queue\QueueLogBehavior::afterExec]  [38789] Freeform: Unfertige Dateien löschen (attempt: 1, pid: 2192) - Done (time: 0.001s) {"memory":3092704} 
2026-03-17 07:19:55 [queue.INFO] [application] Request context:
$_GET = [
    'p' => 'dW2axQ3b/actions/queue/run'
    'v' => '1773728517928'
]

$_POST = []

$_FILES = []

$_COOKIE = [
    'cookieconsent_status' => 'dismiss'
    'CraftSessionId' => 'a5baf06fb952fff2296158a99d87449e'
    'CRAFT_CSRF_TOKEN' => '••••••••••••••••••••••••••••••••••••••••••••••••••••••••••••••••••••••••••••••••••••••••••••••••••••••••••••••••••••••••••••••••••••••••••••••••••••••••••••••••••••••••••••••••••••••••••••••••••••••••••••••••••••••••••••••••••••••••••••••••••••••••••••••••••'
    'a8b7b1ec9ffb8baf2c6eaa253fe57112_username' => '26b9ec8568da68d3882e55afaa5d203483c6c5810ee05b5a55c8a0eb10cab93ea:2:{i:0;s:41:\"a8b7b1ec9ffb8baf2c6eaa253fe57112_username\";i:1;s:8:\"odegiuli\";}'
    'Craft-3626ffc1-d0a3-42e3-98aa-37e8aa759561_sidebar' => 'expanded'
    'Craft-3626ffc1-d0a3-42e3-98aa-37e8aa759561_sidebar-details' => 'expanded'
    'a8b7b1ec9ffb8baf2c6eaa253fe57112_identity' => '8d7077bf8bee1c3da493b804422de166b0d7d363cdf00bbe5e179148537f6b0da:2:{i:0;s:41:\"a8b7b1ec9ffb8baf2c6eaa253fe57112_identity\";i:1;s:159:\"[1,\"[\\\"1N7cYiKALF4B4nZi9u1t212LDNO2o91feGsMdT1zfM-YSgKwCbbFUKRMe3dmIDVOzNrGJXhA6e2EtiVR51yZUCzWP9Vu-UQELOE4\\\",null,\\\"54dc9f5354b7a13af97c59945268465e\\\"]\",3600]\";}'
]

$_SESSION = [
    '22b6a59deafcfb2ffb13c3adf3d98a3b__auth_access' => [
        0 => 'previewElement:8578'
        1 => 'saveAssets:1986f3e0-bf2e-4ccd-b34c-7ec2d979afdd'
        2 => 'editStructure:2'
        3 => 'editStructure:1'
    ]
    '22b6a59deafcfb2ffb13c3adf3d98a3b__flash' => []
    'a8b7b1ec9ffb8baf2c6eaa253fe57112__token' => '••••••••••••••••••••••••••••••••••••••••••••••••••••••••••••••••••••••••••••••••••••••••••••••••••••'
    'a8b7b1ec9ffb8baf2c6eaa253fe57112__id' => 1
    '__authKey' => '••••••••••••••••••••••••••••••••••••••••••••••••••••••••••••••••••••••••••••••••••••••••••••••••••••••••••••••••••••••••••••••••••••••••••••••••'
    'a8b7b1ec9ffb8baf2c6eaa253fe57112__expire' => 1773731995
    '__duration' => 3600
    '__elevated_timeout' => 1773728695
]

$_SERVER = [
    'DEPLOY_NAME' => 'local'
    'DDEV_WEBSERVER_TYPE' => 'nginx-fpm'
    'npm_config_cache' => '/mnt/ddev-global-cache/npm'
    'COREPACK_ENABLE_DOWNLOAD_PROMPT' => '0'
    'DDEV_GOOS' => 'darwin'
    'IS_DDEV_PROJECT' => 'true'
    'PHP_DEFAULT_VERSION' => '8.3'
    'HOSTNAME' => 'derschmuckmacher-v3-web'
    'MAILPIT_SMTP_PORT' => '1025'
    'MH_SMTP_BIND_ADDR' => '127.0.0.1:1025'
    'DDEV_PRIMARY_URL_WITHOUT_PORT' => 'https://derschmuckmacher-v3.ddev.site'
    'CRAFT_DB_PORT' => '3306'
    'SSH_AUTH_SOCK' => '/home/.ssh-agent/socket'
    'DDEV_GID' => '20'
    'NODE_EXTRA_CA_CERTS' => '/mnt/ddev-global-cache/mkcert/rootCA.pem'
    'DOCKER_IP' => '127.0.0.1'
    'PGPASSWORD' => 'db'
    'CRAFT_WEB_ROOT' => '/var/www/html/web'
    'DDEV_DOCROOT' => 'web'
    'PWD' => '/var/www/html'
    'PLATFORMSH_CLI_UPDATES_CHECK' => '0'
    'DDEV_APPROOT' => '/var/www/html'
    'DDEV_FILES_DIR' => ''
    'START_SCRIPT_TIMEOUT' => '57'
    'APACHE_SITE_TEMPLATE' => '/etc/apache2/apache-site.conf'
    'PHP_INI' => '/etc/php/8.2/fpm/php.ini'
    'DDEV_VERSION' => 'v1.24.10'
    'PRIMARY_SITE_URL' => 'https://derschmuckmacher-v3.ddev.site'
    'TZ' => 'Europe/Zurich'
    'DDEV_XHPROF_MODE' => 'prepend'
    'HTTPS_EXPOSE' => '443:80,8026:8025'
    'COREPACK_HOME' => '/mnt/ddev-global-cache/corepack'
    'CRAFT_DB_DATABASE' => 'db'
    'DDEV_PRIMARY_URL' => 'https://derschmuckmacher-v3.ddev.site'
    'LINES' => '17'
    'DDEV_SITENAME' => 'derschmuckmacher-v3'
    'HOME' => '/home/omar'
    'DRUSH_OPTIONS_URI' => 'https://derschmuckmacher-v3.ddev.site'
    'LANG' => 'C.UTF-8'
    'COLUMNS' => '371'
    'DDEV_MUTAGEN_ENABLED' => 'true'
    'DDEV_USER' => 'omar'
    'PGUSER' => 'db'
    'TERMINUS_CACHE_DIR' => '/mnt/ddev-global-cache/terminus/cache'
    'DDEV_PRIMARY_URL_PORT' => '443'
    'DDEV_ROUTER_HTTP_PORT' => '80'
    'MAILPIT_SMTP_HOSTNAME' => '127.0.0.1'
    'CRAFT_DB_DRIVER' => 'mysql'
    'COMPOSER_PROCESS_TIMEOUT' => '2000'
    'NGINX_SITE_TEMPLATE' => '/etc/nginx/nginx-site.conf'
    'DDEV_FILES_DIRS' => ''
    'CRAFT_DB_SERVER' => 'db'
    'HTTP_EXPOSE' => '80:80,8025:8025'
    'NVM_DIR' => '/home/omar/.nvm'
    'DDEV_PHP_VERSION' => '8.2'
    'DDEV_TLD' => 'ddev.site'
    'DDEV_HOSTNAME' => 'derschmuckmacher-v3.ddev.site'
    'DDEV_PROJECT' => 'derschmuckmacher-v3'
    'DDEV_GOARCH' => 'arm64'
    'VIRTUAL_HOST' => 'derschmuckmacher-v3.ddev.site'
    'TERM' => 'xterm'
    'USER' => 'omar'
    'MYSQL_HISTFILE' => '/mnt/ddev-global-cache/mysqlhistory/derschmuckmacher-v3-web/mysql_history'
    'DDEV_WEB_ENTRYPOINT' => '/mnt/ddev_config/web-entrypoint.d'
    'DDEV_UID' => '501'
    'CAROOT' => '/mnt/ddev-global-cache/mkcert'
    'SHLVL' => '1'
    'COMPOSER_ALLOW_SUPERUSER' => '1'
    'BASH_ENV' => '/etc/bash.nointeractive.bashrc'
    'DDEV_DATABASE' => 'mysql:8.0'
    'PGDATABASE' => 'db'
    'CRAFT_DB_USER' => 'db'
    'DDEV_SCHEME' => 'https'
    'XHPROF_OUTPUT_DIR' => '/tmp/xhprof'
    'COMPOSER_CACHE_DIR' => '/mnt/ddev-global-cache/composer'
    'DDEV_XDEBUG_ENABLED' => 'false'
    'DDEV_DATABASE_FAMILY' => 'mysql'
    'PGHOST' => 'db'
    'DDEV_COMPOSER_ROOT' => '/var/www/html'
    'CRAFT_DB_PASSWORD' => '••'
    'DOCROOT' => 'web'
    'TERMINUS_HIDE_UPDATE_MESSAGE' => '1'
    'PATH' => '/home/omar/bin:/var/www/html/vendor/bin:/usr/local/sbin:/usr/local/bin:/usr/sbin:/usr/bin:/sbin:/bin:/var/www/html/bin:/mnt/ddev-global-cache/global-commands/web'
    'HOST_DOCKER_INTERNAL_IP' => ''
    'DDEV_PROJECT_TYPE' => 'craftcms'
    'DEBIAN_FRONTEND' => 'noninteractive'
    'DDEV_ROUTER_HTTPS_PORT' => '443'
    'EXECIGNORE' => '/var/www/html/vendor/bin/composer'
    'SUPERVISOR_ENABLED' => '1'
    'SUPERVISOR_SERVER_URL' => 'unix:///var/run/supervisor.sock'
    'SUPERVISOR_PROCESS_NAME' => 'php-fpm'
    'SUPERVISOR_GROUP_NAME' => 'php-fpm'
    'HTTP_X_REQUESTED_WITH' => 'XMLHttpRequest'
    'HTTP_X_REGISTERED_JS_FILES' => ''
    'HTTP_X_REGISTERED_ASSET_BUNDLES' => '82742c9d,22e517a2,aee7f8dc,26c46c25,e505ffd6,6b4d7555,bb2f10a0,e5e48399,815d39ea,fc0bc163,1ccab40d,1e21896b,54698ee0,b842675b,1c3c9add,4b1fd285,d8d08e47,8f00ce04,8768f48b,cf3018d6,ec6d0256,da94c921'
    'HTTP_X_REAL_IP' => '172.18.0.1'
    'HTTP_X_FORWARDED_SERVER' => '61e6ccb23c1b'
    'HTTP_X_FORWARDED_PROTO' => 'https'
    'HTTP_X_FORWARDED_PORT' => '443'
    'HTTP_X_FORWARDED_HOST' => 'derschmuckmacher-v3.ddev.site'
    'HTTP_X_FORWARDED_FOR' => '172.18.0.1'
    'HTTP_X_CSRF_TOKEN' => '••••••••••••••••••••••••••••••••••••••••••••••••••••••••••••••••••••••••••••••••••••••••••••••••••••••••••••••••••••••••••••••••••••••••••••••••••••••••••••••••••••••••••••••••••••••••••••••••••••••••••••••••••••••••••••••••••••••••••••••••••••••••••••••••••••••••••••••••••••••••••••••••••••••••••••••••••••••••••••••••••••••••••••••••••••••••••••••••••••••••••••••••••••••••••••••••••••••••'
    'HTTP_TE' => 'trailers'
    'HTTP_SEC_GPC' => '1'
    'HTTP_SEC_FETCH_SITE' => 'same-origin'
    'HTTP_SEC_FETCH_MODE' => 'cors'
    'HTTP_SEC_FETCH_DEST' => 'empty'
    'HTTP_REFERER' => 'https://derschmuckmacher-v3.ddev.site/dW2axQ3b/utilities/db-backup'
    'HTTP_ORIGIN' => 'https://derschmuckmacher-v3.ddev.site'
    'HTTP_COOKIE' => 'cookieconsent_status=dismiss; CraftSessionId=a5baf06fb952fff2296158a99d87449e; CRAFT_CSRF_TOKEN=16740b48ba3f84595b6c56ef142b19f6b046fde54bc23622280b174e295f39afa%3A2%3A%7Bi%3A0%3Bs%3A16%3A%22CRAFT_CSRF_TOKEN%22%3Bi%3A1%3Bs%3A147%3A%22JfpP7gD_LrPE_phoiRWTtDPS49nkCv82f0DSgxK4%7Cd91b1261e5555fd659eaa053e8d63b8b95dfcc835d2840aef88e1c92e480d8e2JfpP7gD_LrPE_phoiRWTtDPS49nkCv82f0DSgxK4%7C1%22%3B%7D; a8b7b1ec9ffb8baf2c6eaa253fe57112_username=26b9ec8568da68d3882e55afaa5d203483c6c5810ee05b5a55c8a0eb10cab93ea%3A2%3A%7Bi%3A0%3Bs%3A41%3A%22a8b7b1ec9ffb8baf2c6eaa253fe57112_username%22%3Bi%3A1%3Bs%3A8%3A%22odegiuli%22%3B%7D; Craft-3626ffc1-d0a3-42e3-98aa-37e8aa759561_sidebar=expanded; Craft-3626ffc1-d0a3-42e3-98aa-37e8aa759561_sidebar-details=expanded; a8b7b1ec9ffb8baf2c6eaa253fe57112_identity=8d7077bf8bee1c3da493b804422de166b0d7d363cdf00bbe5e179148537f6b0da%3A2%3A%7Bi%3A0%3Bs%3A41%3A%22a8b7b1ec9ffb8baf2c6eaa253fe57112_identity%22%3Bi%3A1%3Bs%3A159%3A%22%5B1%2C%22%5B%5C%221N7cYiKALF4B4nZi9u1t212LDNO2o91feGsMdT1zfM-YSgKwCbbFUKRMe3dmIDVOzNrGJXhA6e2EtiVR51yZUCzWP9Vu-UQELOE4%5C%22%2Cnull%2C%5C%2254dc9f5354b7a13af97c59945268465e%5C%22%5D%22%2C3600%5D%22%3B%7D'
    'HTTP_ACCEPT_LANGUAGE' => 'de,en-US;q=0.9,en;q=0.8'
    'HTTP_ACCEPT_ENCODING' => 'gzip, deflate, br, zstd'
    'HTTP_ACCEPT' => 'application/json, text/plain, */*'
    'HTTP_CONTENT_LENGTH' => '0'
    'HTTP_USER_AGENT' => 'Mozilla/5.0 (Macintosh; Intel Mac OS X 10.15; rv:148.0) Gecko/20100101 Firefox/148.0'
    'HTTP_HOST' => 'derschmuckmacher-v3.ddev.site'
    'HTTPS' => 'on'
    'REDIRECT_STATUS' => '200'
    'SERVER_NAME' => 'derschmuckmacher-v3.ddev.site'
    'SERVER_PORT' => '80'
    'SERVER_ADDR' => '172.18.0.3'
    'REMOTE_PORT' => '35114'
    'REMOTE_ADDR' => '172.18.0.5'
    'SERVER_SOFTWARE' => 'nginx/1.28.0'
    'GATEWAY_INTERFACE' => 'CGI/1.1'
    'REQUEST_SCHEME' => 'http'
    'SERVER_PROTOCOL' => 'HTTP/1.1'
    'DOCUMENT_ROOT' => '/var/www/html/web'
    'DOCUMENT_URI' => '/index.php'
    'REQUEST_URI' => '/index.php?p=dW2axQ3b%2Factions%2Fqueue%2Frun&v=1773728517928'
    'CONTENT_LENGTH' => '0'
    'CONTENT_TYPE' => ''
    'REQUEST_METHOD' => 'POST'
    'QUERY_STRING' => 'p=dW2axQ3b%2Factions%2Fqueue%2Frun&v=1773728517928'
    'SCRIPT_NAME' => '/index.php'
    'SCRIPT_FILENAME' => '/var/www/html/web/index.php'
    'FCGI_ROLE' => 'RESPONDER'
    'PHP_SELF' => '/index.php'
    'REQUEST_TIME_FLOAT' => 1773728395.6497
    'REQUEST_TIME' => 1773728395
    'CRAFT_APP_ID' => 'CraftCMS--3933bc78-29f5-4b79-bcc5-c31faf0fcd20'
    'CRAFT_ENVIRONMENT' => 'dev'
    'ENVIRONMENT' => 'dev'
    'CRAFT_SECURITY_KEY' => '••••••••••••••••••••••••••••••••'
    'CP_TRIGGER' => 'dW2axQ3b'
    'CRAFT_DB_SCHEMA' => 'public'
    'CRAFT_DB_TABLE_PREFIX' => ''
    'DEV_MODE' => 'true'
    'ALLOW_ADMIN_CHANGES' => 'true'
    'DISALLOW_ROBOTS' => 'true'
    'TIMEZONE' => 'Europe/Zurich'
    'CAPTCHA_SITE_KEY' => '••••••••••••••••••••••••••••••••••••••••'
    'CAPTCHA_SECRET_KEY' => '••••••••••••••••••••••••••••••••••••••••'
    'WEB_URL' => 'https://derschmuckmacher-v3.ddev.site'
    'WEB_ROOT' => '/var/www/html/web'
    'ASSETS_BASE_URL' => 'https://derschmuckmacher-v3.ddev.site/public'
    'ASSETS_BASE_PATH' => '/var/www/html/web/public'
    'SCHMUCK_BASE_URL' => 'https://derschmuckmacher-v3.ddev.site/public/uploads/schmuck'
    'SCHMUCK_BASE_PATH' => '/var/www/html/web/public/uploads/schmuck'
] {"environment":"dev","userId":1} 
2026-03-17 11:45:18 [queue.INFO] [yii\db\Connection::open] Opening DB connection: mysql:host=db;dbname=db;port=3306 {"memory":1100824} 
2026-03-17 11:45:18 [queue.INFO] [yii\web\Session::open] Session started {"memory":1432240} 
2026-03-17 11:45:18 [queue.INFO] [nystudio107\codeeditor\CodeEditor::bootstrap] CodeEditor module bootstrapped {"memory":1454888} 
2026-03-17 11:45:18 [queue.INFO] [adigital\cookieconsentbanner\CookieConsentBanner::init] Cookie Consent Banner plugin loaded {"memory":1669256} 
2026-03-17 11:45:18 [queue.INFO] [miranj\obfuscator\Obfuscator::init] Obfuscator plugin loaded {"memory":2589840} 
2026-03-17 11:45:18 [queue.INFO] [yii\db\Connection::open] Opening DB connection: mysql:host=db;dbname=db;port=3306 {"memory":2840120} 
2026-03-17 11:45:18 [queue.INFO] [craft\queue\QueueLogBehavior::beforeExec]  [38790] Freeform: Purging Old Notification Logs (attempt: 1, pid: 6438) - Started {"memory":2898152} 
2026-03-17 11:45:18 [queue.INFO] [craft\queue\QueueLogBehavior::afterExec]  [38790] Freeform: Purging Old Notification Logs (attempt: 1, pid: 6438) - Done (time: 0.002s) {"memory":2916536} 
2026-03-17 11:45:18 [queue.INFO] [craft\queue\QueueLogBehavior::beforeExec]  [38791] Freeform: Unfertige Dateien löschen (attempt: 1, pid: 6438) - Started {"memory":3088680} 
2026-03-17 11:45:18 [queue.INFO] [craft\queue\QueueLogBehavior::afterExec]  [38791] Freeform: Unfertige Dateien löschen (attempt: 1, pid: 6438) - Done (time: 0.001s) {"memory":3092704} 
2026-03-17 11:45:18 [queue.INFO] [application] Request context:
$_GET = [
    'p' => 'dW2axQ3b/actions/queue/run'
    'v' => '1773744318415'
]

$_POST = []

$_FILES = []

$_COOKIE = [
    'cookieconsent_status' => 'dismiss'
    'CraftSessionId' => 'e982e518adc7dabfb26afcb21225ddf5'
    'CRAFT_CSRF_TOKEN' => '••••••••••••••••••••••••••••••••••••••••••••••••••••••••••••••••••••••••••••••••••••••••••••••••••••••••••••••••••••••••••••••••••••••••••••••••••••••••••••••••••••••••••••••••••••••••••••••••••••••••••••••••••••••••••••••••••••••••••••••••••••••••••••••••••'
    'a8b7b1ec9ffb8baf2c6eaa253fe57112_username' => '26b9ec8568da68d3882e55afaa5d203483c6c5810ee05b5a55c8a0eb10cab93ea:2:{i:0;s:41:\"a8b7b1ec9ffb8baf2c6eaa253fe57112_username\";i:1;s:8:\"odegiuli\";}'
    'Craft-3626ffc1-d0a3-42e3-98aa-37e8aa759561_sidebar' => 'expanded'
    'Craft-3626ffc1-d0a3-42e3-98aa-37e8aa759561_sidebar-details' => 'expanded'
    'a8b7b1ec9ffb8baf2c6eaa253fe57112_identity' => '25aacbedfb4c8cc8c68de28857f4cf6f9465d7baa71195549cd47b8f51170792a:2:{i:0;s:41:\"a8b7b1ec9ffb8baf2c6eaa253fe57112_identity\";i:1;s:159:\"[1,\"[\\\"KguSAKfls5CiSO4sNjSFGHjfV-7r0BGcsNX6Zw7vAchj2R-CbURU_AgPqLNJfsj4phFID5aXoz6QyS0qSbN5NcZLPLjOp8-JUblC\\\",null,\\\"54dc9f5354b7a13af97c59945268465e\\\"]\",3600]\";}'
]

$_SESSION = [
    '22b6a59deafcfb2ffb13c3adf3d98a3b__auth_access' => [
        0 => 'previewElement:8578'
        1 => 'saveAssets:1986f3e0-bf2e-4ccd-b34c-7ec2d979afdd'
        2 => 'editStructure:2'
        3 => 'editStructure:1'
    ]
    '22b6a59deafcfb2ffb13c3adf3d98a3b__flash' => []
    'a8b7b1ec9ffb8baf2c6eaa253fe57112__token' => '••••••••••••••••••••••••••••••••••••••••••••••••••••••••••••••••••••••••••••••••••••••••••••••••••••'
    'a8b7b1ec9ffb8baf2c6eaa253fe57112__id' => 1
    '__authKey' => '••••••••••••••••••••••••••••••••••••••••••••••••••••••••••••••••••••••••••••••••••••••••••••••••••••••••••••••••••••••••••••••••••••••••••••••••'
    'a8b7b1ec9ffb8baf2c6eaa253fe57112__expire' => 1773747918
    '__duration' => 3600
    '__elevated_timeout' => 1773744618
]

$_SERVER = [
    'DEPLOY_NAME' => 'local'
    'DDEV_WEBSERVER_TYPE' => 'nginx-fpm'
    'npm_config_cache' => '/mnt/ddev-global-cache/npm'
    'COREPACK_ENABLE_DOWNLOAD_PROMPT' => '0'
    'DDEV_GOOS' => 'darwin'
    'IS_DDEV_PROJECT' => 'true'
    'PHP_DEFAULT_VERSION' => '8.3'
    'HOSTNAME' => 'derschmuckmacher-v3-web'
    'MAILPIT_SMTP_PORT' => '1025'
    'MH_SMTP_BIND_ADDR' => '127.0.0.1:1025'
    'DDEV_PRIMARY_URL_WITHOUT_PORT' => 'https://derschmuckmacher-v3.ddev.site'
    'CRAFT_DB_PORT' => '3306'
    'SSH_AUTH_SOCK' => '/home/.ssh-agent/socket'
    'DDEV_GID' => '20'
    'NODE_EXTRA_CA_CERTS' => '/mnt/ddev-global-cache/mkcert/rootCA.pem'
    'DOCKER_IP' => '127.0.0.1'
    'PGPASSWORD' => 'db'
    'CRAFT_WEB_ROOT' => '/var/www/html/web'
    'DDEV_DOCROOT' => 'web'
    'PWD' => '/var/www/html'
    'PLATFORMSH_CLI_UPDATES_CHECK' => '0'
    'DDEV_APPROOT' => '/var/www/html'
    'DDEV_FILES_DIR' => ''
    'START_SCRIPT_TIMEOUT' => '57'
    'APACHE_SITE_TEMPLATE' => '/etc/apache2/apache-site.conf'
    'PHP_INI' => '/etc/php/8.2/fpm/php.ini'
    'DDEV_VERSION' => 'v1.24.10'
    'PRIMARY_SITE_URL' => 'https://derschmuckmacher-v3.ddev.site'
    'TZ' => 'Europe/Zurich'
    'DDEV_XHPROF_MODE' => 'prepend'
    'HTTPS_EXPOSE' => '443:80,8026:8025'
    'COREPACK_HOME' => '/mnt/ddev-global-cache/corepack'
    'CRAFT_DB_DATABASE' => 'db'
    'DDEV_PRIMARY_URL' => 'https://derschmuckmacher-v3.ddev.site'
    'LINES' => '17'
    'DDEV_SITENAME' => 'derschmuckmacher-v3'
    'HOME' => '/home/omar'
    'DRUSH_OPTIONS_URI' => 'https://derschmuckmacher-v3.ddev.site'
    'LANG' => 'C.UTF-8'
    'COLUMNS' => '371'
    'DDEV_MUTAGEN_ENABLED' => 'true'
    'DDEV_USER' => 'omar'
    'PGUSER' => 'db'
    'TERMINUS_CACHE_DIR' => '/mnt/ddev-global-cache/terminus/cache'
    'DDEV_PRIMARY_URL_PORT' => '443'
    'DDEV_ROUTER_HTTP_PORT' => '80'
    'MAILPIT_SMTP_HOSTNAME' => '127.0.0.1'
    'CRAFT_DB_DRIVER' => 'mysql'
    'COMPOSER_PROCESS_TIMEOUT' => '2000'
    'NGINX_SITE_TEMPLATE' => '/etc/nginx/nginx-site.conf'
    'DDEV_FILES_DIRS' => ''
    'CRAFT_DB_SERVER' => 'db'
    'HTTP_EXPOSE' => '80:80,8025:8025'
    'NVM_DIR' => '/home/omar/.nvm'
    'DDEV_PHP_VERSION' => '8.2'
    'DDEV_TLD' => 'ddev.site'
    'DDEV_HOSTNAME' => 'derschmuckmacher-v3.ddev.site'
    'DDEV_PROJECT' => 'derschmuckmacher-v3'
    'DDEV_GOARCH' => 'arm64'
    'VIRTUAL_HOST' => 'derschmuckmacher-v3.ddev.site'
    'TERM' => 'xterm'
    'USER' => 'omar'
    'MYSQL_HISTFILE' => '/mnt/ddev-global-cache/mysqlhistory/derschmuckmacher-v3-web/mysql_history'
    'DDEV_WEB_ENTRYPOINT' => '/mnt/ddev_config/web-entrypoint.d'
    'DDEV_UID' => '501'
    'CAROOT' => '/mnt/ddev-global-cache/mkcert'
    'SHLVL' => '1'
    'COMPOSER_ALLOW_SUPERUSER' => '1'
    'BASH_ENV' => '/etc/bash.nointeractive.bashrc'
    'DDEV_DATABASE' => 'mysql:8.0'
    'PGDATABASE' => 'db'
    'CRAFT_DB_USER' => 'db'
    'DDEV_SCHEME' => 'https'
    'XHPROF_OUTPUT_DIR' => '/tmp/xhprof'
    'COMPOSER_CACHE_DIR' => '/mnt/ddev-global-cache/composer'
    'DDEV_XDEBUG_ENABLED' => 'false'
    'DDEV_DATABASE_FAMILY' => 'mysql'
    'PGHOST' => 'db'
    'DDEV_COMPOSER_ROOT' => '/var/www/html'
    'CRAFT_DB_PASSWORD' => '••'
    'DOCROOT' => 'web'
    'TERMINUS_HIDE_UPDATE_MESSAGE' => '1'
    'PATH' => '/home/omar/bin:/var/www/html/vendor/bin:/usr/local/sbin:/usr/local/bin:/usr/sbin:/usr/bin:/sbin:/bin:/var/www/html/bin:/mnt/ddev-global-cache/global-commands/web'
    'HOST_DOCKER_INTERNAL_IP' => ''
    'DDEV_PROJECT_TYPE' => 'craftcms'
    'DEBIAN_FRONTEND' => 'noninteractive'
    'DDEV_ROUTER_HTTPS_PORT' => '443'
    'EXECIGNORE' => '/var/www/html/vendor/bin/composer'
    'SUPERVISOR_ENABLED' => '1'
    'SUPERVISOR_SERVER_URL' => 'unix:///var/run/supervisor.sock'
    'SUPERVISOR_PROCESS_NAME' => 'php-fpm'
    'SUPERVISOR_GROUP_NAME' => 'php-fpm'
    'HTTP_X_REQUESTED_WITH' => 'XMLHttpRequest'
    'HTTP_X_REGISTERED_JS_FILES' => ''
    'HTTP_X_REGISTERED_ASSET_BUNDLES' => '82742c9d,22e517a2,aee7f8dc,26c46c25,e505ffd6,6b4d7555,bb2f10a0,e5e48399,815d39ea,fc0bc163,1ccab40d,1e21896b,54698ee0,b842675b,1c3c9add,4b1fd285,d8d08e47,8f00ce04,8768f48b,cf3018d6,ec6d0256,da94c921'
    'HTTP_X_REAL_IP' => '172.18.0.1'
    'HTTP_X_FORWARDED_SERVER' => '61e6ccb23c1b'
    'HTTP_X_FORWARDED_PROTO' => 'https'
    'HTTP_X_FORWARDED_PORT' => '443'
    'HTTP_X_FORWARDED_HOST' => 'derschmuckmacher-v3.ddev.site'
    'HTTP_X_FORWARDED_FOR' => '172.18.0.1'
    'HTTP_X_CSRF_TOKEN' => '••••••••••••••••••••••••••••••••••••••••••••••••••••••••••••••••••••••••••••••••••••••••••••••••••••••••••••••••••••••••••••••••••••••••••••••••••••••••••••••••••••••••••••••••••••••••••••••••••••••••••••••••••••••••••••••••••••••••••••••••••••••••••••••••••••••••••••••••••••••••••••••••••••••••••••••••••••••••••••••••••••••••••••••••••••••••••••••••••••••••••••••••••••••••••••••••••••••••'
    'HTTP_TE' => 'trailers'
    'HTTP_SEC_GPC' => '1'
    'HTTP_SEC_FETCH_SITE' => 'same-origin'
    'HTTP_SEC_FETCH_MODE' => 'cors'
    'HTTP_SEC_FETCH_DEST' => 'empty'
    'HTTP_REFERER' => 'https://derschmuckmacher-v3.ddev.site/dW2axQ3b/utilities/db-backup'
    'HTTP_ORIGIN' => 'https://derschmuckmacher-v3.ddev.site'
    'HTTP_COOKIE' => 'cookieconsent_status=dismiss; CraftSessionId=e982e518adc7dabfb26afcb21225ddf5; CRAFT_CSRF_TOKEN=16740b48ba3f84595b6c56ef142b19f6b046fde54bc23622280b174e295f39afa%3A2%3A%7Bi%3A0%3Bs%3A16%3A%22CRAFT_CSRF_TOKEN%22%3Bi%3A1%3Bs%3A147%3A%22JfpP7gD_LrPE_phoiRWTtDPS49nkCv82f0DSgxK4%7Cd91b1261e5555fd659eaa053e8d63b8b95dfcc835d2840aef88e1c92e480d8e2JfpP7gD_LrPE_phoiRWTtDPS49nkCv82f0DSgxK4%7C1%22%3B%7D; a8b7b1ec9ffb8baf2c6eaa253fe57112_username=26b9ec8568da68d3882e55afaa5d203483c6c5810ee05b5a55c8a0eb10cab93ea%3A2%3A%7Bi%3A0%3Bs%3A41%3A%22a8b7b1ec9ffb8baf2c6eaa253fe57112_username%22%3Bi%3A1%3Bs%3A8%3A%22odegiuli%22%3B%7D; Craft-3626ffc1-d0a3-42e3-98aa-37e8aa759561_sidebar=expanded; Craft-3626ffc1-d0a3-42e3-98aa-37e8aa759561_sidebar-details=expanded; a8b7b1ec9ffb8baf2c6eaa253fe57112_identity=25aacbedfb4c8cc8c68de28857f4cf6f9465d7baa71195549cd47b8f51170792a%3A2%3A%7Bi%3A0%3Bs%3A41%3A%22a8b7b1ec9ffb8baf2c6eaa253fe57112_identity%22%3Bi%3A1%3Bs%3A159%3A%22%5B1%2C%22%5B%5C%22KguSAKfls5CiSO4sNjSFGHjfV-7r0BGcsNX6Zw7vAchj2R-CbURU_AgPqLNJfsj4phFID5aXoz6QyS0qSbN5NcZLPLjOp8-JUblC%5C%22%2Cnull%2C%5C%2254dc9f5354b7a13af97c59945268465e%5C%22%5D%22%2C3600%5D%22%3B%7D'
    'HTTP_ACCEPT_LANGUAGE' => 'de,en-US;q=0.9,en;q=0.8'
    'HTTP_ACCEPT_ENCODING' => 'gzip, deflate, br, zstd'
    'HTTP_ACCEPT' => 'application/json, text/plain, */*'
    'HTTP_CONTENT_LENGTH' => '0'
    'HTTP_USER_AGENT' => 'Mozilla/5.0 (Macintosh; Intel Mac OS X 10.15; rv:148.0) Gecko/20100101 Firefox/148.0'
    'HTTP_HOST' => 'derschmuckmacher-v3.ddev.site'
    'HTTPS' => 'on'
    'REDIRECT_STATUS' => '200'
    'SERVER_NAME' => 'derschmuckmacher-v3.ddev.site'
    'SERVER_PORT' => '80'
    'SERVER_ADDR' => '172.18.0.3'
    'REMOTE_PORT' => '42106'
    'REMOTE_ADDR' => '172.18.0.5'
    'SERVER_SOFTWARE' => 'nginx/1.28.0'
    'GATEWAY_INTERFACE' => 'CGI/1.1'
    'REQUEST_SCHEME' => 'http'
    'SERVER_PROTOCOL' => 'HTTP/1.1'
    'DOCUMENT_ROOT' => '/var/www/html/web'
    'DOCUMENT_URI' => '/index.php'
    'REQUEST_URI' => '/index.php?p=dW2axQ3b%2Factions%2Fqueue%2Frun&v=1773744318415'
    'CONTENT_LENGTH' => '0'
    'CONTENT_TYPE' => ''
    'REQUEST_METHOD' => 'POST'
    'QUERY_STRING' => 'p=dW2axQ3b%2Factions%2Fqueue%2Frun&v=1773744318415'
    'SCRIPT_NAME' => '/index.php'
    'SCRIPT_FILENAME' => '/var/www/html/web/index.php'
    'FCGI_ROLE' => 'RESPONDER'
    'PHP_SELF' => '/index.php'
    'REQUEST_TIME_FLOAT' => 1773744318.4228
    'REQUEST_TIME' => 1773744318
    'CRAFT_APP_ID' => 'CraftCMS--3933bc78-29f5-4b79-bcc5-c31faf0fcd20'
    'CRAFT_ENVIRONMENT' => 'dev'
    'ENVIRONMENT' => 'dev'
    'CRAFT_SECURITY_KEY' => '••••••••••••••••••••••••••••••••'
    'CP_TRIGGER' => 'dW2axQ3b'
    'CRAFT_DB_SCHEMA' => 'public'
    'CRAFT_DB_TABLE_PREFIX' => ''
    'DEV_MODE' => 'true'
    'ALLOW_ADMIN_CHANGES' => 'true'
    'DISALLOW_ROBOTS' => 'true'
    'TIMEZONE' => 'Europe/Zurich'
    'CAPTCHA_SITE_KEY' => '••••••••••••••••••••••••••••••••••••••••'
    'CAPTCHA_SECRET_KEY' => '••••••••••••••••••••••••••••••••••••••••'
    'WEB_URL' => 'https://derschmuckmacher-v3.ddev.site'
    'WEB_ROOT' => '/var/www/html/web'
    'ASSETS_BASE_URL' => 'https://derschmuckmacher-v3.ddev.site/public'
    'ASSETS_BASE_PATH' => '/var/www/html/web/public'
    'SCHMUCK_BASE_URL' => 'https://derschmuckmacher-v3.ddev.site/public/uploads/schmuck'
    'SCHMUCK_BASE_PATH' => '/var/www/html/web/public/uploads/schmuck'
] {"environment":"dev","userId":1} 
2026-03-17 12:28:28 [queue.INFO] [yii\db\Connection::open] Opening DB connection: mysql:host=db;dbname=db;port=3306 {"memory":1099384} 
2026-03-17 12:28:28 [queue.INFO] [yii\web\Session::open] Session started {"memory":1430704} 
2026-03-17 12:28:28 [queue.INFO] [nystudio107\codeeditor\CodeEditor::bootstrap] CodeEditor module bootstrapped {"memory":1453352} 
2026-03-17 12:28:28 [queue.INFO] [adigital\cookieconsentbanner\CookieConsentBanner::init] Cookie Consent Banner plugin loaded {"memory":1667752} 
2026-03-17 12:28:28 [queue.INFO] [miranj\obfuscator\Obfuscator::init] Obfuscator plugin loaded {"memory":2588336} 
2026-03-17 12:28:28 [queue.INFO] [yii\db\Connection::open] Opening DB connection: mysql:host=db;dbname=db;port=3306 {"memory":2837016} 
2026-03-17 12:28:28 [queue.INFO] [craft\queue\QueueLogBehavior::beforeExec]  [38792] t9n:["app","Updating search indexes"] (attempt: 1, pid: 7741) - Started {"memory":2895768} 
2026-03-17 12:28:28 [queue.INFO] [craft\queue\QueueLogBehavior::afterExec]  [38792] t9n:["app","Updating search indexes"] (attempt: 1, pid: 7741) - Done (time: 0.014s) {"memory":3692272} 
2026-03-17 12:28:28 [queue.INFO] [application] Request context:
$_GET = [
    'p' => 'dW2axQ3b/actions/queue/run'
    'v' => '1773746908714'
]

$_POST = []

$_FILES = []

$_COOKIE = [
    'cookieconsent_status' => 'dismiss'
    'CraftSessionId' => 'e982e518adc7dabfb26afcb21225ddf5'
    'CRAFT_CSRF_TOKEN' => '••••••••••••••••••••••••••••••••••••••••••••••••••••••••••••••••••••••••••••••••••••••••••••••••••••••••••••••••••••••••••••••••••••••••••••••••••••••••••••••••••••••••••••••••••••••••••••••••••••••••••••••••••••••••••••••••••••••••••••••••••••••••••••••••••'
    'a8b7b1ec9ffb8baf2c6eaa253fe57112_username' => '26b9ec8568da68d3882e55afaa5d203483c6c5810ee05b5a55c8a0eb10cab93ea:2:{i:0;s:41:\"a8b7b1ec9ffb8baf2c6eaa253fe57112_username\";i:1;s:8:\"odegiuli\";}'
    'Craft-3626ffc1-d0a3-42e3-98aa-37e8aa759561_sidebar' => 'expanded'
    'Craft-3626ffc1-d0a3-42e3-98aa-37e8aa759561_sidebar-details' => 'expanded'
]

$_SESSION = [
    '22b6a59deafcfb2ffb13c3adf3d98a3b__auth_access' => [
        0 => 'previewElement:8578'
        1 => 'saveAssets:1986f3e0-bf2e-4ccd-b34c-7ec2d979afdd'
        2 => 'editStructure:2'
        3 => 'editStructure:1'
        4 => 'previewElement:8539'
        5 => 'previewDraft:875'
    ]
    '22b6a59deafcfb2ffb13c3adf3d98a3b__flash' => []
    'a8b7b1ec9ffb8baf2c6eaa253fe57112__token' => '••••••••••••••••••••••••••••••••••••••••••••••••••••••••••••••••••••••••••••••••••••••••••••••••••••'
    'a8b7b1ec9ffb8baf2c6eaa253fe57112__id' => 1
    '__authKey' => '••••••••••••••••••••••••••••••••••••••••••••••••••••••••••••••••••••••••••••••••••••••••••••••••••••••••••••••••••••••••••••••••••••••••••••••••'
    'a8b7b1ec9ffb8baf2c6eaa253fe57112__expire' => 1773750508
    '__duration' => 3600
    '__elevated_timeout' => 1773744618
]

$_SERVER = [
    'DEPLOY_NAME' => 'local'
    'DDEV_WEBSERVER_TYPE' => 'nginx-fpm'
    'npm_config_cache' => '/mnt/ddev-global-cache/npm'
    'COREPACK_ENABLE_DOWNLOAD_PROMPT' => '0'
    'DDEV_GOOS' => 'darwin'
    'IS_DDEV_PROJECT' => 'true'
    'PHP_DEFAULT_VERSION' => '8.3'
    'HOSTNAME' => 'derschmuckmacher-v3-web'
    'MAILPIT_SMTP_PORT' => '1025'
    'MH_SMTP_BIND_ADDR' => '127.0.0.1:1025'
    'DDEV_PRIMARY_URL_WITHOUT_PORT' => 'https://derschmuckmacher-v3.ddev.site'
    'CRAFT_DB_PORT' => '3306'
    'SSH_AUTH_SOCK' => '/home/.ssh-agent/socket'
    'DDEV_GID' => '20'
    'NODE_EXTRA_CA_CERTS' => '/mnt/ddev-global-cache/mkcert/rootCA.pem'
    'DOCKER_IP' => '127.0.0.1'
    'PGPASSWORD' => 'db'
    'CRAFT_WEB_ROOT' => '/var/www/html/web'
    'DDEV_DOCROOT' => 'web'
    'PWD' => '/var/www/html'
    'PLATFORMSH_CLI_UPDATES_CHECK' => '0'
    'DDEV_APPROOT' => '/var/www/html'
    'DDEV_FILES_DIR' => ''
    'START_SCRIPT_TIMEOUT' => '57'
    'APACHE_SITE_TEMPLATE' => '/etc/apache2/apache-site.conf'
    'PHP_INI' => '/etc/php/8.2/fpm/php.ini'
    'DDEV_VERSION' => 'v1.24.10'
    'PRIMARY_SITE_URL' => 'https://derschmuckmacher-v3.ddev.site'
    'TZ' => 'Europe/Zurich'
    'DDEV_XHPROF_MODE' => 'prepend'
    'HTTPS_EXPOSE' => '443:80,8026:8025'
    'COREPACK_HOME' => '/mnt/ddev-global-cache/corepack'
    'CRAFT_DB_DATABASE' => 'db'
    'DDEV_PRIMARY_URL' => 'https://derschmuckmacher-v3.ddev.site'
    'LINES' => '17'
    'DDEV_SITENAME' => 'derschmuckmacher-v3'
    'HOME' => '/home/omar'
    'DRUSH_OPTIONS_URI' => 'https://derschmuckmacher-v3.ddev.site'
    'LANG' => 'C.UTF-8'
    'COLUMNS' => '371'
    'DDEV_MUTAGEN_ENABLED' => 'true'
    'DDEV_USER' => 'omar'
    'PGUSER' => 'db'
    'TERMINUS_CACHE_DIR' => '/mnt/ddev-global-cache/terminus/cache'
    'DDEV_PRIMARY_URL_PORT' => '443'
    'DDEV_ROUTER_HTTP_PORT' => '80'
    'MAILPIT_SMTP_HOSTNAME' => '127.0.0.1'
    'CRAFT_DB_DRIVER' => 'mysql'
    'COMPOSER_PROCESS_TIMEOUT' => '2000'
    'NGINX_SITE_TEMPLATE' => '/etc/nginx/nginx-site.conf'
    'DDEV_FILES_DIRS' => ''
    'CRAFT_DB_SERVER' => 'db'
    'HTTP_EXPOSE' => '80:80,8025:8025'
    'NVM_DIR' => '/home/omar/.nvm'
    'DDEV_PHP_VERSION' => '8.2'
    'DDEV_TLD' => 'ddev.site'
    'DDEV_HOSTNAME' => 'derschmuckmacher-v3.ddev.site'
    'DDEV_PROJECT' => 'derschmuckmacher-v3'
    'DDEV_GOARCH' => 'arm64'
    'VIRTUAL_HOST' => 'derschmuckmacher-v3.ddev.site'
    'TERM' => 'xterm'
    'USER' => 'omar'
    'MYSQL_HISTFILE' => '/mnt/ddev-global-cache/mysqlhistory/derschmuckmacher-v3-web/mysql_history'
    'DDEV_WEB_ENTRYPOINT' => '/mnt/ddev_config/web-entrypoint.d'
    'DDEV_UID' => '501'
    'CAROOT' => '/mnt/ddev-global-cache/mkcert'
    'SHLVL' => '1'
    'COMPOSER_ALLOW_SUPERUSER' => '1'
    'BASH_ENV' => '/etc/bash.nointeractive.bashrc'
    'DDEV_DATABASE' => 'mysql:8.0'
    'PGDATABASE' => 'db'
    'CRAFT_DB_USER' => 'db'
    'DDEV_SCHEME' => 'https'
    'XHPROF_OUTPUT_DIR' => '/tmp/xhprof'
    'COMPOSER_CACHE_DIR' => '/mnt/ddev-global-cache/composer'
    'DDEV_XDEBUG_ENABLED' => 'false'
    'DDEV_DATABASE_FAMILY' => 'mysql'
    'PGHOST' => 'db'
    'DDEV_COMPOSER_ROOT' => '/var/www/html'
    'CRAFT_DB_PASSWORD' => '••'
    'DOCROOT' => 'web'
    'TERMINUS_HIDE_UPDATE_MESSAGE' => '1'
    'PATH' => '/home/omar/bin:/var/www/html/vendor/bin:/usr/local/sbin:/usr/local/bin:/usr/sbin:/usr/bin:/sbin:/bin:/var/www/html/bin:/mnt/ddev-global-cache/global-commands/web'
    'HOST_DOCKER_INTERNAL_IP' => ''
    'DDEV_PROJECT_TYPE' => 'craftcms'
    'DEBIAN_FRONTEND' => 'noninteractive'
    'DDEV_ROUTER_HTTPS_PORT' => '443'
    'EXECIGNORE' => '/var/www/html/vendor/bin/composer'
    'SUPERVISOR_ENABLED' => '1'
    'SUPERVISOR_SERVER_URL' => 'unix:///var/run/supervisor.sock'
    'SUPERVISOR_PROCESS_NAME' => 'php-fpm'
    'SUPERVISOR_GROUP_NAME' => 'php-fpm'
    'HTTP_X_REQUESTED_WITH' => 'XMLHttpRequest'
    'HTTP_X_REGISTERED_JS_FILES' => ''
    'HTTP_X_REGISTERED_ASSET_BUNDLES' => '815d39ea,92d8701,22e517a2,aee7f8dc,26c46c25,e505ffd6,6b4d7555,bb2f10a0,e5e48399,fc0bc163,1ccab40d,1e21896b,54698ee0,b842675b,1c3c9add,4b1fd285,d8d08e47,8f00ce04,8768f48b,cf3018d6,ec6d0256,75f47f25,15a36a51'
    'HTTP_X_REAL_IP' => '172.18.0.1'
    'HTTP_X_FORWARDED_SERVER' => '61e6ccb23c1b'
    'HTTP_X_FORWARDED_PROTO' => 'https'
    'HTTP_X_FORWARDED_PORT' => '443'
    'HTTP_X_FORWARDED_HOST' => 'derschmuckmacher-v3.ddev.site'
    'HTTP_X_FORWARDED_FOR' => '172.18.0.1'
    'HTTP_X_CSRF_TOKEN' => '••••••••••••••••••••••••••••••••••••••••••••••••••••••••••••••••••••••••••••••••••••••••••••••••••••••••••••••••••••••••••••••••••••••••••••••••••••••••••••••••••••••••••••••••••••••••••••••••••••••••••••••••••••••••••••••••••••••••••••••••••••••••••••••••••••••••••••••••••••••••••••••••••••••••••••••••••••••••••••••••••••••••••••••••••••••••••••••••••••••••••••••••••••••••••••••••••••••••'
    'HTTP_TE' => 'trailers'
    'HTTP_SEC_GPC' => '1'
    'HTTP_SEC_FETCH_SITE' => 'same-origin'
    'HTTP_SEC_FETCH_MODE' => 'cors'
    'HTTP_SEC_FETCH_DEST' => 'empty'
    'HTTP_REFERER' => 'https://derschmuckmacher-v3.ddev.site/dW2axQ3b/content/entries/aktuelles/8582?draftId=875&fresh=1'
    'HTTP_ORIGIN' => 'https://derschmuckmacher-v3.ddev.site'
    'HTTP_COOKIE' => 'cookieconsent_status=dismiss; CraftSessionId=e982e518adc7dabfb26afcb21225ddf5; CRAFT_CSRF_TOKEN=16740b48ba3f84595b6c56ef142b19f6b046fde54bc23622280b174e295f39afa%3A2%3A%7Bi%3A0%3Bs%3A16%3A%22CRAFT_CSRF_TOKEN%22%3Bi%3A1%3Bs%3A147%3A%22JfpP7gD_LrPE_phoiRWTtDPS49nkCv82f0DSgxK4%7Cd91b1261e5555fd659eaa053e8d63b8b95dfcc835d2840aef88e1c92e480d8e2JfpP7gD_LrPE_phoiRWTtDPS49nkCv82f0DSgxK4%7C1%22%3B%7D; a8b7b1ec9ffb8baf2c6eaa253fe57112_username=26b9ec8568da68d3882e55afaa5d203483c6c5810ee05b5a55c8a0eb10cab93ea%3A2%3A%7Bi%3A0%3Bs%3A41%3A%22a8b7b1ec9ffb8baf2c6eaa253fe57112_username%22%3Bi%3A1%3Bs%3A8%3A%22odegiuli%22%3B%7D; Craft-3626ffc1-d0a3-42e3-98aa-37e8aa759561_sidebar=expanded; Craft-3626ffc1-d0a3-42e3-98aa-37e8aa759561_sidebar-details=expanded'
    'HTTP_ACCEPT_LANGUAGE' => 'de,en-US;q=0.9,en;q=0.8'
    'HTTP_ACCEPT_ENCODING' => 'gzip, deflate, br, zstd'
    'HTTP_ACCEPT' => 'application/json, text/plain, */*'
    'HTTP_CONTENT_LENGTH' => '0'
    'HTTP_USER_AGENT' => 'Mozilla/5.0 (Macintosh; Intel Mac OS X 10.15; rv:148.0) Gecko/20100101 Firefox/148.0'
    'HTTP_HOST' => 'derschmuckmacher-v3.ddev.site'
    'HTTPS' => 'on'
    'REDIRECT_STATUS' => '200'
    'SERVER_NAME' => 'derschmuckmacher-v3.ddev.site'
    'SERVER_PORT' => '80'
    'SERVER_ADDR' => '172.18.0.3'
    'REMOTE_PORT' => '47338'
    'REMOTE_ADDR' => '172.18.0.5'
    'SERVER_SOFTWARE' => 'nginx/1.28.0'
    'GATEWAY_INTERFACE' => 'CGI/1.1'
    'REQUEST_SCHEME' => 'http'
    'SERVER_PROTOCOL' => 'HTTP/1.1'
    'DOCUMENT_ROOT' => '/var/www/html/web'
    'DOCUMENT_URI' => '/index.php'
    'REQUEST_URI' => '/index.php?p=dW2axQ3b%2Factions%2Fqueue%2Frun&v=1773746908714'
    'CONTENT_LENGTH' => '0'
    'CONTENT_TYPE' => ''
    'REQUEST_METHOD' => 'POST'
    'QUERY_STRING' => 'p=dW2axQ3b%2Factions%2Fqueue%2Frun&v=1773746908714'
    'SCRIPT_NAME' => '/index.php'
    'SCRIPT_FILENAME' => '/var/www/html/web/index.php'
    'FCGI_ROLE' => 'RESPONDER'
    'PHP_SELF' => '/index.php'
    'REQUEST_TIME_FLOAT' => 1773746908.7154
    'REQUEST_TIME' => 1773746908
    'CRAFT_APP_ID' => 'CraftCMS--3933bc78-29f5-4b79-bcc5-c31faf0fcd20'
    'CRAFT_ENVIRONMENT' => 'dev'
    'ENVIRONMENT' => 'dev'
    'CRAFT_SECURITY_KEY' => '••••••••••••••••••••••••••••••••'
    'CP_TRIGGER' => 'dW2axQ3b'
    'CRAFT_DB_SCHEMA' => 'public'
    'CRAFT_DB_TABLE_PREFIX' => ''
    'DEV_MODE' => 'true'
    'ALLOW_ADMIN_CHANGES' => 'true'
    'DISALLOW_ROBOTS' => 'true'
    'TIMEZONE' => 'Europe/Zurich'
    'CAPTCHA_SITE_KEY' => '••••••••••••••••••••••••••••••••••••••••'
    'CAPTCHA_SECRET_KEY' => '••••••••••••••••••••••••••••••••••••••••'
    'WEB_URL' => 'https://derschmuckmacher-v3.ddev.site'
    'WEB_ROOT' => '/var/www/html/web'
    'ASSETS_BASE_URL' => 'https://derschmuckmacher-v3.ddev.site/public'
    'ASSETS_BASE_PATH' => '/var/www/html/web/public'
    'SCHMUCK_BASE_URL' => 'https://derschmuckmacher-v3.ddev.site/public/uploads/schmuck'
    'SCHMUCK_BASE_PATH' => '/var/www/html/web/public/uploads/schmuck'
] {"environment":"dev","userId":1} 
2026-03-17 12:29:25 [queue.INFO] [yii\db\Connection::open] Opening DB connection: mysql:host=db;dbname=db;port=3306 {"memory":1099384} 
2026-03-17 12:29:25 [queue.INFO] [yii\web\Session::open] Session started {"memory":1430704} 
2026-03-17 12:29:25 [queue.INFO] [nystudio107\codeeditor\CodeEditor::bootstrap] CodeEditor module bootstrapped {"memory":1453352} 
2026-03-17 12:29:25 [queue.INFO] [adigital\cookieconsentbanner\CookieConsentBanner::init] Cookie Consent Banner plugin loaded {"memory":1667640} 
2026-03-17 12:29:25 [queue.INFO] [miranj\obfuscator\Obfuscator::init] Obfuscator plugin loaded {"memory":2588224} 
2026-03-17 12:29:25 [queue.INFO] [yii\db\Connection::open] Opening DB connection: mysql:host=db;dbname=db;port=3306 {"memory":2836904} 
2026-03-17 12:29:25 [queue.INFO] [craft\queue\QueueLogBehavior::beforeExec]  [38793] t9n:["app","Updating search indexes"] (attempt: 1, pid: 6265) - Started {"memory":2895656} 
2026-03-17 12:29:25 [queue.INFO] [craft\queue\QueueLogBehavior::afterExec]  [38793] t9n:["app","Updating search indexes"] (attempt: 1, pid: 6265) - Done (time: 0.013s) {"memory":3624280} 
2026-03-17 12:29:25 [queue.INFO] [craft\queue\QueueLogBehavior::beforeExec]  [38794] t9n:["app","Pruning extra revisions"] (attempt: 1, pid: 6265) - Started {"memory":3632312} 
2026-03-17 12:29:25 [queue.INFO] [craft\queue\QueueLogBehavior::afterExec]  [38794] t9n:["app","Pruning extra revisions"] (attempt: 1, pid: 6265) - Done (time: 0.001s) {"memory":3693096} 
2026-03-17 12:29:25 [queue.INFO] [application] Request context:
$_GET = [
    'p' => 'dW2axQ3b/actions/queue/run'
    'v' => '1773746965260'
]

$_POST = []

$_FILES = []

$_COOKIE = [
    'cookieconsent_status' => 'dismiss'
    'CraftSessionId' => 'e982e518adc7dabfb26afcb21225ddf5'
    'CRAFT_CSRF_TOKEN' => '••••••••••••••••••••••••••••••••••••••••••••••••••••••••••••••••••••••••••••••••••••••••••••••••••••••••••••••••••••••••••••••••••••••••••••••••••••••••••••••••••••••••••••••••••••••••••••••••••••••••••••••••••••••••••••••••••••••••••••••••••••••••••••••••••'
    'a8b7b1ec9ffb8baf2c6eaa253fe57112_username' => '26b9ec8568da68d3882e55afaa5d203483c6c5810ee05b5a55c8a0eb10cab93ea:2:{i:0;s:41:\"a8b7b1ec9ffb8baf2c6eaa253fe57112_username\";i:1;s:8:\"odegiuli\";}'
    'Craft-3626ffc1-d0a3-42e3-98aa-37e8aa759561_sidebar' => 'expanded'
    'Craft-3626ffc1-d0a3-42e3-98aa-37e8aa759561_sidebar-details' => 'expanded'
]

$_SESSION = [
    '22b6a59deafcfb2ffb13c3adf3d98a3b__auth_access' => [
        0 => 'previewElement:8578'
        1 => 'saveAssets:1986f3e0-bf2e-4ccd-b34c-7ec2d979afdd'
        2 => 'editStructure:2'
        3 => 'editStructure:1'
        4 => 'previewElement:8539'
        5 => 'previewDraft:875'
    ]
    '22b6a59deafcfb2ffb13c3adf3d98a3b__flash' => []
    'a8b7b1ec9ffb8baf2c6eaa253fe57112__token' => '••••••••••••••••••••••••••••••••••••••••••••••••••••••••••••••••••••••••••••••••••••••••••••••••••••'
    'a8b7b1ec9ffb8baf2c6eaa253fe57112__id' => 1
    '__authKey' => '••••••••••••••••••••••••••••••••••••••••••••••••••••••••••••••••••••••••••••••••••••••••••••••••••••••••••••••••••••••••••••••••••••••••••••••••'
    'a8b7b1ec9ffb8baf2c6eaa253fe57112__expire' => 1773750565
    '__duration' => 3600
    '__elevated_timeout' => 1773744618
]

$_SERVER = [
    'DEPLOY_NAME' => 'local'
    'DDEV_WEBSERVER_TYPE' => 'nginx-fpm'
    'npm_config_cache' => '/mnt/ddev-global-cache/npm'
    'COREPACK_ENABLE_DOWNLOAD_PROMPT' => '0'
    'DDEV_GOOS' => 'darwin'
    'IS_DDEV_PROJECT' => 'true'
    'PHP_DEFAULT_VERSION' => '8.3'
    'HOSTNAME' => 'derschmuckmacher-v3-web'
    'MAILPIT_SMTP_PORT' => '1025'
    'MH_SMTP_BIND_ADDR' => '127.0.0.1:1025'
    'DDEV_PRIMARY_URL_WITHOUT_PORT' => 'https://derschmuckmacher-v3.ddev.site'
    'CRAFT_DB_PORT' => '3306'
    'SSH_AUTH_SOCK' => '/home/.ssh-agent/socket'
    'DDEV_GID' => '20'
    'NODE_EXTRA_CA_CERTS' => '/mnt/ddev-global-cache/mkcert/rootCA.pem'
    'DOCKER_IP' => '127.0.0.1'
    'PGPASSWORD' => 'db'
    'CRAFT_WEB_ROOT' => '/var/www/html/web'
    'DDEV_DOCROOT' => 'web'
    'PWD' => '/var/www/html'
    'PLATFORMSH_CLI_UPDATES_CHECK' => '0'
    'DDEV_APPROOT' => '/var/www/html'
    'DDEV_FILES_DIR' => ''
    'START_SCRIPT_TIMEOUT' => '57'
    'APACHE_SITE_TEMPLATE' => '/etc/apache2/apache-site.conf'
    'PHP_INI' => '/etc/php/8.2/fpm/php.ini'
    'DDEV_VERSION' => 'v1.24.10'
    'PRIMARY_SITE_URL' => 'https://derschmuckmacher-v3.ddev.site'
    'TZ' => 'Europe/Zurich'
    'DDEV_XHPROF_MODE' => 'prepend'
    'HTTPS_EXPOSE' => '443:80,8026:8025'
    'COREPACK_HOME' => '/mnt/ddev-global-cache/corepack'
    'CRAFT_DB_DATABASE' => 'db'
    'DDEV_PRIMARY_URL' => 'https://derschmuckmacher-v3.ddev.site'
    'LINES' => '17'
    'DDEV_SITENAME' => 'derschmuckmacher-v3'
    'HOME' => '/home/omar'
    'DRUSH_OPTIONS_URI' => 'https://derschmuckmacher-v3.ddev.site'
    'LANG' => 'C.UTF-8'
    'COLUMNS' => '371'
    'DDEV_MUTAGEN_ENABLED' => 'true'
    'DDEV_USER' => 'omar'
    'PGUSER' => 'db'
    'TERMINUS_CACHE_DIR' => '/mnt/ddev-global-cache/terminus/cache'
    'DDEV_PRIMARY_URL_PORT' => '443'
    'DDEV_ROUTER_HTTP_PORT' => '80'
    'MAILPIT_SMTP_HOSTNAME' => '127.0.0.1'
    'CRAFT_DB_DRIVER' => 'mysql'
    'COMPOSER_PROCESS_TIMEOUT' => '2000'
    'NGINX_SITE_TEMPLATE' => '/etc/nginx/nginx-site.conf'
    'DDEV_FILES_DIRS' => ''
    'CRAFT_DB_SERVER' => 'db'
    'HTTP_EXPOSE' => '80:80,8025:8025'
    'NVM_DIR' => '/home/omar/.nvm'
    'DDEV_PHP_VERSION' => '8.2'
    'DDEV_TLD' => 'ddev.site'
    'DDEV_HOSTNAME' => 'derschmuckmacher-v3.ddev.site'
    'DDEV_PROJECT' => 'derschmuckmacher-v3'
    'DDEV_GOARCH' => 'arm64'
    'VIRTUAL_HOST' => 'derschmuckmacher-v3.ddev.site'
    'TERM' => 'xterm'
    'USER' => 'omar'
    'MYSQL_HISTFILE' => '/mnt/ddev-global-cache/mysqlhistory/derschmuckmacher-v3-web/mysql_history'
    'DDEV_WEB_ENTRYPOINT' => '/mnt/ddev_config/web-entrypoint.d'
    'DDEV_UID' => '501'
    'CAROOT' => '/mnt/ddev-global-cache/mkcert'
    'SHLVL' => '1'
    'COMPOSER_ALLOW_SUPERUSER' => '1'
    'BASH_ENV' => '/etc/bash.nointeractive.bashrc'
    'DDEV_DATABASE' => 'mysql:8.0'
    'PGDATABASE' => 'db'
    'CRAFT_DB_USER' => 'db'
    'DDEV_SCHEME' => 'https'
    'XHPROF_OUTPUT_DIR' => '/tmp/xhprof'
    'COMPOSER_CACHE_DIR' => '/mnt/ddev-global-cache/composer'
    'DDEV_XDEBUG_ENABLED' => 'false'
    'DDEV_DATABASE_FAMILY' => 'mysql'
    'PGHOST' => 'db'
    'DDEV_COMPOSER_ROOT' => '/var/www/html'
    'CRAFT_DB_PASSWORD' => '••'
    'DOCROOT' => 'web'
    'TERMINUS_HIDE_UPDATE_MESSAGE' => '1'
    'PATH' => '/home/omar/bin:/var/www/html/vendor/bin:/usr/local/sbin:/usr/local/bin:/usr/sbin:/usr/bin:/sbin:/bin:/var/www/html/bin:/mnt/ddev-global-cache/global-commands/web'
    'HOST_DOCKER_INTERNAL_IP' => ''
    'DDEV_PROJECT_TYPE' => 'craftcms'
    'DEBIAN_FRONTEND' => 'noninteractive'
    'DDEV_ROUTER_HTTPS_PORT' => '443'
    'EXECIGNORE' => '/var/www/html/vendor/bin/composer'
    'SUPERVISOR_ENABLED' => '1'
    'SUPERVISOR_SERVER_URL' => 'unix:///var/run/supervisor.sock'
    'SUPERVISOR_PROCESS_NAME' => 'php-fpm'
    'SUPERVISOR_GROUP_NAME' => 'php-fpm'
    'HTTP_X_REQUESTED_WITH' => 'XMLHttpRequest'
    'HTTP_X_REGISTERED_JS_FILES' => ''
    'HTTP_X_REGISTERED_ASSET_BUNDLES' => '22e517a2,aee7f8dc,26c46c25,e505ffd6,6b4d7555,bb2f10a0,e5e48399,815d39ea,fc0bc163,1ccab40d,1e21896b,54698ee0,b842675b,1c3c9add,4b1fd285,d8d08e47,8f00ce04,8768f48b,cf3018d6,ec6d0256'
    'HTTP_X_REAL_IP' => '172.18.0.1'
    'HTTP_X_FORWARDED_SERVER' => '61e6ccb23c1b'
    'HTTP_X_FORWARDED_PROTO' => 'https'
    'HTTP_X_FORWARDED_PORT' => '443'
    'HTTP_X_FORWARDED_HOST' => 'derschmuckmacher-v3.ddev.site'
    'HTTP_X_FORWARDED_FOR' => '172.18.0.1'
    'HTTP_X_CSRF_TOKEN' => '••••••••••••••••••••••••••••••••••••••••••••••••••••••••••••••••••••••••••••••••••••••••••••••••••••••••••••••••••••••••••••••••••••••••••••••••••••••••••••••••••••••••••••••••••••••••••••••••••••••••••••••••••••••••••••••••••••••••••••••••••••••••••••••••••••••••••••••••••••••••••••••••••••••••••••••••••••••••••••••••••••••••••••••••••••••••••••••••••••••••••••••••••••••••••••••••••••••••'
    'HTTP_TE' => 'trailers'
    'HTTP_SEC_GPC' => '1'
    'HTTP_SEC_FETCH_SITE' => 'same-origin'
    'HTTP_SEC_FETCH_MODE' => 'cors'
    'HTTP_SEC_FETCH_DEST' => 'empty'
    'HTTP_REFERER' => 'https://derschmuckmacher-v3.ddev.site/dW2axQ3b/content/entries/aktuelles?source=section%3Aabbf7c18-fd88-4baf-9a5e-dbccf55f4b56'
    'HTTP_ORIGIN' => 'https://derschmuckmacher-v3.ddev.site'
    'HTTP_COOKIE' => 'cookieconsent_status=dismiss; CraftSessionId=e982e518adc7dabfb26afcb21225ddf5; CRAFT_CSRF_TOKEN=16740b48ba3f84595b6c56ef142b19f6b046fde54bc23622280b174e295f39afa%3A2%3A%7Bi%3A0%3Bs%3A16%3A%22CRAFT_CSRF_TOKEN%22%3Bi%3A1%3Bs%3A147%3A%22JfpP7gD_LrPE_phoiRWTtDPS49nkCv82f0DSgxK4%7Cd91b1261e5555fd659eaa053e8d63b8b95dfcc835d2840aef88e1c92e480d8e2JfpP7gD_LrPE_phoiRWTtDPS49nkCv82f0DSgxK4%7C1%22%3B%7D; a8b7b1ec9ffb8baf2c6eaa253fe57112_username=26b9ec8568da68d3882e55afaa5d203483c6c5810ee05b5a55c8a0eb10cab93ea%3A2%3A%7Bi%3A0%3Bs%3A41%3A%22a8b7b1ec9ffb8baf2c6eaa253fe57112_username%22%3Bi%3A1%3Bs%3A8%3A%22odegiuli%22%3B%7D; Craft-3626ffc1-d0a3-42e3-98aa-37e8aa759561_sidebar=expanded; Craft-3626ffc1-d0a3-42e3-98aa-37e8aa759561_sidebar-details=expanded'
    'HTTP_ACCEPT_LANGUAGE' => 'de,en-US;q=0.9,en;q=0.8'
    'HTTP_ACCEPT_ENCODING' => 'gzip, deflate, br, zstd'
    'HTTP_ACCEPT' => 'application/json, text/plain, */*'
    'HTTP_CONTENT_LENGTH' => '0'
    'HTTP_USER_AGENT' => 'Mozilla/5.0 (Macintosh; Intel Mac OS X 10.15; rv:148.0) Gecko/20100101 Firefox/148.0'
    'HTTP_HOST' => 'derschmuckmacher-v3.ddev.site'
    'HTTPS' => 'on'
    'REDIRECT_STATUS' => '200'
    'SERVER_NAME' => 'derschmuckmacher-v3.ddev.site'
    'SERVER_PORT' => '80'
    'SERVER_ADDR' => '172.18.0.3'
    'REMOTE_PORT' => '56648'
    'REMOTE_ADDR' => '172.18.0.5'
    'SERVER_SOFTWARE' => 'nginx/1.28.0'
    'GATEWAY_INTERFACE' => 'CGI/1.1'
    'REQUEST_SCHEME' => 'http'
    'SERVER_PROTOCOL' => 'HTTP/1.1'
    'DOCUMENT_ROOT' => '/var/www/html/web'
    'DOCUMENT_URI' => '/index.php'
    'REQUEST_URI' => '/index.php?p=dW2axQ3b%2Factions%2Fqueue%2Frun&v=1773746965260'
    'CONTENT_LENGTH' => '0'
    'CONTENT_TYPE' => ''
    'REQUEST_METHOD' => 'POST'
    'QUERY_STRING' => 'p=dW2axQ3b%2Factions%2Fqueue%2Frun&v=1773746965260'
    'SCRIPT_NAME' => '/index.php'
    'SCRIPT_FILENAME' => '/var/www/html/web/index.php'
    'FCGI_ROLE' => 'RESPONDER'
    'PHP_SELF' => '/index.php'
    'REQUEST_TIME_FLOAT' => 1773746965.2632
    'REQUEST_TIME' => 1773746965
    'CRAFT_APP_ID' => 'CraftCMS--3933bc78-29f5-4b79-bcc5-c31faf0fcd20'
    'CRAFT_ENVIRONMENT' => 'dev'
    'ENVIRONMENT' => 'dev'
    'CRAFT_SECURITY_KEY' => '••••••••••••••••••••••••••••••••'
    'CP_TRIGGER' => 'dW2axQ3b'
    'CRAFT_DB_SCHEMA' => 'public'
    'CRAFT_DB_TABLE_PREFIX' => ''
    'DEV_MODE' => 'true'
    'ALLOW_ADMIN_CHANGES' => 'true'
    'DISALLOW_ROBOTS' => 'true'
    'TIMEZONE' => 'Europe/Zurich'
    'CAPTCHA_SITE_KEY' => '••••••••••••••••••••••••••••••••••••••••'
    'CAPTCHA_SECRET_KEY' => '••••••••••••••••••••••••••••••••••••••••'
    'WEB_URL' => 'https://derschmuckmacher-v3.ddev.site'
    'WEB_ROOT' => '/var/www/html/web'
    'ASSETS_BASE_URL' => 'https://derschmuckmacher-v3.ddev.site/public'
    'ASSETS_BASE_PATH' => '/var/www/html/web/public'
    'SCHMUCK_BASE_URL' => 'https://derschmuckmacher-v3.ddev.site/public/uploads/schmuck'
    'SCHMUCK_BASE_PATH' => '/var/www/html/web/public/uploads/schmuck'
] {"environment":"dev","userId":1} 
2026-03-17 12:30:43 [queue.INFO] [yii\db\Connection::open] Opening DB connection: mysql:host=db;dbname=db;port=3306 {"memory":1099384} 
2026-03-17 12:30:43 [queue.INFO] [yii\web\Session::open] Session started {"memory":1430800} 
2026-03-17 12:30:43 [queue.INFO] [nystudio107\codeeditor\CodeEditor::bootstrap] CodeEditor module bootstrapped {"memory":1453448} 
2026-03-17 12:30:43 [queue.INFO] [adigital\cookieconsentbanner\CookieConsentBanner::init] Cookie Consent Banner plugin loaded {"memory":1667736} 
2026-03-17 12:30:43 [queue.INFO] [miranj\obfuscator\Obfuscator::init] Obfuscator plugin loaded {"memory":2588320} 
2026-03-17 12:30:43 [queue.INFO] [yii\db\Connection::open] Opening DB connection: mysql:host=db;dbname=db;port=3306 {"memory":2837000} 
2026-03-17 12:30:43 [queue.INFO] [craft\queue\QueueLogBehavior::beforeExec]  [38795] t9n:["app","Updating search indexes"] (attempt: 1, pid: 7741) - Started {"memory":2895752} 
2026-03-17 12:30:43 [queue.INFO] [craft\queue\QueueLogBehavior::afterExec]  [38795] t9n:["app","Updating search indexes"] (attempt: 1, pid: 7741) - Done (time: 0.009s) {"memory":3314440} 
2026-03-17 12:30:43 [queue.INFO] [craft\queue\QueueLogBehavior::beforeExec]  [38796] t9n:["app","Updating search indexes"] (attempt: 1, pid: 7741) - Started {"memory":3322472} 
2026-03-17 12:30:43 [queue.INFO] [craft\queue\QueueLogBehavior::afterExec]  [38796] t9n:["app","Updating search indexes"] (attempt: 1, pid: 7741) - Done (time: 0.005s) {"memory":3701360} 
2026-03-17 12:30:43 [queue.INFO] [craft\queue\QueueLogBehavior::beforeExec]  [38797] t9n:["app","Pruning extra revisions"] (attempt: 1, pid: 7741) - Started {"memory":3709344} 
2026-03-17 12:30:43 [queue.INFO] [craft\queue\QueueLogBehavior::afterExec]  [38797] t9n:["app","Pruning extra revisions"] (attempt: 1, pid: 7741) - Done (time: 0.001s) {"memory":3770128} 
2026-03-17 12:30:43 [queue.INFO] [application] Request context:
$_GET = [
    'p' => 'dW2axQ3b/actions/queue/run'
    'v' => '1773747042936'
]

$_POST = []

$_FILES = []

$_COOKIE = [
    'cookieconsent_status' => 'dismiss'
    'CraftSessionId' => 'e982e518adc7dabfb26afcb21225ddf5'
    'CRAFT_CSRF_TOKEN' => '••••••••••••••••••••••••••••••••••••••••••••••••••••••••••••••••••••••••••••••••••••••••••••••••••••••••••••••••••••••••••••••••••••••••••••••••••••••••••••••••••••••••••••••••••••••••••••••••••••••••••••••••••••••••••••••••••••••••••••••••••••••••••••••••••'
    'a8b7b1ec9ffb8baf2c6eaa253fe57112_username' => '26b9ec8568da68d3882e55afaa5d203483c6c5810ee05b5a55c8a0eb10cab93ea:2:{i:0;s:41:\"a8b7b1ec9ffb8baf2c6eaa253fe57112_username\";i:1;s:8:\"odegiuli\";}'
    'Craft-3626ffc1-d0a3-42e3-98aa-37e8aa759561_sidebar' => 'expanded'
    'Craft-3626ffc1-d0a3-42e3-98aa-37e8aa759561_sidebar-details' => 'expanded'
]

$_SESSION = [
    '22b6a59deafcfb2ffb13c3adf3d98a3b__auth_access' => [
        0 => 'previewElement:8578'
        1 => 'saveAssets:1986f3e0-bf2e-4ccd-b34c-7ec2d979afdd'
        2 => 'editStructure:2'
        3 => 'editStructure:1'
        4 => 'previewElement:8539'
        5 => 'previewDraft:875'
        6 => 'previewElement:8582'
        7 => 'previewDraft:876'
    ]
    '22b6a59deafcfb2ffb13c3adf3d98a3b__flash' => []
    'a8b7b1ec9ffb8baf2c6eaa253fe57112__token' => '••••••••••••••••••••••••••••••••••••••••••••••••••••••••••••••••••••••••••••••••••••••••••••••••••••'
    'a8b7b1ec9ffb8baf2c6eaa253fe57112__id' => 1
    '__authKey' => '••••••••••••••••••••••••••••••••••••••••••••••••••••••••••••••••••••••••••••••••••••••••••••••••••••••••••••••••••••••••••••••••••••••••••••••••'
    'a8b7b1ec9ffb8baf2c6eaa253fe57112__expire' => 1773750643
    '__duration' => 3600
    '__elevated_timeout' => 1773744618
]

$_SERVER = [
    'DEPLOY_NAME' => 'local'
    'DDEV_WEBSERVER_TYPE' => 'nginx-fpm'
    'npm_config_cache' => '/mnt/ddev-global-cache/npm'
    'COREPACK_ENABLE_DOWNLOAD_PROMPT' => '0'
    'DDEV_GOOS' => 'darwin'
    'IS_DDEV_PROJECT' => 'true'
    'PHP_DEFAULT_VERSION' => '8.3'
    'HOSTNAME' => 'derschmuckmacher-v3-web'
    'MAILPIT_SMTP_PORT' => '1025'
    'MH_SMTP_BIND_ADDR' => '127.0.0.1:1025'
    'DDEV_PRIMARY_URL_WITHOUT_PORT' => 'https://derschmuckmacher-v3.ddev.site'
    'CRAFT_DB_PORT' => '3306'
    'SSH_AUTH_SOCK' => '/home/.ssh-agent/socket'
    'DDEV_GID' => '20'
    'NODE_EXTRA_CA_CERTS' => '/mnt/ddev-global-cache/mkcert/rootCA.pem'
    'DOCKER_IP' => '127.0.0.1'
    'PGPASSWORD' => 'db'
    'CRAFT_WEB_ROOT' => '/var/www/html/web'
    'DDEV_DOCROOT' => 'web'
    'PWD' => '/var/www/html'
    'PLATFORMSH_CLI_UPDATES_CHECK' => '0'
    'DDEV_APPROOT' => '/var/www/html'
    'DDEV_FILES_DIR' => ''
    'START_SCRIPT_TIMEOUT' => '57'
    'APACHE_SITE_TEMPLATE' => '/etc/apache2/apache-site.conf'
    'PHP_INI' => '/etc/php/8.2/fpm/php.ini'
    'DDEV_VERSION' => 'v1.24.10'
    'PRIMARY_SITE_URL' => 'https://derschmuckmacher-v3.ddev.site'
    'TZ' => 'Europe/Zurich'
    'DDEV_XHPROF_MODE' => 'prepend'
    'HTTPS_EXPOSE' => '443:80,8026:8025'
    'COREPACK_HOME' => '/mnt/ddev-global-cache/corepack'
    'CRAFT_DB_DATABASE' => 'db'
    'DDEV_PRIMARY_URL' => 'https://derschmuckmacher-v3.ddev.site'
    'LINES' => '17'
    'DDEV_SITENAME' => 'derschmuckmacher-v3'
    'HOME' => '/home/omar'
    'DRUSH_OPTIONS_URI' => 'https://derschmuckmacher-v3.ddev.site'
    'LANG' => 'C.UTF-8'
    'COLUMNS' => '371'
    'DDEV_MUTAGEN_ENABLED' => 'true'
    'DDEV_USER' => 'omar'
    'PGUSER' => 'db'
    'TERMINUS_CACHE_DIR' => '/mnt/ddev-global-cache/terminus/cache'
    'DDEV_PRIMARY_URL_PORT' => '443'
    'DDEV_ROUTER_HTTP_PORT' => '80'
    'MAILPIT_SMTP_HOSTNAME' => '127.0.0.1'
    'CRAFT_DB_DRIVER' => 'mysql'
    'COMPOSER_PROCESS_TIMEOUT' => '2000'
    'NGINX_SITE_TEMPLATE' => '/etc/nginx/nginx-site.conf'
    'DDEV_FILES_DIRS' => ''
    'CRAFT_DB_SERVER' => 'db'
    'HTTP_EXPOSE' => '80:80,8025:8025'
    'NVM_DIR' => '/home/omar/.nvm'
    'DDEV_PHP_VERSION' => '8.2'
    'DDEV_TLD' => 'ddev.site'
    'DDEV_HOSTNAME' => 'derschmuckmacher-v3.ddev.site'
    'DDEV_PROJECT' => 'derschmuckmacher-v3'
    'DDEV_GOARCH' => 'arm64'
    'VIRTUAL_HOST' => 'derschmuckmacher-v3.ddev.site'
    'TERM' => 'xterm'
    'USER' => 'omar'
    'MYSQL_HISTFILE' => '/mnt/ddev-global-cache/mysqlhistory/derschmuckmacher-v3-web/mysql_history'
    'DDEV_WEB_ENTRYPOINT' => '/mnt/ddev_config/web-entrypoint.d'
    'DDEV_UID' => '501'
    'CAROOT' => '/mnt/ddev-global-cache/mkcert'
    'SHLVL' => '1'
    'COMPOSER_ALLOW_SUPERUSER' => '1'
    'BASH_ENV' => '/etc/bash.nointeractive.bashrc'
    'DDEV_DATABASE' => 'mysql:8.0'
    'PGDATABASE' => 'db'
    'CRAFT_DB_USER' => 'db'
    'DDEV_SCHEME' => 'https'
    'XHPROF_OUTPUT_DIR' => '/tmp/xhprof'
    'COMPOSER_CACHE_DIR' => '/mnt/ddev-global-cache/composer'
    'DDEV_XDEBUG_ENABLED' => 'false'
    'DDEV_DATABASE_FAMILY' => 'mysql'
    'PGHOST' => 'db'
    'DDEV_COMPOSER_ROOT' => '/var/www/html'
    'CRAFT_DB_PASSWORD' => '••'
    'DOCROOT' => 'web'
    'TERMINUS_HIDE_UPDATE_MESSAGE' => '1'
    'PATH' => '/home/omar/bin:/var/www/html/vendor/bin:/usr/local/sbin:/usr/local/bin:/usr/sbin:/usr/bin:/sbin:/bin:/var/www/html/bin:/mnt/ddev-global-cache/global-commands/web'
    'HOST_DOCKER_INTERNAL_IP' => ''
    'DDEV_PROJECT_TYPE' => 'craftcms'
    'DEBIAN_FRONTEND' => 'noninteractive'
    'DDEV_ROUTER_HTTPS_PORT' => '443'
    'EXECIGNORE' => '/var/www/html/vendor/bin/composer'
    'SUPERVISOR_ENABLED' => '1'
    'SUPERVISOR_SERVER_URL' => 'unix:///var/run/supervisor.sock'
    'SUPERVISOR_PROCESS_NAME' => 'php-fpm'
    'SUPERVISOR_GROUP_NAME' => 'php-fpm'
    'HTTP_X_REQUESTED_WITH' => 'XMLHttpRequest'
    'HTTP_X_REGISTERED_JS_FILES' => ''
    'HTTP_X_REGISTERED_ASSET_BUNDLES' => '22e517a2,aee7f8dc,26c46c25,e505ffd6,6b4d7555,bb2f10a0,e5e48399,815d39ea,fc0bc163,1ccab40d,1e21896b,54698ee0,b842675b,1c3c9add,4b1fd285,d8d08e47,8f00ce04,8768f48b,cf3018d6,ec6d0256'
    'HTTP_X_REAL_IP' => '172.18.0.1'
    'HTTP_X_FORWARDED_SERVER' => '61e6ccb23c1b'
    'HTTP_X_FORWARDED_PROTO' => 'https'
    'HTTP_X_FORWARDED_PORT' => '443'
    'HTTP_X_FORWARDED_HOST' => 'derschmuckmacher-v3.ddev.site'
    'HTTP_X_FORWARDED_FOR' => '172.18.0.1'
    'HTTP_X_CSRF_TOKEN' => '••••••••••••••••••••••••••••••••••••••••••••••••••••••••••••••••••••••••••••••••••••••••••••••••••••••••••••••••••••••••••••••••••••••••••••••••••••••••••••••••••••••••••••••••••••••••••••••••••••••••••••••••••••••••••••••••••••••••••••••••••••••••••••••••••••••••••••••••••••••••••••••••••••••••••••••••••••••••••••••••••••••••••••••••••••••••••••••••••••••••••••••••••••••••••••••••••••••••'
    'HTTP_TE' => 'trailers'
    'HTTP_SEC_GPC' => '1'
    'HTTP_SEC_FETCH_SITE' => 'same-origin'
    'HTTP_SEC_FETCH_MODE' => 'cors'
    'HTTP_SEC_FETCH_DEST' => 'empty'
    'HTTP_REFERER' => 'https://derschmuckmacher-v3.ddev.site/dW2axQ3b/content/entries/aktuelles?source=section%3Aabbf7c18-fd88-4baf-9a5e-dbccf55f4b56'
    'HTTP_ORIGIN' => 'https://derschmuckmacher-v3.ddev.site'
    'HTTP_COOKIE' => 'cookieconsent_status=dismiss; CraftSessionId=e982e518adc7dabfb26afcb21225ddf5; CRAFT_CSRF_TOKEN=16740b48ba3f84595b6c56ef142b19f6b046fde54bc23622280b174e295f39afa%3A2%3A%7Bi%3A0%3Bs%3A16%3A%22CRAFT_CSRF_TOKEN%22%3Bi%3A1%3Bs%3A147%3A%22JfpP7gD_LrPE_phoiRWTtDPS49nkCv82f0DSgxK4%7Cd91b1261e5555fd659eaa053e8d63b8b95dfcc835d2840aef88e1c92e480d8e2JfpP7gD_LrPE_phoiRWTtDPS49nkCv82f0DSgxK4%7C1%22%3B%7D; a8b7b1ec9ffb8baf2c6eaa253fe57112_username=26b9ec8568da68d3882e55afaa5d203483c6c5810ee05b5a55c8a0eb10cab93ea%3A2%3A%7Bi%3A0%3Bs%3A41%3A%22a8b7b1ec9ffb8baf2c6eaa253fe57112_username%22%3Bi%3A1%3Bs%3A8%3A%22odegiuli%22%3B%7D; Craft-3626ffc1-d0a3-42e3-98aa-37e8aa759561_sidebar=expanded; Craft-3626ffc1-d0a3-42e3-98aa-37e8aa759561_sidebar-details=expanded'
    'HTTP_ACCEPT_LANGUAGE' => 'de,en-US;q=0.9,en;q=0.8'
    'HTTP_ACCEPT_ENCODING' => 'gzip, deflate, br, zstd'
    'HTTP_ACCEPT' => 'application/json, text/plain, */*'
    'HTTP_CONTENT_LENGTH' => '0'
    'HTTP_USER_AGENT' => 'Mozilla/5.0 (Macintosh; Intel Mac OS X 10.15; rv:148.0) Gecko/20100101 Firefox/148.0'
    'HTTP_HOST' => 'derschmuckmacher-v3.ddev.site'
    'HTTPS' => 'on'
    'REDIRECT_STATUS' => '200'
    'SERVER_NAME' => 'derschmuckmacher-v3.ddev.site'
    'SERVER_PORT' => '80'
    'SERVER_ADDR' => '172.18.0.3'
    'REMOTE_PORT' => '51886'
    'REMOTE_ADDR' => '172.18.0.5'
    'SERVER_SOFTWARE' => 'nginx/1.28.0'
    'GATEWAY_INTERFACE' => 'CGI/1.1'
    'REQUEST_SCHEME' => 'http'
    'SERVER_PROTOCOL' => 'HTTP/1.1'
    'DOCUMENT_ROOT' => '/var/www/html/web'
    'DOCUMENT_URI' => '/index.php'
    'REQUEST_URI' => '/index.php?p=dW2axQ3b%2Factions%2Fqueue%2Frun&v=1773747042936'
    'CONTENT_LENGTH' => '0'
    'CONTENT_TYPE' => ''
    'REQUEST_METHOD' => 'POST'
    'QUERY_STRING' => 'p=dW2axQ3b%2Factions%2Fqueue%2Frun&v=1773747042936'
    'SCRIPT_NAME' => '/index.php'
    'SCRIPT_FILENAME' => '/var/www/html/web/index.php'
    'FCGI_ROLE' => 'RESPONDER'
    'PHP_SELF' => '/index.php'
    'REQUEST_TIME_FLOAT' => 1773747042.938
    'REQUEST_TIME' => 1773747042
    'CRAFT_APP_ID' => 'CraftCMS--3933bc78-29f5-4b79-bcc5-c31faf0fcd20'
    'CRAFT_ENVIRONMENT' => 'dev'
    'ENVIRONMENT' => 'dev'
    'CRAFT_SECURITY_KEY' => '••••••••••••••••••••••••••••••••'
    'CP_TRIGGER' => 'dW2axQ3b'
    'CRAFT_DB_SCHEMA' => 'public'
    'CRAFT_DB_TABLE_PREFIX' => ''
    'DEV_MODE' => 'true'
    'ALLOW_ADMIN_CHANGES' => 'true'
    'DISALLOW_ROBOTS' => 'true'
    'TIMEZONE' => 'Europe/Zurich'
    'CAPTCHA_SITE_KEY' => '••••••••••••••••••••••••••••••••••••••••'
    'CAPTCHA_SECRET_KEY' => '••••••••••••••••••••••••••••••••••••••••'
    'WEB_URL' => 'https://derschmuckmacher-v3.ddev.site'
    'WEB_ROOT' => '/var/www/html/web'
    'ASSETS_BASE_URL' => 'https://derschmuckmacher-v3.ddev.site/public'
    'ASSETS_BASE_PATH' => '/var/www/html/web/public'
    'SCHMUCK_BASE_URL' => 'https://derschmuckmacher-v3.ddev.site/public/uploads/schmuck'
    'SCHMUCK_BASE_PATH' => '/var/www/html/web/public/uploads/schmuck'
] {"environment":"dev","userId":1} 
2026-03-17 12:31:21 [queue.INFO] [yii\db\Connection::open] Opening DB connection: mysql:host=db;dbname=db;port=3306 {"memory":1099384} 
2026-03-17 12:31:21 [queue.INFO] [yii\web\Session::open] Session started {"memory":1431168} 
2026-03-17 12:31:21 [queue.INFO] [nystudio107\codeeditor\CodeEditor::bootstrap] CodeEditor module bootstrapped {"memory":1453816} 
2026-03-17 12:31:21 [queue.INFO] [adigital\cookieconsentbanner\CookieConsentBanner::init] Cookie Consent Banner plugin loaded {"memory":1668104} 
2026-03-17 12:31:21 [queue.INFO] [miranj\obfuscator\Obfuscator::init] Obfuscator plugin loaded {"memory":2588688} 
2026-03-17 12:31:21 [queue.INFO] [yii\db\Connection::open] Opening DB connection: mysql:host=db;dbname=db;port=3306 {"memory":2837368} 
2026-03-17 12:31:21 [queue.INFO] [craft\queue\QueueLogBehavior::beforeExec]  [38798] t9n:["app","Updating search indexes"] (attempt: 1, pid: 6317) - Started {"memory":2896120} 
2026-03-17 12:31:21 [queue.INFO] [craft\queue\QueueLogBehavior::afterExec]  [38798] t9n:["app","Updating search indexes"] (attempt: 1, pid: 6317) - Done (time: 0.010s) {"memory":3314808} 
2026-03-17 12:31:21 [queue.INFO] [craft\queue\QueueLogBehavior::beforeExec]  [38799] t9n:["app","Updating search indexes"] (attempt: 1, pid: 6317) - Started {"memory":3322840} 
2026-03-17 12:31:21 [queue.INFO] [craft\queue\QueueLogBehavior::afterExec]  [38799] t9n:["app","Updating search indexes"] (attempt: 1, pid: 6317) - Done (time: 0.002s) {"memory":3387696} 
2026-03-17 12:31:21 [queue.INFO] [craft\queue\QueueLogBehavior::beforeExec]  [38800] t9n:["app","Updating search indexes"] (attempt: 1, pid: 6317) - Started {"memory":3395680} 
2026-03-17 12:31:21 [queue.INFO] [craft\queue\QueueLogBehavior::afterExec]  [38800] t9n:["app","Updating search indexes"] (attempt: 1, pid: 6317) - Done (time: 0.000s) {"memory":3397104} 
2026-03-17 12:31:21 [queue.INFO] [craft\queue\QueueLogBehavior::beforeExec]  [38801] t9n:["app","Updating search indexes"] (attempt: 1, pid: 6317) - Started {"memory":3409504} 
2026-03-17 12:31:21 [queue.INFO] [craft\queue\QueueLogBehavior::afterExec]  [38801] t9n:["app","Updating search indexes"] (attempt: 1, pid: 6317) - Done (time: 0.000s) {"memory":3410928} 
2026-03-17 12:31:21 [queue.INFO] [craft\queue\QueueLogBehavior::beforeExec]  [38802] t9n:["app","Updating search indexes"] (attempt: 1, pid: 6317) - Started {"memory":3418912} 
2026-03-17 12:31:21 [queue.INFO] [craft\queue\QueueLogBehavior::afterExec]  [38802] t9n:["app","Updating search indexes"] (attempt: 1, pid: 6317) - Done (time: 0.000s) {"memory":3420336} 
2026-03-17 12:31:21 [queue.INFO] [craft\queue\QueueLogBehavior::beforeExec]  [38803] t9n:["app","Updating search indexes"] (attempt: 1, pid: 6317) - Started {"memory":3428320} 
2026-03-17 12:31:21 [queue.INFO] [craft\queue\QueueLogBehavior::afterExec]  [38803] t9n:["app","Updating search indexes"] (attempt: 1, pid: 6317) - Done (time: 0.005s) {"memory":3803112} 
2026-03-17 12:31:21 [queue.INFO] [craft\queue\QueueLogBehavior::beforeExec]  [38804] t9n:["app","Updating search indexes"] (attempt: 1, pid: 6317) - Started {"memory":3811096} 
2026-03-17 12:31:21 [queue.INFO] [craft\queue\QueueLogBehavior::afterExec]  [38804] t9n:["app","Updating search indexes"] (attempt: 1, pid: 6317) - Done (time: 0.003s) {"memory":4028104} 
2026-03-17 12:31:21 [queue.INFO] [craft\queue\QueueLogBehavior::beforeExec]  [38805] t9n:["app","Pruning extra revisions"] (attempt: 1, pid: 6317) - Started {"memory":4036088} 
2026-03-17 12:31:21 [queue.INFO] [craft\queue\QueueLogBehavior::afterExec]  [38805] t9n:["app","Pruning extra revisions"] (attempt: 1, pid: 6317) - Done (time: 0.000s) {"memory":4090760} 
2026-03-17 12:31:21 [queue.INFO] [craft\queue\QueueLogBehavior::beforeExec]  [38806] t9n:["app","Pruning extra revisions"] (attempt: 1, pid: 6317) - Started {"memory":4098744} 
2026-03-17 12:31:21 [queue.INFO] [craft\queue\QueueLogBehavior::afterExec]  [38806] t9n:["app","Pruning extra revisions"] (attempt: 1, pid: 6317) - Done (time: 0.000s) {"memory":4153384} 
2026-03-17 12:31:21 [queue.INFO] [application] Request context:
$_GET = [
    'p' => 'dW2axQ3b/actions/queue/run'
    'v' => '1773747081405'
]

$_POST = []

$_FILES = []

$_COOKIE = [
    'cookieconsent_status' => 'dismiss'
    'CraftSessionId' => 'e982e518adc7dabfb26afcb21225ddf5'
    'CRAFT_CSRF_TOKEN' => '••••••••••••••••••••••••••••••••••••••••••••••••••••••••••••••••••••••••••••••••••••••••••••••••••••••••••••••••••••••••••••••••••••••••••••••••••••••••••••••••••••••••••••••••••••••••••••••••••••••••••••••••••••••••••••••••••••••••••••••••••••••••••••••••••'
    'a8b7b1ec9ffb8baf2c6eaa253fe57112_username' => '26b9ec8568da68d3882e55afaa5d203483c6c5810ee05b5a55c8a0eb10cab93ea:2:{i:0;s:41:\"a8b7b1ec9ffb8baf2c6eaa253fe57112_username\";i:1;s:8:\"odegiuli\";}'
    'Craft-3626ffc1-d0a3-42e3-98aa-37e8aa759561_sidebar' => 'expanded'
    'Craft-3626ffc1-d0a3-42e3-98aa-37e8aa759561_sidebar-details' => 'expanded'
]

$_SESSION = [
    '22b6a59deafcfb2ffb13c3adf3d98a3b__auth_access' => [
        0 => 'previewElement:8578'
        1 => 'saveAssets:1986f3e0-bf2e-4ccd-b34c-7ec2d979afdd'
        2 => 'editStructure:2'
        3 => 'editStructure:1'
        4 => 'previewElement:8539'
        5 => 'previewDraft:875'
        6 => 'previewElement:8582'
        7 => 'previewDraft:876'
        8 => 'previewDraft:877'
    ]
    '22b6a59deafcfb2ffb13c3adf3d98a3b__flash' => []
    'a8b7b1ec9ffb8baf2c6eaa253fe57112__token' => '••••••••••••••••••••••••••••••••••••••••••••••••••••••••••••••••••••••••••••••••••••••••••••••••••••'
    'a8b7b1ec9ffb8baf2c6eaa253fe57112__id' => 1
    '__authKey' => '••••••••••••••••••••••••••••••••••••••••••••••••••••••••••••••••••••••••••••••••••••••••••••••••••••••••••••••••••••••••••••••••••••••••••••••••'
    'a8b7b1ec9ffb8baf2c6eaa253fe57112__expire' => 1773750681
    '__duration' => 3600
    '__elevated_timeout' => 1773744618
]

$_SERVER = [
    'DEPLOY_NAME' => 'local'
    'DDEV_WEBSERVER_TYPE' => 'nginx-fpm'
    'npm_config_cache' => '/mnt/ddev-global-cache/npm'
    'COREPACK_ENABLE_DOWNLOAD_PROMPT' => '0'
    'DDEV_GOOS' => 'darwin'
    'IS_DDEV_PROJECT' => 'true'
    'PHP_DEFAULT_VERSION' => '8.3'
    'HOSTNAME' => 'derschmuckmacher-v3-web'
    'MAILPIT_SMTP_PORT' => '1025'
    'MH_SMTP_BIND_ADDR' => '127.0.0.1:1025'
    'DDEV_PRIMARY_URL_WITHOUT_PORT' => 'https://derschmuckmacher-v3.ddev.site'
    'CRAFT_DB_PORT' => '3306'
    'SSH_AUTH_SOCK' => '/home/.ssh-agent/socket'
    'DDEV_GID' => '20'
    'NODE_EXTRA_CA_CERTS' => '/mnt/ddev-global-cache/mkcert/rootCA.pem'
    'DOCKER_IP' => '127.0.0.1'
    'PGPASSWORD' => 'db'
    'CRAFT_WEB_ROOT' => '/var/www/html/web'
    'DDEV_DOCROOT' => 'web'
    'PWD' => '/var/www/html'
    'PLATFORMSH_CLI_UPDATES_CHECK' => '0'
    'DDEV_APPROOT' => '/var/www/html'
    'DDEV_FILES_DIR' => ''
    'START_SCRIPT_TIMEOUT' => '57'
    'APACHE_SITE_TEMPLATE' => '/etc/apache2/apache-site.conf'
    'PHP_INI' => '/etc/php/8.2/fpm/php.ini'
    'DDEV_VERSION' => 'v1.24.10'
    'PRIMARY_SITE_URL' => 'https://derschmuckmacher-v3.ddev.site'
    'TZ' => 'Europe/Zurich'
    'DDEV_XHPROF_MODE' => 'prepend'
    'HTTPS_EXPOSE' => '443:80,8026:8025'
    'COREPACK_HOME' => '/mnt/ddev-global-cache/corepack'
    'CRAFT_DB_DATABASE' => 'db'
    'DDEV_PRIMARY_URL' => 'https://derschmuckmacher-v3.ddev.site'
    'LINES' => '17'
    'DDEV_SITENAME' => 'derschmuckmacher-v3'
    'HOME' => '/home/omar'
    'DRUSH_OPTIONS_URI' => 'https://derschmuckmacher-v3.ddev.site'
    'LANG' => 'C.UTF-8'
    'COLUMNS' => '371'
    'DDEV_MUTAGEN_ENABLED' => 'true'
    'DDEV_USER' => 'omar'
    'PGUSER' => 'db'
    'TERMINUS_CACHE_DIR' => '/mnt/ddev-global-cache/terminus/cache'
    'DDEV_PRIMARY_URL_PORT' => '443'
    'DDEV_ROUTER_HTTP_PORT' => '80'
    'MAILPIT_SMTP_HOSTNAME' => '127.0.0.1'
    'CRAFT_DB_DRIVER' => 'mysql'
    'COMPOSER_PROCESS_TIMEOUT' => '2000'
    'NGINX_SITE_TEMPLATE' => '/etc/nginx/nginx-site.conf'
    'DDEV_FILES_DIRS' => ''
    'CRAFT_DB_SERVER' => 'db'
    'HTTP_EXPOSE' => '80:80,8025:8025'
    'NVM_DIR' => '/home/omar/.nvm'
    'DDEV_PHP_VERSION' => '8.2'
    'DDEV_TLD' => 'ddev.site'
    'DDEV_HOSTNAME' => 'derschmuckmacher-v3.ddev.site'
    'DDEV_PROJECT' => 'derschmuckmacher-v3'
    'DDEV_GOARCH' => 'arm64'
    'VIRTUAL_HOST' => 'derschmuckmacher-v3.ddev.site'
    'TERM' => 'xterm'
    'USER' => 'omar'
    'MYSQL_HISTFILE' => '/mnt/ddev-global-cache/mysqlhistory/derschmuckmacher-v3-web/mysql_history'
    'DDEV_WEB_ENTRYPOINT' => '/mnt/ddev_config/web-entrypoint.d'
    'DDEV_UID' => '501'
    'CAROOT' => '/mnt/ddev-global-cache/mkcert'
    'SHLVL' => '1'
    'COMPOSER_ALLOW_SUPERUSER' => '1'
    'BASH_ENV' => '/etc/bash.nointeractive.bashrc'
    'DDEV_DATABASE' => 'mysql:8.0'
    'PGDATABASE' => 'db'
    'CRAFT_DB_USER' => 'db'
    'DDEV_SCHEME' => 'https'
    'XHPROF_OUTPUT_DIR' => '/tmp/xhprof'
    'COMPOSER_CACHE_DIR' => '/mnt/ddev-global-cache/composer'
    'DDEV_XDEBUG_ENABLED' => 'false'
    'DDEV_DATABASE_FAMILY' => 'mysql'
    'PGHOST' => 'db'
    'DDEV_COMPOSER_ROOT' => '/var/www/html'
    'CRAFT_DB_PASSWORD' => '••'
    'DOCROOT' => 'web'
    'TERMINUS_HIDE_UPDATE_MESSAGE' => '1'
    'PATH' => '/home/omar/bin:/var/www/html/vendor/bin:/usr/local/sbin:/usr/local/bin:/usr/sbin:/usr/bin:/sbin:/bin:/var/www/html/bin:/mnt/ddev-global-cache/global-commands/web'
    'HOST_DOCKER_INTERNAL_IP' => ''
    'DDEV_PROJECT_TYPE' => 'craftcms'
    'DEBIAN_FRONTEND' => 'noninteractive'
    'DDEV_ROUTER_HTTPS_PORT' => '443'
    'EXECIGNORE' => '/var/www/html/vendor/bin/composer'
    'SUPERVISOR_ENABLED' => '1'
    'SUPERVISOR_SERVER_URL' => 'unix:///var/run/supervisor.sock'
    'SUPERVISOR_PROCESS_NAME' => 'php-fpm'
    'SUPERVISOR_GROUP_NAME' => 'php-fpm'
    'HTTP_X_REQUESTED_WITH' => 'XMLHttpRequest'
    'HTTP_X_REGISTERED_JS_FILES' => ''
    'HTTP_X_REGISTERED_ASSET_BUNDLES' => '22e517a2,aee7f8dc,26c46c25,e505ffd6,6b4d7555,bb2f10a0,e5e48399,815d39ea,fc0bc163,1ccab40d,1e21896b,54698ee0,b842675b,1c3c9add,4b1fd285,d8d08e47,8f00ce04,8768f48b,cf3018d6,ec6d0256'
    'HTTP_X_REAL_IP' => '172.18.0.1'
    'HTTP_X_FORWARDED_SERVER' => '61e6ccb23c1b'
    'HTTP_X_FORWARDED_PROTO' => 'https'
    'HTTP_X_FORWARDED_PORT' => '443'
    'HTTP_X_FORWARDED_HOST' => 'derschmuckmacher-v3.ddev.site'
    'HTTP_X_FORWARDED_FOR' => '172.18.0.1'
    'HTTP_X_CSRF_TOKEN' => '••••••••••••••••••••••••••••••••••••••••••••••••••••••••••••••••••••••••••••••••••••••••••••••••••••••••••••••••••••••••••••••••••••••••••••••••••••••••••••••••••••••••••••••••••••••••••••••••••••••••••••••••••••••••••••••••••••••••••••••••••••••••••••••••••••••••••••••••••••••••••••••••••••••••••••••••••••••••••••••••••••••••••••••••••••••••••••••••••••••••••••••••••••••••••••••••••••••••'
    'HTTP_TE' => 'trailers'
    'HTTP_SEC_GPC' => '1'
    'HTTP_SEC_FETCH_SITE' => 'same-origin'
    'HTTP_SEC_FETCH_MODE' => 'cors'
    'HTTP_SEC_FETCH_DEST' => 'empty'
    'HTTP_REFERER' => 'https://derschmuckmacher-v3.ddev.site/dW2axQ3b/content/entries/aktuelles?source=section%3Aabbf7c18-fd88-4baf-9a5e-dbccf55f4b56'
    'HTTP_ORIGIN' => 'https://derschmuckmacher-v3.ddev.site'
    'HTTP_COOKIE' => 'cookieconsent_status=dismiss; CraftSessionId=e982e518adc7dabfb26afcb21225ddf5; CRAFT_CSRF_TOKEN=16740b48ba3f84595b6c56ef142b19f6b046fde54bc23622280b174e295f39afa%3A2%3A%7Bi%3A0%3Bs%3A16%3A%22CRAFT_CSRF_TOKEN%22%3Bi%3A1%3Bs%3A147%3A%22JfpP7gD_LrPE_phoiRWTtDPS49nkCv82f0DSgxK4%7Cd91b1261e5555fd659eaa053e8d63b8b95dfcc835d2840aef88e1c92e480d8e2JfpP7gD_LrPE_phoiRWTtDPS49nkCv82f0DSgxK4%7C1%22%3B%7D; a8b7b1ec9ffb8baf2c6eaa253fe57112_username=26b9ec8568da68d3882e55afaa5d203483c6c5810ee05b5a55c8a0eb10cab93ea%3A2%3A%7Bi%3A0%3Bs%3A41%3A%22a8b7b1ec9ffb8baf2c6eaa253fe57112_username%22%3Bi%3A1%3Bs%3A8%3A%22odegiuli%22%3B%7D; Craft-3626ffc1-d0a3-42e3-98aa-37e8aa759561_sidebar=expanded; Craft-3626ffc1-d0a3-42e3-98aa-37e8aa759561_sidebar-details=expanded'
    'HTTP_ACCEPT_LANGUAGE' => 'de,en-US;q=0.9,en;q=0.8'
    'HTTP_ACCEPT_ENCODING' => 'gzip, deflate, br, zstd'
    'HTTP_ACCEPT' => 'application/json, text/plain, */*'
    'HTTP_CONTENT_LENGTH' => '0'
    'HTTP_USER_AGENT' => 'Mozilla/5.0 (Macintosh; Intel Mac OS X 10.15; rv:148.0) Gecko/20100101 Firefox/148.0'
    'HTTP_HOST' => 'derschmuckmacher-v3.ddev.site'
    'HTTPS' => 'on'
    'REDIRECT_STATUS' => '200'
    'SERVER_NAME' => 'derschmuckmacher-v3.ddev.site'
    'SERVER_PORT' => '80'
    'SERVER_ADDR' => '172.18.0.3'
    'REMOTE_PORT' => '45470'
    'REMOTE_ADDR' => '172.18.0.5'
    'SERVER_SOFTWARE' => 'nginx/1.28.0'
    'GATEWAY_INTERFACE' => 'CGI/1.1'
    'REQUEST_SCHEME' => 'http'
    'SERVER_PROTOCOL' => 'HTTP/1.1'
    'DOCUMENT_ROOT' => '/var/www/html/web'
    'DOCUMENT_URI' => '/index.php'
    'REQUEST_URI' => '/index.php?p=dW2axQ3b%2Factions%2Fqueue%2Frun&v=1773747081405'
    'CONTENT_LENGTH' => '0'
    'CONTENT_TYPE' => ''
    'REQUEST_METHOD' => 'POST'
    'QUERY_STRING' => 'p=dW2axQ3b%2Factions%2Fqueue%2Frun&v=1773747081405'
    'SCRIPT_NAME' => '/index.php'
    'SCRIPT_FILENAME' => '/var/www/html/web/index.php'
    'FCGI_ROLE' => 'RESPONDER'
    'PHP_SELF' => '/index.php'
    'REQUEST_TIME_FLOAT' => 1773747081.4103
    'REQUEST_TIME' => 1773747081
    'CRAFT_APP_ID' => 'CraftCMS--3933bc78-29f5-4b79-bcc5-c31faf0fcd20'
    'CRAFT_ENVIRONMENT' => 'dev'
    'ENVIRONMENT' => 'dev'
    'CRAFT_SECURITY_KEY' => '••••••••••••••••••••••••••••••••'
    'CP_TRIGGER' => 'dW2axQ3b'
    'CRAFT_DB_SCHEMA' => 'public'
    'CRAFT_DB_TABLE_PREFIX' => ''
    'DEV_MODE' => 'true'
    'ALLOW_ADMIN_CHANGES' => 'true'
    'DISALLOW_ROBOTS' => 'true'
    'TIMEZONE' => 'Europe/Zurich'
    'CAPTCHA_SITE_KEY' => '••••••••••••••••••••••••••••••••••••••••'
    'CAPTCHA_SECRET_KEY' => '••••••••••••••••••••••••••••••••••••••••'
    'WEB_URL' => 'https://derschmuckmacher-v3.ddev.site'
    'WEB_ROOT' => '/var/www/html/web'
    'ASSETS_BASE_URL' => 'https://derschmuckmacher-v3.ddev.site/public'
    'ASSETS_BASE_PATH' => '/var/www/html/web/public'
    'SCHMUCK_BASE_URL' => 'https://derschmuckmacher-v3.ddev.site/public/uploads/schmuck'
    'SCHMUCK_BASE_PATH' => '/var/www/html/web/public/uploads/schmuck'
] {"environment":"dev","userId":1} 
2026-03-17 12:46:39 [queue.INFO] [yii\db\Connection::open] Opening DB connection: mysql:host=db;dbname=db;port=3306 {"memory":1099400} 
2026-03-17 12:46:39 [queue.INFO] [yii\web\Session::open] Session started {"memory":1434216} 
2026-03-17 12:46:39 [queue.INFO] [nystudio107\codeeditor\CodeEditor::bootstrap] CodeEditor module bootstrapped {"memory":1455976} 
2026-03-17 12:46:39 [queue.INFO] [adigital\cookieconsentbanner\CookieConsentBanner::init] Cookie Consent Banner plugin loaded {"memory":1671840} 
2026-03-17 12:46:39 [queue.INFO] [miranj\obfuscator\Obfuscator::init] Obfuscator plugin loaded {"memory":2592424} 
2026-03-17 12:46:39 [queue.INFO] [yii\db\Connection::open] Opening DB connection: mysql:host=db;dbname=db;port=3306 {"memory":2842192} 
2026-03-17 12:46:39 [queue.INFO] [craft\queue\QueueLogBehavior::beforeExec]  [38807] Freeform: Purging Old Notification Logs (attempt: 1, pid: 10521) - Started {"memory":2900320} 
2026-03-17 12:46:39 [queue.INFO] [craft\queue\QueueLogBehavior::afterExec]  [38807] Freeform: Purging Old Notification Logs (attempt: 1, pid: 10521) - Done (time: 0.001s) {"memory":2918832} 
2026-03-17 12:46:39 [queue.INFO] [craft\queue\QueueLogBehavior::beforeExec]  [38808] Freeform: Unfertige Dateien löschen (attempt: 1, pid: 10521) - Started {"memory":3090976} 
2026-03-17 12:46:39 [queue.INFO] [craft\queue\QueueLogBehavior::afterExec]  [38808] Freeform: Unfertige Dateien löschen (attempt: 1, pid: 10521) - Done (time: 0.000s) {"memory":3095128} 
2026-03-17 12:46:39 [queue.INFO] [craft\queue\QueueLogBehavior::beforeExec]  [38809] t9n:["app","Pruning extra revisions"] (attempt: 1, pid: 10521) - Started {"memory":3103784} 
2026-03-17 12:46:39 [queue.INFO] [craft\queue\QueueLogBehavior::afterExec]  [38809] t9n:["app","Pruning extra revisions"] (attempt: 1, pid: 10521) - Done (time: 0.006s) {"memory":3576544} 
2026-03-17 12:46:39 [queue.INFO] [application] Request context:
$_GET = [
    'p' => 'dW2axQ3b/actions/queue/run'
    'v' => '1773747999816'
]

$_POST = []

$_FILES = []

$_COOKIE = [
    'cookieconsent_status' => 'dismiss'
    'CraftSessionId' => 'e982e518adc7dabfb26afcb21225ddf5'
    'CRAFT_CSRF_TOKEN' => '••••••••••••••••••••••••••••••••••••••••••••••••••••••••••••••••••••••••••••••••••••••••••••••••••••••••••••••••••••••••••••••••••••••••••••••••••••••••••••••••••••••••••••••••••••••••••••••••••••••••••••••••••••••••••••••••••••••••••••••••••••••••••••••••••'
    'a8b7b1ec9ffb8baf2c6eaa253fe57112_username' => '26b9ec8568da68d3882e55afaa5d203483c6c5810ee05b5a55c8a0eb10cab93ea:2:{i:0;s:41:\"a8b7b1ec9ffb8baf2c6eaa253fe57112_username\";i:1;s:8:\"odegiuli\";}'
    'Craft-3626ffc1-d0a3-42e3-98aa-37e8aa759561_sidebar' => 'expanded'
    'Craft-3626ffc1-d0a3-42e3-98aa-37e8aa759561_sidebar-details' => 'expanded'
]

$_SESSION = [
    '22b6a59deafcfb2ffb13c3adf3d98a3b__auth_access' => [
        0 => 'previewElement:8578'
        1 => 'saveAssets:1986f3e0-bf2e-4ccd-b34c-7ec2d979afdd'
        2 => 'editStructure:2'
        3 => 'editStructure:1'
        4 => 'previewElement:8539'
        5 => 'previewDraft:875'
        6 => 'previewElement:8582'
        7 => 'previewDraft:876'
        8 => 'previewDraft:877'
    ]
    '22b6a59deafcfb2ffb13c3adf3d98a3b__flash' => []
    'a8b7b1ec9ffb8baf2c6eaa253fe57112__token' => '••••••••••••••••••••••••••••••••••••••••••••••••••••••••••••••••••••••••••••••••••••••••••••••••••••'
    'a8b7b1ec9ffb8baf2c6eaa253fe57112__id' => 1
    '__authKey' => '••••••••••••••••••••••••••••••••••••••••••••••••••••••••••••••••••••••••••••••••••••••••••••••••••••••••••••••••••••••••••••••••••••••••••••••••'
    'a8b7b1ec9ffb8baf2c6eaa253fe57112__expire' => 1773751599
    '__duration' => 3600
    '__elevated_timeout' => 1773744618
]

$_SERVER = [
    'DEPLOY_NAME' => 'local'
    'DDEV_WEBSERVER_TYPE' => 'nginx-fpm'
    'npm_config_cache' => '/mnt/ddev-global-cache/npm'
    'COREPACK_ENABLE_DOWNLOAD_PROMPT' => '0'
    'DDEV_GOOS' => 'darwin'
    'IS_DDEV_PROJECT' => 'true'
    'PHP_DEFAULT_VERSION' => '8.3'
    'HOSTNAME' => 'derschmuckmacher-v3-web'
    'MAILPIT_SMTP_PORT' => '1025'
    'MH_SMTP_BIND_ADDR' => '127.0.0.1:1025'
    'DDEV_PRIMARY_URL_WITHOUT_PORT' => 'https://derschmuckmacher-v3.ddev.site'
    'CRAFT_DB_PORT' => '3306'
    'SSH_AUTH_SOCK' => '/home/.ssh-agent/socket'
    'DDEV_GID' => '20'
    'NODE_EXTRA_CA_CERTS' => '/mnt/ddev-global-cache/mkcert/rootCA.pem'
    'DOCKER_IP' => '127.0.0.1'
    'PGPASSWORD' => 'db'
    'CRAFT_WEB_ROOT' => '/var/www/html/web'
    'DDEV_DOCROOT' => 'web'
    'PWD' => '/var/www/html'
    'PLATFORMSH_CLI_UPDATES_CHECK' => '0'
    'DDEV_APPROOT' => '/var/www/html'
    'DDEV_FILES_DIR' => ''
    'START_SCRIPT_TIMEOUT' => '57'
    'APACHE_SITE_TEMPLATE' => '/etc/apache2/apache-site.conf'
    'PHP_INI' => '/etc/php/8.2/fpm/php.ini'
    'DDEV_VERSION' => 'v1.24.10'
    'PRIMARY_SITE_URL' => 'https://derschmuckmacher-v3.ddev.site'
    'TZ' => 'Europe/Zurich'
    'DDEV_XHPROF_MODE' => 'prepend'
    'HTTPS_EXPOSE' => '443:80,8026:8025'
    'COREPACK_HOME' => '/mnt/ddev-global-cache/corepack'
    'CRAFT_DB_DATABASE' => 'db'
    'DDEV_PRIMARY_URL' => 'https://derschmuckmacher-v3.ddev.site'
    'LINES' => '17'
    'DDEV_SITENAME' => 'derschmuckmacher-v3'
    'HOME' => '/home/omar'
    'DRUSH_OPTIONS_URI' => 'https://derschmuckmacher-v3.ddev.site'
    'LANG' => 'C.UTF-8'
    'COLUMNS' => '371'
    'DDEV_MUTAGEN_ENABLED' => 'true'
    'DDEV_USER' => 'omar'
    'PGUSER' => 'db'
    'TERMINUS_CACHE_DIR' => '/mnt/ddev-global-cache/terminus/cache'
    'DDEV_PRIMARY_URL_PORT' => '443'
    'DDEV_ROUTER_HTTP_PORT' => '80'
    'MAILPIT_SMTP_HOSTNAME' => '127.0.0.1'
    'CRAFT_DB_DRIVER' => 'mysql'
    'COMPOSER_PROCESS_TIMEOUT' => '2000'
    'NGINX_SITE_TEMPLATE' => '/etc/nginx/nginx-site.conf'
    'DDEV_FILES_DIRS' => ''
    'CRAFT_DB_SERVER' => 'db'
    'HTTP_EXPOSE' => '80:80,8025:8025'
    'NVM_DIR' => '/home/omar/.nvm'
    'DDEV_PHP_VERSION' => '8.2'
    'DDEV_TLD' => 'ddev.site'
    'DDEV_HOSTNAME' => 'derschmuckmacher-v3.ddev.site'
    'DDEV_PROJECT' => 'derschmuckmacher-v3'
    'DDEV_GOARCH' => 'arm64'
    'VIRTUAL_HOST' => 'derschmuckmacher-v3.ddev.site'
    'TERM' => 'xterm'
    'USER' => 'omar'
    'MYSQL_HISTFILE' => '/mnt/ddev-global-cache/mysqlhistory/derschmuckmacher-v3-web/mysql_history'
    'DDEV_WEB_ENTRYPOINT' => '/mnt/ddev_config/web-entrypoint.d'
    'DDEV_UID' => '501'
    'CAROOT' => '/mnt/ddev-global-cache/mkcert'
    'SHLVL' => '1'
    'COMPOSER_ALLOW_SUPERUSER' => '1'
    'BASH_ENV' => '/etc/bash.nointeractive.bashrc'
    'DDEV_DATABASE' => 'mysql:8.0'
    'PGDATABASE' => 'db'
    'CRAFT_DB_USER' => 'db'
    'DDEV_SCHEME' => 'https'
    'XHPROF_OUTPUT_DIR' => '/tmp/xhprof'
    'COMPOSER_CACHE_DIR' => '/mnt/ddev-global-cache/composer'
    'DDEV_XDEBUG_ENABLED' => 'false'
    'DDEV_DATABASE_FAMILY' => 'mysql'
    'PGHOST' => 'db'
    'DDEV_COMPOSER_ROOT' => '/var/www/html'
    'CRAFT_DB_PASSWORD' => '••'
    'DOCROOT' => 'web'
    'TERMINUS_HIDE_UPDATE_MESSAGE' => '1'
    'PATH' => '/home/omar/bin:/var/www/html/vendor/bin:/usr/local/sbin:/usr/local/bin:/usr/sbin:/usr/bin:/sbin:/bin:/var/www/html/bin:/mnt/ddev-global-cache/global-commands/web'
    'HOST_DOCKER_INTERNAL_IP' => ''
    'DDEV_PROJECT_TYPE' => 'craftcms'
    'DEBIAN_FRONTEND' => 'noninteractive'
    'DDEV_ROUTER_HTTPS_PORT' => '443'
    'EXECIGNORE' => '/var/www/html/vendor/bin/composer'
    'SUPERVISOR_ENABLED' => '1'
    'SUPERVISOR_SERVER_URL' => 'unix:///var/run/supervisor.sock'
    'SUPERVISOR_PROCESS_NAME' => 'php-fpm'
    'SUPERVISOR_GROUP_NAME' => 'php-fpm'
    'HTTP_X_REQUESTED_WITH' => 'XMLHttpRequest'
    'HTTP_X_REGISTERED_JS_FILES' => '6276b818'
    'HTTP_X_REGISTERED_ASSET_BUNDLES' => '815d39ea,92d8701,22e517a2,aee7f8dc,26c46c25,e505ffd6,6b4d7555,bb2f10a0,e5e48399,fc0bc163,1ccab40d,1e21896b,54698ee0,b842675b,1c3c9add,4b1fd285,d8d08e47,8f00ce04,8768f48b,cf3018d6,ec6d0256,7b7669ac,75f47f25,15a36a51'
    'HTTP_X_REAL_IP' => '172.18.0.1'
    'HTTP_X_FORWARDED_SERVER' => '61e6ccb23c1b'
    'HTTP_X_FORWARDED_PROTO' => 'https'
    'HTTP_X_FORWARDED_PORT' => '443'
    'HTTP_X_FORWARDED_HOST' => 'derschmuckmacher-v3.ddev.site'
    'HTTP_X_FORWARDED_FOR' => '172.18.0.1'
    'HTTP_X_CSRF_TOKEN' => '••••••••••••••••••••••••••••••••••••••••••••••••••••••••••••••••••••••••••••••••••••••••••••••••••••••••••••••••••••••••••••••••••••••••••••••••••••••••••••••••••••••••••••••••••••••••••••••••••••••••••••••••••••••••••••••••••••••••••••••••••••••••••••••••••••••••••••••••••••••••••••••••••••••••••••••••••••••••••••••••••••••••••••••••••••••••••••••••••••••••••••••••••••••••••••••••••••••••'
    'HTTP_TE' => 'trailers'
    'HTTP_SEC_GPC' => '1'
    'HTTP_SEC_FETCH_SITE' => 'same-origin'
    'HTTP_SEC_FETCH_MODE' => 'cors'
    'HTTP_SEC_FETCH_DEST' => 'empty'
    'HTTP_REFERER' => 'https://derschmuckmacher-v3.ddev.site/dW2axQ3b/content/entries/aktuelles/8582-offenes-atelier'
    'HTTP_ORIGIN' => 'https://derschmuckmacher-v3.ddev.site'
    'HTTP_COOKIE' => 'cookieconsent_status=dismiss; CraftSessionId=e982e518adc7dabfb26afcb21225ddf5; CRAFT_CSRF_TOKEN=16740b48ba3f84595b6c56ef142b19f6b046fde54bc23622280b174e295f39afa%3A2%3A%7Bi%3A0%3Bs%3A16%3A%22CRAFT_CSRF_TOKEN%22%3Bi%3A1%3Bs%3A147%3A%22JfpP7gD_LrPE_phoiRWTtDPS49nkCv82f0DSgxK4%7Cd91b1261e5555fd659eaa053e8d63b8b95dfcc835d2840aef88e1c92e480d8e2JfpP7gD_LrPE_phoiRWTtDPS49nkCv82f0DSgxK4%7C1%22%3B%7D; a8b7b1ec9ffb8baf2c6eaa253fe57112_username=26b9ec8568da68d3882e55afaa5d203483c6c5810ee05b5a55c8a0eb10cab93ea%3A2%3A%7Bi%3A0%3Bs%3A41%3A%22a8b7b1ec9ffb8baf2c6eaa253fe57112_username%22%3Bi%3A1%3Bs%3A8%3A%22odegiuli%22%3B%7D; Craft-3626ffc1-d0a3-42e3-98aa-37e8aa759561_sidebar=expanded; Craft-3626ffc1-d0a3-42e3-98aa-37e8aa759561_sidebar-details=expanded'
    'HTTP_ACCEPT_LANGUAGE' => 'de,en-US;q=0.9,en;q=0.8'
    'HTTP_ACCEPT_ENCODING' => 'gzip, deflate, br, zstd'
    'HTTP_ACCEPT' => 'application/json, text/plain, */*'
    'HTTP_CONTENT_LENGTH' => '0'
    'HTTP_USER_AGENT' => 'Mozilla/5.0 (Macintosh; Intel Mac OS X 10.15; rv:148.0) Gecko/20100101 Firefox/148.0'
    'HTTP_HOST' => 'derschmuckmacher-v3.ddev.site'
    'HTTPS' => 'on'
    'REDIRECT_STATUS' => '200'
    'SERVER_NAME' => 'derschmuckmacher-v3.ddev.site'
    'SERVER_PORT' => '80'
    'SERVER_ADDR' => '172.18.0.3'
    'REMOTE_PORT' => '37774'
    'REMOTE_ADDR' => '172.18.0.5'
    'SERVER_SOFTWARE' => 'nginx/1.28.0'
    'GATEWAY_INTERFACE' => 'CGI/1.1'
    'REQUEST_SCHEME' => 'http'
    'SERVER_PROTOCOL' => 'HTTP/1.1'
    'DOCUMENT_ROOT' => '/var/www/html/web'
    'DOCUMENT_URI' => '/index.php'
    'REQUEST_URI' => '/index.php?p=dW2axQ3b%2Factions%2Fqueue%2Frun&v=1773747999816'
    'CONTENT_LENGTH' => '0'
    'CONTENT_TYPE' => ''
    'REQUEST_METHOD' => 'POST'
    'QUERY_STRING' => 'p=dW2axQ3b%2Factions%2Fqueue%2Frun&v=1773747999816'
    'SCRIPT_NAME' => '/index.php'
    'SCRIPT_FILENAME' => '/var/www/html/web/index.php'
    'FCGI_ROLE' => 'RESPONDER'
    'PHP_SELF' => '/index.php'
    'REQUEST_TIME_FLOAT' => 1773747999.8245
    'REQUEST_TIME' => 1773747999
    'CRAFT_APP_ID' => 'CraftCMS--3933bc78-29f5-4b79-bcc5-c31faf0fcd20'
    'CRAFT_ENVIRONMENT' => 'dev'
    'ENVIRONMENT' => 'dev'
    'CRAFT_SECURITY_KEY' => '••••••••••••••••••••••••••••••••'
    'CP_TRIGGER' => 'dW2axQ3b'
    'CRAFT_DB_SCHEMA' => 'public'
    'CRAFT_DB_TABLE_PREFIX' => ''
    'DEV_MODE' => 'true'
    'ALLOW_ADMIN_CHANGES' => 'true'
    'DISALLOW_ROBOTS' => 'true'
    'TIMEZONE' => 'Europe/Zurich'
    'CAPTCHA_SITE_KEY' => '••••••••••••••••••••••••••••••••••••••••'
    'CAPTCHA_SECRET_KEY' => '••••••••••••••••••••••••••••••••••••••••'
    'WEB_URL' => 'https://derschmuckmacher-v3.ddev.site'
    'WEB_ROOT' => '/var/www/html/web'
    'ASSETS_BASE_URL' => 'https://derschmuckmacher-v3.ddev.site/public'
    'ASSETS_BASE_PATH' => '/var/www/html/web/public'
    'SCHMUCK_BASE_URL' => 'https://derschmuckmacher-v3.ddev.site/public/uploads/schmuck'
    'SCHMUCK_BASE_PATH' => '/var/www/html/web/public/uploads/schmuck'
] {"environment":"dev","userId":1} 
2026-03-17 12:46:50 [queue.INFO] [yii\db\Connection::open] Opening DB connection: mysql:host=db;dbname=db;port=3306 {"memory":1099224} 
2026-03-17 12:46:50 [queue.INFO] [yii\web\Session::open] Session started {"memory":1434144} 
2026-03-17 12:46:50 [queue.INFO] [nystudio107\codeeditor\CodeEditor::bootstrap] CodeEditor module bootstrapped {"memory":1455904} 
2026-03-17 12:46:50 [queue.INFO] [adigital\cookieconsentbanner\CookieConsentBanner::init] Cookie Consent Banner plugin loaded {"memory":1671296} 
2026-03-17 12:46:50 [queue.INFO] [miranj\obfuscator\Obfuscator::init] Obfuscator plugin loaded {"memory":2591880} 
2026-03-17 12:46:50 [queue.INFO] [yii\db\Connection::open] Opening DB connection: mysql:host=db;dbname=db;port=3306 {"memory":2841072} 
2026-03-17 12:46:50 [queue.INFO] [craft\queue\QueueLogBehavior::beforeExec]  [38810] t9n:["app","Updating search indexes"] (attempt: 1, pid: 10521) - Started {"memory":2899824} 
2026-03-17 12:46:50 [queue.INFO] [craft\queue\QueueLogBehavior::afterExec]  [38810] t9n:["app","Updating search indexes"] (attempt: 1, pid: 10521) - Done (time: 0.008s) {"memory":3333600} 
2026-03-17 12:46:50 [queue.INFO] [craft\queue\QueueLogBehavior::beforeExec]  [38811] t9n:["app","Updating search indexes"] (attempt: 1, pid: 10521) - Started {"memory":3341632} 
2026-03-17 12:46:50 [queue.INFO] [craft\queue\QueueLogBehavior::afterExec]  [38811] t9n:["app","Updating search indexes"] (attempt: 1, pid: 10521) - Done (time: 0.001s) {"memory":3407264} 
2026-03-17 12:46:50 [queue.INFO] [craft\queue\QueueLogBehavior::beforeExec]  [38812] t9n:["app","Updating search indexes"] (attempt: 1, pid: 10521) - Started {"memory":3415248} 
2026-03-17 12:46:50 [queue.INFO] [craft\queue\QueueLogBehavior::afterExec]  [38812] t9n:["app","Updating search indexes"] (attempt: 1, pid: 10521) - Done (time: 0.000s) {"memory":3416672} 
2026-03-17 12:46:50 [queue.INFO] [craft\queue\QueueLogBehavior::beforeExec]  [38813] t9n:["app","Updating search indexes"] (attempt: 1, pid: 10521) - Started {"memory":3429072} 
2026-03-17 12:46:50 [queue.INFO] [craft\queue\QueueLogBehavior::afterExec]  [38813] t9n:["app","Updating search indexes"] (attempt: 1, pid: 10521) - Done (time: 0.006s) {"memory":4846496} 
2026-03-17 12:46:50 [queue.INFO] [craft\queue\QueueLogBehavior::beforeExec]  [38814] t9n:["app","Pruning extra revisions"] (attempt: 1, pid: 10521) - Started {"memory":4854480} 
2026-03-17 12:46:50 [queue.INFO] [craft\queue\QueueLogBehavior::afterExec]  [38814] t9n:["app","Pruning extra revisions"] (attempt: 1, pid: 10521) - Done (time: 0.001s) {"memory":4916040} 
2026-03-17 12:46:50 [queue.INFO] [application] Request context:
$_GET = [
    'p' => 'dW2axQ3b/actions/queue/run'
    'v' => '1773748010244'
]

$_POST = []

$_FILES = []

$_COOKIE = [
    'cookieconsent_status' => 'dismiss'
    'CraftSessionId' => 'e982e518adc7dabfb26afcb21225ddf5'
    'CRAFT_CSRF_TOKEN' => '••••••••••••••••••••••••••••••••••••••••••••••••••••••••••••••••••••••••••••••••••••••••••••••••••••••••••••••••••••••••••••••••••••••••••••••••••••••••••••••••••••••••••••••••••••••••••••••••••••••••••••••••••••••••••••••••••••••••••••••••••••••••••••••••••'
    'a8b7b1ec9ffb8baf2c6eaa253fe57112_username' => '26b9ec8568da68d3882e55afaa5d203483c6c5810ee05b5a55c8a0eb10cab93ea:2:{i:0;s:41:\"a8b7b1ec9ffb8baf2c6eaa253fe57112_username\";i:1;s:8:\"odegiuli\";}'
    'Craft-3626ffc1-d0a3-42e3-98aa-37e8aa759561_sidebar' => 'expanded'
    'Craft-3626ffc1-d0a3-42e3-98aa-37e8aa759561_sidebar-details' => 'expanded'
]

$_SESSION = [
    '22b6a59deafcfb2ffb13c3adf3d98a3b__auth_access' => [
        0 => 'previewElement:8578'
        1 => 'saveAssets:1986f3e0-bf2e-4ccd-b34c-7ec2d979afdd'
        2 => 'editStructure:2'
        3 => 'editStructure:1'
        4 => 'previewElement:8539'
        5 => 'previewDraft:875'
        6 => 'previewElement:8582'
        7 => 'previewDraft:876'
        8 => 'previewDraft:877'
        9 => 'previewDraft:879'
    ]
    '22b6a59deafcfb2ffb13c3adf3d98a3b__flash' => []
    'a8b7b1ec9ffb8baf2c6eaa253fe57112__token' => '••••••••••••••••••••••••••••••••••••••••••••••••••••••••••••••••••••••••••••••••••••••••••••••••••••'
    'a8b7b1ec9ffb8baf2c6eaa253fe57112__id' => 1
    '__authKey' => '••••••••••••••••••••••••••••••••••••••••••••••••••••••••••••••••••••••••••••••••••••••••••••••••••••••••••••••••••••••••••••••••••••••••••••••••'
    'a8b7b1ec9ffb8baf2c6eaa253fe57112__expire' => 1773751610
    '__duration' => 3600
    '__elevated_timeout' => 1773744618
]

$_SERVER = [
    'DEPLOY_NAME' => 'local'
    'DDEV_WEBSERVER_TYPE' => 'nginx-fpm'
    'npm_config_cache' => '/mnt/ddev-global-cache/npm'
    'COREPACK_ENABLE_DOWNLOAD_PROMPT' => '0'
    'DDEV_GOOS' => 'darwin'
    'IS_DDEV_PROJECT' => 'true'
    'PHP_DEFAULT_VERSION' => '8.3'
    'HOSTNAME' => 'derschmuckmacher-v3-web'
    'MAILPIT_SMTP_PORT' => '1025'
    'MH_SMTP_BIND_ADDR' => '127.0.0.1:1025'
    'DDEV_PRIMARY_URL_WITHOUT_PORT' => 'https://derschmuckmacher-v3.ddev.site'
    'CRAFT_DB_PORT' => '3306'
    'SSH_AUTH_SOCK' => '/home/.ssh-agent/socket'
    'DDEV_GID' => '20'
    'NODE_EXTRA_CA_CERTS' => '/mnt/ddev-global-cache/mkcert/rootCA.pem'
    'DOCKER_IP' => '127.0.0.1'
    'PGPASSWORD' => 'db'
    'CRAFT_WEB_ROOT' => '/var/www/html/web'
    'DDEV_DOCROOT' => 'web'
    'PWD' => '/var/www/html'
    'PLATFORMSH_CLI_UPDATES_CHECK' => '0'
    'DDEV_APPROOT' => '/var/www/html'
    'DDEV_FILES_DIR' => ''
    'START_SCRIPT_TIMEOUT' => '57'
    'APACHE_SITE_TEMPLATE' => '/etc/apache2/apache-site.conf'
    'PHP_INI' => '/etc/php/8.2/fpm/php.ini'
    'DDEV_VERSION' => 'v1.24.10'
    'PRIMARY_SITE_URL' => 'https://derschmuckmacher-v3.ddev.site'
    'TZ' => 'Europe/Zurich'
    'DDEV_XHPROF_MODE' => 'prepend'
    'HTTPS_EXPOSE' => '443:80,8026:8025'
    'COREPACK_HOME' => '/mnt/ddev-global-cache/corepack'
    'CRAFT_DB_DATABASE' => 'db'
    'DDEV_PRIMARY_URL' => 'https://derschmuckmacher-v3.ddev.site'
    'LINES' => '17'
    'DDEV_SITENAME' => 'derschmuckmacher-v3'
    'HOME' => '/home/omar'
    'DRUSH_OPTIONS_URI' => 'https://derschmuckmacher-v3.ddev.site'
    'LANG' => 'C.UTF-8'
    'COLUMNS' => '371'
    'DDEV_MUTAGEN_ENABLED' => 'true'
    'DDEV_USER' => 'omar'
    'PGUSER' => 'db'
    'TERMINUS_CACHE_DIR' => '/mnt/ddev-global-cache/terminus/cache'
    'DDEV_PRIMARY_URL_PORT' => '443'
    'DDEV_ROUTER_HTTP_PORT' => '80'
    'MAILPIT_SMTP_HOSTNAME' => '127.0.0.1'
    'CRAFT_DB_DRIVER' => 'mysql'
    'COMPOSER_PROCESS_TIMEOUT' => '2000'
    'NGINX_SITE_TEMPLATE' => '/etc/nginx/nginx-site.conf'
    'DDEV_FILES_DIRS' => ''
    'CRAFT_DB_SERVER' => 'db'
    'HTTP_EXPOSE' => '80:80,8025:8025'
    'NVM_DIR' => '/home/omar/.nvm'
    'DDEV_PHP_VERSION' => '8.2'
    'DDEV_TLD' => 'ddev.site'
    'DDEV_HOSTNAME' => 'derschmuckmacher-v3.ddev.site'
    'DDEV_PROJECT' => 'derschmuckmacher-v3'
    'DDEV_GOARCH' => 'arm64'
    'VIRTUAL_HOST' => 'derschmuckmacher-v3.ddev.site'
    'TERM' => 'xterm'
    'USER' => 'omar'
    'MYSQL_HISTFILE' => '/mnt/ddev-global-cache/mysqlhistory/derschmuckmacher-v3-web/mysql_history'
    'DDEV_WEB_ENTRYPOINT' => '/mnt/ddev_config/web-entrypoint.d'
    'DDEV_UID' => '501'
    'CAROOT' => '/mnt/ddev-global-cache/mkcert'
    'SHLVL' => '1'
    'COMPOSER_ALLOW_SUPERUSER' => '1'
    'BASH_ENV' => '/etc/bash.nointeractive.bashrc'
    'DDEV_DATABASE' => 'mysql:8.0'
    'PGDATABASE' => 'db'
    'CRAFT_DB_USER' => 'db'
    'DDEV_SCHEME' => 'https'
    'XHPROF_OUTPUT_DIR' => '/tmp/xhprof'
    'COMPOSER_CACHE_DIR' => '/mnt/ddev-global-cache/composer'
    'DDEV_XDEBUG_ENABLED' => 'false'
    'DDEV_DATABASE_FAMILY' => 'mysql'
    'PGHOST' => 'db'
    'DDEV_COMPOSER_ROOT' => '/var/www/html'
    'CRAFT_DB_PASSWORD' => '••'
    'DOCROOT' => 'web'
    'TERMINUS_HIDE_UPDATE_MESSAGE' => '1'
    'PATH' => '/home/omar/bin:/var/www/html/vendor/bin:/usr/local/sbin:/usr/local/bin:/usr/sbin:/usr/bin:/sbin:/bin:/var/www/html/bin:/mnt/ddev-global-cache/global-commands/web'
    'HOST_DOCKER_INTERNAL_IP' => ''
    'DDEV_PROJECT_TYPE' => 'craftcms'
    'DEBIAN_FRONTEND' => 'noninteractive'
    'DDEV_ROUTER_HTTPS_PORT' => '443'
    'EXECIGNORE' => '/var/www/html/vendor/bin/composer'
    'SUPERVISOR_ENABLED' => '1'
    'SUPERVISOR_SERVER_URL' => 'unix:///var/run/supervisor.sock'
    'SUPERVISOR_PROCESS_NAME' => 'php-fpm'
    'SUPERVISOR_GROUP_NAME' => 'php-fpm'
    'HTTP_X_REQUESTED_WITH' => 'XMLHttpRequest'
    'HTTP_X_REGISTERED_JS_FILES' => ''
    'HTTP_X_REGISTERED_ASSET_BUNDLES' => '22e517a2,aee7f8dc,26c46c25,e505ffd6,6b4d7555,bb2f10a0,e5e48399,815d39ea,fc0bc163,1ccab40d,1e21896b,54698ee0,b842675b,1c3c9add,4b1fd285,d8d08e47,8f00ce04,8768f48b,cf3018d6,ec6d0256'
    'HTTP_X_REAL_IP' => '172.18.0.1'
    'HTTP_X_FORWARDED_SERVER' => '61e6ccb23c1b'
    'HTTP_X_FORWARDED_PROTO' => 'https'
    'HTTP_X_FORWARDED_PORT' => '443'
    'HTTP_X_FORWARDED_HOST' => 'derschmuckmacher-v3.ddev.site'
    'HTTP_X_FORWARDED_FOR' => '172.18.0.1'
    'HTTP_X_CSRF_TOKEN' => '••••••••••••••••••••••••••••••••••••••••••••••••••••••••••••••••••••••••••••••••••••••••••••••••••••••••••••••••••••••••••••••••••••••••••••••••••••••••••••••••••••••••••••••••••••••••••••••••••••••••••••••••••••••••••••••••••••••••••••••••••••••••••••••••••••••••••••••••••••••••••••••••••••••••••••••••••••••••••••••••••••••••••••••••••••••••••••••••••••••••••••••••••••••••••••••••••••••••'
    'HTTP_TE' => 'trailers'
    'HTTP_SEC_GPC' => '1'
    'HTTP_SEC_FETCH_SITE' => 'same-origin'
    'HTTP_SEC_FETCH_MODE' => 'cors'
    'HTTP_SEC_FETCH_DEST' => 'empty'
    'HTTP_REFERER' => 'https://derschmuckmacher-v3.ddev.site/dW2axQ3b/content/entries'
    'HTTP_ORIGIN' => 'https://derschmuckmacher-v3.ddev.site'
    'HTTP_COOKIE' => 'cookieconsent_status=dismiss; CraftSessionId=e982e518adc7dabfb26afcb21225ddf5; CRAFT_CSRF_TOKEN=16740b48ba3f84595b6c56ef142b19f6b046fde54bc23622280b174e295f39afa%3A2%3A%7Bi%3A0%3Bs%3A16%3A%22CRAFT_CSRF_TOKEN%22%3Bi%3A1%3Bs%3A147%3A%22JfpP7gD_LrPE_phoiRWTtDPS49nkCv82f0DSgxK4%7Cd91b1261e5555fd659eaa053e8d63b8b95dfcc835d2840aef88e1c92e480d8e2JfpP7gD_LrPE_phoiRWTtDPS49nkCv82f0DSgxK4%7C1%22%3B%7D; a8b7b1ec9ffb8baf2c6eaa253fe57112_username=26b9ec8568da68d3882e55afaa5d203483c6c5810ee05b5a55c8a0eb10cab93ea%3A2%3A%7Bi%3A0%3Bs%3A41%3A%22a8b7b1ec9ffb8baf2c6eaa253fe57112_username%22%3Bi%3A1%3Bs%3A8%3A%22odegiuli%22%3B%7D; Craft-3626ffc1-d0a3-42e3-98aa-37e8aa759561_sidebar=expanded; Craft-3626ffc1-d0a3-42e3-98aa-37e8aa759561_sidebar-details=expanded'
    'HTTP_ACCEPT_LANGUAGE' => 'de,en-US;q=0.9,en;q=0.8'
    'HTTP_ACCEPT_ENCODING' => 'gzip, deflate, br, zstd'
    'HTTP_ACCEPT' => 'application/json, text/plain, */*'
    'HTTP_CONTENT_LENGTH' => '0'
    'HTTP_USER_AGENT' => 'Mozilla/5.0 (Macintosh; Intel Mac OS X 10.15; rv:148.0) Gecko/20100101 Firefox/148.0'
    'HTTP_HOST' => 'derschmuckmacher-v3.ddev.site'
    'HTTPS' => 'on'
    'REDIRECT_STATUS' => '200'
    'SERVER_NAME' => 'derschmuckmacher-v3.ddev.site'
    'SERVER_PORT' => '80'
    'SERVER_ADDR' => '172.18.0.3'
    'REMOTE_PORT' => '47538'
    'REMOTE_ADDR' => '172.18.0.5'
    'SERVER_SOFTWARE' => 'nginx/1.28.0'
    'GATEWAY_INTERFACE' => 'CGI/1.1'
    'REQUEST_SCHEME' => 'http'
    'SERVER_PROTOCOL' => 'HTTP/1.1'
    'DOCUMENT_ROOT' => '/var/www/html/web'
    'DOCUMENT_URI' => '/index.php'
    'REQUEST_URI' => '/index.php?p=dW2axQ3b%2Factions%2Fqueue%2Frun&v=1773748010244'
    'CONTENT_LENGTH' => '0'
    'CONTENT_TYPE' => ''
    'REQUEST_METHOD' => 'POST'
    'QUERY_STRING' => 'p=dW2axQ3b%2Factions%2Fqueue%2Frun&v=1773748010244'
    'SCRIPT_NAME' => '/index.php'
    'SCRIPT_FILENAME' => '/var/www/html/web/index.php'
    'FCGI_ROLE' => 'RESPONDER'
    'PHP_SELF' => '/index.php'
    'REQUEST_TIME_FLOAT' => 1773748010.2478
    'REQUEST_TIME' => 1773748010
    'CRAFT_APP_ID' => 'CraftCMS--3933bc78-29f5-4b79-bcc5-c31faf0fcd20'
    'CRAFT_ENVIRONMENT' => 'dev'
    'ENVIRONMENT' => 'dev'
    'CRAFT_SECURITY_KEY' => '••••••••••••••••••••••••••••••••'
    'CP_TRIGGER' => 'dW2axQ3b'
    'CRAFT_DB_SCHEMA' => 'public'
    'CRAFT_DB_TABLE_PREFIX' => ''
    'DEV_MODE' => 'true'
    'ALLOW_ADMIN_CHANGES' => 'true'
    'DISALLOW_ROBOTS' => 'true'
    'TIMEZONE' => 'Europe/Zurich'
    'CAPTCHA_SITE_KEY' => '••••••••••••••••••••••••••••••••••••••••'
    'CAPTCHA_SECRET_KEY' => '••••••••••••••••••••••••••••••••••••••••'
    'WEB_URL' => 'https://derschmuckmacher-v3.ddev.site'
    'WEB_ROOT' => '/var/www/html/web'
    'ASSETS_BASE_URL' => 'https://derschmuckmacher-v3.ddev.site/public'
    'ASSETS_BASE_PATH' => '/var/www/html/web/public'
    'SCHMUCK_BASE_URL' => 'https://derschmuckmacher-v3.ddev.site/public/uploads/schmuck'
    'SCHMUCK_BASE_PATH' => '/var/www/html/web/public/uploads/schmuck'
] {"environment":"dev","userId":1} 
2026-03-17 12:48:43 [queue.INFO] [yii\db\Connection::open] Opening DB connection: mysql:host=db;dbname=db;port=3306 {"memory":1099352} 
2026-03-17 12:48:43 [queue.INFO] [yii\web\Session::open] Session started {"memory":1436152} 
2026-03-17 12:48:43 [queue.INFO] [nystudio107\codeeditor\CodeEditor::bootstrap] CodeEditor module bootstrapped {"memory":1457912} 
2026-03-17 12:48:43 [queue.INFO] [adigital\cookieconsentbanner\CookieConsentBanner::init] Cookie Consent Banner plugin loaded {"memory":1673304} 
2026-03-17 12:48:43 [queue.INFO] [miranj\obfuscator\Obfuscator::init] Obfuscator plugin loaded {"memory":2593888} 
2026-03-17 12:48:43 [queue.INFO] [yii\db\Connection::open] Opening DB connection: mysql:host=db;dbname=db;port=3306 {"memory":2843080} 
2026-03-17 12:48:43 [queue.INFO] [craft\queue\QueueLogBehavior::beforeExec]  [38815] t9n:["app","Pruning extra revisions"] (attempt: 1, pid: 10521) - Started {"memory":2901832} 
2026-03-17 12:48:43 [queue.INFO] [craft\queue\QueueLogBehavior::afterExec]  [38815] t9n:["app","Pruning extra revisions"] (attempt: 1, pid: 10521) - Done (time: 0.006s) {"memory":3309808} 
2026-03-17 12:48:43 [queue.INFO] [application] Request context:
$_GET = [
    'p' => 'dW2axQ3b/actions/queue/run'
    'v' => '1773748123224'
]

$_POST = []

$_FILES = []

$_COOKIE = [
    'cookieconsent_status' => 'dismiss'
    'CraftSessionId' => 'e982e518adc7dabfb26afcb21225ddf5'
    'CRAFT_CSRF_TOKEN' => '••••••••••••••••••••••••••••••••••••••••••••••••••••••••••••••••••••••••••••••••••••••••••••••••••••••••••••••••••••••••••••••••••••••••••••••••••••••••••••••••••••••••••••••••••••••••••••••••••••••••••••••••••••••••••••••••••••••••••••••••••••••••••••••••••'
    'a8b7b1ec9ffb8baf2c6eaa253fe57112_username' => '26b9ec8568da68d3882e55afaa5d203483c6c5810ee05b5a55c8a0eb10cab93ea:2:{i:0;s:41:\"a8b7b1ec9ffb8baf2c6eaa253fe57112_username\";i:1;s:8:\"odegiuli\";}'
    'Craft-3626ffc1-d0a3-42e3-98aa-37e8aa759561_sidebar' => 'expanded'
    'Craft-3626ffc1-d0a3-42e3-98aa-37e8aa759561_sidebar-details' => 'expanded'
]

$_SESSION = [
    '22b6a59deafcfb2ffb13c3adf3d98a3b__auth_access' => [
        0 => 'previewElement:8578'
        1 => 'saveAssets:1986f3e0-bf2e-4ccd-b34c-7ec2d979afdd'
        2 => 'editStructure:2'
        3 => 'editStructure:1'
        4 => 'previewElement:8539'
        5 => 'previewDraft:875'
        6 => 'previewElement:8582'
        7 => 'previewDraft:876'
        8 => 'previewDraft:877'
        9 => 'previewDraft:879'
    ]
    '22b6a59deafcfb2ffb13c3adf3d98a3b__flash' => []
    'a8b7b1ec9ffb8baf2c6eaa253fe57112__token' => '••••••••••••••••••••••••••••••••••••••••••••••••••••••••••••••••••••••••••••••••••••••••••••••••••••'
    'a8b7b1ec9ffb8baf2c6eaa253fe57112__id' => 1
    '__authKey' => '••••••••••••••••••••••••••••••••••••••••••••••••••••••••••••••••••••••••••••••••••••••••••••••••••••••••••••••••••••••••••••••••••••••••••••••••'
    'a8b7b1ec9ffb8baf2c6eaa253fe57112__expire' => 1773751723
    '__duration' => 3600
    '__elevated_timeout' => 1773744618
]

$_SERVER = [
    'DEPLOY_NAME' => 'local'
    'DDEV_WEBSERVER_TYPE' => 'nginx-fpm'
    'npm_config_cache' => '/mnt/ddev-global-cache/npm'
    'COREPACK_ENABLE_DOWNLOAD_PROMPT' => '0'
    'DDEV_GOOS' => 'darwin'
    'IS_DDEV_PROJECT' => 'true'
    'PHP_DEFAULT_VERSION' => '8.3'
    'HOSTNAME' => 'derschmuckmacher-v3-web'
    'MAILPIT_SMTP_PORT' => '1025'
    'MH_SMTP_BIND_ADDR' => '127.0.0.1:1025'
    'DDEV_PRIMARY_URL_WITHOUT_PORT' => 'https://derschmuckmacher-v3.ddev.site'
    'CRAFT_DB_PORT' => '3306'
    'SSH_AUTH_SOCK' => '/home/.ssh-agent/socket'
    'DDEV_GID' => '20'
    'NODE_EXTRA_CA_CERTS' => '/mnt/ddev-global-cache/mkcert/rootCA.pem'
    'DOCKER_IP' => '127.0.0.1'
    'PGPASSWORD' => 'db'
    'CRAFT_WEB_ROOT' => '/var/www/html/web'
    'DDEV_DOCROOT' => 'web'
    'PWD' => '/var/www/html'
    'PLATFORMSH_CLI_UPDATES_CHECK' => '0'
    'DDEV_APPROOT' => '/var/www/html'
    'DDEV_FILES_DIR' => ''
    'START_SCRIPT_TIMEOUT' => '57'
    'APACHE_SITE_TEMPLATE' => '/etc/apache2/apache-site.conf'
    'PHP_INI' => '/etc/php/8.2/fpm/php.ini'
    'DDEV_VERSION' => 'v1.24.10'
    'PRIMARY_SITE_URL' => 'https://derschmuckmacher-v3.ddev.site'
    'TZ' => 'Europe/Zurich'
    'DDEV_XHPROF_MODE' => 'prepend'
    'HTTPS_EXPOSE' => '443:80,8026:8025'
    'COREPACK_HOME' => '/mnt/ddev-global-cache/corepack'
    'CRAFT_DB_DATABASE' => 'db'
    'DDEV_PRIMARY_URL' => 'https://derschmuckmacher-v3.ddev.site'
    'LINES' => '17'
    'DDEV_SITENAME' => 'derschmuckmacher-v3'
    'HOME' => '/home/omar'
    'DRUSH_OPTIONS_URI' => 'https://derschmuckmacher-v3.ddev.site'
    'LANG' => 'C.UTF-8'
    'COLUMNS' => '371'
    'DDEV_MUTAGEN_ENABLED' => 'true'
    'DDEV_USER' => 'omar'
    'PGUSER' => 'db'
    'TERMINUS_CACHE_DIR' => '/mnt/ddev-global-cache/terminus/cache'
    'DDEV_PRIMARY_URL_PORT' => '443'
    'DDEV_ROUTER_HTTP_PORT' => '80'
    'MAILPIT_SMTP_HOSTNAME' => '127.0.0.1'
    'CRAFT_DB_DRIVER' => 'mysql'
    'COMPOSER_PROCESS_TIMEOUT' => '2000'
    'NGINX_SITE_TEMPLATE' => '/etc/nginx/nginx-site.conf'
    'DDEV_FILES_DIRS' => ''
    'CRAFT_DB_SERVER' => 'db'
    'HTTP_EXPOSE' => '80:80,8025:8025'
    'NVM_DIR' => '/home/omar/.nvm'
    'DDEV_PHP_VERSION' => '8.2'
    'DDEV_TLD' => 'ddev.site'
    'DDEV_HOSTNAME' => 'derschmuckmacher-v3.ddev.site'
    'DDEV_PROJECT' => 'derschmuckmacher-v3'
    'DDEV_GOARCH' => 'arm64'
    'VIRTUAL_HOST' => 'derschmuckmacher-v3.ddev.site'
    'TERM' => 'xterm'
    'USER' => 'omar'
    'MYSQL_HISTFILE' => '/mnt/ddev-global-cache/mysqlhistory/derschmuckmacher-v3-web/mysql_history'
    'DDEV_WEB_ENTRYPOINT' => '/mnt/ddev_config/web-entrypoint.d'
    'DDEV_UID' => '501'
    'CAROOT' => '/mnt/ddev-global-cache/mkcert'
    'SHLVL' => '1'
    'COMPOSER_ALLOW_SUPERUSER' => '1'
    'BASH_ENV' => '/etc/bash.nointeractive.bashrc'
    'DDEV_DATABASE' => 'mysql:8.0'
    'PGDATABASE' => 'db'
    'CRAFT_DB_USER' => 'db'
    'DDEV_SCHEME' => 'https'
    'XHPROF_OUTPUT_DIR' => '/tmp/xhprof'
    'COMPOSER_CACHE_DIR' => '/mnt/ddev-global-cache/composer'
    'DDEV_XDEBUG_ENABLED' => 'false'
    'DDEV_DATABASE_FAMILY' => 'mysql'
    'PGHOST' => 'db'
    'DDEV_COMPOSER_ROOT' => '/var/www/html'
    'CRAFT_DB_PASSWORD' => '••'
    'DOCROOT' => 'web'
    'TERMINUS_HIDE_UPDATE_MESSAGE' => '1'
    'PATH' => '/home/omar/bin:/var/www/html/vendor/bin:/usr/local/sbin:/usr/local/bin:/usr/sbin:/usr/bin:/sbin:/bin:/var/www/html/bin:/mnt/ddev-global-cache/global-commands/web'
    'HOST_DOCKER_INTERNAL_IP' => ''
    'DDEV_PROJECT_TYPE' => 'craftcms'
    'DEBIAN_FRONTEND' => 'noninteractive'
    'DDEV_ROUTER_HTTPS_PORT' => '443'
    'EXECIGNORE' => '/var/www/html/vendor/bin/composer'
    'SUPERVISOR_ENABLED' => '1'
    'SUPERVISOR_SERVER_URL' => 'unix:///var/run/supervisor.sock'
    'SUPERVISOR_PROCESS_NAME' => 'php-fpm'
    'SUPERVISOR_GROUP_NAME' => 'php-fpm'
    'HTTP_X_REQUESTED_WITH' => 'XMLHttpRequest'
    'HTTP_X_REGISTERED_JS_FILES' => ''
    'HTTP_X_REGISTERED_ASSET_BUNDLES' => '22e517a2,aee7f8dc,26c46c25,e505ffd6,6b4d7555,bb2f10a0,e5e48399,815d39ea,fc0bc163,1ccab40d,1e21896b,54698ee0,b842675b,1c3c9add,4b1fd285,d8d08e47,8f00ce04,8768f48b,cf3018d6,ec6d0256'
    'HTTP_X_REAL_IP' => '172.18.0.1'
    'HTTP_X_FORWARDED_SERVER' => '61e6ccb23c1b'
    'HTTP_X_FORWARDED_PROTO' => 'https'
    'HTTP_X_FORWARDED_PORT' => '443'
    'HTTP_X_FORWARDED_HOST' => 'derschmuckmacher-v3.ddev.site'
    'HTTP_X_FORWARDED_FOR' => '172.18.0.1'
    'HTTP_X_CSRF_TOKEN' => '••••••••••••••••••••••••••••••••••••••••••••••••••••••••••••••••••••••••••••••••••••••••••••••••••••••••••••••••••••••••••••••••••••••••••••••••••••••••••••••••••••••••••••••••••••••••••••••••••••••••••••••••••••••••••••••••••••••••••••••••••••••••••••••••••••••••••••••••••••••••••••••••••••••••••••••••••••••••••••••••••••••••••••••••••••••••••••••••••••••••••••••••••••••••••••••••••••••••'
    'HTTP_TE' => 'trailers'
    'HTTP_SEC_GPC' => '1'
    'HTTP_SEC_FETCH_SITE' => 'same-origin'
    'HTTP_SEC_FETCH_MODE' => 'cors'
    'HTTP_SEC_FETCH_DEST' => 'empty'
    'HTTP_REFERER' => 'https://derschmuckmacher-v3.ddev.site/dW2axQ3b/content/entries/aktuelles?source=section%3Aabbf7c18-fd88-4baf-9a5e-dbccf55f4b56'
    'HTTP_ORIGIN' => 'https://derschmuckmacher-v3.ddev.site'
    'HTTP_COOKIE' => 'cookieconsent_status=dismiss; CraftSessionId=e982e518adc7dabfb26afcb21225ddf5; CRAFT_CSRF_TOKEN=16740b48ba3f84595b6c56ef142b19f6b046fde54bc23622280b174e295f39afa%3A2%3A%7Bi%3A0%3Bs%3A16%3A%22CRAFT_CSRF_TOKEN%22%3Bi%3A1%3Bs%3A147%3A%22JfpP7gD_LrPE_phoiRWTtDPS49nkCv82f0DSgxK4%7Cd91b1261e5555fd659eaa053e8d63b8b95dfcc835d2840aef88e1c92e480d8e2JfpP7gD_LrPE_phoiRWTtDPS49nkCv82f0DSgxK4%7C1%22%3B%7D; a8b7b1ec9ffb8baf2c6eaa253fe57112_username=26b9ec8568da68d3882e55afaa5d203483c6c5810ee05b5a55c8a0eb10cab93ea%3A2%3A%7Bi%3A0%3Bs%3A41%3A%22a8b7b1ec9ffb8baf2c6eaa253fe57112_username%22%3Bi%3A1%3Bs%3A8%3A%22odegiuli%22%3B%7D; Craft-3626ffc1-d0a3-42e3-98aa-37e8aa759561_sidebar=expanded; Craft-3626ffc1-d0a3-42e3-98aa-37e8aa759561_sidebar-details=expanded'
    'HTTP_ACCEPT_LANGUAGE' => 'de,en-US;q=0.9,en;q=0.8'
    'HTTP_ACCEPT_ENCODING' => 'gzip, deflate, br, zstd'
    'HTTP_ACCEPT' => 'application/json, text/plain, */*'
    'HTTP_CONTENT_LENGTH' => '0'
    'HTTP_USER_AGENT' => 'Mozilla/5.0 (Macintosh; Intel Mac OS X 10.15; rv:148.0) Gecko/20100101 Firefox/148.0'
    'HTTP_HOST' => 'derschmuckmacher-v3.ddev.site'
    'HTTPS' => 'on'
    'REDIRECT_STATUS' => '200'
    'SERVER_NAME' => 'derschmuckmacher-v3.ddev.site'
    'SERVER_PORT' => '80'
    'SERVER_ADDR' => '172.18.0.3'
    'REMOTE_PORT' => '36274'
    'REMOTE_ADDR' => '172.18.0.5'
    'SERVER_SOFTWARE' => 'nginx/1.28.0'
    'GATEWAY_INTERFACE' => 'CGI/1.1'
    'REQUEST_SCHEME' => 'http'
    'SERVER_PROTOCOL' => 'HTTP/1.1'
    'DOCUMENT_ROOT' => '/var/www/html/web'
    'DOCUMENT_URI' => '/index.php'
    'REQUEST_URI' => '/index.php?p=dW2axQ3b%2Factions%2Fqueue%2Frun&v=1773748123224'
    'CONTENT_LENGTH' => '0'
    'CONTENT_TYPE' => ''
    'REQUEST_METHOD' => 'POST'
    'QUERY_STRING' => 'p=dW2axQ3b%2Factions%2Fqueue%2Frun&v=1773748123224'
    'SCRIPT_NAME' => '/index.php'
    'SCRIPT_FILENAME' => '/var/www/html/web/index.php'
    'FCGI_ROLE' => 'RESPONDER'
    'PHP_SELF' => '/index.php'
    'REQUEST_TIME_FLOAT' => 1773748123.2262
    'REQUEST_TIME' => 1773748123
    'CRAFT_APP_ID' => 'CraftCMS--3933bc78-29f5-4b79-bcc5-c31faf0fcd20'
    'CRAFT_ENVIRONMENT' => 'dev'
    'ENVIRONMENT' => 'dev'
    'CRAFT_SECURITY_KEY' => '••••••••••••••••••••••••••••••••'
    'CP_TRIGGER' => 'dW2axQ3b'
    'CRAFT_DB_SCHEMA' => 'public'
    'CRAFT_DB_TABLE_PREFIX' => ''
    'DEV_MODE' => 'true'
    'ALLOW_ADMIN_CHANGES' => 'true'
    'DISALLOW_ROBOTS' => 'true'
    'TIMEZONE' => 'Europe/Zurich'
    'CAPTCHA_SITE_KEY' => '••••••••••••••••••••••••••••••••••••••••'
    'CAPTCHA_SECRET_KEY' => '••••••••••••••••••••••••••••••••••••••••'
    'WEB_URL' => 'https://derschmuckmacher-v3.ddev.site'
    'WEB_ROOT' => '/var/www/html/web'
    'ASSETS_BASE_URL' => 'https://derschmuckmacher-v3.ddev.site/public'
    'ASSETS_BASE_PATH' => '/var/www/html/web/public'
    'SCHMUCK_BASE_URL' => 'https://derschmuckmacher-v3.ddev.site/public/uploads/schmuck'
    'SCHMUCK_BASE_PATH' => '/var/www/html/web/public/uploads/schmuck'
] {"environment":"dev","userId":1} 
2026-03-17 12:48:52 [queue.INFO] [yii\db\Connection::open] Opening DB connection: mysql:host=db;dbname=db;port=3306 {"memory":1099352} 
2026-03-17 12:48:52 [queue.INFO] [yii\web\Session::open] Session started {"memory":1436200} 
2026-03-17 12:48:52 [queue.INFO] [nystudio107\codeeditor\CodeEditor::bootstrap] CodeEditor module bootstrapped {"memory":1457960} 
2026-03-17 12:48:52 [queue.INFO] [adigital\cookieconsentbanner\CookieConsentBanner::init] Cookie Consent Banner plugin loaded {"memory":1673352} 
2026-03-17 12:48:52 [queue.INFO] [miranj\obfuscator\Obfuscator::init] Obfuscator plugin loaded {"memory":2593936} 
2026-03-17 12:48:52 [queue.INFO] [yii\db\Connection::open] Opening DB connection: mysql:host=db;dbname=db;port=3306 {"memory":2843128} 
2026-03-17 12:48:52 [queue.INFO] [craft\queue\QueueLogBehavior::beforeExec]  [38816] t9n:["app","Updating search indexes"] (attempt: 1, pid: 7741) - Started {"memory":2901880} 
2026-03-17 12:48:52 [queue.INFO] [craft\queue\QueueLogBehavior::afterExec]  [38816] t9n:["app","Updating search indexes"] (attempt: 1, pid: 7741) - Done (time: 0.010s) {"memory":3329816} 
2026-03-17 12:48:52 [queue.INFO] [craft\queue\QueueLogBehavior::beforeExec]  [38817] t9n:["app","Updating search indexes"] (attempt: 1, pid: 7741) - Started {"memory":3337848} 
2026-03-17 12:48:52 [queue.INFO] [craft\queue\QueueLogBehavior::afterExec]  [38817] t9n:["app","Updating search indexes"] (attempt: 1, pid: 7741) - Done (time: 0.000s) {"memory":3339272} 
2026-03-17 12:48:52 [queue.INFO] [craft\queue\QueueLogBehavior::beforeExec]  [38818] t9n:["app","Updating search indexes"] (attempt: 1, pid: 7741) - Started {"memory":3347256} 
2026-03-17 12:48:52 [queue.INFO] [craft\queue\QueueLogBehavior::afterExec]  [38818] t9n:["app","Updating search indexes"] (attempt: 1, pid: 7741) - Done (time: 0.006s) {"memory":3835000} 
2026-03-17 12:48:52 [queue.INFO] [craft\queue\QueueLogBehavior::beforeExec]  [38819] t9n:["app","Pruning extra revisions"] (attempt: 1, pid: 7741) - Started {"memory":3843304} 
2026-03-17 12:48:52 [queue.INFO] [craft\queue\QueueLogBehavior::afterExec]  [38819] t9n:["app","Pruning extra revisions"] (attempt: 1, pid: 7741) - Done (time: 0.000s) {"memory":3899232} 
2026-03-17 12:48:52 [queue.INFO] [application] Request context:
$_GET = [
    'p' => 'dW2axQ3b/actions/queue/run'
    'v' => '1773748132554'
]

$_POST = []

$_FILES = []

$_COOKIE = [
    'cookieconsent_status' => 'dismiss'
    'CraftSessionId' => 'e982e518adc7dabfb26afcb21225ddf5'
    'CRAFT_CSRF_TOKEN' => '••••••••••••••••••••••••••••••••••••••••••••••••••••••••••••••••••••••••••••••••••••••••••••••••••••••••••••••••••••••••••••••••••••••••••••••••••••••••••••••••••••••••••••••••••••••••••••••••••••••••••••••••••••••••••••••••••••••••••••••••••••••••••••••••••'
    'a8b7b1ec9ffb8baf2c6eaa253fe57112_username' => '26b9ec8568da68d3882e55afaa5d203483c6c5810ee05b5a55c8a0eb10cab93ea:2:{i:0;s:41:\"a8b7b1ec9ffb8baf2c6eaa253fe57112_username\";i:1;s:8:\"odegiuli\";}'
    'Craft-3626ffc1-d0a3-42e3-98aa-37e8aa759561_sidebar' => 'expanded'
    'Craft-3626ffc1-d0a3-42e3-98aa-37e8aa759561_sidebar-details' => 'expanded'
]

$_SESSION = [
    '22b6a59deafcfb2ffb13c3adf3d98a3b__auth_access' => [
        0 => 'previewElement:8578'
        1 => 'saveAssets:1986f3e0-bf2e-4ccd-b34c-7ec2d979afdd'
        2 => 'editStructure:2'
        3 => 'editStructure:1'
        4 => 'previewElement:8539'
        5 => 'previewDraft:875'
        6 => 'previewElement:8582'
        7 => 'previewDraft:876'
        8 => 'previewDraft:877'
        9 => 'previewDraft:879'
        10 => 'previewDraft:881'
    ]
    '22b6a59deafcfb2ffb13c3adf3d98a3b__flash' => []
    'a8b7b1ec9ffb8baf2c6eaa253fe57112__token' => '••••••••••••••••••••••••••••••••••••••••••••••••••••••••••••••••••••••••••••••••••••••••••••••••••••'
    'a8b7b1ec9ffb8baf2c6eaa253fe57112__id' => 1
    '__authKey' => '••••••••••••••••••••••••••••••••••••••••••••••••••••••••••••••••••••••••••••••••••••••••••••••••••••••••••••••••••••••••••••••••••••••••••••••••'
    'a8b7b1ec9ffb8baf2c6eaa253fe57112__expire' => 1773751732
    '__duration' => 3600
    '__elevated_timeout' => 1773744618
]

$_SERVER = [
    'DEPLOY_NAME' => 'local'
    'DDEV_WEBSERVER_TYPE' => 'nginx-fpm'
    'npm_config_cache' => '/mnt/ddev-global-cache/npm'
    'COREPACK_ENABLE_DOWNLOAD_PROMPT' => '0'
    'DDEV_GOOS' => 'darwin'
    'IS_DDEV_PROJECT' => 'true'
    'PHP_DEFAULT_VERSION' => '8.3'
    'HOSTNAME' => 'derschmuckmacher-v3-web'
    'MAILPIT_SMTP_PORT' => '1025'
    'MH_SMTP_BIND_ADDR' => '127.0.0.1:1025'
    'DDEV_PRIMARY_URL_WITHOUT_PORT' => 'https://derschmuckmacher-v3.ddev.site'
    'CRAFT_DB_PORT' => '3306'
    'SSH_AUTH_SOCK' => '/home/.ssh-agent/socket'
    'DDEV_GID' => '20'
    'NODE_EXTRA_CA_CERTS' => '/mnt/ddev-global-cache/mkcert/rootCA.pem'
    'DOCKER_IP' => '127.0.0.1'
    'PGPASSWORD' => 'db'
    'CRAFT_WEB_ROOT' => '/var/www/html/web'
    'DDEV_DOCROOT' => 'web'
    'PWD' => '/var/www/html'
    'PLATFORMSH_CLI_UPDATES_CHECK' => '0'
    'DDEV_APPROOT' => '/var/www/html'
    'DDEV_FILES_DIR' => ''
    'START_SCRIPT_TIMEOUT' => '57'
    'APACHE_SITE_TEMPLATE' => '/etc/apache2/apache-site.conf'
    'PHP_INI' => '/etc/php/8.2/fpm/php.ini'
    'DDEV_VERSION' => 'v1.24.10'
    'PRIMARY_SITE_URL' => 'https://derschmuckmacher-v3.ddev.site'
    'TZ' => 'Europe/Zurich'
    'DDEV_XHPROF_MODE' => 'prepend'
    'HTTPS_EXPOSE' => '443:80,8026:8025'
    'COREPACK_HOME' => '/mnt/ddev-global-cache/corepack'
    'CRAFT_DB_DATABASE' => 'db'
    'DDEV_PRIMARY_URL' => 'https://derschmuckmacher-v3.ddev.site'
    'LINES' => '17'
    'DDEV_SITENAME' => 'derschmuckmacher-v3'
    'HOME' => '/home/omar'
    'DRUSH_OPTIONS_URI' => 'https://derschmuckmacher-v3.ddev.site'
    'LANG' => 'C.UTF-8'
    'COLUMNS' => '371'
    'DDEV_MUTAGEN_ENABLED' => 'true'
    'DDEV_USER' => 'omar'
    'PGUSER' => 'db'
    'TERMINUS_CACHE_DIR' => '/mnt/ddev-global-cache/terminus/cache'
    'DDEV_PRIMARY_URL_PORT' => '443'
    'DDEV_ROUTER_HTTP_PORT' => '80'
    'MAILPIT_SMTP_HOSTNAME' => '127.0.0.1'
    'CRAFT_DB_DRIVER' => 'mysql'
    'COMPOSER_PROCESS_TIMEOUT' => '2000'
    'NGINX_SITE_TEMPLATE' => '/etc/nginx/nginx-site.conf'
    'DDEV_FILES_DIRS' => ''
    'CRAFT_DB_SERVER' => 'db'
    'HTTP_EXPOSE' => '80:80,8025:8025'
    'NVM_DIR' => '/home/omar/.nvm'
    'DDEV_PHP_VERSION' => '8.2'
    'DDEV_TLD' => 'ddev.site'
    'DDEV_HOSTNAME' => 'derschmuckmacher-v3.ddev.site'
    'DDEV_PROJECT' => 'derschmuckmacher-v3'
    'DDEV_GOARCH' => 'arm64'
    'VIRTUAL_HOST' => 'derschmuckmacher-v3.ddev.site'
    'TERM' => 'xterm'
    'USER' => 'omar'
    'MYSQL_HISTFILE' => '/mnt/ddev-global-cache/mysqlhistory/derschmuckmacher-v3-web/mysql_history'
    'DDEV_WEB_ENTRYPOINT' => '/mnt/ddev_config/web-entrypoint.d'
    'DDEV_UID' => '501'
    'CAROOT' => '/mnt/ddev-global-cache/mkcert'
    'SHLVL' => '1'
    'COMPOSER_ALLOW_SUPERUSER' => '1'
    'BASH_ENV' => '/etc/bash.nointeractive.bashrc'
    'DDEV_DATABASE' => 'mysql:8.0'
    'PGDATABASE' => 'db'
    'CRAFT_DB_USER' => 'db'
    'DDEV_SCHEME' => 'https'
    'XHPROF_OUTPUT_DIR' => '/tmp/xhprof'
    'COMPOSER_CACHE_DIR' => '/mnt/ddev-global-cache/composer'
    'DDEV_XDEBUG_ENABLED' => 'false'
    'DDEV_DATABASE_FAMILY' => 'mysql'
    'PGHOST' => 'db'
    'DDEV_COMPOSER_ROOT' => '/var/www/html'
    'CRAFT_DB_PASSWORD' => '••'
    'DOCROOT' => 'web'
    'TERMINUS_HIDE_UPDATE_MESSAGE' => '1'
    'PATH' => '/home/omar/bin:/var/www/html/vendor/bin:/usr/local/sbin:/usr/local/bin:/usr/sbin:/usr/bin:/sbin:/bin:/var/www/html/bin:/mnt/ddev-global-cache/global-commands/web'
    'HOST_DOCKER_INTERNAL_IP' => ''
    'DDEV_PROJECT_TYPE' => 'craftcms'
    'DEBIAN_FRONTEND' => 'noninteractive'
    'DDEV_ROUTER_HTTPS_PORT' => '443'
    'EXECIGNORE' => '/var/www/html/vendor/bin/composer'
    'SUPERVISOR_ENABLED' => '1'
    'SUPERVISOR_SERVER_URL' => 'unix:///var/run/supervisor.sock'
    'SUPERVISOR_PROCESS_NAME' => 'php-fpm'
    'SUPERVISOR_GROUP_NAME' => 'php-fpm'
    'HTTP_X_REQUESTED_WITH' => 'XMLHttpRequest'
    'HTTP_X_REGISTERED_JS_FILES' => ''
    'HTTP_X_REGISTERED_ASSET_BUNDLES' => '22e517a2,aee7f8dc,26c46c25,e505ffd6,6b4d7555,bb2f10a0,e5e48399,815d39ea,fc0bc163,1ccab40d,1e21896b,54698ee0,b842675b,1c3c9add,4b1fd285,d8d08e47,8f00ce04,8768f48b,cf3018d6,ec6d0256'
    'HTTP_X_REAL_IP' => '172.18.0.1'
    'HTTP_X_FORWARDED_SERVER' => '61e6ccb23c1b'
    'HTTP_X_FORWARDED_PROTO' => 'https'
    'HTTP_X_FORWARDED_PORT' => '443'
    'HTTP_X_FORWARDED_HOST' => 'derschmuckmacher-v3.ddev.site'
    'HTTP_X_FORWARDED_FOR' => '172.18.0.1'
    'HTTP_X_CSRF_TOKEN' => '••••••••••••••••••••••••••••••••••••••••••••••••••••••••••••••••••••••••••••••••••••••••••••••••••••••••••••••••••••••••••••••••••••••••••••••••••••••••••••••••••••••••••••••••••••••••••••••••••••••••••••••••••••••••••••••••••••••••••••••••••••••••••••••••••••••••••••••••••••••••••••••••••••••••••••••••••••••••••••••••••••••••••••••••••••••••••••••••••••••••••••••••••••••••••••••••••••••••'
    'HTTP_TE' => 'trailers'
    'HTTP_SEC_GPC' => '1'
    'HTTP_SEC_FETCH_SITE' => 'same-origin'
    'HTTP_SEC_FETCH_MODE' => 'cors'
    'HTTP_SEC_FETCH_DEST' => 'empty'
    'HTTP_REFERER' => 'https://derschmuckmacher-v3.ddev.site/dW2axQ3b/content/entries/aktuelles?source=section%3Aabbf7c18-fd88-4baf-9a5e-dbccf55f4b56'
    'HTTP_ORIGIN' => 'https://derschmuckmacher-v3.ddev.site'
    'HTTP_COOKIE' => 'cookieconsent_status=dismiss; CraftSessionId=e982e518adc7dabfb26afcb21225ddf5; CRAFT_CSRF_TOKEN=16740b48ba3f84595b6c56ef142b19f6b046fde54bc23622280b174e295f39afa%3A2%3A%7Bi%3A0%3Bs%3A16%3A%22CRAFT_CSRF_TOKEN%22%3Bi%3A1%3Bs%3A147%3A%22JfpP7gD_LrPE_phoiRWTtDPS49nkCv82f0DSgxK4%7Cd91b1261e5555fd659eaa053e8d63b8b95dfcc835d2840aef88e1c92e480d8e2JfpP7gD_LrPE_phoiRWTtDPS49nkCv82f0DSgxK4%7C1%22%3B%7D; a8b7b1ec9ffb8baf2c6eaa253fe57112_username=26b9ec8568da68d3882e55afaa5d203483c6c5810ee05b5a55c8a0eb10cab93ea%3A2%3A%7Bi%3A0%3Bs%3A41%3A%22a8b7b1ec9ffb8baf2c6eaa253fe57112_username%22%3Bi%3A1%3Bs%3A8%3A%22odegiuli%22%3B%7D; Craft-3626ffc1-d0a3-42e3-98aa-37e8aa759561_sidebar=expanded; Craft-3626ffc1-d0a3-42e3-98aa-37e8aa759561_sidebar-details=expanded'
    'HTTP_ACCEPT_LANGUAGE' => 'de,en-US;q=0.9,en;q=0.8'
    'HTTP_ACCEPT_ENCODING' => 'gzip, deflate, br, zstd'
    'HTTP_ACCEPT' => 'application/json, text/plain, */*'
    'HTTP_CONTENT_LENGTH' => '0'
    'HTTP_USER_AGENT' => 'Mozilla/5.0 (Macintosh; Intel Mac OS X 10.15; rv:148.0) Gecko/20100101 Firefox/148.0'
    'HTTP_HOST' => 'derschmuckmacher-v3.ddev.site'
    'HTTPS' => 'on'
    'REDIRECT_STATUS' => '200'
    'SERVER_NAME' => 'derschmuckmacher-v3.ddev.site'
    'SERVER_PORT' => '80'
    'SERVER_ADDR' => '172.18.0.3'
    'REMOTE_PORT' => '36284'
    'REMOTE_ADDR' => '172.18.0.5'
    'SERVER_SOFTWARE' => 'nginx/1.28.0'
    'GATEWAY_INTERFACE' => 'CGI/1.1'
    'REQUEST_SCHEME' => 'http'
    'SERVER_PROTOCOL' => 'HTTP/1.1'
    'DOCUMENT_ROOT' => '/var/www/html/web'
    'DOCUMENT_URI' => '/index.php'
    'REQUEST_URI' => '/index.php?p=dW2axQ3b%2Factions%2Fqueue%2Frun&v=1773748132554'
    'CONTENT_LENGTH' => '0'
    'CONTENT_TYPE' => ''
    'REQUEST_METHOD' => 'POST'
    'QUERY_STRING' => 'p=dW2axQ3b%2Factions%2Fqueue%2Frun&v=1773748132554'
    'SCRIPT_NAME' => '/index.php'
    'SCRIPT_FILENAME' => '/var/www/html/web/index.php'
    'FCGI_ROLE' => 'RESPONDER'
    'PHP_SELF' => '/index.php'
    'REQUEST_TIME_FLOAT' => 1773748132.5567
    'REQUEST_TIME' => 1773748132
    'CRAFT_APP_ID' => 'CraftCMS--3933bc78-29f5-4b79-bcc5-c31faf0fcd20'
    'CRAFT_ENVIRONMENT' => 'dev'
    'ENVIRONMENT' => 'dev'
    'CRAFT_SECURITY_KEY' => '••••••••••••••••••••••••••••••••'
    'CP_TRIGGER' => 'dW2axQ3b'
    'CRAFT_DB_SCHEMA' => 'public'
    'CRAFT_DB_TABLE_PREFIX' => ''
    'DEV_MODE' => 'true'
    'ALLOW_ADMIN_CHANGES' => 'true'
    'DISALLOW_ROBOTS' => 'true'
    'TIMEZONE' => 'Europe/Zurich'
    'CAPTCHA_SITE_KEY' => '••••••••••••••••••••••••••••••••••••••••'
    'CAPTCHA_SECRET_KEY' => '••••••••••••••••••••••••••••••••••••••••'
    'WEB_URL' => 'https://derschmuckmacher-v3.ddev.site'
    'WEB_ROOT' => '/var/www/html/web'
    'ASSETS_BASE_URL' => 'https://derschmuckmacher-v3.ddev.site/public'
    'ASSETS_BASE_PATH' => '/var/www/html/web/public'
    'SCHMUCK_BASE_URL' => 'https://derschmuckmacher-v3.ddev.site/public/uploads/schmuck'
    'SCHMUCK_BASE_PATH' => '/var/www/html/web/public/uploads/schmuck'
] {"environment":"dev","userId":1} 
2026-03-17 12:49:30 [queue.INFO] [yii\db\Connection::open] Opening DB connection: mysql:host=db;dbname=db;port=3306 {"memory":1099352} 
2026-03-17 12:49:30 [queue.INFO] [yii\web\Session::open] Session started {"memory":1436248} 
2026-03-17 12:49:30 [queue.INFO] [nystudio107\codeeditor\CodeEditor::bootstrap] CodeEditor module bootstrapped {"memory":1458008} 
2026-03-17 12:49:30 [queue.INFO] [adigital\cookieconsentbanner\CookieConsentBanner::init] Cookie Consent Banner plugin loaded {"memory":1673400} 
2026-03-17 12:49:30 [queue.INFO] [miranj\obfuscator\Obfuscator::init] Obfuscator plugin loaded {"memory":2593984} 
2026-03-17 12:49:30 [queue.INFO] [yii\db\Connection::open] Opening DB connection: mysql:host=db;dbname=db;port=3306 {"memory":2843176} 
2026-03-17 12:49:30 [queue.INFO] [craft\queue\QueueLogBehavior::beforeExec]  [38820] t9n:["app","Updating search indexes"] (attempt: 1, pid: 10847) - Started {"memory":2901928} 
2026-03-17 12:49:30 [queue.INFO] [craft\queue\QueueLogBehavior::afterExec]  [38820] t9n:["app","Updating search indexes"] (attempt: 1, pid: 10847) - Done (time: 0.009s) {"memory":3329864} 
2026-03-17 12:49:30 [queue.INFO] [craft\queue\QueueLogBehavior::beforeExec]  [38821] t9n:["app","Updating search indexes"] (attempt: 1, pid: 10847) - Started {"memory":3337896} 
2026-03-17 12:49:30 [queue.INFO] [craft\queue\QueueLogBehavior::afterExec]  [38821] t9n:["app","Updating search indexes"] (attempt: 1, pid: 10847) - Done (time: 0.000s) {"memory":3339320} 
2026-03-17 12:49:30 [queue.INFO] [craft\queue\QueueLogBehavior::beforeExec]  [38822] t9n:["app","Updating search indexes"] (attempt: 1, pid: 10847) - Started {"memory":3347304} 
2026-03-17 12:49:30 [queue.INFO] [craft\queue\QueueLogBehavior::afterExec]  [38822] t9n:["app","Updating search indexes"] (attempt: 1, pid: 10847) - Done (time: 0.000s) {"memory":3348728} 
2026-03-17 12:49:30 [queue.INFO] [craft\queue\QueueLogBehavior::beforeExec]  [38823] t9n:["app","Updating search indexes"] (attempt: 1, pid: 10847) - Started {"memory":3356712} 
2026-03-17 12:49:30 [queue.INFO] [craft\queue\QueueLogBehavior::afterExec]  [38823] t9n:["app","Updating search indexes"] (attempt: 1, pid: 10847) - Done (time: 0.006s) {"memory":3844792} 
2026-03-17 12:49:30 [queue.INFO] [craft\queue\QueueLogBehavior::beforeExec]  [38824] t9n:["app","Pruning extra revisions"] (attempt: 1, pid: 10847) - Started {"memory":3852776} 
2026-03-17 12:49:30 [queue.INFO] [craft\queue\QueueLogBehavior::afterExec]  [38824] t9n:["app","Pruning extra revisions"] (attempt: 1, pid: 10847) - Done (time: 0.001s) {"memory":3908704} 
2026-03-17 12:49:30 [queue.INFO] [application] Request context:
$_GET = [
    'p' => 'dW2axQ3b/actions/queue/run'
    'v' => '1773748170409'
]

$_POST = []

$_FILES = []

$_COOKIE = [
    'cookieconsent_status' => 'dismiss'
    'CraftSessionId' => 'e982e518adc7dabfb26afcb21225ddf5'
    'CRAFT_CSRF_TOKEN' => '••••••••••••••••••••••••••••••••••••••••••••••••••••••••••••••••••••••••••••••••••••••••••••••••••••••••••••••••••••••••••••••••••••••••••••••••••••••••••••••••••••••••••••••••••••••••••••••••••••••••••••••••••••••••••••••••••••••••••••••••••••••••••••••••••'
    'a8b7b1ec9ffb8baf2c6eaa253fe57112_username' => '26b9ec8568da68d3882e55afaa5d203483c6c5810ee05b5a55c8a0eb10cab93ea:2:{i:0;s:41:\"a8b7b1ec9ffb8baf2c6eaa253fe57112_username\";i:1;s:8:\"odegiuli\";}'
    'Craft-3626ffc1-d0a3-42e3-98aa-37e8aa759561_sidebar' => 'expanded'
    'Craft-3626ffc1-d0a3-42e3-98aa-37e8aa759561_sidebar-details' => 'expanded'
]

$_SESSION = [
    '22b6a59deafcfb2ffb13c3adf3d98a3b__auth_access' => [
        0 => 'previewElement:8578'
        1 => 'saveAssets:1986f3e0-bf2e-4ccd-b34c-7ec2d979afdd'
        2 => 'editStructure:2'
        3 => 'editStructure:1'
        4 => 'previewElement:8539'
        5 => 'previewDraft:875'
        6 => 'previewElement:8582'
        7 => 'previewDraft:876'
        8 => 'previewDraft:877'
        9 => 'previewDraft:879'
        10 => 'previewDraft:881'
        11 => 'previewDraft:882'
    ]
    '22b6a59deafcfb2ffb13c3adf3d98a3b__flash' => []
    'a8b7b1ec9ffb8baf2c6eaa253fe57112__token' => '••••••••••••••••••••••••••••••••••••••••••••••••••••••••••••••••••••••••••••••••••••••••••••••••••••'
    'a8b7b1ec9ffb8baf2c6eaa253fe57112__id' => 1
    '__authKey' => '••••••••••••••••••••••••••••••••••••••••••••••••••••••••••••••••••••••••••••••••••••••••••••••••••••••••••••••••••••••••••••••••••••••••••••••••'
    'a8b7b1ec9ffb8baf2c6eaa253fe57112__expire' => 1773751770
    '__duration' => 3600
    '__elevated_timeout' => 1773744618
]

$_SERVER = [
    'DEPLOY_NAME' => 'local'
    'DDEV_WEBSERVER_TYPE' => 'nginx-fpm'
    'npm_config_cache' => '/mnt/ddev-global-cache/npm'
    'COREPACK_ENABLE_DOWNLOAD_PROMPT' => '0'
    'DDEV_GOOS' => 'darwin'
    'IS_DDEV_PROJECT' => 'true'
    'PHP_DEFAULT_VERSION' => '8.3'
    'HOSTNAME' => 'derschmuckmacher-v3-web'
    'MAILPIT_SMTP_PORT' => '1025'
    'MH_SMTP_BIND_ADDR' => '127.0.0.1:1025'
    'DDEV_PRIMARY_URL_WITHOUT_PORT' => 'https://derschmuckmacher-v3.ddev.site'
    'CRAFT_DB_PORT' => '3306'
    'SSH_AUTH_SOCK' => '/home/.ssh-agent/socket'
    'DDEV_GID' => '20'
    'NODE_EXTRA_CA_CERTS' => '/mnt/ddev-global-cache/mkcert/rootCA.pem'
    'DOCKER_IP' => '127.0.0.1'
    'PGPASSWORD' => 'db'
    'CRAFT_WEB_ROOT' => '/var/www/html/web'
    'DDEV_DOCROOT' => 'web'
    'PWD' => '/var/www/html'
    'PLATFORMSH_CLI_UPDATES_CHECK' => '0'
    'DDEV_APPROOT' => '/var/www/html'
    'DDEV_FILES_DIR' => ''
    'START_SCRIPT_TIMEOUT' => '57'
    'APACHE_SITE_TEMPLATE' => '/etc/apache2/apache-site.conf'
    'PHP_INI' => '/etc/php/8.2/fpm/php.ini'
    'DDEV_VERSION' => 'v1.24.10'
    'PRIMARY_SITE_URL' => 'https://derschmuckmacher-v3.ddev.site'
    'TZ' => 'Europe/Zurich'
    'DDEV_XHPROF_MODE' => 'prepend'
    'HTTPS_EXPOSE' => '443:80,8026:8025'
    'COREPACK_HOME' => '/mnt/ddev-global-cache/corepack'
    'CRAFT_DB_DATABASE' => 'db'
    'DDEV_PRIMARY_URL' => 'https://derschmuckmacher-v3.ddev.site'
    'LINES' => '17'
    'DDEV_SITENAME' => 'derschmuckmacher-v3'
    'HOME' => '/home/omar'
    'DRUSH_OPTIONS_URI' => 'https://derschmuckmacher-v3.ddev.site'
    'LANG' => 'C.UTF-8'
    'COLUMNS' => '371'
    'DDEV_MUTAGEN_ENABLED' => 'true'
    'DDEV_USER' => 'omar'
    'PGUSER' => 'db'
    'TERMINUS_CACHE_DIR' => '/mnt/ddev-global-cache/terminus/cache'
    'DDEV_PRIMARY_URL_PORT' => '443'
    'DDEV_ROUTER_HTTP_PORT' => '80'
    'MAILPIT_SMTP_HOSTNAME' => '127.0.0.1'
    'CRAFT_DB_DRIVER' => 'mysql'
    'COMPOSER_PROCESS_TIMEOUT' => '2000'
    'NGINX_SITE_TEMPLATE' => '/etc/nginx/nginx-site.conf'
    'DDEV_FILES_DIRS' => ''
    'CRAFT_DB_SERVER' => 'db'
    'HTTP_EXPOSE' => '80:80,8025:8025'
    'NVM_DIR' => '/home/omar/.nvm'
    'DDEV_PHP_VERSION' => '8.2'
    'DDEV_TLD' => 'ddev.site'
    'DDEV_HOSTNAME' => 'derschmuckmacher-v3.ddev.site'
    'DDEV_PROJECT' => 'derschmuckmacher-v3'
    'DDEV_GOARCH' => 'arm64'
    'VIRTUAL_HOST' => 'derschmuckmacher-v3.ddev.site'
    'TERM' => 'xterm'
    'USER' => 'omar'
    'MYSQL_HISTFILE' => '/mnt/ddev-global-cache/mysqlhistory/derschmuckmacher-v3-web/mysql_history'
    'DDEV_WEB_ENTRYPOINT' => '/mnt/ddev_config/web-entrypoint.d'
    'DDEV_UID' => '501'
    'CAROOT' => '/mnt/ddev-global-cache/mkcert'
    'SHLVL' => '1'
    'COMPOSER_ALLOW_SUPERUSER' => '1'
    'BASH_ENV' => '/etc/bash.nointeractive.bashrc'
    'DDEV_DATABASE' => 'mysql:8.0'
    'PGDATABASE' => 'db'
    'CRAFT_DB_USER' => 'db'
    'DDEV_SCHEME' => 'https'
    'XHPROF_OUTPUT_DIR' => '/tmp/xhprof'
    'COMPOSER_CACHE_DIR' => '/mnt/ddev-global-cache/composer'
    'DDEV_XDEBUG_ENABLED' => 'false'
    'DDEV_DATABASE_FAMILY' => 'mysql'
    'PGHOST' => 'db'
    'DDEV_COMPOSER_ROOT' => '/var/www/html'
    'CRAFT_DB_PASSWORD' => '••'
    'DOCROOT' => 'web'
    'TERMINUS_HIDE_UPDATE_MESSAGE' => '1'
    'PATH' => '/home/omar/bin:/var/www/html/vendor/bin:/usr/local/sbin:/usr/local/bin:/usr/sbin:/usr/bin:/sbin:/bin:/var/www/html/bin:/mnt/ddev-global-cache/global-commands/web'
    'HOST_DOCKER_INTERNAL_IP' => ''
    'DDEV_PROJECT_TYPE' => 'craftcms'
    'DEBIAN_FRONTEND' => 'noninteractive'
    'DDEV_ROUTER_HTTPS_PORT' => '443'
    'EXECIGNORE' => '/var/www/html/vendor/bin/composer'
    'SUPERVISOR_ENABLED' => '1'
    'SUPERVISOR_SERVER_URL' => 'unix:///var/run/supervisor.sock'
    'SUPERVISOR_PROCESS_NAME' => 'php-fpm'
    'SUPERVISOR_GROUP_NAME' => 'php-fpm'
    'HTTP_X_REQUESTED_WITH' => 'XMLHttpRequest'
    'HTTP_X_REGISTERED_JS_FILES' => ''
    'HTTP_X_REGISTERED_ASSET_BUNDLES' => '22e517a2,aee7f8dc,26c46c25,e505ffd6,6b4d7555,bb2f10a0,e5e48399,815d39ea,fc0bc163,1ccab40d,1e21896b,54698ee0,b842675b,1c3c9add,4b1fd285,d8d08e47,8f00ce04,8768f48b,cf3018d6,ec6d0256'
    'HTTP_X_REAL_IP' => '172.18.0.1'
    'HTTP_X_FORWARDED_SERVER' => '61e6ccb23c1b'
    'HTTP_X_FORWARDED_PROTO' => 'https'
    'HTTP_X_FORWARDED_PORT' => '443'
    'HTTP_X_FORWARDED_HOST' => 'derschmuckmacher-v3.ddev.site'
    'HTTP_X_FORWARDED_FOR' => '172.18.0.1'
    'HTTP_X_CSRF_TOKEN' => '••••••••••••••••••••••••••••••••••••••••••••••••••••••••••••••••••••••••••••••••••••••••••••••••••••••••••••••••••••••••••••••••••••••••••••••••••••••••••••••••••••••••••••••••••••••••••••••••••••••••••••••••••••••••••••••••••••••••••••••••••••••••••••••••••••••••••••••••••••••••••••••••••••••••••••••••••••••••••••••••••••••••••••••••••••••••••••••••••••••••••••••••••••••••••••••••••••••••'
    'HTTP_TE' => 'trailers'
    'HTTP_SEC_GPC' => '1'
    'HTTP_SEC_FETCH_SITE' => 'same-origin'
    'HTTP_SEC_FETCH_MODE' => 'cors'
    'HTTP_SEC_FETCH_DEST' => 'empty'
    'HTTP_REFERER' => 'https://derschmuckmacher-v3.ddev.site/dW2axQ3b/content/entries/aktuelles?source=section%3Aabbf7c18-fd88-4baf-9a5e-dbccf55f4b56'
    'HTTP_ORIGIN' => 'https://derschmuckmacher-v3.ddev.site'
    'HTTP_COOKIE' => 'cookieconsent_status=dismiss; CraftSessionId=e982e518adc7dabfb26afcb21225ddf5; CRAFT_CSRF_TOKEN=16740b48ba3f84595b6c56ef142b19f6b046fde54bc23622280b174e295f39afa%3A2%3A%7Bi%3A0%3Bs%3A16%3A%22CRAFT_CSRF_TOKEN%22%3Bi%3A1%3Bs%3A147%3A%22JfpP7gD_LrPE_phoiRWTtDPS49nkCv82f0DSgxK4%7Cd91b1261e5555fd659eaa053e8d63b8b95dfcc835d2840aef88e1c92e480d8e2JfpP7gD_LrPE_phoiRWTtDPS49nkCv82f0DSgxK4%7C1%22%3B%7D; a8b7b1ec9ffb8baf2c6eaa253fe57112_username=26b9ec8568da68d3882e55afaa5d203483c6c5810ee05b5a55c8a0eb10cab93ea%3A2%3A%7Bi%3A0%3Bs%3A41%3A%22a8b7b1ec9ffb8baf2c6eaa253fe57112_username%22%3Bi%3A1%3Bs%3A8%3A%22odegiuli%22%3B%7D; Craft-3626ffc1-d0a3-42e3-98aa-37e8aa759561_sidebar=expanded; Craft-3626ffc1-d0a3-42e3-98aa-37e8aa759561_sidebar-details=expanded'
    'HTTP_ACCEPT_LANGUAGE' => 'de,en-US;q=0.9,en;q=0.8'
    'HTTP_ACCEPT_ENCODING' => 'gzip, deflate, br, zstd'
    'HTTP_ACCEPT' => 'application/json, text/plain, */*'
    'HTTP_CONTENT_LENGTH' => '0'
    'HTTP_USER_AGENT' => 'Mozilla/5.0 (Macintosh; Intel Mac OS X 10.15; rv:148.0) Gecko/20100101 Firefox/148.0'
    'HTTP_HOST' => 'derschmuckmacher-v3.ddev.site'
    'HTTPS' => 'on'
    'REDIRECT_STATUS' => '200'
    'SERVER_NAME' => 'derschmuckmacher-v3.ddev.site'
    'SERVER_PORT' => '80'
    'SERVER_ADDR' => '172.18.0.3'
    'REMOTE_PORT' => '46914'
    'REMOTE_ADDR' => '172.18.0.5'
    'SERVER_SOFTWARE' => 'nginx/1.28.0'
    'GATEWAY_INTERFACE' => 'CGI/1.1'
    'REQUEST_SCHEME' => 'http'
    'SERVER_PROTOCOL' => 'HTTP/1.1'
    'DOCUMENT_ROOT' => '/var/www/html/web'
    'DOCUMENT_URI' => '/index.php'
    'REQUEST_URI' => '/index.php?p=dW2axQ3b%2Factions%2Fqueue%2Frun&v=1773748170409'
    'CONTENT_LENGTH' => '0'
    'CONTENT_TYPE' => ''
    'REQUEST_METHOD' => 'POST'
    'QUERY_STRING' => 'p=dW2axQ3b%2Factions%2Fqueue%2Frun&v=1773748170409'
    'SCRIPT_NAME' => '/index.php'
    'SCRIPT_FILENAME' => '/var/www/html/web/index.php'
    'FCGI_ROLE' => 'RESPONDER'
    'PHP_SELF' => '/index.php'
    'REQUEST_TIME_FLOAT' => 1773748170.4107
    'REQUEST_TIME' => 1773748170
    'CRAFT_APP_ID' => 'CraftCMS--3933bc78-29f5-4b79-bcc5-c31faf0fcd20'
    'CRAFT_ENVIRONMENT' => 'dev'
    'ENVIRONMENT' => 'dev'
    'CRAFT_SECURITY_KEY' => '••••••••••••••••••••••••••••••••'
    'CP_TRIGGER' => 'dW2axQ3b'
    'CRAFT_DB_SCHEMA' => 'public'
    'CRAFT_DB_TABLE_PREFIX' => ''
    'DEV_MODE' => 'true'
    'ALLOW_ADMIN_CHANGES' => 'true'
    'DISALLOW_ROBOTS' => 'true'
    'TIMEZONE' => 'Europe/Zurich'
    'CAPTCHA_SITE_KEY' => '••••••••••••••••••••••••••••••••••••••••'
    'CAPTCHA_SECRET_KEY' => '••••••••••••••••••••••••••••••••••••••••'
    'WEB_URL' => 'https://derschmuckmacher-v3.ddev.site'
    'WEB_ROOT' => '/var/www/html/web'
    'ASSETS_BASE_URL' => 'https://derschmuckmacher-v3.ddev.site/public'
    'ASSETS_BASE_PATH' => '/var/www/html/web/public'
    'SCHMUCK_BASE_URL' => 'https://derschmuckmacher-v3.ddev.site/public/uploads/schmuck'
    'SCHMUCK_BASE_PATH' => '/var/www/html/web/public/uploads/schmuck'
] {"environment":"dev","userId":1} 
2026-03-17 13:19:10 [queue.INFO] [yii\db\Connection::open] Opening DB connection: mysql:host=db;dbname=db;port=3306 {"memory":1099352} 
2026-03-17 13:19:10 [queue.INFO] [yii\web\Session::open] Session started {"memory":1436264} 
2026-03-17 13:19:10 [queue.INFO] [nystudio107\codeeditor\CodeEditor::bootstrap] CodeEditor module bootstrapped {"memory":1458024} 
2026-03-17 13:19:10 [queue.INFO] [adigital\cookieconsentbanner\CookieConsentBanner::init] Cookie Consent Banner plugin loaded {"memory":1673416} 
2026-03-17 13:19:10 [queue.INFO] [miranj\obfuscator\Obfuscator::init] Obfuscator plugin loaded {"memory":2594000} 
2026-03-17 13:19:10 [queue.INFO] [yii\db\Connection::open] Opening DB connection: mysql:host=db;dbname=db;port=3306 {"memory":2843192} 
2026-03-17 13:19:10 [queue.INFO] [craft\queue\QueueLogBehavior::beforeExec]  [38825] t9n:["app","Updating search indexes"] (attempt: 1, pid: 10847) - Started {"memory":2901944} 
2026-03-17 13:19:10 [queue.INFO] [craft\queue\QueueLogBehavior::afterExec]  [38825] t9n:["app","Updating search indexes"] (attempt: 1, pid: 10847) - Done (time: 0.009s) {"memory":3329880} 
2026-03-17 13:19:10 [queue.INFO] [craft\queue\QueueLogBehavior::beforeExec]  [38826] t9n:["app","Updating search indexes"] (attempt: 1, pid: 10847) - Started {"memory":3337912} 
2026-03-17 13:19:10 [queue.INFO] [craft\queue\QueueLogBehavior::afterExec]  [38826] t9n:["app","Updating search indexes"] (attempt: 1, pid: 10847) - Done (time: 0.000s) {"memory":3339336} 
2026-03-17 13:19:10 [queue.INFO] [craft\queue\QueueLogBehavior::beforeExec]  [38827] t9n:["app","Updating search indexes"] (attempt: 1, pid: 10847) - Started {"memory":3347320} 
2026-03-17 13:19:10 [queue.INFO] [craft\queue\QueueLogBehavior::afterExec]  [38827] t9n:["app","Updating search indexes"] (attempt: 1, pid: 10847) - Done (time: 0.005s) {"memory":3835080} 
2026-03-17 13:19:10 [queue.INFO] [craft\queue\QueueLogBehavior::beforeExec]  [38828] t9n:["app","Pruning extra revisions"] (attempt: 1, pid: 10847) - Started {"memory":3843384} 
2026-03-17 13:19:10 [queue.INFO] [craft\queue\QueueLogBehavior::afterExec]  [38828] t9n:["app","Pruning extra revisions"] (attempt: 1, pid: 10847) - Done (time: 0.000s) {"memory":3899312} 
2026-03-17 13:19:10 [queue.INFO] [application] Request context:
$_GET = [
    'p' => 'dW2axQ3b/actions/queue/run'
    'v' => '1773749950404'
]

$_POST = []

$_FILES = []

$_COOKIE = [
    'cookieconsent_status' => 'dismiss'
    'CraftSessionId' => 'e982e518adc7dabfb26afcb21225ddf5'
    'CRAFT_CSRF_TOKEN' => '••••••••••••••••••••••••••••••••••••••••••••••••••••••••••••••••••••••••••••••••••••••••••••••••••••••••••••••••••••••••••••••••••••••••••••••••••••••••••••••••••••••••••••••••••••••••••••••••••••••••••••••••••••••••••••••••••••••••••••••••••••••••••••••••••'
    'a8b7b1ec9ffb8baf2c6eaa253fe57112_username' => '26b9ec8568da68d3882e55afaa5d203483c6c5810ee05b5a55c8a0eb10cab93ea:2:{i:0;s:41:\"a8b7b1ec9ffb8baf2c6eaa253fe57112_username\";i:1;s:8:\"odegiuli\";}'
    'Craft-3626ffc1-d0a3-42e3-98aa-37e8aa759561_sidebar' => 'expanded'
    'Craft-3626ffc1-d0a3-42e3-98aa-37e8aa759561_sidebar-details' => 'expanded'
]

$_SESSION = [
    '22b6a59deafcfb2ffb13c3adf3d98a3b__auth_access' => [
        0 => 'previewElement:8578'
        1 => 'saveAssets:1986f3e0-bf2e-4ccd-b34c-7ec2d979afdd'
        2 => 'editStructure:2'
        3 => 'editStructure:1'
        4 => 'previewElement:8539'
        5 => 'previewDraft:875'
        6 => 'previewElement:8582'
        7 => 'previewDraft:876'
        8 => 'previewDraft:877'
        9 => 'previewDraft:879'
        10 => 'previewDraft:881'
        11 => 'previewDraft:882'
        12 => 'previewDraft:883'
    ]
    'a8b7b1ec9ffb8baf2c6eaa253fe57112__token' => '••••••••••••••••••••••••••••••••••••••••••••••••••••••••••••••••••••••••••••••••••••••••••••••••••••'
    'a8b7b1ec9ffb8baf2c6eaa253fe57112__id' => 1
    '__authKey' => '••••••••••••••••••••••••••••••••••••••••••••••••••••••••••••••••••••••••••••••••••••••••••••••••••••••••••••••••••••••••••••••••••••••••••••••••'
    'a8b7b1ec9ffb8baf2c6eaa253fe57112__expire' => 1773753550
    '__duration' => 3600
    '__elevated_timeout' => 1773744618
    '22b6a59deafcfb2ffb13c3adf3d98a3b__flash' => []
]

$_SERVER = [
    'DEPLOY_NAME' => 'local'
    'DDEV_WEBSERVER_TYPE' => 'nginx-fpm'
    'npm_config_cache' => '/mnt/ddev-global-cache/npm'
    'COREPACK_ENABLE_DOWNLOAD_PROMPT' => '0'
    'DDEV_GOOS' => 'darwin'
    'IS_DDEV_PROJECT' => 'true'
    'PHP_DEFAULT_VERSION' => '8.3'
    'HOSTNAME' => 'derschmuckmacher-v3-web'
    'MAILPIT_SMTP_PORT' => '1025'
    'MH_SMTP_BIND_ADDR' => '127.0.0.1:1025'
    'DDEV_PRIMARY_URL_WITHOUT_PORT' => 'https://derschmuckmacher-v3.ddev.site'
    'CRAFT_DB_PORT' => '3306'
    'SSH_AUTH_SOCK' => '/home/.ssh-agent/socket'
    'DDEV_GID' => '20'
    'NODE_EXTRA_CA_CERTS' => '/mnt/ddev-global-cache/mkcert/rootCA.pem'
    'DOCKER_IP' => '127.0.0.1'
    'PGPASSWORD' => 'db'
    'CRAFT_WEB_ROOT' => '/var/www/html/web'
    'DDEV_DOCROOT' => 'web'
    'PWD' => '/var/www/html'
    'PLATFORMSH_CLI_UPDATES_CHECK' => '0'
    'DDEV_APPROOT' => '/var/www/html'
    'DDEV_FILES_DIR' => ''
    'START_SCRIPT_TIMEOUT' => '57'
    'APACHE_SITE_TEMPLATE' => '/etc/apache2/apache-site.conf'
    'PHP_INI' => '/etc/php/8.2/fpm/php.ini'
    'DDEV_VERSION' => 'v1.24.10'
    'PRIMARY_SITE_URL' => 'https://derschmuckmacher-v3.ddev.site'
    'TZ' => 'Europe/Zurich'
    'DDEV_XHPROF_MODE' => 'prepend'
    'HTTPS_EXPOSE' => '443:80,8026:8025'
    'COREPACK_HOME' => '/mnt/ddev-global-cache/corepack'
    'CRAFT_DB_DATABASE' => 'db'
    'DDEV_PRIMARY_URL' => 'https://derschmuckmacher-v3.ddev.site'
    'LINES' => '17'
    'DDEV_SITENAME' => 'derschmuckmacher-v3'
    'HOME' => '/home/omar'
    'DRUSH_OPTIONS_URI' => 'https://derschmuckmacher-v3.ddev.site'
    'LANG' => 'C.UTF-8'
    'COLUMNS' => '371'
    'DDEV_MUTAGEN_ENABLED' => 'true'
    'DDEV_USER' => 'omar'
    'PGUSER' => 'db'
    'TERMINUS_CACHE_DIR' => '/mnt/ddev-global-cache/terminus/cache'
    'DDEV_PRIMARY_URL_PORT' => '443'
    'DDEV_ROUTER_HTTP_PORT' => '80'
    'MAILPIT_SMTP_HOSTNAME' => '127.0.0.1'
    'CRAFT_DB_DRIVER' => 'mysql'
    'COMPOSER_PROCESS_TIMEOUT' => '2000'
    'NGINX_SITE_TEMPLATE' => '/etc/nginx/nginx-site.conf'
    'DDEV_FILES_DIRS' => ''
    'CRAFT_DB_SERVER' => 'db'
    'HTTP_EXPOSE' => '80:80,8025:8025'
    'NVM_DIR' => '/home/omar/.nvm'
    'DDEV_PHP_VERSION' => '8.2'
    'DDEV_TLD' => 'ddev.site'
    'DDEV_HOSTNAME' => 'derschmuckmacher-v3.ddev.site'
    'DDEV_PROJECT' => 'derschmuckmacher-v3'
    'DDEV_GOARCH' => 'arm64'
    'VIRTUAL_HOST' => 'derschmuckmacher-v3.ddev.site'
    'TERM' => 'xterm'
    'USER' => 'omar'
    'MYSQL_HISTFILE' => '/mnt/ddev-global-cache/mysqlhistory/derschmuckmacher-v3-web/mysql_history'
    'DDEV_WEB_ENTRYPOINT' => '/mnt/ddev_config/web-entrypoint.d'
    'DDEV_UID' => '501'
    'CAROOT' => '/mnt/ddev-global-cache/mkcert'
    'SHLVL' => '1'
    'COMPOSER_ALLOW_SUPERUSER' => '1'
    'BASH_ENV' => '/etc/bash.nointeractive.bashrc'
    'DDEV_DATABASE' => 'mysql:8.0'
    'PGDATABASE' => 'db'
    'CRAFT_DB_USER' => 'db'
    'DDEV_SCHEME' => 'https'
    'XHPROF_OUTPUT_DIR' => '/tmp/xhprof'
    'COMPOSER_CACHE_DIR' => '/mnt/ddev-global-cache/composer'
    'DDEV_XDEBUG_ENABLED' => 'false'
    'DDEV_DATABASE_FAMILY' => 'mysql'
    'PGHOST' => 'db'
    'DDEV_COMPOSER_ROOT' => '/var/www/html'
    'CRAFT_DB_PASSWORD' => '••'
    'DOCROOT' => 'web'
    'TERMINUS_HIDE_UPDATE_MESSAGE' => '1'
    'PATH' => '/home/omar/bin:/var/www/html/vendor/bin:/usr/local/sbin:/usr/local/bin:/usr/sbin:/usr/bin:/sbin:/bin:/var/www/html/bin:/mnt/ddev-global-cache/global-commands/web'
    'HOST_DOCKER_INTERNAL_IP' => ''
    'DDEV_PROJECT_TYPE' => 'craftcms'
    'DEBIAN_FRONTEND' => 'noninteractive'
    'DDEV_ROUTER_HTTPS_PORT' => '443'
    'EXECIGNORE' => '/var/www/html/vendor/bin/composer'
    'SUPERVISOR_ENABLED' => '1'
    'SUPERVISOR_SERVER_URL' => 'unix:///var/run/supervisor.sock'
    'SUPERVISOR_PROCESS_NAME' => 'php-fpm'
    'SUPERVISOR_GROUP_NAME' => 'php-fpm'
    'HTTP_X_REQUESTED_WITH' => 'XMLHttpRequest'
    'HTTP_X_REGISTERED_JS_FILES' => ''
    'HTTP_X_REGISTERED_ASSET_BUNDLES' => '22e517a2,aee7f8dc,26c46c25,e505ffd6,6b4d7555,bb2f10a0,e5e48399,815d39ea,fc0bc163,1ccab40d,1e21896b,54698ee0,b842675b,1c3c9add,4b1fd285,d8d08e47,8f00ce04,8768f48b,cf3018d6,ec6d0256'
    'HTTP_X_REAL_IP' => '172.18.0.1'
    'HTTP_X_FORWARDED_SERVER' => '61e6ccb23c1b'
    'HTTP_X_FORWARDED_PROTO' => 'https'
    'HTTP_X_FORWARDED_PORT' => '443'
    'HTTP_X_FORWARDED_HOST' => 'derschmuckmacher-v3.ddev.site'
    'HTTP_X_FORWARDED_FOR' => '172.18.0.1'
    'HTTP_X_CSRF_TOKEN' => '••••••••••••••••••••••••••••••••••••••••••••••••••••••••••••••••••••••••••••••••••••••••••••••••••••••••••••••••••••••••••••••••••••••••••••••••••••••••••••••••••••••••••••••••••••••••••••••••••••••••••••••••••••••••••••••••••••••••••••••••••••••••••••••••••••••••••••••••••••••••••••••••••••••••••••••••••••••••••••••••••••••••••••••••••••••••••••••••••••••••••••••••••••••••••••••••••••••••'
    'HTTP_TE' => 'trailers'
    'HTTP_SEC_GPC' => '1'
    'HTTP_SEC_FETCH_SITE' => 'same-origin'
    'HTTP_SEC_FETCH_MODE' => 'cors'
    'HTTP_SEC_FETCH_DEST' => 'empty'
    'HTTP_REFERER' => 'https://derschmuckmacher-v3.ddev.site/dW2axQ3b/content/entries/aktuelles?source=section%3Aabbf7c18-fd88-4baf-9a5e-dbccf55f4b56'
    'HTTP_ORIGIN' => 'https://derschmuckmacher-v3.ddev.site'
    'HTTP_COOKIE' => 'cookieconsent_status=dismiss; CraftSessionId=e982e518adc7dabfb26afcb21225ddf5; CRAFT_CSRF_TOKEN=16740b48ba3f84595b6c56ef142b19f6b046fde54bc23622280b174e295f39afa%3A2%3A%7Bi%3A0%3Bs%3A16%3A%22CRAFT_CSRF_TOKEN%22%3Bi%3A1%3Bs%3A147%3A%22JfpP7gD_LrPE_phoiRWTtDPS49nkCv82f0DSgxK4%7Cd91b1261e5555fd659eaa053e8d63b8b95dfcc835d2840aef88e1c92e480d8e2JfpP7gD_LrPE_phoiRWTtDPS49nkCv82f0DSgxK4%7C1%22%3B%7D; a8b7b1ec9ffb8baf2c6eaa253fe57112_username=26b9ec8568da68d3882e55afaa5d203483c6c5810ee05b5a55c8a0eb10cab93ea%3A2%3A%7Bi%3A0%3Bs%3A41%3A%22a8b7b1ec9ffb8baf2c6eaa253fe57112_username%22%3Bi%3A1%3Bs%3A8%3A%22odegiuli%22%3B%7D; Craft-3626ffc1-d0a3-42e3-98aa-37e8aa759561_sidebar=expanded; Craft-3626ffc1-d0a3-42e3-98aa-37e8aa759561_sidebar-details=expanded'
    'HTTP_ACCEPT_LANGUAGE' => 'de,en-US;q=0.9,en;q=0.8'
    'HTTP_ACCEPT_ENCODING' => 'gzip, deflate, br, zstd'
    'HTTP_ACCEPT' => 'application/json, text/plain, */*'
    'HTTP_CONTENT_LENGTH' => '0'
    'HTTP_USER_AGENT' => 'Mozilla/5.0 (Macintosh; Intel Mac OS X 10.15; rv:148.0) Gecko/20100101 Firefox/148.0'
    'HTTP_HOST' => 'derschmuckmacher-v3.ddev.site'
    'HTTPS' => 'on'
    'REDIRECT_STATUS' => '200'
    'SERVER_NAME' => 'derschmuckmacher-v3.ddev.site'
    'SERVER_PORT' => '80'
    'SERVER_ADDR' => '172.18.0.3'
    'REMOTE_PORT' => '53214'
    'REMOTE_ADDR' => '172.18.0.5'
    'SERVER_SOFTWARE' => 'nginx/1.28.0'
    'GATEWAY_INTERFACE' => 'CGI/1.1'
    'REQUEST_SCHEME' => 'http'
    'SERVER_PROTOCOL' => 'HTTP/1.1'
    'DOCUMENT_ROOT' => '/var/www/html/web'
    'DOCUMENT_URI' => '/index.php'
    'REQUEST_URI' => '/index.php?p=dW2axQ3b%2Factions%2Fqueue%2Frun&v=1773749950404'
    'CONTENT_LENGTH' => '0'
    'CONTENT_TYPE' => ''
    'REQUEST_METHOD' => 'POST'
    'QUERY_STRING' => 'p=dW2axQ3b%2Factions%2Fqueue%2Frun&v=1773749950404'
    'SCRIPT_NAME' => '/index.php'
    'SCRIPT_FILENAME' => '/var/www/html/web/index.php'
    'FCGI_ROLE' => 'RESPONDER'
    'PHP_SELF' => '/index.php'
    'REQUEST_TIME_FLOAT' => 1773749950.4062
    'REQUEST_TIME' => 1773749950
    'CRAFT_APP_ID' => 'CraftCMS--3933bc78-29f5-4b79-bcc5-c31faf0fcd20'
    'CRAFT_ENVIRONMENT' => 'dev'
    'ENVIRONMENT' => 'dev'
    'CRAFT_SECURITY_KEY' => '••••••••••••••••••••••••••••••••'
    'CP_TRIGGER' => 'dW2axQ3b'
    'CRAFT_DB_SCHEMA' => 'public'
    'CRAFT_DB_TABLE_PREFIX' => ''
    'DEV_MODE' => 'true'
    'ALLOW_ADMIN_CHANGES' => 'true'
    'DISALLOW_ROBOTS' => 'true'
    'TIMEZONE' => 'Europe/Zurich'
    'CAPTCHA_SITE_KEY' => '••••••••••••••••••••••••••••••••••••••••'
    'CAPTCHA_SECRET_KEY' => '••••••••••••••••••••••••••••••••••••••••'
    'WEB_URL' => 'https://derschmuckmacher-v3.ddev.site'
    'WEB_ROOT' => '/var/www/html/web'
    'ASSETS_BASE_URL' => 'https://derschmuckmacher-v3.ddev.site/public'
    'ASSETS_BASE_PATH' => '/var/www/html/web/public'
    'SCHMUCK_BASE_URL' => 'https://derschmuckmacher-v3.ddev.site/public/uploads/schmuck'
    'SCHMUCK_BASE_PATH' => '/var/www/html/web/public/uploads/schmuck'
] {"environment":"dev","userId":1} 
2026-03-17 13:41:08 [queue.INFO] [yii\db\Connection::open] Opening DB connection: mysql:host=db;dbname=db;port=3306 {"memory":1095504} 
2026-03-17 13:41:08 [queue.INFO] [nystudio107\codeeditor\CodeEditor::bootstrap] CodeEditor module bootstrapped {"memory":1442288} 
2026-03-17 13:41:08 [queue.INFO] [adigital\cookieconsentbanner\CookieConsentBanner::init] Cookie Consent Banner plugin loaded {"memory":1627232} 
2026-03-17 13:41:08 [queue.INFO] [miranj\obfuscator\Obfuscator::init] Obfuscator plugin loaded {"memory":2555248} 
2026-03-17 13:41:08 [queue.INFO] [yii\web\Session::open] Session started {"memory":2580096} 
2026-03-17 13:41:08 [queue.INFO] [yii\db\Connection::open] Opening DB connection: mysql:host=db;dbname=db;port=3306 {"memory":2815824} 
2026-03-17 13:41:08 [queue.INFO] [craft\queue\QueueLogBehavior::beforeExec]  [38829] Freeform: Purging Old Notification Logs (attempt: 1, pid: 10521) - Started {"memory":2873856} 
2026-03-17 13:41:08 [queue.INFO] [craft\queue\QueueLogBehavior::afterExec]  [38829] Freeform: Purging Old Notification Logs (attempt: 1, pid: 10521) - Done (time: 0.002s) {"memory":2892240} 
2026-03-17 13:41:08 [queue.INFO] [craft\queue\QueueLogBehavior::beforeExec]  [38830] Freeform: Unfertige Dateien löschen (attempt: 1, pid: 10521) - Started {"memory":3064432} 
2026-03-17 13:41:08 [queue.INFO] [craft\queue\QueueLogBehavior::afterExec]  [38830] Freeform: Unfertige Dateien löschen (attempt: 1, pid: 10521) - Done (time: 0.001s) {"memory":3068456} 
2026-03-17 13:41:08 [queue.INFO] [application] Request context:
$_GET = []

$_POST = []

$_FILES = []

$_COOKIE = [
    'cookieconsent_status' => 'dismiss'
    'CraftSessionId' => 'e982e518adc7dabfb26afcb21225ddf5'
    'CRAFT_CSRF_TOKEN' => '••••••••••••••••••••••••••••••••••••••••••••••••••••••••••••••••••••••••••••••••••••••••••••••••••••••••••••••••••••••••••••••••••••••••••••••••••••••••••••••••••••••••••••••••••••••••••••••••••••••••••••••••••••••••••••••••••••••••••••••••••••••••••••••••••'
    'a8b7b1ec9ffb8baf2c6eaa253fe57112_username' => '26b9ec8568da68d3882e55afaa5d203483c6c5810ee05b5a55c8a0eb10cab93ea:2:{i:0;s:41:\"a8b7b1ec9ffb8baf2c6eaa253fe57112_username\";i:1;s:8:\"odegiuli\";}'
    'Craft-3626ffc1-d0a3-42e3-98aa-37e8aa759561_sidebar' => 'expanded'
    'Craft-3626ffc1-d0a3-42e3-98aa-37e8aa759561_sidebar-details' => 'expanded'
]

$_SESSION = [
    '22b6a59deafcfb2ffb13c3adf3d98a3b__auth_access' => [
        0 => 'previewElement:8578'
        1 => 'saveAssets:1986f3e0-bf2e-4ccd-b34c-7ec2d979afdd'
        2 => 'editStructure:2'
        3 => 'editStructure:1'
        4 => 'previewElement:8539'
        5 => 'previewDraft:875'
        6 => 'previewElement:8582'
        7 => 'previewDraft:876'
        8 => 'previewDraft:877'
        9 => 'previewDraft:879'
        10 => 'previewDraft:881'
        11 => 'previewDraft:882'
        12 => 'previewDraft:883'
    ]
    'a8b7b1ec9ffb8baf2c6eaa253fe57112__token' => '••••••••••••••••••••••••••••••••••••••••••••••••••••••••••••••••••••••••••••••••••••••••••••••••••••'
    'a8b7b1ec9ffb8baf2c6eaa253fe57112__id' => 1
    '__authKey' => '••••••••••••••••••••••••••••••••••••••••••••••••••••••••••••••••••••••••••••••••••••••••••••••••••••••••••••••••••••••••••••••••••••••••••••••••'
    'a8b7b1ec9ffb8baf2c6eaa253fe57112__expire' => 1773754868
    '__duration' => 3600
    '__elevated_timeout' => 1773744618
    '22b6a59deafcfb2ffb13c3adf3d98a3b__flash' => []
]

$_SERVER = [
    'DEPLOY_NAME' => 'local'
    'DDEV_WEBSERVER_TYPE' => 'nginx-fpm'
    'npm_config_cache' => '/mnt/ddev-global-cache/npm'
    'COREPACK_ENABLE_DOWNLOAD_PROMPT' => '0'
    'DDEV_GOOS' => 'darwin'
    'IS_DDEV_PROJECT' => 'true'
    'PHP_DEFAULT_VERSION' => '8.3'
    'HOSTNAME' => 'derschmuckmacher-v3-web'
    'MAILPIT_SMTP_PORT' => '1025'
    'MH_SMTP_BIND_ADDR' => '127.0.0.1:1025'
    'DDEV_PRIMARY_URL_WITHOUT_PORT' => 'https://derschmuckmacher-v3.ddev.site'
    'CRAFT_DB_PORT' => '3306'
    'SSH_AUTH_SOCK' => '/home/.ssh-agent/socket'
    'DDEV_GID' => '20'
    'NODE_EXTRA_CA_CERTS' => '/mnt/ddev-global-cache/mkcert/rootCA.pem'
    'DOCKER_IP' => '127.0.0.1'
    'PGPASSWORD' => 'db'
    'CRAFT_WEB_ROOT' => '/var/www/html/web'
    'DDEV_DOCROOT' => 'web'
    'PWD' => '/var/www/html'
    'PLATFORMSH_CLI_UPDATES_CHECK' => '0'
    'DDEV_APPROOT' => '/var/www/html'
    'DDEV_FILES_DIR' => ''
    'START_SCRIPT_TIMEOUT' => '57'
    'APACHE_SITE_TEMPLATE' => '/etc/apache2/apache-site.conf'
    'PHP_INI' => '/etc/php/8.2/fpm/php.ini'
    'DDEV_VERSION' => 'v1.24.10'
    'PRIMARY_SITE_URL' => 'https://derschmuckmacher-v3.ddev.site'
    'TZ' => 'Europe/Zurich'
    'DDEV_XHPROF_MODE' => 'prepend'
    'HTTPS_EXPOSE' => '443:80,8026:8025'
    'COREPACK_HOME' => '/mnt/ddev-global-cache/corepack'
    'CRAFT_DB_DATABASE' => 'db'
    'DDEV_PRIMARY_URL' => 'https://derschmuckmacher-v3.ddev.site'
    'LINES' => '17'
    'DDEV_SITENAME' => 'derschmuckmacher-v3'
    'HOME' => '/home/omar'
    'DRUSH_OPTIONS_URI' => 'https://derschmuckmacher-v3.ddev.site'
    'LANG' => 'C.UTF-8'
    'COLUMNS' => '371'
    'DDEV_MUTAGEN_ENABLED' => 'true'
    'DDEV_USER' => 'omar'
    'PGUSER' => 'db'
    'TERMINUS_CACHE_DIR' => '/mnt/ddev-global-cache/terminus/cache'
    'DDEV_PRIMARY_URL_PORT' => '443'
    'DDEV_ROUTER_HTTP_PORT' => '80'
    'MAILPIT_SMTP_HOSTNAME' => '127.0.0.1'
    'CRAFT_DB_DRIVER' => 'mysql'
    'COMPOSER_PROCESS_TIMEOUT' => '2000'
    'NGINX_SITE_TEMPLATE' => '/etc/nginx/nginx-site.conf'
    'DDEV_FILES_DIRS' => ''
    'CRAFT_DB_SERVER' => 'db'
    'HTTP_EXPOSE' => '80:80,8025:8025'
    'NVM_DIR' => '/home/omar/.nvm'
    'DDEV_PHP_VERSION' => '8.2'
    'DDEV_TLD' => 'ddev.site'
    'DDEV_HOSTNAME' => 'derschmuckmacher-v3.ddev.site'
    'DDEV_PROJECT' => 'derschmuckmacher-v3'
    'DDEV_GOARCH' => 'arm64'
    'VIRTUAL_HOST' => 'derschmuckmacher-v3.ddev.site'
    'TERM' => 'xterm'
    'USER' => 'omar'
    'MYSQL_HISTFILE' => '/mnt/ddev-global-cache/mysqlhistory/derschmuckmacher-v3-web/mysql_history'
    'DDEV_WEB_ENTRYPOINT' => '/mnt/ddev_config/web-entrypoint.d'
    'DDEV_UID' => '501'
    'CAROOT' => '/mnt/ddev-global-cache/mkcert'
    'SHLVL' => '1'
    'COMPOSER_ALLOW_SUPERUSER' => '1'
    'BASH_ENV' => '/etc/bash.nointeractive.bashrc'
    'DDEV_DATABASE' => 'mysql:8.0'
    'PGDATABASE' => 'db'
    'CRAFT_DB_USER' => 'db'
    'DDEV_SCHEME' => 'https'
    'XHPROF_OUTPUT_DIR' => '/tmp/xhprof'
    'COMPOSER_CACHE_DIR' => '/mnt/ddev-global-cache/composer'
    'DDEV_XDEBUG_ENABLED' => 'false'
    'DDEV_DATABASE_FAMILY' => 'mysql'
    'PGHOST' => 'db'
    'DDEV_COMPOSER_ROOT' => '/var/www/html'
    'CRAFT_DB_PASSWORD' => '••'
    'DOCROOT' => 'web'
    'TERMINUS_HIDE_UPDATE_MESSAGE' => '1'
    'PATH' => '/home/omar/bin:/var/www/html/vendor/bin:/usr/local/sbin:/usr/local/bin:/usr/sbin:/usr/bin:/sbin:/bin:/var/www/html/bin:/mnt/ddev-global-cache/global-commands/web'
    'HOST_DOCKER_INTERNAL_IP' => ''
    'DDEV_PROJECT_TYPE' => 'craftcms'
    'DEBIAN_FRONTEND' => 'noninteractive'
    'DDEV_ROUTER_HTTPS_PORT' => '443'
    'EXECIGNORE' => '/var/www/html/vendor/bin/composer'
    'SUPERVISOR_ENABLED' => '1'
    'SUPERVISOR_SERVER_URL' => 'unix:///var/run/supervisor.sock'
    'SUPERVISOR_PROCESS_NAME' => 'php-fpm'
    'SUPERVISOR_GROUP_NAME' => 'php-fpm'
    'HTTP_X_REQUESTED_WITH' => 'XMLHttpRequest'
    'HTTP_X_REAL_IP' => '172.18.0.1'
    'HTTP_X_FORWARDED_SERVER' => '61e6ccb23c1b'
    'HTTP_X_FORWARDED_PROTO' => 'https'
    'HTTP_X_FORWARDED_PORT' => '443'
    'HTTP_X_FORWARDED_HOST' => 'derschmuckmacher-v3.ddev.site'
    'HTTP_X_FORWARDED_FOR' => '172.18.0.1'
    'HTTP_TE' => 'trailers'
    'HTTP_SEC_GPC' => '1'
    'HTTP_SEC_FETCH_SITE' => 'same-origin'
    'HTTP_SEC_FETCH_MODE' => 'cors'
    'HTTP_SEC_FETCH_DEST' => 'empty'
    'HTTP_REFERER' => 'https://derschmuckmacher-v3.ddev.site/'
    'HTTP_PRAGMA' => 'no-cache'
    'HTTP_COOKIE' => 'cookieconsent_status=dismiss; CraftSessionId=e982e518adc7dabfb26afcb21225ddf5; CRAFT_CSRF_TOKEN=16740b48ba3f84595b6c56ef142b19f6b046fde54bc23622280b174e295f39afa%3A2%3A%7Bi%3A0%3Bs%3A16%3A%22CRAFT_CSRF_TOKEN%22%3Bi%3A1%3Bs%3A147%3A%22JfpP7gD_LrPE_phoiRWTtDPS49nkCv82f0DSgxK4%7Cd91b1261e5555fd659eaa053e8d63b8b95dfcc835d2840aef88e1c92e480d8e2JfpP7gD_LrPE_phoiRWTtDPS49nkCv82f0DSgxK4%7C1%22%3B%7D; a8b7b1ec9ffb8baf2c6eaa253fe57112_username=26b9ec8568da68d3882e55afaa5d203483c6c5810ee05b5a55c8a0eb10cab93ea%3A2%3A%7Bi%3A0%3Bs%3A41%3A%22a8b7b1ec9ffb8baf2c6eaa253fe57112_username%22%3Bi%3A1%3Bs%3A8%3A%22odegiuli%22%3B%7D; Craft-3626ffc1-d0a3-42e3-98aa-37e8aa759561_sidebar=expanded; Craft-3626ffc1-d0a3-42e3-98aa-37e8aa759561_sidebar-details=expanded'
    'HTTP_CACHE_CONTROL' => 'no-cache'
    'HTTP_ACCEPT_LANGUAGE' => 'de,en-US;q=0.9,en;q=0.8'
    'HTTP_ACCEPT_ENCODING' => 'gzip, deflate, br, zstd'
    'HTTP_ACCEPT' => '*/*'
    'HTTP_USER_AGENT' => 'Mozilla/5.0 (Macintosh; Intel Mac OS X 10.15; rv:148.0) Gecko/20100101 Firefox/148.0'
    'HTTP_HOST' => 'derschmuckmacher-v3.ddev.site'
    'HTTPS' => 'on'
    'REDIRECT_STATUS' => '200'
    'SERVER_NAME' => 'derschmuckmacher-v3.ddev.site'
    'SERVER_PORT' => '80'
    'SERVER_ADDR' => '172.18.0.3'
    'REMOTE_PORT' => '53332'
    'REMOTE_ADDR' => '172.18.0.5'
    'SERVER_SOFTWARE' => 'nginx/1.28.0'
    'GATEWAY_INTERFACE' => 'CGI/1.1'
    'REQUEST_SCHEME' => 'http'
    'SERVER_PROTOCOL' => 'HTTP/1.1'
    'DOCUMENT_ROOT' => '/var/www/html/web'
    'DOCUMENT_URI' => '/index.php'
    'REQUEST_URI' => '/actions/queue/run'
    'CONTENT_LENGTH' => ''
    'CONTENT_TYPE' => ''
    'REQUEST_METHOD' => 'GET'
    'QUERY_STRING' => ''
    'SCRIPT_NAME' => '/index.php'
    'SCRIPT_FILENAME' => '/var/www/html/web/index.php'
    'FCGI_ROLE' => 'RESPONDER'
    'PHP_SELF' => '/index.php'
    'REQUEST_TIME_FLOAT' => 1773751268.5896
    'REQUEST_TIME' => 1773751268
    'CRAFT_APP_ID' => 'CraftCMS--3933bc78-29f5-4b79-bcc5-c31faf0fcd20'
    'CRAFT_ENVIRONMENT' => 'dev'
    'ENVIRONMENT' => 'dev'
    'CRAFT_SECURITY_KEY' => '••••••••••••••••••••••••••••••••'
    'CP_TRIGGER' => 'dW2axQ3b'
    'CRAFT_DB_SCHEMA' => 'public'
    'CRAFT_DB_TABLE_PREFIX' => ''
    'DEV_MODE' => 'true'
    'ALLOW_ADMIN_CHANGES' => 'true'
    'DISALLOW_ROBOTS' => 'true'
    'TIMEZONE' => 'Europe/Zurich'
    'CAPTCHA_SITE_KEY' => '••••••••••••••••••••••••••••••••••••••••'
    'CAPTCHA_SECRET_KEY' => '••••••••••••••••••••••••••••••••••••••••'
    'WEB_URL' => 'https://derschmuckmacher-v3.ddev.site'
    'WEB_ROOT' => '/var/www/html/web'
    'ASSETS_BASE_URL' => 'https://derschmuckmacher-v3.ddev.site/public'
    'ASSETS_BASE_PATH' => '/var/www/html/web/public'
    'SCHMUCK_BASE_URL' => 'https://derschmuckmacher-v3.ddev.site/public/uploads/schmuck'
    'SCHMUCK_BASE_PATH' => '/var/www/html/web/public/uploads/schmuck'
    'CRAFT_SITE' => 'default'
    'CRAFT_SITE_UPPER' => 'DEFAULT'
] {"environment":"dev","userId":1} 
2026-03-17 16:37:01 [queue.INFO] [yii\db\Connection::open] Opening DB connection: mysql:host=db;dbname=db;port=3306 {"memory":1100968} 
2026-03-17 16:37:01 [queue.INFO] [yii\web\Session::open] Session started {"memory":1438560} 
2026-03-17 16:37:01 [queue.INFO] [nystudio107\codeeditor\CodeEditor::bootstrap] CodeEditor module bootstrapped {"memory":1460320} 
2026-03-17 16:37:01 [queue.INFO] [adigital\cookieconsentbanner\CookieConsentBanner::init] Cookie Consent Banner plugin loaded {"memory":1676184} 
2026-03-17 16:37:01 [queue.INFO] [miranj\obfuscator\Obfuscator::init] Obfuscator plugin loaded {"memory":2596768} 
2026-03-17 16:37:01 [queue.INFO] [yii\db\Connection::open] Opening DB connection: mysql:host=db;dbname=db;port=3306 {"memory":2847560} 
2026-03-17 16:37:01 [queue.INFO] [craft\queue\QueueLogBehavior::beforeExec]  [38831] Freeform: Purging Old Notification Logs (attempt: 1, pid: 14862) - Started {"memory":2905592} 
2026-03-17 16:37:01 [queue.INFO] [craft\queue\QueueLogBehavior::afterExec]  [38831] Freeform: Purging Old Notification Logs (attempt: 1, pid: 14862) - Done (time: 0.001s) {"memory":2923976} 
2026-03-17 16:37:01 [queue.INFO] [craft\queue\QueueLogBehavior::beforeExec]  [38832] Freeform: Unfertige Dateien löschen (attempt: 1, pid: 14862) - Started {"memory":3096120} 
2026-03-17 16:37:01 [queue.INFO] [craft\queue\QueueLogBehavior::afterExec]  [38832] Freeform: Unfertige Dateien löschen (attempt: 1, pid: 14862) - Done (time: 0.000s) {"memory":3100144} 
2026-03-17 16:37:01 [queue.INFO] [application] Request context:
$_GET = [
    'p' => 'dW2axQ3b/actions/queue/run'
    'v' => '1773761821283'
]

$_POST = []

$_FILES = []

$_COOKIE = [
    'cookieconsent_status' => 'dismiss'
    'CraftSessionId' => '6101e8c3c86d1f31ca53b56b1e33b7a3'
    'CRAFT_CSRF_TOKEN' => '••••••••••••••••••••••••••••••••••••••••••••••••••••••••••••••••••••••••••••••••••••••••••••••••••••••••••••••••••••••••••••••••••••••••••••••••••••••••••••••••••••••••••••••••••••••••••••••••••••••••••••••••••••••••••••••••••••••••••••••••••••••••••••••••••'
    'a8b7b1ec9ffb8baf2c6eaa253fe57112_username' => '26b9ec8568da68d3882e55afaa5d203483c6c5810ee05b5a55c8a0eb10cab93ea:2:{i:0;s:41:\"a8b7b1ec9ffb8baf2c6eaa253fe57112_username\";i:1;s:8:\"odegiuli\";}'
    'Craft-3626ffc1-d0a3-42e3-98aa-37e8aa759561_sidebar' => 'expanded'
    'Craft-3626ffc1-d0a3-42e3-98aa-37e8aa759561_sidebar-details' => 'expanded'
    'a8b7b1ec9ffb8baf2c6eaa253fe57112_identity' => '0174bd2ee8c40f461533a3291f15762227a6c075c380af83a7f526849fd30c8ca:2:{i:0;s:41:\"a8b7b1ec9ffb8baf2c6eaa253fe57112_identity\";i:1;s:159:\"[1,\"[\\\"VejnKqpu61xqdvMSiCvo4uNnuiyueZPSu4cc3FMkhH68E1EgKY30_WFXqIEVpyvq63KgUjAZE-rlgVLah2q5dC6WQcVSXYm6JlBw\\\",null,\\\"54dc9f5354b7a13af97c59945268465e\\\"]\",3600]\";}'
]

$_SESSION = [
    '22b6a59deafcfb2ffb13c3adf3d98a3b__auth_access' => [
        0 => 'previewElement:8578'
        1 => 'saveAssets:1986f3e0-bf2e-4ccd-b34c-7ec2d979afdd'
        2 => 'editStructure:2'
        3 => 'editStructure:1'
        4 => 'previewElement:8539'
        5 => 'previewDraft:875'
        6 => 'previewElement:8582'
        7 => 'previewDraft:876'
        8 => 'previewDraft:877'
        9 => 'previewDraft:879'
        10 => 'previewDraft:881'
        11 => 'previewDraft:882'
        12 => 'previewDraft:883'
    ]
    '22b6a59deafcfb2ffb13c3adf3d98a3b__flash' => []
    'a8b7b1ec9ffb8baf2c6eaa253fe57112__token' => '••••••••••••••••••••••••••••••••••••••••••••••••••••••••••••••••••••••••••••••••••••••••••••••••••••'
    'a8b7b1ec9ffb8baf2c6eaa253fe57112__id' => 1
    '__authKey' => '••••••••••••••••••••••••••••••••••••••••••••••••••••••••••••••••••••••••••••••••••••••••••••••••••••••••••••••••••••••••••••••••••••••••••••••••'
    'a8b7b1ec9ffb8baf2c6eaa253fe57112__expire' => 1773765421
    '__duration' => 3600
    '__elevated_timeout' => 1773762118
]

$_SERVER = [
    'DEPLOY_NAME' => 'local'
    'DDEV_WEBSERVER_TYPE' => 'nginx-fpm'
    'npm_config_cache' => '/mnt/ddev-global-cache/npm'
    'COREPACK_ENABLE_DOWNLOAD_PROMPT' => '0'
    'DDEV_GOOS' => 'darwin'
    'IS_DDEV_PROJECT' => 'true'
    'PHP_DEFAULT_VERSION' => '8.3'
    'HOSTNAME' => 'derschmuckmacher-v3-web'
    'MAILPIT_SMTP_PORT' => '1025'
    'MH_SMTP_BIND_ADDR' => '127.0.0.1:1025'
    'DDEV_PRIMARY_URL_WITHOUT_PORT' => 'https://derschmuckmacher-v3.ddev.site'
    'CRAFT_DB_PORT' => '3306'
    'SSH_AUTH_SOCK' => '/home/.ssh-agent/socket'
    'DDEV_GID' => '20'
    'NODE_EXTRA_CA_CERTS' => '/mnt/ddev-global-cache/mkcert/rootCA.pem'
    'DOCKER_IP' => '127.0.0.1'
    'PGPASSWORD' => 'db'
    'CRAFT_WEB_ROOT' => '/var/www/html/web'
    'DDEV_DOCROOT' => 'web'
    'PWD' => '/var/www/html'
    'PLATFORMSH_CLI_UPDATES_CHECK' => '0'
    'DDEV_APPROOT' => '/var/www/html'
    'DDEV_FILES_DIR' => ''
    'START_SCRIPT_TIMEOUT' => '57'
    'APACHE_SITE_TEMPLATE' => '/etc/apache2/apache-site.conf'
    'PHP_INI' => '/etc/php/8.2/fpm/php.ini'
    'DDEV_VERSION' => 'v1.24.10'
    'PRIMARY_SITE_URL' => 'https://derschmuckmacher-v3.ddev.site'
    'TZ' => 'Europe/Zurich'
    'DDEV_XHPROF_MODE' => 'prepend'
    'HTTPS_EXPOSE' => '443:80,8026:8025'
    'COREPACK_HOME' => '/mnt/ddev-global-cache/corepack'
    'CRAFT_DB_DATABASE' => 'db'
    'DDEV_PRIMARY_URL' => 'https://derschmuckmacher-v3.ddev.site'
    'LINES' => '17'
    'DDEV_SITENAME' => 'derschmuckmacher-v3'
    'HOME' => '/home/omar'
    'DRUSH_OPTIONS_URI' => 'https://derschmuckmacher-v3.ddev.site'
    'LANG' => 'C.UTF-8'
    'COLUMNS' => '371'
    'DDEV_MUTAGEN_ENABLED' => 'true'
    'DDEV_USER' => 'omar'
    'PGUSER' => 'db'
    'TERMINUS_CACHE_DIR' => '/mnt/ddev-global-cache/terminus/cache'
    'DDEV_PRIMARY_URL_PORT' => '443'
    'DDEV_ROUTER_HTTP_PORT' => '80'
    'MAILPIT_SMTP_HOSTNAME' => '127.0.0.1'
    'CRAFT_DB_DRIVER' => 'mysql'
    'COMPOSER_PROCESS_TIMEOUT' => '2000'
    'NGINX_SITE_TEMPLATE' => '/etc/nginx/nginx-site.conf'
    'DDEV_FILES_DIRS' => ''
    'CRAFT_DB_SERVER' => 'db'
    'HTTP_EXPOSE' => '80:80,8025:8025'
    'NVM_DIR' => '/home/omar/.nvm'
    'DDEV_PHP_VERSION' => '8.2'
    'DDEV_TLD' => 'ddev.site'
    'DDEV_HOSTNAME' => 'derschmuckmacher-v3.ddev.site'
    'DDEV_PROJECT' => 'derschmuckmacher-v3'
    'DDEV_GOARCH' => 'arm64'
    'VIRTUAL_HOST' => 'derschmuckmacher-v3.ddev.site'
    'TERM' => 'xterm'
    'USER' => 'omar'
    'MYSQL_HISTFILE' => '/mnt/ddev-global-cache/mysqlhistory/derschmuckmacher-v3-web/mysql_history'
    'DDEV_WEB_ENTRYPOINT' => '/mnt/ddev_config/web-entrypoint.d'
    'DDEV_UID' => '501'
    'CAROOT' => '/mnt/ddev-global-cache/mkcert'
    'SHLVL' => '1'
    'COMPOSER_ALLOW_SUPERUSER' => '1'
    'BASH_ENV' => '/etc/bash.nointeractive.bashrc'
    'DDEV_DATABASE' => 'mysql:8.0'
    'PGDATABASE' => 'db'
    'CRAFT_DB_USER' => 'db'
    'DDEV_SCHEME' => 'https'
    'XHPROF_OUTPUT_DIR' => '/tmp/xhprof'
    'COMPOSER_CACHE_DIR' => '/mnt/ddev-global-cache/composer'
    'DDEV_XDEBUG_ENABLED' => 'false'
    'DDEV_DATABASE_FAMILY' => 'mysql'
    'PGHOST' => 'db'
    'DDEV_COMPOSER_ROOT' => '/var/www/html'
    'CRAFT_DB_PASSWORD' => '••'
    'DOCROOT' => 'web'
    'TERMINUS_HIDE_UPDATE_MESSAGE' => '1'
    'PATH' => '/home/omar/bin:/var/www/html/vendor/bin:/usr/local/sbin:/usr/local/bin:/usr/sbin:/usr/bin:/sbin:/bin:/var/www/html/bin:/mnt/ddev-global-cache/global-commands/web'
    'HOST_DOCKER_INTERNAL_IP' => ''
    'DDEV_PROJECT_TYPE' => 'craftcms'
    'DEBIAN_FRONTEND' => 'noninteractive'
    'DDEV_ROUTER_HTTPS_PORT' => '443'
    'EXECIGNORE' => '/var/www/html/vendor/bin/composer'
    'SUPERVISOR_ENABLED' => '1'
    'SUPERVISOR_SERVER_URL' => 'unix:///var/run/supervisor.sock'
    'SUPERVISOR_PROCESS_NAME' => 'php-fpm'
    'SUPERVISOR_GROUP_NAME' => 'php-fpm'
    'HTTP_X_REQUESTED_WITH' => 'XMLHttpRequest'
    'HTTP_X_REGISTERED_JS_FILES' => '6276b818'
    'HTTP_X_REGISTERED_ASSET_BUNDLES' => '815d39ea,7b7669ac,22e517a2,aee7f8dc,26c46c25,e505ffd6,6b4d7555,bb2f10a0,e5e48399,fc0bc163,1ccab40d,1e21896b,54698ee0,b842675b,1c3c9add,4b1fd285,d8d08e47,8f00ce04,8768f48b,cf3018d6,ec6d0256,92d8701,75f47f25,15a36a51'
    'HTTP_X_REAL_IP' => '172.18.0.1'
    'HTTP_X_FORWARDED_SERVER' => '61e6ccb23c1b'
    'HTTP_X_FORWARDED_PROTO' => 'https'
    'HTTP_X_FORWARDED_PORT' => '443'
    'HTTP_X_FORWARDED_HOST' => 'derschmuckmacher-v3.ddev.site'
    'HTTP_X_FORWARDED_FOR' => '172.18.0.1'
    'HTTP_X_CSRF_TOKEN' => '••••••••••••••••••••••••••••••••••••••••••••••••••••••••••••••••••••••••••••••••••••••••••••••••••••••••••••••••••••••••••••••••••••••••••••••••••••••••••••••••••••••••••••••••••••••••••••••••••••••••••••••••••••••••••••••••••••••••••••••••••••••••••••••••••••••••••••••••••••••••••••••••••••••••••••••••••••••••••••••••••••••••••••••••••••••••••••••••••••••••••••••••••••••••••••••••••••••••'
    'HTTP_TE' => 'trailers'
    'HTTP_SEC_GPC' => '1'
    'HTTP_SEC_FETCH_SITE' => 'same-origin'
    'HTTP_SEC_FETCH_MODE' => 'cors'
    'HTTP_SEC_FETCH_DEST' => 'empty'
    'HTTP_REFERER' => 'https://derschmuckmacher-v3.ddev.site/dW2axQ3b/content/entries/aktuelles/8582-offenes-atelier'
    'HTTP_ORIGIN' => 'https://derschmuckmacher-v3.ddev.site'
    'HTTP_COOKIE' => 'cookieconsent_status=dismiss; CraftSessionId=6101e8c3c86d1f31ca53b56b1e33b7a3; CRAFT_CSRF_TOKEN=16740b48ba3f84595b6c56ef142b19f6b046fde54bc23622280b174e295f39afa%3A2%3A%7Bi%3A0%3Bs%3A16%3A%22CRAFT_CSRF_TOKEN%22%3Bi%3A1%3Bs%3A147%3A%22JfpP7gD_LrPE_phoiRWTtDPS49nkCv82f0DSgxK4%7Cd91b1261e5555fd659eaa053e8d63b8b95dfcc835d2840aef88e1c92e480d8e2JfpP7gD_LrPE_phoiRWTtDPS49nkCv82f0DSgxK4%7C1%22%3B%7D; a8b7b1ec9ffb8baf2c6eaa253fe57112_username=26b9ec8568da68d3882e55afaa5d203483c6c5810ee05b5a55c8a0eb10cab93ea%3A2%3A%7Bi%3A0%3Bs%3A41%3A%22a8b7b1ec9ffb8baf2c6eaa253fe57112_username%22%3Bi%3A1%3Bs%3A8%3A%22odegiuli%22%3B%7D; Craft-3626ffc1-d0a3-42e3-98aa-37e8aa759561_sidebar=expanded; Craft-3626ffc1-d0a3-42e3-98aa-37e8aa759561_sidebar-details=expanded; a8b7b1ec9ffb8baf2c6eaa253fe57112_identity=0174bd2ee8c40f461533a3291f15762227a6c075c380af83a7f526849fd30c8ca%3A2%3A%7Bi%3A0%3Bs%3A41%3A%22a8b7b1ec9ffb8baf2c6eaa253fe57112_identity%22%3Bi%3A1%3Bs%3A159%3A%22%5B1%2C%22%5B%5C%22VejnKqpu61xqdvMSiCvo4uNnuiyueZPSu4cc3FMkhH68E1EgKY30_WFXqIEVpyvq63KgUjAZE-rlgVLah2q5dC6WQcVSXYm6JlBw%5C%22%2Cnull%2C%5C%2254dc9f5354b7a13af97c59945268465e%5C%22%5D%22%2C3600%5D%22%3B%7D'
    'HTTP_ACCEPT_LANGUAGE' => 'de,en-US;q=0.9,en;q=0.8'
    'HTTP_ACCEPT_ENCODING' => 'gzip, deflate, br, zstd'
    'HTTP_ACCEPT' => 'application/json, text/plain, */*'
    'HTTP_CONTENT_LENGTH' => '0'
    'HTTP_USER_AGENT' => 'Mozilla/5.0 (Macintosh; Intel Mac OS X 10.15; rv:148.0) Gecko/20100101 Firefox/148.0'
    'HTTP_HOST' => 'derschmuckmacher-v3.ddev.site'
    'HTTPS' => 'on'
    'REDIRECT_STATUS' => '200'
    'SERVER_NAME' => 'derschmuckmacher-v3.ddev.site'
    'SERVER_PORT' => '80'
    'SERVER_ADDR' => '172.18.0.3'
    'REMOTE_PORT' => '36808'
    'REMOTE_ADDR' => '172.18.0.5'
    'SERVER_SOFTWARE' => 'nginx/1.28.0'
    'GATEWAY_INTERFACE' => 'CGI/1.1'
    'REQUEST_SCHEME' => 'http'
    'SERVER_PROTOCOL' => 'HTTP/1.1'
    'DOCUMENT_ROOT' => '/var/www/html/web'
    'DOCUMENT_URI' => '/index.php'
    'REQUEST_URI' => '/index.php?p=dW2axQ3b%2Factions%2Fqueue%2Frun&v=1773761821283'
    'CONTENT_LENGTH' => '0'
    'CONTENT_TYPE' => ''
    'REQUEST_METHOD' => 'POST'
    'QUERY_STRING' => 'p=dW2axQ3b%2Factions%2Fqueue%2Frun&v=1773761821283'
    'SCRIPT_NAME' => '/index.php'
    'SCRIPT_FILENAME' => '/var/www/html/web/index.php'
    'FCGI_ROLE' => 'RESPONDER'
    'PHP_SELF' => '/index.php'
    'REQUEST_TIME_FLOAT' => 1773761821.299
    'REQUEST_TIME' => 1773761821
    'CRAFT_APP_ID' => 'CraftCMS--3933bc78-29f5-4b79-bcc5-c31faf0fcd20'
    'CRAFT_ENVIRONMENT' => 'dev'
    'ENVIRONMENT' => 'dev'
    'CRAFT_SECURITY_KEY' => '••••••••••••••••••••••••••••••••'
    'CP_TRIGGER' => 'dW2axQ3b'
    'CRAFT_DB_SCHEMA' => 'public'
    'CRAFT_DB_TABLE_PREFIX' => ''
    'DEV_MODE' => 'true'
    'ALLOW_ADMIN_CHANGES' => 'true'
    'DISALLOW_ROBOTS' => 'true'
    'TIMEZONE' => 'Europe/Zurich'
    'CAPTCHA_SITE_KEY' => '••••••••••••••••••••••••••••••••••••••••'
    'CAPTCHA_SECRET_KEY' => '••••••••••••••••••••••••••••••••••••••••'
    'WEB_URL' => 'https://derschmuckmacher-v3.ddev.site'
    'WEB_ROOT' => '/var/www/html/web'
    'ASSETS_BASE_URL' => 'https://derschmuckmacher-v3.ddev.site/public'
    'ASSETS_BASE_PATH' => '/var/www/html/web/public'
    'SCHMUCK_BASE_URL' => 'https://derschmuckmacher-v3.ddev.site/public/uploads/schmuck'
    'SCHMUCK_BASE_PATH' => '/var/www/html/web/public/uploads/schmuck'
] {"environment":"dev","userId":1} 
2026-03-17 16:38:21 [queue.INFO] [yii\db\Connection::open] Opening DB connection: mysql:host=db;dbname=db;port=3306 {"memory":1100920} 
2026-03-17 16:38:21 [queue.INFO] [yii\web\Session::open] Session started {"memory":1437760} 
2026-03-17 16:38:21 [queue.INFO] [nystudio107\codeeditor\CodeEditor::bootstrap] CodeEditor module bootstrapped {"memory":1459520} 
2026-03-17 16:38:21 [queue.INFO] [adigital\cookieconsentbanner\CookieConsentBanner::init] Cookie Consent Banner plugin loaded {"memory":1674912} 
2026-03-17 16:38:21 [queue.INFO] [miranj\obfuscator\Obfuscator::init] Obfuscator plugin loaded {"memory":2595496} 
2026-03-17 16:38:21 [queue.INFO] [yii\db\Connection::open] Opening DB connection: mysql:host=db;dbname=db;port=3306 {"memory":2865528} 
2026-03-17 16:38:21 [queue.INFO] [craft\queue\QueueLogBehavior::beforeExec]  [38833] t9n:["app","Pruning extra revisions"] (attempt: 1, pid: 11103) - Started {"memory":2924280} 
2026-03-17 16:38:21 [queue.INFO] [craft\queue\QueueLogBehavior::afterExec]  [38833] t9n:["app","Pruning extra revisions"] (attempt: 1, pid: 11103) - Done (time: 0.007s) {"memory":3340592} 
2026-03-17 16:38:21 [queue.INFO] [application] Request context:
$_GET = [
    'p' => 'dW2axQ3b/actions/queue/run'
    'v' => '1773761901796'
]

$_POST = []

$_FILES = []

$_COOKIE = [
    'cookieconsent_status' => 'dismiss'
    'CraftSessionId' => '6101e8c3c86d1f31ca53b56b1e33b7a3'
    'CRAFT_CSRF_TOKEN' => '••••••••••••••••••••••••••••••••••••••••••••••••••••••••••••••••••••••••••••••••••••••••••••••••••••••••••••••••••••••••••••••••••••••••••••••••••••••••••••••••••••••••••••••••••••••••••••••••••••••••••••••••••••••••••••••••••••••••••••••••••••••••••••••••••'
    'a8b7b1ec9ffb8baf2c6eaa253fe57112_username' => '26b9ec8568da68d3882e55afaa5d203483c6c5810ee05b5a55c8a0eb10cab93ea:2:{i:0;s:41:\"a8b7b1ec9ffb8baf2c6eaa253fe57112_username\";i:1;s:8:\"odegiuli\";}'
    'Craft-3626ffc1-d0a3-42e3-98aa-37e8aa759561_sidebar' => 'expanded'
    'Craft-3626ffc1-d0a3-42e3-98aa-37e8aa759561_sidebar-details' => 'expanded'
    'a8b7b1ec9ffb8baf2c6eaa253fe57112_identity' => '0174bd2ee8c40f461533a3291f15762227a6c075c380af83a7f526849fd30c8ca:2:{i:0;s:41:\"a8b7b1ec9ffb8baf2c6eaa253fe57112_identity\";i:1;s:159:\"[1,\"[\\\"VejnKqpu61xqdvMSiCvo4uNnuiyueZPSu4cc3FMkhH68E1EgKY30_WFXqIEVpyvq63KgUjAZE-rlgVLah2q5dC6WQcVSXYm6JlBw\\\",null,\\\"54dc9f5354b7a13af97c59945268465e\\\"]\",3600]\";}'
]

$_SESSION = [
    '22b6a59deafcfb2ffb13c3adf3d98a3b__auth_access' => [
        0 => 'previewElement:8578'
        1 => 'saveAssets:1986f3e0-bf2e-4ccd-b34c-7ec2d979afdd'
        2 => 'editStructure:2'
        3 => 'editStructure:1'
        4 => 'previewElement:8539'
        5 => 'previewDraft:875'
        6 => 'previewElement:8582'
        7 => 'previewDraft:876'
        8 => 'previewDraft:877'
        9 => 'previewDraft:879'
        10 => 'previewDraft:881'
        11 => 'previewDraft:882'
        12 => 'previewDraft:883'
    ]
    '22b6a59deafcfb2ffb13c3adf3d98a3b__flash' => []
    'a8b7b1ec9ffb8baf2c6eaa253fe57112__token' => '••••••••••••••••••••••••••••••••••••••••••••••••••••••••••••••••••••••••••••••••••••••••••••••••••••'
    'a8b7b1ec9ffb8baf2c6eaa253fe57112__id' => 1
    '__authKey' => '••••••••••••••••••••••••••••••••••••••••••••••••••••••••••••••••••••••••••••••••••••••••••••••••••••••••••••••••••••••••••••••••••••••••••••••••'
    'a8b7b1ec9ffb8baf2c6eaa253fe57112__expire' => 1773765501
    '__duration' => 3600
    '__elevated_timeout' => 1773762118
]

$_SERVER = [
    'DEPLOY_NAME' => 'local'
    'DDEV_WEBSERVER_TYPE' => 'nginx-fpm'
    'npm_config_cache' => '/mnt/ddev-global-cache/npm'
    'COREPACK_ENABLE_DOWNLOAD_PROMPT' => '0'
    'DDEV_GOOS' => 'darwin'
    'IS_DDEV_PROJECT' => 'true'
    'PHP_DEFAULT_VERSION' => '8.3'
    'HOSTNAME' => 'derschmuckmacher-v3-web'
    'MAILPIT_SMTP_PORT' => '1025'
    'MH_SMTP_BIND_ADDR' => '127.0.0.1:1025'
    'DDEV_PRIMARY_URL_WITHOUT_PORT' => 'https://derschmuckmacher-v3.ddev.site'
    'CRAFT_DB_PORT' => '3306'
    'SSH_AUTH_SOCK' => '/home/.ssh-agent/socket'
    'DDEV_GID' => '20'
    'NODE_EXTRA_CA_CERTS' => '/mnt/ddev-global-cache/mkcert/rootCA.pem'
    'DOCKER_IP' => '127.0.0.1'
    'PGPASSWORD' => 'db'
    'CRAFT_WEB_ROOT' => '/var/www/html/web'
    'DDEV_DOCROOT' => 'web'
    'PWD' => '/var/www/html'
    'PLATFORMSH_CLI_UPDATES_CHECK' => '0'
    'DDEV_APPROOT' => '/var/www/html'
    'DDEV_FILES_DIR' => ''
    'START_SCRIPT_TIMEOUT' => '57'
    'APACHE_SITE_TEMPLATE' => '/etc/apache2/apache-site.conf'
    'PHP_INI' => '/etc/php/8.2/fpm/php.ini'
    'DDEV_VERSION' => 'v1.24.10'
    'PRIMARY_SITE_URL' => 'https://derschmuckmacher-v3.ddev.site'
    'TZ' => 'Europe/Zurich'
    'DDEV_XHPROF_MODE' => 'prepend'
    'HTTPS_EXPOSE' => '443:80,8026:8025'
    'COREPACK_HOME' => '/mnt/ddev-global-cache/corepack'
    'CRAFT_DB_DATABASE' => 'db'
    'DDEV_PRIMARY_URL' => 'https://derschmuckmacher-v3.ddev.site'
    'LINES' => '17'
    'DDEV_SITENAME' => 'derschmuckmacher-v3'
    'HOME' => '/home/omar'
    'DRUSH_OPTIONS_URI' => 'https://derschmuckmacher-v3.ddev.site'
    'LANG' => 'C.UTF-8'
    'COLUMNS' => '371'
    'DDEV_MUTAGEN_ENABLED' => 'true'
    'DDEV_USER' => 'omar'
    'PGUSER' => 'db'
    'TERMINUS_CACHE_DIR' => '/mnt/ddev-global-cache/terminus/cache'
    'DDEV_PRIMARY_URL_PORT' => '443'
    'DDEV_ROUTER_HTTP_PORT' => '80'
    'MAILPIT_SMTP_HOSTNAME' => '127.0.0.1'
    'CRAFT_DB_DRIVER' => 'mysql'
    'COMPOSER_PROCESS_TIMEOUT' => '2000'
    'NGINX_SITE_TEMPLATE' => '/etc/nginx/nginx-site.conf'
    'DDEV_FILES_DIRS' => ''
    'CRAFT_DB_SERVER' => 'db'
    'HTTP_EXPOSE' => '80:80,8025:8025'
    'NVM_DIR' => '/home/omar/.nvm'
    'DDEV_PHP_VERSION' => '8.2'
    'DDEV_TLD' => 'ddev.site'
    'DDEV_HOSTNAME' => 'derschmuckmacher-v3.ddev.site'
    'DDEV_PROJECT' => 'derschmuckmacher-v3'
    'DDEV_GOARCH' => 'arm64'
    'VIRTUAL_HOST' => 'derschmuckmacher-v3.ddev.site'
    'TERM' => 'xterm'
    'USER' => 'omar'
    'MYSQL_HISTFILE' => '/mnt/ddev-global-cache/mysqlhistory/derschmuckmacher-v3-web/mysql_history'
    'DDEV_WEB_ENTRYPOINT' => '/mnt/ddev_config/web-entrypoint.d'
    'DDEV_UID' => '501'
    'CAROOT' => '/mnt/ddev-global-cache/mkcert'
    'SHLVL' => '1'
    'COMPOSER_ALLOW_SUPERUSER' => '1'
    'BASH_ENV' => '/etc/bash.nointeractive.bashrc'
    'DDEV_DATABASE' => 'mysql:8.0'
    'PGDATABASE' => 'db'
    'CRAFT_DB_USER' => 'db'
    'DDEV_SCHEME' => 'https'
    'XHPROF_OUTPUT_DIR' => '/tmp/xhprof'
    'COMPOSER_CACHE_DIR' => '/mnt/ddev-global-cache/composer'
    'DDEV_XDEBUG_ENABLED' => 'false'
    'DDEV_DATABASE_FAMILY' => 'mysql'
    'PGHOST' => 'db'
    'DDEV_COMPOSER_ROOT' => '/var/www/html'
    'CRAFT_DB_PASSWORD' => '••'
    'DOCROOT' => 'web'
    'TERMINUS_HIDE_UPDATE_MESSAGE' => '1'
    'PATH' => '/home/omar/bin:/var/www/html/vendor/bin:/usr/local/sbin:/usr/local/bin:/usr/sbin:/usr/bin:/sbin:/bin:/var/www/html/bin:/mnt/ddev-global-cache/global-commands/web'
    'HOST_DOCKER_INTERNAL_IP' => ''
    'DDEV_PROJECT_TYPE' => 'craftcms'
    'DEBIAN_FRONTEND' => 'noninteractive'
    'DDEV_ROUTER_HTTPS_PORT' => '443'
    'EXECIGNORE' => '/var/www/html/vendor/bin/composer'
    'SUPERVISOR_ENABLED' => '1'
    'SUPERVISOR_SERVER_URL' => 'unix:///var/run/supervisor.sock'
    'SUPERVISOR_PROCESS_NAME' => 'php-fpm'
    'SUPERVISOR_GROUP_NAME' => 'php-fpm'
    'HTTP_X_REQUESTED_WITH' => 'XMLHttpRequest'
    'HTTP_X_REGISTERED_JS_FILES' => ''
    'HTTP_X_REGISTERED_ASSET_BUNDLES' => '22e517a2,aee7f8dc,26c46c25,e505ffd6,6b4d7555,bb2f10a0,e5e48399,815d39ea,fc0bc163,1ccab40d,1e21896b,54698ee0,b842675b,1c3c9add,4b1fd285,d8d08e47,8f00ce04,8768f48b,cf3018d6,ec6d0256'
    'HTTP_X_REAL_IP' => '172.18.0.1'
    'HTTP_X_FORWARDED_SERVER' => '61e6ccb23c1b'
    'HTTP_X_FORWARDED_PROTO' => 'https'
    'HTTP_X_FORWARDED_PORT' => '443'
    'HTTP_X_FORWARDED_HOST' => 'derschmuckmacher-v3.ddev.site'
    'HTTP_X_FORWARDED_FOR' => '172.18.0.1'
    'HTTP_X_CSRF_TOKEN' => '••••••••••••••••••••••••••••••••••••••••••••••••••••••••••••••••••••••••••••••••••••••••••••••••••••••••••••••••••••••••••••••••••••••••••••••••••••••••••••••••••••••••••••••••••••••••••••••••••••••••••••••••••••••••••••••••••••••••••••••••••••••••••••••••••••••••••••••••••••••••••••••••••••••••••••••••••••••••••••••••••••••••••••••••••••••••••••••••••••••••••••••••••••••••••••••••••••••••'
    'HTTP_TE' => 'trailers'
    'HTTP_SEC_GPC' => '1'
    'HTTP_SEC_FETCH_SITE' => 'same-origin'
    'HTTP_SEC_FETCH_MODE' => 'cors'
    'HTTP_SEC_FETCH_DEST' => 'empty'
    'HTTP_REFERER' => 'https://derschmuckmacher-v3.ddev.site/dW2axQ3b/content/entries/aktuelles?source=section%3Aabbf7c18-fd88-4baf-9a5e-dbccf55f4b56'
    'HTTP_ORIGIN' => 'https://derschmuckmacher-v3.ddev.site'
    'HTTP_COOKIE' => 'cookieconsent_status=dismiss; CraftSessionId=6101e8c3c86d1f31ca53b56b1e33b7a3; CRAFT_CSRF_TOKEN=16740b48ba3f84595b6c56ef142b19f6b046fde54bc23622280b174e295f39afa%3A2%3A%7Bi%3A0%3Bs%3A16%3A%22CRAFT_CSRF_TOKEN%22%3Bi%3A1%3Bs%3A147%3A%22JfpP7gD_LrPE_phoiRWTtDPS49nkCv82f0DSgxK4%7Cd91b1261e5555fd659eaa053e8d63b8b95dfcc835d2840aef88e1c92e480d8e2JfpP7gD_LrPE_phoiRWTtDPS49nkCv82f0DSgxK4%7C1%22%3B%7D; a8b7b1ec9ffb8baf2c6eaa253fe57112_username=26b9ec8568da68d3882e55afaa5d203483c6c5810ee05b5a55c8a0eb10cab93ea%3A2%3A%7Bi%3A0%3Bs%3A41%3A%22a8b7b1ec9ffb8baf2c6eaa253fe57112_username%22%3Bi%3A1%3Bs%3A8%3A%22odegiuli%22%3B%7D; Craft-3626ffc1-d0a3-42e3-98aa-37e8aa759561_sidebar=expanded; Craft-3626ffc1-d0a3-42e3-98aa-37e8aa759561_sidebar-details=expanded; a8b7b1ec9ffb8baf2c6eaa253fe57112_identity=0174bd2ee8c40f461533a3291f15762227a6c075c380af83a7f526849fd30c8ca%3A2%3A%7Bi%3A0%3Bs%3A41%3A%22a8b7b1ec9ffb8baf2c6eaa253fe57112_identity%22%3Bi%3A1%3Bs%3A159%3A%22%5B1%2C%22%5B%5C%22VejnKqpu61xqdvMSiCvo4uNnuiyueZPSu4cc3FMkhH68E1EgKY30_WFXqIEVpyvq63KgUjAZE-rlgVLah2q5dC6WQcVSXYm6JlBw%5C%22%2Cnull%2C%5C%2254dc9f5354b7a13af97c59945268465e%5C%22%5D%22%2C3600%5D%22%3B%7D'
    'HTTP_ACCEPT_LANGUAGE' => 'de,en-US;q=0.9,en;q=0.8'
    'HTTP_ACCEPT_ENCODING' => 'gzip, deflate, br, zstd'
    'HTTP_ACCEPT' => 'application/json, text/plain, */*'
    'HTTP_CONTENT_LENGTH' => '0'
    'HTTP_USER_AGENT' => 'Mozilla/5.0 (Macintosh; Intel Mac OS X 10.15; rv:148.0) Gecko/20100101 Firefox/148.0'
    'HTTP_HOST' => 'derschmuckmacher-v3.ddev.site'
    'HTTPS' => 'on'
    'REDIRECT_STATUS' => '200'
    'SERVER_NAME' => 'derschmuckmacher-v3.ddev.site'
    'SERVER_PORT' => '80'
    'SERVER_ADDR' => '172.18.0.3'
    'REMOTE_PORT' => '40746'
    'REMOTE_ADDR' => '172.18.0.5'
    'SERVER_SOFTWARE' => 'nginx/1.28.0'
    'GATEWAY_INTERFACE' => 'CGI/1.1'
    'REQUEST_SCHEME' => 'http'
    'SERVER_PROTOCOL' => 'HTTP/1.1'
    'DOCUMENT_ROOT' => '/var/www/html/web'
    'DOCUMENT_URI' => '/index.php'
    'REQUEST_URI' => '/index.php?p=dW2axQ3b%2Factions%2Fqueue%2Frun&v=1773761901796'
    'CONTENT_LENGTH' => '0'
    'CONTENT_TYPE' => ''
    'REQUEST_METHOD' => 'POST'
    'QUERY_STRING' => 'p=dW2axQ3b%2Factions%2Fqueue%2Frun&v=1773761901796'
    'SCRIPT_NAME' => '/index.php'
    'SCRIPT_FILENAME' => '/var/www/html/web/index.php'
    'FCGI_ROLE' => 'RESPONDER'
    'PHP_SELF' => '/index.php'
    'REQUEST_TIME_FLOAT' => 1773761901.7984
    'REQUEST_TIME' => 1773761901
    'CRAFT_APP_ID' => 'CraftCMS--3933bc78-29f5-4b79-bcc5-c31faf0fcd20'
    'CRAFT_ENVIRONMENT' => 'dev'
    'ENVIRONMENT' => 'dev'
    'CRAFT_SECURITY_KEY' => '••••••••••••••••••••••••••••••••'
    'CP_TRIGGER' => 'dW2axQ3b'
    'CRAFT_DB_SCHEMA' => 'public'
    'CRAFT_DB_TABLE_PREFIX' => ''
    'DEV_MODE' => 'true'
    'ALLOW_ADMIN_CHANGES' => 'true'
    'DISALLOW_ROBOTS' => 'true'
    'TIMEZONE' => 'Europe/Zurich'
    'CAPTCHA_SITE_KEY' => '••••••••••••••••••••••••••••••••••••••••'
    'CAPTCHA_SECRET_KEY' => '••••••••••••••••••••••••••••••••••••••••'
    'WEB_URL' => 'https://derschmuckmacher-v3.ddev.site'
    'WEB_ROOT' => '/var/www/html/web'
    'ASSETS_BASE_URL' => 'https://derschmuckmacher-v3.ddev.site/public'
    'ASSETS_BASE_PATH' => '/var/www/html/web/public'
    'SCHMUCK_BASE_URL' => 'https://derschmuckmacher-v3.ddev.site/public/uploads/schmuck'
    'SCHMUCK_BASE_PATH' => '/var/www/html/web/public/uploads/schmuck'
] {"environment":"dev","userId":1} 
2026-03-17 16:40:01 [queue.INFO] [yii\db\Connection::open] Opening DB connection: mysql:host=db;dbname=db;port=3306 {"memory":1100920} 
2026-03-17 16:40:01 [queue.INFO] [yii\web\Session::open] Session started {"memory":1437808} 
2026-03-17 16:40:01 [queue.INFO] [nystudio107\codeeditor\CodeEditor::bootstrap] CodeEditor module bootstrapped {"memory":1459568} 
2026-03-17 16:40:01 [queue.INFO] [adigital\cookieconsentbanner\CookieConsentBanner::init] Cookie Consent Banner plugin loaded {"memory":1675072} 
2026-03-17 16:40:01 [queue.INFO] [miranj\obfuscator\Obfuscator::init] Obfuscator plugin loaded {"memory":2595656} 
2026-03-17 16:40:01 [queue.INFO] [yii\db\Connection::open] Opening DB connection: mysql:host=db;dbname=db;port=3306 {"memory":2847600} 
2026-03-17 16:40:01 [queue.INFO] [craft\queue\QueueLogBehavior::beforeExec]  [38834] t9n:["app","Updating search indexes"] (attempt: 1, pid: 14914) - Started {"memory":2906352} 
2026-03-17 16:40:01 [queue.INFO] [craft\queue\QueueLogBehavior::afterExec]  [38834] t9n:["app","Updating search indexes"] (attempt: 1, pid: 14914) - Done (time: 0.009s) {"memory":3342624} 
2026-03-17 16:40:01 [queue.INFO] [craft\queue\QueueLogBehavior::beforeExec]  [38835] t9n:["app","Updating search indexes"] (attempt: 1, pid: 14914) - Started {"memory":3350656} 
2026-03-17 16:40:01 [queue.INFO] [craft\queue\QueueLogBehavior::afterExec]  [38835] t9n:["app","Updating search indexes"] (attempt: 1, pid: 14914) - Done (time: 0.000s) {"memory":3352080} 
2026-03-17 16:40:01 [queue.INFO] [craft\queue\QueueLogBehavior::beforeExec]  [38836] t9n:["app","Updating search indexes"] (attempt: 1, pid: 14914) - Started {"memory":3360064} 
2026-03-17 16:40:01 [queue.INFO] [craft\queue\QueueLogBehavior::afterExec]  [38836] t9n:["app","Updating search indexes"] (attempt: 1, pid: 14914) - Done (time: 0.000s) {"memory":3361488} 
2026-03-17 16:40:01 [queue.INFO] [craft\queue\QueueLogBehavior::beforeExec]  [38837] t9n:["app","Updating search indexes"] (attempt: 1, pid: 14914) - Started {"memory":3369472} 
2026-03-17 16:40:01 [queue.INFO] [craft\queue\QueueLogBehavior::afterExec]  [38837] t9n:["app","Updating search indexes"] (attempt: 1, pid: 14914) - Done (time: 0.000s) {"memory":3374992} 
2026-03-17 16:40:01 [queue.INFO] [craft\queue\QueueLogBehavior::beforeExec]  [38838] t9n:["app","Updating search indexes"] (attempt: 1, pid: 14914) - Started {"memory":3383296} 
2026-03-17 16:40:01 [queue.INFO] [craft\queue\QueueLogBehavior::afterExec]  [38838] t9n:["app","Updating search indexes"] (attempt: 1, pid: 14914) - Done (time: 0.000s) {"memory":3384720} 
2026-03-17 16:40:01 [queue.INFO] [craft\queue\QueueLogBehavior::beforeExec]  [38839] t9n:["app","Updating search indexes"] (attempt: 1, pid: 14914) - Started {"memory":3392704} 
2026-03-17 16:40:01 [queue.INFO] [craft\queue\QueueLogBehavior::afterExec]  [38839] t9n:["app","Updating search indexes"] (attempt: 1, pid: 14914) - Done (time: 0.000s) {"memory":3394128} 
2026-03-17 16:40:01 [queue.INFO] [craft\queue\QueueLogBehavior::beforeExec]  [38840] t9n:["app","Updating search indexes"] (attempt: 1, pid: 14914) - Started {"memory":3402112} 
2026-03-17 16:40:01 [queue.INFO] [craft\queue\QueueLogBehavior::afterExec]  [38840] t9n:["app","Updating search indexes"] (attempt: 1, pid: 14914) - Done (time: 0.000s) {"memory":3403536} 
2026-03-17 16:40:01 [queue.INFO] [craft\queue\QueueLogBehavior::beforeExec]  [38841] t9n:["app","Updating search indexes"] (attempt: 1, pid: 14914) - Started {"memory":3411520} 
2026-03-17 16:40:01 [queue.INFO] [craft\queue\QueueLogBehavior::afterExec]  [38841] t9n:["app","Updating search indexes"] (attempt: 1, pid: 14914) - Done (time: 0.000s) {"memory":3412944} 
2026-03-17 16:40:01 [queue.INFO] [craft\queue\QueueLogBehavior::beforeExec]  [38842] t9n:["app","Updating search indexes"] (attempt: 1, pid: 14914) - Started {"memory":3420928} 
2026-03-17 16:40:01 [queue.INFO] [craft\queue\QueueLogBehavior::afterExec]  [38842] t9n:["app","Updating search indexes"] (attempt: 1, pid: 14914) - Done (time: 0.006s) {"memory":4838904} 
2026-03-17 16:40:01 [queue.INFO] [craft\queue\QueueLogBehavior::beforeExec]  [38843] t9n:["app","Pruning extra revisions"] (attempt: 1, pid: 14914) - Started {"memory":4846888} 
2026-03-17 16:40:01 [queue.INFO] [craft\queue\QueueLogBehavior::afterExec]  [38843] t9n:["app","Pruning extra revisions"] (attempt: 1, pid: 14914) - Done (time: 0.001s) {"memory":4909288} 
2026-03-17 16:40:01 [queue.INFO] [application] Request context:
$_GET = [
    'p' => 'dW2axQ3b/actions/queue/run'
    'v' => '1773762001236'
]

$_POST = []

$_FILES = []

$_COOKIE = [
    'cookieconsent_status' => 'dismiss'
    'CraftSessionId' => '6101e8c3c86d1f31ca53b56b1e33b7a3'
    'CRAFT_CSRF_TOKEN' => '••••••••••••••••••••••••••••••••••••••••••••••••••••••••••••••••••••••••••••••••••••••••••••••••••••••••••••••••••••••••••••••••••••••••••••••••••••••••••••••••••••••••••••••••••••••••••••••••••••••••••••••••••••••••••••••••••••••••••••••••••••••••••••••••••'
    'a8b7b1ec9ffb8baf2c6eaa253fe57112_username' => '26b9ec8568da68d3882e55afaa5d203483c6c5810ee05b5a55c8a0eb10cab93ea:2:{i:0;s:41:\"a8b7b1ec9ffb8baf2c6eaa253fe57112_username\";i:1;s:8:\"odegiuli\";}'
    'Craft-3626ffc1-d0a3-42e3-98aa-37e8aa759561_sidebar' => 'expanded'
    'Craft-3626ffc1-d0a3-42e3-98aa-37e8aa759561_sidebar-details' => 'expanded'
    'a8b7b1ec9ffb8baf2c6eaa253fe57112_identity' => '0174bd2ee8c40f461533a3291f15762227a6c075c380af83a7f526849fd30c8ca:2:{i:0;s:41:\"a8b7b1ec9ffb8baf2c6eaa253fe57112_identity\";i:1;s:159:\"[1,\"[\\\"VejnKqpu61xqdvMSiCvo4uNnuiyueZPSu4cc3FMkhH68E1EgKY30_WFXqIEVpyvq63KgUjAZE-rlgVLah2q5dC6WQcVSXYm6JlBw\\\",null,\\\"54dc9f5354b7a13af97c59945268465e\\\"]\",3600]\";}'
]

$_SESSION = [
    '22b6a59deafcfb2ffb13c3adf3d98a3b__auth_access' => [
        0 => 'previewElement:8578'
        1 => 'saveAssets:1986f3e0-bf2e-4ccd-b34c-7ec2d979afdd'
        2 => 'editStructure:2'
        3 => 'editStructure:1'
        4 => 'previewElement:8539'
        5 => 'previewDraft:875'
        6 => 'previewElement:8582'
        7 => 'previewDraft:876'
        8 => 'previewDraft:877'
        9 => 'previewDraft:879'
        10 => 'previewDraft:881'
        11 => 'previewDraft:882'
        12 => 'previewDraft:883'
        13 => 'previewDraft:884'
    ]
    '22b6a59deafcfb2ffb13c3adf3d98a3b__flash' => []
    'a8b7b1ec9ffb8baf2c6eaa253fe57112__token' => '••••••••••••••••••••••••••••••••••••••••••••••••••••••••••••••••••••••••••••••••••••••••••••••••••••'
    'a8b7b1ec9ffb8baf2c6eaa253fe57112__id' => 1
    '__authKey' => '••••••••••••••••••••••••••••••••••••••••••••••••••••••••••••••••••••••••••••••••••••••••••••••••••••••••••••••••••••••••••••••••••••••••••••••••'
    'a8b7b1ec9ffb8baf2c6eaa253fe57112__expire' => 1773765601
    '__duration' => 3600
    '__elevated_timeout' => 1773762118
]

$_SERVER = [
    'DEPLOY_NAME' => 'local'
    'DDEV_WEBSERVER_TYPE' => 'nginx-fpm'
    'npm_config_cache' => '/mnt/ddev-global-cache/npm'
    'COREPACK_ENABLE_DOWNLOAD_PROMPT' => '0'
    'DDEV_GOOS' => 'darwin'
    'IS_DDEV_PROJECT' => 'true'
    'PHP_DEFAULT_VERSION' => '8.3'
    'HOSTNAME' => 'derschmuckmacher-v3-web'
    'MAILPIT_SMTP_PORT' => '1025'
    'MH_SMTP_BIND_ADDR' => '127.0.0.1:1025'
    'DDEV_PRIMARY_URL_WITHOUT_PORT' => 'https://derschmuckmacher-v3.ddev.site'
    'CRAFT_DB_PORT' => '3306'
    'SSH_AUTH_SOCK' => '/home/.ssh-agent/socket'
    'DDEV_GID' => '20'
    'NODE_EXTRA_CA_CERTS' => '/mnt/ddev-global-cache/mkcert/rootCA.pem'
    'DOCKER_IP' => '127.0.0.1'
    'PGPASSWORD' => 'db'
    'CRAFT_WEB_ROOT' => '/var/www/html/web'
    'DDEV_DOCROOT' => 'web'
    'PWD' => '/var/www/html'
    'PLATFORMSH_CLI_UPDATES_CHECK' => '0'
    'DDEV_APPROOT' => '/var/www/html'
    'DDEV_FILES_DIR' => ''
    'START_SCRIPT_TIMEOUT' => '57'
    'APACHE_SITE_TEMPLATE' => '/etc/apache2/apache-site.conf'
    'PHP_INI' => '/etc/php/8.2/fpm/php.ini'
    'DDEV_VERSION' => 'v1.24.10'
    'PRIMARY_SITE_URL' => 'https://derschmuckmacher-v3.ddev.site'
    'TZ' => 'Europe/Zurich'
    'DDEV_XHPROF_MODE' => 'prepend'
    'HTTPS_EXPOSE' => '443:80,8026:8025'
    'COREPACK_HOME' => '/mnt/ddev-global-cache/corepack'
    'CRAFT_DB_DATABASE' => 'db'
    'DDEV_PRIMARY_URL' => 'https://derschmuckmacher-v3.ddev.site'
    'LINES' => '17'
    'DDEV_SITENAME' => 'derschmuckmacher-v3'
    'HOME' => '/home/omar'
    'DRUSH_OPTIONS_URI' => 'https://derschmuckmacher-v3.ddev.site'
    'LANG' => 'C.UTF-8'
    'COLUMNS' => '371'
    'DDEV_MUTAGEN_ENABLED' => 'true'
    'DDEV_USER' => 'omar'
    'PGUSER' => 'db'
    'TERMINUS_CACHE_DIR' => '/mnt/ddev-global-cache/terminus/cache'
    'DDEV_PRIMARY_URL_PORT' => '443'
    'DDEV_ROUTER_HTTP_PORT' => '80'
    'MAILPIT_SMTP_HOSTNAME' => '127.0.0.1'
    'CRAFT_DB_DRIVER' => 'mysql'
    'COMPOSER_PROCESS_TIMEOUT' => '2000'
    'NGINX_SITE_TEMPLATE' => '/etc/nginx/nginx-site.conf'
    'DDEV_FILES_DIRS' => ''
    'CRAFT_DB_SERVER' => 'db'
    'HTTP_EXPOSE' => '80:80,8025:8025'
    'NVM_DIR' => '/home/omar/.nvm'
    'DDEV_PHP_VERSION' => '8.2'
    'DDEV_TLD' => 'ddev.site'
    'DDEV_HOSTNAME' => 'derschmuckmacher-v3.ddev.site'
    'DDEV_PROJECT' => 'derschmuckmacher-v3'
    'DDEV_GOARCH' => 'arm64'
    'VIRTUAL_HOST' => 'derschmuckmacher-v3.ddev.site'
    'TERM' => 'xterm'
    'USER' => 'omar'
    'MYSQL_HISTFILE' => '/mnt/ddev-global-cache/mysqlhistory/derschmuckmacher-v3-web/mysql_history'
    'DDEV_WEB_ENTRYPOINT' => '/mnt/ddev_config/web-entrypoint.d'
    'DDEV_UID' => '501'
    'CAROOT' => '/mnt/ddev-global-cache/mkcert'
    'SHLVL' => '1'
    'COMPOSER_ALLOW_SUPERUSER' => '1'
    'BASH_ENV' => '/etc/bash.nointeractive.bashrc'
    'DDEV_DATABASE' => 'mysql:8.0'
    'PGDATABASE' => 'db'
    'CRAFT_DB_USER' => 'db'
    'DDEV_SCHEME' => 'https'
    'XHPROF_OUTPUT_DIR' => '/tmp/xhprof'
    'COMPOSER_CACHE_DIR' => '/mnt/ddev-global-cache/composer'
    'DDEV_XDEBUG_ENABLED' => 'false'
    'DDEV_DATABASE_FAMILY' => 'mysql'
    'PGHOST' => 'db'
    'DDEV_COMPOSER_ROOT' => '/var/www/html'
    'CRAFT_DB_PASSWORD' => '••'
    'DOCROOT' => 'web'
    'TERMINUS_HIDE_UPDATE_MESSAGE' => '1'
    'PATH' => '/home/omar/bin:/var/www/html/vendor/bin:/usr/local/sbin:/usr/local/bin:/usr/sbin:/usr/bin:/sbin:/bin:/var/www/html/bin:/mnt/ddev-global-cache/global-commands/web'
    'HOST_DOCKER_INTERNAL_IP' => ''
    'DDEV_PROJECT_TYPE' => 'craftcms'
    'DEBIAN_FRONTEND' => 'noninteractive'
    'DDEV_ROUTER_HTTPS_PORT' => '443'
    'EXECIGNORE' => '/var/www/html/vendor/bin/composer'
    'SUPERVISOR_ENABLED' => '1'
    'SUPERVISOR_SERVER_URL' => 'unix:///var/run/supervisor.sock'
    'SUPERVISOR_PROCESS_NAME' => 'php-fpm'
    'SUPERVISOR_GROUP_NAME' => 'php-fpm'
    'HTTP_X_REQUESTED_WITH' => 'XMLHttpRequest'
    'HTTP_X_REGISTERED_JS_FILES' => ''
    'HTTP_X_REGISTERED_ASSET_BUNDLES' => '815d39ea,92d8701,22e517a2,aee7f8dc,26c46c25,e505ffd6,6b4d7555,bb2f10a0,e5e48399,fc0bc163,1ccab40d,1e21896b,54698ee0,b842675b,1c3c9add,4b1fd285,d8d08e47,8f00ce04,8768f48b,cf3018d6,ec6d0256,75f47f25,15a36a51'
    'HTTP_X_REAL_IP' => '172.18.0.1'
    'HTTP_X_FORWARDED_SERVER' => '61e6ccb23c1b'
    'HTTP_X_FORWARDED_PROTO' => 'https'
    'HTTP_X_FORWARDED_PORT' => '443'
    'HTTP_X_FORWARDED_HOST' => 'derschmuckmacher-v3.ddev.site'
    'HTTP_X_FORWARDED_FOR' => '172.18.0.1'
    'HTTP_X_CSRF_TOKEN' => '••••••••••••••••••••••••••••••••••••••••••••••••••••••••••••••••••••••••••••••••••••••••••••••••••••••••••••••••••••••••••••••••••••••••••••••••••••••••••••••••••••••••••••••••••••••••••••••••••••••••••••••••••••••••••••••••••••••••••••••••••••••••••••••••••••••••••••••••••••••••••••••••••••••••••••••••••••••••••••••••••••••••••••••••••••••••••••••••••••••••••••••••••••••••••••••••••••••••'
    'HTTP_TE' => 'trailers'
    'HTTP_SEC_GPC' => '1'
    'HTTP_SEC_FETCH_SITE' => 'same-origin'
    'HTTP_SEC_FETCH_MODE' => 'cors'
    'HTTP_SEC_FETCH_DEST' => 'empty'
    'HTTP_REFERER' => 'https://derschmuckmacher-v3.ddev.site/dW2axQ3b/content/entries/aktuelles/8582-offenes-atelier'
    'HTTP_ORIGIN' => 'https://derschmuckmacher-v3.ddev.site'
    'HTTP_COOKIE' => 'cookieconsent_status=dismiss; CraftSessionId=6101e8c3c86d1f31ca53b56b1e33b7a3; CRAFT_CSRF_TOKEN=16740b48ba3f84595b6c56ef142b19f6b046fde54bc23622280b174e295f39afa%3A2%3A%7Bi%3A0%3Bs%3A16%3A%22CRAFT_CSRF_TOKEN%22%3Bi%3A1%3Bs%3A147%3A%22JfpP7gD_LrPE_phoiRWTtDPS49nkCv82f0DSgxK4%7Cd91b1261e5555fd659eaa053e8d63b8b95dfcc835d2840aef88e1c92e480d8e2JfpP7gD_LrPE_phoiRWTtDPS49nkCv82f0DSgxK4%7C1%22%3B%7D; a8b7b1ec9ffb8baf2c6eaa253fe57112_username=26b9ec8568da68d3882e55afaa5d203483c6c5810ee05b5a55c8a0eb10cab93ea%3A2%3A%7Bi%3A0%3Bs%3A41%3A%22a8b7b1ec9ffb8baf2c6eaa253fe57112_username%22%3Bi%3A1%3Bs%3A8%3A%22odegiuli%22%3B%7D; Craft-3626ffc1-d0a3-42e3-98aa-37e8aa759561_sidebar=expanded; Craft-3626ffc1-d0a3-42e3-98aa-37e8aa759561_sidebar-details=expanded; a8b7b1ec9ffb8baf2c6eaa253fe57112_identity=0174bd2ee8c40f461533a3291f15762227a6c075c380af83a7f526849fd30c8ca%3A2%3A%7Bi%3A0%3Bs%3A41%3A%22a8b7b1ec9ffb8baf2c6eaa253fe57112_identity%22%3Bi%3A1%3Bs%3A159%3A%22%5B1%2C%22%5B%5C%22VejnKqpu61xqdvMSiCvo4uNnuiyueZPSu4cc3FMkhH68E1EgKY30_WFXqIEVpyvq63KgUjAZE-rlgVLah2q5dC6WQcVSXYm6JlBw%5C%22%2Cnull%2C%5C%2254dc9f5354b7a13af97c59945268465e%5C%22%5D%22%2C3600%5D%22%3B%7D'
    'HTTP_ACCEPT_LANGUAGE' => 'de,en-US;q=0.9,en;q=0.8'
    'HTTP_ACCEPT_ENCODING' => 'gzip, deflate, br, zstd'
    'HTTP_ACCEPT' => 'application/json, text/plain, */*'
    'HTTP_CONTENT_LENGTH' => '0'
    'HTTP_USER_AGENT' => 'Mozilla/5.0 (Macintosh; Intel Mac OS X 10.15; rv:148.0) Gecko/20100101 Firefox/148.0'
    'HTTP_HOST' => 'derschmuckmacher-v3.ddev.site'
    'HTTPS' => 'on'
    'REDIRECT_STATUS' => '200'
    'SERVER_NAME' => 'derschmuckmacher-v3.ddev.site'
    'SERVER_PORT' => '80'
    'SERVER_ADDR' => '172.18.0.3'
    'REMOTE_PORT' => '55434'
    'REMOTE_ADDR' => '172.18.0.5'
    'SERVER_SOFTWARE' => 'nginx/1.28.0'
    'GATEWAY_INTERFACE' => 'CGI/1.1'
    'REQUEST_SCHEME' => 'http'
    'SERVER_PROTOCOL' => 'HTTP/1.1'
    'DOCUMENT_ROOT' => '/var/www/html/web'
    'DOCUMENT_URI' => '/index.php'
    'REQUEST_URI' => '/index.php?p=dW2axQ3b%2Factions%2Fqueue%2Frun&v=1773762001236'
    'CONTENT_LENGTH' => '0'
    'CONTENT_TYPE' => ''
    'REQUEST_METHOD' => 'POST'
    'QUERY_STRING' => 'p=dW2axQ3b%2Factions%2Fqueue%2Frun&v=1773762001236'
    'SCRIPT_NAME' => '/index.php'
    'SCRIPT_FILENAME' => '/var/www/html/web/index.php'
    'FCGI_ROLE' => 'RESPONDER'
    'PHP_SELF' => '/index.php'
    'REQUEST_TIME_FLOAT' => 1773762001.2431
    'REQUEST_TIME' => 1773762001
    'CRAFT_APP_ID' => 'CraftCMS--3933bc78-29f5-4b79-bcc5-c31faf0fcd20'
    'CRAFT_ENVIRONMENT' => 'dev'
    'ENVIRONMENT' => 'dev'
    'CRAFT_SECURITY_KEY' => '••••••••••••••••••••••••••••••••'
    'CP_TRIGGER' => 'dW2axQ3b'
    'CRAFT_DB_SCHEMA' => 'public'
    'CRAFT_DB_TABLE_PREFIX' => ''
    'DEV_MODE' => 'true'
    'ALLOW_ADMIN_CHANGES' => 'true'
    'DISALLOW_ROBOTS' => 'true'
    'TIMEZONE' => 'Europe/Zurich'
    'CAPTCHA_SITE_KEY' => '••••••••••••••••••••••••••••••••••••••••'
    'CAPTCHA_SECRET_KEY' => '••••••••••••••••••••••••••••••••••••••••'
    'WEB_URL' => 'https://derschmuckmacher-v3.ddev.site'
    'WEB_ROOT' => '/var/www/html/web'
    'ASSETS_BASE_URL' => 'https://derschmuckmacher-v3.ddev.site/public'
    'ASSETS_BASE_PATH' => '/var/www/html/web/public'
    'SCHMUCK_BASE_URL' => 'https://derschmuckmacher-v3.ddev.site/public/uploads/schmuck'
    'SCHMUCK_BASE_PATH' => '/var/www/html/web/public/uploads/schmuck'
] {"environment":"dev","userId":1} 
2026-03-17 16:40:46 [queue.INFO] [yii\db\Connection::open] Opening DB connection: mysql:host=db;dbname=db;port=3306 {"memory":1100920} 
2026-03-17 16:40:46 [queue.INFO] [yii\web\Session::open] Session started {"memory":1440024} 
2026-03-17 16:40:46 [queue.INFO] [nystudio107\codeeditor\CodeEditor::bootstrap] CodeEditor module bootstrapped {"memory":1461784} 
2026-03-17 16:40:46 [queue.INFO] [adigital\cookieconsentbanner\CookieConsentBanner::init] Cookie Consent Banner plugin loaded {"memory":1677320} 
2026-03-17 16:40:46 [queue.INFO] [miranj\obfuscator\Obfuscator::init] Obfuscator plugin loaded {"memory":2597904} 
2026-03-17 16:40:46 [queue.INFO] [yii\db\Connection::open] Opening DB connection: mysql:host=db;dbname=db;port=3306 {"memory":2868128} 
2026-03-17 16:40:46 [queue.INFO] [craft\queue\QueueLogBehavior::beforeExec]  [38844] t9n:["app","Pruning extra revisions"] (attempt: 1, pid: 14862) - Started {"memory":2926880} 
2026-03-17 16:40:46 [queue.INFO] [craft\queue\QueueLogBehavior::afterExec]  [38844] t9n:["app","Pruning extra revisions"] (attempt: 1, pid: 14862) - Done (time: 0.007s) {"memory":3349328} 
2026-03-17 16:40:46 [queue.INFO] [application] Request context:
$_GET = [
    'p' => 'dW2axQ3b/actions/queue/run'
    'v' => '1773762046229'
]

$_POST = []

$_FILES = []

$_COOKIE = [
    'cookieconsent_status' => 'dismiss'
    'CraftSessionId' => '6101e8c3c86d1f31ca53b56b1e33b7a3'
    'CRAFT_CSRF_TOKEN' => '••••••••••••••••••••••••••••••••••••••••••••••••••••••••••••••••••••••••••••••••••••••••••••••••••••••••••••••••••••••••••••••••••••••••••••••••••••••••••••••••••••••••••••••••••••••••••••••••••••••••••••••••••••••••••••••••••••••••••••••••••••••••••••••••••'
    'a8b7b1ec9ffb8baf2c6eaa253fe57112_username' => '26b9ec8568da68d3882e55afaa5d203483c6c5810ee05b5a55c8a0eb10cab93ea:2:{i:0;s:41:\"a8b7b1ec9ffb8baf2c6eaa253fe57112_username\";i:1;s:8:\"odegiuli\";}'
    'Craft-3626ffc1-d0a3-42e3-98aa-37e8aa759561_sidebar' => 'expanded'
    'Craft-3626ffc1-d0a3-42e3-98aa-37e8aa759561_sidebar-details' => 'expanded'
    'a8b7b1ec9ffb8baf2c6eaa253fe57112_identity' => '0174bd2ee8c40f461533a3291f15762227a6c075c380af83a7f526849fd30c8ca:2:{i:0;s:41:\"a8b7b1ec9ffb8baf2c6eaa253fe57112_identity\";i:1;s:159:\"[1,\"[\\\"VejnKqpu61xqdvMSiCvo4uNnuiyueZPSu4cc3FMkhH68E1EgKY30_WFXqIEVpyvq63KgUjAZE-rlgVLah2q5dC6WQcVSXYm6JlBw\\\",null,\\\"54dc9f5354b7a13af97c59945268465e\\\"]\",3600]\";}'
]

$_SESSION = [
    '22b6a59deafcfb2ffb13c3adf3d98a3b__auth_access' => [
        0 => 'previewElement:8578'
        1 => 'saveAssets:1986f3e0-bf2e-4ccd-b34c-7ec2d979afdd'
        2 => 'editStructure:2'
        3 => 'editStructure:1'
        4 => 'previewElement:8539'
        5 => 'previewDraft:875'
        6 => 'previewElement:8582'
        7 => 'previewDraft:876'
        8 => 'previewDraft:877'
        9 => 'previewDraft:879'
        10 => 'previewDraft:881'
        11 => 'previewDraft:882'
        12 => 'previewDraft:883'
        13 => 'previewDraft:884'
        14 => 'saveAssets:'
    ]
    '22b6a59deafcfb2ffb13c3adf3d98a3b__flash' => []
    'a8b7b1ec9ffb8baf2c6eaa253fe57112__token' => '••••••••••••••••••••••••••••••••••••••••••••••••••••••••••••••••••••••••••••••••••••••••••••••••••••'
    'a8b7b1ec9ffb8baf2c6eaa253fe57112__id' => 1
    '__authKey' => '••••••••••••••••••••••••••••••••••••••••••••••••••••••••••••••••••••••••••••••••••••••••••••••••••••••••••••••••••••••••••••••••••••••••••••••••'
    'a8b7b1ec9ffb8baf2c6eaa253fe57112__expire' => 1773765646
    '__duration' => 3600
    '__elevated_timeout' => 1773762118
]

$_SERVER = [
    'DEPLOY_NAME' => 'local'
    'DDEV_WEBSERVER_TYPE' => 'nginx-fpm'
    'npm_config_cache' => '/mnt/ddev-global-cache/npm'
    'COREPACK_ENABLE_DOWNLOAD_PROMPT' => '0'
    'DDEV_GOOS' => 'darwin'
    'IS_DDEV_PROJECT' => 'true'
    'PHP_DEFAULT_VERSION' => '8.3'
    'HOSTNAME' => 'derschmuckmacher-v3-web'
    'MAILPIT_SMTP_PORT' => '1025'
    'MH_SMTP_BIND_ADDR' => '127.0.0.1:1025'
    'DDEV_PRIMARY_URL_WITHOUT_PORT' => 'https://derschmuckmacher-v3.ddev.site'
    'CRAFT_DB_PORT' => '3306'
    'SSH_AUTH_SOCK' => '/home/.ssh-agent/socket'
    'DDEV_GID' => '20'
    'NODE_EXTRA_CA_CERTS' => '/mnt/ddev-global-cache/mkcert/rootCA.pem'
    'DOCKER_IP' => '127.0.0.1'
    'PGPASSWORD' => 'db'
    'CRAFT_WEB_ROOT' => '/var/www/html/web'
    'DDEV_DOCROOT' => 'web'
    'PWD' => '/var/www/html'
    'PLATFORMSH_CLI_UPDATES_CHECK' => '0'
    'DDEV_APPROOT' => '/var/www/html'
    'DDEV_FILES_DIR' => ''
    'START_SCRIPT_TIMEOUT' => '57'
    'APACHE_SITE_TEMPLATE' => '/etc/apache2/apache-site.conf'
    'PHP_INI' => '/etc/php/8.2/fpm/php.ini'
    'DDEV_VERSION' => 'v1.24.10'
    'PRIMARY_SITE_URL' => 'https://derschmuckmacher-v3.ddev.site'
    'TZ' => 'Europe/Zurich'
    'DDEV_XHPROF_MODE' => 'prepend'
    'HTTPS_EXPOSE' => '443:80,8026:8025'
    'COREPACK_HOME' => '/mnt/ddev-global-cache/corepack'
    'CRAFT_DB_DATABASE' => 'db'
    'DDEV_PRIMARY_URL' => 'https://derschmuckmacher-v3.ddev.site'
    'LINES' => '17'
    'DDEV_SITENAME' => 'derschmuckmacher-v3'
    'HOME' => '/home/omar'
    'DRUSH_OPTIONS_URI' => 'https://derschmuckmacher-v3.ddev.site'
    'LANG' => 'C.UTF-8'
    'COLUMNS' => '371'
    'DDEV_MUTAGEN_ENABLED' => 'true'
    'DDEV_USER' => 'omar'
    'PGUSER' => 'db'
    'TERMINUS_CACHE_DIR' => '/mnt/ddev-global-cache/terminus/cache'
    'DDEV_PRIMARY_URL_PORT' => '443'
    'DDEV_ROUTER_HTTP_PORT' => '80'
    'MAILPIT_SMTP_HOSTNAME' => '127.0.0.1'
    'CRAFT_DB_DRIVER' => 'mysql'
    'COMPOSER_PROCESS_TIMEOUT' => '2000'
    'NGINX_SITE_TEMPLATE' => '/etc/nginx/nginx-site.conf'
    'DDEV_FILES_DIRS' => ''
    'CRAFT_DB_SERVER' => 'db'
    'HTTP_EXPOSE' => '80:80,8025:8025'
    'NVM_DIR' => '/home/omar/.nvm'
    'DDEV_PHP_VERSION' => '8.2'
    'DDEV_TLD' => 'ddev.site'
    'DDEV_HOSTNAME' => 'derschmuckmacher-v3.ddev.site'
    'DDEV_PROJECT' => 'derschmuckmacher-v3'
    'DDEV_GOARCH' => 'arm64'
    'VIRTUAL_HOST' => 'derschmuckmacher-v3.ddev.site'
    'TERM' => 'xterm'
    'USER' => 'omar'
    'MYSQL_HISTFILE' => '/mnt/ddev-global-cache/mysqlhistory/derschmuckmacher-v3-web/mysql_history'
    'DDEV_WEB_ENTRYPOINT' => '/mnt/ddev_config/web-entrypoint.d'
    'DDEV_UID' => '501'
    'CAROOT' => '/mnt/ddev-global-cache/mkcert'
    'SHLVL' => '1'
    'COMPOSER_ALLOW_SUPERUSER' => '1'
    'BASH_ENV' => '/etc/bash.nointeractive.bashrc'
    'DDEV_DATABASE' => 'mysql:8.0'
    'PGDATABASE' => 'db'
    'CRAFT_DB_USER' => 'db'
    'DDEV_SCHEME' => 'https'
    'XHPROF_OUTPUT_DIR' => '/tmp/xhprof'
    'COMPOSER_CACHE_DIR' => '/mnt/ddev-global-cache/composer'
    'DDEV_XDEBUG_ENABLED' => 'false'
    'DDEV_DATABASE_FAMILY' => 'mysql'
    'PGHOST' => 'db'
    'DDEV_COMPOSER_ROOT' => '/var/www/html'
    'CRAFT_DB_PASSWORD' => '••'
    'DOCROOT' => 'web'
    'TERMINUS_HIDE_UPDATE_MESSAGE' => '1'
    'PATH' => '/home/omar/bin:/var/www/html/vendor/bin:/usr/local/sbin:/usr/local/bin:/usr/sbin:/usr/bin:/sbin:/bin:/var/www/html/bin:/mnt/ddev-global-cache/global-commands/web'
    'HOST_DOCKER_INTERNAL_IP' => ''
    'DDEV_PROJECT_TYPE' => 'craftcms'
    'DEBIAN_FRONTEND' => 'noninteractive'
    'DDEV_ROUTER_HTTPS_PORT' => '443'
    'EXECIGNORE' => '/var/www/html/vendor/bin/composer'
    'SUPERVISOR_ENABLED' => '1'
    'SUPERVISOR_SERVER_URL' => 'unix:///var/run/supervisor.sock'
    'SUPERVISOR_PROCESS_NAME' => 'php-fpm'
    'SUPERVISOR_GROUP_NAME' => 'php-fpm'
    'HTTP_X_REQUESTED_WITH' => 'XMLHttpRequest'
    'HTTP_X_REGISTERED_JS_FILES' => ''
    'HTTP_X_REGISTERED_ASSET_BUNDLES' => '815d39ea,e7c1329,92d8701,22e517a2,aee7f8dc,26c46c25,e505ffd6,6b4d7555,bb2f10a0,e5e48399,fc0bc163,1ccab40d,1e21896b,54698ee0,b842675b,1c3c9add,4b1fd285,d8d08e47,8f00ce04,8768f48b,cf3018d6,ec6d0256,75f47f25,15a36a51'
    'HTTP_X_REAL_IP' => '172.18.0.1'
    'HTTP_X_FORWARDED_SERVER' => '61e6ccb23c1b'
    'HTTP_X_FORWARDED_PROTO' => 'https'
    'HTTP_X_FORWARDED_PORT' => '443'
    'HTTP_X_FORWARDED_HOST' => 'derschmuckmacher-v3.ddev.site'
    'HTTP_X_FORWARDED_FOR' => '172.18.0.1'
    'HTTP_X_CSRF_TOKEN' => '••••••••••••••••••••••••••••••••••••••••••••••••••••••••••••••••••••••••••••••••••••••••••••••••••••••••••••••••••••••••••••••••••••••••••••••••••••••••••••••••••••••••••••••••••••••••••••••••••••••••••••••••••••••••••••••••••••••••••••••••••••••••••••••••••••••••••••••••••••••••••••••••••••••••••••••••••••••••••••••••••••••••••••••••••••••••••••••••••••••••••••••••••••••••••••••••••••••••'
    'HTTP_TE' => 'trailers'
    'HTTP_SEC_GPC' => '1'
    'HTTP_SEC_FETCH_SITE' => 'same-origin'
    'HTTP_SEC_FETCH_MODE' => 'cors'
    'HTTP_SEC_FETCH_DEST' => 'empty'
    'HTTP_REFERER' => 'https://derschmuckmacher-v3.ddev.site/dW2axQ3b/content/entries/aktuelles/8582-offenes-atelier'
    'HTTP_ORIGIN' => 'https://derschmuckmacher-v3.ddev.site'
    'HTTP_COOKIE' => 'cookieconsent_status=dismiss; CraftSessionId=6101e8c3c86d1f31ca53b56b1e33b7a3; CRAFT_CSRF_TOKEN=16740b48ba3f84595b6c56ef142b19f6b046fde54bc23622280b174e295f39afa%3A2%3A%7Bi%3A0%3Bs%3A16%3A%22CRAFT_CSRF_TOKEN%22%3Bi%3A1%3Bs%3A147%3A%22JfpP7gD_LrPE_phoiRWTtDPS49nkCv82f0DSgxK4%7Cd91b1261e5555fd659eaa053e8d63b8b95dfcc835d2840aef88e1c92e480d8e2JfpP7gD_LrPE_phoiRWTtDPS49nkCv82f0DSgxK4%7C1%22%3B%7D; a8b7b1ec9ffb8baf2c6eaa253fe57112_username=26b9ec8568da68d3882e55afaa5d203483c6c5810ee05b5a55c8a0eb10cab93ea%3A2%3A%7Bi%3A0%3Bs%3A41%3A%22a8b7b1ec9ffb8baf2c6eaa253fe57112_username%22%3Bi%3A1%3Bs%3A8%3A%22odegiuli%22%3B%7D; Craft-3626ffc1-d0a3-42e3-98aa-37e8aa759561_sidebar=expanded; Craft-3626ffc1-d0a3-42e3-98aa-37e8aa759561_sidebar-details=expanded; a8b7b1ec9ffb8baf2c6eaa253fe57112_identity=0174bd2ee8c40f461533a3291f15762227a6c075c380af83a7f526849fd30c8ca%3A2%3A%7Bi%3A0%3Bs%3A41%3A%22a8b7b1ec9ffb8baf2c6eaa253fe57112_identity%22%3Bi%3A1%3Bs%3A159%3A%22%5B1%2C%22%5B%5C%22VejnKqpu61xqdvMSiCvo4uNnuiyueZPSu4cc3FMkhH68E1EgKY30_WFXqIEVpyvq63KgUjAZE-rlgVLah2q5dC6WQcVSXYm6JlBw%5C%22%2Cnull%2C%5C%2254dc9f5354b7a13af97c59945268465e%5C%22%5D%22%2C3600%5D%22%3B%7D'
    'HTTP_ACCEPT_LANGUAGE' => 'de,en-US;q=0.9,en;q=0.8'
    'HTTP_ACCEPT_ENCODING' => 'gzip, deflate, br, zstd'
    'HTTP_ACCEPT' => 'application/json, text/plain, */*'
    'HTTP_CONTENT_LENGTH' => '0'
    'HTTP_USER_AGENT' => 'Mozilla/5.0 (Macintosh; Intel Mac OS X 10.15; rv:148.0) Gecko/20100101 Firefox/148.0'
    'HTTP_HOST' => 'derschmuckmacher-v3.ddev.site'
    'HTTPS' => 'on'
    'REDIRECT_STATUS' => '200'
    'SERVER_NAME' => 'derschmuckmacher-v3.ddev.site'
    'SERVER_PORT' => '80'
    'SERVER_ADDR' => '172.18.0.3'
    'REMOTE_PORT' => '54364'
    'REMOTE_ADDR' => '172.18.0.5'
    'SERVER_SOFTWARE' => 'nginx/1.28.0'
    'GATEWAY_INTERFACE' => 'CGI/1.1'
    'REQUEST_SCHEME' => 'http'
    'SERVER_PROTOCOL' => 'HTTP/1.1'
    'DOCUMENT_ROOT' => '/var/www/html/web'
    'DOCUMENT_URI' => '/index.php'
    'REQUEST_URI' => '/index.php?p=dW2axQ3b%2Factions%2Fqueue%2Frun&v=1773762046229'
    'CONTENT_LENGTH' => '0'
    'CONTENT_TYPE' => ''
    'REQUEST_METHOD' => 'POST'
    'QUERY_STRING' => 'p=dW2axQ3b%2Factions%2Fqueue%2Frun&v=1773762046229'
    'SCRIPT_NAME' => '/index.php'
    'SCRIPT_FILENAME' => '/var/www/html/web/index.php'
    'FCGI_ROLE' => 'RESPONDER'
    'PHP_SELF' => '/index.php'
    'REQUEST_TIME_FLOAT' => 1773762046.2315
    'REQUEST_TIME' => 1773762046
    'CRAFT_APP_ID' => 'CraftCMS--3933bc78-29f5-4b79-bcc5-c31faf0fcd20'
    'CRAFT_ENVIRONMENT' => 'dev'
    'ENVIRONMENT' => 'dev'
    'CRAFT_SECURITY_KEY' => '••••••••••••••••••••••••••••••••'
    'CP_TRIGGER' => 'dW2axQ3b'
    'CRAFT_DB_SCHEMA' => 'public'
    'CRAFT_DB_TABLE_PREFIX' => ''
    'DEV_MODE' => 'true'
    'ALLOW_ADMIN_CHANGES' => 'true'
    'DISALLOW_ROBOTS' => 'true'
    'TIMEZONE' => 'Europe/Zurich'
    'CAPTCHA_SITE_KEY' => '••••••••••••••••••••••••••••••••••••••••'
    'CAPTCHA_SECRET_KEY' => '••••••••••••••••••••••••••••••••••••••••'
    'WEB_URL' => 'https://derschmuckmacher-v3.ddev.site'
    'WEB_ROOT' => '/var/www/html/web'
    'ASSETS_BASE_URL' => 'https://derschmuckmacher-v3.ddev.site/public'
    'ASSETS_BASE_PATH' => '/var/www/html/web/public'
    'SCHMUCK_BASE_URL' => 'https://derschmuckmacher-v3.ddev.site/public/uploads/schmuck'
    'SCHMUCK_BASE_PATH' => '/var/www/html/web/public/uploads/schmuck'
] {"environment":"dev","userId":1} 
2026-03-17 16:41:21 [queue.INFO] [yii\db\Connection::open] Opening DB connection: mysql:host=db;dbname=db;port=3306 {"memory":1100920} 
2026-03-17 16:41:21 [queue.INFO] [yii\web\Session::open] Session started {"memory":1440024} 
2026-03-17 16:41:21 [queue.INFO] [nystudio107\codeeditor\CodeEditor::bootstrap] CodeEditor module bootstrapped {"memory":1461784} 
2026-03-17 16:41:21 [queue.INFO] [adigital\cookieconsentbanner\CookieConsentBanner::init] Cookie Consent Banner plugin loaded {"memory":1677320} 
2026-03-17 16:41:21 [queue.INFO] [miranj\obfuscator\Obfuscator::init] Obfuscator plugin loaded {"memory":2597904} 
2026-03-17 16:41:21 [queue.INFO] [yii\db\Connection::open] Opening DB connection: mysql:host=db;dbname=db;port=3306 {"memory":2849848} 
2026-03-17 16:41:21 [queue.INFO] [craft\queue\QueueLogBehavior::beforeExec]  [38845] t9n:["app","Updating search indexes"] (attempt: 1, pid: 11103) - Started {"memory":2908600} 
2026-03-17 16:41:21 [queue.INFO] [craft\queue\QueueLogBehavior::afterExec]  [38845] t9n:["app","Updating search indexes"] (attempt: 1, pid: 11103) - Done (time: 0.009s) {"memory":3316256} 
2026-03-17 16:41:21 [queue.INFO] [application] Request context:
$_GET = [
    'p' => 'dW2axQ3b/actions/queue/run'
    'v' => '1773762081391'
]

$_POST = []

$_FILES = []

$_COOKIE = [
    'cookieconsent_status' => 'dismiss'
    'CraftSessionId' => '6101e8c3c86d1f31ca53b56b1e33b7a3'
    'CRAFT_CSRF_TOKEN' => '••••••••••••••••••••••••••••••••••••••••••••••••••••••••••••••••••••••••••••••••••••••••••••••••••••••••••••••••••••••••••••••••••••••••••••••••••••••••••••••••••••••••••••••••••••••••••••••••••••••••••••••••••••••••••••••••••••••••••••••••••••••••••••••••••'
    'a8b7b1ec9ffb8baf2c6eaa253fe57112_username' => '26b9ec8568da68d3882e55afaa5d203483c6c5810ee05b5a55c8a0eb10cab93ea:2:{i:0;s:41:\"a8b7b1ec9ffb8baf2c6eaa253fe57112_username\";i:1;s:8:\"odegiuli\";}'
    'Craft-3626ffc1-d0a3-42e3-98aa-37e8aa759561_sidebar' => 'expanded'
    'Craft-3626ffc1-d0a3-42e3-98aa-37e8aa759561_sidebar-details' => 'expanded'
    'a8b7b1ec9ffb8baf2c6eaa253fe57112_identity' => '0174bd2ee8c40f461533a3291f15762227a6c075c380af83a7f526849fd30c8ca:2:{i:0;s:41:\"a8b7b1ec9ffb8baf2c6eaa253fe57112_identity\";i:1;s:159:\"[1,\"[\\\"VejnKqpu61xqdvMSiCvo4uNnuiyueZPSu4cc3FMkhH68E1EgKY30_WFXqIEVpyvq63KgUjAZE-rlgVLah2q5dC6WQcVSXYm6JlBw\\\",null,\\\"54dc9f5354b7a13af97c59945268465e\\\"]\",3600]\";}'
]

$_SESSION = [
    '22b6a59deafcfb2ffb13c3adf3d98a3b__auth_access' => [
        0 => 'previewElement:8578'
        1 => 'saveAssets:1986f3e0-bf2e-4ccd-b34c-7ec2d979afdd'
        2 => 'editStructure:2'
        3 => 'editStructure:1'
        4 => 'previewElement:8539'
        5 => 'previewDraft:875'
        6 => 'previewElement:8582'
        7 => 'previewDraft:876'
        8 => 'previewDraft:877'
        9 => 'previewDraft:879'
        10 => 'previewDraft:881'
        11 => 'previewDraft:882'
        12 => 'previewDraft:883'
        13 => 'previewDraft:884'
        14 => 'saveAssets:'
    ]
    '22b6a59deafcfb2ffb13c3adf3d98a3b__flash' => []
    'a8b7b1ec9ffb8baf2c6eaa253fe57112__token' => '••••••••••••••••••••••••••••••••••••••••••••••••••••••••••••••••••••••••••••••••••••••••••••••••••••'
    'a8b7b1ec9ffb8baf2c6eaa253fe57112__id' => 1
    '__authKey' => '••••••••••••••••••••••••••••••••••••••••••••••••••••••••••••••••••••••••••••••••••••••••••••••••••••••••••••••••••••••••••••••••••••••••••••••••'
    'a8b7b1ec9ffb8baf2c6eaa253fe57112__expire' => 1773765681
    '__duration' => 3600
    '__elevated_timeout' => 1773762118
]

$_SERVER = [
    'DEPLOY_NAME' => 'local'
    'DDEV_WEBSERVER_TYPE' => 'nginx-fpm'
    'npm_config_cache' => '/mnt/ddev-global-cache/npm'
    'COREPACK_ENABLE_DOWNLOAD_PROMPT' => '0'
    'DDEV_GOOS' => 'darwin'
    'IS_DDEV_PROJECT' => 'true'
    'PHP_DEFAULT_VERSION' => '8.3'
    'HOSTNAME' => 'derschmuckmacher-v3-web'
    'MAILPIT_SMTP_PORT' => '1025'
    'MH_SMTP_BIND_ADDR' => '127.0.0.1:1025'
    'DDEV_PRIMARY_URL_WITHOUT_PORT' => 'https://derschmuckmacher-v3.ddev.site'
    'CRAFT_DB_PORT' => '3306'
    'SSH_AUTH_SOCK' => '/home/.ssh-agent/socket'
    'DDEV_GID' => '20'
    'NODE_EXTRA_CA_CERTS' => '/mnt/ddev-global-cache/mkcert/rootCA.pem'
    'DOCKER_IP' => '127.0.0.1'
    'PGPASSWORD' => 'db'
    'CRAFT_WEB_ROOT' => '/var/www/html/web'
    'DDEV_DOCROOT' => 'web'
    'PWD' => '/var/www/html'
    'PLATFORMSH_CLI_UPDATES_CHECK' => '0'
    'DDEV_APPROOT' => '/var/www/html'
    'DDEV_FILES_DIR' => ''
    'START_SCRIPT_TIMEOUT' => '57'
    'APACHE_SITE_TEMPLATE' => '/etc/apache2/apache-site.conf'
    'PHP_INI' => '/etc/php/8.2/fpm/php.ini'
    'DDEV_VERSION' => 'v1.24.10'
    'PRIMARY_SITE_URL' => 'https://derschmuckmacher-v3.ddev.site'
    'TZ' => 'Europe/Zurich'
    'DDEV_XHPROF_MODE' => 'prepend'
    'HTTPS_EXPOSE' => '443:80,8026:8025'
    'COREPACK_HOME' => '/mnt/ddev-global-cache/corepack'
    'CRAFT_DB_DATABASE' => 'db'
    'DDEV_PRIMARY_URL' => 'https://derschmuckmacher-v3.ddev.site'
    'LINES' => '17'
    'DDEV_SITENAME' => 'derschmuckmacher-v3'
    'HOME' => '/home/omar'
    'DRUSH_OPTIONS_URI' => 'https://derschmuckmacher-v3.ddev.site'
    'LANG' => 'C.UTF-8'
    'COLUMNS' => '371'
    'DDEV_MUTAGEN_ENABLED' => 'true'
    'DDEV_USER' => 'omar'
    'PGUSER' => 'db'
    'TERMINUS_CACHE_DIR' => '/mnt/ddev-global-cache/terminus/cache'
    'DDEV_PRIMARY_URL_PORT' => '443'
    'DDEV_ROUTER_HTTP_PORT' => '80'
    'MAILPIT_SMTP_HOSTNAME' => '127.0.0.1'
    'CRAFT_DB_DRIVER' => 'mysql'
    'COMPOSER_PROCESS_TIMEOUT' => '2000'
    'NGINX_SITE_TEMPLATE' => '/etc/nginx/nginx-site.conf'
    'DDEV_FILES_DIRS' => ''
    'CRAFT_DB_SERVER' => 'db'
    'HTTP_EXPOSE' => '80:80,8025:8025'
    'NVM_DIR' => '/home/omar/.nvm'
    'DDEV_PHP_VERSION' => '8.2'
    'DDEV_TLD' => 'ddev.site'
    'DDEV_HOSTNAME' => 'derschmuckmacher-v3.ddev.site'
    'DDEV_PROJECT' => 'derschmuckmacher-v3'
    'DDEV_GOARCH' => 'arm64'
    'VIRTUAL_HOST' => 'derschmuckmacher-v3.ddev.site'
    'TERM' => 'xterm'
    'USER' => 'omar'
    'MYSQL_HISTFILE' => '/mnt/ddev-global-cache/mysqlhistory/derschmuckmacher-v3-web/mysql_history'
    'DDEV_WEB_ENTRYPOINT' => '/mnt/ddev_config/web-entrypoint.d'
    'DDEV_UID' => '501'
    'CAROOT' => '/mnt/ddev-global-cache/mkcert'
    'SHLVL' => '1'
    'COMPOSER_ALLOW_SUPERUSER' => '1'
    'BASH_ENV' => '/etc/bash.nointeractive.bashrc'
    'DDEV_DATABASE' => 'mysql:8.0'
    'PGDATABASE' => 'db'
    'CRAFT_DB_USER' => 'db'
    'DDEV_SCHEME' => 'https'
    'XHPROF_OUTPUT_DIR' => '/tmp/xhprof'
    'COMPOSER_CACHE_DIR' => '/mnt/ddev-global-cache/composer'
    'DDEV_XDEBUG_ENABLED' => 'false'
    'DDEV_DATABASE_FAMILY' => 'mysql'
    'PGHOST' => 'db'
    'DDEV_COMPOSER_ROOT' => '/var/www/html'
    'CRAFT_DB_PASSWORD' => '••'
    'DOCROOT' => 'web'
    'TERMINUS_HIDE_UPDATE_MESSAGE' => '1'
    'PATH' => '/home/omar/bin:/var/www/html/vendor/bin:/usr/local/sbin:/usr/local/bin:/usr/sbin:/usr/bin:/sbin:/bin:/var/www/html/bin:/mnt/ddev-global-cache/global-commands/web'
    'HOST_DOCKER_INTERNAL_IP' => ''
    'DDEV_PROJECT_TYPE' => 'craftcms'
    'DEBIAN_FRONTEND' => 'noninteractive'
    'DDEV_ROUTER_HTTPS_PORT' => '443'
    'EXECIGNORE' => '/var/www/html/vendor/bin/composer'
    'SUPERVISOR_ENABLED' => '1'
    'SUPERVISOR_SERVER_URL' => 'unix:///var/run/supervisor.sock'
    'SUPERVISOR_PROCESS_NAME' => 'php-fpm'
    'SUPERVISOR_GROUP_NAME' => 'php-fpm'
    'HTTP_X_REQUESTED_WITH' => 'XMLHttpRequest'
    'HTTP_X_REGISTERED_JS_FILES' => ''
    'HTTP_X_REGISTERED_ASSET_BUNDLES' => '815d39ea,e7c1329,92d8701,22e517a2,aee7f8dc,26c46c25,e505ffd6,6b4d7555,bb2f10a0,e5e48399,fc0bc163,1ccab40d,1e21896b,54698ee0,b842675b,1c3c9add,4b1fd285,d8d08e47,8f00ce04,8768f48b,cf3018d6,ec6d0256,75f47f25,15a36a51'
    'HTTP_X_REAL_IP' => '172.18.0.1'
    'HTTP_X_FORWARDED_SERVER' => '61e6ccb23c1b'
    'HTTP_X_FORWARDED_PROTO' => 'https'
    'HTTP_X_FORWARDED_PORT' => '443'
    'HTTP_X_FORWARDED_HOST' => 'derschmuckmacher-v3.ddev.site'
    'HTTP_X_FORWARDED_FOR' => '172.18.0.1'
    'HTTP_X_CSRF_TOKEN' => '••••••••••••••••••••••••••••••••••••••••••••••••••••••••••••••••••••••••••••••••••••••••••••••••••••••••••••••••••••••••••••••••••••••••••••••••••••••••••••••••••••••••••••••••••••••••••••••••••••••••••••••••••••••••••••••••••••••••••••••••••••••••••••••••••••••••••••••••••••••••••••••••••••••••••••••••••••••••••••••••••••••••••••••••••••••••••••••••••••••••••••••••••••••••••••••••••••••••'
    'HTTP_TE' => 'trailers'
    'HTTP_SEC_GPC' => '1'
    'HTTP_SEC_FETCH_SITE' => 'same-origin'
    'HTTP_SEC_FETCH_MODE' => 'cors'
    'HTTP_SEC_FETCH_DEST' => 'empty'
    'HTTP_REFERER' => 'https://derschmuckmacher-v3.ddev.site/dW2axQ3b/content/entries/aktuelles/8582-offenes-atelier'
    'HTTP_ORIGIN' => 'https://derschmuckmacher-v3.ddev.site'
    'HTTP_COOKIE' => 'cookieconsent_status=dismiss; CraftSessionId=6101e8c3c86d1f31ca53b56b1e33b7a3; CRAFT_CSRF_TOKEN=16740b48ba3f84595b6c56ef142b19f6b046fde54bc23622280b174e295f39afa%3A2%3A%7Bi%3A0%3Bs%3A16%3A%22CRAFT_CSRF_TOKEN%22%3Bi%3A1%3Bs%3A147%3A%22JfpP7gD_LrPE_phoiRWTtDPS49nkCv82f0DSgxK4%7Cd91b1261e5555fd659eaa053e8d63b8b95dfcc835d2840aef88e1c92e480d8e2JfpP7gD_LrPE_phoiRWTtDPS49nkCv82f0DSgxK4%7C1%22%3B%7D; a8b7b1ec9ffb8baf2c6eaa253fe57112_username=26b9ec8568da68d3882e55afaa5d203483c6c5810ee05b5a55c8a0eb10cab93ea%3A2%3A%7Bi%3A0%3Bs%3A41%3A%22a8b7b1ec9ffb8baf2c6eaa253fe57112_username%22%3Bi%3A1%3Bs%3A8%3A%22odegiuli%22%3B%7D; Craft-3626ffc1-d0a3-42e3-98aa-37e8aa759561_sidebar=expanded; Craft-3626ffc1-d0a3-42e3-98aa-37e8aa759561_sidebar-details=expanded; a8b7b1ec9ffb8baf2c6eaa253fe57112_identity=0174bd2ee8c40f461533a3291f15762227a6c075c380af83a7f526849fd30c8ca%3A2%3A%7Bi%3A0%3Bs%3A41%3A%22a8b7b1ec9ffb8baf2c6eaa253fe57112_identity%22%3Bi%3A1%3Bs%3A159%3A%22%5B1%2C%22%5B%5C%22VejnKqpu61xqdvMSiCvo4uNnuiyueZPSu4cc3FMkhH68E1EgKY30_WFXqIEVpyvq63KgUjAZE-rlgVLah2q5dC6WQcVSXYm6JlBw%5C%22%2Cnull%2C%5C%2254dc9f5354b7a13af97c59945268465e%5C%22%5D%22%2C3600%5D%22%3B%7D'
    'HTTP_ACCEPT_LANGUAGE' => 'de,en-US;q=0.9,en;q=0.8'
    'HTTP_ACCEPT_ENCODING' => 'gzip, deflate, br, zstd'
    'HTTP_ACCEPT' => 'application/json, text/plain, */*'
    'HTTP_CONTENT_LENGTH' => '0'
    'HTTP_USER_AGENT' => 'Mozilla/5.0 (Macintosh; Intel Mac OS X 10.15; rv:148.0) Gecko/20100101 Firefox/148.0'
    'HTTP_HOST' => 'derschmuckmacher-v3.ddev.site'
    'HTTPS' => 'on'
    'REDIRECT_STATUS' => '200'
    'SERVER_NAME' => 'derschmuckmacher-v3.ddev.site'
    'SERVER_PORT' => '80'
    'SERVER_ADDR' => '172.18.0.3'
    'REMOTE_PORT' => '59104'
    'REMOTE_ADDR' => '172.18.0.5'
    'SERVER_SOFTWARE' => 'nginx/1.28.0'
    'GATEWAY_INTERFACE' => 'CGI/1.1'
    'REQUEST_SCHEME' => 'http'
    'SERVER_PROTOCOL' => 'HTTP/1.1'
    'DOCUMENT_ROOT' => '/var/www/html/web'
    'DOCUMENT_URI' => '/index.php'
    'REQUEST_URI' => '/index.php?p=dW2axQ3b%2Factions%2Fqueue%2Frun&v=1773762081391'
    'CONTENT_LENGTH' => '0'
    'CONTENT_TYPE' => ''
    'REQUEST_METHOD' => 'POST'
    'QUERY_STRING' => 'p=dW2axQ3b%2Factions%2Fqueue%2Frun&v=1773762081391'
    'SCRIPT_NAME' => '/index.php'
    'SCRIPT_FILENAME' => '/var/www/html/web/index.php'
    'FCGI_ROLE' => 'RESPONDER'
    'PHP_SELF' => '/index.php'
    'REQUEST_TIME_FLOAT' => 1773762081.3942
    'REQUEST_TIME' => 1773762081
    'CRAFT_APP_ID' => 'CraftCMS--3933bc78-29f5-4b79-bcc5-c31faf0fcd20'
    'CRAFT_ENVIRONMENT' => 'dev'
    'ENVIRONMENT' => 'dev'
    'CRAFT_SECURITY_KEY' => '••••••••••••••••••••••••••••••••'
    'CP_TRIGGER' => 'dW2axQ3b'
    'CRAFT_DB_SCHEMA' => 'public'
    'CRAFT_DB_TABLE_PREFIX' => ''
    'DEV_MODE' => 'true'
    'ALLOW_ADMIN_CHANGES' => 'true'
    'DISALLOW_ROBOTS' => 'true'
    'TIMEZONE' => 'Europe/Zurich'
    'CAPTCHA_SITE_KEY' => '••••••••••••••••••••••••••••••••••••••••'
    'CAPTCHA_SECRET_KEY' => '••••••••••••••••••••••••••••••••••••••••'
    'WEB_URL' => 'https://derschmuckmacher-v3.ddev.site'
    'WEB_ROOT' => '/var/www/html/web'
    'ASSETS_BASE_URL' => 'https://derschmuckmacher-v3.ddev.site/public'
    'ASSETS_BASE_PATH' => '/var/www/html/web/public'
    'SCHMUCK_BASE_URL' => 'https://derschmuckmacher-v3.ddev.site/public/uploads/schmuck'
    'SCHMUCK_BASE_PATH' => '/var/www/html/web/public/uploads/schmuck'
] {"environment":"dev","userId":1} 
2026-03-17 16:41:29 [queue.INFO] [yii\db\Connection::open] Opening DB connection: mysql:host=db;dbname=db;port=3306 {"memory":1100792} 
2026-03-17 16:41:29 [queue.INFO] [yii\web\Session::open] Session started {"memory":1439880} 
2026-03-17 16:41:29 [queue.INFO] [nystudio107\codeeditor\CodeEditor::bootstrap] CodeEditor module bootstrapped {"memory":1461640} 
2026-03-17 16:41:29 [queue.INFO] [adigital\cookieconsentbanner\CookieConsentBanner::init] Cookie Consent Banner plugin loaded {"memory":1677032} 
2026-03-17 16:41:29 [queue.INFO] [miranj\obfuscator\Obfuscator::init] Obfuscator plugin loaded {"memory":2597616} 
2026-03-17 16:41:29 [queue.INFO] [yii\db\Connection::open] Opening DB connection: mysql:host=db;dbname=db;port=3306 {"memory":2849560} 
2026-03-17 16:41:29 [queue.INFO] [craft\queue\QueueLogBehavior::beforeExec]  [38846] t9n:["app","Generating image transform for {file}",{"file":"bg_01.jpg"}] (attempt: 1, pid: 14752) - Started {"memory":2907896} 
2026-03-17 16:41:29 [queue.INFO] [craft\queue\QueueLogBehavior::afterExec]  [38846] t9n:["app","Generating image transform for {file}",{"file":"bg_01.jpg"}] (attempt: 1, pid: 14752) - Done (time: 0.000s) {"memory":2915208} 
2026-03-17 16:41:29 [queue.INFO] [craft\queue\QueueLogBehavior::beforeExec]  [38847] t9n:["app","Generating image transform for {file}",{"file":"bg_01.jpg"}] (attempt: 1, pid: 14752) - Started {"memory":2928824} 
2026-03-17 16:41:29 [queue.INFO] [craft\queue\QueueLogBehavior::afterExec]  [38847] t9n:["app","Generating image transform for {file}",{"file":"bg_01.jpg"}] (attempt: 1, pid: 14752) - Done (time: 0.022s) {"memory":3113384} 
2026-03-17 16:41:29 [queue.INFO] [craft\queue\QueueLogBehavior::beforeExec]  [38848] t9n:["app","Updating search indexes"] (attempt: 1, pid: 14752) - Started {"memory":3121736} 
2026-03-17 16:41:29 [queue.INFO] [craft\queue\QueueLogBehavior::afterExec]  [38848] t9n:["app","Updating search indexes"] (attempt: 1, pid: 14752) - Done (time: 0.009s) {"memory":3625616} 
2026-03-17 16:41:29 [queue.INFO] [craft\queue\QueueLogBehavior::beforeExec]  [38849] t9n:["app","Updating search indexes"] (attempt: 1, pid: 14752) - Started {"memory":3633648} 
2026-03-17 16:41:29 [queue.INFO] [craft\queue\QueueLogBehavior::afterExec]  [38849] t9n:["app","Updating search indexes"] (attempt: 1, pid: 14752) - Done (time: 0.005s) {"memory":4012792} 
2026-03-17 16:41:29 [queue.INFO] [craft\queue\QueueLogBehavior::beforeExec]  [38850] t9n:["app","Pruning extra revisions"] (attempt: 1, pid: 14752) - Started {"memory":4020776} 
2026-03-17 16:41:29 [queue.INFO] [craft\queue\QueueLogBehavior::afterExec]  [38850] t9n:["app","Pruning extra revisions"] (attempt: 1, pid: 14752) - Done (time: 0.000s) {"memory":4078832} 
2026-03-17 16:41:29 [queue.INFO] [application] Request context:
$_GET = [
    'p' => 'dW2axQ3b/actions/queue/run'
    'v' => '1773762089114'
]

$_POST = []

$_FILES = []

$_COOKIE = [
    'cookieconsent_status' => 'dismiss'
    'CraftSessionId' => '6101e8c3c86d1f31ca53b56b1e33b7a3'
    'CRAFT_CSRF_TOKEN' => '••••••••••••••••••••••••••••••••••••••••••••••••••••••••••••••••••••••••••••••••••••••••••••••••••••••••••••••••••••••••••••••••••••••••••••••••••••••••••••••••••••••••••••••••••••••••••••••••••••••••••••••••••••••••••••••••••••••••••••••••••••••••••••••••••'
    'a8b7b1ec9ffb8baf2c6eaa253fe57112_username' => '26b9ec8568da68d3882e55afaa5d203483c6c5810ee05b5a55c8a0eb10cab93ea:2:{i:0;s:41:\"a8b7b1ec9ffb8baf2c6eaa253fe57112_username\";i:1;s:8:\"odegiuli\";}'
    'Craft-3626ffc1-d0a3-42e3-98aa-37e8aa759561_sidebar' => 'expanded'
    'Craft-3626ffc1-d0a3-42e3-98aa-37e8aa759561_sidebar-details' => 'expanded'
    'a8b7b1ec9ffb8baf2c6eaa253fe57112_identity' => '0174bd2ee8c40f461533a3291f15762227a6c075c380af83a7f526849fd30c8ca:2:{i:0;s:41:\"a8b7b1ec9ffb8baf2c6eaa253fe57112_identity\";i:1;s:159:\"[1,\"[\\\"VejnKqpu61xqdvMSiCvo4uNnuiyueZPSu4cc3FMkhH68E1EgKY30_WFXqIEVpyvq63KgUjAZE-rlgVLah2q5dC6WQcVSXYm6JlBw\\\",null,\\\"54dc9f5354b7a13af97c59945268465e\\\"]\",3600]\";}'
]

$_SESSION = [
    '22b6a59deafcfb2ffb13c3adf3d98a3b__auth_access' => [
        0 => 'previewElement:8578'
        1 => 'saveAssets:1986f3e0-bf2e-4ccd-b34c-7ec2d979afdd'
        2 => 'editStructure:2'
        3 => 'editStructure:1'
        4 => 'previewElement:8539'
        5 => 'previewDraft:875'
        6 => 'previewElement:8582'
        7 => 'previewDraft:876'
        8 => 'previewDraft:877'
        9 => 'previewDraft:879'
        10 => 'previewDraft:881'
        11 => 'previewDraft:882'
        12 => 'previewDraft:883'
        13 => 'previewDraft:884'
        14 => 'saveAssets:'
        15 => 'previewDraft:885'
    ]
    '22b6a59deafcfb2ffb13c3adf3d98a3b__flash' => []
    'a8b7b1ec9ffb8baf2c6eaa253fe57112__token' => '••••••••••••••••••••••••••••••••••••••••••••••••••••••••••••••••••••••••••••••••••••••••••••••••••••'
    'a8b7b1ec9ffb8baf2c6eaa253fe57112__id' => 1
    '__authKey' => '••••••••••••••••••••••••••••••••••••••••••••••••••••••••••••••••••••••••••••••••••••••••••••••••••••••••••••••••••••••••••••••••••••••••••••••••'
    'a8b7b1ec9ffb8baf2c6eaa253fe57112__expire' => 1773765689
    '__duration' => 3600
    '__elevated_timeout' => 1773762118
]

$_SERVER = [
    'DEPLOY_NAME' => 'local'
    'DDEV_WEBSERVER_TYPE' => 'nginx-fpm'
    'npm_config_cache' => '/mnt/ddev-global-cache/npm'
    'COREPACK_ENABLE_DOWNLOAD_PROMPT' => '0'
    'DDEV_GOOS' => 'darwin'
    'IS_DDEV_PROJECT' => 'true'
    'PHP_DEFAULT_VERSION' => '8.3'
    'HOSTNAME' => 'derschmuckmacher-v3-web'
    'MAILPIT_SMTP_PORT' => '1025'
    'MH_SMTP_BIND_ADDR' => '127.0.0.1:1025'
    'DDEV_PRIMARY_URL_WITHOUT_PORT' => 'https://derschmuckmacher-v3.ddev.site'
    'CRAFT_DB_PORT' => '3306'
    'SSH_AUTH_SOCK' => '/home/.ssh-agent/socket'
    'DDEV_GID' => '20'
    'NODE_EXTRA_CA_CERTS' => '/mnt/ddev-global-cache/mkcert/rootCA.pem'
    'DOCKER_IP' => '127.0.0.1'
    'PGPASSWORD' => 'db'
    'CRAFT_WEB_ROOT' => '/var/www/html/web'
    'DDEV_DOCROOT' => 'web'
    'PWD' => '/var/www/html'
    'PLATFORMSH_CLI_UPDATES_CHECK' => '0'
    'DDEV_APPROOT' => '/var/www/html'
    'DDEV_FILES_DIR' => ''
    'START_SCRIPT_TIMEOUT' => '57'
    'APACHE_SITE_TEMPLATE' => '/etc/apache2/apache-site.conf'
    'PHP_INI' => '/etc/php/8.2/fpm/php.ini'
    'DDEV_VERSION' => 'v1.24.10'
    'PRIMARY_SITE_URL' => 'https://derschmuckmacher-v3.ddev.site'
    'TZ' => 'Europe/Zurich'
    'DDEV_XHPROF_MODE' => 'prepend'
    'HTTPS_EXPOSE' => '443:80,8026:8025'
    'COREPACK_HOME' => '/mnt/ddev-global-cache/corepack'
    'CRAFT_DB_DATABASE' => 'db'
    'DDEV_PRIMARY_URL' => 'https://derschmuckmacher-v3.ddev.site'
    'LINES' => '17'
    'DDEV_SITENAME' => 'derschmuckmacher-v3'
    'HOME' => '/home/omar'
    'DRUSH_OPTIONS_URI' => 'https://derschmuckmacher-v3.ddev.site'
    'LANG' => 'C.UTF-8'
    'COLUMNS' => '371'
    'DDEV_MUTAGEN_ENABLED' => 'true'
    'DDEV_USER' => 'omar'
    'PGUSER' => 'db'
    'TERMINUS_CACHE_DIR' => '/mnt/ddev-global-cache/terminus/cache'
    'DDEV_PRIMARY_URL_PORT' => '443'
    'DDEV_ROUTER_HTTP_PORT' => '80'
    'MAILPIT_SMTP_HOSTNAME' => '127.0.0.1'
    'CRAFT_DB_DRIVER' => 'mysql'
    'COMPOSER_PROCESS_TIMEOUT' => '2000'
    'NGINX_SITE_TEMPLATE' => '/etc/nginx/nginx-site.conf'
    'DDEV_FILES_DIRS' => ''
    'CRAFT_DB_SERVER' => 'db'
    'HTTP_EXPOSE' => '80:80,8025:8025'
    'NVM_DIR' => '/home/omar/.nvm'
    'DDEV_PHP_VERSION' => '8.2'
    'DDEV_TLD' => 'ddev.site'
    'DDEV_HOSTNAME' => 'derschmuckmacher-v3.ddev.site'
    'DDEV_PROJECT' => 'derschmuckmacher-v3'
    'DDEV_GOARCH' => 'arm64'
    'VIRTUAL_HOST' => 'derschmuckmacher-v3.ddev.site'
    'TERM' => 'xterm'
    'USER' => 'omar'
    'MYSQL_HISTFILE' => '/mnt/ddev-global-cache/mysqlhistory/derschmuckmacher-v3-web/mysql_history'
    'DDEV_WEB_ENTRYPOINT' => '/mnt/ddev_config/web-entrypoint.d'
    'DDEV_UID' => '501'
    'CAROOT' => '/mnt/ddev-global-cache/mkcert'
    'SHLVL' => '1'
    'COMPOSER_ALLOW_SUPERUSER' => '1'
    'BASH_ENV' => '/etc/bash.nointeractive.bashrc'
    'DDEV_DATABASE' => 'mysql:8.0'
    'PGDATABASE' => 'db'
    'CRAFT_DB_USER' => 'db'
    'DDEV_SCHEME' => 'https'
    'XHPROF_OUTPUT_DIR' => '/tmp/xhprof'
    'COMPOSER_CACHE_DIR' => '/mnt/ddev-global-cache/composer'
    'DDEV_XDEBUG_ENABLED' => 'false'
    'DDEV_DATABASE_FAMILY' => 'mysql'
    'PGHOST' => 'db'
    'DDEV_COMPOSER_ROOT' => '/var/www/html'
    'CRAFT_DB_PASSWORD' => '••'
    'DOCROOT' => 'web'
    'TERMINUS_HIDE_UPDATE_MESSAGE' => '1'
    'PATH' => '/home/omar/bin:/var/www/html/vendor/bin:/usr/local/sbin:/usr/local/bin:/usr/sbin:/usr/bin:/sbin:/bin:/var/www/html/bin:/mnt/ddev-global-cache/global-commands/web'
    'HOST_DOCKER_INTERNAL_IP' => ''
    'DDEV_PROJECT_TYPE' => 'craftcms'
    'DEBIAN_FRONTEND' => 'noninteractive'
    'DDEV_ROUTER_HTTPS_PORT' => '443'
    'EXECIGNORE' => '/var/www/html/vendor/bin/composer'
    'SUPERVISOR_ENABLED' => '1'
    'SUPERVISOR_SERVER_URL' => 'unix:///var/run/supervisor.sock'
    'SUPERVISOR_PROCESS_NAME' => 'php-fpm'
    'SUPERVISOR_GROUP_NAME' => 'php-fpm'
    'HTTP_X_REQUESTED_WITH' => 'XMLHttpRequest'
    'HTTP_X_REGISTERED_JS_FILES' => ''
    'HTTP_X_REGISTERED_ASSET_BUNDLES' => '22e517a2,aee7f8dc,26c46c25,e505ffd6,6b4d7555,bb2f10a0,e5e48399,815d39ea,fc0bc163,1ccab40d,1e21896b,54698ee0,b842675b,1c3c9add,4b1fd285,d8d08e47,8f00ce04,8768f48b,cf3018d6,ec6d0256'
    'HTTP_X_REAL_IP' => '172.18.0.1'
    'HTTP_X_FORWARDED_SERVER' => '61e6ccb23c1b'
    'HTTP_X_FORWARDED_PROTO' => 'https'
    'HTTP_X_FORWARDED_PORT' => '443'
    'HTTP_X_FORWARDED_HOST' => 'derschmuckmacher-v3.ddev.site'
    'HTTP_X_FORWARDED_FOR' => '172.18.0.1'
    'HTTP_X_CSRF_TOKEN' => '••••••••••••••••••••••••••••••••••••••••••••••••••••••••••••••••••••••••••••••••••••••••••••••••••••••••••••••••••••••••••••••••••••••••••••••••••••••••••••••••••••••••••••••••••••••••••••••••••••••••••••••••••••••••••••••••••••••••••••••••••••••••••••••••••••••••••••••••••••••••••••••••••••••••••••••••••••••••••••••••••••••••••••••••••••••••••••••••••••••••••••••••••••••••••••••••••••••••'
    'HTTP_TE' => 'trailers'
    'HTTP_SEC_GPC' => '1'
    'HTTP_SEC_FETCH_SITE' => 'same-origin'
    'HTTP_SEC_FETCH_MODE' => 'cors'
    'HTTP_SEC_FETCH_DEST' => 'empty'
    'HTTP_REFERER' => 'https://derschmuckmacher-v3.ddev.site/dW2axQ3b/content/entries'
    'HTTP_ORIGIN' => 'https://derschmuckmacher-v3.ddev.site'
    'HTTP_COOKIE' => 'cookieconsent_status=dismiss; CraftSessionId=6101e8c3c86d1f31ca53b56b1e33b7a3; CRAFT_CSRF_TOKEN=16740b48ba3f84595b6c56ef142b19f6b046fde54bc23622280b174e295f39afa%3A2%3A%7Bi%3A0%3Bs%3A16%3A%22CRAFT_CSRF_TOKEN%22%3Bi%3A1%3Bs%3A147%3A%22JfpP7gD_LrPE_phoiRWTtDPS49nkCv82f0DSgxK4%7Cd91b1261e5555fd659eaa053e8d63b8b95dfcc835d2840aef88e1c92e480d8e2JfpP7gD_LrPE_phoiRWTtDPS49nkCv82f0DSgxK4%7C1%22%3B%7D; a8b7b1ec9ffb8baf2c6eaa253fe57112_username=26b9ec8568da68d3882e55afaa5d203483c6c5810ee05b5a55c8a0eb10cab93ea%3A2%3A%7Bi%3A0%3Bs%3A41%3A%22a8b7b1ec9ffb8baf2c6eaa253fe57112_username%22%3Bi%3A1%3Bs%3A8%3A%22odegiuli%22%3B%7D; Craft-3626ffc1-d0a3-42e3-98aa-37e8aa759561_sidebar=expanded; Craft-3626ffc1-d0a3-42e3-98aa-37e8aa759561_sidebar-details=expanded; a8b7b1ec9ffb8baf2c6eaa253fe57112_identity=0174bd2ee8c40f461533a3291f15762227a6c075c380af83a7f526849fd30c8ca%3A2%3A%7Bi%3A0%3Bs%3A41%3A%22a8b7b1ec9ffb8baf2c6eaa253fe57112_identity%22%3Bi%3A1%3Bs%3A159%3A%22%5B1%2C%22%5B%5C%22VejnKqpu61xqdvMSiCvo4uNnuiyueZPSu4cc3FMkhH68E1EgKY30_WFXqIEVpyvq63KgUjAZE-rlgVLah2q5dC6WQcVSXYm6JlBw%5C%22%2Cnull%2C%5C%2254dc9f5354b7a13af97c59945268465e%5C%22%5D%22%2C3600%5D%22%3B%7D'
    'HTTP_ACCEPT_LANGUAGE' => 'de,en-US;q=0.9,en;q=0.8'
    'HTTP_ACCEPT_ENCODING' => 'gzip, deflate, br, zstd'
    'HTTP_ACCEPT' => 'application/json, text/plain, */*'
    'HTTP_CONTENT_LENGTH' => '0'
    'HTTP_USER_AGENT' => 'Mozilla/5.0 (Macintosh; Intel Mac OS X 10.15; rv:148.0) Gecko/20100101 Firefox/148.0'
    'HTTP_HOST' => 'derschmuckmacher-v3.ddev.site'
    'HTTPS' => 'on'
    'REDIRECT_STATUS' => '200'
    'SERVER_NAME' => 'derschmuckmacher-v3.ddev.site'
    'SERVER_PORT' => '80'
    'SERVER_ADDR' => '172.18.0.3'
    'REMOTE_PORT' => '34450'
    'REMOTE_ADDR' => '172.18.0.5'
    'SERVER_SOFTWARE' => 'nginx/1.28.0'
    'GATEWAY_INTERFACE' => 'CGI/1.1'
    'REQUEST_SCHEME' => 'http'
    'SERVER_PROTOCOL' => 'HTTP/1.1'
    'DOCUMENT_ROOT' => '/var/www/html/web'
    'DOCUMENT_URI' => '/index.php'
    'REQUEST_URI' => '/index.php?p=dW2axQ3b%2Factions%2Fqueue%2Frun&v=1773762089114'
    'CONTENT_LENGTH' => '0'
    'CONTENT_TYPE' => ''
    'REQUEST_METHOD' => 'POST'
    'QUERY_STRING' => 'p=dW2axQ3b%2Factions%2Fqueue%2Frun&v=1773762089114'
    'SCRIPT_NAME' => '/index.php'
    'SCRIPT_FILENAME' => '/var/www/html/web/index.php'
    'FCGI_ROLE' => 'RESPONDER'
    'PHP_SELF' => '/index.php'
    'REQUEST_TIME_FLOAT' => 1773762089.1172
    'REQUEST_TIME' => 1773762089
    'CRAFT_APP_ID' => 'CraftCMS--3933bc78-29f5-4b79-bcc5-c31faf0fcd20'
    'CRAFT_ENVIRONMENT' => 'dev'
    'ENVIRONMENT' => 'dev'
    'CRAFT_SECURITY_KEY' => '••••••••••••••••••••••••••••••••'
    'CP_TRIGGER' => 'dW2axQ3b'
    'CRAFT_DB_SCHEMA' => 'public'
    'CRAFT_DB_TABLE_PREFIX' => ''
    'DEV_MODE' => 'true'
    'ALLOW_ADMIN_CHANGES' => 'true'
    'DISALLOW_ROBOTS' => 'true'
    'TIMEZONE' => 'Europe/Zurich'
    'CAPTCHA_SITE_KEY' => '••••••••••••••••••••••••••••••••••••••••'
    'CAPTCHA_SECRET_KEY' => '••••••••••••••••••••••••••••••••••••••••'
    'WEB_URL' => 'https://derschmuckmacher-v3.ddev.site'
    'WEB_ROOT' => '/var/www/html/web'
    'ASSETS_BASE_URL' => 'https://derschmuckmacher-v3.ddev.site/public'
    'ASSETS_BASE_PATH' => '/var/www/html/web/public'
    'SCHMUCK_BASE_URL' => 'https://derschmuckmacher-v3.ddev.site/public/uploads/schmuck'
    'SCHMUCK_BASE_PATH' => '/var/www/html/web/public/uploads/schmuck'
] {"environment":"dev","userId":1} 
2026-03-17 16:54:57 [queue.INFO] [yii\db\Connection::open] Opening DB connection: mysql:host=db;dbname=db;port=3306 {"memory":1100920} 
2026-03-17 16:54:57 [queue.INFO] [yii\web\Session::open] Session started {"memory":1444288} 
2026-03-17 16:54:57 [queue.INFO] [nystudio107\codeeditor\CodeEditor::bootstrap] CodeEditor module bootstrapped {"memory":1463808} 
2026-03-17 16:54:57 [queue.INFO] [adigital\cookieconsentbanner\CookieConsentBanner::init] Cookie Consent Banner plugin loaded {"memory":1679200} 
2026-03-17 16:54:57 [queue.INFO] [miranj\obfuscator\Obfuscator::init] Obfuscator plugin loaded {"memory":2599784} 
2026-03-17 16:54:57 [queue.INFO] [yii\db\Connection::open] Opening DB connection: mysql:host=db;dbname=db;port=3306 {"memory":2851728} 
2026-03-17 16:54:57 [queue.INFO] [craft\queue\QueueLogBehavior::beforeExec]  [38851] Freeform: Purging Old Notification Logs (attempt: 1, pid: 11103) - Started {"memory":2909760} 
2026-03-17 16:54:57 [queue.INFO] [craft\queue\QueueLogBehavior::afterExec]  [38851] Freeform: Purging Old Notification Logs (attempt: 1, pid: 11103) - Done (time: 0.001s) {"memory":2928144} 
2026-03-17 16:54:57 [queue.INFO] [craft\queue\QueueLogBehavior::beforeExec]  [38852] Freeform: Unfertige Dateien löschen (attempt: 1, pid: 11103) - Started {"memory":3100288} 
2026-03-17 16:54:57 [queue.INFO] [craft\queue\QueueLogBehavior::afterExec]  [38852] Freeform: Unfertige Dateien löschen (attempt: 1, pid: 11103) - Done (time: 0.001s) {"memory":3104312} 
2026-03-17 16:54:57 [queue.INFO] [craft\queue\QueueLogBehavior::beforeExec]  [38853] t9n:["app","Pruning extra revisions"] (attempt: 1, pid: 11103) - Started {"memory":3112968} 
2026-03-17 16:54:57 [queue.INFO] [craft\queue\QueueLogBehavior::afterExec]  [38853] t9n:["app","Pruning extra revisions"] (attempt: 1, pid: 11103) - Done (time: 0.007s) {"memory":3528824} 
2026-03-17 16:54:57 [queue.INFO] [application] Request context:
$_GET = [
    'p' => 'dW2axQ3b/actions/queue/run'
    'v' => '1773762897619'
]

$_POST = []

$_FILES = []

$_COOKIE = [
    'cookieconsent_status' => 'dismiss'
    'CraftSessionId' => '6101e8c3c86d1f31ca53b56b1e33b7a3'
    'CRAFT_CSRF_TOKEN' => '••••••••••••••••••••••••••••••••••••••••••••••••••••••••••••••••••••••••••••••••••••••••••••••••••••••••••••••••••••••••••••••••••••••••••••••••••••••••••••••••••••••••••••••••••••••••••••••••••••••••••••••••••••••••••••••••••••••••••••••••••••••••••••••••••'
    'a8b7b1ec9ffb8baf2c6eaa253fe57112_username' => '26b9ec8568da68d3882e55afaa5d203483c6c5810ee05b5a55c8a0eb10cab93ea:2:{i:0;s:41:\"a8b7b1ec9ffb8baf2c6eaa253fe57112_username\";i:1;s:8:\"odegiuli\";}'
    'Craft-3626ffc1-d0a3-42e3-98aa-37e8aa759561_sidebar' => 'expanded'
    'Craft-3626ffc1-d0a3-42e3-98aa-37e8aa759561_sidebar-details' => 'expanded'
    'a8b7b1ec9ffb8baf2c6eaa253fe57112_identity' => '0174bd2ee8c40f461533a3291f15762227a6c075c380af83a7f526849fd30c8ca:2:{i:0;s:41:\"a8b7b1ec9ffb8baf2c6eaa253fe57112_identity\";i:1;s:159:\"[1,\"[\\\"VejnKqpu61xqdvMSiCvo4uNnuiyueZPSu4cc3FMkhH68E1EgKY30_WFXqIEVpyvq63KgUjAZE-rlgVLah2q5dC6WQcVSXYm6JlBw\\\",null,\\\"54dc9f5354b7a13af97c59945268465e\\\"]\",3600]\";}'
]

$_SESSION = [
    '22b6a59deafcfb2ffb13c3adf3d98a3b__auth_access' => [
        0 => 'previewElement:8578'
        1 => 'saveAssets:1986f3e0-bf2e-4ccd-b34c-7ec2d979afdd'
        2 => 'editStructure:2'
        3 => 'editStructure:1'
        4 => 'previewElement:8539'
        5 => 'previewDraft:875'
        6 => 'previewElement:8582'
        7 => 'previewDraft:876'
        8 => 'previewDraft:877'
        9 => 'previewDraft:879'
        10 => 'previewDraft:881'
        11 => 'previewDraft:882'
        12 => 'previewDraft:883'
        13 => 'previewDraft:884'
        14 => 'saveAssets:'
        15 => 'previewDraft:885'
    ]
    '22b6a59deafcfb2ffb13c3adf3d98a3b__flash' => []
    'a8b7b1ec9ffb8baf2c6eaa253fe57112__token' => '••••••••••••••••••••••••••••••••••••••••••••••••••••••••••••••••••••••••••••••••••••••••••••••••••••'
    'a8b7b1ec9ffb8baf2c6eaa253fe57112__id' => 1
    '__authKey' => '••••••••••••••••••••••••••••••••••••••••••••••••••••••••••••••••••••••••••••••••••••••••••••••••••••••••••••••••••••••••••••••••••••••••••••••••'
    'a8b7b1ec9ffb8baf2c6eaa253fe57112__expire' => 1773766497
    '__duration' => 3600
    '__elevated_timeout' => 1773762118
]

$_SERVER = [
    'DEPLOY_NAME' => 'local'
    'DDEV_WEBSERVER_TYPE' => 'nginx-fpm'
    'npm_config_cache' => '/mnt/ddev-global-cache/npm'
    'COREPACK_ENABLE_DOWNLOAD_PROMPT' => '0'
    'DDEV_GOOS' => 'darwin'
    'IS_DDEV_PROJECT' => 'true'
    'PHP_DEFAULT_VERSION' => '8.3'
    'HOSTNAME' => 'derschmuckmacher-v3-web'
    'MAILPIT_SMTP_PORT' => '1025'
    'MH_SMTP_BIND_ADDR' => '127.0.0.1:1025'
    'DDEV_PRIMARY_URL_WITHOUT_PORT' => 'https://derschmuckmacher-v3.ddev.site'
    'CRAFT_DB_PORT' => '3306'
    'SSH_AUTH_SOCK' => '/home/.ssh-agent/socket'
    'DDEV_GID' => '20'
    'NODE_EXTRA_CA_CERTS' => '/mnt/ddev-global-cache/mkcert/rootCA.pem'
    'DOCKER_IP' => '127.0.0.1'
    'PGPASSWORD' => 'db'
    'CRAFT_WEB_ROOT' => '/var/www/html/web'
    'DDEV_DOCROOT' => 'web'
    'PWD' => '/var/www/html'
    'PLATFORMSH_CLI_UPDATES_CHECK' => '0'
    'DDEV_APPROOT' => '/var/www/html'
    'DDEV_FILES_DIR' => ''
    'START_SCRIPT_TIMEOUT' => '57'
    'APACHE_SITE_TEMPLATE' => '/etc/apache2/apache-site.conf'
    'PHP_INI' => '/etc/php/8.2/fpm/php.ini'
    'DDEV_VERSION' => 'v1.24.10'
    'PRIMARY_SITE_URL' => 'https://derschmuckmacher-v3.ddev.site'
    'TZ' => 'Europe/Zurich'
    'DDEV_XHPROF_MODE' => 'prepend'
    'HTTPS_EXPOSE' => '443:80,8026:8025'
    'COREPACK_HOME' => '/mnt/ddev-global-cache/corepack'
    'CRAFT_DB_DATABASE' => 'db'
    'DDEV_PRIMARY_URL' => 'https://derschmuckmacher-v3.ddev.site'
    'LINES' => '17'
    'DDEV_SITENAME' => 'derschmuckmacher-v3'
    'HOME' => '/home/omar'
    'DRUSH_OPTIONS_URI' => 'https://derschmuckmacher-v3.ddev.site'
    'LANG' => 'C.UTF-8'
    'COLUMNS' => '371'
    'DDEV_MUTAGEN_ENABLED' => 'true'
    'DDEV_USER' => 'omar'
    'PGUSER' => 'db'
    'TERMINUS_CACHE_DIR' => '/mnt/ddev-global-cache/terminus/cache'
    'DDEV_PRIMARY_URL_PORT' => '443'
    'DDEV_ROUTER_HTTP_PORT' => '80'
    'MAILPIT_SMTP_HOSTNAME' => '127.0.0.1'
    'CRAFT_DB_DRIVER' => 'mysql'
    'COMPOSER_PROCESS_TIMEOUT' => '2000'
    'NGINX_SITE_TEMPLATE' => '/etc/nginx/nginx-site.conf'
    'DDEV_FILES_DIRS' => ''
    'CRAFT_DB_SERVER' => 'db'
    'HTTP_EXPOSE' => '80:80,8025:8025'
    'NVM_DIR' => '/home/omar/.nvm'
    'DDEV_PHP_VERSION' => '8.2'
    'DDEV_TLD' => 'ddev.site'
    'DDEV_HOSTNAME' => 'derschmuckmacher-v3.ddev.site'
    'DDEV_PROJECT' => 'derschmuckmacher-v3'
    'DDEV_GOARCH' => 'arm64'
    'VIRTUAL_HOST' => 'derschmuckmacher-v3.ddev.site'
    'TERM' => 'xterm'
    'USER' => 'omar'
    'MYSQL_HISTFILE' => '/mnt/ddev-global-cache/mysqlhistory/derschmuckmacher-v3-web/mysql_history'
    'DDEV_WEB_ENTRYPOINT' => '/mnt/ddev_config/web-entrypoint.d'
    'DDEV_UID' => '501'
    'CAROOT' => '/mnt/ddev-global-cache/mkcert'
    'SHLVL' => '1'
    'COMPOSER_ALLOW_SUPERUSER' => '1'
    'BASH_ENV' => '/etc/bash.nointeractive.bashrc'
    'DDEV_DATABASE' => 'mysql:8.0'
    'PGDATABASE' => 'db'
    'CRAFT_DB_USER' => 'db'
    'DDEV_SCHEME' => 'https'
    'XHPROF_OUTPUT_DIR' => '/tmp/xhprof'
    'COMPOSER_CACHE_DIR' => '/mnt/ddev-global-cache/composer'
    'DDEV_XDEBUG_ENABLED' => 'false'
    'DDEV_DATABASE_FAMILY' => 'mysql'
    'PGHOST' => 'db'
    'DDEV_COMPOSER_ROOT' => '/var/www/html'
    'CRAFT_DB_PASSWORD' => '••'
    'DOCROOT' => 'web'
    'TERMINUS_HIDE_UPDATE_MESSAGE' => '1'
    'PATH' => '/home/omar/bin:/var/www/html/vendor/bin:/usr/local/sbin:/usr/local/bin:/usr/sbin:/usr/bin:/sbin:/bin:/var/www/html/bin:/mnt/ddev-global-cache/global-commands/web'
    'HOST_DOCKER_INTERNAL_IP' => ''
    'DDEV_PROJECT_TYPE' => 'craftcms'
    'DEBIAN_FRONTEND' => 'noninteractive'
    'DDEV_ROUTER_HTTPS_PORT' => '443'
    'EXECIGNORE' => '/var/www/html/vendor/bin/composer'
    'SUPERVISOR_ENABLED' => '1'
    'SUPERVISOR_SERVER_URL' => 'unix:///var/run/supervisor.sock'
    'SUPERVISOR_PROCESS_NAME' => 'php-fpm'
    'SUPERVISOR_GROUP_NAME' => 'php-fpm'
    'HTTP_X_REQUESTED_WITH' => 'XMLHttpRequest'
    'HTTP_X_REGISTERED_JS_FILES' => ''
    'HTTP_X_REGISTERED_ASSET_BUNDLES' => '22e517a2,aee7f8dc,26c46c25,e505ffd6,6b4d7555,bb2f10a0,e5e48399,815d39ea,fc0bc163,1ccab40d,1e21896b,54698ee0,b842675b,1c3c9add,4b1fd285,d8d08e47,8f00ce04,8768f48b,cf3018d6,ec6d0256'
    'HTTP_X_REAL_IP' => '172.18.0.1'
    'HTTP_X_FORWARDED_SERVER' => '61e6ccb23c1b'
    'HTTP_X_FORWARDED_PROTO' => 'https'
    'HTTP_X_FORWARDED_PORT' => '443'
    'HTTP_X_FORWARDED_HOST' => 'derschmuckmacher-v3.ddev.site'
    'HTTP_X_FORWARDED_FOR' => '172.18.0.1'
    'HTTP_X_CSRF_TOKEN' => '••••••••••••••••••••••••••••••••••••••••••••••••••••••••••••••••••••••••••••••••••••••••••••••••••••••••••••••••••••••••••••••••••••••••••••••••••••••••••••••••••••••••••••••••••••••••••••••••••••••••••••••••••••••••••••••••••••••••••••••••••••••••••••••••••••••••••••••••••••••••••••••••••••••••••••••••••••••••••••••••••••••••••••••••••••••••••••••••••••••••••••••••••••••••••••••••••••••••'
    'HTTP_TE' => 'trailers'
    'HTTP_SEC_GPC' => '1'
    'HTTP_SEC_FETCH_SITE' => 'same-origin'
    'HTTP_SEC_FETCH_MODE' => 'cors'
    'HTTP_SEC_FETCH_DEST' => 'empty'
    'HTTP_REFERER' => 'https://derschmuckmacher-v3.ddev.site/dW2axQ3b/content/entries/aktuelles?source=section%3Aabbf7c18-fd88-4baf-9a5e-dbccf55f4b56'
    'HTTP_ORIGIN' => 'https://derschmuckmacher-v3.ddev.site'
    'HTTP_COOKIE' => 'cookieconsent_status=dismiss; CraftSessionId=6101e8c3c86d1f31ca53b56b1e33b7a3; CRAFT_CSRF_TOKEN=16740b48ba3f84595b6c56ef142b19f6b046fde54bc23622280b174e295f39afa%3A2%3A%7Bi%3A0%3Bs%3A16%3A%22CRAFT_CSRF_TOKEN%22%3Bi%3A1%3Bs%3A147%3A%22JfpP7gD_LrPE_phoiRWTtDPS49nkCv82f0DSgxK4%7Cd91b1261e5555fd659eaa053e8d63b8b95dfcc835d2840aef88e1c92e480d8e2JfpP7gD_LrPE_phoiRWTtDPS49nkCv82f0DSgxK4%7C1%22%3B%7D; a8b7b1ec9ffb8baf2c6eaa253fe57112_username=26b9ec8568da68d3882e55afaa5d203483c6c5810ee05b5a55c8a0eb10cab93ea%3A2%3A%7Bi%3A0%3Bs%3A41%3A%22a8b7b1ec9ffb8baf2c6eaa253fe57112_username%22%3Bi%3A1%3Bs%3A8%3A%22odegiuli%22%3B%7D; Craft-3626ffc1-d0a3-42e3-98aa-37e8aa759561_sidebar=expanded; Craft-3626ffc1-d0a3-42e3-98aa-37e8aa759561_sidebar-details=expanded; a8b7b1ec9ffb8baf2c6eaa253fe57112_identity=0174bd2ee8c40f461533a3291f15762227a6c075c380af83a7f526849fd30c8ca%3A2%3A%7Bi%3A0%3Bs%3A41%3A%22a8b7b1ec9ffb8baf2c6eaa253fe57112_identity%22%3Bi%3A1%3Bs%3A159%3A%22%5B1%2C%22%5B%5C%22VejnKqpu61xqdvMSiCvo4uNnuiyueZPSu4cc3FMkhH68E1EgKY30_WFXqIEVpyvq63KgUjAZE-rlgVLah2q5dC6WQcVSXYm6JlBw%5C%22%2Cnull%2C%5C%2254dc9f5354b7a13af97c59945268465e%5C%22%5D%22%2C3600%5D%22%3B%7D'
    'HTTP_ACCEPT_LANGUAGE' => 'de,en-US;q=0.9,en;q=0.8'
    'HTTP_ACCEPT_ENCODING' => 'gzip, deflate, br, zstd'
    'HTTP_ACCEPT' => 'application/json, text/plain, */*'
    'HTTP_CONTENT_LENGTH' => '0'
    'HTTP_USER_AGENT' => 'Mozilla/5.0 (Macintosh; Intel Mac OS X 10.15; rv:148.0) Gecko/20100101 Firefox/148.0'
    'HTTP_HOST' => 'derschmuckmacher-v3.ddev.site'
    'HTTPS' => 'on'
    'REDIRECT_STATUS' => '200'
    'SERVER_NAME' => 'derschmuckmacher-v3.ddev.site'
    'SERVER_PORT' => '80'
    'SERVER_ADDR' => '172.18.0.3'
    'REMOTE_PORT' => '37376'
    'REMOTE_ADDR' => '172.18.0.5'
    'SERVER_SOFTWARE' => 'nginx/1.28.0'
    'GATEWAY_INTERFACE' => 'CGI/1.1'
    'REQUEST_SCHEME' => 'http'
    'SERVER_PROTOCOL' => 'HTTP/1.1'
    'DOCUMENT_ROOT' => '/var/www/html/web'
    'DOCUMENT_URI' => '/index.php'
    'REQUEST_URI' => '/index.php?p=dW2axQ3b%2Factions%2Fqueue%2Frun&v=1773762897619'
    'CONTENT_LENGTH' => '0'
    'CONTENT_TYPE' => ''
    'REQUEST_METHOD' => 'POST'
    'QUERY_STRING' => 'p=dW2axQ3b%2Factions%2Fqueue%2Frun&v=1773762897619'
    'SCRIPT_NAME' => '/index.php'
    'SCRIPT_FILENAME' => '/var/www/html/web/index.php'
    'FCGI_ROLE' => 'RESPONDER'
    'PHP_SELF' => '/index.php'
    'REQUEST_TIME_FLOAT' => 1773762897.6218
    'REQUEST_TIME' => 1773762897
    'CRAFT_APP_ID' => 'CraftCMS--3933bc78-29f5-4b79-bcc5-c31faf0fcd20'
    'CRAFT_ENVIRONMENT' => 'dev'
    'ENVIRONMENT' => 'dev'
    'CRAFT_SECURITY_KEY' => '••••••••••••••••••••••••••••••••'
    'CP_TRIGGER' => 'dW2axQ3b'
    'CRAFT_DB_SCHEMA' => 'public'
    'CRAFT_DB_TABLE_PREFIX' => ''
    'DEV_MODE' => 'true'
    'ALLOW_ADMIN_CHANGES' => 'true'
    'DISALLOW_ROBOTS' => 'true'
    'TIMEZONE' => 'Europe/Zurich'
    'CAPTCHA_SITE_KEY' => '••••••••••••••••••••••••••••••••••••••••'
    'CAPTCHA_SECRET_KEY' => '••••••••••••••••••••••••••••••••••••••••'
    'WEB_URL' => 'https://derschmuckmacher-v3.ddev.site'
    'WEB_ROOT' => '/var/www/html/web'
    'ASSETS_BASE_URL' => 'https://derschmuckmacher-v3.ddev.site/public'
    'ASSETS_BASE_PATH' => '/var/www/html/web/public'
    'SCHMUCK_BASE_URL' => 'https://derschmuckmacher-v3.ddev.site/public/uploads/schmuck'
    'SCHMUCK_BASE_PATH' => '/var/www/html/web/public/uploads/schmuck'
] {"environment":"dev","userId":1} 
2026-03-17 16:55:56 [queue.INFO] [yii\db\Connection::open] Opening DB connection: mysql:host=db;dbname=db;port=3306 {"memory":1100920} 
2026-03-17 16:55:56 [queue.INFO] [yii\web\Session::open] Session started {"memory":1442472} 
2026-03-17 16:55:56 [queue.INFO] [nystudio107\codeeditor\CodeEditor::bootstrap] CodeEditor module bootstrapped {"memory":1464232} 
2026-03-17 16:55:56 [queue.INFO] [adigital\cookieconsentbanner\CookieConsentBanner::init] Cookie Consent Banner plugin loaded {"memory":1679768} 
2026-03-17 16:55:56 [queue.INFO] [miranj\obfuscator\Obfuscator::init] Obfuscator plugin loaded {"memory":2600352} 
2026-03-17 16:55:56 [queue.INFO] [yii\db\Connection::open] Opening DB connection: mysql:host=db;dbname=db;port=3306 {"memory":2875296} 
2026-03-17 16:55:56 [queue.INFO] [craft\queue\QueueLogBehavior::beforeExec]  [38854] t9n:["app","Pruning extra revisions"] (attempt: 1, pid: 11103) - Started {"memory":2934048} 
2026-03-17 16:55:56 [queue.INFO] [craft\queue\QueueLogBehavior::afterExec]  [38854] t9n:["app","Pruning extra revisions"] (attempt: 1, pid: 11103) - Done (time: 0.008s) {"memory":3367920} 
2026-03-17 16:55:56 [queue.INFO] [application] Request context:
$_GET = [
    'p' => 'dW2axQ3b/actions/queue/run'
    'v' => '1773762956841'
]

$_POST = []

$_FILES = []

$_COOKIE = [
    'cookieconsent_status' => 'dismiss'
    'CraftSessionId' => '6101e8c3c86d1f31ca53b56b1e33b7a3'
    'CRAFT_CSRF_TOKEN' => '••••••••••••••••••••••••••••••••••••••••••••••••••••••••••••••••••••••••••••••••••••••••••••••••••••••••••••••••••••••••••••••••••••••••••••••••••••••••••••••••••••••••••••••••••••••••••••••••••••••••••••••••••••••••••••••••••••••••••••••••••••••••••••••••••'
    'a8b7b1ec9ffb8baf2c6eaa253fe57112_username' => '26b9ec8568da68d3882e55afaa5d203483c6c5810ee05b5a55c8a0eb10cab93ea:2:{i:0;s:41:\"a8b7b1ec9ffb8baf2c6eaa253fe57112_username\";i:1;s:8:\"odegiuli\";}'
    'Craft-3626ffc1-d0a3-42e3-98aa-37e8aa759561_sidebar' => 'expanded'
    'Craft-3626ffc1-d0a3-42e3-98aa-37e8aa759561_sidebar-details' => 'expanded'
    'a8b7b1ec9ffb8baf2c6eaa253fe57112_identity' => '0174bd2ee8c40f461533a3291f15762227a6c075c380af83a7f526849fd30c8ca:2:{i:0;s:41:\"a8b7b1ec9ffb8baf2c6eaa253fe57112_identity\";i:1;s:159:\"[1,\"[\\\"VejnKqpu61xqdvMSiCvo4uNnuiyueZPSu4cc3FMkhH68E1EgKY30_WFXqIEVpyvq63KgUjAZE-rlgVLah2q5dC6WQcVSXYm6JlBw\\\",null,\\\"54dc9f5354b7a13af97c59945268465e\\\"]\",3600]\";}'
]

$_SESSION = [
    '22b6a59deafcfb2ffb13c3adf3d98a3b__auth_access' => [
        0 => 'previewElement:8578'
        1 => 'saveAssets:1986f3e0-bf2e-4ccd-b34c-7ec2d979afdd'
        2 => 'editStructure:2'
        3 => 'editStructure:1'
        4 => 'previewElement:8539'
        5 => 'previewDraft:875'
        6 => 'previewElement:8582'
        7 => 'previewDraft:876'
        8 => 'previewDraft:877'
        9 => 'previewDraft:879'
        10 => 'previewDraft:881'
        11 => 'previewDraft:882'
        12 => 'previewDraft:883'
        13 => 'previewDraft:884'
        14 => 'saveAssets:'
        15 => 'previewDraft:885'
    ]
    '22b6a59deafcfb2ffb13c3adf3d98a3b__flash' => []
    'a8b7b1ec9ffb8baf2c6eaa253fe57112__token' => '••••••••••••••••••••••••••••••••••••••••••••••••••••••••••••••••••••••••••••••••••••••••••••••••••••'
    'a8b7b1ec9ffb8baf2c6eaa253fe57112__id' => 1
    '__authKey' => '••••••••••••••••••••••••••••••••••••••••••••••••••••••••••••••••••••••••••••••••••••••••••••••••••••••••••••••••••••••••••••••••••••••••••••••••'
    'a8b7b1ec9ffb8baf2c6eaa253fe57112__expire' => 1773766556
    '__duration' => 3600
    '__elevated_timeout' => 1773762118
]

$_SERVER = [
    'DEPLOY_NAME' => 'local'
    'DDEV_WEBSERVER_TYPE' => 'nginx-fpm'
    'npm_config_cache' => '/mnt/ddev-global-cache/npm'
    'COREPACK_ENABLE_DOWNLOAD_PROMPT' => '0'
    'DDEV_GOOS' => 'darwin'
    'IS_DDEV_PROJECT' => 'true'
    'PHP_DEFAULT_VERSION' => '8.3'
    'HOSTNAME' => 'derschmuckmacher-v3-web'
    'MAILPIT_SMTP_PORT' => '1025'
    'MH_SMTP_BIND_ADDR' => '127.0.0.1:1025'
    'DDEV_PRIMARY_URL_WITHOUT_PORT' => 'https://derschmuckmacher-v3.ddev.site'
    'CRAFT_DB_PORT' => '3306'
    'SSH_AUTH_SOCK' => '/home/.ssh-agent/socket'
    'DDEV_GID' => '20'
    'NODE_EXTRA_CA_CERTS' => '/mnt/ddev-global-cache/mkcert/rootCA.pem'
    'DOCKER_IP' => '127.0.0.1'
    'PGPASSWORD' => 'db'
    'CRAFT_WEB_ROOT' => '/var/www/html/web'
    'DDEV_DOCROOT' => 'web'
    'PWD' => '/var/www/html'
    'PLATFORMSH_CLI_UPDATES_CHECK' => '0'
    'DDEV_APPROOT' => '/var/www/html'
    'DDEV_FILES_DIR' => ''
    'START_SCRIPT_TIMEOUT' => '57'
    'APACHE_SITE_TEMPLATE' => '/etc/apache2/apache-site.conf'
    'PHP_INI' => '/etc/php/8.2/fpm/php.ini'
    'DDEV_VERSION' => 'v1.24.10'
    'PRIMARY_SITE_URL' => 'https://derschmuckmacher-v3.ddev.site'
    'TZ' => 'Europe/Zurich'
    'DDEV_XHPROF_MODE' => 'prepend'
    'HTTPS_EXPOSE' => '443:80,8026:8025'
    'COREPACK_HOME' => '/mnt/ddev-global-cache/corepack'
    'CRAFT_DB_DATABASE' => 'db'
    'DDEV_PRIMARY_URL' => 'https://derschmuckmacher-v3.ddev.site'
    'LINES' => '17'
    'DDEV_SITENAME' => 'derschmuckmacher-v3'
    'HOME' => '/home/omar'
    'DRUSH_OPTIONS_URI' => 'https://derschmuckmacher-v3.ddev.site'
    'LANG' => 'C.UTF-8'
    'COLUMNS' => '371'
    'DDEV_MUTAGEN_ENABLED' => 'true'
    'DDEV_USER' => 'omar'
    'PGUSER' => 'db'
    'TERMINUS_CACHE_DIR' => '/mnt/ddev-global-cache/terminus/cache'
    'DDEV_PRIMARY_URL_PORT' => '443'
    'DDEV_ROUTER_HTTP_PORT' => '80'
    'MAILPIT_SMTP_HOSTNAME' => '127.0.0.1'
    'CRAFT_DB_DRIVER' => 'mysql'
    'COMPOSER_PROCESS_TIMEOUT' => '2000'
    'NGINX_SITE_TEMPLATE' => '/etc/nginx/nginx-site.conf'
    'DDEV_FILES_DIRS' => ''
    'CRAFT_DB_SERVER' => 'db'
    'HTTP_EXPOSE' => '80:80,8025:8025'
    'NVM_DIR' => '/home/omar/.nvm'
    'DDEV_PHP_VERSION' => '8.2'
    'DDEV_TLD' => 'ddev.site'
    'DDEV_HOSTNAME' => 'derschmuckmacher-v3.ddev.site'
    'DDEV_PROJECT' => 'derschmuckmacher-v3'
    'DDEV_GOARCH' => 'arm64'
    'VIRTUAL_HOST' => 'derschmuckmacher-v3.ddev.site'
    'TERM' => 'xterm'
    'USER' => 'omar'
    'MYSQL_HISTFILE' => '/mnt/ddev-global-cache/mysqlhistory/derschmuckmacher-v3-web/mysql_history'
    'DDEV_WEB_ENTRYPOINT' => '/mnt/ddev_config/web-entrypoint.d'
    'DDEV_UID' => '501'
    'CAROOT' => '/mnt/ddev-global-cache/mkcert'
    'SHLVL' => '1'
    'COMPOSER_ALLOW_SUPERUSER' => '1'
    'BASH_ENV' => '/etc/bash.nointeractive.bashrc'
    'DDEV_DATABASE' => 'mysql:8.0'
    'PGDATABASE' => 'db'
    'CRAFT_DB_USER' => 'db'
    'DDEV_SCHEME' => 'https'
    'XHPROF_OUTPUT_DIR' => '/tmp/xhprof'
    'COMPOSER_CACHE_DIR' => '/mnt/ddev-global-cache/composer'
    'DDEV_XDEBUG_ENABLED' => 'false'
    'DDEV_DATABASE_FAMILY' => 'mysql'
    'PGHOST' => 'db'
    'DDEV_COMPOSER_ROOT' => '/var/www/html'
    'CRAFT_DB_PASSWORD' => '••'
    'DOCROOT' => 'web'
    'TERMINUS_HIDE_UPDATE_MESSAGE' => '1'
    'PATH' => '/home/omar/bin:/var/www/html/vendor/bin:/usr/local/sbin:/usr/local/bin:/usr/sbin:/usr/bin:/sbin:/bin:/var/www/html/bin:/mnt/ddev-global-cache/global-commands/web'
    'HOST_DOCKER_INTERNAL_IP' => ''
    'DDEV_PROJECT_TYPE' => 'craftcms'
    'DEBIAN_FRONTEND' => 'noninteractive'
    'DDEV_ROUTER_HTTPS_PORT' => '443'
    'EXECIGNORE' => '/var/www/html/vendor/bin/composer'
    'SUPERVISOR_ENABLED' => '1'
    'SUPERVISOR_SERVER_URL' => 'unix:///var/run/supervisor.sock'
    'SUPERVISOR_PROCESS_NAME' => 'php-fpm'
    'SUPERVISOR_GROUP_NAME' => 'php-fpm'
    'HTTP_X_REQUESTED_WITH' => 'XMLHttpRequest'
    'HTTP_X_REGISTERED_JS_FILES' => ''
    'HTTP_X_REGISTERED_ASSET_BUNDLES' => '815d39ea,e7c1329,92d8701,22e517a2,aee7f8dc,26c46c25,e505ffd6,6b4d7555,bb2f10a0,e5e48399,fc0bc163,1ccab40d,1e21896b,54698ee0,b842675b,1c3c9add,4b1fd285,d8d08e47,8f00ce04,8768f48b,cf3018d6,ec6d0256,75f47f25,15a36a51'
    'HTTP_X_REAL_IP' => '172.18.0.1'
    'HTTP_X_FORWARDED_SERVER' => '61e6ccb23c1b'
    'HTTP_X_FORWARDED_PROTO' => 'https'
    'HTTP_X_FORWARDED_PORT' => '443'
    'HTTP_X_FORWARDED_HOST' => 'derschmuckmacher-v3.ddev.site'
    'HTTP_X_FORWARDED_FOR' => '172.18.0.1'
    'HTTP_X_CSRF_TOKEN' => '••••••••••••••••••••••••••••••••••••••••••••••••••••••••••••••••••••••••••••••••••••••••••••••••••••••••••••••••••••••••••••••••••••••••••••••••••••••••••••••••••••••••••••••••••••••••••••••••••••••••••••••••••••••••••••••••••••••••••••••••••••••••••••••••••••••••••••••••••••••••••••••••••••••••••••••••••••••••••••••••••••••••••••••••••••••••••••••••••••••••••••••••••••••••••••••••••••••••'
    'HTTP_TE' => 'trailers'
    'HTTP_SEC_GPC' => '1'
    'HTTP_SEC_FETCH_SITE' => 'same-origin'
    'HTTP_SEC_FETCH_MODE' => 'cors'
    'HTTP_SEC_FETCH_DEST' => 'empty'
    'HTTP_REFERER' => 'https://derschmuckmacher-v3.ddev.site/dW2axQ3b/content/entries/aktuelles/8582-offenes-atelier'
    'HTTP_ORIGIN' => 'https://derschmuckmacher-v3.ddev.site'
    'HTTP_COOKIE' => 'cookieconsent_status=dismiss; CraftSessionId=6101e8c3c86d1f31ca53b56b1e33b7a3; CRAFT_CSRF_TOKEN=16740b48ba3f84595b6c56ef142b19f6b046fde54bc23622280b174e295f39afa%3A2%3A%7Bi%3A0%3Bs%3A16%3A%22CRAFT_CSRF_TOKEN%22%3Bi%3A1%3Bs%3A147%3A%22JfpP7gD_LrPE_phoiRWTtDPS49nkCv82f0DSgxK4%7Cd91b1261e5555fd659eaa053e8d63b8b95dfcc835d2840aef88e1c92e480d8e2JfpP7gD_LrPE_phoiRWTtDPS49nkCv82f0DSgxK4%7C1%22%3B%7D; a8b7b1ec9ffb8baf2c6eaa253fe57112_username=26b9ec8568da68d3882e55afaa5d203483c6c5810ee05b5a55c8a0eb10cab93ea%3A2%3A%7Bi%3A0%3Bs%3A41%3A%22a8b7b1ec9ffb8baf2c6eaa253fe57112_username%22%3Bi%3A1%3Bs%3A8%3A%22odegiuli%22%3B%7D; Craft-3626ffc1-d0a3-42e3-98aa-37e8aa759561_sidebar=expanded; Craft-3626ffc1-d0a3-42e3-98aa-37e8aa759561_sidebar-details=expanded; a8b7b1ec9ffb8baf2c6eaa253fe57112_identity=0174bd2ee8c40f461533a3291f15762227a6c075c380af83a7f526849fd30c8ca%3A2%3A%7Bi%3A0%3Bs%3A41%3A%22a8b7b1ec9ffb8baf2c6eaa253fe57112_identity%22%3Bi%3A1%3Bs%3A159%3A%22%5B1%2C%22%5B%5C%22VejnKqpu61xqdvMSiCvo4uNnuiyueZPSu4cc3FMkhH68E1EgKY30_WFXqIEVpyvq63KgUjAZE-rlgVLah2q5dC6WQcVSXYm6JlBw%5C%22%2Cnull%2C%5C%2254dc9f5354b7a13af97c59945268465e%5C%22%5D%22%2C3600%5D%22%3B%7D'
    'HTTP_ACCEPT_LANGUAGE' => 'de,en-US;q=0.9,en;q=0.8'
    'HTTP_ACCEPT_ENCODING' => 'gzip, deflate, br, zstd'
    'HTTP_ACCEPT' => 'application/json, text/plain, */*'
    'HTTP_CONTENT_LENGTH' => '0'
    'HTTP_USER_AGENT' => 'Mozilla/5.0 (Macintosh; Intel Mac OS X 10.15; rv:148.0) Gecko/20100101 Firefox/148.0'
    'HTTP_HOST' => 'derschmuckmacher-v3.ddev.site'
    'HTTPS' => 'on'
    'REDIRECT_STATUS' => '200'
    'SERVER_NAME' => 'derschmuckmacher-v3.ddev.site'
    'SERVER_PORT' => '80'
    'SERVER_ADDR' => '172.18.0.3'
    'REMOTE_PORT' => '33998'
    'REMOTE_ADDR' => '172.18.0.5'
    'SERVER_SOFTWARE' => 'nginx/1.28.0'
    'GATEWAY_INTERFACE' => 'CGI/1.1'
    'REQUEST_SCHEME' => 'http'
    'SERVER_PROTOCOL' => 'HTTP/1.1'
    'DOCUMENT_ROOT' => '/var/www/html/web'
    'DOCUMENT_URI' => '/index.php'
    'REQUEST_URI' => '/index.php?p=dW2axQ3b%2Factions%2Fqueue%2Frun&v=1773762956841'
    'CONTENT_LENGTH' => '0'
    'CONTENT_TYPE' => ''
    'REQUEST_METHOD' => 'POST'
    'QUERY_STRING' => 'p=dW2axQ3b%2Factions%2Fqueue%2Frun&v=1773762956841'
    'SCRIPT_NAME' => '/index.php'
    'SCRIPT_FILENAME' => '/var/www/html/web/index.php'
    'FCGI_ROLE' => 'RESPONDER'
    'PHP_SELF' => '/index.php'
    'REQUEST_TIME_FLOAT' => 1773762956.8458
    'REQUEST_TIME' => 1773762956
    'CRAFT_APP_ID' => 'CraftCMS--3933bc78-29f5-4b79-bcc5-c31faf0fcd20'
    'CRAFT_ENVIRONMENT' => 'dev'
    'ENVIRONMENT' => 'dev'
    'CRAFT_SECURITY_KEY' => '••••••••••••••••••••••••••••••••'
    'CP_TRIGGER' => 'dW2axQ3b'
    'CRAFT_DB_SCHEMA' => 'public'
    'CRAFT_DB_TABLE_PREFIX' => ''
    'DEV_MODE' => 'true'
    'ALLOW_ADMIN_CHANGES' => 'true'
    'DISALLOW_ROBOTS' => 'true'
    'TIMEZONE' => 'Europe/Zurich'
    'CAPTCHA_SITE_KEY' => '••••••••••••••••••••••••••••••••••••••••'
    'CAPTCHA_SECRET_KEY' => '••••••••••••••••••••••••••••••••••••••••'
    'WEB_URL' => 'https://derschmuckmacher-v3.ddev.site'
    'WEB_ROOT' => '/var/www/html/web'
    'ASSETS_BASE_URL' => 'https://derschmuckmacher-v3.ddev.site/public'
    'ASSETS_BASE_PATH' => '/var/www/html/web/public'
    'SCHMUCK_BASE_URL' => 'https://derschmuckmacher-v3.ddev.site/public/uploads/schmuck'
    'SCHMUCK_BASE_PATH' => '/var/www/html/web/public/uploads/schmuck'
] {"environment":"dev","userId":1} 
2026-03-17 16:56:04 [queue.INFO] [yii\db\Connection::open] Opening DB connection: mysql:host=db;dbname=db;port=3306 {"memory":1100792} 
2026-03-17 16:56:04 [queue.INFO] [yii\web\Session::open] Session started {"memory":1447184} 
2026-03-17 16:56:04 [queue.INFO] [nystudio107\codeeditor\CodeEditor::bootstrap] CodeEditor module bootstrapped {"memory":1466704} 
2026-03-17 16:56:04 [queue.INFO] [adigital\cookieconsentbanner\CookieConsentBanner::init] Cookie Consent Banner plugin loaded {"memory":1682096} 
2026-03-17 16:56:04 [queue.INFO] [miranj\obfuscator\Obfuscator::init] Obfuscator plugin loaded {"memory":2602680} 
2026-03-17 16:56:04 [queue.INFO] [yii\db\Connection::open] Opening DB connection: mysql:host=db;dbname=db;port=3306 {"memory":2858720} 
2026-03-17 16:56:04 [queue.INFO] [craft\queue\QueueLogBehavior::beforeExec]  [38855] t9n:["app","Updating search indexes"] (attempt: 1, pid: 14914) - Started {"memory":2917472} 
2026-03-17 16:56:04 [queue.INFO] [craft\queue\QueueLogBehavior::afterExec]  [38855] t9n:["app","Updating search indexes"] (attempt: 1, pid: 14914) - Done (time: 0.010s) {"memory":3371304} 
2026-03-17 16:56:04 [queue.INFO] [craft\queue\QueueLogBehavior::beforeExec]  [38856] t9n:["app","Updating search indexes"] (attempt: 1, pid: 14914) - Started {"memory":3379336} 
2026-03-17 16:56:04 [queue.INFO] [craft\queue\QueueLogBehavior::afterExec]  [38856] t9n:["app","Updating search indexes"] (attempt: 1, pid: 14914) - Done (time: 0.005s) {"memory":3828440} 
2026-03-17 16:56:04 [queue.INFO] [craft\queue\QueueLogBehavior::beforeExec]  [38857] t9n:["app","Pruning extra revisions"] (attempt: 1, pid: 14914) - Started {"memory":3836424} 
2026-03-17 16:56:04 [queue.INFO] [craft\queue\QueueLogBehavior::afterExec]  [38857] t9n:["app","Pruning extra revisions"] (attempt: 1, pid: 14914) - Done (time: 0.001s) {"memory":3901368} 
2026-03-17 16:56:04 [queue.INFO] [application] Request context:
$_GET = [
    'p' => 'dW2axQ3b/actions/queue/run'
    'v' => '1773762964724'
]

$_POST = []

$_FILES = []

$_COOKIE = [
    'cookieconsent_status' => 'dismiss'
    'CraftSessionId' => '6101e8c3c86d1f31ca53b56b1e33b7a3'
    'CRAFT_CSRF_TOKEN' => '••••••••••••••••••••••••••••••••••••••••••••••••••••••••••••••••••••••••••••••••••••••••••••••••••••••••••••••••••••••••••••••••••••••••••••••••••••••••••••••••••••••••••••••••••••••••••••••••••••••••••••••••••••••••••••••••••••••••••••••••••••••••••••••••••'
    'a8b7b1ec9ffb8baf2c6eaa253fe57112_username' => '26b9ec8568da68d3882e55afaa5d203483c6c5810ee05b5a55c8a0eb10cab93ea:2:{i:0;s:41:\"a8b7b1ec9ffb8baf2c6eaa253fe57112_username\";i:1;s:8:\"odegiuli\";}'
    'Craft-3626ffc1-d0a3-42e3-98aa-37e8aa759561_sidebar' => 'expanded'
    'Craft-3626ffc1-d0a3-42e3-98aa-37e8aa759561_sidebar-details' => 'expanded'
    'a8b7b1ec9ffb8baf2c6eaa253fe57112_identity' => '0174bd2ee8c40f461533a3291f15762227a6c075c380af83a7f526849fd30c8ca:2:{i:0;s:41:\"a8b7b1ec9ffb8baf2c6eaa253fe57112_identity\";i:1;s:159:\"[1,\"[\\\"VejnKqpu61xqdvMSiCvo4uNnuiyueZPSu4cc3FMkhH68E1EgKY30_WFXqIEVpyvq63KgUjAZE-rlgVLah2q5dC6WQcVSXYm6JlBw\\\",null,\\\"54dc9f5354b7a13af97c59945268465e\\\"]\",3600]\";}'
]

$_SESSION = [
    '22b6a59deafcfb2ffb13c3adf3d98a3b__auth_access' => [
        0 => 'previewElement:8578'
        1 => 'saveAssets:1986f3e0-bf2e-4ccd-b34c-7ec2d979afdd'
        2 => 'editStructure:2'
        3 => 'editStructure:1'
        4 => 'previewElement:8539'
        5 => 'previewDraft:875'
        6 => 'previewElement:8582'
        7 => 'previewDraft:876'
        8 => 'previewDraft:877'
        9 => 'previewDraft:879'
        10 => 'previewDraft:881'
        11 => 'previewDraft:882'
        12 => 'previewDraft:883'
        13 => 'previewDraft:884'
        14 => 'saveAssets:'
        15 => 'previewDraft:885'
        16 => 'previewDraft:886'
    ]
    '22b6a59deafcfb2ffb13c3adf3d98a3b__flash' => []
    'a8b7b1ec9ffb8baf2c6eaa253fe57112__token' => '••••••••••••••••••••••••••••••••••••••••••••••••••••••••••••••••••••••••••••••••••••••••••••••••••••'
    'a8b7b1ec9ffb8baf2c6eaa253fe57112__id' => 1
    '__authKey' => '••••••••••••••••••••••••••••••••••••••••••••••••••••••••••••••••••••••••••••••••••••••••••••••••••••••••••••••••••••••••••••••••••••••••••••••••'
    'a8b7b1ec9ffb8baf2c6eaa253fe57112__expire' => 1773766564
    '__duration' => 3600
    '__elevated_timeout' => 1773762118
]

$_SERVER = [
    'DEPLOY_NAME' => 'local'
    'DDEV_WEBSERVER_TYPE' => 'nginx-fpm'
    'npm_config_cache' => '/mnt/ddev-global-cache/npm'
    'COREPACK_ENABLE_DOWNLOAD_PROMPT' => '0'
    'DDEV_GOOS' => 'darwin'
    'IS_DDEV_PROJECT' => 'true'
    'PHP_DEFAULT_VERSION' => '8.3'
    'HOSTNAME' => 'derschmuckmacher-v3-web'
    'MAILPIT_SMTP_PORT' => '1025'
    'MH_SMTP_BIND_ADDR' => '127.0.0.1:1025'
    'DDEV_PRIMARY_URL_WITHOUT_PORT' => 'https://derschmuckmacher-v3.ddev.site'
    'CRAFT_DB_PORT' => '3306'
    'SSH_AUTH_SOCK' => '/home/.ssh-agent/socket'
    'DDEV_GID' => '20'
    'NODE_EXTRA_CA_CERTS' => '/mnt/ddev-global-cache/mkcert/rootCA.pem'
    'DOCKER_IP' => '127.0.0.1'
    'PGPASSWORD' => 'db'
    'CRAFT_WEB_ROOT' => '/var/www/html/web'
    'DDEV_DOCROOT' => 'web'
    'PWD' => '/var/www/html'
    'PLATFORMSH_CLI_UPDATES_CHECK' => '0'
    'DDEV_APPROOT' => '/var/www/html'
    'DDEV_FILES_DIR' => ''
    'START_SCRIPT_TIMEOUT' => '57'
    'APACHE_SITE_TEMPLATE' => '/etc/apache2/apache-site.conf'
    'PHP_INI' => '/etc/php/8.2/fpm/php.ini'
    'DDEV_VERSION' => 'v1.24.10'
    'PRIMARY_SITE_URL' => 'https://derschmuckmacher-v3.ddev.site'
    'TZ' => 'Europe/Zurich'
    'DDEV_XHPROF_MODE' => 'prepend'
    'HTTPS_EXPOSE' => '443:80,8026:8025'
    'COREPACK_HOME' => '/mnt/ddev-global-cache/corepack'
    'CRAFT_DB_DATABASE' => 'db'
    'DDEV_PRIMARY_URL' => 'https://derschmuckmacher-v3.ddev.site'
    'LINES' => '17'
    'DDEV_SITENAME' => 'derschmuckmacher-v3'
    'HOME' => '/home/omar'
    'DRUSH_OPTIONS_URI' => 'https://derschmuckmacher-v3.ddev.site'
    'LANG' => 'C.UTF-8'
    'COLUMNS' => '371'
    'DDEV_MUTAGEN_ENABLED' => 'true'
    'DDEV_USER' => 'omar'
    'PGUSER' => 'db'
    'TERMINUS_CACHE_DIR' => '/mnt/ddev-global-cache/terminus/cache'
    'DDEV_PRIMARY_URL_PORT' => '443'
    'DDEV_ROUTER_HTTP_PORT' => '80'
    'MAILPIT_SMTP_HOSTNAME' => '127.0.0.1'
    'CRAFT_DB_DRIVER' => 'mysql'
    'COMPOSER_PROCESS_TIMEOUT' => '2000'
    'NGINX_SITE_TEMPLATE' => '/etc/nginx/nginx-site.conf'
    'DDEV_FILES_DIRS' => ''
    'CRAFT_DB_SERVER' => 'db'
    'HTTP_EXPOSE' => '80:80,8025:8025'
    'NVM_DIR' => '/home/omar/.nvm'
    'DDEV_PHP_VERSION' => '8.2'
    'DDEV_TLD' => 'ddev.site'
    'DDEV_HOSTNAME' => 'derschmuckmacher-v3.ddev.site'
    'DDEV_PROJECT' => 'derschmuckmacher-v3'
    'DDEV_GOARCH' => 'arm64'
    'VIRTUAL_HOST' => 'derschmuckmacher-v3.ddev.site'
    'TERM' => 'xterm'
    'USER' => 'omar'
    'MYSQL_HISTFILE' => '/mnt/ddev-global-cache/mysqlhistory/derschmuckmacher-v3-web/mysql_history'
    'DDEV_WEB_ENTRYPOINT' => '/mnt/ddev_config/web-entrypoint.d'
    'DDEV_UID' => '501'
    'CAROOT' => '/mnt/ddev-global-cache/mkcert'
    'SHLVL' => '1'
    'COMPOSER_ALLOW_SUPERUSER' => '1'
    'BASH_ENV' => '/etc/bash.nointeractive.bashrc'
    'DDEV_DATABASE' => 'mysql:8.0'
    'PGDATABASE' => 'db'
    'CRAFT_DB_USER' => 'db'
    'DDEV_SCHEME' => 'https'
    'XHPROF_OUTPUT_DIR' => '/tmp/xhprof'
    'COMPOSER_CACHE_DIR' => '/mnt/ddev-global-cache/composer'
    'DDEV_XDEBUG_ENABLED' => 'false'
    'DDEV_DATABASE_FAMILY' => 'mysql'
    'PGHOST' => 'db'
    'DDEV_COMPOSER_ROOT' => '/var/www/html'
    'CRAFT_DB_PASSWORD' => '••'
    'DOCROOT' => 'web'
    'TERMINUS_HIDE_UPDATE_MESSAGE' => '1'
    'PATH' => '/home/omar/bin:/var/www/html/vendor/bin:/usr/local/sbin:/usr/local/bin:/usr/sbin:/usr/bin:/sbin:/bin:/var/www/html/bin:/mnt/ddev-global-cache/global-commands/web'
    'HOST_DOCKER_INTERNAL_IP' => ''
    'DDEV_PROJECT_TYPE' => 'craftcms'
    'DEBIAN_FRONTEND' => 'noninteractive'
    'DDEV_ROUTER_HTTPS_PORT' => '443'
    'EXECIGNORE' => '/var/www/html/vendor/bin/composer'
    'SUPERVISOR_ENABLED' => '1'
    'SUPERVISOR_SERVER_URL' => 'unix:///var/run/supervisor.sock'
    'SUPERVISOR_PROCESS_NAME' => 'php-fpm'
    'SUPERVISOR_GROUP_NAME' => 'php-fpm'
    'HTTP_X_REQUESTED_WITH' => 'XMLHttpRequest'
    'HTTP_X_REGISTERED_JS_FILES' => ''
    'HTTP_X_REGISTERED_ASSET_BUNDLES' => '22e517a2,aee7f8dc,26c46c25,e505ffd6,6b4d7555,bb2f10a0,e5e48399,815d39ea,fc0bc163,1ccab40d,1e21896b,54698ee0,b842675b,1c3c9add,4b1fd285,d8d08e47,8f00ce04,8768f48b,cf3018d6,ec6d0256'
    'HTTP_X_REAL_IP' => '172.18.0.1'
    'HTTP_X_FORWARDED_SERVER' => '61e6ccb23c1b'
    'HTTP_X_FORWARDED_PROTO' => 'https'
    'HTTP_X_FORWARDED_PORT' => '443'
    'HTTP_X_FORWARDED_HOST' => 'derschmuckmacher-v3.ddev.site'
    'HTTP_X_FORWARDED_FOR' => '172.18.0.1'
    'HTTP_X_CSRF_TOKEN' => '••••••••••••••••••••••••••••••••••••••••••••••••••••••••••••••••••••••••••••••••••••••••••••••••••••••••••••••••••••••••••••••••••••••••••••••••••••••••••••••••••••••••••••••••••••••••••••••••••••••••••••••••••••••••••••••••••••••••••••••••••••••••••••••••••••••••••••••••••••••••••••••••••••••••••••••••••••••••••••••••••••••••••••••••••••••••••••••••••••••••••••••••••••••••••••••••••••••••'
    'HTTP_TE' => 'trailers'
    'HTTP_SEC_GPC' => '1'
    'HTTP_SEC_FETCH_SITE' => 'same-origin'
    'HTTP_SEC_FETCH_MODE' => 'cors'
    'HTTP_SEC_FETCH_DEST' => 'empty'
    'HTTP_REFERER' => 'https://derschmuckmacher-v3.ddev.site/dW2axQ3b/content/entries'
    'HTTP_ORIGIN' => 'https://derschmuckmacher-v3.ddev.site'
    'HTTP_COOKIE' => 'cookieconsent_status=dismiss; CraftSessionId=6101e8c3c86d1f31ca53b56b1e33b7a3; CRAFT_CSRF_TOKEN=16740b48ba3f84595b6c56ef142b19f6b046fde54bc23622280b174e295f39afa%3A2%3A%7Bi%3A0%3Bs%3A16%3A%22CRAFT_CSRF_TOKEN%22%3Bi%3A1%3Bs%3A147%3A%22JfpP7gD_LrPE_phoiRWTtDPS49nkCv82f0DSgxK4%7Cd91b1261e5555fd659eaa053e8d63b8b95dfcc835d2840aef88e1c92e480d8e2JfpP7gD_LrPE_phoiRWTtDPS49nkCv82f0DSgxK4%7C1%22%3B%7D; a8b7b1ec9ffb8baf2c6eaa253fe57112_username=26b9ec8568da68d3882e55afaa5d203483c6c5810ee05b5a55c8a0eb10cab93ea%3A2%3A%7Bi%3A0%3Bs%3A41%3A%22a8b7b1ec9ffb8baf2c6eaa253fe57112_username%22%3Bi%3A1%3Bs%3A8%3A%22odegiuli%22%3B%7D; Craft-3626ffc1-d0a3-42e3-98aa-37e8aa759561_sidebar=expanded; Craft-3626ffc1-d0a3-42e3-98aa-37e8aa759561_sidebar-details=expanded; a8b7b1ec9ffb8baf2c6eaa253fe57112_identity=0174bd2ee8c40f461533a3291f15762227a6c075c380af83a7f526849fd30c8ca%3A2%3A%7Bi%3A0%3Bs%3A41%3A%22a8b7b1ec9ffb8baf2c6eaa253fe57112_identity%22%3Bi%3A1%3Bs%3A159%3A%22%5B1%2C%22%5B%5C%22VejnKqpu61xqdvMSiCvo4uNnuiyueZPSu4cc3FMkhH68E1EgKY30_WFXqIEVpyvq63KgUjAZE-rlgVLah2q5dC6WQcVSXYm6JlBw%5C%22%2Cnull%2C%5C%2254dc9f5354b7a13af97c59945268465e%5C%22%5D%22%2C3600%5D%22%3B%7D'
    'HTTP_ACCEPT_LANGUAGE' => 'de,en-US;q=0.9,en;q=0.8'
    'HTTP_ACCEPT_ENCODING' => 'gzip, deflate, br, zstd'
    'HTTP_ACCEPT' => 'application/json, text/plain, */*'
    'HTTP_CONTENT_LENGTH' => '0'
    'HTTP_USER_AGENT' => 'Mozilla/5.0 (Macintosh; Intel Mac OS X 10.15; rv:148.0) Gecko/20100101 Firefox/148.0'
    'HTTP_HOST' => 'derschmuckmacher-v3.ddev.site'
    'HTTPS' => 'on'
    'REDIRECT_STATUS' => '200'
    'SERVER_NAME' => 'derschmuckmacher-v3.ddev.site'
    'SERVER_PORT' => '80'
    'SERVER_ADDR' => '172.18.0.3'
    'REMOTE_PORT' => '41048'
    'REMOTE_ADDR' => '172.18.0.5'
    'SERVER_SOFTWARE' => 'nginx/1.28.0'
    'GATEWAY_INTERFACE' => 'CGI/1.1'
    'REQUEST_SCHEME' => 'http'
    'SERVER_PROTOCOL' => 'HTTP/1.1'
    'DOCUMENT_ROOT' => '/var/www/html/web'
    'DOCUMENT_URI' => '/index.php'
    'REQUEST_URI' => '/index.php?p=dW2axQ3b%2Factions%2Fqueue%2Frun&v=1773762964724'
    'CONTENT_LENGTH' => '0'
    'CONTENT_TYPE' => ''
    'REQUEST_METHOD' => 'POST'
    'QUERY_STRING' => 'p=dW2axQ3b%2Factions%2Fqueue%2Frun&v=1773762964724'
    'SCRIPT_NAME' => '/index.php'
    'SCRIPT_FILENAME' => '/var/www/html/web/index.php'
    'FCGI_ROLE' => 'RESPONDER'
    'PHP_SELF' => '/index.php'
    'REQUEST_TIME_FLOAT' => 1773762964.7275
    'REQUEST_TIME' => 1773762964
    'CRAFT_APP_ID' => 'CraftCMS--3933bc78-29f5-4b79-bcc5-c31faf0fcd20'
    'CRAFT_ENVIRONMENT' => 'dev'
    'ENVIRONMENT' => 'dev'
    'CRAFT_SECURITY_KEY' => '••••••••••••••••••••••••••••••••'
    'CP_TRIGGER' => 'dW2axQ3b'
    'CRAFT_DB_SCHEMA' => 'public'
    'CRAFT_DB_TABLE_PREFIX' => ''
    'DEV_MODE' => 'true'
    'ALLOW_ADMIN_CHANGES' => 'true'
    'DISALLOW_ROBOTS' => 'true'
    'TIMEZONE' => 'Europe/Zurich'
    'CAPTCHA_SITE_KEY' => '••••••••••••••••••••••••••••••••••••••••'
    'CAPTCHA_SECRET_KEY' => '••••••••••••••••••••••••••••••••••••••••'
    'WEB_URL' => 'https://derschmuckmacher-v3.ddev.site'
    'WEB_ROOT' => '/var/www/html/web'
    'ASSETS_BASE_URL' => 'https://derschmuckmacher-v3.ddev.site/public'
    'ASSETS_BASE_PATH' => '/var/www/html/web/public'
    'SCHMUCK_BASE_URL' => 'https://derschmuckmacher-v3.ddev.site/public/uploads/schmuck'
    'SCHMUCK_BASE_PATH' => '/var/www/html/web/public/uploads/schmuck'
] {"environment":"dev","userId":1} 
2026-03-17 16:57:44 [queue.INFO] [yii\db\Connection::open] Opening DB connection: mysql:host=db;dbname=db;port=3306 {"memory":1100920} 
2026-03-17 16:57:44 [queue.INFO] [yii\web\Session::open] Session started {"memory":1443160} 
2026-03-17 16:57:44 [queue.INFO] [nystudio107\codeeditor\CodeEditor::bootstrap] CodeEditor module bootstrapped {"memory":1464920} 
2026-03-17 16:57:44 [queue.INFO] [adigital\cookieconsentbanner\CookieConsentBanner::init] Cookie Consent Banner plugin loaded {"memory":1680456} 
2026-03-17 16:57:44 [queue.INFO] [miranj\obfuscator\Obfuscator::init] Obfuscator plugin loaded {"memory":2601040} 
2026-03-17 16:57:44 [queue.INFO] [yii\db\Connection::open] Opening DB connection: mysql:host=db;dbname=db;port=3306 {"memory":2857080} 
2026-03-17 16:57:44 [queue.INFO] [craft\queue\QueueLogBehavior::beforeExec]  [38858] t9n:["app","Pruning extra revisions"] (attempt: 1, pid: 14862) - Started {"memory":2915832} 
2026-03-17 16:57:44 [queue.INFO] [craft\queue\QueueLogBehavior::afterExec]  [38858] t9n:["app","Pruning extra revisions"] (attempt: 1, pid: 14862) - Done (time: 0.007s) {"memory":3349704} 
2026-03-17 16:57:44 [queue.INFO] [application] Request context:
$_GET = [
    'p' => 'dW2axQ3b/actions/queue/run'
    'v' => '1773763064392'
]

$_POST = []

$_FILES = []

$_COOKIE = [
    'cookieconsent_status' => 'dismiss'
    'CraftSessionId' => '6101e8c3c86d1f31ca53b56b1e33b7a3'
    'CRAFT_CSRF_TOKEN' => '••••••••••••••••••••••••••••••••••••••••••••••••••••••••••••••••••••••••••••••••••••••••••••••••••••••••••••••••••••••••••••••••••••••••••••••••••••••••••••••••••••••••••••••••••••••••••••••••••••••••••••••••••••••••••••••••••••••••••••••••••••••••••••••••••'
    'a8b7b1ec9ffb8baf2c6eaa253fe57112_username' => '26b9ec8568da68d3882e55afaa5d203483c6c5810ee05b5a55c8a0eb10cab93ea:2:{i:0;s:41:\"a8b7b1ec9ffb8baf2c6eaa253fe57112_username\";i:1;s:8:\"odegiuli\";}'
    'Craft-3626ffc1-d0a3-42e3-98aa-37e8aa759561_sidebar' => 'expanded'
    'Craft-3626ffc1-d0a3-42e3-98aa-37e8aa759561_sidebar-details' => 'expanded'
    'a8b7b1ec9ffb8baf2c6eaa253fe57112_identity' => '0174bd2ee8c40f461533a3291f15762227a6c075c380af83a7f526849fd30c8ca:2:{i:0;s:41:\"a8b7b1ec9ffb8baf2c6eaa253fe57112_identity\";i:1;s:159:\"[1,\"[\\\"VejnKqpu61xqdvMSiCvo4uNnuiyueZPSu4cc3FMkhH68E1EgKY30_WFXqIEVpyvq63KgUjAZE-rlgVLah2q5dC6WQcVSXYm6JlBw\\\",null,\\\"54dc9f5354b7a13af97c59945268465e\\\"]\",3600]\";}'
]

$_SESSION = [
    '22b6a59deafcfb2ffb13c3adf3d98a3b__auth_access' => [
        0 => 'previewElement:8578'
        1 => 'saveAssets:1986f3e0-bf2e-4ccd-b34c-7ec2d979afdd'
        2 => 'editStructure:2'
        3 => 'editStructure:1'
        4 => 'previewElement:8539'
        5 => 'previewDraft:875'
        6 => 'previewElement:8582'
        7 => 'previewDraft:876'
        8 => 'previewDraft:877'
        9 => 'previewDraft:879'
        10 => 'previewDraft:881'
        11 => 'previewDraft:882'
        12 => 'previewDraft:883'
        13 => 'previewDraft:884'
        14 => 'saveAssets:'
        15 => 'previewDraft:885'
        16 => 'previewDraft:886'
    ]
    '22b6a59deafcfb2ffb13c3adf3d98a3b__flash' => []
    'a8b7b1ec9ffb8baf2c6eaa253fe57112__token' => '••••••••••••••••••••••••••••••••••••••••••••••••••••••••••••••••••••••••••••••••••••••••••••••••••••'
    'a8b7b1ec9ffb8baf2c6eaa253fe57112__id' => 1
    '__authKey' => '••••••••••••••••••••••••••••••••••••••••••••••••••••••••••••••••••••••••••••••••••••••••••••••••••••••••••••••••••••••••••••••••••••••••••••••••'
    'a8b7b1ec9ffb8baf2c6eaa253fe57112__expire' => 1773766664
    '__duration' => 3600
    '__elevated_timeout' => 1773762118
]

$_SERVER = [
    'DEPLOY_NAME' => 'local'
    'DDEV_WEBSERVER_TYPE' => 'nginx-fpm'
    'npm_config_cache' => '/mnt/ddev-global-cache/npm'
    'COREPACK_ENABLE_DOWNLOAD_PROMPT' => '0'
    'DDEV_GOOS' => 'darwin'
    'IS_DDEV_PROJECT' => 'true'
    'PHP_DEFAULT_VERSION' => '8.3'
    'HOSTNAME' => 'derschmuckmacher-v3-web'
    'MAILPIT_SMTP_PORT' => '1025'
    'MH_SMTP_BIND_ADDR' => '127.0.0.1:1025'
    'DDEV_PRIMARY_URL_WITHOUT_PORT' => 'https://derschmuckmacher-v3.ddev.site'
    'CRAFT_DB_PORT' => '3306'
    'SSH_AUTH_SOCK' => '/home/.ssh-agent/socket'
    'DDEV_GID' => '20'
    'NODE_EXTRA_CA_CERTS' => '/mnt/ddev-global-cache/mkcert/rootCA.pem'
    'DOCKER_IP' => '127.0.0.1'
    'PGPASSWORD' => 'db'
    'CRAFT_WEB_ROOT' => '/var/www/html/web'
    'DDEV_DOCROOT' => 'web'
    'PWD' => '/var/www/html'
    'PLATFORMSH_CLI_UPDATES_CHECK' => '0'
    'DDEV_APPROOT' => '/var/www/html'
    'DDEV_FILES_DIR' => ''
    'START_SCRIPT_TIMEOUT' => '57'
    'APACHE_SITE_TEMPLATE' => '/etc/apache2/apache-site.conf'
    'PHP_INI' => '/etc/php/8.2/fpm/php.ini'
    'DDEV_VERSION' => 'v1.24.10'
    'PRIMARY_SITE_URL' => 'https://derschmuckmacher-v3.ddev.site'
    'TZ' => 'Europe/Zurich'
    'DDEV_XHPROF_MODE' => 'prepend'
    'HTTPS_EXPOSE' => '443:80,8026:8025'
    'COREPACK_HOME' => '/mnt/ddev-global-cache/corepack'
    'CRAFT_DB_DATABASE' => 'db'
    'DDEV_PRIMARY_URL' => 'https://derschmuckmacher-v3.ddev.site'
    'LINES' => '17'
    'DDEV_SITENAME' => 'derschmuckmacher-v3'
    'HOME' => '/home/omar'
    'DRUSH_OPTIONS_URI' => 'https://derschmuckmacher-v3.ddev.site'
    'LANG' => 'C.UTF-8'
    'COLUMNS' => '371'
    'DDEV_MUTAGEN_ENABLED' => 'true'
    'DDEV_USER' => 'omar'
    'PGUSER' => 'db'
    'TERMINUS_CACHE_DIR' => '/mnt/ddev-global-cache/terminus/cache'
    'DDEV_PRIMARY_URL_PORT' => '443'
    'DDEV_ROUTER_HTTP_PORT' => '80'
    'MAILPIT_SMTP_HOSTNAME' => '127.0.0.1'
    'CRAFT_DB_DRIVER' => 'mysql'
    'COMPOSER_PROCESS_TIMEOUT' => '2000'
    'NGINX_SITE_TEMPLATE' => '/etc/nginx/nginx-site.conf'
    'DDEV_FILES_DIRS' => ''
    'CRAFT_DB_SERVER' => 'db'
    'HTTP_EXPOSE' => '80:80,8025:8025'
    'NVM_DIR' => '/home/omar/.nvm'
    'DDEV_PHP_VERSION' => '8.2'
    'DDEV_TLD' => 'ddev.site'
    'DDEV_HOSTNAME' => 'derschmuckmacher-v3.ddev.site'
    'DDEV_PROJECT' => 'derschmuckmacher-v3'
    'DDEV_GOARCH' => 'arm64'
    'VIRTUAL_HOST' => 'derschmuckmacher-v3.ddev.site'
    'TERM' => 'xterm'
    'USER' => 'omar'
    'MYSQL_HISTFILE' => '/mnt/ddev-global-cache/mysqlhistory/derschmuckmacher-v3-web/mysql_history'
    'DDEV_WEB_ENTRYPOINT' => '/mnt/ddev_config/web-entrypoint.d'
    'DDEV_UID' => '501'
    'CAROOT' => '/mnt/ddev-global-cache/mkcert'
    'SHLVL' => '1'
    'COMPOSER_ALLOW_SUPERUSER' => '1'
    'BASH_ENV' => '/etc/bash.nointeractive.bashrc'
    'DDEV_DATABASE' => 'mysql:8.0'
    'PGDATABASE' => 'db'
    'CRAFT_DB_USER' => 'db'
    'DDEV_SCHEME' => 'https'
    'XHPROF_OUTPUT_DIR' => '/tmp/xhprof'
    'COMPOSER_CACHE_DIR' => '/mnt/ddev-global-cache/composer'
    'DDEV_XDEBUG_ENABLED' => 'false'
    'DDEV_DATABASE_FAMILY' => 'mysql'
    'PGHOST' => 'db'
    'DDEV_COMPOSER_ROOT' => '/var/www/html'
    'CRAFT_DB_PASSWORD' => '••'
    'DOCROOT' => 'web'
    'TERMINUS_HIDE_UPDATE_MESSAGE' => '1'
    'PATH' => '/home/omar/bin:/var/www/html/vendor/bin:/usr/local/sbin:/usr/local/bin:/usr/sbin:/usr/bin:/sbin:/bin:/var/www/html/bin:/mnt/ddev-global-cache/global-commands/web'
    'HOST_DOCKER_INTERNAL_IP' => ''
    'DDEV_PROJECT_TYPE' => 'craftcms'
    'DEBIAN_FRONTEND' => 'noninteractive'
    'DDEV_ROUTER_HTTPS_PORT' => '443'
    'EXECIGNORE' => '/var/www/html/vendor/bin/composer'
    'SUPERVISOR_ENABLED' => '1'
    'SUPERVISOR_SERVER_URL' => 'unix:///var/run/supervisor.sock'
    'SUPERVISOR_PROCESS_NAME' => 'php-fpm'
    'SUPERVISOR_GROUP_NAME' => 'php-fpm'
    'HTTP_X_REQUESTED_WITH' => 'XMLHttpRequest'
    'HTTP_X_REGISTERED_JS_FILES' => ''
    'HTTP_X_REGISTERED_ASSET_BUNDLES' => '815d39ea,e7c1329,92d8701,22e517a2,aee7f8dc,26c46c25,e505ffd6,6b4d7555,bb2f10a0,e5e48399,fc0bc163,1ccab40d,1e21896b,54698ee0,b842675b,1c3c9add,4b1fd285,d8d08e47,8f00ce04,8768f48b,cf3018d6,ec6d0256,75f47f25,15a36a51'
    'HTTP_X_REAL_IP' => '172.18.0.1'
    'HTTP_X_FORWARDED_SERVER' => '61e6ccb23c1b'
    'HTTP_X_FORWARDED_PROTO' => 'https'
    'HTTP_X_FORWARDED_PORT' => '443'
    'HTTP_X_FORWARDED_HOST' => 'derschmuckmacher-v3.ddev.site'
    'HTTP_X_FORWARDED_FOR' => '172.18.0.1'
    'HTTP_X_CSRF_TOKEN' => '••••••••••••••••••••••••••••••••••••••••••••••••••••••••••••••••••••••••••••••••••••••••••••••••••••••••••••••••••••••••••••••••••••••••••••••••••••••••••••••••••••••••••••••••••••••••••••••••••••••••••••••••••••••••••••••••••••••••••••••••••••••••••••••••••••••••••••••••••••••••••••••••••••••••••••••••••••••••••••••••••••••••••••••••••••••••••••••••••••••••••••••••••••••••••••••••••••••••'
    'HTTP_TE' => 'trailers'
    'HTTP_SEC_GPC' => '1'
    'HTTP_SEC_FETCH_SITE' => 'same-origin'
    'HTTP_SEC_FETCH_MODE' => 'cors'
    'HTTP_SEC_FETCH_DEST' => 'empty'
    'HTTP_REFERER' => 'https://derschmuckmacher-v3.ddev.site/dW2axQ3b/content/entries/aktuelles/8582-offenes-atelier'
    'HTTP_ORIGIN' => 'https://derschmuckmacher-v3.ddev.site'
    'HTTP_COOKIE' => 'cookieconsent_status=dismiss; CraftSessionId=6101e8c3c86d1f31ca53b56b1e33b7a3; CRAFT_CSRF_TOKEN=16740b48ba3f84595b6c56ef142b19f6b046fde54bc23622280b174e295f39afa%3A2%3A%7Bi%3A0%3Bs%3A16%3A%22CRAFT_CSRF_TOKEN%22%3Bi%3A1%3Bs%3A147%3A%22JfpP7gD_LrPE_phoiRWTtDPS49nkCv82f0DSgxK4%7Cd91b1261e5555fd659eaa053e8d63b8b95dfcc835d2840aef88e1c92e480d8e2JfpP7gD_LrPE_phoiRWTtDPS49nkCv82f0DSgxK4%7C1%22%3B%7D; a8b7b1ec9ffb8baf2c6eaa253fe57112_username=26b9ec8568da68d3882e55afaa5d203483c6c5810ee05b5a55c8a0eb10cab93ea%3A2%3A%7Bi%3A0%3Bs%3A41%3A%22a8b7b1ec9ffb8baf2c6eaa253fe57112_username%22%3Bi%3A1%3Bs%3A8%3A%22odegiuli%22%3B%7D; Craft-3626ffc1-d0a3-42e3-98aa-37e8aa759561_sidebar=expanded; Craft-3626ffc1-d0a3-42e3-98aa-37e8aa759561_sidebar-details=expanded; a8b7b1ec9ffb8baf2c6eaa253fe57112_identity=0174bd2ee8c40f461533a3291f15762227a6c075c380af83a7f526849fd30c8ca%3A2%3A%7Bi%3A0%3Bs%3A41%3A%22a8b7b1ec9ffb8baf2c6eaa253fe57112_identity%22%3Bi%3A1%3Bs%3A159%3A%22%5B1%2C%22%5B%5C%22VejnKqpu61xqdvMSiCvo4uNnuiyueZPSu4cc3FMkhH68E1EgKY30_WFXqIEVpyvq63KgUjAZE-rlgVLah2q5dC6WQcVSXYm6JlBw%5C%22%2Cnull%2C%5C%2254dc9f5354b7a13af97c59945268465e%5C%22%5D%22%2C3600%5D%22%3B%7D'
    'HTTP_ACCEPT_LANGUAGE' => 'de,en-US;q=0.9,en;q=0.8'
    'HTTP_ACCEPT_ENCODING' => 'gzip, deflate, br, zstd'
    'HTTP_ACCEPT' => 'application/json, text/plain, */*'
    'HTTP_CONTENT_LENGTH' => '0'
    'HTTP_USER_AGENT' => 'Mozilla/5.0 (Macintosh; Intel Mac OS X 10.15; rv:148.0) Gecko/20100101 Firefox/148.0'
    'HTTP_HOST' => 'derschmuckmacher-v3.ddev.site'
    'HTTPS' => 'on'
    'REDIRECT_STATUS' => '200'
    'SERVER_NAME' => 'derschmuckmacher-v3.ddev.site'
    'SERVER_PORT' => '80'
    'SERVER_ADDR' => '172.18.0.3'
    'REMOTE_PORT' => '46252'
    'REMOTE_ADDR' => '172.18.0.5'
    'SERVER_SOFTWARE' => 'nginx/1.28.0'
    'GATEWAY_INTERFACE' => 'CGI/1.1'
    'REQUEST_SCHEME' => 'http'
    'SERVER_PROTOCOL' => 'HTTP/1.1'
    'DOCUMENT_ROOT' => '/var/www/html/web'
    'DOCUMENT_URI' => '/index.php'
    'REQUEST_URI' => '/index.php?p=dW2axQ3b%2Factions%2Fqueue%2Frun&v=1773763064392'
    'CONTENT_LENGTH' => '0'
    'CONTENT_TYPE' => ''
    'REQUEST_METHOD' => 'POST'
    'QUERY_STRING' => 'p=dW2axQ3b%2Factions%2Fqueue%2Frun&v=1773763064392'
    'SCRIPT_NAME' => '/index.php'
    'SCRIPT_FILENAME' => '/var/www/html/web/index.php'
    'FCGI_ROLE' => 'RESPONDER'
    'PHP_SELF' => '/index.php'
    'REQUEST_TIME_FLOAT' => 1773763064.3955
    'REQUEST_TIME' => 1773763064
    'CRAFT_APP_ID' => 'CraftCMS--3933bc78-29f5-4b79-bcc5-c31faf0fcd20'
    'CRAFT_ENVIRONMENT' => 'dev'
    'ENVIRONMENT' => 'dev'
    'CRAFT_SECURITY_KEY' => '••••••••••••••••••••••••••••••••'
    'CP_TRIGGER' => 'dW2axQ3b'
    'CRAFT_DB_SCHEMA' => 'public'
    'CRAFT_DB_TABLE_PREFIX' => ''
    'DEV_MODE' => 'true'
    'ALLOW_ADMIN_CHANGES' => 'true'
    'DISALLOW_ROBOTS' => 'true'
    'TIMEZONE' => 'Europe/Zurich'
    'CAPTCHA_SITE_KEY' => '••••••••••••••••••••••••••••••••••••••••'
    'CAPTCHA_SECRET_KEY' => '••••••••••••••••••••••••••••••••••••••••'
    'WEB_URL' => 'https://derschmuckmacher-v3.ddev.site'
    'WEB_ROOT' => '/var/www/html/web'
    'ASSETS_BASE_URL' => 'https://derschmuckmacher-v3.ddev.site/public'
    'ASSETS_BASE_PATH' => '/var/www/html/web/public'
    'SCHMUCK_BASE_URL' => 'https://derschmuckmacher-v3.ddev.site/public/uploads/schmuck'
    'SCHMUCK_BASE_PATH' => '/var/www/html/web/public/uploads/schmuck'
] {"environment":"dev","userId":1} 
2026-03-17 17:48:59 [queue.INFO] [yii\db\Connection::open] Opening DB connection: mysql:host=db;dbname=db;port=3306 {"memory":1100760} 
2026-03-17 17:48:59 [queue.INFO] [yii\web\Session::open] Session started {"memory":1442920} 
2026-03-17 17:48:59 [queue.INFO] [nystudio107\codeeditor\CodeEditor::bootstrap] CodeEditor module bootstrapped {"memory":1464680} 
2026-03-17 17:48:59 [queue.INFO] [adigital\cookieconsentbanner\CookieConsentBanner::init] Cookie Consent Banner plugin loaded {"memory":1680072} 
2026-03-17 17:48:59 [queue.INFO] [miranj\obfuscator\Obfuscator::init] Obfuscator plugin loaded {"memory":2600656} 
2026-03-17 17:48:59 [queue.INFO] [yii\db\Connection::open] Opening DB connection: mysql:host=db;dbname=db;port=3306 {"memory":2856696} 
2026-03-17 17:48:59 [queue.INFO] [craft\queue\QueueLogBehavior::beforeExec]  [38859] Freeform: Purging Old Notification Logs (attempt: 1, pid: 14914) - Started {"memory":2914728} 
2026-03-17 17:48:59 [queue.INFO] [craft\queue\QueueLogBehavior::afterExec]  [38859] Freeform: Purging Old Notification Logs (attempt: 1, pid: 14914) - Done (time: 0.002s) {"memory":2933112} 
2026-03-17 17:48:59 [queue.INFO] [craft\queue\QueueLogBehavior::beforeExec]  [38860] Freeform: Unfertige Dateien löschen (attempt: 1, pid: 14914) - Started {"memory":3105256} 
2026-03-17 17:48:59 [queue.INFO] [craft\queue\QueueLogBehavior::afterExec]  [38860] Freeform: Unfertige Dateien löschen (attempt: 1, pid: 14914) - Done (time: 0.001s) {"memory":3109280} 
2026-03-17 17:48:59 [queue.INFO] [application] Request context:
$_GET = [
    'p' => 'dW2axQ3b/actions/queue/run'
    'v' => '1773766139107'
]

$_POST = []

$_FILES = []

$_COOKIE = [
    'cookieconsent_status' => 'dismiss'
    'CraftSessionId' => '6101e8c3c86d1f31ca53b56b1e33b7a3'
    'CRAFT_CSRF_TOKEN' => '••••••••••••••••••••••••••••••••••••••••••••••••••••••••••••••••••••••••••••••••••••••••••••••••••••••••••••••••••••••••••••••••••••••••••••••••••••••••••••••••••••••••••••••••••••••••••••••••••••••••••••••••••••••••••••••••••••••••••••••••••••••••••••••••••'
    'a8b7b1ec9ffb8baf2c6eaa253fe57112_username' => '26b9ec8568da68d3882e55afaa5d203483c6c5810ee05b5a55c8a0eb10cab93ea:2:{i:0;s:41:\"a8b7b1ec9ffb8baf2c6eaa253fe57112_username\";i:1;s:8:\"odegiuli\";}'
    'Craft-3626ffc1-d0a3-42e3-98aa-37e8aa759561_sidebar' => 'expanded'
    'Craft-3626ffc1-d0a3-42e3-98aa-37e8aa759561_sidebar-details' => 'expanded'
    'a8b7b1ec9ffb8baf2c6eaa253fe57112_identity' => '0174bd2ee8c40f461533a3291f15762227a6c075c380af83a7f526849fd30c8ca:2:{i:0;s:41:\"a8b7b1ec9ffb8baf2c6eaa253fe57112_identity\";i:1;s:159:\"[1,\"[\\\"VejnKqpu61xqdvMSiCvo4uNnuiyueZPSu4cc3FMkhH68E1EgKY30_WFXqIEVpyvq63KgUjAZE-rlgVLah2q5dC6WQcVSXYm6JlBw\\\",null,\\\"54dc9f5354b7a13af97c59945268465e\\\"]\",3600]\";}'
]

$_SESSION = [
    '22b6a59deafcfb2ffb13c3adf3d98a3b__auth_access' => [
        0 => 'previewElement:8578'
        1 => 'saveAssets:1986f3e0-bf2e-4ccd-b34c-7ec2d979afdd'
        2 => 'editStructure:2'
        3 => 'editStructure:1'
        4 => 'previewElement:8539'
        5 => 'previewDraft:875'
        6 => 'previewElement:8582'
        7 => 'previewDraft:876'
        8 => 'previewDraft:877'
        9 => 'previewDraft:879'
        10 => 'previewDraft:881'
        11 => 'previewDraft:882'
        12 => 'previewDraft:883'
        13 => 'previewDraft:884'
        14 => 'saveAssets:'
        15 => 'previewDraft:885'
        16 => 'previewDraft:886'
    ]
    '22b6a59deafcfb2ffb13c3adf3d98a3b__flash' => []
    'a8b7b1ec9ffb8baf2c6eaa253fe57112__token' => '••••••••••••••••••••••••••••••••••••••••••••••••••••••••••••••••••••••••••••••••••••••••••••••••••••'
    'a8b7b1ec9ffb8baf2c6eaa253fe57112__id' => 1
    '__authKey' => '••••••••••••••••••••••••••••••••••••••••••••••••••••••••••••••••••••••••••••••••••••••••••••••••••••••••••••••••••••••••••••••••••••••••••••••••'
    'a8b7b1ec9ffb8baf2c6eaa253fe57112__expire' => 1773769739
    '__duration' => 3600
    '__elevated_timeout' => 1773762118
]

$_SERVER = [
    'DEPLOY_NAME' => 'local'
    'DDEV_WEBSERVER_TYPE' => 'nginx-fpm'
    'npm_config_cache' => '/mnt/ddev-global-cache/npm'
    'COREPACK_ENABLE_DOWNLOAD_PROMPT' => '0'
    'DDEV_GOOS' => 'darwin'
    'IS_DDEV_PROJECT' => 'true'
    'PHP_DEFAULT_VERSION' => '8.3'
    'HOSTNAME' => 'derschmuckmacher-v3-web'
    'MAILPIT_SMTP_PORT' => '1025'
    'MH_SMTP_BIND_ADDR' => '127.0.0.1:1025'
    'DDEV_PRIMARY_URL_WITHOUT_PORT' => 'https://derschmuckmacher-v3.ddev.site'
    'CRAFT_DB_PORT' => '3306'
    'SSH_AUTH_SOCK' => '/home/.ssh-agent/socket'
    'DDEV_GID' => '20'
    'NODE_EXTRA_CA_CERTS' => '/mnt/ddev-global-cache/mkcert/rootCA.pem'
    'DOCKER_IP' => '127.0.0.1'
    'PGPASSWORD' => 'db'
    'CRAFT_WEB_ROOT' => '/var/www/html/web'
    'DDEV_DOCROOT' => 'web'
    'PWD' => '/var/www/html'
    'PLATFORMSH_CLI_UPDATES_CHECK' => '0'
    'DDEV_APPROOT' => '/var/www/html'
    'DDEV_FILES_DIR' => ''
    'START_SCRIPT_TIMEOUT' => '57'
    'APACHE_SITE_TEMPLATE' => '/etc/apache2/apache-site.conf'
    'PHP_INI' => '/etc/php/8.2/fpm/php.ini'
    'DDEV_VERSION' => 'v1.24.10'
    'PRIMARY_SITE_URL' => 'https://derschmuckmacher-v3.ddev.site'
    'TZ' => 'Europe/Zurich'
    'DDEV_XHPROF_MODE' => 'prepend'
    'HTTPS_EXPOSE' => '443:80,8026:8025'
    'COREPACK_HOME' => '/mnt/ddev-global-cache/corepack'
    'CRAFT_DB_DATABASE' => 'db'
    'DDEV_PRIMARY_URL' => 'https://derschmuckmacher-v3.ddev.site'
    'LINES' => '17'
    'DDEV_SITENAME' => 'derschmuckmacher-v3'
    'HOME' => '/home/omar'
    'DRUSH_OPTIONS_URI' => 'https://derschmuckmacher-v3.ddev.site'
    'LANG' => 'C.UTF-8'
    'COLUMNS' => '371'
    'DDEV_MUTAGEN_ENABLED' => 'true'
    'DDEV_USER' => 'omar'
    'PGUSER' => 'db'
    'TERMINUS_CACHE_DIR' => '/mnt/ddev-global-cache/terminus/cache'
    'DDEV_PRIMARY_URL_PORT' => '443'
    'DDEV_ROUTER_HTTP_PORT' => '80'
    'MAILPIT_SMTP_HOSTNAME' => '127.0.0.1'
    'CRAFT_DB_DRIVER' => 'mysql'
    'COMPOSER_PROCESS_TIMEOUT' => '2000'
    'NGINX_SITE_TEMPLATE' => '/etc/nginx/nginx-site.conf'
    'DDEV_FILES_DIRS' => ''
    'CRAFT_DB_SERVER' => 'db'
    'HTTP_EXPOSE' => '80:80,8025:8025'
    'NVM_DIR' => '/home/omar/.nvm'
    'DDEV_PHP_VERSION' => '8.2'
    'DDEV_TLD' => 'ddev.site'
    'DDEV_HOSTNAME' => 'derschmuckmacher-v3.ddev.site'
    'DDEV_PROJECT' => 'derschmuckmacher-v3'
    'DDEV_GOARCH' => 'arm64'
    'VIRTUAL_HOST' => 'derschmuckmacher-v3.ddev.site'
    'TERM' => 'xterm'
    'USER' => 'omar'
    'MYSQL_HISTFILE' => '/mnt/ddev-global-cache/mysqlhistory/derschmuckmacher-v3-web/mysql_history'
    'DDEV_WEB_ENTRYPOINT' => '/mnt/ddev_config/web-entrypoint.d'
    'DDEV_UID' => '501'
    'CAROOT' => '/mnt/ddev-global-cache/mkcert'
    'SHLVL' => '1'
    'COMPOSER_ALLOW_SUPERUSER' => '1'
    'BASH_ENV' => '/etc/bash.nointeractive.bashrc'
    'DDEV_DATABASE' => 'mysql:8.0'
    'PGDATABASE' => 'db'
    'CRAFT_DB_USER' => 'db'
    'DDEV_SCHEME' => 'https'
    'XHPROF_OUTPUT_DIR' => '/tmp/xhprof'
    'COMPOSER_CACHE_DIR' => '/mnt/ddev-global-cache/composer'
    'DDEV_XDEBUG_ENABLED' => 'false'
    'DDEV_DATABASE_FAMILY' => 'mysql'
    'PGHOST' => 'db'
    'DDEV_COMPOSER_ROOT' => '/var/www/html'
    'CRAFT_DB_PASSWORD' => '••'
    'DOCROOT' => 'web'
    'TERMINUS_HIDE_UPDATE_MESSAGE' => '1'
    'PATH' => '/home/omar/bin:/var/www/html/vendor/bin:/usr/local/sbin:/usr/local/bin:/usr/sbin:/usr/bin:/sbin:/bin:/var/www/html/bin:/mnt/ddev-global-cache/global-commands/web'
    'HOST_DOCKER_INTERNAL_IP' => ''
    'DDEV_PROJECT_TYPE' => 'craftcms'
    'DEBIAN_FRONTEND' => 'noninteractive'
    'DDEV_ROUTER_HTTPS_PORT' => '443'
    'EXECIGNORE' => '/var/www/html/vendor/bin/composer'
    'SUPERVISOR_ENABLED' => '1'
    'SUPERVISOR_SERVER_URL' => 'unix:///var/run/supervisor.sock'
    'SUPERVISOR_PROCESS_NAME' => 'php-fpm'
    'SUPERVISOR_GROUP_NAME' => 'php-fpm'
    'HTTP_X_REQUESTED_WITH' => 'XMLHttpRequest'
    'HTTP_X_REGISTERED_JS_FILES' => ''
    'HTTP_X_REGISTERED_ASSET_BUNDLES' => '22e517a2,aee7f8dc,26c46c25,e505ffd6,6b4d7555,bb2f10a0,e5e48399,815d39ea,fc0bc163,1ccab40d,1e21896b,54698ee0,b842675b,1c3c9add,4b1fd285,d8d08e47,8f00ce04,8768f48b,cf3018d6,ec6d0256'
    'HTTP_X_REAL_IP' => '172.18.0.1'
    'HTTP_X_FORWARDED_SERVER' => '61e6ccb23c1b'
    'HTTP_X_FORWARDED_PROTO' => 'https'
    'HTTP_X_FORWARDED_PORT' => '443'
    'HTTP_X_FORWARDED_HOST' => 'derschmuckmacher-v3.ddev.site'
    'HTTP_X_FORWARDED_FOR' => '172.18.0.1'
    'HTTP_X_CSRF_TOKEN' => '••••••••••••••••••••••••••••••••••••••••••••••••••••••••••••••••••••••••••••••••••••••••••••••••••••••••••••••••••••••••••••••••••••••••••••••••••••••••••••••••••••••••••••••••••••••••••••••••••••••••••••••••••••••••••••••••••••••••••••••••••••••••••••••••••••••••••••••••••••••••••••••••••••••••••••••••••••••••••••••••••••••••••••••••••••••••••••••••••••••••••••••••••••••••••••••••••••••••'
    'HTTP_TE' => 'trailers'
    'HTTP_SEC_GPC' => '1'
    'HTTP_SEC_FETCH_SITE' => 'same-origin'
    'HTTP_SEC_FETCH_MODE' => 'cors'
    'HTTP_SEC_FETCH_DEST' => 'empty'
    'HTTP_REFERER' => 'https://derschmuckmacher-v3.ddev.site/dW2axQ3b/settings'
    'HTTP_ORIGIN' => 'https://derschmuckmacher-v3.ddev.site'
    'HTTP_COOKIE' => 'cookieconsent_status=dismiss; CraftSessionId=6101e8c3c86d1f31ca53b56b1e33b7a3; CRAFT_CSRF_TOKEN=16740b48ba3f84595b6c56ef142b19f6b046fde54bc23622280b174e295f39afa%3A2%3A%7Bi%3A0%3Bs%3A16%3A%22CRAFT_CSRF_TOKEN%22%3Bi%3A1%3Bs%3A147%3A%22JfpP7gD_LrPE_phoiRWTtDPS49nkCv82f0DSgxK4%7Cd91b1261e5555fd659eaa053e8d63b8b95dfcc835d2840aef88e1c92e480d8e2JfpP7gD_LrPE_phoiRWTtDPS49nkCv82f0DSgxK4%7C1%22%3B%7D; a8b7b1ec9ffb8baf2c6eaa253fe57112_username=26b9ec8568da68d3882e55afaa5d203483c6c5810ee05b5a55c8a0eb10cab93ea%3A2%3A%7Bi%3A0%3Bs%3A41%3A%22a8b7b1ec9ffb8baf2c6eaa253fe57112_username%22%3Bi%3A1%3Bs%3A8%3A%22odegiuli%22%3B%7D; Craft-3626ffc1-d0a3-42e3-98aa-37e8aa759561_sidebar=expanded; Craft-3626ffc1-d0a3-42e3-98aa-37e8aa759561_sidebar-details=expanded; a8b7b1ec9ffb8baf2c6eaa253fe57112_identity=0174bd2ee8c40f461533a3291f15762227a6c075c380af83a7f526849fd30c8ca%3A2%3A%7Bi%3A0%3Bs%3A41%3A%22a8b7b1ec9ffb8baf2c6eaa253fe57112_identity%22%3Bi%3A1%3Bs%3A159%3A%22%5B1%2C%22%5B%5C%22VejnKqpu61xqdvMSiCvo4uNnuiyueZPSu4cc3FMkhH68E1EgKY30_WFXqIEVpyvq63KgUjAZE-rlgVLah2q5dC6WQcVSXYm6JlBw%5C%22%2Cnull%2C%5C%2254dc9f5354b7a13af97c59945268465e%5C%22%5D%22%2C3600%5D%22%3B%7D'
    'HTTP_ACCEPT_LANGUAGE' => 'de,en-US;q=0.9,en;q=0.8'
    'HTTP_ACCEPT_ENCODING' => 'gzip, deflate, br, zstd'
    'HTTP_ACCEPT' => 'application/json, text/plain, */*'
    'HTTP_CONTENT_LENGTH' => '0'
    'HTTP_USER_AGENT' => 'Mozilla/5.0 (Macintosh; Intel Mac OS X 10.15; rv:148.0) Gecko/20100101 Firefox/148.0'
    'HTTP_HOST' => 'derschmuckmacher-v3.ddev.site'
    'HTTPS' => 'on'
    'REDIRECT_STATUS' => '200'
    'SERVER_NAME' => 'derschmuckmacher-v3.ddev.site'
    'SERVER_PORT' => '80'
    'SERVER_ADDR' => '172.18.0.3'
    'REMOTE_PORT' => '33354'
    'REMOTE_ADDR' => '172.18.0.5'
    'SERVER_SOFTWARE' => 'nginx/1.28.0'
    'GATEWAY_INTERFACE' => 'CGI/1.1'
    'REQUEST_SCHEME' => 'http'
    'SERVER_PROTOCOL' => 'HTTP/1.1'
    'DOCUMENT_ROOT' => '/var/www/html/web'
    'DOCUMENT_URI' => '/index.php'
    'REQUEST_URI' => '/index.php?p=dW2axQ3b%2Factions%2Fqueue%2Frun&v=1773766139107'
    'CONTENT_LENGTH' => '0'
    'CONTENT_TYPE' => ''
    'REQUEST_METHOD' => 'POST'
    'QUERY_STRING' => 'p=dW2axQ3b%2Factions%2Fqueue%2Frun&v=1773766139107'
    'SCRIPT_NAME' => '/index.php'
    'SCRIPT_FILENAME' => '/var/www/html/web/index.php'
    'FCGI_ROLE' => 'RESPONDER'
    'PHP_SELF' => '/index.php'
    'REQUEST_TIME_FLOAT' => 1773766139.1102
    'REQUEST_TIME' => 1773766139
    'CRAFT_APP_ID' => 'CraftCMS--3933bc78-29f5-4b79-bcc5-c31faf0fcd20'
    'CRAFT_ENVIRONMENT' => 'dev'
    'ENVIRONMENT' => 'dev'
    'CRAFT_SECURITY_KEY' => '••••••••••••••••••••••••••••••••'
    'CP_TRIGGER' => 'dW2axQ3b'
    'CRAFT_DB_SCHEMA' => 'public'
    'CRAFT_DB_TABLE_PREFIX' => ''
    'DEV_MODE' => 'true'
    'ALLOW_ADMIN_CHANGES' => 'true'
    'DISALLOW_ROBOTS' => 'true'
    'TIMEZONE' => 'Europe/Zurich'
    'CAPTCHA_SITE_KEY' => '••••••••••••••••••••••••••••••••••••••••'
    'CAPTCHA_SECRET_KEY' => '••••••••••••••••••••••••••••••••••••••••'
    'WEB_URL' => 'https://derschmuckmacher-v3.ddev.site'
    'WEB_ROOT' => '/var/www/html/web'
    'ASSETS_BASE_URL' => 'https://derschmuckmacher-v3.ddev.site/public'
    'ASSETS_BASE_PATH' => '/var/www/html/web/public'
    'SCHMUCK_BASE_URL' => 'https://derschmuckmacher-v3.ddev.site/public/uploads/schmuck'
    'SCHMUCK_BASE_PATH' => '/var/www/html/web/public/uploads/schmuck'
] {"environment":"dev","userId":1} 
2026-03-17 17:49:32 [queue.INFO] [yii\db\Connection::open] Opening DB connection: mysql:host=db;dbname=db;port=3306 {"memory":1100920} 
2026-03-17 17:49:32 [queue.INFO] [yii\web\Session::open] Session started {"memory":1442184} 
2026-03-17 17:49:32 [queue.INFO] [nystudio107\codeeditor\CodeEditor::bootstrap] CodeEditor module bootstrapped {"memory":1463944} 
2026-03-17 17:49:32 [queue.INFO] [adigital\cookieconsentbanner\CookieConsentBanner::init] Cookie Consent Banner plugin loaded {"memory":1679480} 
2026-03-17 17:49:32 [queue.INFO] [miranj\obfuscator\Obfuscator::init] Obfuscator plugin loaded {"memory":2600064} 
2026-03-17 17:49:32 [queue.INFO] [yii\db\Connection::open] Opening DB connection: mysql:host=db;dbname=db;port=3306 {"memory":2852008} 
2026-03-17 17:49:32 [queue.INFO] [craft\queue\QueueLogBehavior::beforeExec]  [38861] t9n:["app","Pruning extra revisions"] (attempt: 1, pid: 14914) - Started {"memory":2910760} 
2026-03-17 17:49:32 [queue.INFO] [craft\queue\QueueLogBehavior::afterExec]  [38861] t9n:["app","Pruning extra revisions"] (attempt: 1, pid: 14914) - Done (time: 0.008s) {"memory":3341656} 
2026-03-17 17:49:32 [queue.INFO] [application] Request context:
$_GET = [
    'p' => 'dW2axQ3b/actions/queue/run'
    'v' => '1773766172592'
]

$_POST = []

$_FILES = []

$_COOKIE = [
    'cookieconsent_status' => 'dismiss'
    'CraftSessionId' => '6101e8c3c86d1f31ca53b56b1e33b7a3'
    'CRAFT_CSRF_TOKEN' => '••••••••••••••••••••••••••••••••••••••••••••••••••••••••••••••••••••••••••••••••••••••••••••••••••••••••••••••••••••••••••••••••••••••••••••••••••••••••••••••••••••••••••••••••••••••••••••••••••••••••••••••••••••••••••••••••••••••••••••••••••••••••••••••••••'
    'a8b7b1ec9ffb8baf2c6eaa253fe57112_username' => '26b9ec8568da68d3882e55afaa5d203483c6c5810ee05b5a55c8a0eb10cab93ea:2:{i:0;s:41:\"a8b7b1ec9ffb8baf2c6eaa253fe57112_username\";i:1;s:8:\"odegiuli\";}'
    'Craft-3626ffc1-d0a3-42e3-98aa-37e8aa759561_sidebar' => 'expanded'
    'Craft-3626ffc1-d0a3-42e3-98aa-37e8aa759561_sidebar-details' => 'expanded'
    'a8b7b1ec9ffb8baf2c6eaa253fe57112_identity' => '0174bd2ee8c40f461533a3291f15762227a6c075c380af83a7f526849fd30c8ca:2:{i:0;s:41:\"a8b7b1ec9ffb8baf2c6eaa253fe57112_identity\";i:1;s:159:\"[1,\"[\\\"VejnKqpu61xqdvMSiCvo4uNnuiyueZPSu4cc3FMkhH68E1EgKY30_WFXqIEVpyvq63KgUjAZE-rlgVLah2q5dC6WQcVSXYm6JlBw\\\",null,\\\"54dc9f5354b7a13af97c59945268465e\\\"]\",3600]\";}'
]

$_SESSION = [
    '22b6a59deafcfb2ffb13c3adf3d98a3b__auth_access' => [
        0 => 'previewElement:8578'
        1 => 'saveAssets:1986f3e0-bf2e-4ccd-b34c-7ec2d979afdd'
        2 => 'editStructure:2'
        3 => 'editStructure:1'
        4 => 'previewElement:8539'
        5 => 'previewDraft:875'
        6 => 'previewElement:8582'
        7 => 'previewDraft:876'
        8 => 'previewDraft:877'
        9 => 'previewDraft:879'
        10 => 'previewDraft:881'
        11 => 'previewDraft:882'
        12 => 'previewDraft:883'
        13 => 'previewDraft:884'
        14 => 'saveAssets:'
        15 => 'previewDraft:885'
        16 => 'previewDraft:886'
    ]
    '22b6a59deafcfb2ffb13c3adf3d98a3b__flash' => []
    'a8b7b1ec9ffb8baf2c6eaa253fe57112__token' => '••••••••••••••••••••••••••••••••••••••••••••••••••••••••••••••••••••••••••••••••••••••••••••••••••••'
    'a8b7b1ec9ffb8baf2c6eaa253fe57112__id' => 1
    '__authKey' => '••••••••••••••••••••••••••••••••••••••••••••••••••••••••••••••••••••••••••••••••••••••••••••••••••••••••••••••••••••••••••••••••••••••••••••••••'
    'a8b7b1ec9ffb8baf2c6eaa253fe57112__expire' => 1773769772
    '__duration' => 3600
    '__elevated_timeout' => 1773762118
]

$_SERVER = [
    'DEPLOY_NAME' => 'local'
    'DDEV_WEBSERVER_TYPE' => 'nginx-fpm'
    'npm_config_cache' => '/mnt/ddev-global-cache/npm'
    'COREPACK_ENABLE_DOWNLOAD_PROMPT' => '0'
    'DDEV_GOOS' => 'darwin'
    'IS_DDEV_PROJECT' => 'true'
    'PHP_DEFAULT_VERSION' => '8.3'
    'HOSTNAME' => 'derschmuckmacher-v3-web'
    'MAILPIT_SMTP_PORT' => '1025'
    'MH_SMTP_BIND_ADDR' => '127.0.0.1:1025'
    'DDEV_PRIMARY_URL_WITHOUT_PORT' => 'https://derschmuckmacher-v3.ddev.site'
    'CRAFT_DB_PORT' => '3306'
    'SSH_AUTH_SOCK' => '/home/.ssh-agent/socket'
    'DDEV_GID' => '20'
    'NODE_EXTRA_CA_CERTS' => '/mnt/ddev-global-cache/mkcert/rootCA.pem'
    'DOCKER_IP' => '127.0.0.1'
    'PGPASSWORD' => 'db'
    'CRAFT_WEB_ROOT' => '/var/www/html/web'
    'DDEV_DOCROOT' => 'web'
    'PWD' => '/var/www/html'
    'PLATFORMSH_CLI_UPDATES_CHECK' => '0'
    'DDEV_APPROOT' => '/var/www/html'
    'DDEV_FILES_DIR' => ''
    'START_SCRIPT_TIMEOUT' => '57'
    'APACHE_SITE_TEMPLATE' => '/etc/apache2/apache-site.conf'
    'PHP_INI' => '/etc/php/8.2/fpm/php.ini'
    'DDEV_VERSION' => 'v1.24.10'
    'PRIMARY_SITE_URL' => 'https://derschmuckmacher-v3.ddev.site'
    'TZ' => 'Europe/Zurich'
    'DDEV_XHPROF_MODE' => 'prepend'
    'HTTPS_EXPOSE' => '443:80,8026:8025'
    'COREPACK_HOME' => '/mnt/ddev-global-cache/corepack'
    'CRAFT_DB_DATABASE' => 'db'
    'DDEV_PRIMARY_URL' => 'https://derschmuckmacher-v3.ddev.site'
    'LINES' => '17'
    'DDEV_SITENAME' => 'derschmuckmacher-v3'
    'HOME' => '/home/omar'
    'DRUSH_OPTIONS_URI' => 'https://derschmuckmacher-v3.ddev.site'
    'LANG' => 'C.UTF-8'
    'COLUMNS' => '371'
    'DDEV_MUTAGEN_ENABLED' => 'true'
    'DDEV_USER' => 'omar'
    'PGUSER' => 'db'
    'TERMINUS_CACHE_DIR' => '/mnt/ddev-global-cache/terminus/cache'
    'DDEV_PRIMARY_URL_PORT' => '443'
    'DDEV_ROUTER_HTTP_PORT' => '80'
    'MAILPIT_SMTP_HOSTNAME' => '127.0.0.1'
    'CRAFT_DB_DRIVER' => 'mysql'
    'COMPOSER_PROCESS_TIMEOUT' => '2000'
    'NGINX_SITE_TEMPLATE' => '/etc/nginx/nginx-site.conf'
    'DDEV_FILES_DIRS' => ''
    'CRAFT_DB_SERVER' => 'db'
    'HTTP_EXPOSE' => '80:80,8025:8025'
    'NVM_DIR' => '/home/omar/.nvm'
    'DDEV_PHP_VERSION' => '8.2'
    'DDEV_TLD' => 'ddev.site'
    'DDEV_HOSTNAME' => 'derschmuckmacher-v3.ddev.site'
    'DDEV_PROJECT' => 'derschmuckmacher-v3'
    'DDEV_GOARCH' => 'arm64'
    'VIRTUAL_HOST' => 'derschmuckmacher-v3.ddev.site'
    'TERM' => 'xterm'
    'USER' => 'omar'
    'MYSQL_HISTFILE' => '/mnt/ddev-global-cache/mysqlhistory/derschmuckmacher-v3-web/mysql_history'
    'DDEV_WEB_ENTRYPOINT' => '/mnt/ddev_config/web-entrypoint.d'
    'DDEV_UID' => '501'
    'CAROOT' => '/mnt/ddev-global-cache/mkcert'
    'SHLVL' => '1'
    'COMPOSER_ALLOW_SUPERUSER' => '1'
    'BASH_ENV' => '/etc/bash.nointeractive.bashrc'
    'DDEV_DATABASE' => 'mysql:8.0'
    'PGDATABASE' => 'db'
    'CRAFT_DB_USER' => 'db'
    'DDEV_SCHEME' => 'https'
    'XHPROF_OUTPUT_DIR' => '/tmp/xhprof'
    'COMPOSER_CACHE_DIR' => '/mnt/ddev-global-cache/composer'
    'DDEV_XDEBUG_ENABLED' => 'false'
    'DDEV_DATABASE_FAMILY' => 'mysql'
    'PGHOST' => 'db'
    'DDEV_COMPOSER_ROOT' => '/var/www/html'
    'CRAFT_DB_PASSWORD' => '••'
    'DOCROOT' => 'web'
    'TERMINUS_HIDE_UPDATE_MESSAGE' => '1'
    'PATH' => '/home/omar/bin:/var/www/html/vendor/bin:/usr/local/sbin:/usr/local/bin:/usr/sbin:/usr/bin:/sbin:/bin:/var/www/html/bin:/mnt/ddev-global-cache/global-commands/web'
    'HOST_DOCKER_INTERNAL_IP' => ''
    'DDEV_PROJECT_TYPE' => 'craftcms'
    'DEBIAN_FRONTEND' => 'noninteractive'
    'DDEV_ROUTER_HTTPS_PORT' => '443'
    'EXECIGNORE' => '/var/www/html/vendor/bin/composer'
    'SUPERVISOR_ENABLED' => '1'
    'SUPERVISOR_SERVER_URL' => 'unix:///var/run/supervisor.sock'
    'SUPERVISOR_PROCESS_NAME' => 'php-fpm'
    'SUPERVISOR_GROUP_NAME' => 'php-fpm'
    'HTTP_X_REQUESTED_WITH' => 'XMLHttpRequest'
    'HTTP_X_REGISTERED_JS_FILES' => ''
    'HTTP_X_REGISTERED_ASSET_BUNDLES' => '815d39ea,e7c1329,92d8701,22e517a2,aee7f8dc,26c46c25,e505ffd6,6b4d7555,bb2f10a0,e5e48399,fc0bc163,1ccab40d,1e21896b,54698ee0,b842675b,1c3c9add,4b1fd285,d8d08e47,8f00ce04,8768f48b,cf3018d6,ec6d0256,75f47f25,15a36a51'
    'HTTP_X_REAL_IP' => '172.18.0.1'
    'HTTP_X_FORWARDED_SERVER' => '61e6ccb23c1b'
    'HTTP_X_FORWARDED_PROTO' => 'https'
    'HTTP_X_FORWARDED_PORT' => '443'
    'HTTP_X_FORWARDED_HOST' => 'derschmuckmacher-v3.ddev.site'
    'HTTP_X_FORWARDED_FOR' => '172.18.0.1'
    'HTTP_X_CSRF_TOKEN' => '••••••••••••••••••••••••••••••••••••••••••••••••••••••••••••••••••••••••••••••••••••••••••••••••••••••••••••••••••••••••••••••••••••••••••••••••••••••••••••••••••••••••••••••••••••••••••••••••••••••••••••••••••••••••••••••••••••••••••••••••••••••••••••••••••••••••••••••••••••••••••••••••••••••••••••••••••••••••••••••••••••••••••••••••••••••••••••••••••••••••••••••••••••••••••••••••••••••••'
    'HTTP_TE' => 'trailers'
    'HTTP_SEC_GPC' => '1'
    'HTTP_SEC_FETCH_SITE' => 'same-origin'
    'HTTP_SEC_FETCH_MODE' => 'cors'
    'HTTP_SEC_FETCH_DEST' => 'empty'
    'HTTP_REFERER' => 'https://derschmuckmacher-v3.ddev.site/dW2axQ3b/content/entries/aktuelles/8582-offenes-atelier'
    'HTTP_ORIGIN' => 'https://derschmuckmacher-v3.ddev.site'
    'HTTP_COOKIE' => 'cookieconsent_status=dismiss; CraftSessionId=6101e8c3c86d1f31ca53b56b1e33b7a3; CRAFT_CSRF_TOKEN=16740b48ba3f84595b6c56ef142b19f6b046fde54bc23622280b174e295f39afa%3A2%3A%7Bi%3A0%3Bs%3A16%3A%22CRAFT_CSRF_TOKEN%22%3Bi%3A1%3Bs%3A147%3A%22JfpP7gD_LrPE_phoiRWTtDPS49nkCv82f0DSgxK4%7Cd91b1261e5555fd659eaa053e8d63b8b95dfcc835d2840aef88e1c92e480d8e2JfpP7gD_LrPE_phoiRWTtDPS49nkCv82f0DSgxK4%7C1%22%3B%7D; a8b7b1ec9ffb8baf2c6eaa253fe57112_username=26b9ec8568da68d3882e55afaa5d203483c6c5810ee05b5a55c8a0eb10cab93ea%3A2%3A%7Bi%3A0%3Bs%3A41%3A%22a8b7b1ec9ffb8baf2c6eaa253fe57112_username%22%3Bi%3A1%3Bs%3A8%3A%22odegiuli%22%3B%7D; Craft-3626ffc1-d0a3-42e3-98aa-37e8aa759561_sidebar=expanded; Craft-3626ffc1-d0a3-42e3-98aa-37e8aa759561_sidebar-details=expanded; a8b7b1ec9ffb8baf2c6eaa253fe57112_identity=0174bd2ee8c40f461533a3291f15762227a6c075c380af83a7f526849fd30c8ca%3A2%3A%7Bi%3A0%3Bs%3A41%3A%22a8b7b1ec9ffb8baf2c6eaa253fe57112_identity%22%3Bi%3A1%3Bs%3A159%3A%22%5B1%2C%22%5B%5C%22VejnKqpu61xqdvMSiCvo4uNnuiyueZPSu4cc3FMkhH68E1EgKY30_WFXqIEVpyvq63KgUjAZE-rlgVLah2q5dC6WQcVSXYm6JlBw%5C%22%2Cnull%2C%5C%2254dc9f5354b7a13af97c59945268465e%5C%22%5D%22%2C3600%5D%22%3B%7D'
    'HTTP_ACCEPT_LANGUAGE' => 'de,en-US;q=0.9,en;q=0.8'
    'HTTP_ACCEPT_ENCODING' => 'gzip, deflate, br, zstd'
    'HTTP_ACCEPT' => 'application/json, text/plain, */*'
    'HTTP_CONTENT_LENGTH' => '0'
    'HTTP_USER_AGENT' => 'Mozilla/5.0 (Macintosh; Intel Mac OS X 10.15; rv:148.0) Gecko/20100101 Firefox/148.0'
    'HTTP_HOST' => 'derschmuckmacher-v3.ddev.site'
    'HTTPS' => 'on'
    'REDIRECT_STATUS' => '200'
    'SERVER_NAME' => 'derschmuckmacher-v3.ddev.site'
    'SERVER_PORT' => '80'
    'SERVER_ADDR' => '172.18.0.3'
    'REMOTE_PORT' => '39734'
    'REMOTE_ADDR' => '172.18.0.5'
    'SERVER_SOFTWARE' => 'nginx/1.28.0'
    'GATEWAY_INTERFACE' => 'CGI/1.1'
    'REQUEST_SCHEME' => 'http'
    'SERVER_PROTOCOL' => 'HTTP/1.1'
    'DOCUMENT_ROOT' => '/var/www/html/web'
    'DOCUMENT_URI' => '/index.php'
    'REQUEST_URI' => '/index.php?p=dW2axQ3b%2Factions%2Fqueue%2Frun&v=1773766172592'
    'CONTENT_LENGTH' => '0'
    'CONTENT_TYPE' => ''
    'REQUEST_METHOD' => 'POST'
    'QUERY_STRING' => 'p=dW2axQ3b%2Factions%2Fqueue%2Frun&v=1773766172592'
    'SCRIPT_NAME' => '/index.php'
    'SCRIPT_FILENAME' => '/var/www/html/web/index.php'
    'FCGI_ROLE' => 'RESPONDER'
    'PHP_SELF' => '/index.php'
    'REQUEST_TIME_FLOAT' => 1773766172.599
    'REQUEST_TIME' => 1773766172
    'CRAFT_APP_ID' => 'CraftCMS--3933bc78-29f5-4b79-bcc5-c31faf0fcd20'
    'CRAFT_ENVIRONMENT' => 'dev'
    'ENVIRONMENT' => 'dev'
    'CRAFT_SECURITY_KEY' => '••••••••••••••••••••••••••••••••'
    'CP_TRIGGER' => 'dW2axQ3b'
    'CRAFT_DB_SCHEMA' => 'public'
    'CRAFT_DB_TABLE_PREFIX' => ''
    'DEV_MODE' => 'true'
    'ALLOW_ADMIN_CHANGES' => 'true'
    'DISALLOW_ROBOTS' => 'true'
    'TIMEZONE' => 'Europe/Zurich'
    'CAPTCHA_SITE_KEY' => '••••••••••••••••••••••••••••••••••••••••'
    'CAPTCHA_SECRET_KEY' => '••••••••••••••••••••••••••••••••••••••••'
    'WEB_URL' => 'https://derschmuckmacher-v3.ddev.site'
    'WEB_ROOT' => '/var/www/html/web'
    'ASSETS_BASE_URL' => 'https://derschmuckmacher-v3.ddev.site/public'
    'ASSETS_BASE_PATH' => '/var/www/html/web/public'
    'SCHMUCK_BASE_URL' => 'https://derschmuckmacher-v3.ddev.site/public/uploads/schmuck'
    'SCHMUCK_BASE_PATH' => '/var/www/html/web/public/uploads/schmuck'
] {"environment":"dev","userId":1} 
2026-03-17 17:49:51 [queue.INFO] [yii\db\Connection::open] Opening DB connection: mysql:host=db;dbname=db;port=3306 {"memory":1100792} 
2026-03-17 17:49:51 [queue.INFO] [yii\web\Session::open] Session started {"memory":1441992} 
2026-03-17 17:49:51 [queue.INFO] [nystudio107\codeeditor\CodeEditor::bootstrap] CodeEditor module bootstrapped {"memory":1463752} 
2026-03-17 17:49:51 [queue.INFO] [adigital\cookieconsentbanner\CookieConsentBanner::init] Cookie Consent Banner plugin loaded {"memory":1679144} 
2026-03-17 17:49:51 [queue.INFO] [miranj\obfuscator\Obfuscator::init] Obfuscator plugin loaded {"memory":2599728} 
2026-03-17 17:49:51 [queue.INFO] [yii\db\Connection::open] Opening DB connection: mysql:host=db;dbname=db;port=3306 {"memory":2870056} 
2026-03-17 17:49:51 [queue.INFO] [craft\queue\QueueLogBehavior::beforeExec]  [38862] t9n:["app","Pruning extra revisions"] (attempt: 1, pid: 15272) - Started {"memory":2928808} 
2026-03-17 17:49:51 [queue.INFO] [craft\queue\QueueLogBehavior::afterExec]  [38862] t9n:["app","Pruning extra revisions"] (attempt: 1, pid: 15272) - Done (time: 0.007s) {"memory":3359704} 
2026-03-17 17:49:51 [queue.INFO] [application] Request context:
$_GET = [
    'p' => 'dW2axQ3b/actions/queue/run'
    'v' => '1773766191571'
]

$_POST = []

$_FILES = []

$_COOKIE = [
    'cookieconsent_status' => 'dismiss'
    'CraftSessionId' => '6101e8c3c86d1f31ca53b56b1e33b7a3'
    'CRAFT_CSRF_TOKEN' => '••••••••••••••••••••••••••••••••••••••••••••••••••••••••••••••••••••••••••••••••••••••••••••••••••••••••••••••••••••••••••••••••••••••••••••••••••••••••••••••••••••••••••••••••••••••••••••••••••••••••••••••••••••••••••••••••••••••••••••••••••••••••••••••••••'
    'a8b7b1ec9ffb8baf2c6eaa253fe57112_username' => '26b9ec8568da68d3882e55afaa5d203483c6c5810ee05b5a55c8a0eb10cab93ea:2:{i:0;s:41:\"a8b7b1ec9ffb8baf2c6eaa253fe57112_username\";i:1;s:8:\"odegiuli\";}'
    'Craft-3626ffc1-d0a3-42e3-98aa-37e8aa759561_sidebar' => 'expanded'
    'Craft-3626ffc1-d0a3-42e3-98aa-37e8aa759561_sidebar-details' => 'expanded'
    'a8b7b1ec9ffb8baf2c6eaa253fe57112_identity' => '0174bd2ee8c40f461533a3291f15762227a6c075c380af83a7f526849fd30c8ca:2:{i:0;s:41:\"a8b7b1ec9ffb8baf2c6eaa253fe57112_identity\";i:1;s:159:\"[1,\"[\\\"VejnKqpu61xqdvMSiCvo4uNnuiyueZPSu4cc3FMkhH68E1EgKY30_WFXqIEVpyvq63KgUjAZE-rlgVLah2q5dC6WQcVSXYm6JlBw\\\",null,\\\"54dc9f5354b7a13af97c59945268465e\\\"]\",3600]\";}'
]

$_SESSION = [
    '22b6a59deafcfb2ffb13c3adf3d98a3b__auth_access' => [
        0 => 'previewElement:8578'
        1 => 'saveAssets:1986f3e0-bf2e-4ccd-b34c-7ec2d979afdd'
        2 => 'editStructure:2'
        3 => 'editStructure:1'
        4 => 'previewElement:8539'
        5 => 'previewDraft:875'
        6 => 'previewElement:8582'
        7 => 'previewDraft:876'
        8 => 'previewDraft:877'
        9 => 'previewDraft:879'
        10 => 'previewDraft:881'
        11 => 'previewDraft:882'
        12 => 'previewDraft:883'
        13 => 'previewDraft:884'
        14 => 'saveAssets:'
        15 => 'previewDraft:885'
        16 => 'previewDraft:886'
    ]
    '22b6a59deafcfb2ffb13c3adf3d98a3b__flash' => []
    'a8b7b1ec9ffb8baf2c6eaa253fe57112__token' => '••••••••••••••••••••••••••••••••••••••••••••••••••••••••••••••••••••••••••••••••••••••••••••••••••••'
    'a8b7b1ec9ffb8baf2c6eaa253fe57112__id' => 1
    '__authKey' => '••••••••••••••••••••••••••••••••••••••••••••••••••••••••••••••••••••••••••••••••••••••••••••••••••••••••••••••••••••••••••••••••••••••••••••••••'
    'a8b7b1ec9ffb8baf2c6eaa253fe57112__expire' => 1773769791
    '__duration' => 3600
    '__elevated_timeout' => 1773762118
]

$_SERVER = [
    'DEPLOY_NAME' => 'local'
    'DDEV_WEBSERVER_TYPE' => 'nginx-fpm'
    'npm_config_cache' => '/mnt/ddev-global-cache/npm'
    'COREPACK_ENABLE_DOWNLOAD_PROMPT' => '0'
    'DDEV_GOOS' => 'darwin'
    'IS_DDEV_PROJECT' => 'true'
    'PHP_DEFAULT_VERSION' => '8.3'
    'HOSTNAME' => 'derschmuckmacher-v3-web'
    'MAILPIT_SMTP_PORT' => '1025'
    'MH_SMTP_BIND_ADDR' => '127.0.0.1:1025'
    'DDEV_PRIMARY_URL_WITHOUT_PORT' => 'https://derschmuckmacher-v3.ddev.site'
    'CRAFT_DB_PORT' => '3306'
    'SSH_AUTH_SOCK' => '/home/.ssh-agent/socket'
    'DDEV_GID' => '20'
    'NODE_EXTRA_CA_CERTS' => '/mnt/ddev-global-cache/mkcert/rootCA.pem'
    'DOCKER_IP' => '127.0.0.1'
    'PGPASSWORD' => 'db'
    'CRAFT_WEB_ROOT' => '/var/www/html/web'
    'DDEV_DOCROOT' => 'web'
    'PWD' => '/var/www/html'
    'PLATFORMSH_CLI_UPDATES_CHECK' => '0'
    'DDEV_APPROOT' => '/var/www/html'
    'DDEV_FILES_DIR' => ''
    'START_SCRIPT_TIMEOUT' => '57'
    'APACHE_SITE_TEMPLATE' => '/etc/apache2/apache-site.conf'
    'PHP_INI' => '/etc/php/8.2/fpm/php.ini'
    'DDEV_VERSION' => 'v1.24.10'
    'PRIMARY_SITE_URL' => 'https://derschmuckmacher-v3.ddev.site'
    'TZ' => 'Europe/Zurich'
    'DDEV_XHPROF_MODE' => 'prepend'
    'HTTPS_EXPOSE' => '443:80,8026:8025'
    'COREPACK_HOME' => '/mnt/ddev-global-cache/corepack'
    'CRAFT_DB_DATABASE' => 'db'
    'DDEV_PRIMARY_URL' => 'https://derschmuckmacher-v3.ddev.site'
    'LINES' => '17'
    'DDEV_SITENAME' => 'derschmuckmacher-v3'
    'HOME' => '/home/omar'
    'DRUSH_OPTIONS_URI' => 'https://derschmuckmacher-v3.ddev.site'
    'LANG' => 'C.UTF-8'
    'COLUMNS' => '371'
    'DDEV_MUTAGEN_ENABLED' => 'true'
    'DDEV_USER' => 'omar'
    'PGUSER' => 'db'
    'TERMINUS_CACHE_DIR' => '/mnt/ddev-global-cache/terminus/cache'
    'DDEV_PRIMARY_URL_PORT' => '443'
    'DDEV_ROUTER_HTTP_PORT' => '80'
    'MAILPIT_SMTP_HOSTNAME' => '127.0.0.1'
    'CRAFT_DB_DRIVER' => 'mysql'
    'COMPOSER_PROCESS_TIMEOUT' => '2000'
    'NGINX_SITE_TEMPLATE' => '/etc/nginx/nginx-site.conf'
    'DDEV_FILES_DIRS' => ''
    'CRAFT_DB_SERVER' => 'db'
    'HTTP_EXPOSE' => '80:80,8025:8025'
    'NVM_DIR' => '/home/omar/.nvm'
    'DDEV_PHP_VERSION' => '8.2'
    'DDEV_TLD' => 'ddev.site'
    'DDEV_HOSTNAME' => 'derschmuckmacher-v3.ddev.site'
    'DDEV_PROJECT' => 'derschmuckmacher-v3'
    'DDEV_GOARCH' => 'arm64'
    'VIRTUAL_HOST' => 'derschmuckmacher-v3.ddev.site'
    'TERM' => 'xterm'
    'USER' => 'omar'
    'MYSQL_HISTFILE' => '/mnt/ddev-global-cache/mysqlhistory/derschmuckmacher-v3-web/mysql_history'
    'DDEV_WEB_ENTRYPOINT' => '/mnt/ddev_config/web-entrypoint.d'
    'DDEV_UID' => '501'
    'CAROOT' => '/mnt/ddev-global-cache/mkcert'
    'SHLVL' => '1'
    'COMPOSER_ALLOW_SUPERUSER' => '1'
    'BASH_ENV' => '/etc/bash.nointeractive.bashrc'
    'DDEV_DATABASE' => 'mysql:8.0'
    'PGDATABASE' => 'db'
    'CRAFT_DB_USER' => 'db'
    'DDEV_SCHEME' => 'https'
    'XHPROF_OUTPUT_DIR' => '/tmp/xhprof'
    'COMPOSER_CACHE_DIR' => '/mnt/ddev-global-cache/composer'
    'DDEV_XDEBUG_ENABLED' => 'false'
    'DDEV_DATABASE_FAMILY' => 'mysql'
    'PGHOST' => 'db'
    'DDEV_COMPOSER_ROOT' => '/var/www/html'
    'CRAFT_DB_PASSWORD' => '••'
    'DOCROOT' => 'web'
    'TERMINUS_HIDE_UPDATE_MESSAGE' => '1'
    'PATH' => '/home/omar/bin:/var/www/html/vendor/bin:/usr/local/sbin:/usr/local/bin:/usr/sbin:/usr/bin:/sbin:/bin:/var/www/html/bin:/mnt/ddev-global-cache/global-commands/web'
    'HOST_DOCKER_INTERNAL_IP' => ''
    'DDEV_PROJECT_TYPE' => 'craftcms'
    'DEBIAN_FRONTEND' => 'noninteractive'
    'DDEV_ROUTER_HTTPS_PORT' => '443'
    'EXECIGNORE' => '/var/www/html/vendor/bin/composer'
    'SUPERVISOR_ENABLED' => '1'
    'SUPERVISOR_SERVER_URL' => 'unix:///var/run/supervisor.sock'
    'SUPERVISOR_PROCESS_NAME' => 'php-fpm'
    'SUPERVISOR_GROUP_NAME' => 'php-fpm'
    'HTTP_X_REQUESTED_WITH' => 'XMLHttpRequest'
    'HTTP_X_REGISTERED_JS_FILES' => ''
    'HTTP_X_REGISTERED_ASSET_BUNDLES' => '22e517a2,aee7f8dc,26c46c25,e505ffd6,6b4d7555,bb2f10a0,e5e48399,815d39ea,fc0bc163,1ccab40d,1e21896b,54698ee0,b842675b,1c3c9add,4b1fd285,d8d08e47,8f00ce04,8768f48b,cf3018d6,ec6d0256'
    'HTTP_X_REAL_IP' => '172.18.0.1'
    'HTTP_X_FORWARDED_SERVER' => '61e6ccb23c1b'
    'HTTP_X_FORWARDED_PROTO' => 'https'
    'HTTP_X_FORWARDED_PORT' => '443'
    'HTTP_X_FORWARDED_HOST' => 'derschmuckmacher-v3.ddev.site'
    'HTTP_X_FORWARDED_FOR' => '172.18.0.1'
    'HTTP_X_CSRF_TOKEN' => '••••••••••••••••••••••••••••••••••••••••••••••••••••••••••••••••••••••••••••••••••••••••••••••••••••••••••••••••••••••••••••••••••••••••••••••••••••••••••••••••••••••••••••••••••••••••••••••••••••••••••••••••••••••••••••••••••••••••••••••••••••••••••••••••••••••••••••••••••••••••••••••••••••••••••••••••••••••••••••••••••••••••••••••••••••••••••••••••••••••••••••••••••••••••••••••••••••••••'
    'HTTP_TE' => 'trailers'
    'HTTP_SEC_GPC' => '1'
    'HTTP_SEC_FETCH_SITE' => 'same-origin'
    'HTTP_SEC_FETCH_MODE' => 'cors'
    'HTTP_SEC_FETCH_DEST' => 'empty'
    'HTTP_REFERER' => 'https://derschmuckmacher-v3.ddev.site/dW2axQ3b/content/entries'
    'HTTP_ORIGIN' => 'https://derschmuckmacher-v3.ddev.site'
    'HTTP_COOKIE' => 'cookieconsent_status=dismiss; CraftSessionId=6101e8c3c86d1f31ca53b56b1e33b7a3; CRAFT_CSRF_TOKEN=16740b48ba3f84595b6c56ef142b19f6b046fde54bc23622280b174e295f39afa%3A2%3A%7Bi%3A0%3Bs%3A16%3A%22CRAFT_CSRF_TOKEN%22%3Bi%3A1%3Bs%3A147%3A%22JfpP7gD_LrPE_phoiRWTtDPS49nkCv82f0DSgxK4%7Cd91b1261e5555fd659eaa053e8d63b8b95dfcc835d2840aef88e1c92e480d8e2JfpP7gD_LrPE_phoiRWTtDPS49nkCv82f0DSgxK4%7C1%22%3B%7D; a8b7b1ec9ffb8baf2c6eaa253fe57112_username=26b9ec8568da68d3882e55afaa5d203483c6c5810ee05b5a55c8a0eb10cab93ea%3A2%3A%7Bi%3A0%3Bs%3A41%3A%22a8b7b1ec9ffb8baf2c6eaa253fe57112_username%22%3Bi%3A1%3Bs%3A8%3A%22odegiuli%22%3B%7D; Craft-3626ffc1-d0a3-42e3-98aa-37e8aa759561_sidebar=expanded; Craft-3626ffc1-d0a3-42e3-98aa-37e8aa759561_sidebar-details=expanded; a8b7b1ec9ffb8baf2c6eaa253fe57112_identity=0174bd2ee8c40f461533a3291f15762227a6c075c380af83a7f526849fd30c8ca%3A2%3A%7Bi%3A0%3Bs%3A41%3A%22a8b7b1ec9ffb8baf2c6eaa253fe57112_identity%22%3Bi%3A1%3Bs%3A159%3A%22%5B1%2C%22%5B%5C%22VejnKqpu61xqdvMSiCvo4uNnuiyueZPSu4cc3FMkhH68E1EgKY30_WFXqIEVpyvq63KgUjAZE-rlgVLah2q5dC6WQcVSXYm6JlBw%5C%22%2Cnull%2C%5C%2254dc9f5354b7a13af97c59945268465e%5C%22%5D%22%2C3600%5D%22%3B%7D'
    'HTTP_ACCEPT_LANGUAGE' => 'de,en-US;q=0.9,en;q=0.8'
    'HTTP_ACCEPT_ENCODING' => 'gzip, deflate, br, zstd'
    'HTTP_ACCEPT' => 'application/json, text/plain, */*'
    'HTTP_CONTENT_LENGTH' => '0'
    'HTTP_USER_AGENT' => 'Mozilla/5.0 (Macintosh; Intel Mac OS X 10.15; rv:148.0) Gecko/20100101 Firefox/148.0'
    'HTTP_HOST' => 'derschmuckmacher-v3.ddev.site'
    'HTTPS' => 'on'
    'REDIRECT_STATUS' => '200'
    'SERVER_NAME' => 'derschmuckmacher-v3.ddev.site'
    'SERVER_PORT' => '80'
    'SERVER_ADDR' => '172.18.0.3'
    'REMOTE_PORT' => '50380'
    'REMOTE_ADDR' => '172.18.0.5'
    'SERVER_SOFTWARE' => 'nginx/1.28.0'
    'GATEWAY_INTERFACE' => 'CGI/1.1'
    'REQUEST_SCHEME' => 'http'
    'SERVER_PROTOCOL' => 'HTTP/1.1'
    'DOCUMENT_ROOT' => '/var/www/html/web'
    'DOCUMENT_URI' => '/index.php'
    'REQUEST_URI' => '/index.php?p=dW2axQ3b%2Factions%2Fqueue%2Frun&v=1773766191571'
    'CONTENT_LENGTH' => '0'
    'CONTENT_TYPE' => ''
    'REQUEST_METHOD' => 'POST'
    'QUERY_STRING' => 'p=dW2axQ3b%2Factions%2Fqueue%2Frun&v=1773766191571'
    'SCRIPT_NAME' => '/index.php'
    'SCRIPT_FILENAME' => '/var/www/html/web/index.php'
    'FCGI_ROLE' => 'RESPONDER'
    'PHP_SELF' => '/index.php'
    'REQUEST_TIME_FLOAT' => 1773766191.5731
    'REQUEST_TIME' => 1773766191
    'CRAFT_APP_ID' => 'CraftCMS--3933bc78-29f5-4b79-bcc5-c31faf0fcd20'
    'CRAFT_ENVIRONMENT' => 'dev'
    'ENVIRONMENT' => 'dev'
    'CRAFT_SECURITY_KEY' => '••••••••••••••••••••••••••••••••'
    'CP_TRIGGER' => 'dW2axQ3b'
    'CRAFT_DB_SCHEMA' => 'public'
    'CRAFT_DB_TABLE_PREFIX' => ''
    'DEV_MODE' => 'true'
    'ALLOW_ADMIN_CHANGES' => 'true'
    'DISALLOW_ROBOTS' => 'true'
    'TIMEZONE' => 'Europe/Zurich'
    'CAPTCHA_SITE_KEY' => '••••••••••••••••••••••••••••••••••••••••'
    'CAPTCHA_SECRET_KEY' => '••••••••••••••••••••••••••••••••••••••••'
    'WEB_URL' => 'https://derschmuckmacher-v3.ddev.site'
    'WEB_ROOT' => '/var/www/html/web'
    'ASSETS_BASE_URL' => 'https://derschmuckmacher-v3.ddev.site/public'
    'ASSETS_BASE_PATH' => '/var/www/html/web/public'
    'SCHMUCK_BASE_URL' => 'https://derschmuckmacher-v3.ddev.site/public/uploads/schmuck'
    'SCHMUCK_BASE_PATH' => '/var/www/html/web/public/uploads/schmuck'
] {"environment":"dev","userId":1} 
2026-03-17 19:32:54 [queue.INFO] [yii\db\Connection::open] Opening DB connection: mysql:host=db;dbname=db;port=3306 {"memory":1099352} 
2026-03-17 19:32:54 [queue.INFO] [yii\web\Session::open] Session started {"memory":1440232} 
2026-03-17 19:32:54 [queue.INFO] [nystudio107\codeeditor\CodeEditor::bootstrap] CodeEditor module bootstrapped {"memory":1461992} 
2026-03-17 19:32:54 [queue.INFO] [adigital\cookieconsentbanner\CookieConsentBanner::init] Cookie Consent Banner plugin loaded {"memory":1677384} 
2026-03-17 19:32:54 [queue.INFO] [miranj\obfuscator\Obfuscator::init] Obfuscator plugin loaded {"memory":2597968} 
2026-03-17 19:32:54 [queue.INFO] [yii\db\Connection::open] Opening DB connection: mysql:host=db;dbname=db;port=3306 {"memory":2848312} 
2026-03-17 19:32:54 [queue.INFO] [craft\queue\QueueLogBehavior::beforeExec]  [38863] Freeform: Purging Old Notification Logs (attempt: 1, pid: 17709) - Started {"memory":2906344} 
2026-03-17 19:32:54 [queue.INFO] [craft\queue\QueueLogBehavior::afterExec]  [38863] Freeform: Purging Old Notification Logs (attempt: 1, pid: 17709) - Done (time: 0.002s) {"memory":2924728} 
2026-03-17 19:32:54 [queue.INFO] [craft\queue\QueueLogBehavior::beforeExec]  [38864] Freeform: Unfertige Dateien löschen (attempt: 1, pid: 17709) - Started {"memory":3096872} 
2026-03-17 19:32:54 [queue.INFO] [craft\queue\QueueLogBehavior::afterExec]  [38864] Freeform: Unfertige Dateien löschen (attempt: 1, pid: 17709) - Done (time: 0.001s) {"memory":3100896} 
2026-03-17 19:32:54 [queue.INFO] [application] Request context:
$_GET = [
    'p' => 'dW2axQ3b/actions/queue/run'
    'v' => '1773772374057'
]

$_POST = []

$_FILES = []

$_COOKIE = [
    'cookieconsent_status' => 'dismiss'
    'CraftSessionId' => '6101e8c3c86d1f31ca53b56b1e33b7a3'
    'CRAFT_CSRF_TOKEN' => '••••••••••••••••••••••••••••••••••••••••••••••••••••••••••••••••••••••••••••••••••••••••••••••••••••••••••••••••••••••••••••••••••••••••••••••••••••••••••••••••••••••••••••••••••••••••••••••••••••••••••••••••••••••••••••••••••••••••••••••••••••••••••••••••••'
    'a8b7b1ec9ffb8baf2c6eaa253fe57112_username' => '26b9ec8568da68d3882e55afaa5d203483c6c5810ee05b5a55c8a0eb10cab93ea:2:{i:0;s:41:\"a8b7b1ec9ffb8baf2c6eaa253fe57112_username\";i:1;s:8:\"odegiuli\";}'
    'Craft-3626ffc1-d0a3-42e3-98aa-37e8aa759561_sidebar' => 'expanded'
    'Craft-3626ffc1-d0a3-42e3-98aa-37e8aa759561_sidebar-details' => 'expanded'
]

$_SESSION = [
    '22b6a59deafcfb2ffb13c3adf3d98a3b__auth_access' => [
        0 => 'previewElement:8578'
        1 => 'saveAssets:1986f3e0-bf2e-4ccd-b34c-7ec2d979afdd'
        2 => 'editStructure:2'
        3 => 'editStructure:1'
        4 => 'previewElement:8539'
        5 => 'previewDraft:875'
        6 => 'previewElement:8582'
        7 => 'previewDraft:876'
        8 => 'previewDraft:877'
        9 => 'previewDraft:879'
        10 => 'previewDraft:881'
        11 => 'previewDraft:882'
        12 => 'previewDraft:883'
        13 => 'previewDraft:884'
        14 => 'saveAssets:'
        15 => 'previewDraft:885'
        16 => 'previewDraft:886'
    ]
    'a8b7b1ec9ffb8baf2c6eaa253fe57112__token' => '••••••••••••••••••••••••••••••••••••••••••••••••••••••••••••••••••••••••••••••••••••••••••••••••••••'
    'a8b7b1ec9ffb8baf2c6eaa253fe57112__id' => 1
    '__authKey' => '••••••••••••••••••••••••••••••••••••••••••••••••••••••••••••••••••••••••••••••••••••••••••••••••••••••••••••••••••••••••••••••••••••••••••••••••'
    'a8b7b1ec9ffb8baf2c6eaa253fe57112__expire' => 1773775974
    '__duration' => 3600
    '__elevated_timeout' => 1773762118
    '22b6a59deafcfb2ffb13c3adf3d98a3b__flash' => []
]

$_SERVER = [
    'DEPLOY_NAME' => 'local'
    'DDEV_WEBSERVER_TYPE' => 'nginx-fpm'
    'npm_config_cache' => '/mnt/ddev-global-cache/npm'
    'COREPACK_ENABLE_DOWNLOAD_PROMPT' => '0'
    'DDEV_GOOS' => 'darwin'
    'IS_DDEV_PROJECT' => 'true'
    'PHP_DEFAULT_VERSION' => '8.3'
    'HOSTNAME' => 'derschmuckmacher-v3-web'
    'MAILPIT_SMTP_PORT' => '1025'
    'MH_SMTP_BIND_ADDR' => '127.0.0.1:1025'
    'DDEV_PRIMARY_URL_WITHOUT_PORT' => 'https://derschmuckmacher-v3.ddev.site'
    'CRAFT_DB_PORT' => '3306'
    'SSH_AUTH_SOCK' => '/home/.ssh-agent/socket'
    'DDEV_GID' => '20'
    'NODE_EXTRA_CA_CERTS' => '/mnt/ddev-global-cache/mkcert/rootCA.pem'
    'DOCKER_IP' => '127.0.0.1'
    'PGPASSWORD' => 'db'
    'CRAFT_WEB_ROOT' => '/var/www/html/web'
    'DDEV_DOCROOT' => 'web'
    'PWD' => '/var/www/html'
    'PLATFORMSH_CLI_UPDATES_CHECK' => '0'
    'DDEV_APPROOT' => '/var/www/html'
    'DDEV_FILES_DIR' => ''
    'START_SCRIPT_TIMEOUT' => '57'
    'APACHE_SITE_TEMPLATE' => '/etc/apache2/apache-site.conf'
    'PHP_INI' => '/etc/php/8.2/fpm/php.ini'
    'DDEV_VERSION' => 'v1.24.10'
    'PRIMARY_SITE_URL' => 'https://derschmuckmacher-v3.ddev.site'
    'TZ' => 'Europe/Zurich'
    'DDEV_XHPROF_MODE' => 'prepend'
    'HTTPS_EXPOSE' => '443:80,8026:8025'
    'COREPACK_HOME' => '/mnt/ddev-global-cache/corepack'
    'CRAFT_DB_DATABASE' => 'db'
    'DDEV_PRIMARY_URL' => 'https://derschmuckmacher-v3.ddev.site'
    'LINES' => '17'
    'DDEV_SITENAME' => 'derschmuckmacher-v3'
    'HOME' => '/home/omar'
    'DRUSH_OPTIONS_URI' => 'https://derschmuckmacher-v3.ddev.site'
    'LANG' => 'C.UTF-8'
    'COLUMNS' => '371'
    'DDEV_MUTAGEN_ENABLED' => 'true'
    'DDEV_USER' => 'omar'
    'PGUSER' => 'db'
    'TERMINUS_CACHE_DIR' => '/mnt/ddev-global-cache/terminus/cache'
    'DDEV_PRIMARY_URL_PORT' => '443'
    'DDEV_ROUTER_HTTP_PORT' => '80'
    'MAILPIT_SMTP_HOSTNAME' => '127.0.0.1'
    'CRAFT_DB_DRIVER' => 'mysql'
    'COMPOSER_PROCESS_TIMEOUT' => '2000'
    'NGINX_SITE_TEMPLATE' => '/etc/nginx/nginx-site.conf'
    'DDEV_FILES_DIRS' => ''
    'CRAFT_DB_SERVER' => 'db'
    'HTTP_EXPOSE' => '80:80,8025:8025'
    'NVM_DIR' => '/home/omar/.nvm'
    'DDEV_PHP_VERSION' => '8.2'
    'DDEV_TLD' => 'ddev.site'
    'DDEV_HOSTNAME' => 'derschmuckmacher-v3.ddev.site'
    'DDEV_PROJECT' => 'derschmuckmacher-v3'
    'DDEV_GOARCH' => 'arm64'
    'VIRTUAL_HOST' => 'derschmuckmacher-v3.ddev.site'
    'TERM' => 'xterm'
    'USER' => 'omar'
    'MYSQL_HISTFILE' => '/mnt/ddev-global-cache/mysqlhistory/derschmuckmacher-v3-web/mysql_history'
    'DDEV_WEB_ENTRYPOINT' => '/mnt/ddev_config/web-entrypoint.d'
    'DDEV_UID' => '501'
    'CAROOT' => '/mnt/ddev-global-cache/mkcert'
    'SHLVL' => '1'
    'COMPOSER_ALLOW_SUPERUSER' => '1'
    'BASH_ENV' => '/etc/bash.nointeractive.bashrc'
    'DDEV_DATABASE' => 'mysql:8.0'
    'PGDATABASE' => 'db'
    'CRAFT_DB_USER' => 'db'
    'DDEV_SCHEME' => 'https'
    'XHPROF_OUTPUT_DIR' => '/tmp/xhprof'
    'COMPOSER_CACHE_DIR' => '/mnt/ddev-global-cache/composer'
    'DDEV_XDEBUG_ENABLED' => 'false'
    'DDEV_DATABASE_FAMILY' => 'mysql'
    'PGHOST' => 'db'
    'DDEV_COMPOSER_ROOT' => '/var/www/html'
    'CRAFT_DB_PASSWORD' => '••'
    'DOCROOT' => 'web'
    'TERMINUS_HIDE_UPDATE_MESSAGE' => '1'
    'PATH' => '/home/omar/bin:/var/www/html/vendor/bin:/usr/local/sbin:/usr/local/bin:/usr/sbin:/usr/bin:/sbin:/bin:/var/www/html/bin:/mnt/ddev-global-cache/global-commands/web'
    'HOST_DOCKER_INTERNAL_IP' => ''
    'DDEV_PROJECT_TYPE' => 'craftcms'
    'DEBIAN_FRONTEND' => 'noninteractive'
    'DDEV_ROUTER_HTTPS_PORT' => '443'
    'EXECIGNORE' => '/var/www/html/vendor/bin/composer'
    'SUPERVISOR_ENABLED' => '1'
    'SUPERVISOR_SERVER_URL' => 'unix:///var/run/supervisor.sock'
    'SUPERVISOR_PROCESS_NAME' => 'php-fpm'
    'SUPERVISOR_GROUP_NAME' => 'php-fpm'
    'HTTP_X_REQUESTED_WITH' => 'XMLHttpRequest'
    'HTTP_X_REGISTERED_JS_FILES' => ''
    'HTTP_X_REGISTERED_ASSET_BUNDLES' => '22e517a2,aee7f8dc,26c46c25,e505ffd6,6b4d7555,bb2f10a0,e5e48399,815d39ea,fc0bc163,1ccab40d,1e21896b,54698ee0,b842675b,1c3c9add,4b1fd285,d8d08e47,8f00ce04,8768f48b,cf3018d6,ec6d0256'
    'HTTP_X_REAL_IP' => '172.18.0.1'
    'HTTP_X_FORWARDED_SERVER' => '61e6ccb23c1b'
    'HTTP_X_FORWARDED_PROTO' => 'https'
    'HTTP_X_FORWARDED_PORT' => '443'
    'HTTP_X_FORWARDED_HOST' => 'derschmuckmacher-v3.ddev.site'
    'HTTP_X_FORWARDED_FOR' => '172.18.0.1'
    'HTTP_X_CSRF_TOKEN' => '••••••••••••••••••••••••••••••••••••••••••••••••••••••••••••••••••••••••••••••••••••••••••••••••••••••••••••••••••••••••••••••••••••••••••••••••••••••••••••••••••••••••••••••••••••••••••••••••••••••••••••••••••••••••••••••••••••••••••••••••••••••••••••••••••••••••••••••••••••••••••••••••••••••••••••••••••••••••••••••••••••••••••••••••••••••••••••••••••••••••••••••••••••••••••••••••••••••••'
    'HTTP_TE' => 'trailers'
    'HTTP_SEC_GPC' => '1'
    'HTTP_SEC_FETCH_SITE' => 'same-origin'
    'HTTP_SEC_FETCH_MODE' => 'cors'
    'HTTP_SEC_FETCH_DEST' => 'empty'
    'HTTP_REFERER' => 'https://derschmuckmacher-v3.ddev.site/dW2axQ3b/content/entries/aktuelles?source=section%3Aabbf7c18-fd88-4baf-9a5e-dbccf55f4b56'
    'HTTP_ORIGIN' => 'https://derschmuckmacher-v3.ddev.site'
    'HTTP_COOKIE' => 'cookieconsent_status=dismiss; CraftSessionId=6101e8c3c86d1f31ca53b56b1e33b7a3; CRAFT_CSRF_TOKEN=16740b48ba3f84595b6c56ef142b19f6b046fde54bc23622280b174e295f39afa%3A2%3A%7Bi%3A0%3Bs%3A16%3A%22CRAFT_CSRF_TOKEN%22%3Bi%3A1%3Bs%3A147%3A%22JfpP7gD_LrPE_phoiRWTtDPS49nkCv82f0DSgxK4%7Cd91b1261e5555fd659eaa053e8d63b8b95dfcc835d2840aef88e1c92e480d8e2JfpP7gD_LrPE_phoiRWTtDPS49nkCv82f0DSgxK4%7C1%22%3B%7D; a8b7b1ec9ffb8baf2c6eaa253fe57112_username=26b9ec8568da68d3882e55afaa5d203483c6c5810ee05b5a55c8a0eb10cab93ea%3A2%3A%7Bi%3A0%3Bs%3A41%3A%22a8b7b1ec9ffb8baf2c6eaa253fe57112_username%22%3Bi%3A1%3Bs%3A8%3A%22odegiuli%22%3B%7D; Craft-3626ffc1-d0a3-42e3-98aa-37e8aa759561_sidebar=expanded; Craft-3626ffc1-d0a3-42e3-98aa-37e8aa759561_sidebar-details=expanded'
    'HTTP_ACCEPT_LANGUAGE' => 'de,en-US;q=0.9,en;q=0.8'
    'HTTP_ACCEPT_ENCODING' => 'gzip, deflate, br, zstd'
    'HTTP_ACCEPT' => 'application/json, text/plain, */*'
    'HTTP_CONTENT_LENGTH' => '0'
    'HTTP_USER_AGENT' => 'Mozilla/5.0 (Macintosh; Intel Mac OS X 10.15; rv:148.0) Gecko/20100101 Firefox/148.0'
    'HTTP_HOST' => 'derschmuckmacher-v3.ddev.site'
    'HTTPS' => 'on'
    'REDIRECT_STATUS' => '200'
    'SERVER_NAME' => 'derschmuckmacher-v3.ddev.site'
    'SERVER_PORT' => '80'
    'SERVER_ADDR' => '172.18.0.3'
    'REMOTE_PORT' => '59148'
    'REMOTE_ADDR' => '172.18.0.5'
    'SERVER_SOFTWARE' => 'nginx/1.28.0'
    'GATEWAY_INTERFACE' => 'CGI/1.1'
    'REQUEST_SCHEME' => 'http'
    'SERVER_PROTOCOL' => 'HTTP/1.1'
    'DOCUMENT_ROOT' => '/var/www/html/web'
    'DOCUMENT_URI' => '/index.php'
    'REQUEST_URI' => '/index.php?p=dW2axQ3b%2Factions%2Fqueue%2Frun&v=1773772374057'
    'CONTENT_LENGTH' => '0'
    'CONTENT_TYPE' => ''
    'REQUEST_METHOD' => 'POST'
    'QUERY_STRING' => 'p=dW2axQ3b%2Factions%2Fqueue%2Frun&v=1773772374057'
    'SCRIPT_NAME' => '/index.php'
    'SCRIPT_FILENAME' => '/var/www/html/web/index.php'
    'FCGI_ROLE' => 'RESPONDER'
    'PHP_SELF' => '/index.php'
    'REQUEST_TIME_FLOAT' => 1773772374.0609
    'REQUEST_TIME' => 1773772374
    'CRAFT_APP_ID' => 'CraftCMS--3933bc78-29f5-4b79-bcc5-c31faf0fcd20'
    'CRAFT_ENVIRONMENT' => 'dev'
    'ENVIRONMENT' => 'dev'
    'CRAFT_SECURITY_KEY' => '••••••••••••••••••••••••••••••••'
    'CP_TRIGGER' => 'dW2axQ3b'
    'CRAFT_DB_SCHEMA' => 'public'
    'CRAFT_DB_TABLE_PREFIX' => ''
    'DEV_MODE' => 'true'
    'ALLOW_ADMIN_CHANGES' => 'true'
    'DISALLOW_ROBOTS' => 'true'
    'TIMEZONE' => 'Europe/Zurich'
    'CAPTCHA_SITE_KEY' => '••••••••••••••••••••••••••••••••••••••••'
    'CAPTCHA_SECRET_KEY' => '••••••••••••••••••••••••••••••••••••••••'
    'WEB_URL' => 'https://derschmuckmacher-v3.ddev.site'
    'WEB_ROOT' => '/var/www/html/web'
    'ASSETS_BASE_URL' => 'https://derschmuckmacher-v3.ddev.site/public'
    'ASSETS_BASE_PATH' => '/var/www/html/web/public'
    'SCHMUCK_BASE_URL' => 'https://derschmuckmacher-v3.ddev.site/public/uploads/schmuck'
    'SCHMUCK_BASE_PATH' => '/var/www/html/web/public/uploads/schmuck'
] {"environment":"dev","userId":1} 
