2026-04-30 10:35:01 [queue.INFO] [yii\db\Connection::open] Opening DB connection: mysql:host=db;dbname=db;port=3306 {"memory":1101096} 
2026-04-30 10:35:01 [queue.INFO] [yii\web\Session::open] Session started {"memory":1529456} 
2026-04-30 10:35:01 [queue.INFO] [nystudio107\codeeditor\CodeEditor::bootstrap] CodeEditor module bootstrapped {"memory":1551216} 
2026-04-30 10:35:01 [queue.INFO] [adigital\cookieconsentbanner\CookieConsentBanner::init] Cookie Consent Banner plugin loaded {"memory":1767184} 
2026-04-30 10:35:01 [queue.INFO] [miranj\obfuscator\Obfuscator::init] Obfuscator plugin loaded {"memory":2727144} 
2026-04-30 10:35:01 [queue.INFO] [yii\db\Connection::open] Opening DB connection: mysql:host=db;dbname=db;port=3306 {"memory":2994264} 
2026-04-30 10:35:01 [queue.INFO] [craft\queue\QueueLogBehavior::beforeExec]  [40475] Freeform: Purging Old Notification Logs (attempt: 1, pid: 12034) - Started {"memory":3052296} 
2026-04-30 10:35:01 [queue.INFO] [craft\queue\QueueLogBehavior::afterExec]  [40475] Freeform: Purging Old Notification Logs (attempt: 1, pid: 12034) - Done (time: 0.002s) {"memory":3070680} 
2026-04-30 10:35:01 [queue.INFO] [craft\queue\QueueLogBehavior::beforeExec]  [40476] Freeform: Unfertige Dateien löschen (attempt: 1, pid: 12034) - Started {"memory":3242824} 
2026-04-30 10:35:01 [queue.INFO] [craft\queue\QueueLogBehavior::afterExec]  [40476] Freeform: Unfertige Dateien löschen (attempt: 1, pid: 12034) - Done (time: 0.001s) {"memory":3246848} 
2026-04-30 10:35:01 [queue.INFO] [application] Request context:
$_GET = [
    'p' => 'dW2axQ3b/actions/queue/run'
    'v' => '1777538101268'
]

$_POST = []

$_FILES = []

$_COOKIE = [
    'a8b7b1ec9ffb8baf2c6eaa253fe57112_username' => '26b9ec8568da68d3882e55afaa5d203483c6c5810ee05b5a55c8a0eb10cab93ea:2:{i:0;s:41:\"a8b7b1ec9ffb8baf2c6eaa253fe57112_username\";i:1;s:8:\"odegiuli\";}'
    'CraftSessionId' => 'd53e866d26bce875fb2884facc2d107e'
    'CRAFT_CSRF_TOKEN' => '••••••••••••••••••••••••••••••••••••••••••••••••••••••••••••••••••••••••••••••••••••••••••••••••••••••••••••••••••••••••••••••••••••••••••••••••••••••••••••••••••••••••••••••••••••••••••••••••••••••••••••••••••••••••••••••••••••••••••••••••••••••••••••••••••'
    'Craft-3626ffc1-d0a3-42e3-98aa-37e8aa759561_sidebar' => 'expanded'
    'cookieconsent_status' => 'dismiss'
    'Craft-3626ffc1-d0a3-42e3-98aa-37e8aa759561_sidebar-details' => 'expanded'
    'a8b7b1ec9ffb8baf2c6eaa253fe57112_identity' => '2ee63bec9c78b16cb52b6ff97233f3a03b82e66bcf4a25898f3cfa5b2b22da6ba:2:{i:0;s:41:\"a8b7b1ec9ffb8baf2c6eaa253fe57112_identity\";i:1;s:159:\"[1,\"[\\\"UrkbfhKiWjsY6RR3o2amMzH-bkXUYIGVFHW7CYAg9yt8FSPdbek0OuFnfjLETt7WF4FXkiJnsNQ1BXFFSpUfyKRsTAOTm2zEZRkh\\\",null,\\\"0ef01a0bceeac5b1d0a2b6557bd3d7b1\\\"]\",3600]\";}'
]

$_SESSION = [
    '22b6a59deafcfb2ffb13c3adf3d98a3b__auth_access' => [
        0 => 'previewElement:6476'
        1 => 'saveAssets:856a3aeb-b21b-4d41-af3f-0a23db430323'
        2 => 'previewDraft:904'
        3 => 'previewElement:8616'
        4 => 'previewDraft:905'
        5 => 'previewElement:7158'
        6 => 'previewDraft:906'
        7 => 'previewDraft:908'
        8 => 'previewElement:8689'
        9 => 'saveAssets:'
        10 => 'previewDraft:910'
        11 => 'saveAssets:1986f3e0-bf2e-4ccd-b34c-7ec2d979afdd'
        12 => 'previewDraft:912'
        13 => 'previewDraft:914'
        14 => 'previewDraft:916'
        15 => 'previewElement:7186'
        16 => 'previewDraft:918'
        17 => 'previewDraft:920'
        18 => 'previewDraft:922'
        19 => 'previewDraft:924'
        20 => 'previewDraft:926'
        21 => 'previewDraft:928'
        22 => 'manageNestedElements::8753::field:kacheln'
        23 => 'previewDraft:930'
        24 => 'manageNestedElements::8755::field:kacheln'
        25 => 'previewDraft:931'
        26 => 'previewDraft:934'
        27 => 'previewDraft:935'
        28 => 'previewDraft:936'
        29 => 'previewDraft:937'
        30 => 'previewDraft:938'
        31 => 'previewDraft:940'
        32 => 'previewDraft:942'
        33 => 'previewElement:8582'
        34 => 'previewDraft:944'
        35 => 'previewDraft:945'
        36 => 'previewDraft:947'
        37 => 'previewDraft:949'
        38 => 'previewDraft:951'
        39 => 'previewDraft:952'
        40 => 'previewDraft:954'
        41 => 'previewDraft:955'
        42 => 'previewDraft:956'
        43 => 'previewDraft:958'
        44 => 'previewDraft:959'
        45 => 'previewDraft:960'
        46 => 'previewDraft:962'
        47 => 'previewDraft:963'
        48 => 'previewDraft:964'
        49 => 'previewDraft:965'
        50 => 'manageNestedElements::8841::field:kacheln'
        51 => 'previewDraft:967'
        52 => 'manageNestedElements::8844::field:kacheln'
        53 => 'previewDraft:968'
        54 => 'previewDraft:969'
        55 => 'previewDraft:971'
        56 => 'previewDraft:972'
        57 => 'previewDraft:973'
        58 => 'previewDraft:975'
        59 => 'previewDraft:977'
        60 => 'previewDraft:979'
        61 => 'previewDraft:981'
    ]
    '22b6a59deafcfb2ffb13c3adf3d98a3b__flash' => []
    'a8b7b1ec9ffb8baf2c6eaa253fe57112__token' => '••••••••••••••••••••••••••••••••••••••••••••••••••••••••••••••••••••••••••••••••••••••••••••••••••••'
    'a8b7b1ec9ffb8baf2c6eaa253fe57112__id' => 1
    '__authKey' => '••••••••••••••••••••••••••••••••••••••••••••••••••••••••••••••••••••••••••••••••••••••••••••••••••••••••••••••••••••••••••••••••••••••••••••••••'
    'a8b7b1ec9ffb8baf2c6eaa253fe57112__expire' => 1777541701
    '__duration' => 3600
    '__elevated_timeout' => 1777538397
]

$_SERVER = [
    'DEPLOY_NAME' => 'local'
    'DDEV_WEBSERVER_TYPE' => 'nginx-fpm'
    'npm_config_cache' => '/mnt/ddev-global-cache/npm'
    'COREPACK_ENABLE_DOWNLOAD_PROMPT' => '0'
    'DDEV_GOOS' => 'darwin'
    'IS_DDEV_PROJECT' => 'true'
    'PHP_DEFAULT_VERSION' => '8.3'
    'HOSTNAME' => 'derschmuckmacher-v3-web'
    'MAILPIT_SMTP_PORT' => '1025'
    'MH_SMTP_BIND_ADDR' => '127.0.0.1:1025'
    'DDEV_PRIMARY_URL_WITHOUT_PORT' => 'https://derschmuckmacher-v3.ddev.site'
    'CRAFT_DB_PORT' => '3306'
    'SSH_AUTH_SOCK' => '/home/.ssh-agent/socket'
    'DDEV_GID' => '20'
    'NODE_EXTRA_CA_CERTS' => '/mnt/ddev-global-cache/mkcert/rootCA.pem'
    'DOCKER_IP' => '127.0.0.1'
    'PGPASSWORD' => 'db'
    'CRAFT_WEB_ROOT' => '/var/www/html/web'
    'DDEV_DOCROOT' => 'web'
    'PWD' => '/var/www/html'
    'PLATFORMSH_CLI_UPDATES_CHECK' => '0'
    'DDEV_APPROOT' => '/var/www/html'
    'DDEV_FILES_DIR' => ''
    'START_SCRIPT_TIMEOUT' => '57'
    'APACHE_SITE_TEMPLATE' => '/etc/apache2/apache-site.conf'
    'PHP_INI' => '/etc/php/8.2/fpm/php.ini'
    'DDEV_VERSION' => 'v1.24.10'
    'PRIMARY_SITE_URL' => 'https://derschmuckmacher-v3.ddev.site'
    'TZ' => 'Europe/Zurich'
    'DDEV_XHPROF_MODE' => 'prepend'
    'HTTPS_EXPOSE' => '443:80,8026:8025'
    'COREPACK_HOME' => '/mnt/ddev-global-cache/corepack'
    'CRAFT_DB_DATABASE' => 'db'
    'DDEV_PRIMARY_URL' => 'https://derschmuckmacher-v3.ddev.site'
    'LINES' => '17'
    'DDEV_SITENAME' => 'derschmuckmacher-v3'
    'HOME' => '/home/omar'
    'DRUSH_OPTIONS_URI' => 'https://derschmuckmacher-v3.ddev.site'
    'LANG' => 'C.UTF-8'
    'COLUMNS' => '371'
    'DDEV_MUTAGEN_ENABLED' => 'true'
    'DDEV_USER' => 'omar'
    'PGUSER' => 'db'
    'TERMINUS_CACHE_DIR' => '/mnt/ddev-global-cache/terminus/cache'
    'DDEV_PRIMARY_URL_PORT' => '443'
    'DDEV_ROUTER_HTTP_PORT' => '80'
    'MAILPIT_SMTP_HOSTNAME' => '127.0.0.1'
    'CRAFT_DB_DRIVER' => 'mysql'
    'COMPOSER_PROCESS_TIMEOUT' => '2000'
    'NGINX_SITE_TEMPLATE' => '/etc/nginx/nginx-site.conf'
    'DDEV_FILES_DIRS' => ''
    'CRAFT_DB_SERVER' => 'db'
    'HTTP_EXPOSE' => '80:80,8025:8025'
    'NVM_DIR' => '/home/omar/.nvm'
    'DDEV_PHP_VERSION' => '8.2'
    'DDEV_TLD' => 'ddev.site'
    'DDEV_HOSTNAME' => 'derschmuckmacher-v3.ddev.site'
    'DDEV_PROJECT' => 'derschmuckmacher-v3'
    'DDEV_GOARCH' => 'arm64'
    'VIRTUAL_HOST' => 'derschmuckmacher-v3.ddev.site'
    'TERM' => 'xterm'
    'USER' => 'omar'
    'MYSQL_HISTFILE' => '/mnt/ddev-global-cache/mysqlhistory/derschmuckmacher-v3-web/mysql_history'
    'DDEV_WEB_ENTRYPOINT' => '/mnt/ddev_config/web-entrypoint.d'
    'DDEV_UID' => '501'
    'CAROOT' => '/mnt/ddev-global-cache/mkcert'
    'SHLVL' => '1'
    'COMPOSER_ALLOW_SUPERUSER' => '1'
    'BASH_ENV' => '/etc/bash.nointeractive.bashrc'
    'DDEV_DATABASE' => 'mysql:8.0'
    'PGDATABASE' => 'db'
    'CRAFT_DB_USER' => 'db'
    'DDEV_SCHEME' => 'https'
    'XHPROF_OUTPUT_DIR' => '/tmp/xhprof'
    'COMPOSER_CACHE_DIR' => '/mnt/ddev-global-cache/composer'
    'DDEV_XDEBUG_ENABLED' => 'false'
    'DDEV_DATABASE_FAMILY' => 'mysql'
    'PGHOST' => 'db'
    'DDEV_COMPOSER_ROOT' => '/var/www/html'
    'CRAFT_DB_PASSWORD' => '••'
    'DOCROOT' => 'web'
    'TERMINUS_HIDE_UPDATE_MESSAGE' => '1'
    'PATH' => '/home/omar/bin:/var/www/html/vendor/bin:/usr/local/sbin:/usr/local/bin:/usr/sbin:/usr/bin:/sbin:/bin:/var/www/html/bin:/mnt/ddev-global-cache/global-commands/web'
    'HOST_DOCKER_INTERNAL_IP' => ''
    'DDEV_PROJECT_TYPE' => 'craftcms'
    'DEBIAN_FRONTEND' => 'noninteractive'
    'DDEV_ROUTER_HTTPS_PORT' => '443'
    'EXECIGNORE' => '/var/www/html/vendor/bin/composer'
    'SUPERVISOR_ENABLED' => '1'
    'SUPERVISOR_SERVER_URL' => 'unix:///var/run/supervisor.sock'
    'SUPERVISOR_PROCESS_NAME' => 'php-fpm'
    'SUPERVISOR_GROUP_NAME' => 'php-fpm'
    'HTTP_X_REQUESTED_WITH' => 'XMLHttpRequest'
    'HTTP_X_REGISTERED_JS_FILES' => ''
    'HTTP_X_REGISTERED_ASSET_BUNDLES' => '82742c9d,22e517a2,aee7f8dc,26c46c25,e505ffd6,6b4d7555,bb2f10a0,e5e48399,815d39ea,fc0bc163,1ccab40d,1e21896b,54698ee0,b842675b,1c3c9add,4b1fd285,d8d08e47,8f00ce04,8768f48b,cf3018d6,ec6d0256,e356bca8'
    'HTTP_X_REAL_IP' => '172.18.0.1'
    'HTTP_X_FORWARDED_SERVER' => '21f32d6785eb'
    'HTTP_X_FORWARDED_PROTO' => 'https'
    'HTTP_X_FORWARDED_PORT' => '443'
    'HTTP_X_FORWARDED_HOST' => 'derschmuckmacher-v3.ddev.site'
    'HTTP_X_FORWARDED_FOR' => '172.18.0.1'
    'HTTP_X_CSRF_TOKEN' => '••••••••••••••••••••••••••••••••••••••••••••••••••••••••••••••••••••••••••••••••••••••••••••••••••••••••••••••••••••••••••••••••••••••••••••••••••••••••••••••••••••••••••••••••••••••••••••••••••••••••••••••••••••••••••••••••••••••••••••••••••••••••••••••••••••••••••••••••••••••••••••••••••••••••••••••••••••••••••••••••••••••••••••••••••••••••••••••••••••••••••••••••••••••••••••••••••••••••'
    'HTTP_TE' => 'trailers'
    'HTTP_SEC_GPC' => '1'
    'HTTP_SEC_FETCH_SITE' => 'same-origin'
    'HTTP_SEC_FETCH_MODE' => 'cors'
    'HTTP_SEC_FETCH_DEST' => 'empty'
    'HTTP_REFERER' => 'https://derschmuckmacher-v3.ddev.site/dW2axQ3b/utilities/updates'
    'HTTP_ORIGIN' => 'https://derschmuckmacher-v3.ddev.site'
    'HTTP_COOKIE' => 'a8b7b1ec9ffb8baf2c6eaa253fe57112_username=26b9ec8568da68d3882e55afaa5d203483c6c5810ee05b5a55c8a0eb10cab93ea%3A2%3A%7Bi%3A0%3Bs%3A41%3A%22a8b7b1ec9ffb8baf2c6eaa253fe57112_username%22%3Bi%3A1%3Bs%3A8%3A%22odegiuli%22%3B%7D; CraftSessionId=d53e866d26bce875fb2884facc2d107e; CRAFT_CSRF_TOKEN=8a7d40a44925cffa5c6231ed712693479ccbd90a53c648b39aebabcbcfb32970a%3A2%3A%7Bi%3A0%3Bs%3A16%3A%22CRAFT_CSRF_TOKEN%22%3Bi%3A1%3Bs%3A147%3A%229VVivECA_J8xrEtMk6R8TWeXsv9sDEqSlX1ewKI4%7Ccf1973dd801adeb03ddc8c2365188f3412c2b61f83f5364963d159f3811886a99VVivECA_J8xrEtMk6R8TWeXsv9sDEqSlX1ewKI4%7C1%22%3B%7D; Craft-3626ffc1-d0a3-42e3-98aa-37e8aa759561_sidebar=expanded; cookieconsent_status=dismiss; Craft-3626ffc1-d0a3-42e3-98aa-37e8aa759561_sidebar-details=expanded; a8b7b1ec9ffb8baf2c6eaa253fe57112_identity=2ee63bec9c78b16cb52b6ff97233f3a03b82e66bcf4a25898f3cfa5b2b22da6ba%3A2%3A%7Bi%3A0%3Bs%3A41%3A%22a8b7b1ec9ffb8baf2c6eaa253fe57112_identity%22%3Bi%3A1%3Bs%3A159%3A%22%5B1%2C%22%5B%5C%22UrkbfhKiWjsY6RR3o2amMzH-bkXUYIGVFHW7CYAg9yt8FSPdbek0OuFnfjLETt7WF4FXkiJnsNQ1BXFFSpUfyKRsTAOTm2zEZRkh%5C%22%2Cnull%2C%5C%220ef01a0bceeac5b1d0a2b6557bd3d7b1%5C%22%5D%22%2C3600%5D%22%3B%7D'
    'HTTP_ACCEPT_LANGUAGE' => 'de,en-US;q=0.9,en;q=0.8'
    'HTTP_ACCEPT_ENCODING' => 'gzip, deflate, br, zstd'
    'HTTP_ACCEPT' => 'application/json, text/plain, */*'
    'HTTP_CONTENT_LENGTH' => '0'
    'HTTP_USER_AGENT' => 'Mozilla/5.0 (Macintosh; Intel Mac OS X 10.15; rv:150.0) Gecko/20100101 Firefox/150.0'
    'HTTP_HOST' => 'derschmuckmacher-v3.ddev.site'
    'HTTPS' => 'on'
    'REDIRECT_STATUS' => '200'
    'SERVER_NAME' => 'derschmuckmacher-v3.ddev.site'
    'SERVER_PORT' => '80'
    'SERVER_ADDR' => '172.18.0.3'
    'REMOTE_PORT' => '49896'
    'REMOTE_ADDR' => '172.18.0.5'
    'SERVER_SOFTWARE' => 'nginx/1.28.0'
    'GATEWAY_INTERFACE' => 'CGI/1.1'
    'REQUEST_SCHEME' => 'http'
    'SERVER_PROTOCOL' => 'HTTP/1.1'
    'DOCUMENT_ROOT' => '/var/www/html/web'
    'DOCUMENT_URI' => '/index.php'
    'REQUEST_URI' => '/index.php?p=dW2axQ3b%2Factions%2Fqueue%2Frun&v=1777538101268'
    'CONTENT_LENGTH' => '0'
    'CONTENT_TYPE' => ''
    'REQUEST_METHOD' => 'POST'
    'QUERY_STRING' => 'p=dW2axQ3b%2Factions%2Fqueue%2Frun&v=1777538101268'
    'SCRIPT_NAME' => '/index.php'
    'SCRIPT_FILENAME' => '/var/www/html/web/index.php'
    'FCGI_ROLE' => 'RESPONDER'
    'PHP_SELF' => '/index.php'
    'REQUEST_TIME_FLOAT' => 1777538101.2752
    'REQUEST_TIME' => 1777538101
    'CRAFT_APP_ID' => 'CraftCMS--3933bc78-29f5-4b79-bcc5-c31faf0fcd20'
    'CRAFT_ENVIRONMENT' => 'dev'
    'ENVIRONMENT' => 'dev'
    'CRAFT_SECURITY_KEY' => '••••••••••••••••••••••••••••••••'
    'CP_TRIGGER' => 'dW2axQ3b'
    'CRAFT_DB_SCHEMA' => 'public'
    'CRAFT_DB_TABLE_PREFIX' => ''
    'DEV_MODE' => 'true'
    'ALLOW_ADMIN_CHANGES' => 'true'
    'DISALLOW_ROBOTS' => 'true'
    'TIMEZONE' => 'Europe/Zurich'
    'CAPTCHA_SITE_KEY' => '••••••••••••••••••••••••••••••••••••••••'
    'CAPTCHA_SECRET_KEY' => '••••••••••••••••••••••••••••••••••••••••'
    'WEB_URL' => 'https://derschmuckmacher-v3.ddev.site'
    'WEB_ROOT' => '/var/www/html/web'
    'ASSETS_BASE_URL' => 'https://derschmuckmacher-v3.ddev.site/public'
    'ASSETS_BASE_PATH' => '/var/www/html/web/public'
    'SCHMUCK_BASE_URL' => 'https://derschmuckmacher-v3.ddev.site/public/uploads/schmuck'
    'SCHMUCK_BASE_PATH' => '/var/www/html/web/public/uploads/schmuck'
    'BILDER_BASE_URL' => 'https://derschmuckmacher-v3.ddev.site/public/uploads/bilder'
    'BILDER_BASE_PATH' => '/var/www/html/web/public/uploads/bilder'
] {"environment":"dev","userId":1} 
2026-04-30 10:38:12 [queue.INFO] [yii\db\Connection::open] Opening DB connection: mysql:host=db;dbname=db;port=3306 {"memory":1101304} 
2026-04-30 10:38:12 [queue.INFO] [yii\web\Session::open] Session started {"memory":1534232} 
2026-04-30 10:38:12 [queue.INFO] [nystudio107\codeeditor\CodeEditor::bootstrap] CodeEditor module bootstrapped {"memory":1553752} 
2026-04-30 10:38:12 [queue.INFO] [adigital\cookieconsentbanner\CookieConsentBanner::init] Cookie Consent Banner plugin loaded {"memory":1769744} 
2026-04-30 10:38:12 [queue.INFO] [miranj\obfuscator\Obfuscator::init] Obfuscator plugin loaded {"memory":2729704} 
2026-04-30 10:38:12 [queue.INFO] [yii\db\Connection::open] Opening DB connection: mysql:host=db;dbname=db;port=3306 {"memory":2997400} 
2026-04-30 10:38:12 [queue.INFO] [craft\queue\QueueLogBehavior::beforeExec]  [40477] t9n:["app","Updating search indexes"] (attempt: 1, pid: 12536) - Started {"memory":3056248} 
2026-04-30 10:38:12 [queue.INFO] [craft\queue\QueueLogBehavior::afterExec]  [40477] t9n:["app","Updating search indexes"] (attempt: 1, pid: 12536) - Done (time: 0.011s) {"memory":3695848} 
2026-04-30 10:38:12 [queue.INFO] [craft\queue\QueueLogBehavior::beforeExec]  [40478] t9n:["app","Updating search indexes"] (attempt: 1, pid: 12536) - Started {"memory":3703880} 
2026-04-30 10:38:12 [queue.INFO] [craft\queue\QueueLogBehavior::afterExec]  [40478] t9n:["app","Updating search indexes"] (attempt: 1, pid: 12536) - Done (time: 0.001s) {"memory":3793816} 
2026-04-30 10:38:12 [queue.INFO] [craft\queue\QueueLogBehavior::beforeExec]  [40479] t9n:["app","Updating search indexes"] (attempt: 1, pid: 12536) - Started {"memory":3801800} 
2026-04-30 10:38:12 [queue.INFO] [craft\queue\QueueLogBehavior::afterExec]  [40479] t9n:["app","Updating search indexes"] (attempt: 1, pid: 12536) - Done (time: 0.006s) {"memory":4212992} 
2026-04-30 10:38:12 [queue.INFO] [craft\queue\QueueLogBehavior::beforeExec]  [40480] t9n:["app","Updating search indexes"] (attempt: 1, pid: 12536) - Started {"memory":4220976} 
2026-04-30 10:38:12 [queue.INFO] [craft\queue\QueueLogBehavior::afterExec]  [40480] t9n:["app","Updating search indexes"] (attempt: 1, pid: 12536) - Done (time: 0.006s) {"memory":4423408} 
2026-04-30 10:38:12 [queue.INFO] [craft\queue\QueueLogBehavior::beforeExec]  [40481] t9n:["app","Pruning extra revisions"] (attempt: 1, pid: 12536) - Started {"memory":4431392} 
2026-04-30 10:38:12 [queue.INFO] [craft\queue\QueueLogBehavior::afterExec]  [40481] t9n:["app","Pruning extra revisions"] (attempt: 1, pid: 12536) - Done (time: 0.001s) {"memory":4511144} 
2026-04-30 10:38:12 [queue.INFO] [craft\queue\QueueLogBehavior::beforeExec]  [40482] t9n:["app","Pruning extra revisions"] (attempt: 1, pid: 12536) - Started {"memory":4519128} 
2026-04-30 10:38:12 [queue.INFO] [craft\queue\QueueLogBehavior::afterExec]  [40482] t9n:["app","Pruning extra revisions"] (attempt: 1, pid: 12536) - Done (time: 0.001s) {"memory":4631616} 
2026-04-30 10:38:12 [queue.INFO] [application] Request context:
$_GET = [
    'p' => 'dW2axQ3b/actions/queue/run'
    'v' => '1777538292531'
]

$_POST = []

$_FILES = []

$_COOKIE = [
    'a8b7b1ec9ffb8baf2c6eaa253fe57112_username' => '26b9ec8568da68d3882e55afaa5d203483c6c5810ee05b5a55c8a0eb10cab93ea:2:{i:0;s:41:\"a8b7b1ec9ffb8baf2c6eaa253fe57112_username\";i:1;s:8:\"odegiuli\";}'
    'CraftSessionId' => 'd53e866d26bce875fb2884facc2d107e'
    'CRAFT_CSRF_TOKEN' => '••••••••••••••••••••••••••••••••••••••••••••••••••••••••••••••••••••••••••••••••••••••••••••••••••••••••••••••••••••••••••••••••••••••••••••••••••••••••••••••••••••••••••••••••••••••••••••••••••••••••••••••••••••••••••••••••••••••••••••••••••••••••••••••••••'
    'Craft-3626ffc1-d0a3-42e3-98aa-37e8aa759561_sidebar' => 'expanded'
    'cookieconsent_status' => 'dismiss'
    'Craft-3626ffc1-d0a3-42e3-98aa-37e8aa759561_sidebar-details' => 'expanded'
    'a8b7b1ec9ffb8baf2c6eaa253fe57112_identity' => '2ee63bec9c78b16cb52b6ff97233f3a03b82e66bcf4a25898f3cfa5b2b22da6ba:2:{i:0;s:41:\"a8b7b1ec9ffb8baf2c6eaa253fe57112_identity\";i:1;s:159:\"[1,\"[\\\"UrkbfhKiWjsY6RR3o2amMzH-bkXUYIGVFHW7CYAg9yt8FSPdbek0OuFnfjLETt7WF4FXkiJnsNQ1BXFFSpUfyKRsTAOTm2zEZRkh\\\",null,\\\"0ef01a0bceeac5b1d0a2b6557bd3d7b1\\\"]\",3600]\";}'
]

$_SESSION = [
    '22b6a59deafcfb2ffb13c3adf3d98a3b__auth_access' => [
        0 => 'previewElement:6476'
        1 => 'saveAssets:856a3aeb-b21b-4d41-af3f-0a23db430323'
        2 => 'previewDraft:904'
        3 => 'previewElement:8616'
        4 => 'previewDraft:905'
        5 => 'previewElement:7158'
        6 => 'previewDraft:906'
        7 => 'previewDraft:908'
        8 => 'previewElement:8689'
        9 => 'saveAssets:'
        10 => 'previewDraft:910'
        11 => 'saveAssets:1986f3e0-bf2e-4ccd-b34c-7ec2d979afdd'
        12 => 'previewDraft:912'
        13 => 'previewDraft:914'
        14 => 'previewDraft:916'
        15 => 'previewElement:7186'
        16 => 'previewDraft:918'
        17 => 'previewDraft:920'
        18 => 'previewDraft:922'
        19 => 'previewDraft:924'
        20 => 'previewDraft:926'
        21 => 'previewDraft:928'
        22 => 'manageNestedElements::8753::field:kacheln'
        23 => 'previewDraft:930'
        24 => 'manageNestedElements::8755::field:kacheln'
        25 => 'previewDraft:931'
        26 => 'previewDraft:934'
        27 => 'previewDraft:935'
        28 => 'previewDraft:936'
        29 => 'previewDraft:937'
        30 => 'previewDraft:938'
        31 => 'previewDraft:940'
        32 => 'previewDraft:942'
        33 => 'previewElement:8582'
        34 => 'previewDraft:944'
        35 => 'previewDraft:945'
        36 => 'previewDraft:947'
        37 => 'previewDraft:949'
        38 => 'previewDraft:951'
        39 => 'previewDraft:952'
        40 => 'previewDraft:954'
        41 => 'previewDraft:955'
        42 => 'previewDraft:956'
        43 => 'previewDraft:958'
        44 => 'previewDraft:959'
        45 => 'previewDraft:960'
        46 => 'previewDraft:962'
        47 => 'previewDraft:963'
        48 => 'previewDraft:964'
        49 => 'previewDraft:965'
        50 => 'manageNestedElements::8841::field:kacheln'
        51 => 'previewDraft:967'
        52 => 'manageNestedElements::8844::field:kacheln'
        53 => 'previewDraft:968'
        54 => 'previewDraft:969'
        55 => 'previewDraft:971'
        56 => 'previewDraft:972'
        57 => 'previewDraft:973'
        58 => 'previewDraft:975'
        59 => 'previewDraft:977'
        60 => 'previewDraft:979'
        61 => 'previewDraft:981'
        62 => 'previewDraft:983'
    ]
    '22b6a59deafcfb2ffb13c3adf3d98a3b__flash' => []
    'a8b7b1ec9ffb8baf2c6eaa253fe57112__token' => '••••••••••••••••••••••••••••••••••••••••••••••••••••••••••••••••••••••••••••••••••••••••••••••••••••'
    'a8b7b1ec9ffb8baf2c6eaa253fe57112__id' => 1
    '__authKey' => '••••••••••••••••••••••••••••••••••••••••••••••••••••••••••••••••••••••••••••••••••••••••••••••••••••••••••••••••••••••••••••••••••••••••••••••••'
    'a8b7b1ec9ffb8baf2c6eaa253fe57112__expire' => 1777541892
    '__duration' => 3600
    '__elevated_timeout' => 1777538397
]

$_SERVER = [
    'DEPLOY_NAME' => 'local'
    'DDEV_WEBSERVER_TYPE' => 'nginx-fpm'
    'npm_config_cache' => '/mnt/ddev-global-cache/npm'
    'COREPACK_ENABLE_DOWNLOAD_PROMPT' => '0'
    'DDEV_GOOS' => 'darwin'
    'IS_DDEV_PROJECT' => 'true'
    'PHP_DEFAULT_VERSION' => '8.3'
    'HOSTNAME' => 'derschmuckmacher-v3-web'
    'MAILPIT_SMTP_PORT' => '1025'
    'MH_SMTP_BIND_ADDR' => '127.0.0.1:1025'
    'DDEV_PRIMARY_URL_WITHOUT_PORT' => 'https://derschmuckmacher-v3.ddev.site'
    'CRAFT_DB_PORT' => '3306'
    'SSH_AUTH_SOCK' => '/home/.ssh-agent/socket'
    'DDEV_GID' => '20'
    'NODE_EXTRA_CA_CERTS' => '/mnt/ddev-global-cache/mkcert/rootCA.pem'
    'DOCKER_IP' => '127.0.0.1'
    'PGPASSWORD' => 'db'
    'CRAFT_WEB_ROOT' => '/var/www/html/web'
    'DDEV_DOCROOT' => 'web'
    'PWD' => '/var/www/html'
    'PLATFORMSH_CLI_UPDATES_CHECK' => '0'
    'DDEV_APPROOT' => '/var/www/html'
    'DDEV_FILES_DIR' => ''
    'START_SCRIPT_TIMEOUT' => '57'
    'APACHE_SITE_TEMPLATE' => '/etc/apache2/apache-site.conf'
    'PHP_INI' => '/etc/php/8.2/fpm/php.ini'
    'DDEV_VERSION' => 'v1.24.10'
    'PRIMARY_SITE_URL' => 'https://derschmuckmacher-v3.ddev.site'
    'TZ' => 'Europe/Zurich'
    'DDEV_XHPROF_MODE' => 'prepend'
    'HTTPS_EXPOSE' => '443:80,8026:8025'
    'COREPACK_HOME' => '/mnt/ddev-global-cache/corepack'
    'CRAFT_DB_DATABASE' => 'db'
    'DDEV_PRIMARY_URL' => 'https://derschmuckmacher-v3.ddev.site'
    'LINES' => '17'
    'DDEV_SITENAME' => 'derschmuckmacher-v3'
    'HOME' => '/home/omar'
    'DRUSH_OPTIONS_URI' => 'https://derschmuckmacher-v3.ddev.site'
    'LANG' => 'C.UTF-8'
    'COLUMNS' => '371'
    'DDEV_MUTAGEN_ENABLED' => 'true'
    'DDEV_USER' => 'omar'
    'PGUSER' => 'db'
    'TERMINUS_CACHE_DIR' => '/mnt/ddev-global-cache/terminus/cache'
    'DDEV_PRIMARY_URL_PORT' => '443'
    'DDEV_ROUTER_HTTP_PORT' => '80'
    'MAILPIT_SMTP_HOSTNAME' => '127.0.0.1'
    'CRAFT_DB_DRIVER' => 'mysql'
    'COMPOSER_PROCESS_TIMEOUT' => '2000'
    'NGINX_SITE_TEMPLATE' => '/etc/nginx/nginx-site.conf'
    'DDEV_FILES_DIRS' => ''
    'CRAFT_DB_SERVER' => 'db'
    'HTTP_EXPOSE' => '80:80,8025:8025'
    'NVM_DIR' => '/home/omar/.nvm'
    'DDEV_PHP_VERSION' => '8.2'
    'DDEV_TLD' => 'ddev.site'
    'DDEV_HOSTNAME' => 'derschmuckmacher-v3.ddev.site'
    'DDEV_PROJECT' => 'derschmuckmacher-v3'
    'DDEV_GOARCH' => 'arm64'
    'VIRTUAL_HOST' => 'derschmuckmacher-v3.ddev.site'
    'TERM' => 'xterm'
    'USER' => 'omar'
    'MYSQL_HISTFILE' => '/mnt/ddev-global-cache/mysqlhistory/derschmuckmacher-v3-web/mysql_history'
    'DDEV_WEB_ENTRYPOINT' => '/mnt/ddev_config/web-entrypoint.d'
    'DDEV_UID' => '501'
    'CAROOT' => '/mnt/ddev-global-cache/mkcert'
    'SHLVL' => '1'
    'COMPOSER_ALLOW_SUPERUSER' => '1'
    'BASH_ENV' => '/etc/bash.nointeractive.bashrc'
    'DDEV_DATABASE' => 'mysql:8.0'
    'PGDATABASE' => 'db'
    'CRAFT_DB_USER' => 'db'
    'DDEV_SCHEME' => 'https'
    'XHPROF_OUTPUT_DIR' => '/tmp/xhprof'
    'COMPOSER_CACHE_DIR' => '/mnt/ddev-global-cache/composer'
    'DDEV_XDEBUG_ENABLED' => 'false'
    'DDEV_DATABASE_FAMILY' => 'mysql'
    'PGHOST' => 'db'
    'DDEV_COMPOSER_ROOT' => '/var/www/html'
    'CRAFT_DB_PASSWORD' => '••'
    'DOCROOT' => 'web'
    'TERMINUS_HIDE_UPDATE_MESSAGE' => '1'
    'PATH' => '/home/omar/bin:/var/www/html/vendor/bin:/usr/local/sbin:/usr/local/bin:/usr/sbin:/usr/bin:/sbin:/bin:/var/www/html/bin:/mnt/ddev-global-cache/global-commands/web'
    'HOST_DOCKER_INTERNAL_IP' => ''
    'DDEV_PROJECT_TYPE' => 'craftcms'
    'DEBIAN_FRONTEND' => 'noninteractive'
    'DDEV_ROUTER_HTTPS_PORT' => '443'
    'EXECIGNORE' => '/var/www/html/vendor/bin/composer'
    'SUPERVISOR_ENABLED' => '1'
    'SUPERVISOR_SERVER_URL' => 'unix:///var/run/supervisor.sock'
    'SUPERVISOR_PROCESS_NAME' => 'php-fpm'
    'SUPERVISOR_GROUP_NAME' => 'php-fpm'
    'HTTP_X_REQUESTED_WITH' => 'XMLHttpRequest'
    'HTTP_X_REGISTERED_JS_FILES' => ''
    'HTTP_X_REGISTERED_ASSET_BUNDLES' => '815d39ea,92d8701,22e517a2,aee7f8dc,26c46c25,e505ffd6,6b4d7555,bb2f10a0,e5e48399,fc0bc163,1ccab40d,1e21896b,54698ee0,b842675b,1c3c9add,4b1fd285,d8d08e47,8f00ce04,8768f48b,cf3018d6,ec6d0256,e7c1329,75f47f25'
    'HTTP_X_REAL_IP' => '172.18.0.1'
    'HTTP_X_FORWARDED_SERVER' => '21f32d6785eb'
    'HTTP_X_FORWARDED_PROTO' => 'https'
    'HTTP_X_FORWARDED_PORT' => '443'
    'HTTP_X_FORWARDED_HOST' => 'derschmuckmacher-v3.ddev.site'
    'HTTP_X_FORWARDED_FOR' => '172.18.0.1'
    'HTTP_X_CSRF_TOKEN' => '••••••••••••••••••••••••••••••••••••••••••••••••••••••••••••••••••••••••••••••••••••••••••••••••••••••••••••••••••••••••••••••••••••••••••••••••••••••••••••••••••••••••••••••••••••••••••••••••••••••••••••••••••••••••••••••••••••••••••••••••••••••••••••••••••••••••••••••••••••••••••••••••••••••••••••••••••••••••••••••••••••••••••••••••••••••••••••••••••••••••••••••••••••••••••••••••••••••••'
    'HTTP_TE' => 'trailers'
    'HTTP_SEC_GPC' => '1'
    'HTTP_SEC_FETCH_SITE' => 'same-origin'
    'HTTP_SEC_FETCH_MODE' => 'cors'
    'HTTP_SEC_FETCH_DEST' => 'empty'
    'HTTP_REFERER' => 'https://derschmuckmacher-v3.ddev.site/dW2axQ3b/content/entries/singles/8689-startseite'
    'HTTP_ORIGIN' => 'https://derschmuckmacher-v3.ddev.site'
    'HTTP_COOKIE' => 'a8b7b1ec9ffb8baf2c6eaa253fe57112_username=26b9ec8568da68d3882e55afaa5d203483c6c5810ee05b5a55c8a0eb10cab93ea%3A2%3A%7Bi%3A0%3Bs%3A41%3A%22a8b7b1ec9ffb8baf2c6eaa253fe57112_username%22%3Bi%3A1%3Bs%3A8%3A%22odegiuli%22%3B%7D; CraftSessionId=d53e866d26bce875fb2884facc2d107e; CRAFT_CSRF_TOKEN=8a7d40a44925cffa5c6231ed712693479ccbd90a53c648b39aebabcbcfb32970a%3A2%3A%7Bi%3A0%3Bs%3A16%3A%22CRAFT_CSRF_TOKEN%22%3Bi%3A1%3Bs%3A147%3A%229VVivECA_J8xrEtMk6R8TWeXsv9sDEqSlX1ewKI4%7Ccf1973dd801adeb03ddc8c2365188f3412c2b61f83f5364963d159f3811886a99VVivECA_J8xrEtMk6R8TWeXsv9sDEqSlX1ewKI4%7C1%22%3B%7D; Craft-3626ffc1-d0a3-42e3-98aa-37e8aa759561_sidebar=expanded; cookieconsent_status=dismiss; Craft-3626ffc1-d0a3-42e3-98aa-37e8aa759561_sidebar-details=expanded; a8b7b1ec9ffb8baf2c6eaa253fe57112_identity=2ee63bec9c78b16cb52b6ff97233f3a03b82e66bcf4a25898f3cfa5b2b22da6ba%3A2%3A%7Bi%3A0%3Bs%3A41%3A%22a8b7b1ec9ffb8baf2c6eaa253fe57112_identity%22%3Bi%3A1%3Bs%3A159%3A%22%5B1%2C%22%5B%5C%22UrkbfhKiWjsY6RR3o2amMzH-bkXUYIGVFHW7CYAg9yt8FSPdbek0OuFnfjLETt7WF4FXkiJnsNQ1BXFFSpUfyKRsTAOTm2zEZRkh%5C%22%2Cnull%2C%5C%220ef01a0bceeac5b1d0a2b6557bd3d7b1%5C%22%5D%22%2C3600%5D%22%3B%7D'
    'HTTP_ACCEPT_LANGUAGE' => 'de,en-US;q=0.9,en;q=0.8'
    'HTTP_ACCEPT_ENCODING' => 'gzip, deflate, br, zstd'
    'HTTP_ACCEPT' => 'application/json, text/plain, */*'
    'HTTP_CONTENT_LENGTH' => '0'
    'HTTP_USER_AGENT' => 'Mozilla/5.0 (Macintosh; Intel Mac OS X 10.15; rv:150.0) Gecko/20100101 Firefox/150.0'
    'HTTP_HOST' => 'derschmuckmacher-v3.ddev.site'
    'HTTPS' => 'on'
    'REDIRECT_STATUS' => '200'
    'SERVER_NAME' => 'derschmuckmacher-v3.ddev.site'
    'SERVER_PORT' => '80'
    'SERVER_ADDR' => '172.18.0.3'
    'REMOTE_PORT' => '46874'
    'REMOTE_ADDR' => '172.18.0.5'
    'SERVER_SOFTWARE' => 'nginx/1.28.0'
    'GATEWAY_INTERFACE' => 'CGI/1.1'
    'REQUEST_SCHEME' => 'http'
    'SERVER_PROTOCOL' => 'HTTP/1.1'
    'DOCUMENT_ROOT' => '/var/www/html/web'
    'DOCUMENT_URI' => '/index.php'
    'REQUEST_URI' => '/index.php?p=dW2axQ3b%2Factions%2Fqueue%2Frun&v=1777538292531'
    'CONTENT_LENGTH' => '0'
    'CONTENT_TYPE' => ''
    'REQUEST_METHOD' => 'POST'
    'QUERY_STRING' => 'p=dW2axQ3b%2Factions%2Fqueue%2Frun&v=1777538292531'
    'SCRIPT_NAME' => '/index.php'
    'SCRIPT_FILENAME' => '/var/www/html/web/index.php'
    'FCGI_ROLE' => 'RESPONDER'
    'PHP_SELF' => '/index.php'
    'REQUEST_TIME_FLOAT' => 1777538292.5343
    'REQUEST_TIME' => 1777538292
    'CRAFT_APP_ID' => 'CraftCMS--3933bc78-29f5-4b79-bcc5-c31faf0fcd20'
    'CRAFT_ENVIRONMENT' => 'dev'
    'ENVIRONMENT' => 'dev'
    'CRAFT_SECURITY_KEY' => '••••••••••••••••••••••••••••••••'
    'CP_TRIGGER' => 'dW2axQ3b'
    'CRAFT_DB_SCHEMA' => 'public'
    'CRAFT_DB_TABLE_PREFIX' => ''
    'DEV_MODE' => 'true'
    'ALLOW_ADMIN_CHANGES' => 'true'
    'DISALLOW_ROBOTS' => 'true'
    'TIMEZONE' => 'Europe/Zurich'
    'CAPTCHA_SITE_KEY' => '••••••••••••••••••••••••••••••••••••••••'
    'CAPTCHA_SECRET_KEY' => '••••••••••••••••••••••••••••••••••••••••'
    'WEB_URL' => 'https://derschmuckmacher-v3.ddev.site'
    'WEB_ROOT' => '/var/www/html/web'
    'ASSETS_BASE_URL' => 'https://derschmuckmacher-v3.ddev.site/public'
    'ASSETS_BASE_PATH' => '/var/www/html/web/public'
    'SCHMUCK_BASE_URL' => 'https://derschmuckmacher-v3.ddev.site/public/uploads/schmuck'
    'SCHMUCK_BASE_PATH' => '/var/www/html/web/public/uploads/schmuck'
    'BILDER_BASE_URL' => 'https://derschmuckmacher-v3.ddev.site/public/uploads/bilder'
    'BILDER_BASE_PATH' => '/var/www/html/web/public/uploads/bilder'
] {"environment":"dev","userId":1} 
2026-04-30 10:38:25 [queue.INFO] [yii\db\Connection::open] Opening DB connection: mysql:host=db;dbname=db;port=3306 {"memory":1101304} 
2026-04-30 10:38:25 [queue.INFO] [yii\web\Session::open] Session started {"memory":1530320} 
2026-04-30 10:38:25 [queue.INFO] [nystudio107\codeeditor\CodeEditor::bootstrap] CodeEditor module bootstrapped {"memory":1552080} 
2026-04-30 10:38:25 [queue.INFO] [adigital\cookieconsentbanner\CookieConsentBanner::init] Cookie Consent Banner plugin loaded {"memory":1768072} 
2026-04-30 10:38:25 [queue.INFO] [miranj\obfuscator\Obfuscator::init] Obfuscator plugin loaded {"memory":2728032} 
2026-04-30 10:38:25 [queue.INFO] [yii\db\Connection::open] Opening DB connection: mysql:host=db;dbname=db;port=3306 {"memory":2995152} 
2026-04-30 10:38:25 [queue.INFO] [craft\queue\QueueLogBehavior::beforeExec]  [40483] t9n:["app","Generating image transform for {file}",{"file":"Hero-1-Home-oben.jpg"}] (attempt: 1, pid: 15646) - Started {"memory":3053488} 
2026-04-30 10:38:25 [queue.INFO] [craft\queue\QueueLogBehavior::afterExec]  [40483] t9n:["app","Generating image transform for {file}",{"file":"Hero-1-Home-oben.jpg"}] (attempt: 1, pid: 15646) - Done (time: 0.000s) {"memory":3060800} 
2026-04-30 10:38:25 [queue.INFO] [craft\queue\QueueLogBehavior::beforeExec]  [40484] t9n:["app","Generating image transform for {file}",{"file":"Hero-1-Home-oben.jpg"}] (attempt: 1, pid: 15646) - Started {"memory":3074416} 
2026-04-30 10:38:25 [queue.INFO] [craft\queue\QueueLogBehavior::afterExec]  [40484] t9n:["app","Generating image transform for {file}",{"file":"Hero-1-Home-oben.jpg"}] (attempt: 1, pid: 15646) - Done (time: 0.018s) {"memory":3266504} 
2026-04-30 10:38:25 [queue.INFO] [craft\queue\QueueLogBehavior::beforeExec]  [40485] t9n:["app","Updating search indexes"] (attempt: 1, pid: 15646) - Started {"memory":3274856} 
2026-04-30 10:38:25 [queue.INFO] [craft\queue\QueueLogBehavior::afterExec]  [40485] t9n:["app","Updating search indexes"] (attempt: 1, pid: 15646) - Done (time: 0.009s) {"memory":3909912} 
2026-04-30 10:38:25 [queue.INFO] [craft\queue\QueueLogBehavior::beforeExec]  [40486] t9n:["app","Updating search indexes"] (attempt: 1, pid: 15646) - Started {"memory":3917944} 
2026-04-30 10:38:25 [queue.INFO] [craft\queue\QueueLogBehavior::afterExec]  [40486] t9n:["app","Updating search indexes"] (attempt: 1, pid: 15646) - Done (time: 0.003s) {"memory":4008200} 
2026-04-30 10:38:25 [queue.INFO] [craft\queue\QueueLogBehavior::beforeExec]  [40487] t9n:["app","Updating search indexes"] (attempt: 1, pid: 15646) - Started {"memory":4016184} 
2026-04-30 10:38:25 [queue.INFO] [craft\queue\QueueLogBehavior::afterExec]  [40487] t9n:["app","Updating search indexes"] (attempt: 1, pid: 15646) - Done (time: 0.010s) {"memory":4422928} 
2026-04-30 10:38:25 [queue.INFO] [craft\queue\QueueLogBehavior::beforeExec]  [40488] t9n:["app","Updating search indexes"] (attempt: 1, pid: 15646) - Started {"memory":4430912} 
2026-04-30 10:38:25 [queue.INFO] [craft\queue\QueueLogBehavior::afterExec]  [40488] t9n:["app","Updating search indexes"] (attempt: 1, pid: 15646) - Done (time: 0.005s) {"memory":4660216} 
2026-04-30 10:38:25 [queue.INFO] [craft\queue\QueueLogBehavior::beforeExec]  [40489] t9n:["app","Pruning extra revisions"] (attempt: 1, pid: 15646) - Started {"memory":4668200} 
2026-04-30 10:38:25 [queue.INFO] [craft\queue\QueueLogBehavior::afterExec]  [40489] t9n:["app","Pruning extra revisions"] (attempt: 1, pid: 15646) - Done (time: 0.001s) {"memory":4747952} 
2026-04-30 10:38:25 [queue.INFO] [craft\queue\QueueLogBehavior::beforeExec]  [40490] t9n:["app","Pruning extra revisions"] (attempt: 1, pid: 15646) - Started {"memory":4764128} 
2026-04-30 10:38:25 [queue.INFO] [craft\queue\QueueLogBehavior::afterExec]  [40490] t9n:["app","Pruning extra revisions"] (attempt: 1, pid: 15646) - Done (time: 0.001s) {"memory":4843848} 
2026-04-30 10:38:25 [queue.INFO] [application] Request context:
$_GET = [
    'p' => 'dW2axQ3b/actions/queue/run'
    'v' => '1777538304939'
]

$_POST = []

$_FILES = []

$_COOKIE = [
    'a8b7b1ec9ffb8baf2c6eaa253fe57112_username' => '26b9ec8568da68d3882e55afaa5d203483c6c5810ee05b5a55c8a0eb10cab93ea:2:{i:0;s:41:\"a8b7b1ec9ffb8baf2c6eaa253fe57112_username\";i:1;s:8:\"odegiuli\";}'
    'CraftSessionId' => 'd53e866d26bce875fb2884facc2d107e'
    'CRAFT_CSRF_TOKEN' => '••••••••••••••••••••••••••••••••••••••••••••••••••••••••••••••••••••••••••••••••••••••••••••••••••••••••••••••••••••••••••••••••••••••••••••••••••••••••••••••••••••••••••••••••••••••••••••••••••••••••••••••••••••••••••••••••••••••••••••••••••••••••••••••••••'
    'Craft-3626ffc1-d0a3-42e3-98aa-37e8aa759561_sidebar' => 'expanded'
    'cookieconsent_status' => 'dismiss'
    'Craft-3626ffc1-d0a3-42e3-98aa-37e8aa759561_sidebar-details' => 'expanded'
    'a8b7b1ec9ffb8baf2c6eaa253fe57112_identity' => '2ee63bec9c78b16cb52b6ff97233f3a03b82e66bcf4a25898f3cfa5b2b22da6ba:2:{i:0;s:41:\"a8b7b1ec9ffb8baf2c6eaa253fe57112_identity\";i:1;s:159:\"[1,\"[\\\"UrkbfhKiWjsY6RR3o2amMzH-bkXUYIGVFHW7CYAg9yt8FSPdbek0OuFnfjLETt7WF4FXkiJnsNQ1BXFFSpUfyKRsTAOTm2zEZRkh\\\",null,\\\"0ef01a0bceeac5b1d0a2b6557bd3d7b1\\\"]\",3600]\";}'
]

$_SESSION = [
    '22b6a59deafcfb2ffb13c3adf3d98a3b__auth_access' => [
        0 => 'previewElement:6476'
        1 => 'saveAssets:856a3aeb-b21b-4d41-af3f-0a23db430323'
        2 => 'previewDraft:904'
        3 => 'previewElement:8616'
        4 => 'previewDraft:905'
        5 => 'previewElement:7158'
        6 => 'previewDraft:906'
        7 => 'previewDraft:908'
        8 => 'previewElement:8689'
        9 => 'saveAssets:'
        10 => 'previewDraft:910'
        11 => 'saveAssets:1986f3e0-bf2e-4ccd-b34c-7ec2d979afdd'
        12 => 'previewDraft:912'
        13 => 'previewDraft:914'
        14 => 'previewDraft:916'
        15 => 'previewElement:7186'
        16 => 'previewDraft:918'
        17 => 'previewDraft:920'
        18 => 'previewDraft:922'
        19 => 'previewDraft:924'
        20 => 'previewDraft:926'
        21 => 'previewDraft:928'
        22 => 'manageNestedElements::8753::field:kacheln'
        23 => 'previewDraft:930'
        24 => 'manageNestedElements::8755::field:kacheln'
        25 => 'previewDraft:931'
        26 => 'previewDraft:934'
        27 => 'previewDraft:935'
        28 => 'previewDraft:936'
        29 => 'previewDraft:937'
        30 => 'previewDraft:938'
        31 => 'previewDraft:940'
        32 => 'previewDraft:942'
        33 => 'previewElement:8582'
        34 => 'previewDraft:944'
        35 => 'previewDraft:945'
        36 => 'previewDraft:947'
        37 => 'previewDraft:949'
        38 => 'previewDraft:951'
        39 => 'previewDraft:952'
        40 => 'previewDraft:954'
        41 => 'previewDraft:955'
        42 => 'previewDraft:956'
        43 => 'previewDraft:958'
        44 => 'previewDraft:959'
        45 => 'previewDraft:960'
        46 => 'previewDraft:962'
        47 => 'previewDraft:963'
        48 => 'previewDraft:964'
        49 => 'previewDraft:965'
        50 => 'manageNestedElements::8841::field:kacheln'
        51 => 'previewDraft:967'
        52 => 'manageNestedElements::8844::field:kacheln'
        53 => 'previewDraft:968'
        54 => 'previewDraft:969'
        55 => 'previewDraft:971'
        56 => 'previewDraft:972'
        57 => 'previewDraft:973'
        58 => 'previewDraft:975'
        59 => 'previewDraft:977'
        60 => 'previewDraft:979'
        61 => 'previewDraft:981'
        62 => 'previewDraft:983'
        63 => 'previewDraft:985'
    ]
    '22b6a59deafcfb2ffb13c3adf3d98a3b__flash' => []
    'a8b7b1ec9ffb8baf2c6eaa253fe57112__token' => '••••••••••••••••••••••••••••••••••••••••••••••••••••••••••••••••••••••••••••••••••••••••••••••••••••'
    'a8b7b1ec9ffb8baf2c6eaa253fe57112__id' => 1
    '__authKey' => '••••••••••••••••••••••••••••••••••••••••••••••••••••••••••••••••••••••••••••••••••••••••••••••••••••••••••••••••••••••••••••••••••••••••••••••••'
    'a8b7b1ec9ffb8baf2c6eaa253fe57112__expire' => 1777541905
    '__duration' => 3600
    '__elevated_timeout' => 1777538397
]

$_SERVER = [
    'DEPLOY_NAME' => 'local'
    'DDEV_WEBSERVER_TYPE' => 'nginx-fpm'
    'npm_config_cache' => '/mnt/ddev-global-cache/npm'
    'COREPACK_ENABLE_DOWNLOAD_PROMPT' => '0'
    'DDEV_GOOS' => 'darwin'
    'IS_DDEV_PROJECT' => 'true'
    'PHP_DEFAULT_VERSION' => '8.3'
    'HOSTNAME' => 'derschmuckmacher-v3-web'
    'MAILPIT_SMTP_PORT' => '1025'
    'MH_SMTP_BIND_ADDR' => '127.0.0.1:1025'
    'DDEV_PRIMARY_URL_WITHOUT_PORT' => 'https://derschmuckmacher-v3.ddev.site'
    'CRAFT_DB_PORT' => '3306'
    'SSH_AUTH_SOCK' => '/home/.ssh-agent/socket'
    'DDEV_GID' => '20'
    'NODE_EXTRA_CA_CERTS' => '/mnt/ddev-global-cache/mkcert/rootCA.pem'
    'DOCKER_IP' => '127.0.0.1'
    'PGPASSWORD' => 'db'
    'CRAFT_WEB_ROOT' => '/var/www/html/web'
    'DDEV_DOCROOT' => 'web'
    'PWD' => '/var/www/html'
    'PLATFORMSH_CLI_UPDATES_CHECK' => '0'
    'DDEV_APPROOT' => '/var/www/html'
    'DDEV_FILES_DIR' => ''
    'START_SCRIPT_TIMEOUT' => '57'
    'APACHE_SITE_TEMPLATE' => '/etc/apache2/apache-site.conf'
    'PHP_INI' => '/etc/php/8.2/fpm/php.ini'
    'DDEV_VERSION' => 'v1.24.10'
    'PRIMARY_SITE_URL' => 'https://derschmuckmacher-v3.ddev.site'
    'TZ' => 'Europe/Zurich'
    'DDEV_XHPROF_MODE' => 'prepend'
    'HTTPS_EXPOSE' => '443:80,8026:8025'
    'COREPACK_HOME' => '/mnt/ddev-global-cache/corepack'
    'CRAFT_DB_DATABASE' => 'db'
    'DDEV_PRIMARY_URL' => 'https://derschmuckmacher-v3.ddev.site'
    'LINES' => '17'
    'DDEV_SITENAME' => 'derschmuckmacher-v3'
    'HOME' => '/home/omar'
    'DRUSH_OPTIONS_URI' => 'https://derschmuckmacher-v3.ddev.site'
    'LANG' => 'C.UTF-8'
    'COLUMNS' => '371'
    'DDEV_MUTAGEN_ENABLED' => 'true'
    'DDEV_USER' => 'omar'
    'PGUSER' => 'db'
    'TERMINUS_CACHE_DIR' => '/mnt/ddev-global-cache/terminus/cache'
    'DDEV_PRIMARY_URL_PORT' => '443'
    'DDEV_ROUTER_HTTP_PORT' => '80'
    'MAILPIT_SMTP_HOSTNAME' => '127.0.0.1'
    'CRAFT_DB_DRIVER' => 'mysql'
    'COMPOSER_PROCESS_TIMEOUT' => '2000'
    'NGINX_SITE_TEMPLATE' => '/etc/nginx/nginx-site.conf'
    'DDEV_FILES_DIRS' => ''
    'CRAFT_DB_SERVER' => 'db'
    'HTTP_EXPOSE' => '80:80,8025:8025'
    'NVM_DIR' => '/home/omar/.nvm'
    'DDEV_PHP_VERSION' => '8.2'
    'DDEV_TLD' => 'ddev.site'
    'DDEV_HOSTNAME' => 'derschmuckmacher-v3.ddev.site'
    'DDEV_PROJECT' => 'derschmuckmacher-v3'
    'DDEV_GOARCH' => 'arm64'
    'VIRTUAL_HOST' => 'derschmuckmacher-v3.ddev.site'
    'TERM' => 'xterm'
    'USER' => 'omar'
    'MYSQL_HISTFILE' => '/mnt/ddev-global-cache/mysqlhistory/derschmuckmacher-v3-web/mysql_history'
    'DDEV_WEB_ENTRYPOINT' => '/mnt/ddev_config/web-entrypoint.d'
    'DDEV_UID' => '501'
    'CAROOT' => '/mnt/ddev-global-cache/mkcert'
    'SHLVL' => '1'
    'COMPOSER_ALLOW_SUPERUSER' => '1'
    'BASH_ENV' => '/etc/bash.nointeractive.bashrc'
    'DDEV_DATABASE' => 'mysql:8.0'
    'PGDATABASE' => 'db'
    'CRAFT_DB_USER' => 'db'
    'DDEV_SCHEME' => 'https'
    'XHPROF_OUTPUT_DIR' => '/tmp/xhprof'
    'COMPOSER_CACHE_DIR' => '/mnt/ddev-global-cache/composer'
    'DDEV_XDEBUG_ENABLED' => 'false'
    'DDEV_DATABASE_FAMILY' => 'mysql'
    'PGHOST' => 'db'
    'DDEV_COMPOSER_ROOT' => '/var/www/html'
    'CRAFT_DB_PASSWORD' => '••'
    'DOCROOT' => 'web'
    'TERMINUS_HIDE_UPDATE_MESSAGE' => '1'
    'PATH' => '/home/omar/bin:/var/www/html/vendor/bin:/usr/local/sbin:/usr/local/bin:/usr/sbin:/usr/bin:/sbin:/bin:/var/www/html/bin:/mnt/ddev-global-cache/global-commands/web'
    'HOST_DOCKER_INTERNAL_IP' => ''
    'DDEV_PROJECT_TYPE' => 'craftcms'
    'DEBIAN_FRONTEND' => 'noninteractive'
    'DDEV_ROUTER_HTTPS_PORT' => '443'
    'EXECIGNORE' => '/var/www/html/vendor/bin/composer'
    'SUPERVISOR_ENABLED' => '1'
    'SUPERVISOR_SERVER_URL' => 'unix:///var/run/supervisor.sock'
    'SUPERVISOR_PROCESS_NAME' => 'php-fpm'
    'SUPERVISOR_GROUP_NAME' => 'php-fpm'
    'HTTP_X_REQUESTED_WITH' => 'XMLHttpRequest'
    'HTTP_X_REGISTERED_JS_FILES' => ''
    'HTTP_X_REGISTERED_ASSET_BUNDLES' => '815d39ea,92d8701,22e517a2,aee7f8dc,26c46c25,e505ffd6,6b4d7555,bb2f10a0,e5e48399,fc0bc163,1ccab40d,1e21896b,54698ee0,b842675b,1c3c9add,4b1fd285,d8d08e47,8f00ce04,8768f48b,cf3018d6,ec6d0256,e7c1329,75f47f25'
    'HTTP_X_REAL_IP' => '172.18.0.1'
    'HTTP_X_FORWARDED_SERVER' => '21f32d6785eb'
    'HTTP_X_FORWARDED_PROTO' => 'https'
    'HTTP_X_FORWARDED_PORT' => '443'
    'HTTP_X_FORWARDED_HOST' => 'derschmuckmacher-v3.ddev.site'
    'HTTP_X_FORWARDED_FOR' => '172.18.0.1'
    'HTTP_X_CSRF_TOKEN' => '••••••••••••••••••••••••••••••••••••••••••••••••••••••••••••••••••••••••••••••••••••••••••••••••••••••••••••••••••••••••••••••••••••••••••••••••••••••••••••••••••••••••••••••••••••••••••••••••••••••••••••••••••••••••••••••••••••••••••••••••••••••••••••••••••••••••••••••••••••••••••••••••••••••••••••••••••••••••••••••••••••••••••••••••••••••••••••••••••••••••••••••••••••••••••••••••••••••••'
    'HTTP_TE' => 'trailers'
    'HTTP_SEC_GPC' => '1'
    'HTTP_SEC_FETCH_SITE' => 'same-origin'
    'HTTP_SEC_FETCH_MODE' => 'cors'
    'HTTP_SEC_FETCH_DEST' => 'empty'
    'HTTP_REFERER' => 'https://derschmuckmacher-v3.ddev.site/dW2axQ3b/content/entries/singles/8689-startseite'
    'HTTP_ORIGIN' => 'https://derschmuckmacher-v3.ddev.site'
    'HTTP_COOKIE' => 'a8b7b1ec9ffb8baf2c6eaa253fe57112_username=26b9ec8568da68d3882e55afaa5d203483c6c5810ee05b5a55c8a0eb10cab93ea%3A2%3A%7Bi%3A0%3Bs%3A41%3A%22a8b7b1ec9ffb8baf2c6eaa253fe57112_username%22%3Bi%3A1%3Bs%3A8%3A%22odegiuli%22%3B%7D; CraftSessionId=d53e866d26bce875fb2884facc2d107e; CRAFT_CSRF_TOKEN=8a7d40a44925cffa5c6231ed712693479ccbd90a53c648b39aebabcbcfb32970a%3A2%3A%7Bi%3A0%3Bs%3A16%3A%22CRAFT_CSRF_TOKEN%22%3Bi%3A1%3Bs%3A147%3A%229VVivECA_J8xrEtMk6R8TWeXsv9sDEqSlX1ewKI4%7Ccf1973dd801adeb03ddc8c2365188f3412c2b61f83f5364963d159f3811886a99VVivECA_J8xrEtMk6R8TWeXsv9sDEqSlX1ewKI4%7C1%22%3B%7D; Craft-3626ffc1-d0a3-42e3-98aa-37e8aa759561_sidebar=expanded; cookieconsent_status=dismiss; Craft-3626ffc1-d0a3-42e3-98aa-37e8aa759561_sidebar-details=expanded; a8b7b1ec9ffb8baf2c6eaa253fe57112_identity=2ee63bec9c78b16cb52b6ff97233f3a03b82e66bcf4a25898f3cfa5b2b22da6ba%3A2%3A%7Bi%3A0%3Bs%3A41%3A%22a8b7b1ec9ffb8baf2c6eaa253fe57112_identity%22%3Bi%3A1%3Bs%3A159%3A%22%5B1%2C%22%5B%5C%22UrkbfhKiWjsY6RR3o2amMzH-bkXUYIGVFHW7CYAg9yt8FSPdbek0OuFnfjLETt7WF4FXkiJnsNQ1BXFFSpUfyKRsTAOTm2zEZRkh%5C%22%2Cnull%2C%5C%220ef01a0bceeac5b1d0a2b6557bd3d7b1%5C%22%5D%22%2C3600%5D%22%3B%7D'
    'HTTP_ACCEPT_LANGUAGE' => 'de,en-US;q=0.9,en;q=0.8'
    'HTTP_ACCEPT_ENCODING' => 'gzip, deflate, br, zstd'
    'HTTP_ACCEPT' => 'application/json, text/plain, */*'
    'HTTP_CONTENT_LENGTH' => '0'
    'HTTP_USER_AGENT' => 'Mozilla/5.0 (Macintosh; Intel Mac OS X 10.15; rv:150.0) Gecko/20100101 Firefox/150.0'
    'HTTP_HOST' => 'derschmuckmacher-v3.ddev.site'
    'HTTPS' => 'on'
    'REDIRECT_STATUS' => '200'
    'SERVER_NAME' => 'derschmuckmacher-v3.ddev.site'
    'SERVER_PORT' => '80'
    'SERVER_ADDR' => '172.18.0.3'
    'REMOTE_PORT' => '60026'
    'REMOTE_ADDR' => '172.18.0.5'
    'SERVER_SOFTWARE' => 'nginx/1.28.0'
    'GATEWAY_INTERFACE' => 'CGI/1.1'
    'REQUEST_SCHEME' => 'http'
    'SERVER_PROTOCOL' => 'HTTP/1.1'
    'DOCUMENT_ROOT' => '/var/www/html/web'
    'DOCUMENT_URI' => '/index.php'
    'REQUEST_URI' => '/index.php?p=dW2axQ3b%2Factions%2Fqueue%2Frun&v=1777538304939'
    'CONTENT_LENGTH' => '0'
    'CONTENT_TYPE' => ''
    'REQUEST_METHOD' => 'POST'
    'QUERY_STRING' => 'p=dW2axQ3b%2Factions%2Fqueue%2Frun&v=1777538304939'
    'SCRIPT_NAME' => '/index.php'
    'SCRIPT_FILENAME' => '/var/www/html/web/index.php'
    'FCGI_ROLE' => 'RESPONDER'
    'PHP_SELF' => '/index.php'
    'REQUEST_TIME_FLOAT' => 1777538304.9777
    'REQUEST_TIME' => 1777538304
    'CRAFT_APP_ID' => 'CraftCMS--3933bc78-29f5-4b79-bcc5-c31faf0fcd20'
    'CRAFT_ENVIRONMENT' => 'dev'
    'ENVIRONMENT' => 'dev'
    'CRAFT_SECURITY_KEY' => '••••••••••••••••••••••••••••••••'
    'CP_TRIGGER' => 'dW2axQ3b'
    'CRAFT_DB_SCHEMA' => 'public'
    'CRAFT_DB_TABLE_PREFIX' => ''
    'DEV_MODE' => 'true'
    'ALLOW_ADMIN_CHANGES' => 'true'
    'DISALLOW_ROBOTS' => 'true'
    'TIMEZONE' => 'Europe/Zurich'
    'CAPTCHA_SITE_KEY' => '••••••••••••••••••••••••••••••••••••••••'
    'CAPTCHA_SECRET_KEY' => '••••••••••••••••••••••••••••••••••••••••'
    'WEB_URL' => 'https://derschmuckmacher-v3.ddev.site'
    'WEB_ROOT' => '/var/www/html/web'
    'ASSETS_BASE_URL' => 'https://derschmuckmacher-v3.ddev.site/public'
    'ASSETS_BASE_PATH' => '/var/www/html/web/public'
    'SCHMUCK_BASE_URL' => 'https://derschmuckmacher-v3.ddev.site/public/uploads/schmuck'
    'SCHMUCK_BASE_PATH' => '/var/www/html/web/public/uploads/schmuck'
    'BILDER_BASE_URL' => 'https://derschmuckmacher-v3.ddev.site/public/uploads/bilder'
    'BILDER_BASE_PATH' => '/var/www/html/web/public/uploads/bilder'
] {"environment":"dev","userId":1} 
2026-04-30 10:40:32 [queue.INFO] [yii\db\Connection::open] Opening DB connection: mysql:host=db;dbname=db;port=3306 {"memory":1101208} 
2026-04-30 10:40:32 [queue.INFO] [yii\web\Session::open] Session started {"memory":1531960} 
2026-04-30 10:40:32 [queue.INFO] [nystudio107\codeeditor\CodeEditor::bootstrap] CodeEditor module bootstrapped {"memory":1551480} 
2026-04-30 10:40:32 [queue.INFO] [adigital\cookieconsentbanner\CookieConsentBanner::init] Cookie Consent Banner plugin loaded {"memory":1767368} 
2026-04-30 10:40:32 [queue.INFO] [miranj\obfuscator\Obfuscator::init] Obfuscator plugin loaded {"memory":2727328} 
2026-04-30 10:40:32 [queue.INFO] [yii\db\Connection::open] Opening DB connection: mysql:host=db;dbname=db;port=3306 {"memory":2994448} 
2026-04-30 10:40:32 [queue.INFO] [craft\queue\QueueLogBehavior::beforeExec]  [40491] t9n:["app","Pruning extra revisions"] (attempt: 1, pid: 15646) - Started {"memory":3053200} 
2026-04-30 10:40:32 [queue.INFO] [craft\queue\QueueLogBehavior::afterExec]  [40491] t9n:["app","Pruning extra revisions"] (attempt: 1, pid: 15646) - Done (time: 0.008s) {"memory":3605920} 
2026-04-30 10:40:32 [queue.INFO] [application] Request context:
$_GET = [
    'p' => 'dW2axQ3b/actions/queue/run'
    'v' => '1777538432214'
]

$_POST = []

$_FILES = []

$_COOKIE = [
    'a8b7b1ec9ffb8baf2c6eaa253fe57112_username' => '26b9ec8568da68d3882e55afaa5d203483c6c5810ee05b5a55c8a0eb10cab93ea:2:{i:0;s:41:\"a8b7b1ec9ffb8baf2c6eaa253fe57112_username\";i:1;s:8:\"odegiuli\";}'
    'CraftSessionId' => 'd53e866d26bce875fb2884facc2d107e'
    'CRAFT_CSRF_TOKEN' => '••••••••••••••••••••••••••••••••••••••••••••••••••••••••••••••••••••••••••••••••••••••••••••••••••••••••••••••••••••••••••••••••••••••••••••••••••••••••••••••••••••••••••••••••••••••••••••••••••••••••••••••••••••••••••••••••••••••••••••••••••••••••••••••••••'
    'Craft-3626ffc1-d0a3-42e3-98aa-37e8aa759561_sidebar' => 'expanded'
    'cookieconsent_status' => 'dismiss'
    'Craft-3626ffc1-d0a3-42e3-98aa-37e8aa759561_sidebar-details' => 'expanded'
    'a8b7b1ec9ffb8baf2c6eaa253fe57112_identity' => '2ee63bec9c78b16cb52b6ff97233f3a03b82e66bcf4a25898f3cfa5b2b22da6ba:2:{i:0;s:41:\"a8b7b1ec9ffb8baf2c6eaa253fe57112_identity\";i:1;s:159:\"[1,\"[\\\"UrkbfhKiWjsY6RR3o2amMzH-bkXUYIGVFHW7CYAg9yt8FSPdbek0OuFnfjLETt7WF4FXkiJnsNQ1BXFFSpUfyKRsTAOTm2zEZRkh\\\",null,\\\"0ef01a0bceeac5b1d0a2b6557bd3d7b1\\\"]\",3600]\";}'
]

$_SESSION = [
    '22b6a59deafcfb2ffb13c3adf3d98a3b__auth_access' => [
        0 => 'previewElement:6476'
        1 => 'saveAssets:856a3aeb-b21b-4d41-af3f-0a23db430323'
        2 => 'previewDraft:904'
        3 => 'previewElement:8616'
        4 => 'previewDraft:905'
        5 => 'previewElement:7158'
        6 => 'previewDraft:906'
        7 => 'previewDraft:908'
        8 => 'previewElement:8689'
        9 => 'saveAssets:'
        10 => 'previewDraft:910'
        11 => 'saveAssets:1986f3e0-bf2e-4ccd-b34c-7ec2d979afdd'
        12 => 'previewDraft:912'
        13 => 'previewDraft:914'
        14 => 'previewDraft:916'
        15 => 'previewElement:7186'
        16 => 'previewDraft:918'
        17 => 'previewDraft:920'
        18 => 'previewDraft:922'
        19 => 'previewDraft:924'
        20 => 'previewDraft:926'
        21 => 'previewDraft:928'
        22 => 'manageNestedElements::8753::field:kacheln'
        23 => 'previewDraft:930'
        24 => 'manageNestedElements::8755::field:kacheln'
        25 => 'previewDraft:931'
        26 => 'previewDraft:934'
        27 => 'previewDraft:935'
        28 => 'previewDraft:936'
        29 => 'previewDraft:937'
        30 => 'previewDraft:938'
        31 => 'previewDraft:940'
        32 => 'previewDraft:942'
        33 => 'previewElement:8582'
        34 => 'previewDraft:944'
        35 => 'previewDraft:945'
        36 => 'previewDraft:947'
        37 => 'previewDraft:949'
        38 => 'previewDraft:951'
        39 => 'previewDraft:952'
        40 => 'previewDraft:954'
        41 => 'previewDraft:955'
        42 => 'previewDraft:956'
        43 => 'previewDraft:958'
        44 => 'previewDraft:959'
        45 => 'previewDraft:960'
        46 => 'previewDraft:962'
        47 => 'previewDraft:963'
        48 => 'previewDraft:964'
        49 => 'previewDraft:965'
        50 => 'manageNestedElements::8841::field:kacheln'
        51 => 'previewDraft:967'
        52 => 'manageNestedElements::8844::field:kacheln'
        53 => 'previewDraft:968'
        54 => 'previewDraft:969'
        55 => 'previewDraft:971'
        56 => 'previewDraft:972'
        57 => 'previewDraft:973'
        58 => 'previewDraft:975'
        59 => 'previewDraft:977'
        60 => 'previewDraft:979'
        61 => 'previewDraft:981'
        62 => 'previewDraft:983'
        63 => 'previewDraft:985'
    ]
    '22b6a59deafcfb2ffb13c3adf3d98a3b__flash' => []
    'a8b7b1ec9ffb8baf2c6eaa253fe57112__token' => '••••••••••••••••••••••••••••••••••••••••••••••••••••••••••••••••••••••••••••••••••••••••••••••••••••'
    'a8b7b1ec9ffb8baf2c6eaa253fe57112__id' => 1
    '__authKey' => '••••••••••••••••••••••••••••••••••••••••••••••••••••••••••••••••••••••••••••••••••••••••••••••••••••••••••••••••••••••••••••••••••••••••••••••••'
    'a8b7b1ec9ffb8baf2c6eaa253fe57112__expire' => 1777542032
    '__duration' => 3600
    '__elevated_timeout' => 1777538397
]

$_SERVER = [
    'DEPLOY_NAME' => 'local'
    'DDEV_WEBSERVER_TYPE' => 'nginx-fpm'
    'npm_config_cache' => '/mnt/ddev-global-cache/npm'
    'COREPACK_ENABLE_DOWNLOAD_PROMPT' => '0'
    'DDEV_GOOS' => 'darwin'
    'IS_DDEV_PROJECT' => 'true'
    'PHP_DEFAULT_VERSION' => '8.3'
    'HOSTNAME' => 'derschmuckmacher-v3-web'
    'MAILPIT_SMTP_PORT' => '1025'
    'MH_SMTP_BIND_ADDR' => '127.0.0.1:1025'
    'DDEV_PRIMARY_URL_WITHOUT_PORT' => 'https://derschmuckmacher-v3.ddev.site'
    'CRAFT_DB_PORT' => '3306'
    'SSH_AUTH_SOCK' => '/home/.ssh-agent/socket'
    'DDEV_GID' => '20'
    'NODE_EXTRA_CA_CERTS' => '/mnt/ddev-global-cache/mkcert/rootCA.pem'
    'DOCKER_IP' => '127.0.0.1'
    'PGPASSWORD' => 'db'
    'CRAFT_WEB_ROOT' => '/var/www/html/web'
    'DDEV_DOCROOT' => 'web'
    'PWD' => '/var/www/html'
    'PLATFORMSH_CLI_UPDATES_CHECK' => '0'
    'DDEV_APPROOT' => '/var/www/html'
    'DDEV_FILES_DIR' => ''
    'START_SCRIPT_TIMEOUT' => '57'
    'APACHE_SITE_TEMPLATE' => '/etc/apache2/apache-site.conf'
    'PHP_INI' => '/etc/php/8.2/fpm/php.ini'
    'DDEV_VERSION' => 'v1.24.10'
    'PRIMARY_SITE_URL' => 'https://derschmuckmacher-v3.ddev.site'
    'TZ' => 'Europe/Zurich'
    'DDEV_XHPROF_MODE' => 'prepend'
    'HTTPS_EXPOSE' => '443:80,8026:8025'
    'COREPACK_HOME' => '/mnt/ddev-global-cache/corepack'
    'CRAFT_DB_DATABASE' => 'db'
    'DDEV_PRIMARY_URL' => 'https://derschmuckmacher-v3.ddev.site'
    'LINES' => '17'
    'DDEV_SITENAME' => 'derschmuckmacher-v3'
    'HOME' => '/home/omar'
    'DRUSH_OPTIONS_URI' => 'https://derschmuckmacher-v3.ddev.site'
    'LANG' => 'C.UTF-8'
    'COLUMNS' => '371'
    'DDEV_MUTAGEN_ENABLED' => 'true'
    'DDEV_USER' => 'omar'
    'PGUSER' => 'db'
    'TERMINUS_CACHE_DIR' => '/mnt/ddev-global-cache/terminus/cache'
    'DDEV_PRIMARY_URL_PORT' => '443'
    'DDEV_ROUTER_HTTP_PORT' => '80'
    'MAILPIT_SMTP_HOSTNAME' => '127.0.0.1'
    'CRAFT_DB_DRIVER' => 'mysql'
    'COMPOSER_PROCESS_TIMEOUT' => '2000'
    'NGINX_SITE_TEMPLATE' => '/etc/nginx/nginx-site.conf'
    'DDEV_FILES_DIRS' => ''
    'CRAFT_DB_SERVER' => 'db'
    'HTTP_EXPOSE' => '80:80,8025:8025'
    'NVM_DIR' => '/home/omar/.nvm'
    'DDEV_PHP_VERSION' => '8.2'
    'DDEV_TLD' => 'ddev.site'
    'DDEV_HOSTNAME' => 'derschmuckmacher-v3.ddev.site'
    'DDEV_PROJECT' => 'derschmuckmacher-v3'
    'DDEV_GOARCH' => 'arm64'
    'VIRTUAL_HOST' => 'derschmuckmacher-v3.ddev.site'
    'TERM' => 'xterm'
    'USER' => 'omar'
    'MYSQL_HISTFILE' => '/mnt/ddev-global-cache/mysqlhistory/derschmuckmacher-v3-web/mysql_history'
    'DDEV_WEB_ENTRYPOINT' => '/mnt/ddev_config/web-entrypoint.d'
    'DDEV_UID' => '501'
    'CAROOT' => '/mnt/ddev-global-cache/mkcert'
    'SHLVL' => '1'
    'COMPOSER_ALLOW_SUPERUSER' => '1'
    'BASH_ENV' => '/etc/bash.nointeractive.bashrc'
    'DDEV_DATABASE' => 'mysql:8.0'
    'PGDATABASE' => 'db'
    'CRAFT_DB_USER' => 'db'
    'DDEV_SCHEME' => 'https'
    'XHPROF_OUTPUT_DIR' => '/tmp/xhprof'
    'COMPOSER_CACHE_DIR' => '/mnt/ddev-global-cache/composer'
    'DDEV_XDEBUG_ENABLED' => 'false'
    'DDEV_DATABASE_FAMILY' => 'mysql'
    'PGHOST' => 'db'
    'DDEV_COMPOSER_ROOT' => '/var/www/html'
    'CRAFT_DB_PASSWORD' => '••'
    'DOCROOT' => 'web'
    'TERMINUS_HIDE_UPDATE_MESSAGE' => '1'
    'PATH' => '/home/omar/bin:/var/www/html/vendor/bin:/usr/local/sbin:/usr/local/bin:/usr/sbin:/usr/bin:/sbin:/bin:/var/www/html/bin:/mnt/ddev-global-cache/global-commands/web'
    'HOST_DOCKER_INTERNAL_IP' => ''
    'DDEV_PROJECT_TYPE' => 'craftcms'
    'DEBIAN_FRONTEND' => 'noninteractive'
    'DDEV_ROUTER_HTTPS_PORT' => '443'
    'EXECIGNORE' => '/var/www/html/vendor/bin/composer'
    'SUPERVISOR_ENABLED' => '1'
    'SUPERVISOR_SERVER_URL' => 'unix:///var/run/supervisor.sock'
    'SUPERVISOR_PROCESS_NAME' => 'php-fpm'
    'SUPERVISOR_GROUP_NAME' => 'php-fpm'
    'HTTP_X_REQUESTED_WITH' => 'XMLHttpRequest'
    'HTTP_X_REGISTERED_JS_FILES' => ''
    'HTTP_X_REGISTERED_ASSET_BUNDLES' => '22e517a2,aee7f8dc,26c46c25,e505ffd6,6b4d7555,bb2f10a0,e5e48399,815d39ea,fc0bc163,1ccab40d,1e21896b,54698ee0,b842675b,1c3c9add,4b1fd285,d8d08e47,8f00ce04,8768f48b,cf3018d6,ec6d0256'
    'HTTP_X_REAL_IP' => '172.18.0.1'
    'HTTP_X_FORWARDED_SERVER' => '21f32d6785eb'
    'HTTP_X_FORWARDED_PROTO' => 'https'
    'HTTP_X_FORWARDED_PORT' => '443'
    'HTTP_X_FORWARDED_HOST' => 'derschmuckmacher-v3.ddev.site'
    'HTTP_X_FORWARDED_FOR' => '172.18.0.1'
    'HTTP_X_CSRF_TOKEN' => '••••••••••••••••••••••••••••••••••••••••••••••••••••••••••••••••••••••••••••••••••••••••••••••••••••••••••••••••••••••••••••••••••••••••••••••••••••••••••••••••••••••••••••••••••••••••••••••••••••••••••••••••••••••••••••••••••••••••••••••••••••••••••••••••••••••••••••••••••••••••••••••••••••••••••••••••••••••••••••••••••••••••••••••••••••••••••••••••••••••••••••••••••••••••••••••••••••••••'
    'HTTP_TE' => 'trailers'
    'HTTP_SEC_GPC' => '1'
    'HTTP_SEC_FETCH_SITE' => 'same-origin'
    'HTTP_SEC_FETCH_MODE' => 'cors'
    'HTTP_SEC_FETCH_DEST' => 'empty'
    'HTTP_REFERER' => 'https://derschmuckmacher-v3.ddev.site/dW2axQ3b/content/entries'
    'HTTP_ORIGIN' => 'https://derschmuckmacher-v3.ddev.site'
    'HTTP_COOKIE' => 'a8b7b1ec9ffb8baf2c6eaa253fe57112_username=26b9ec8568da68d3882e55afaa5d203483c6c5810ee05b5a55c8a0eb10cab93ea%3A2%3A%7Bi%3A0%3Bs%3A41%3A%22a8b7b1ec9ffb8baf2c6eaa253fe57112_username%22%3Bi%3A1%3Bs%3A8%3A%22odegiuli%22%3B%7D; CraftSessionId=d53e866d26bce875fb2884facc2d107e; CRAFT_CSRF_TOKEN=8a7d40a44925cffa5c6231ed712693479ccbd90a53c648b39aebabcbcfb32970a%3A2%3A%7Bi%3A0%3Bs%3A16%3A%22CRAFT_CSRF_TOKEN%22%3Bi%3A1%3Bs%3A147%3A%229VVivECA_J8xrEtMk6R8TWeXsv9sDEqSlX1ewKI4%7Ccf1973dd801adeb03ddc8c2365188f3412c2b61f83f5364963d159f3811886a99VVivECA_J8xrEtMk6R8TWeXsv9sDEqSlX1ewKI4%7C1%22%3B%7D; Craft-3626ffc1-d0a3-42e3-98aa-37e8aa759561_sidebar=expanded; cookieconsent_status=dismiss; Craft-3626ffc1-d0a3-42e3-98aa-37e8aa759561_sidebar-details=expanded; a8b7b1ec9ffb8baf2c6eaa253fe57112_identity=2ee63bec9c78b16cb52b6ff97233f3a03b82e66bcf4a25898f3cfa5b2b22da6ba%3A2%3A%7Bi%3A0%3Bs%3A41%3A%22a8b7b1ec9ffb8baf2c6eaa253fe57112_identity%22%3Bi%3A1%3Bs%3A159%3A%22%5B1%2C%22%5B%5C%22UrkbfhKiWjsY6RR3o2amMzH-bkXUYIGVFHW7CYAg9yt8FSPdbek0OuFnfjLETt7WF4FXkiJnsNQ1BXFFSpUfyKRsTAOTm2zEZRkh%5C%22%2Cnull%2C%5C%220ef01a0bceeac5b1d0a2b6557bd3d7b1%5C%22%5D%22%2C3600%5D%22%3B%7D'
    'HTTP_ACCEPT_LANGUAGE' => 'de,en-US;q=0.9,en;q=0.8'
    'HTTP_ACCEPT_ENCODING' => 'gzip, deflate, br, zstd'
    'HTTP_ACCEPT' => 'application/json, text/plain, */*'
    'HTTP_CONTENT_LENGTH' => '0'
    'HTTP_USER_AGENT' => 'Mozilla/5.0 (Macintosh; Intel Mac OS X 10.15; rv:150.0) Gecko/20100101 Firefox/150.0'
    'HTTP_HOST' => 'derschmuckmacher-v3.ddev.site'
    'HTTPS' => 'on'
    'REDIRECT_STATUS' => '200'
    'SERVER_NAME' => 'derschmuckmacher-v3.ddev.site'
    'SERVER_PORT' => '80'
    'SERVER_ADDR' => '172.18.0.3'
    'REMOTE_PORT' => '45708'
    'REMOTE_ADDR' => '172.18.0.5'
    'SERVER_SOFTWARE' => 'nginx/1.28.0'
    'GATEWAY_INTERFACE' => 'CGI/1.1'
    'REQUEST_SCHEME' => 'http'
    'SERVER_PROTOCOL' => 'HTTP/1.1'
    'DOCUMENT_ROOT' => '/var/www/html/web'
    'DOCUMENT_URI' => '/index.php'
    'REQUEST_URI' => '/index.php?p=dW2axQ3b%2Factions%2Fqueue%2Frun&v=1777538432214'
    'CONTENT_LENGTH' => '0'
    'CONTENT_TYPE' => ''
    'REQUEST_METHOD' => 'POST'
    'QUERY_STRING' => 'p=dW2axQ3b%2Factions%2Fqueue%2Frun&v=1777538432214'
    'SCRIPT_NAME' => '/index.php'
    'SCRIPT_FILENAME' => '/var/www/html/web/index.php'
    'FCGI_ROLE' => 'RESPONDER'
    'PHP_SELF' => '/index.php'
    'REQUEST_TIME_FLOAT' => 1777538432.2155
    'REQUEST_TIME' => 1777538432
    'CRAFT_APP_ID' => 'CraftCMS--3933bc78-29f5-4b79-bcc5-c31faf0fcd20'
    'CRAFT_ENVIRONMENT' => 'dev'
    'ENVIRONMENT' => 'dev'
    'CRAFT_SECURITY_KEY' => '••••••••••••••••••••••••••••••••'
    'CP_TRIGGER' => 'dW2axQ3b'
    'CRAFT_DB_SCHEMA' => 'public'
    'CRAFT_DB_TABLE_PREFIX' => ''
    'DEV_MODE' => 'true'
    'ALLOW_ADMIN_CHANGES' => 'true'
    'DISALLOW_ROBOTS' => 'true'
    'TIMEZONE' => 'Europe/Zurich'
    'CAPTCHA_SITE_KEY' => '••••••••••••••••••••••••••••••••••••••••'
    'CAPTCHA_SECRET_KEY' => '••••••••••••••••••••••••••••••••••••••••'
    'WEB_URL' => 'https://derschmuckmacher-v3.ddev.site'
    'WEB_ROOT' => '/var/www/html/web'
    'ASSETS_BASE_URL' => 'https://derschmuckmacher-v3.ddev.site/public'
    'ASSETS_BASE_PATH' => '/var/www/html/web/public'
    'SCHMUCK_BASE_URL' => 'https://derschmuckmacher-v3.ddev.site/public/uploads/schmuck'
    'SCHMUCK_BASE_PATH' => '/var/www/html/web/public/uploads/schmuck'
    'BILDER_BASE_URL' => 'https://derschmuckmacher-v3.ddev.site/public/uploads/bilder'
    'BILDER_BASE_PATH' => '/var/www/html/web/public/uploads/bilder'
] {"environment":"dev","userId":1} 
2026-04-30 10:41:44 [queue.INFO] [yii\db\Connection::open] Opening DB connection: mysql:host=db;dbname=db;port=3306 {"memory":1101304} 
2026-04-30 10:41:44 [queue.INFO] [yii\web\Session::open] Session started {"memory":1540376} 
2026-04-30 10:41:44 [queue.INFO] [nystudio107\codeeditor\CodeEditor::bootstrap] CodeEditor module bootstrapped {"memory":1559896} 
2026-04-30 10:41:44 [queue.INFO] [adigital\cookieconsentbanner\CookieConsentBanner::init] Cookie Consent Banner plugin loaded {"memory":1775888} 
2026-04-30 10:41:44 [queue.INFO] [miranj\obfuscator\Obfuscator::init] Obfuscator plugin loaded {"memory":2735848} 
2026-04-30 10:41:44 [queue.INFO] [yii\db\Connection::open] Opening DB connection: mysql:host=db;dbname=db;port=3306 {"memory":3002968} 
2026-04-30 10:41:44 [queue.INFO] [craft\queue\QueueLogBehavior::beforeExec]  [40492] t9n:["app","Updating search indexes"] (attempt: 1, pid: 12536) - Started {"memory":3061720} 
2026-04-30 10:41:44 [queue.INFO] [craft\queue\QueueLogBehavior::afterExec]  [40492] t9n:["app","Updating search indexes"] (attempt: 1, pid: 12536) - Done (time: 0.011s) {"memory":3639144} 
2026-04-30 10:41:44 [queue.INFO] [craft\queue\QueueLogBehavior::beforeExec]  [40493] t9n:["app","Updating search indexes"] (attempt: 1, pid: 12536) - Started {"memory":3647176} 
2026-04-30 10:41:44 [queue.INFO] [craft\queue\QueueLogBehavior::afterExec]  [40493] t9n:["app","Updating search indexes"] (attempt: 1, pid: 12536) - Done (time: 0.002s) {"memory":3737112} 
2026-04-30 10:41:44 [queue.INFO] [craft\queue\QueueLogBehavior::beforeExec]  [40494] t9n:["app","Updating search indexes"] (attempt: 1, pid: 12536) - Started {"memory":3745096} 
2026-04-30 10:41:44 [queue.INFO] [craft\queue\QueueLogBehavior::afterExec]  [40494] t9n:["app","Updating search indexes"] (attempt: 1, pid: 12536) - Done (time: 0.005s) {"memory":4221632} 
2026-04-30 10:41:44 [queue.INFO] [craft\queue\QueueLogBehavior::beforeExec]  [40495] t9n:["app","Updating search indexes"] (attempt: 1, pid: 12536) - Started {"memory":4229616} 
2026-04-30 10:41:44 [queue.INFO] [craft\queue\QueueLogBehavior::afterExec]  [40495] t9n:["app","Updating search indexes"] (attempt: 1, pid: 12536) - Done (time: 0.004s) {"memory":4432048} 
2026-04-30 10:41:44 [queue.INFO] [craft\queue\QueueLogBehavior::beforeExec]  [40496] t9n:["app","Pruning extra revisions"] (attempt: 1, pid: 12536) - Started {"memory":4440032} 
2026-04-30 10:41:44 [queue.INFO] [craft\queue\QueueLogBehavior::afterExec]  [40496] t9n:["app","Pruning extra revisions"] (attempt: 1, pid: 12536) - Done (time: 0.001s) {"memory":4519784} 
2026-04-30 10:41:44 [queue.INFO] [craft\queue\QueueLogBehavior::beforeExec]  [40497] t9n:["app","Pruning extra revisions"] (attempt: 1, pid: 12536) - Started {"memory":4527768} 
2026-04-30 10:41:44 [queue.INFO] [craft\queue\QueueLogBehavior::afterExec]  [40497] t9n:["app","Pruning extra revisions"] (attempt: 1, pid: 12536) - Done (time: 0.001s) {"memory":4640256} 
2026-04-30 10:41:44 [queue.INFO] [application] Request context:
$_GET = [
    'p' => 'dW2axQ3b/actions/queue/run'
    'v' => '1777538504871'
]

$_POST = []

$_FILES = []

$_COOKIE = [
    'a8b7b1ec9ffb8baf2c6eaa253fe57112_username' => '26b9ec8568da68d3882e55afaa5d203483c6c5810ee05b5a55c8a0eb10cab93ea:2:{i:0;s:41:\"a8b7b1ec9ffb8baf2c6eaa253fe57112_username\";i:1;s:8:\"odegiuli\";}'
    'CraftSessionId' => 'd53e866d26bce875fb2884facc2d107e'
    'CRAFT_CSRF_TOKEN' => '••••••••••••••••••••••••••••••••••••••••••••••••••••••••••••••••••••••••••••••••••••••••••••••••••••••••••••••••••••••••••••••••••••••••••••••••••••••••••••••••••••••••••••••••••••••••••••••••••••••••••••••••••••••••••••••••••••••••••••••••••••••••••••••••••'
    'Craft-3626ffc1-d0a3-42e3-98aa-37e8aa759561_sidebar' => 'expanded'
    'cookieconsent_status' => 'dismiss'
    'Craft-3626ffc1-d0a3-42e3-98aa-37e8aa759561_sidebar-details' => 'expanded'
    'a8b7b1ec9ffb8baf2c6eaa253fe57112_identity' => '2ee63bec9c78b16cb52b6ff97233f3a03b82e66bcf4a25898f3cfa5b2b22da6ba:2:{i:0;s:41:\"a8b7b1ec9ffb8baf2c6eaa253fe57112_identity\";i:1;s:159:\"[1,\"[\\\"UrkbfhKiWjsY6RR3o2amMzH-bkXUYIGVFHW7CYAg9yt8FSPdbek0OuFnfjLETt7WF4FXkiJnsNQ1BXFFSpUfyKRsTAOTm2zEZRkh\\\",null,\\\"0ef01a0bceeac5b1d0a2b6557bd3d7b1\\\"]\",3600]\";}'
]

$_SESSION = [
    '22b6a59deafcfb2ffb13c3adf3d98a3b__auth_access' => [
        0 => 'previewElement:6476'
        1 => 'saveAssets:856a3aeb-b21b-4d41-af3f-0a23db430323'
        2 => 'previewDraft:904'
        3 => 'previewElement:8616'
        4 => 'previewDraft:905'
        5 => 'previewElement:7158'
        6 => 'previewDraft:906'
        7 => 'previewDraft:908'
        8 => 'previewElement:8689'
        9 => 'saveAssets:'
        10 => 'previewDraft:910'
        11 => 'saveAssets:1986f3e0-bf2e-4ccd-b34c-7ec2d979afdd'
        12 => 'previewDraft:912'
        13 => 'previewDraft:914'
        14 => 'previewDraft:916'
        15 => 'previewElement:7186'
        16 => 'previewDraft:918'
        17 => 'previewDraft:920'
        18 => 'previewDraft:922'
        19 => 'previewDraft:924'
        20 => 'previewDraft:926'
        21 => 'previewDraft:928'
        22 => 'manageNestedElements::8753::field:kacheln'
        23 => 'previewDraft:930'
        24 => 'manageNestedElements::8755::field:kacheln'
        25 => 'previewDraft:931'
        26 => 'previewDraft:934'
        27 => 'previewDraft:935'
        28 => 'previewDraft:936'
        29 => 'previewDraft:937'
        30 => 'previewDraft:938'
        31 => 'previewDraft:940'
        32 => 'previewDraft:942'
        33 => 'previewElement:8582'
        34 => 'previewDraft:944'
        35 => 'previewDraft:945'
        36 => 'previewDraft:947'
        37 => 'previewDraft:949'
        38 => 'previewDraft:951'
        39 => 'previewDraft:952'
        40 => 'previewDraft:954'
        41 => 'previewDraft:955'
        42 => 'previewDraft:956'
        43 => 'previewDraft:958'
        44 => 'previewDraft:959'
        45 => 'previewDraft:960'
        46 => 'previewDraft:962'
        47 => 'previewDraft:963'
        48 => 'previewDraft:964'
        49 => 'previewDraft:965'
        50 => 'manageNestedElements::8841::field:kacheln'
        51 => 'previewDraft:967'
        52 => 'manageNestedElements::8844::field:kacheln'
        53 => 'previewDraft:968'
        54 => 'previewDraft:969'
        55 => 'previewDraft:971'
        56 => 'previewDraft:972'
        57 => 'previewDraft:973'
        58 => 'previewDraft:975'
        59 => 'previewDraft:977'
        60 => 'previewDraft:979'
        61 => 'previewDraft:981'
        62 => 'previewDraft:983'
        63 => 'previewDraft:985'
        64 => 'previewDraft:987'
    ]
    '22b6a59deafcfb2ffb13c3adf3d98a3b__flash' => []
    'a8b7b1ec9ffb8baf2c6eaa253fe57112__token' => '••••••••••••••••••••••••••••••••••••••••••••••••••••••••••••••••••••••••••••••••••••••••••••••••••••'
    'a8b7b1ec9ffb8baf2c6eaa253fe57112__id' => 1
    '__authKey' => '••••••••••••••••••••••••••••••••••••••••••••••••••••••••••••••••••••••••••••••••••••••••••••••••••••••••••••••••••••••••••••••••••••••••••••••••'
    'a8b7b1ec9ffb8baf2c6eaa253fe57112__expire' => 1777542104
    '__duration' => 3600
    '__elevated_timeout' => 1777538397
]

$_SERVER = [
    'DEPLOY_NAME' => 'local'
    'DDEV_WEBSERVER_TYPE' => 'nginx-fpm'
    'npm_config_cache' => '/mnt/ddev-global-cache/npm'
    'COREPACK_ENABLE_DOWNLOAD_PROMPT' => '0'
    'DDEV_GOOS' => 'darwin'
    'IS_DDEV_PROJECT' => 'true'
    'PHP_DEFAULT_VERSION' => '8.3'
    'HOSTNAME' => 'derschmuckmacher-v3-web'
    'MAILPIT_SMTP_PORT' => '1025'
    'MH_SMTP_BIND_ADDR' => '127.0.0.1:1025'
    'DDEV_PRIMARY_URL_WITHOUT_PORT' => 'https://derschmuckmacher-v3.ddev.site'
    'CRAFT_DB_PORT' => '3306'
    'SSH_AUTH_SOCK' => '/home/.ssh-agent/socket'
    'DDEV_GID' => '20'
    'NODE_EXTRA_CA_CERTS' => '/mnt/ddev-global-cache/mkcert/rootCA.pem'
    'DOCKER_IP' => '127.0.0.1'
    'PGPASSWORD' => 'db'
    'CRAFT_WEB_ROOT' => '/var/www/html/web'
    'DDEV_DOCROOT' => 'web'
    'PWD' => '/var/www/html'
    'PLATFORMSH_CLI_UPDATES_CHECK' => '0'
    'DDEV_APPROOT' => '/var/www/html'
    'DDEV_FILES_DIR' => ''
    'START_SCRIPT_TIMEOUT' => '57'
    'APACHE_SITE_TEMPLATE' => '/etc/apache2/apache-site.conf'
    'PHP_INI' => '/etc/php/8.2/fpm/php.ini'
    'DDEV_VERSION' => 'v1.24.10'
    'PRIMARY_SITE_URL' => 'https://derschmuckmacher-v3.ddev.site'
    'TZ' => 'Europe/Zurich'
    'DDEV_XHPROF_MODE' => 'prepend'
    'HTTPS_EXPOSE' => '443:80,8026:8025'
    'COREPACK_HOME' => '/mnt/ddev-global-cache/corepack'
    'CRAFT_DB_DATABASE' => 'db'
    'DDEV_PRIMARY_URL' => 'https://derschmuckmacher-v3.ddev.site'
    'LINES' => '17'
    'DDEV_SITENAME' => 'derschmuckmacher-v3'
    'HOME' => '/home/omar'
    'DRUSH_OPTIONS_URI' => 'https://derschmuckmacher-v3.ddev.site'
    'LANG' => 'C.UTF-8'
    'COLUMNS' => '371'
    'DDEV_MUTAGEN_ENABLED' => 'true'
    'DDEV_USER' => 'omar'
    'PGUSER' => 'db'
    'TERMINUS_CACHE_DIR' => '/mnt/ddev-global-cache/terminus/cache'
    'DDEV_PRIMARY_URL_PORT' => '443'
    'DDEV_ROUTER_HTTP_PORT' => '80'
    'MAILPIT_SMTP_HOSTNAME' => '127.0.0.1'
    'CRAFT_DB_DRIVER' => 'mysql'
    'COMPOSER_PROCESS_TIMEOUT' => '2000'
    'NGINX_SITE_TEMPLATE' => '/etc/nginx/nginx-site.conf'
    'DDEV_FILES_DIRS' => ''
    'CRAFT_DB_SERVER' => 'db'
    'HTTP_EXPOSE' => '80:80,8025:8025'
    'NVM_DIR' => '/home/omar/.nvm'
    'DDEV_PHP_VERSION' => '8.2'
    'DDEV_TLD' => 'ddev.site'
    'DDEV_HOSTNAME' => 'derschmuckmacher-v3.ddev.site'
    'DDEV_PROJECT' => 'derschmuckmacher-v3'
    'DDEV_GOARCH' => 'arm64'
    'VIRTUAL_HOST' => 'derschmuckmacher-v3.ddev.site'
    'TERM' => 'xterm'
    'USER' => 'omar'
    'MYSQL_HISTFILE' => '/mnt/ddev-global-cache/mysqlhistory/derschmuckmacher-v3-web/mysql_history'
    'DDEV_WEB_ENTRYPOINT' => '/mnt/ddev_config/web-entrypoint.d'
    'DDEV_UID' => '501'
    'CAROOT' => '/mnt/ddev-global-cache/mkcert'
    'SHLVL' => '1'
    'COMPOSER_ALLOW_SUPERUSER' => '1'
    'BASH_ENV' => '/etc/bash.nointeractive.bashrc'
    'DDEV_DATABASE' => 'mysql:8.0'
    'PGDATABASE' => 'db'
    'CRAFT_DB_USER' => 'db'
    'DDEV_SCHEME' => 'https'
    'XHPROF_OUTPUT_DIR' => '/tmp/xhprof'
    'COMPOSER_CACHE_DIR' => '/mnt/ddev-global-cache/composer'
    'DDEV_XDEBUG_ENABLED' => 'false'
    'DDEV_DATABASE_FAMILY' => 'mysql'
    'PGHOST' => 'db'
    'DDEV_COMPOSER_ROOT' => '/var/www/html'
    'CRAFT_DB_PASSWORD' => '••'
    'DOCROOT' => 'web'
    'TERMINUS_HIDE_UPDATE_MESSAGE' => '1'
    'PATH' => '/home/omar/bin:/var/www/html/vendor/bin:/usr/local/sbin:/usr/local/bin:/usr/sbin:/usr/bin:/sbin:/bin:/var/www/html/bin:/mnt/ddev-global-cache/global-commands/web'
    'HOST_DOCKER_INTERNAL_IP' => ''
    'DDEV_PROJECT_TYPE' => 'craftcms'
    'DEBIAN_FRONTEND' => 'noninteractive'
    'DDEV_ROUTER_HTTPS_PORT' => '443'
    'EXECIGNORE' => '/var/www/html/vendor/bin/composer'
    'SUPERVISOR_ENABLED' => '1'
    'SUPERVISOR_SERVER_URL' => 'unix:///var/run/supervisor.sock'
    'SUPERVISOR_PROCESS_NAME' => 'php-fpm'
    'SUPERVISOR_GROUP_NAME' => 'php-fpm'
    'HTTP_X_REQUESTED_WITH' => 'XMLHttpRequest'
    'HTTP_X_REGISTERED_JS_FILES' => ''
    'HTTP_X_REGISTERED_ASSET_BUNDLES' => '815d39ea,92d8701,22e517a2,aee7f8dc,26c46c25,e505ffd6,6b4d7555,bb2f10a0,e5e48399,fc0bc163,1ccab40d,1e21896b,54698ee0,b842675b,1c3c9add,4b1fd285,d8d08e47,8f00ce04,8768f48b,cf3018d6,ec6d0256,e7c1329,75f47f25'
    'HTTP_X_REAL_IP' => '172.18.0.1'
    'HTTP_X_FORWARDED_SERVER' => '21f32d6785eb'
    'HTTP_X_FORWARDED_PROTO' => 'https'
    'HTTP_X_FORWARDED_PORT' => '443'
    'HTTP_X_FORWARDED_HOST' => 'derschmuckmacher-v3.ddev.site'
    'HTTP_X_FORWARDED_FOR' => '172.18.0.1'
    'HTTP_X_CSRF_TOKEN' => '••••••••••••••••••••••••••••••••••••••••••••••••••••••••••••••••••••••••••••••••••••••••••••••••••••••••••••••••••••••••••••••••••••••••••••••••••••••••••••••••••••••••••••••••••••••••••••••••••••••••••••••••••••••••••••••••••••••••••••••••••••••••••••••••••••••••••••••••••••••••••••••••••••••••••••••••••••••••••••••••••••••••••••••••••••••••••••••••••••••••••••••••••••••••••••••••••••••••'
    'HTTP_TE' => 'trailers'
    'HTTP_SEC_GPC' => '1'
    'HTTP_SEC_FETCH_SITE' => 'same-origin'
    'HTTP_SEC_FETCH_MODE' => 'cors'
    'HTTP_SEC_FETCH_DEST' => 'empty'
    'HTTP_REFERER' => 'https://derschmuckmacher-v3.ddev.site/dW2axQ3b/content/entries/singles/8689-startseite'
    'HTTP_ORIGIN' => 'https://derschmuckmacher-v3.ddev.site'
    'HTTP_COOKIE' => 'a8b7b1ec9ffb8baf2c6eaa253fe57112_username=26b9ec8568da68d3882e55afaa5d203483c6c5810ee05b5a55c8a0eb10cab93ea%3A2%3A%7Bi%3A0%3Bs%3A41%3A%22a8b7b1ec9ffb8baf2c6eaa253fe57112_username%22%3Bi%3A1%3Bs%3A8%3A%22odegiuli%22%3B%7D; CraftSessionId=d53e866d26bce875fb2884facc2d107e; CRAFT_CSRF_TOKEN=8a7d40a44925cffa5c6231ed712693479ccbd90a53c648b39aebabcbcfb32970a%3A2%3A%7Bi%3A0%3Bs%3A16%3A%22CRAFT_CSRF_TOKEN%22%3Bi%3A1%3Bs%3A147%3A%229VVivECA_J8xrEtMk6R8TWeXsv9sDEqSlX1ewKI4%7Ccf1973dd801adeb03ddc8c2365188f3412c2b61f83f5364963d159f3811886a99VVivECA_J8xrEtMk6R8TWeXsv9sDEqSlX1ewKI4%7C1%22%3B%7D; Craft-3626ffc1-d0a3-42e3-98aa-37e8aa759561_sidebar=expanded; cookieconsent_status=dismiss; Craft-3626ffc1-d0a3-42e3-98aa-37e8aa759561_sidebar-details=expanded; a8b7b1ec9ffb8baf2c6eaa253fe57112_identity=2ee63bec9c78b16cb52b6ff97233f3a03b82e66bcf4a25898f3cfa5b2b22da6ba%3A2%3A%7Bi%3A0%3Bs%3A41%3A%22a8b7b1ec9ffb8baf2c6eaa253fe57112_identity%22%3Bi%3A1%3Bs%3A159%3A%22%5B1%2C%22%5B%5C%22UrkbfhKiWjsY6RR3o2amMzH-bkXUYIGVFHW7CYAg9yt8FSPdbek0OuFnfjLETt7WF4FXkiJnsNQ1BXFFSpUfyKRsTAOTm2zEZRkh%5C%22%2Cnull%2C%5C%220ef01a0bceeac5b1d0a2b6557bd3d7b1%5C%22%5D%22%2C3600%5D%22%3B%7D'
    'HTTP_ACCEPT_LANGUAGE' => 'de,en-US;q=0.9,en;q=0.8'
    'HTTP_ACCEPT_ENCODING' => 'gzip, deflate, br, zstd'
    'HTTP_ACCEPT' => 'application/json, text/plain, */*'
    'HTTP_CONTENT_LENGTH' => '0'
    'HTTP_USER_AGENT' => 'Mozilla/5.0 (Macintosh; Intel Mac OS X 10.15; rv:150.0) Gecko/20100101 Firefox/150.0'
    'HTTP_HOST' => 'derschmuckmacher-v3.ddev.site'
    'HTTPS' => 'on'
    'REDIRECT_STATUS' => '200'
    'SERVER_NAME' => 'derschmuckmacher-v3.ddev.site'
    'SERVER_PORT' => '80'
    'SERVER_ADDR' => '172.18.0.3'
    'REMOTE_PORT' => '55758'
    'REMOTE_ADDR' => '172.18.0.5'
    'SERVER_SOFTWARE' => 'nginx/1.28.0'
    'GATEWAY_INTERFACE' => 'CGI/1.1'
    'REQUEST_SCHEME' => 'http'
    'SERVER_PROTOCOL' => 'HTTP/1.1'
    'DOCUMENT_ROOT' => '/var/www/html/web'
    'DOCUMENT_URI' => '/index.php'
    'REQUEST_URI' => '/index.php?p=dW2axQ3b%2Factions%2Fqueue%2Frun&v=1777538504871'
    'CONTENT_LENGTH' => '0'
    'CONTENT_TYPE' => ''
    'REQUEST_METHOD' => 'POST'
    'QUERY_STRING' => 'p=dW2axQ3b%2Factions%2Fqueue%2Frun&v=1777538504871'
    'SCRIPT_NAME' => '/index.php'
    'SCRIPT_FILENAME' => '/var/www/html/web/index.php'
    'FCGI_ROLE' => 'RESPONDER'
    'PHP_SELF' => '/index.php'
    'REQUEST_TIME_FLOAT' => 1777538504.8742
    'REQUEST_TIME' => 1777538504
    'CRAFT_APP_ID' => 'CraftCMS--3933bc78-29f5-4b79-bcc5-c31faf0fcd20'
    'CRAFT_ENVIRONMENT' => 'dev'
    'ENVIRONMENT' => 'dev'
    'CRAFT_SECURITY_KEY' => '••••••••••••••••••••••••••••••••'
    'CP_TRIGGER' => 'dW2axQ3b'
    'CRAFT_DB_SCHEMA' => 'public'
    'CRAFT_DB_TABLE_PREFIX' => ''
    'DEV_MODE' => 'true'
    'ALLOW_ADMIN_CHANGES' => 'true'
    'DISALLOW_ROBOTS' => 'true'
    'TIMEZONE' => 'Europe/Zurich'
    'CAPTCHA_SITE_KEY' => '••••••••••••••••••••••••••••••••••••••••'
    'CAPTCHA_SECRET_KEY' => '••••••••••••••••••••••••••••••••••••••••'
    'WEB_URL' => 'https://derschmuckmacher-v3.ddev.site'
    'WEB_ROOT' => '/var/www/html/web'
    'ASSETS_BASE_URL' => 'https://derschmuckmacher-v3.ddev.site/public'
    'ASSETS_BASE_PATH' => '/var/www/html/web/public'
    'SCHMUCK_BASE_URL' => 'https://derschmuckmacher-v3.ddev.site/public/uploads/schmuck'
    'SCHMUCK_BASE_PATH' => '/var/www/html/web/public/uploads/schmuck'
    'BILDER_BASE_URL' => 'https://derschmuckmacher-v3.ddev.site/public/uploads/bilder'
    'BILDER_BASE_PATH' => '/var/www/html/web/public/uploads/bilder'
] {"environment":"dev","userId":1} 
2026-04-30 10:42:02 [queue.INFO] [yii\db\Connection::open] Opening DB connection: mysql:host=db;dbname=db;port=3306 {"memory":1101304} 
2026-04-30 10:42:02 [queue.INFO] [yii\web\Session::open] Session started {"memory":1536416} 
2026-04-30 10:42:02 [queue.INFO] [nystudio107\codeeditor\CodeEditor::bootstrap] CodeEditor module bootstrapped {"memory":1558176} 
2026-04-30 10:42:02 [queue.INFO] [adigital\cookieconsentbanner\CookieConsentBanner::init] Cookie Consent Banner plugin loaded {"memory":1774168} 
2026-04-30 10:42:02 [queue.INFO] [miranj\obfuscator\Obfuscator::init] Obfuscator plugin loaded {"memory":2734128} 
2026-04-30 10:42:02 [queue.INFO] [yii\db\Connection::open] Opening DB connection: mysql:host=db;dbname=db;port=3306 {"memory":3001248} 
2026-04-30 10:42:02 [queue.INFO] [craft\queue\QueueLogBehavior::beforeExec]  [40498] t9n:["app","Updating search indexes"] (attempt: 1, pid: 17119) - Started {"memory":3060000} 
2026-04-30 10:42:02 [queue.INFO] [craft\queue\QueueLogBehavior::afterExec]  [40498] t9n:["app","Updating search indexes"] (attempt: 1, pid: 17119) - Done (time: 0.010s) {"memory":3474880} 
2026-04-30 10:42:02 [queue.INFO] [craft\queue\QueueLogBehavior::beforeExec]  [40499] t9n:["app","Generating image transform for {file}",{"file":"Hero-1-Home-oben.jpg"}] (attempt: 1, pid: 17119) - Started {"memory":3482640} 
2026-04-30 10:42:02 [queue.INFO] [craft\queue\QueueLogBehavior::afterExec]  [40499] t9n:["app","Generating image transform for {file}",{"file":"Hero-1-Home-oben.jpg"}] (attempt: 1, pid: 17119) - Done (time: 0.021s) {"memory":3649400} 
2026-04-30 10:42:02 [queue.INFO] [craft\queue\QueueLogBehavior::beforeExec]  [40500] t9n:["app","Generating image transform for {file}",{"file":"Hero-1-Home-oben.jpg"}] (attempt: 1, pid: 17119) - Started {"memory":3657336} 
2026-04-30 10:42:02 [queue.INFO] [craft\queue\QueueLogBehavior::afterExec]  [40500] t9n:["app","Generating image transform for {file}",{"file":"Hero-1-Home-oben.jpg"}] (attempt: 1, pid: 17119) - Done (time: 0.012s) {"memory":3719080} 
2026-04-30 10:42:02 [queue.INFO] [application] Request context:
$_GET = [
    'p' => 'dW2axQ3b/actions/queue/run'
    'v' => '1777538522154'
]

$_POST = []

$_FILES = []

$_COOKIE = [
    'a8b7b1ec9ffb8baf2c6eaa253fe57112_username' => '26b9ec8568da68d3882e55afaa5d203483c6c5810ee05b5a55c8a0eb10cab93ea:2:{i:0;s:41:\"a8b7b1ec9ffb8baf2c6eaa253fe57112_username\";i:1;s:8:\"odegiuli\";}'
    'CraftSessionId' => 'd53e866d26bce875fb2884facc2d107e'
    'CRAFT_CSRF_TOKEN' => '••••••••••••••••••••••••••••••••••••••••••••••••••••••••••••••••••••••••••••••••••••••••••••••••••••••••••••••••••••••••••••••••••••••••••••••••••••••••••••••••••••••••••••••••••••••••••••••••••••••••••••••••••••••••••••••••••••••••••••••••••••••••••••••••••'
    'Craft-3626ffc1-d0a3-42e3-98aa-37e8aa759561_sidebar' => 'expanded'
    'cookieconsent_status' => 'dismiss'
    'Craft-3626ffc1-d0a3-42e3-98aa-37e8aa759561_sidebar-details' => 'expanded'
    'a8b7b1ec9ffb8baf2c6eaa253fe57112_identity' => '2ee63bec9c78b16cb52b6ff97233f3a03b82e66bcf4a25898f3cfa5b2b22da6ba:2:{i:0;s:41:\"a8b7b1ec9ffb8baf2c6eaa253fe57112_identity\";i:1;s:159:\"[1,\"[\\\"UrkbfhKiWjsY6RR3o2amMzH-bkXUYIGVFHW7CYAg9yt8FSPdbek0OuFnfjLETt7WF4FXkiJnsNQ1BXFFSpUfyKRsTAOTm2zEZRkh\\\",null,\\\"0ef01a0bceeac5b1d0a2b6557bd3d7b1\\\"]\",3600]\";}'
]

$_SESSION = [
    '22b6a59deafcfb2ffb13c3adf3d98a3b__auth_access' => [
        0 => 'previewElement:6476'
        1 => 'saveAssets:856a3aeb-b21b-4d41-af3f-0a23db430323'
        2 => 'previewDraft:904'
        3 => 'previewElement:8616'
        4 => 'previewDraft:905'
        5 => 'previewElement:7158'
        6 => 'previewDraft:906'
        7 => 'previewDraft:908'
        8 => 'previewElement:8689'
        9 => 'saveAssets:'
        10 => 'previewDraft:910'
        11 => 'saveAssets:1986f3e0-bf2e-4ccd-b34c-7ec2d979afdd'
        12 => 'previewDraft:912'
        13 => 'previewDraft:914'
        14 => 'previewDraft:916'
        15 => 'previewElement:7186'
        16 => 'previewDraft:918'
        17 => 'previewDraft:920'
        18 => 'previewDraft:922'
        19 => 'previewDraft:924'
        20 => 'previewDraft:926'
        21 => 'previewDraft:928'
        22 => 'manageNestedElements::8753::field:kacheln'
        23 => 'previewDraft:930'
        24 => 'manageNestedElements::8755::field:kacheln'
        25 => 'previewDraft:931'
        26 => 'previewDraft:934'
        27 => 'previewDraft:935'
        28 => 'previewDraft:936'
        29 => 'previewDraft:937'
        30 => 'previewDraft:938'
        31 => 'previewDraft:940'
        32 => 'previewDraft:942'
        33 => 'previewElement:8582'
        34 => 'previewDraft:944'
        35 => 'previewDraft:945'
        36 => 'previewDraft:947'
        37 => 'previewDraft:949'
        38 => 'previewDraft:951'
        39 => 'previewDraft:952'
        40 => 'previewDraft:954'
        41 => 'previewDraft:955'
        42 => 'previewDraft:956'
        43 => 'previewDraft:958'
        44 => 'previewDraft:959'
        45 => 'previewDraft:960'
        46 => 'previewDraft:962'
        47 => 'previewDraft:963'
        48 => 'previewDraft:964'
        49 => 'previewDraft:965'
        50 => 'manageNestedElements::8841::field:kacheln'
        51 => 'previewDraft:967'
        52 => 'manageNestedElements::8844::field:kacheln'
        53 => 'previewDraft:968'
        54 => 'previewDraft:969'
        55 => 'previewDraft:971'
        56 => 'previewDraft:972'
        57 => 'previewDraft:973'
        58 => 'previewDraft:975'
        59 => 'previewDraft:977'
        60 => 'previewDraft:979'
        61 => 'previewDraft:981'
        62 => 'previewDraft:983'
        63 => 'previewDraft:985'
        64 => 'previewDraft:987'
    ]
    '22b6a59deafcfb2ffb13c3adf3d98a3b__flash' => []
    'a8b7b1ec9ffb8baf2c6eaa253fe57112__token' => '••••••••••••••••••••••••••••••••••••••••••••••••••••••••••••••••••••••••••••••••••••••••••••••••••••'
    'a8b7b1ec9ffb8baf2c6eaa253fe57112__id' => 1
    '__authKey' => '••••••••••••••••••••••••••••••••••••••••••••••••••••••••••••••••••••••••••••••••••••••••••••••••••••••••••••••••••••••••••••••••••••••••••••••••'
    'a8b7b1ec9ffb8baf2c6eaa253fe57112__expire' => 1777542122
    '__duration' => 3600
    '__elevated_timeout' => 1777538397
]

$_SERVER = [
    'DEPLOY_NAME' => 'local'
    'DDEV_WEBSERVER_TYPE' => 'nginx-fpm'
    'npm_config_cache' => '/mnt/ddev-global-cache/npm'
    'COREPACK_ENABLE_DOWNLOAD_PROMPT' => '0'
    'DDEV_GOOS' => 'darwin'
    'IS_DDEV_PROJECT' => 'true'
    'PHP_DEFAULT_VERSION' => '8.3'
    'HOSTNAME' => 'derschmuckmacher-v3-web'
    'MAILPIT_SMTP_PORT' => '1025'
    'MH_SMTP_BIND_ADDR' => '127.0.0.1:1025'
    'DDEV_PRIMARY_URL_WITHOUT_PORT' => 'https://derschmuckmacher-v3.ddev.site'
    'CRAFT_DB_PORT' => '3306'
    'SSH_AUTH_SOCK' => '/home/.ssh-agent/socket'
    'DDEV_GID' => '20'
    'NODE_EXTRA_CA_CERTS' => '/mnt/ddev-global-cache/mkcert/rootCA.pem'
    'DOCKER_IP' => '127.0.0.1'
    'PGPASSWORD' => 'db'
    'CRAFT_WEB_ROOT' => '/var/www/html/web'
    'DDEV_DOCROOT' => 'web'
    'PWD' => '/var/www/html'
    'PLATFORMSH_CLI_UPDATES_CHECK' => '0'
    'DDEV_APPROOT' => '/var/www/html'
    'DDEV_FILES_DIR' => ''
    'START_SCRIPT_TIMEOUT' => '57'
    'APACHE_SITE_TEMPLATE' => '/etc/apache2/apache-site.conf'
    'PHP_INI' => '/etc/php/8.2/fpm/php.ini'
    'DDEV_VERSION' => 'v1.24.10'
    'PRIMARY_SITE_URL' => 'https://derschmuckmacher-v3.ddev.site'
    'TZ' => 'Europe/Zurich'
    'DDEV_XHPROF_MODE' => 'prepend'
    'HTTPS_EXPOSE' => '443:80,8026:8025'
    'COREPACK_HOME' => '/mnt/ddev-global-cache/corepack'
    'CRAFT_DB_DATABASE' => 'db'
    'DDEV_PRIMARY_URL' => 'https://derschmuckmacher-v3.ddev.site'
    'LINES' => '17'
    'DDEV_SITENAME' => 'derschmuckmacher-v3'
    'HOME' => '/home/omar'
    'DRUSH_OPTIONS_URI' => 'https://derschmuckmacher-v3.ddev.site'
    'LANG' => 'C.UTF-8'
    'COLUMNS' => '371'
    'DDEV_MUTAGEN_ENABLED' => 'true'
    'DDEV_USER' => 'omar'
    'PGUSER' => 'db'
    'TERMINUS_CACHE_DIR' => '/mnt/ddev-global-cache/terminus/cache'
    'DDEV_PRIMARY_URL_PORT' => '443'
    'DDEV_ROUTER_HTTP_PORT' => '80'
    'MAILPIT_SMTP_HOSTNAME' => '127.0.0.1'
    'CRAFT_DB_DRIVER' => 'mysql'
    'COMPOSER_PROCESS_TIMEOUT' => '2000'
    'NGINX_SITE_TEMPLATE' => '/etc/nginx/nginx-site.conf'
    'DDEV_FILES_DIRS' => ''
    'CRAFT_DB_SERVER' => 'db'
    'HTTP_EXPOSE' => '80:80,8025:8025'
    'NVM_DIR' => '/home/omar/.nvm'
    'DDEV_PHP_VERSION' => '8.2'
    'DDEV_TLD' => 'ddev.site'
    'DDEV_HOSTNAME' => 'derschmuckmacher-v3.ddev.site'
    'DDEV_PROJECT' => 'derschmuckmacher-v3'
    'DDEV_GOARCH' => 'arm64'
    'VIRTUAL_HOST' => 'derschmuckmacher-v3.ddev.site'
    'TERM' => 'xterm'
    'USER' => 'omar'
    'MYSQL_HISTFILE' => '/mnt/ddev-global-cache/mysqlhistory/derschmuckmacher-v3-web/mysql_history'
    'DDEV_WEB_ENTRYPOINT' => '/mnt/ddev_config/web-entrypoint.d'
    'DDEV_UID' => '501'
    'CAROOT' => '/mnt/ddev-global-cache/mkcert'
    'SHLVL' => '1'
    'COMPOSER_ALLOW_SUPERUSER' => '1'
    'BASH_ENV' => '/etc/bash.nointeractive.bashrc'
    'DDEV_DATABASE' => 'mysql:8.0'
    'PGDATABASE' => 'db'
    'CRAFT_DB_USER' => 'db'
    'DDEV_SCHEME' => 'https'
    'XHPROF_OUTPUT_DIR' => '/tmp/xhprof'
    'COMPOSER_CACHE_DIR' => '/mnt/ddev-global-cache/composer'
    'DDEV_XDEBUG_ENABLED' => 'false'
    'DDEV_DATABASE_FAMILY' => 'mysql'
    'PGHOST' => 'db'
    'DDEV_COMPOSER_ROOT' => '/var/www/html'
    'CRAFT_DB_PASSWORD' => '••'
    'DOCROOT' => 'web'
    'TERMINUS_HIDE_UPDATE_MESSAGE' => '1'
    'PATH' => '/home/omar/bin:/var/www/html/vendor/bin:/usr/local/sbin:/usr/local/bin:/usr/sbin:/usr/bin:/sbin:/bin:/var/www/html/bin:/mnt/ddev-global-cache/global-commands/web'
    'HOST_DOCKER_INTERNAL_IP' => ''
    'DDEV_PROJECT_TYPE' => 'craftcms'
    'DEBIAN_FRONTEND' => 'noninteractive'
    'DDEV_ROUTER_HTTPS_PORT' => '443'
    'EXECIGNORE' => '/var/www/html/vendor/bin/composer'
    'SUPERVISOR_ENABLED' => '1'
    'SUPERVISOR_SERVER_URL' => 'unix:///var/run/supervisor.sock'
    'SUPERVISOR_PROCESS_NAME' => 'php-fpm'
    'SUPERVISOR_GROUP_NAME' => 'php-fpm'
    'HTTP_X_REQUESTED_WITH' => 'XMLHttpRequest'
    'HTTP_X_REGISTERED_JS_FILES' => ''
    'HTTP_X_REGISTERED_ASSET_BUNDLES' => '815d39ea,92d8701,22e517a2,aee7f8dc,26c46c25,e505ffd6,6b4d7555,bb2f10a0,e5e48399,fc0bc163,1ccab40d,1e21896b,54698ee0,b842675b,1c3c9add,4b1fd285,d8d08e47,8f00ce04,8768f48b,cf3018d6,ec6d0256,e7c1329,75f47f25'
    'HTTP_X_REAL_IP' => '172.18.0.1'
    'HTTP_X_FORWARDED_SERVER' => '21f32d6785eb'
    'HTTP_X_FORWARDED_PROTO' => 'https'
    'HTTP_X_FORWARDED_PORT' => '443'
    'HTTP_X_FORWARDED_HOST' => 'derschmuckmacher-v3.ddev.site'
    'HTTP_X_FORWARDED_FOR' => '172.18.0.1'
    'HTTP_X_CSRF_TOKEN' => '••••••••••••••••••••••••••••••••••••••••••••••••••••••••••••••••••••••••••••••••••••••••••••••••••••••••••••••••••••••••••••••••••••••••••••••••••••••••••••••••••••••••••••••••••••••••••••••••••••••••••••••••••••••••••••••••••••••••••••••••••••••••••••••••••••••••••••••••••••••••••••••••••••••••••••••••••••••••••••••••••••••••••••••••••••••••••••••••••••••••••••••••••••••••••••••••••••••••'
    'HTTP_TE' => 'trailers'
    'HTTP_SEC_GPC' => '1'
    'HTTP_SEC_FETCH_SITE' => 'same-origin'
    'HTTP_SEC_FETCH_MODE' => 'cors'
    'HTTP_SEC_FETCH_DEST' => 'empty'
    'HTTP_REFERER' => 'https://derschmuckmacher-v3.ddev.site/dW2axQ3b/content/entries/singles/8689-startseite'
    'HTTP_ORIGIN' => 'https://derschmuckmacher-v3.ddev.site'
    'HTTP_COOKIE' => 'a8b7b1ec9ffb8baf2c6eaa253fe57112_username=26b9ec8568da68d3882e55afaa5d203483c6c5810ee05b5a55c8a0eb10cab93ea%3A2%3A%7Bi%3A0%3Bs%3A41%3A%22a8b7b1ec9ffb8baf2c6eaa253fe57112_username%22%3Bi%3A1%3Bs%3A8%3A%22odegiuli%22%3B%7D; CraftSessionId=d53e866d26bce875fb2884facc2d107e; CRAFT_CSRF_TOKEN=8a7d40a44925cffa5c6231ed712693479ccbd90a53c648b39aebabcbcfb32970a%3A2%3A%7Bi%3A0%3Bs%3A16%3A%22CRAFT_CSRF_TOKEN%22%3Bi%3A1%3Bs%3A147%3A%229VVivECA_J8xrEtMk6R8TWeXsv9sDEqSlX1ewKI4%7Ccf1973dd801adeb03ddc8c2365188f3412c2b61f83f5364963d159f3811886a99VVivECA_J8xrEtMk6R8TWeXsv9sDEqSlX1ewKI4%7C1%22%3B%7D; Craft-3626ffc1-d0a3-42e3-98aa-37e8aa759561_sidebar=expanded; cookieconsent_status=dismiss; Craft-3626ffc1-d0a3-42e3-98aa-37e8aa759561_sidebar-details=expanded; a8b7b1ec9ffb8baf2c6eaa253fe57112_identity=2ee63bec9c78b16cb52b6ff97233f3a03b82e66bcf4a25898f3cfa5b2b22da6ba%3A2%3A%7Bi%3A0%3Bs%3A41%3A%22a8b7b1ec9ffb8baf2c6eaa253fe57112_identity%22%3Bi%3A1%3Bs%3A159%3A%22%5B1%2C%22%5B%5C%22UrkbfhKiWjsY6RR3o2amMzH-bkXUYIGVFHW7CYAg9yt8FSPdbek0OuFnfjLETt7WF4FXkiJnsNQ1BXFFSpUfyKRsTAOTm2zEZRkh%5C%22%2Cnull%2C%5C%220ef01a0bceeac5b1d0a2b6557bd3d7b1%5C%22%5D%22%2C3600%5D%22%3B%7D'
    'HTTP_ACCEPT_LANGUAGE' => 'de,en-US;q=0.9,en;q=0.8'
    'HTTP_ACCEPT_ENCODING' => 'gzip, deflate, br, zstd'
    'HTTP_ACCEPT' => 'application/json, text/plain, */*'
    'HTTP_CONTENT_LENGTH' => '0'
    'HTTP_USER_AGENT' => 'Mozilla/5.0 (Macintosh; Intel Mac OS X 10.15; rv:150.0) Gecko/20100101 Firefox/150.0'
    'HTTP_HOST' => 'derschmuckmacher-v3.ddev.site'
    'HTTPS' => 'on'
    'REDIRECT_STATUS' => '200'
    'SERVER_NAME' => 'derschmuckmacher-v3.ddev.site'
    'SERVER_PORT' => '80'
    'SERVER_ADDR' => '172.18.0.3'
    'REMOTE_PORT' => '34782'
    'REMOTE_ADDR' => '172.18.0.5'
    'SERVER_SOFTWARE' => 'nginx/1.28.0'
    'GATEWAY_INTERFACE' => 'CGI/1.1'
    'REQUEST_SCHEME' => 'http'
    'SERVER_PROTOCOL' => 'HTTP/1.1'
    'DOCUMENT_ROOT' => '/var/www/html/web'
    'DOCUMENT_URI' => '/index.php'
    'REQUEST_URI' => '/index.php?p=dW2axQ3b%2Factions%2Fqueue%2Frun&v=1777538522154'
    'CONTENT_LENGTH' => '0'
    'CONTENT_TYPE' => ''
    'REQUEST_METHOD' => 'POST'
    'QUERY_STRING' => 'p=dW2axQ3b%2Factions%2Fqueue%2Frun&v=1777538522154'
    'SCRIPT_NAME' => '/index.php'
    'SCRIPT_FILENAME' => '/var/www/html/web/index.php'
    'FCGI_ROLE' => 'RESPONDER'
    'PHP_SELF' => '/index.php'
    'REQUEST_TIME_FLOAT' => 1777538522.1613
    'REQUEST_TIME' => 1777538522
    'CRAFT_APP_ID' => 'CraftCMS--3933bc78-29f5-4b79-bcc5-c31faf0fcd20'
    'CRAFT_ENVIRONMENT' => 'dev'
    'ENVIRONMENT' => 'dev'
    'CRAFT_SECURITY_KEY' => '••••••••••••••••••••••••••••••••'
    'CP_TRIGGER' => 'dW2axQ3b'
    'CRAFT_DB_SCHEMA' => 'public'
    'CRAFT_DB_TABLE_PREFIX' => ''
    'DEV_MODE' => 'true'
    'ALLOW_ADMIN_CHANGES' => 'true'
    'DISALLOW_ROBOTS' => 'true'
    'TIMEZONE' => 'Europe/Zurich'
    'CAPTCHA_SITE_KEY' => '••••••••••••••••••••••••••••••••••••••••'
    'CAPTCHA_SECRET_KEY' => '••••••••••••••••••••••••••••••••••••••••'
    'WEB_URL' => 'https://derschmuckmacher-v3.ddev.site'
    'WEB_ROOT' => '/var/www/html/web'
    'ASSETS_BASE_URL' => 'https://derschmuckmacher-v3.ddev.site/public'
    'ASSETS_BASE_PATH' => '/var/www/html/web/public'
    'SCHMUCK_BASE_URL' => 'https://derschmuckmacher-v3.ddev.site/public/uploads/schmuck'
    'SCHMUCK_BASE_PATH' => '/var/www/html/web/public/uploads/schmuck'
    'BILDER_BASE_URL' => 'https://derschmuckmacher-v3.ddev.site/public/uploads/bilder'
    'BILDER_BASE_PATH' => '/var/www/html/web/public/uploads/bilder'
] {"environment":"dev","userId":1} 
2026-04-30 10:42:06 [queue.INFO] [yii\db\Connection::open] Opening DB connection: mysql:host=db;dbname=db;port=3306 {"memory":1101208} 
2026-04-30 10:42:06 [queue.INFO] [yii\web\Session::open] Session started {"memory":1536320} 
2026-04-30 10:42:06 [queue.INFO] [nystudio107\codeeditor\CodeEditor::bootstrap] CodeEditor module bootstrapped {"memory":1558080} 
2026-04-30 10:42:06 [queue.INFO] [adigital\cookieconsentbanner\CookieConsentBanner::init] Cookie Consent Banner plugin loaded {"memory":1773968} 
2026-04-30 10:42:06 [queue.INFO] [miranj\obfuscator\Obfuscator::init] Obfuscator plugin loaded {"memory":2733928} 
2026-04-30 10:42:06 [queue.INFO] [yii\db\Connection::open] Opening DB connection: mysql:host=db;dbname=db;port=3306 {"memory":3001048} 
2026-04-30 10:42:06 [queue.INFO] [craft\queue\QueueLogBehavior::beforeExec]  [40501] t9n:["app","Updating search indexes"] (attempt: 1, pid: 12536) - Started {"memory":3059800} 
2026-04-30 10:42:06 [queue.INFO] [craft\queue\QueueLogBehavior::afterExec]  [40501] t9n:["app","Updating search indexes"] (attempt: 1, pid: 12536) - Done (time: 0.010s) {"memory":3637224} 
2026-04-30 10:42:06 [queue.INFO] [craft\queue\QueueLogBehavior::beforeExec]  [40502] t9n:["app","Updating search indexes"] (attempt: 1, pid: 12536) - Started {"memory":3645256} 
2026-04-30 10:42:06 [queue.INFO] [craft\queue\QueueLogBehavior::afterExec]  [40502] t9n:["app","Updating search indexes"] (attempt: 1, pid: 12536) - Done (time: 0.001s) {"memory":3735192} 
2026-04-30 10:42:06 [queue.INFO] [craft\queue\QueueLogBehavior::beforeExec]  [40503] t9n:["app","Updating search indexes"] (attempt: 1, pid: 12536) - Started {"memory":3743176} 
2026-04-30 10:42:06 [queue.INFO] [craft\queue\QueueLogBehavior::afterExec]  [40503] t9n:["app","Updating search indexes"] (attempt: 1, pid: 12536) - Done (time: 0.005s) {"memory":4219712} 
2026-04-30 10:42:06 [queue.INFO] [craft\queue\QueueLogBehavior::beforeExec]  [40504] t9n:["app","Updating search indexes"] (attempt: 1, pid: 12536) - Started {"memory":4227696} 
2026-04-30 10:42:06 [queue.INFO] [craft\queue\QueueLogBehavior::afterExec]  [40504] t9n:["app","Updating search indexes"] (attempt: 1, pid: 12536) - Done (time: 0.004s) {"memory":4430344} 
2026-04-30 10:42:06 [queue.INFO] [craft\queue\QueueLogBehavior::beforeExec]  [40505] t9n:["app","Pruning extra revisions"] (attempt: 1, pid: 12536) - Started {"memory":4438328} 
2026-04-30 10:42:06 [queue.INFO] [craft\queue\QueueLogBehavior::afterExec]  [40505] t9n:["app","Pruning extra revisions"] (attempt: 1, pid: 12536) - Done (time: 0.001s) {"memory":4518080} 
2026-04-30 10:42:06 [queue.INFO] [craft\queue\QueueLogBehavior::beforeExec]  [40506] t9n:["app","Pruning extra revisions"] (attempt: 1, pid: 12536) - Started {"memory":4526064} 
2026-04-30 10:42:06 [queue.INFO] [craft\queue\QueueLogBehavior::afterExec]  [40506] t9n:["app","Pruning extra revisions"] (attempt: 1, pid: 12536) - Done (time: 0.001s) {"memory":4638552} 
2026-04-30 10:42:06 [queue.INFO] [application] Request context:
$_GET = [
    'p' => 'dW2axQ3b/actions/queue/run'
    'v' => '1777538526334'
]

$_POST = []

$_FILES = []

$_COOKIE = [
    'a8b7b1ec9ffb8baf2c6eaa253fe57112_username' => '26b9ec8568da68d3882e55afaa5d203483c6c5810ee05b5a55c8a0eb10cab93ea:2:{i:0;s:41:\"a8b7b1ec9ffb8baf2c6eaa253fe57112_username\";i:1;s:8:\"odegiuli\";}'
    'CraftSessionId' => 'd53e866d26bce875fb2884facc2d107e'
    'CRAFT_CSRF_TOKEN' => '••••••••••••••••••••••••••••••••••••••••••••••••••••••••••••••••••••••••••••••••••••••••••••••••••••••••••••••••••••••••••••••••••••••••••••••••••••••••••••••••••••••••••••••••••••••••••••••••••••••••••••••••••••••••••••••••••••••••••••••••••••••••••••••••••'
    'Craft-3626ffc1-d0a3-42e3-98aa-37e8aa759561_sidebar' => 'expanded'
    'cookieconsent_status' => 'dismiss'
    'Craft-3626ffc1-d0a3-42e3-98aa-37e8aa759561_sidebar-details' => 'expanded'
    'a8b7b1ec9ffb8baf2c6eaa253fe57112_identity' => '2ee63bec9c78b16cb52b6ff97233f3a03b82e66bcf4a25898f3cfa5b2b22da6ba:2:{i:0;s:41:\"a8b7b1ec9ffb8baf2c6eaa253fe57112_identity\";i:1;s:159:\"[1,\"[\\\"UrkbfhKiWjsY6RR3o2amMzH-bkXUYIGVFHW7CYAg9yt8FSPdbek0OuFnfjLETt7WF4FXkiJnsNQ1BXFFSpUfyKRsTAOTm2zEZRkh\\\",null,\\\"0ef01a0bceeac5b1d0a2b6557bd3d7b1\\\"]\",3600]\";}'
]

$_SESSION = [
    '22b6a59deafcfb2ffb13c3adf3d98a3b__auth_access' => [
        0 => 'previewElement:6476'
        1 => 'saveAssets:856a3aeb-b21b-4d41-af3f-0a23db430323'
        2 => 'previewDraft:904'
        3 => 'previewElement:8616'
        4 => 'previewDraft:905'
        5 => 'previewElement:7158'
        6 => 'previewDraft:906'
        7 => 'previewDraft:908'
        8 => 'previewElement:8689'
        9 => 'saveAssets:'
        10 => 'previewDraft:910'
        11 => 'saveAssets:1986f3e0-bf2e-4ccd-b34c-7ec2d979afdd'
        12 => 'previewDraft:912'
        13 => 'previewDraft:914'
        14 => 'previewDraft:916'
        15 => 'previewElement:7186'
        16 => 'previewDraft:918'
        17 => 'previewDraft:920'
        18 => 'previewDraft:922'
        19 => 'previewDraft:924'
        20 => 'previewDraft:926'
        21 => 'previewDraft:928'
        22 => 'manageNestedElements::8753::field:kacheln'
        23 => 'previewDraft:930'
        24 => 'manageNestedElements::8755::field:kacheln'
        25 => 'previewDraft:931'
        26 => 'previewDraft:934'
        27 => 'previewDraft:935'
        28 => 'previewDraft:936'
        29 => 'previewDraft:937'
        30 => 'previewDraft:938'
        31 => 'previewDraft:940'
        32 => 'previewDraft:942'
        33 => 'previewElement:8582'
        34 => 'previewDraft:944'
        35 => 'previewDraft:945'
        36 => 'previewDraft:947'
        37 => 'previewDraft:949'
        38 => 'previewDraft:951'
        39 => 'previewDraft:952'
        40 => 'previewDraft:954'
        41 => 'previewDraft:955'
        42 => 'previewDraft:956'
        43 => 'previewDraft:958'
        44 => 'previewDraft:959'
        45 => 'previewDraft:960'
        46 => 'previewDraft:962'
        47 => 'previewDraft:963'
        48 => 'previewDraft:964'
        49 => 'previewDraft:965'
        50 => 'manageNestedElements::8841::field:kacheln'
        51 => 'previewDraft:967'
        52 => 'manageNestedElements::8844::field:kacheln'
        53 => 'previewDraft:968'
        54 => 'previewDraft:969'
        55 => 'previewDraft:971'
        56 => 'previewDraft:972'
        57 => 'previewDraft:973'
        58 => 'previewDraft:975'
        59 => 'previewDraft:977'
        60 => 'previewDraft:979'
        61 => 'previewDraft:981'
        62 => 'previewDraft:983'
        63 => 'previewDraft:985'
        64 => 'previewDraft:987'
        65 => 'previewDraft:989'
    ]
    '22b6a59deafcfb2ffb13c3adf3d98a3b__flash' => []
    'a8b7b1ec9ffb8baf2c6eaa253fe57112__token' => '••••••••••••••••••••••••••••••••••••••••••••••••••••••••••••••••••••••••••••••••••••••••••••••••••••'
    'a8b7b1ec9ffb8baf2c6eaa253fe57112__id' => 1
    '__authKey' => '••••••••••••••••••••••••••••••••••••••••••••••••••••••••••••••••••••••••••••••••••••••••••••••••••••••••••••••••••••••••••••••••••••••••••••••••'
    'a8b7b1ec9ffb8baf2c6eaa253fe57112__expire' => 1777542126
    '__duration' => 3600
    '__elevated_timeout' => 1777538397
]

$_SERVER = [
    'DEPLOY_NAME' => 'local'
    'DDEV_WEBSERVER_TYPE' => 'nginx-fpm'
    'npm_config_cache' => '/mnt/ddev-global-cache/npm'
    'COREPACK_ENABLE_DOWNLOAD_PROMPT' => '0'
    'DDEV_GOOS' => 'darwin'
    'IS_DDEV_PROJECT' => 'true'
    'PHP_DEFAULT_VERSION' => '8.3'
    'HOSTNAME' => 'derschmuckmacher-v3-web'
    'MAILPIT_SMTP_PORT' => '1025'
    'MH_SMTP_BIND_ADDR' => '127.0.0.1:1025'
    'DDEV_PRIMARY_URL_WITHOUT_PORT' => 'https://derschmuckmacher-v3.ddev.site'
    'CRAFT_DB_PORT' => '3306'
    'SSH_AUTH_SOCK' => '/home/.ssh-agent/socket'
    'DDEV_GID' => '20'
    'NODE_EXTRA_CA_CERTS' => '/mnt/ddev-global-cache/mkcert/rootCA.pem'
    'DOCKER_IP' => '127.0.0.1'
    'PGPASSWORD' => 'db'
    'CRAFT_WEB_ROOT' => '/var/www/html/web'
    'DDEV_DOCROOT' => 'web'
    'PWD' => '/var/www/html'
    'PLATFORMSH_CLI_UPDATES_CHECK' => '0'
    'DDEV_APPROOT' => '/var/www/html'
    'DDEV_FILES_DIR' => ''
    'START_SCRIPT_TIMEOUT' => '57'
    'APACHE_SITE_TEMPLATE' => '/etc/apache2/apache-site.conf'
    'PHP_INI' => '/etc/php/8.2/fpm/php.ini'
    'DDEV_VERSION' => 'v1.24.10'
    'PRIMARY_SITE_URL' => 'https://derschmuckmacher-v3.ddev.site'
    'TZ' => 'Europe/Zurich'
    'DDEV_XHPROF_MODE' => 'prepend'
    'HTTPS_EXPOSE' => '443:80,8026:8025'
    'COREPACK_HOME' => '/mnt/ddev-global-cache/corepack'
    'CRAFT_DB_DATABASE' => 'db'
    'DDEV_PRIMARY_URL' => 'https://derschmuckmacher-v3.ddev.site'
    'LINES' => '17'
    'DDEV_SITENAME' => 'derschmuckmacher-v3'
    'HOME' => '/home/omar'
    'DRUSH_OPTIONS_URI' => 'https://derschmuckmacher-v3.ddev.site'
    'LANG' => 'C.UTF-8'
    'COLUMNS' => '371'
    'DDEV_MUTAGEN_ENABLED' => 'true'
    'DDEV_USER' => 'omar'
    'PGUSER' => 'db'
    'TERMINUS_CACHE_DIR' => '/mnt/ddev-global-cache/terminus/cache'
    'DDEV_PRIMARY_URL_PORT' => '443'
    'DDEV_ROUTER_HTTP_PORT' => '80'
    'MAILPIT_SMTP_HOSTNAME' => '127.0.0.1'
    'CRAFT_DB_DRIVER' => 'mysql'
    'COMPOSER_PROCESS_TIMEOUT' => '2000'
    'NGINX_SITE_TEMPLATE' => '/etc/nginx/nginx-site.conf'
    'DDEV_FILES_DIRS' => ''
    'CRAFT_DB_SERVER' => 'db'
    'HTTP_EXPOSE' => '80:80,8025:8025'
    'NVM_DIR' => '/home/omar/.nvm'
    'DDEV_PHP_VERSION' => '8.2'
    'DDEV_TLD' => 'ddev.site'
    'DDEV_HOSTNAME' => 'derschmuckmacher-v3.ddev.site'
    'DDEV_PROJECT' => 'derschmuckmacher-v3'
    'DDEV_GOARCH' => 'arm64'
    'VIRTUAL_HOST' => 'derschmuckmacher-v3.ddev.site'
    'TERM' => 'xterm'
    'USER' => 'omar'
    'MYSQL_HISTFILE' => '/mnt/ddev-global-cache/mysqlhistory/derschmuckmacher-v3-web/mysql_history'
    'DDEV_WEB_ENTRYPOINT' => '/mnt/ddev_config/web-entrypoint.d'
    'DDEV_UID' => '501'
    'CAROOT' => '/mnt/ddev-global-cache/mkcert'
    'SHLVL' => '1'
    'COMPOSER_ALLOW_SUPERUSER' => '1'
    'BASH_ENV' => '/etc/bash.nointeractive.bashrc'
    'DDEV_DATABASE' => 'mysql:8.0'
    'PGDATABASE' => 'db'
    'CRAFT_DB_USER' => 'db'
    'DDEV_SCHEME' => 'https'
    'XHPROF_OUTPUT_DIR' => '/tmp/xhprof'
    'COMPOSER_CACHE_DIR' => '/mnt/ddev-global-cache/composer'
    'DDEV_XDEBUG_ENABLED' => 'false'
    'DDEV_DATABASE_FAMILY' => 'mysql'
    'PGHOST' => 'db'
    'DDEV_COMPOSER_ROOT' => '/var/www/html'
    'CRAFT_DB_PASSWORD' => '••'
    'DOCROOT' => 'web'
    'TERMINUS_HIDE_UPDATE_MESSAGE' => '1'
    'PATH' => '/home/omar/bin:/var/www/html/vendor/bin:/usr/local/sbin:/usr/local/bin:/usr/sbin:/usr/bin:/sbin:/bin:/var/www/html/bin:/mnt/ddev-global-cache/global-commands/web'
    'HOST_DOCKER_INTERNAL_IP' => ''
    'DDEV_PROJECT_TYPE' => 'craftcms'
    'DEBIAN_FRONTEND' => 'noninteractive'
    'DDEV_ROUTER_HTTPS_PORT' => '443'
    'EXECIGNORE' => '/var/www/html/vendor/bin/composer'
    'SUPERVISOR_ENABLED' => '1'
    'SUPERVISOR_SERVER_URL' => 'unix:///var/run/supervisor.sock'
    'SUPERVISOR_PROCESS_NAME' => 'php-fpm'
    'SUPERVISOR_GROUP_NAME' => 'php-fpm'
    'HTTP_X_REQUESTED_WITH' => 'XMLHttpRequest'
    'HTTP_X_REGISTERED_JS_FILES' => ''
    'HTTP_X_REGISTERED_ASSET_BUNDLES' => '22e517a2,aee7f8dc,26c46c25,e505ffd6,6b4d7555,bb2f10a0,e5e48399,815d39ea,fc0bc163,1ccab40d,1e21896b,54698ee0,b842675b,1c3c9add,4b1fd285,d8d08e47,8f00ce04,8768f48b,cf3018d6,ec6d0256'
    'HTTP_X_REAL_IP' => '172.18.0.1'
    'HTTP_X_FORWARDED_SERVER' => '21f32d6785eb'
    'HTTP_X_FORWARDED_PROTO' => 'https'
    'HTTP_X_FORWARDED_PORT' => '443'
    'HTTP_X_FORWARDED_HOST' => 'derschmuckmacher-v3.ddev.site'
    'HTTP_X_FORWARDED_FOR' => '172.18.0.1'
    'HTTP_X_CSRF_TOKEN' => '••••••••••••••••••••••••••••••••••••••••••••••••••••••••••••••••••••••••••••••••••••••••••••••••••••••••••••••••••••••••••••••••••••••••••••••••••••••••••••••••••••••••••••••••••••••••••••••••••••••••••••••••••••••••••••••••••••••••••••••••••••••••••••••••••••••••••••••••••••••••••••••••••••••••••••••••••••••••••••••••••••••••••••••••••••••••••••••••••••••••••••••••••••••••••••••••••••••••'
    'HTTP_TE' => 'trailers'
    'HTTP_SEC_GPC' => '1'
    'HTTP_SEC_FETCH_SITE' => 'same-origin'
    'HTTP_SEC_FETCH_MODE' => 'cors'
    'HTTP_SEC_FETCH_DEST' => 'empty'
    'HTTP_REFERER' => 'https://derschmuckmacher-v3.ddev.site/dW2axQ3b/content/entries'
    'HTTP_ORIGIN' => 'https://derschmuckmacher-v3.ddev.site'
    'HTTP_COOKIE' => 'a8b7b1ec9ffb8baf2c6eaa253fe57112_username=26b9ec8568da68d3882e55afaa5d203483c6c5810ee05b5a55c8a0eb10cab93ea%3A2%3A%7Bi%3A0%3Bs%3A41%3A%22a8b7b1ec9ffb8baf2c6eaa253fe57112_username%22%3Bi%3A1%3Bs%3A8%3A%22odegiuli%22%3B%7D; CraftSessionId=d53e866d26bce875fb2884facc2d107e; CRAFT_CSRF_TOKEN=8a7d40a44925cffa5c6231ed712693479ccbd90a53c648b39aebabcbcfb32970a%3A2%3A%7Bi%3A0%3Bs%3A16%3A%22CRAFT_CSRF_TOKEN%22%3Bi%3A1%3Bs%3A147%3A%229VVivECA_J8xrEtMk6R8TWeXsv9sDEqSlX1ewKI4%7Ccf1973dd801adeb03ddc8c2365188f3412c2b61f83f5364963d159f3811886a99VVivECA_J8xrEtMk6R8TWeXsv9sDEqSlX1ewKI4%7C1%22%3B%7D; Craft-3626ffc1-d0a3-42e3-98aa-37e8aa759561_sidebar=expanded; cookieconsent_status=dismiss; Craft-3626ffc1-d0a3-42e3-98aa-37e8aa759561_sidebar-details=expanded; a8b7b1ec9ffb8baf2c6eaa253fe57112_identity=2ee63bec9c78b16cb52b6ff97233f3a03b82e66bcf4a25898f3cfa5b2b22da6ba%3A2%3A%7Bi%3A0%3Bs%3A41%3A%22a8b7b1ec9ffb8baf2c6eaa253fe57112_identity%22%3Bi%3A1%3Bs%3A159%3A%22%5B1%2C%22%5B%5C%22UrkbfhKiWjsY6RR3o2amMzH-bkXUYIGVFHW7CYAg9yt8FSPdbek0OuFnfjLETt7WF4FXkiJnsNQ1BXFFSpUfyKRsTAOTm2zEZRkh%5C%22%2Cnull%2C%5C%220ef01a0bceeac5b1d0a2b6557bd3d7b1%5C%22%5D%22%2C3600%5D%22%3B%7D'
    'HTTP_ACCEPT_LANGUAGE' => 'de,en-US;q=0.9,en;q=0.8'
    'HTTP_ACCEPT_ENCODING' => 'gzip, deflate, br, zstd'
    'HTTP_ACCEPT' => 'application/json, text/plain, */*'
    'HTTP_CONTENT_LENGTH' => '0'
    'HTTP_USER_AGENT' => 'Mozilla/5.0 (Macintosh; Intel Mac OS X 10.15; rv:150.0) Gecko/20100101 Firefox/150.0'
    'HTTP_HOST' => 'derschmuckmacher-v3.ddev.site'
    'HTTPS' => 'on'
    'REDIRECT_STATUS' => '200'
    'SERVER_NAME' => 'derschmuckmacher-v3.ddev.site'
    'SERVER_PORT' => '80'
    'SERVER_ADDR' => '172.18.0.3'
    'REMOTE_PORT' => '34696'
    'REMOTE_ADDR' => '172.18.0.5'
    'SERVER_SOFTWARE' => 'nginx/1.28.0'
    'GATEWAY_INTERFACE' => 'CGI/1.1'
    'REQUEST_SCHEME' => 'http'
    'SERVER_PROTOCOL' => 'HTTP/1.1'
    'DOCUMENT_ROOT' => '/var/www/html/web'
    'DOCUMENT_URI' => '/index.php'
    'REQUEST_URI' => '/index.php?p=dW2axQ3b%2Factions%2Fqueue%2Frun&v=1777538526334'
    'CONTENT_LENGTH' => '0'
    'CONTENT_TYPE' => ''
    'REQUEST_METHOD' => 'POST'
    'QUERY_STRING' => 'p=dW2axQ3b%2Factions%2Fqueue%2Frun&v=1777538526334'
    'SCRIPT_NAME' => '/index.php'
    'SCRIPT_FILENAME' => '/var/www/html/web/index.php'
    'FCGI_ROLE' => 'RESPONDER'
    'PHP_SELF' => '/index.php'
    'REQUEST_TIME_FLOAT' => 1777538526.3388
    'REQUEST_TIME' => 1777538526
    'CRAFT_APP_ID' => 'CraftCMS--3933bc78-29f5-4b79-bcc5-c31faf0fcd20'
    'CRAFT_ENVIRONMENT' => 'dev'
    'ENVIRONMENT' => 'dev'
    'CRAFT_SECURITY_KEY' => '••••••••••••••••••••••••••••••••'
    'CP_TRIGGER' => 'dW2axQ3b'
    'CRAFT_DB_SCHEMA' => 'public'
    'CRAFT_DB_TABLE_PREFIX' => ''
    'DEV_MODE' => 'true'
    'ALLOW_ADMIN_CHANGES' => 'true'
    'DISALLOW_ROBOTS' => 'true'
    'TIMEZONE' => 'Europe/Zurich'
    'CAPTCHA_SITE_KEY' => '••••••••••••••••••••••••••••••••••••••••'
    'CAPTCHA_SECRET_KEY' => '••••••••••••••••••••••••••••••••••••••••'
    'WEB_URL' => 'https://derschmuckmacher-v3.ddev.site'
    'WEB_ROOT' => '/var/www/html/web'
    'ASSETS_BASE_URL' => 'https://derschmuckmacher-v3.ddev.site/public'
    'ASSETS_BASE_PATH' => '/var/www/html/web/public'
    'SCHMUCK_BASE_URL' => 'https://derschmuckmacher-v3.ddev.site/public/uploads/schmuck'
    'SCHMUCK_BASE_PATH' => '/var/www/html/web/public/uploads/schmuck'
    'BILDER_BASE_URL' => 'https://derschmuckmacher-v3.ddev.site/public/uploads/bilder'
    'BILDER_BASE_PATH' => '/var/www/html/web/public/uploads/bilder'
] {"environment":"dev","userId":1} 
2026-04-30 10:43:02 [queue.INFO] [yii\db\Connection::open] Opening DB connection: mysql:host=db;dbname=db;port=3306 {"memory":1101304} 
2026-04-30 10:43:02 [queue.INFO] [yii\web\Session::open] Session started {"memory":1536464} 
2026-04-30 10:43:02 [queue.INFO] [nystudio107\codeeditor\CodeEditor::bootstrap] CodeEditor module bootstrapped {"memory":1558224} 
2026-04-30 10:43:02 [queue.INFO] [adigital\cookieconsentbanner\CookieConsentBanner::init] Cookie Consent Banner plugin loaded {"memory":1774216} 
2026-04-30 10:43:02 [queue.INFO] [miranj\obfuscator\Obfuscator::init] Obfuscator plugin loaded {"memory":2734176} 
2026-04-30 10:43:02 [queue.INFO] [yii\db\Connection::open] Opening DB connection: mysql:host=db;dbname=db;port=3306 {"memory":3001296} 
2026-04-30 10:43:02 [queue.INFO] [craft\queue\QueueLogBehavior::beforeExec]  [40507] t9n:["app","Pruning extra revisions"] (attempt: 1, pid: 16674) - Started {"memory":3060048} 
2026-04-30 10:43:02 [queue.INFO] [craft\queue\QueueLogBehavior::afterExec]  [40507] t9n:["app","Pruning extra revisions"] (attempt: 1, pid: 16674) - Done (time: 0.008s) {"memory":3616872} 
2026-04-30 10:43:02 [queue.INFO] [application] Request context:
$_GET = [
    'p' => 'dW2axQ3b/actions/queue/run'
    'v' => '1777538582186'
]

$_POST = []

$_FILES = []

$_COOKIE = [
    'a8b7b1ec9ffb8baf2c6eaa253fe57112_username' => '26b9ec8568da68d3882e55afaa5d203483c6c5810ee05b5a55c8a0eb10cab93ea:2:{i:0;s:41:\"a8b7b1ec9ffb8baf2c6eaa253fe57112_username\";i:1;s:8:\"odegiuli\";}'
    'CraftSessionId' => 'd53e866d26bce875fb2884facc2d107e'
    'CRAFT_CSRF_TOKEN' => '••••••••••••••••••••••••••••••••••••••••••••••••••••••••••••••••••••••••••••••••••••••••••••••••••••••••••••••••••••••••••••••••••••••••••••••••••••••••••••••••••••••••••••••••••••••••••••••••••••••••••••••••••••••••••••••••••••••••••••••••••••••••••••••••••'
    'Craft-3626ffc1-d0a3-42e3-98aa-37e8aa759561_sidebar' => 'expanded'
    'cookieconsent_status' => 'dismiss'
    'Craft-3626ffc1-d0a3-42e3-98aa-37e8aa759561_sidebar-details' => 'expanded'
    'a8b7b1ec9ffb8baf2c6eaa253fe57112_identity' => '2ee63bec9c78b16cb52b6ff97233f3a03b82e66bcf4a25898f3cfa5b2b22da6ba:2:{i:0;s:41:\"a8b7b1ec9ffb8baf2c6eaa253fe57112_identity\";i:1;s:159:\"[1,\"[\\\"UrkbfhKiWjsY6RR3o2amMzH-bkXUYIGVFHW7CYAg9yt8FSPdbek0OuFnfjLETt7WF4FXkiJnsNQ1BXFFSpUfyKRsTAOTm2zEZRkh\\\",null,\\\"0ef01a0bceeac5b1d0a2b6557bd3d7b1\\\"]\",3600]\";}'
]

$_SESSION = [
    '22b6a59deafcfb2ffb13c3adf3d98a3b__auth_access' => [
        0 => 'previewElement:6476'
        1 => 'saveAssets:856a3aeb-b21b-4d41-af3f-0a23db430323'
        2 => 'previewDraft:904'
        3 => 'previewElement:8616'
        4 => 'previewDraft:905'
        5 => 'previewElement:7158'
        6 => 'previewDraft:906'
        7 => 'previewDraft:908'
        8 => 'previewElement:8689'
        9 => 'saveAssets:'
        10 => 'previewDraft:910'
        11 => 'saveAssets:1986f3e0-bf2e-4ccd-b34c-7ec2d979afdd'
        12 => 'previewDraft:912'
        13 => 'previewDraft:914'
        14 => 'previewDraft:916'
        15 => 'previewElement:7186'
        16 => 'previewDraft:918'
        17 => 'previewDraft:920'
        18 => 'previewDraft:922'
        19 => 'previewDraft:924'
        20 => 'previewDraft:926'
        21 => 'previewDraft:928'
        22 => 'manageNestedElements::8753::field:kacheln'
        23 => 'previewDraft:930'
        24 => 'manageNestedElements::8755::field:kacheln'
        25 => 'previewDraft:931'
        26 => 'previewDraft:934'
        27 => 'previewDraft:935'
        28 => 'previewDraft:936'
        29 => 'previewDraft:937'
        30 => 'previewDraft:938'
        31 => 'previewDraft:940'
        32 => 'previewDraft:942'
        33 => 'previewElement:8582'
        34 => 'previewDraft:944'
        35 => 'previewDraft:945'
        36 => 'previewDraft:947'
        37 => 'previewDraft:949'
        38 => 'previewDraft:951'
        39 => 'previewDraft:952'
        40 => 'previewDraft:954'
        41 => 'previewDraft:955'
        42 => 'previewDraft:956'
        43 => 'previewDraft:958'
        44 => 'previewDraft:959'
        45 => 'previewDraft:960'
        46 => 'previewDraft:962'
        47 => 'previewDraft:963'
        48 => 'previewDraft:964'
        49 => 'previewDraft:965'
        50 => 'manageNestedElements::8841::field:kacheln'
        51 => 'previewDraft:967'
        52 => 'manageNestedElements::8844::field:kacheln'
        53 => 'previewDraft:968'
        54 => 'previewDraft:969'
        55 => 'previewDraft:971'
        56 => 'previewDraft:972'
        57 => 'previewDraft:973'
        58 => 'previewDraft:975'
        59 => 'previewDraft:977'
        60 => 'previewDraft:979'
        61 => 'previewDraft:981'
        62 => 'previewDraft:983'
        63 => 'previewDraft:985'
        64 => 'previewDraft:987'
        65 => 'previewDraft:989'
    ]
    '22b6a59deafcfb2ffb13c3adf3d98a3b__flash' => []
    'a8b7b1ec9ffb8baf2c6eaa253fe57112__token' => '••••••••••••••••••••••••••••••••••••••••••••••••••••••••••••••••••••••••••••••••••••••••••••••••••••'
    'a8b7b1ec9ffb8baf2c6eaa253fe57112__id' => 1
    '__authKey' => '••••••••••••••••••••••••••••••••••••••••••••••••••••••••••••••••••••••••••••••••••••••••••••••••••••••••••••••••••••••••••••••••••••••••••••••••'
    'a8b7b1ec9ffb8baf2c6eaa253fe57112__expire' => 1777542182
    '__duration' => 3600
    '__elevated_timeout' => 1777538397
]

$_SERVER = [
    'DEPLOY_NAME' => 'local'
    'DDEV_WEBSERVER_TYPE' => 'nginx-fpm'
    'npm_config_cache' => '/mnt/ddev-global-cache/npm'
    'COREPACK_ENABLE_DOWNLOAD_PROMPT' => '0'
    'DDEV_GOOS' => 'darwin'
    'IS_DDEV_PROJECT' => 'true'
    'PHP_DEFAULT_VERSION' => '8.3'
    'HOSTNAME' => 'derschmuckmacher-v3-web'
    'MAILPIT_SMTP_PORT' => '1025'
    'MH_SMTP_BIND_ADDR' => '127.0.0.1:1025'
    'DDEV_PRIMARY_URL_WITHOUT_PORT' => 'https://derschmuckmacher-v3.ddev.site'
    'CRAFT_DB_PORT' => '3306'
    'SSH_AUTH_SOCK' => '/home/.ssh-agent/socket'
    'DDEV_GID' => '20'
    'NODE_EXTRA_CA_CERTS' => '/mnt/ddev-global-cache/mkcert/rootCA.pem'
    'DOCKER_IP' => '127.0.0.1'
    'PGPASSWORD' => 'db'
    'CRAFT_WEB_ROOT' => '/var/www/html/web'
    'DDEV_DOCROOT' => 'web'
    'PWD' => '/var/www/html'
    'PLATFORMSH_CLI_UPDATES_CHECK' => '0'
    'DDEV_APPROOT' => '/var/www/html'
    'DDEV_FILES_DIR' => ''
    'START_SCRIPT_TIMEOUT' => '57'
    'APACHE_SITE_TEMPLATE' => '/etc/apache2/apache-site.conf'
    'PHP_INI' => '/etc/php/8.2/fpm/php.ini'
    'DDEV_VERSION' => 'v1.24.10'
    'PRIMARY_SITE_URL' => 'https://derschmuckmacher-v3.ddev.site'
    'TZ' => 'Europe/Zurich'
    'DDEV_XHPROF_MODE' => 'prepend'
    'HTTPS_EXPOSE' => '443:80,8026:8025'
    'COREPACK_HOME' => '/mnt/ddev-global-cache/corepack'
    'CRAFT_DB_DATABASE' => 'db'
    'DDEV_PRIMARY_URL' => 'https://derschmuckmacher-v3.ddev.site'
    'LINES' => '17'
    'DDEV_SITENAME' => 'derschmuckmacher-v3'
    'HOME' => '/home/omar'
    'DRUSH_OPTIONS_URI' => 'https://derschmuckmacher-v3.ddev.site'
    'LANG' => 'C.UTF-8'
    'COLUMNS' => '371'
    'DDEV_MUTAGEN_ENABLED' => 'true'
    'DDEV_USER' => 'omar'
    'PGUSER' => 'db'
    'TERMINUS_CACHE_DIR' => '/mnt/ddev-global-cache/terminus/cache'
    'DDEV_PRIMARY_URL_PORT' => '443'
    'DDEV_ROUTER_HTTP_PORT' => '80'
    'MAILPIT_SMTP_HOSTNAME' => '127.0.0.1'
    'CRAFT_DB_DRIVER' => 'mysql'
    'COMPOSER_PROCESS_TIMEOUT' => '2000'
    'NGINX_SITE_TEMPLATE' => '/etc/nginx/nginx-site.conf'
    'DDEV_FILES_DIRS' => ''
    'CRAFT_DB_SERVER' => 'db'
    'HTTP_EXPOSE' => '80:80,8025:8025'
    'NVM_DIR' => '/home/omar/.nvm'
    'DDEV_PHP_VERSION' => '8.2'
    'DDEV_TLD' => 'ddev.site'
    'DDEV_HOSTNAME' => 'derschmuckmacher-v3.ddev.site'
    'DDEV_PROJECT' => 'derschmuckmacher-v3'
    'DDEV_GOARCH' => 'arm64'
    'VIRTUAL_HOST' => 'derschmuckmacher-v3.ddev.site'
    'TERM' => 'xterm'
    'USER' => 'omar'
    'MYSQL_HISTFILE' => '/mnt/ddev-global-cache/mysqlhistory/derschmuckmacher-v3-web/mysql_history'
    'DDEV_WEB_ENTRYPOINT' => '/mnt/ddev_config/web-entrypoint.d'
    'DDEV_UID' => '501'
    'CAROOT' => '/mnt/ddev-global-cache/mkcert'
    'SHLVL' => '1'
    'COMPOSER_ALLOW_SUPERUSER' => '1'
    'BASH_ENV' => '/etc/bash.nointeractive.bashrc'
    'DDEV_DATABASE' => 'mysql:8.0'
    'PGDATABASE' => 'db'
    'CRAFT_DB_USER' => 'db'
    'DDEV_SCHEME' => 'https'
    'XHPROF_OUTPUT_DIR' => '/tmp/xhprof'
    'COMPOSER_CACHE_DIR' => '/mnt/ddev-global-cache/composer'
    'DDEV_XDEBUG_ENABLED' => 'false'
    'DDEV_DATABASE_FAMILY' => 'mysql'
    'PGHOST' => 'db'
    'DDEV_COMPOSER_ROOT' => '/var/www/html'
    'CRAFT_DB_PASSWORD' => '••'
    'DOCROOT' => 'web'
    'TERMINUS_HIDE_UPDATE_MESSAGE' => '1'
    'PATH' => '/home/omar/bin:/var/www/html/vendor/bin:/usr/local/sbin:/usr/local/bin:/usr/sbin:/usr/bin:/sbin:/bin:/var/www/html/bin:/mnt/ddev-global-cache/global-commands/web'
    'HOST_DOCKER_INTERNAL_IP' => ''
    'DDEV_PROJECT_TYPE' => 'craftcms'
    'DEBIAN_FRONTEND' => 'noninteractive'
    'DDEV_ROUTER_HTTPS_PORT' => '443'
    'EXECIGNORE' => '/var/www/html/vendor/bin/composer'
    'SUPERVISOR_ENABLED' => '1'
    'SUPERVISOR_SERVER_URL' => 'unix:///var/run/supervisor.sock'
    'SUPERVISOR_PROCESS_NAME' => 'php-fpm'
    'SUPERVISOR_GROUP_NAME' => 'php-fpm'
    'HTTP_X_REQUESTED_WITH' => 'XMLHttpRequest'
    'HTTP_X_REGISTERED_JS_FILES' => ''
    'HTTP_X_REGISTERED_ASSET_BUNDLES' => '815d39ea,92d8701,22e517a2,aee7f8dc,26c46c25,e505ffd6,6b4d7555,bb2f10a0,e5e48399,fc0bc163,1ccab40d,1e21896b,54698ee0,b842675b,1c3c9add,4b1fd285,d8d08e47,8f00ce04,8768f48b,cf3018d6,ec6d0256,e7c1329,75f47f25'
    'HTTP_X_REAL_IP' => '172.18.0.1'
    'HTTP_X_FORWARDED_SERVER' => '21f32d6785eb'
    'HTTP_X_FORWARDED_PROTO' => 'https'
    'HTTP_X_FORWARDED_PORT' => '443'
    'HTTP_X_FORWARDED_HOST' => 'derschmuckmacher-v3.ddev.site'
    'HTTP_X_FORWARDED_FOR' => '172.18.0.1'
    'HTTP_X_CSRF_TOKEN' => '••••••••••••••••••••••••••••••••••••••••••••••••••••••••••••••••••••••••••••••••••••••••••••••••••••••••••••••••••••••••••••••••••••••••••••••••••••••••••••••••••••••••••••••••••••••••••••••••••••••••••••••••••••••••••••••••••••••••••••••••••••••••••••••••••••••••••••••••••••••••••••••••••••••••••••••••••••••••••••••••••••••••••••••••••••••••••••••••••••••••••••••••••••••••••••••••••••••••'
    'HTTP_TE' => 'trailers'
    'HTTP_SEC_GPC' => '1'
    'HTTP_SEC_FETCH_SITE' => 'same-origin'
    'HTTP_SEC_FETCH_MODE' => 'cors'
    'HTTP_SEC_FETCH_DEST' => 'empty'
    'HTTP_REFERER' => 'https://derschmuckmacher-v3.ddev.site/dW2axQ3b/content/entries/singles/8689-startseite'
    'HTTP_ORIGIN' => 'https://derschmuckmacher-v3.ddev.site'
    'HTTP_COOKIE' => 'a8b7b1ec9ffb8baf2c6eaa253fe57112_username=26b9ec8568da68d3882e55afaa5d203483c6c5810ee05b5a55c8a0eb10cab93ea%3A2%3A%7Bi%3A0%3Bs%3A41%3A%22a8b7b1ec9ffb8baf2c6eaa253fe57112_username%22%3Bi%3A1%3Bs%3A8%3A%22odegiuli%22%3B%7D; CraftSessionId=d53e866d26bce875fb2884facc2d107e; CRAFT_CSRF_TOKEN=8a7d40a44925cffa5c6231ed712693479ccbd90a53c648b39aebabcbcfb32970a%3A2%3A%7Bi%3A0%3Bs%3A16%3A%22CRAFT_CSRF_TOKEN%22%3Bi%3A1%3Bs%3A147%3A%229VVivECA_J8xrEtMk6R8TWeXsv9sDEqSlX1ewKI4%7Ccf1973dd801adeb03ddc8c2365188f3412c2b61f83f5364963d159f3811886a99VVivECA_J8xrEtMk6R8TWeXsv9sDEqSlX1ewKI4%7C1%22%3B%7D; Craft-3626ffc1-d0a3-42e3-98aa-37e8aa759561_sidebar=expanded; cookieconsent_status=dismiss; Craft-3626ffc1-d0a3-42e3-98aa-37e8aa759561_sidebar-details=expanded; a8b7b1ec9ffb8baf2c6eaa253fe57112_identity=2ee63bec9c78b16cb52b6ff97233f3a03b82e66bcf4a25898f3cfa5b2b22da6ba%3A2%3A%7Bi%3A0%3Bs%3A41%3A%22a8b7b1ec9ffb8baf2c6eaa253fe57112_identity%22%3Bi%3A1%3Bs%3A159%3A%22%5B1%2C%22%5B%5C%22UrkbfhKiWjsY6RR3o2amMzH-bkXUYIGVFHW7CYAg9yt8FSPdbek0OuFnfjLETt7WF4FXkiJnsNQ1BXFFSpUfyKRsTAOTm2zEZRkh%5C%22%2Cnull%2C%5C%220ef01a0bceeac5b1d0a2b6557bd3d7b1%5C%22%5D%22%2C3600%5D%22%3B%7D'
    'HTTP_ACCEPT_LANGUAGE' => 'de,en-US;q=0.9,en;q=0.8'
    'HTTP_ACCEPT_ENCODING' => 'gzip, deflate, br, zstd'
    'HTTP_ACCEPT' => 'application/json, text/plain, */*'
    'HTTP_CONTENT_LENGTH' => '0'
    'HTTP_USER_AGENT' => 'Mozilla/5.0 (Macintosh; Intel Mac OS X 10.15; rv:150.0) Gecko/20100101 Firefox/150.0'
    'HTTP_HOST' => 'derschmuckmacher-v3.ddev.site'
    'HTTPS' => 'on'
    'REDIRECT_STATUS' => '200'
    'SERVER_NAME' => 'derschmuckmacher-v3.ddev.site'
    'SERVER_PORT' => '80'
    'SERVER_ADDR' => '172.18.0.3'
    'REMOTE_PORT' => '40782'
    'REMOTE_ADDR' => '172.18.0.5'
    'SERVER_SOFTWARE' => 'nginx/1.28.0'
    'GATEWAY_INTERFACE' => 'CGI/1.1'
    'REQUEST_SCHEME' => 'http'
    'SERVER_PROTOCOL' => 'HTTP/1.1'
    'DOCUMENT_ROOT' => '/var/www/html/web'
    'DOCUMENT_URI' => '/index.php'
    'REQUEST_URI' => '/index.php?p=dW2axQ3b%2Factions%2Fqueue%2Frun&v=1777538582186'
    'CONTENT_LENGTH' => '0'
    'CONTENT_TYPE' => ''
    'REQUEST_METHOD' => 'POST'
    'QUERY_STRING' => 'p=dW2axQ3b%2Factions%2Fqueue%2Frun&v=1777538582186'
    'SCRIPT_NAME' => '/index.php'
    'SCRIPT_FILENAME' => '/var/www/html/web/index.php'
    'FCGI_ROLE' => 'RESPONDER'
    'PHP_SELF' => '/index.php'
    'REQUEST_TIME_FLOAT' => 1777538582.1882
    'REQUEST_TIME' => 1777538582
    'CRAFT_APP_ID' => 'CraftCMS--3933bc78-29f5-4b79-bcc5-c31faf0fcd20'
    'CRAFT_ENVIRONMENT' => 'dev'
    'ENVIRONMENT' => 'dev'
    'CRAFT_SECURITY_KEY' => '••••••••••••••••••••••••••••••••'
    'CP_TRIGGER' => 'dW2axQ3b'
    'CRAFT_DB_SCHEMA' => 'public'
    'CRAFT_DB_TABLE_PREFIX' => ''
    'DEV_MODE' => 'true'
    'ALLOW_ADMIN_CHANGES' => 'true'
    'DISALLOW_ROBOTS' => 'true'
    'TIMEZONE' => 'Europe/Zurich'
    'CAPTCHA_SITE_KEY' => '••••••••••••••••••••••••••••••••••••••••'
    'CAPTCHA_SECRET_KEY' => '••••••••••••••••••••••••••••••••••••••••'
    'WEB_URL' => 'https://derschmuckmacher-v3.ddev.site'
    'WEB_ROOT' => '/var/www/html/web'
    'ASSETS_BASE_URL' => 'https://derschmuckmacher-v3.ddev.site/public'
    'ASSETS_BASE_PATH' => '/var/www/html/web/public'
    'SCHMUCK_BASE_URL' => 'https://derschmuckmacher-v3.ddev.site/public/uploads/schmuck'
    'SCHMUCK_BASE_PATH' => '/var/www/html/web/public/uploads/schmuck'
    'BILDER_BASE_URL' => 'https://derschmuckmacher-v3.ddev.site/public/uploads/bilder'
    'BILDER_BASE_PATH' => '/var/www/html/web/public/uploads/bilder'
] {"environment":"dev","userId":1} 
2026-04-30 10:44:06 [queue.INFO] [yii\db\Connection::open] Opening DB connection: mysql:host=db;dbname=db;port=3306 {"memory":1101208} 
2026-04-30 10:44:06 [queue.INFO] [yii\web\Session::open] Session started {"memory":1536320} 
2026-04-30 10:44:06 [queue.INFO] [nystudio107\codeeditor\CodeEditor::bootstrap] CodeEditor module bootstrapped {"memory":1558080} 
2026-04-30 10:44:06 [queue.INFO] [adigital\cookieconsentbanner\CookieConsentBanner::init] Cookie Consent Banner plugin loaded {"memory":1773968} 
2026-04-30 10:44:06 [queue.INFO] [miranj\obfuscator\Obfuscator::init] Obfuscator plugin loaded {"memory":2733928} 
2026-04-30 10:44:06 [queue.INFO] [yii\db\Connection::open] Opening DB connection: mysql:host=db;dbname=db;port=3306 {"memory":3001048} 
2026-04-30 10:44:06 [queue.INFO] [craft\queue\QueueLogBehavior::beforeExec]  [40508] t9n:["app","Pruning extra revisions"] (attempt: 1, pid: 17119) - Started {"memory":3059800} 
2026-04-30 10:44:06 [queue.INFO] [craft\queue\QueueLogBehavior::afterExec]  [40508] t9n:["app","Pruning extra revisions"] (attempt: 1, pid: 17119) - Done (time: 0.008s) {"memory":3616624} 
2026-04-30 10:44:06 [queue.INFO] [application] Request context:
$_GET = [
    'p' => 'dW2axQ3b/actions/queue/run'
    'v' => '1777538646627'
]

$_POST = []

$_FILES = []

$_COOKIE = [
    'a8b7b1ec9ffb8baf2c6eaa253fe57112_username' => '26b9ec8568da68d3882e55afaa5d203483c6c5810ee05b5a55c8a0eb10cab93ea:2:{i:0;s:41:\"a8b7b1ec9ffb8baf2c6eaa253fe57112_username\";i:1;s:8:\"odegiuli\";}'
    'CraftSessionId' => 'd53e866d26bce875fb2884facc2d107e'
    'CRAFT_CSRF_TOKEN' => '••••••••••••••••••••••••••••••••••••••••••••••••••••••••••••••••••••••••••••••••••••••••••••••••••••••••••••••••••••••••••••••••••••••••••••••••••••••••••••••••••••••••••••••••••••••••••••••••••••••••••••••••••••••••••••••••••••••••••••••••••••••••••••••••••'
    'Craft-3626ffc1-d0a3-42e3-98aa-37e8aa759561_sidebar' => 'expanded'
    'cookieconsent_status' => 'dismiss'
    'Craft-3626ffc1-d0a3-42e3-98aa-37e8aa759561_sidebar-details' => 'expanded'
    'a8b7b1ec9ffb8baf2c6eaa253fe57112_identity' => '2ee63bec9c78b16cb52b6ff97233f3a03b82e66bcf4a25898f3cfa5b2b22da6ba:2:{i:0;s:41:\"a8b7b1ec9ffb8baf2c6eaa253fe57112_identity\";i:1;s:159:\"[1,\"[\\\"UrkbfhKiWjsY6RR3o2amMzH-bkXUYIGVFHW7CYAg9yt8FSPdbek0OuFnfjLETt7WF4FXkiJnsNQ1BXFFSpUfyKRsTAOTm2zEZRkh\\\",null,\\\"0ef01a0bceeac5b1d0a2b6557bd3d7b1\\\"]\",3600]\";}'
]

$_SESSION = [
    '22b6a59deafcfb2ffb13c3adf3d98a3b__auth_access' => [
        0 => 'previewElement:6476'
        1 => 'saveAssets:856a3aeb-b21b-4d41-af3f-0a23db430323'
        2 => 'previewDraft:904'
        3 => 'previewElement:8616'
        4 => 'previewDraft:905'
        5 => 'previewElement:7158'
        6 => 'previewDraft:906'
        7 => 'previewDraft:908'
        8 => 'previewElement:8689'
        9 => 'saveAssets:'
        10 => 'previewDraft:910'
        11 => 'saveAssets:1986f3e0-bf2e-4ccd-b34c-7ec2d979afdd'
        12 => 'previewDraft:912'
        13 => 'previewDraft:914'
        14 => 'previewDraft:916'
        15 => 'previewElement:7186'
        16 => 'previewDraft:918'
        17 => 'previewDraft:920'
        18 => 'previewDraft:922'
        19 => 'previewDraft:924'
        20 => 'previewDraft:926'
        21 => 'previewDraft:928'
        22 => 'manageNestedElements::8753::field:kacheln'
        23 => 'previewDraft:930'
        24 => 'manageNestedElements::8755::field:kacheln'
        25 => 'previewDraft:931'
        26 => 'previewDraft:934'
        27 => 'previewDraft:935'
        28 => 'previewDraft:936'
        29 => 'previewDraft:937'
        30 => 'previewDraft:938'
        31 => 'previewDraft:940'
        32 => 'previewDraft:942'
        33 => 'previewElement:8582'
        34 => 'previewDraft:944'
        35 => 'previewDraft:945'
        36 => 'previewDraft:947'
        37 => 'previewDraft:949'
        38 => 'previewDraft:951'
        39 => 'previewDraft:952'
        40 => 'previewDraft:954'
        41 => 'previewDraft:955'
        42 => 'previewDraft:956'
        43 => 'previewDraft:958'
        44 => 'previewDraft:959'
        45 => 'previewDraft:960'
        46 => 'previewDraft:962'
        47 => 'previewDraft:963'
        48 => 'previewDraft:964'
        49 => 'previewDraft:965'
        50 => 'manageNestedElements::8841::field:kacheln'
        51 => 'previewDraft:967'
        52 => 'manageNestedElements::8844::field:kacheln'
        53 => 'previewDraft:968'
        54 => 'previewDraft:969'
        55 => 'previewDraft:971'
        56 => 'previewDraft:972'
        57 => 'previewDraft:973'
        58 => 'previewDraft:975'
        59 => 'previewDraft:977'
        60 => 'previewDraft:979'
        61 => 'previewDraft:981'
        62 => 'previewDraft:983'
        63 => 'previewDraft:985'
        64 => 'previewDraft:987'
        65 => 'previewDraft:989'
    ]
    '22b6a59deafcfb2ffb13c3adf3d98a3b__flash' => []
    'a8b7b1ec9ffb8baf2c6eaa253fe57112__token' => '••••••••••••••••••••••••••••••••••••••••••••••••••••••••••••••••••••••••••••••••••••••••••••••••••••'
    'a8b7b1ec9ffb8baf2c6eaa253fe57112__id' => 1
    '__authKey' => '••••••••••••••••••••••••••••••••••••••••••••••••••••••••••••••••••••••••••••••••••••••••••••••••••••••••••••••••••••••••••••••••••••••••••••••••'
    'a8b7b1ec9ffb8baf2c6eaa253fe57112__expire' => 1777542246
    '__duration' => 3600
    '__elevated_timeout' => 1777538397
]

$_SERVER = [
    'DEPLOY_NAME' => 'local'
    'DDEV_WEBSERVER_TYPE' => 'nginx-fpm'
    'npm_config_cache' => '/mnt/ddev-global-cache/npm'
    'COREPACK_ENABLE_DOWNLOAD_PROMPT' => '0'
    'DDEV_GOOS' => 'darwin'
    'IS_DDEV_PROJECT' => 'true'
    'PHP_DEFAULT_VERSION' => '8.3'
    'HOSTNAME' => 'derschmuckmacher-v3-web'
    'MAILPIT_SMTP_PORT' => '1025'
    'MH_SMTP_BIND_ADDR' => '127.0.0.1:1025'
    'DDEV_PRIMARY_URL_WITHOUT_PORT' => 'https://derschmuckmacher-v3.ddev.site'
    'CRAFT_DB_PORT' => '3306'
    'SSH_AUTH_SOCK' => '/home/.ssh-agent/socket'
    'DDEV_GID' => '20'
    'NODE_EXTRA_CA_CERTS' => '/mnt/ddev-global-cache/mkcert/rootCA.pem'
    'DOCKER_IP' => '127.0.0.1'
    'PGPASSWORD' => 'db'
    'CRAFT_WEB_ROOT' => '/var/www/html/web'
    'DDEV_DOCROOT' => 'web'
    'PWD' => '/var/www/html'
    'PLATFORMSH_CLI_UPDATES_CHECK' => '0'
    'DDEV_APPROOT' => '/var/www/html'
    'DDEV_FILES_DIR' => ''
    'START_SCRIPT_TIMEOUT' => '57'
    'APACHE_SITE_TEMPLATE' => '/etc/apache2/apache-site.conf'
    'PHP_INI' => '/etc/php/8.2/fpm/php.ini'
    'DDEV_VERSION' => 'v1.24.10'
    'PRIMARY_SITE_URL' => 'https://derschmuckmacher-v3.ddev.site'
    'TZ' => 'Europe/Zurich'
    'DDEV_XHPROF_MODE' => 'prepend'
    'HTTPS_EXPOSE' => '443:80,8026:8025'
    'COREPACK_HOME' => '/mnt/ddev-global-cache/corepack'
    'CRAFT_DB_DATABASE' => 'db'
    'DDEV_PRIMARY_URL' => 'https://derschmuckmacher-v3.ddev.site'
    'LINES' => '17'
    'DDEV_SITENAME' => 'derschmuckmacher-v3'
    'HOME' => '/home/omar'
    'DRUSH_OPTIONS_URI' => 'https://derschmuckmacher-v3.ddev.site'
    'LANG' => 'C.UTF-8'
    'COLUMNS' => '371'
    'DDEV_MUTAGEN_ENABLED' => 'true'
    'DDEV_USER' => 'omar'
    'PGUSER' => 'db'
    'TERMINUS_CACHE_DIR' => '/mnt/ddev-global-cache/terminus/cache'
    'DDEV_PRIMARY_URL_PORT' => '443'
    'DDEV_ROUTER_HTTP_PORT' => '80'
    'MAILPIT_SMTP_HOSTNAME' => '127.0.0.1'
    'CRAFT_DB_DRIVER' => 'mysql'
    'COMPOSER_PROCESS_TIMEOUT' => '2000'
    'NGINX_SITE_TEMPLATE' => '/etc/nginx/nginx-site.conf'
    'DDEV_FILES_DIRS' => ''
    'CRAFT_DB_SERVER' => 'db'
    'HTTP_EXPOSE' => '80:80,8025:8025'
    'NVM_DIR' => '/home/omar/.nvm'
    'DDEV_PHP_VERSION' => '8.2'
    'DDEV_TLD' => 'ddev.site'
    'DDEV_HOSTNAME' => 'derschmuckmacher-v3.ddev.site'
    'DDEV_PROJECT' => 'derschmuckmacher-v3'
    'DDEV_GOARCH' => 'arm64'
    'VIRTUAL_HOST' => 'derschmuckmacher-v3.ddev.site'
    'TERM' => 'xterm'
    'USER' => 'omar'
    'MYSQL_HISTFILE' => '/mnt/ddev-global-cache/mysqlhistory/derschmuckmacher-v3-web/mysql_history'
    'DDEV_WEB_ENTRYPOINT' => '/mnt/ddev_config/web-entrypoint.d'
    'DDEV_UID' => '501'
    'CAROOT' => '/mnt/ddev-global-cache/mkcert'
    'SHLVL' => '1'
    'COMPOSER_ALLOW_SUPERUSER' => '1'
    'BASH_ENV' => '/etc/bash.nointeractive.bashrc'
    'DDEV_DATABASE' => 'mysql:8.0'
    'PGDATABASE' => 'db'
    'CRAFT_DB_USER' => 'db'
    'DDEV_SCHEME' => 'https'
    'XHPROF_OUTPUT_DIR' => '/tmp/xhprof'
    'COMPOSER_CACHE_DIR' => '/mnt/ddev-global-cache/composer'
    'DDEV_XDEBUG_ENABLED' => 'false'
    'DDEV_DATABASE_FAMILY' => 'mysql'
    'PGHOST' => 'db'
    'DDEV_COMPOSER_ROOT' => '/var/www/html'
    'CRAFT_DB_PASSWORD' => '••'
    'DOCROOT' => 'web'
    'TERMINUS_HIDE_UPDATE_MESSAGE' => '1'
    'PATH' => '/home/omar/bin:/var/www/html/vendor/bin:/usr/local/sbin:/usr/local/bin:/usr/sbin:/usr/bin:/sbin:/bin:/var/www/html/bin:/mnt/ddev-global-cache/global-commands/web'
    'HOST_DOCKER_INTERNAL_IP' => ''
    'DDEV_PROJECT_TYPE' => 'craftcms'
    'DEBIAN_FRONTEND' => 'noninteractive'
    'DDEV_ROUTER_HTTPS_PORT' => '443'
    'EXECIGNORE' => '/var/www/html/vendor/bin/composer'
    'SUPERVISOR_ENABLED' => '1'
    'SUPERVISOR_SERVER_URL' => 'unix:///var/run/supervisor.sock'
    'SUPERVISOR_PROCESS_NAME' => 'php-fpm'
    'SUPERVISOR_GROUP_NAME' => 'php-fpm'
    'HTTP_X_REQUESTED_WITH' => 'XMLHttpRequest'
    'HTTP_X_REGISTERED_JS_FILES' => ''
    'HTTP_X_REGISTERED_ASSET_BUNDLES' => '22e517a2,aee7f8dc,26c46c25,e505ffd6,6b4d7555,bb2f10a0,e5e48399,815d39ea,fc0bc163,1ccab40d,1e21896b,54698ee0,b842675b,1c3c9add,4b1fd285,d8d08e47,8f00ce04,8768f48b,cf3018d6,ec6d0256'
    'HTTP_X_REAL_IP' => '172.18.0.1'
    'HTTP_X_FORWARDED_SERVER' => '21f32d6785eb'
    'HTTP_X_FORWARDED_PROTO' => 'https'
    'HTTP_X_FORWARDED_PORT' => '443'
    'HTTP_X_FORWARDED_HOST' => 'derschmuckmacher-v3.ddev.site'
    'HTTP_X_FORWARDED_FOR' => '172.18.0.1'
    'HTTP_X_CSRF_TOKEN' => '••••••••••••••••••••••••••••••••••••••••••••••••••••••••••••••••••••••••••••••••••••••••••••••••••••••••••••••••••••••••••••••••••••••••••••••••••••••••••••••••••••••••••••••••••••••••••••••••••••••••••••••••••••••••••••••••••••••••••••••••••••••••••••••••••••••••••••••••••••••••••••••••••••••••••••••••••••••••••••••••••••••••••••••••••••••••••••••••••••••••••••••••••••••••••••••••••••••••'
    'HTTP_TE' => 'trailers'
    'HTTP_SEC_GPC' => '1'
    'HTTP_SEC_FETCH_SITE' => 'same-origin'
    'HTTP_SEC_FETCH_MODE' => 'cors'
    'HTTP_SEC_FETCH_DEST' => 'empty'
    'HTTP_REFERER' => 'https://derschmuckmacher-v3.ddev.site/dW2axQ3b/content/entries'
    'HTTP_ORIGIN' => 'https://derschmuckmacher-v3.ddev.site'
    'HTTP_COOKIE' => 'a8b7b1ec9ffb8baf2c6eaa253fe57112_username=26b9ec8568da68d3882e55afaa5d203483c6c5810ee05b5a55c8a0eb10cab93ea%3A2%3A%7Bi%3A0%3Bs%3A41%3A%22a8b7b1ec9ffb8baf2c6eaa253fe57112_username%22%3Bi%3A1%3Bs%3A8%3A%22odegiuli%22%3B%7D; CraftSessionId=d53e866d26bce875fb2884facc2d107e; CRAFT_CSRF_TOKEN=8a7d40a44925cffa5c6231ed712693479ccbd90a53c648b39aebabcbcfb32970a%3A2%3A%7Bi%3A0%3Bs%3A16%3A%22CRAFT_CSRF_TOKEN%22%3Bi%3A1%3Bs%3A147%3A%229VVivECA_J8xrEtMk6R8TWeXsv9sDEqSlX1ewKI4%7Ccf1973dd801adeb03ddc8c2365188f3412c2b61f83f5364963d159f3811886a99VVivECA_J8xrEtMk6R8TWeXsv9sDEqSlX1ewKI4%7C1%22%3B%7D; Craft-3626ffc1-d0a3-42e3-98aa-37e8aa759561_sidebar=expanded; cookieconsent_status=dismiss; Craft-3626ffc1-d0a3-42e3-98aa-37e8aa759561_sidebar-details=expanded; a8b7b1ec9ffb8baf2c6eaa253fe57112_identity=2ee63bec9c78b16cb52b6ff97233f3a03b82e66bcf4a25898f3cfa5b2b22da6ba%3A2%3A%7Bi%3A0%3Bs%3A41%3A%22a8b7b1ec9ffb8baf2c6eaa253fe57112_identity%22%3Bi%3A1%3Bs%3A159%3A%22%5B1%2C%22%5B%5C%22UrkbfhKiWjsY6RR3o2amMzH-bkXUYIGVFHW7CYAg9yt8FSPdbek0OuFnfjLETt7WF4FXkiJnsNQ1BXFFSpUfyKRsTAOTm2zEZRkh%5C%22%2Cnull%2C%5C%220ef01a0bceeac5b1d0a2b6557bd3d7b1%5C%22%5D%22%2C3600%5D%22%3B%7D'
    'HTTP_ACCEPT_LANGUAGE' => 'de,en-US;q=0.9,en;q=0.8'
    'HTTP_ACCEPT_ENCODING' => 'gzip, deflate, br, zstd'
    'HTTP_ACCEPT' => 'application/json, text/plain, */*'
    'HTTP_CONTENT_LENGTH' => '0'
    'HTTP_USER_AGENT' => 'Mozilla/5.0 (Macintosh; Intel Mac OS X 10.15; rv:150.0) Gecko/20100101 Firefox/150.0'
    'HTTP_HOST' => 'derschmuckmacher-v3.ddev.site'
    'HTTPS' => 'on'
    'REDIRECT_STATUS' => '200'
    'SERVER_NAME' => 'derschmuckmacher-v3.ddev.site'
    'SERVER_PORT' => '80'
    'SERVER_ADDR' => '172.18.0.3'
    'REMOTE_PORT' => '54832'
    'REMOTE_ADDR' => '172.18.0.5'
    'SERVER_SOFTWARE' => 'nginx/1.28.0'
    'GATEWAY_INTERFACE' => 'CGI/1.1'
    'REQUEST_SCHEME' => 'http'
    'SERVER_PROTOCOL' => 'HTTP/1.1'
    'DOCUMENT_ROOT' => '/var/www/html/web'
    'DOCUMENT_URI' => '/index.php'
    'REQUEST_URI' => '/index.php?p=dW2axQ3b%2Factions%2Fqueue%2Frun&v=1777538646627'
    'CONTENT_LENGTH' => '0'
    'CONTENT_TYPE' => ''
    'REQUEST_METHOD' => 'POST'
    'QUERY_STRING' => 'p=dW2axQ3b%2Factions%2Fqueue%2Frun&v=1777538646627'
    'SCRIPT_NAME' => '/index.php'
    'SCRIPT_FILENAME' => '/var/www/html/web/index.php'
    'FCGI_ROLE' => 'RESPONDER'
    'PHP_SELF' => '/index.php'
    'REQUEST_TIME_FLOAT' => 1777538646.6307
    'REQUEST_TIME' => 1777538646
    'CRAFT_APP_ID' => 'CraftCMS--3933bc78-29f5-4b79-bcc5-c31faf0fcd20'
    'CRAFT_ENVIRONMENT' => 'dev'
    'ENVIRONMENT' => 'dev'
    'CRAFT_SECURITY_KEY' => '••••••••••••••••••••••••••••••••'
    'CP_TRIGGER' => 'dW2axQ3b'
    'CRAFT_DB_SCHEMA' => 'public'
    'CRAFT_DB_TABLE_PREFIX' => ''
    'DEV_MODE' => 'true'
    'ALLOW_ADMIN_CHANGES' => 'true'
    'DISALLOW_ROBOTS' => 'true'
    'TIMEZONE' => 'Europe/Zurich'
    'CAPTCHA_SITE_KEY' => '••••••••••••••••••••••••••••••••••••••••'
    'CAPTCHA_SECRET_KEY' => '••••••••••••••••••••••••••••••••••••••••'
    'WEB_URL' => 'https://derschmuckmacher-v3.ddev.site'
    'WEB_ROOT' => '/var/www/html/web'
    'ASSETS_BASE_URL' => 'https://derschmuckmacher-v3.ddev.site/public'
    'ASSETS_BASE_PATH' => '/var/www/html/web/public'
    'SCHMUCK_BASE_URL' => 'https://derschmuckmacher-v3.ddev.site/public/uploads/schmuck'
    'SCHMUCK_BASE_PATH' => '/var/www/html/web/public/uploads/schmuck'
    'BILDER_BASE_URL' => 'https://derschmuckmacher-v3.ddev.site/public/uploads/bilder'
    'BILDER_BASE_PATH' => '/var/www/html/web/public/uploads/bilder'
] {"environment":"dev","userId":1} 
2026-04-30 10:45:08 [queue.INFO] [yii\db\Connection::open] Opening DB connection: mysql:host=db;dbname=db;port=3306 {"memory":1101304} 
2026-04-30 10:45:08 [queue.INFO] [yii\web\Session::open] Session started {"memory":1536464} 
2026-04-30 10:45:08 [queue.INFO] [nystudio107\codeeditor\CodeEditor::bootstrap] CodeEditor module bootstrapped {"memory":1558224} 
2026-04-30 10:45:08 [queue.INFO] [adigital\cookieconsentbanner\CookieConsentBanner::init] Cookie Consent Banner plugin loaded {"memory":1774216} 
2026-04-30 10:45:08 [queue.INFO] [miranj\obfuscator\Obfuscator::init] Obfuscator plugin loaded {"memory":2734176} 
2026-04-30 10:45:08 [queue.INFO] [yii\db\Connection::open] Opening DB connection: mysql:host=db;dbname=db;port=3306 {"memory":3001296} 
2026-04-30 10:45:08 [queue.INFO] [craft\queue\QueueLogBehavior::beforeExec]  [40509] t9n:["app","Generating image transform for {file}",{"file":"Schmuckstücke-Home.jpg"}] (attempt: 1, pid: 17119) - Started {"memory":3059632} 
2026-04-30 10:45:08 [queue.INFO] [craft\queue\QueueLogBehavior::afterExec]  [40509] t9n:["app","Generating image transform for {file}",{"file":"Schmuckstücke-Home.jpg"}] (attempt: 1, pid: 17119) - Done (time: 0.000s) {"memory":3066944} 
2026-04-30 10:45:08 [queue.INFO] [craft\queue\QueueLogBehavior::beforeExec]  [40510] t9n:["app","Generating image transform for {file}",{"file":"Schmuckstücke-Home.jpg"}] (attempt: 1, pid: 17119) - Started {"memory":3080560} 
2026-04-30 10:45:08 [queue.INFO] [craft\queue\QueueLogBehavior::afterExec]  [40510] t9n:["app","Generating image transform for {file}",{"file":"Schmuckstücke-Home.jpg"}] (attempt: 1, pid: 17119) - Done (time: 0.012s) {"memory":3272672} 
2026-04-30 10:45:08 [queue.INFO] [craft\queue\QueueLogBehavior::beforeExec]  [40511] t9n:["app","Pruning extra revisions"] (attempt: 1, pid: 17119) - Started {"memory":3281024} 
2026-04-30 10:45:08 [queue.INFO] [craft\queue\QueueLogBehavior::afterExec]  [40511] t9n:["app","Pruning extra revisions"] (attempt: 1, pid: 17119) - Done (time: 0.007s) {"memory":3889080} 
2026-04-30 10:45:08 [queue.INFO] [application] Request context:
$_GET = [
    'p' => 'dW2axQ3b/actions/queue/run'
    'v' => '1777538707973'
]

$_POST = []

$_FILES = []

$_COOKIE = [
    'a8b7b1ec9ffb8baf2c6eaa253fe57112_username' => '26b9ec8568da68d3882e55afaa5d203483c6c5810ee05b5a55c8a0eb10cab93ea:2:{i:0;s:41:\"a8b7b1ec9ffb8baf2c6eaa253fe57112_username\";i:1;s:8:\"odegiuli\";}'
    'CraftSessionId' => 'd53e866d26bce875fb2884facc2d107e'
    'CRAFT_CSRF_TOKEN' => '••••••••••••••••••••••••••••••••••••••••••••••••••••••••••••••••••••••••••••••••••••••••••••••••••••••••••••••••••••••••••••••••••••••••••••••••••••••••••••••••••••••••••••••••••••••••••••••••••••••••••••••••••••••••••••••••••••••••••••••••••••••••••••••••••'
    'Craft-3626ffc1-d0a3-42e3-98aa-37e8aa759561_sidebar' => 'expanded'
    'cookieconsent_status' => 'dismiss'
    'Craft-3626ffc1-d0a3-42e3-98aa-37e8aa759561_sidebar-details' => 'expanded'
    'a8b7b1ec9ffb8baf2c6eaa253fe57112_identity' => '2ee63bec9c78b16cb52b6ff97233f3a03b82e66bcf4a25898f3cfa5b2b22da6ba:2:{i:0;s:41:\"a8b7b1ec9ffb8baf2c6eaa253fe57112_identity\";i:1;s:159:\"[1,\"[\\\"UrkbfhKiWjsY6RR3o2amMzH-bkXUYIGVFHW7CYAg9yt8FSPdbek0OuFnfjLETt7WF4FXkiJnsNQ1BXFFSpUfyKRsTAOTm2zEZRkh\\\",null,\\\"0ef01a0bceeac5b1d0a2b6557bd3d7b1\\\"]\",3600]\";}'
]

$_SESSION = [
    '22b6a59deafcfb2ffb13c3adf3d98a3b__auth_access' => [
        0 => 'previewElement:6476'
        1 => 'saveAssets:856a3aeb-b21b-4d41-af3f-0a23db430323'
        2 => 'previewDraft:904'
        3 => 'previewElement:8616'
        4 => 'previewDraft:905'
        5 => 'previewElement:7158'
        6 => 'previewDraft:906'
        7 => 'previewDraft:908'
        8 => 'previewElement:8689'
        9 => 'saveAssets:'
        10 => 'previewDraft:910'
        11 => 'saveAssets:1986f3e0-bf2e-4ccd-b34c-7ec2d979afdd'
        12 => 'previewDraft:912'
        13 => 'previewDraft:914'
        14 => 'previewDraft:916'
        15 => 'previewElement:7186'
        16 => 'previewDraft:918'
        17 => 'previewDraft:920'
        18 => 'previewDraft:922'
        19 => 'previewDraft:924'
        20 => 'previewDraft:926'
        21 => 'previewDraft:928'
        22 => 'manageNestedElements::8753::field:kacheln'
        23 => 'previewDraft:930'
        24 => 'manageNestedElements::8755::field:kacheln'
        25 => 'previewDraft:931'
        26 => 'previewDraft:934'
        27 => 'previewDraft:935'
        28 => 'previewDraft:936'
        29 => 'previewDraft:937'
        30 => 'previewDraft:938'
        31 => 'previewDraft:940'
        32 => 'previewDraft:942'
        33 => 'previewElement:8582'
        34 => 'previewDraft:944'
        35 => 'previewDraft:945'
        36 => 'previewDraft:947'
        37 => 'previewDraft:949'
        38 => 'previewDraft:951'
        39 => 'previewDraft:952'
        40 => 'previewDraft:954'
        41 => 'previewDraft:955'
        42 => 'previewDraft:956'
        43 => 'previewDraft:958'
        44 => 'previewDraft:959'
        45 => 'previewDraft:960'
        46 => 'previewDraft:962'
        47 => 'previewDraft:963'
        48 => 'previewDraft:964'
        49 => 'previewDraft:965'
        50 => 'manageNestedElements::8841::field:kacheln'
        51 => 'previewDraft:967'
        52 => 'manageNestedElements::8844::field:kacheln'
        53 => 'previewDraft:968'
        54 => 'previewDraft:969'
        55 => 'previewDraft:971'
        56 => 'previewDraft:972'
        57 => 'previewDraft:973'
        58 => 'previewDraft:975'
        59 => 'previewDraft:977'
        60 => 'previewDraft:979'
        61 => 'previewDraft:981'
        62 => 'previewDraft:983'
        63 => 'previewDraft:985'
        64 => 'previewDraft:987'
        65 => 'previewDraft:989'
    ]
    '22b6a59deafcfb2ffb13c3adf3d98a3b__flash' => []
    'a8b7b1ec9ffb8baf2c6eaa253fe57112__token' => '••••••••••••••••••••••••••••••••••••••••••••••••••••••••••••••••••••••••••••••••••••••••••••••••••••'
    'a8b7b1ec9ffb8baf2c6eaa253fe57112__id' => 1
    '__authKey' => '••••••••••••••••••••••••••••••••••••••••••••••••••••••••••••••••••••••••••••••••••••••••••••••••••••••••••••••••••••••••••••••••••••••••••••••••'
    'a8b7b1ec9ffb8baf2c6eaa253fe57112__expire' => 1777542308
    '__duration' => 3600
    '__elevated_timeout' => 1777538397
]

$_SERVER = [
    'DEPLOY_NAME' => 'local'
    'DDEV_WEBSERVER_TYPE' => 'nginx-fpm'
    'npm_config_cache' => '/mnt/ddev-global-cache/npm'
    'COREPACK_ENABLE_DOWNLOAD_PROMPT' => '0'
    'DDEV_GOOS' => 'darwin'
    'IS_DDEV_PROJECT' => 'true'
    'PHP_DEFAULT_VERSION' => '8.3'
    'HOSTNAME' => 'derschmuckmacher-v3-web'
    'MAILPIT_SMTP_PORT' => '1025'
    'MH_SMTP_BIND_ADDR' => '127.0.0.1:1025'
    'DDEV_PRIMARY_URL_WITHOUT_PORT' => 'https://derschmuckmacher-v3.ddev.site'
    'CRAFT_DB_PORT' => '3306'
    'SSH_AUTH_SOCK' => '/home/.ssh-agent/socket'
    'DDEV_GID' => '20'
    'NODE_EXTRA_CA_CERTS' => '/mnt/ddev-global-cache/mkcert/rootCA.pem'
    'DOCKER_IP' => '127.0.0.1'
    'PGPASSWORD' => 'db'
    'CRAFT_WEB_ROOT' => '/var/www/html/web'
    'DDEV_DOCROOT' => 'web'
    'PWD' => '/var/www/html'
    'PLATFORMSH_CLI_UPDATES_CHECK' => '0'
    'DDEV_APPROOT' => '/var/www/html'
    'DDEV_FILES_DIR' => ''
    'START_SCRIPT_TIMEOUT' => '57'
    'APACHE_SITE_TEMPLATE' => '/etc/apache2/apache-site.conf'
    'PHP_INI' => '/etc/php/8.2/fpm/php.ini'
    'DDEV_VERSION' => 'v1.24.10'
    'PRIMARY_SITE_URL' => 'https://derschmuckmacher-v3.ddev.site'
    'TZ' => 'Europe/Zurich'
    'DDEV_XHPROF_MODE' => 'prepend'
    'HTTPS_EXPOSE' => '443:80,8026:8025'
    'COREPACK_HOME' => '/mnt/ddev-global-cache/corepack'
    'CRAFT_DB_DATABASE' => 'db'
    'DDEV_PRIMARY_URL' => 'https://derschmuckmacher-v3.ddev.site'
    'LINES' => '17'
    'DDEV_SITENAME' => 'derschmuckmacher-v3'
    'HOME' => '/home/omar'
    'DRUSH_OPTIONS_URI' => 'https://derschmuckmacher-v3.ddev.site'
    'LANG' => 'C.UTF-8'
    'COLUMNS' => '371'
    'DDEV_MUTAGEN_ENABLED' => 'true'
    'DDEV_USER' => 'omar'
    'PGUSER' => 'db'
    'TERMINUS_CACHE_DIR' => '/mnt/ddev-global-cache/terminus/cache'
    'DDEV_PRIMARY_URL_PORT' => '443'
    'DDEV_ROUTER_HTTP_PORT' => '80'
    'MAILPIT_SMTP_HOSTNAME' => '127.0.0.1'
    'CRAFT_DB_DRIVER' => 'mysql'
    'COMPOSER_PROCESS_TIMEOUT' => '2000'
    'NGINX_SITE_TEMPLATE' => '/etc/nginx/nginx-site.conf'
    'DDEV_FILES_DIRS' => ''
    'CRAFT_DB_SERVER' => 'db'
    'HTTP_EXPOSE' => '80:80,8025:8025'
    'NVM_DIR' => '/home/omar/.nvm'
    'DDEV_PHP_VERSION' => '8.2'
    'DDEV_TLD' => 'ddev.site'
    'DDEV_HOSTNAME' => 'derschmuckmacher-v3.ddev.site'
    'DDEV_PROJECT' => 'derschmuckmacher-v3'
    'DDEV_GOARCH' => 'arm64'
    'VIRTUAL_HOST' => 'derschmuckmacher-v3.ddev.site'
    'TERM' => 'xterm'
    'USER' => 'omar'
    'MYSQL_HISTFILE' => '/mnt/ddev-global-cache/mysqlhistory/derschmuckmacher-v3-web/mysql_history'
    'DDEV_WEB_ENTRYPOINT' => '/mnt/ddev_config/web-entrypoint.d'
    'DDEV_UID' => '501'
    'CAROOT' => '/mnt/ddev-global-cache/mkcert'
    'SHLVL' => '1'
    'COMPOSER_ALLOW_SUPERUSER' => '1'
    'BASH_ENV' => '/etc/bash.nointeractive.bashrc'
    'DDEV_DATABASE' => 'mysql:8.0'
    'PGDATABASE' => 'db'
    'CRAFT_DB_USER' => 'db'
    'DDEV_SCHEME' => 'https'
    'XHPROF_OUTPUT_DIR' => '/tmp/xhprof'
    'COMPOSER_CACHE_DIR' => '/mnt/ddev-global-cache/composer'
    'DDEV_XDEBUG_ENABLED' => 'false'
    'DDEV_DATABASE_FAMILY' => 'mysql'
    'PGHOST' => 'db'
    'DDEV_COMPOSER_ROOT' => '/var/www/html'
    'CRAFT_DB_PASSWORD' => '••'
    'DOCROOT' => 'web'
    'TERMINUS_HIDE_UPDATE_MESSAGE' => '1'
    'PATH' => '/home/omar/bin:/var/www/html/vendor/bin:/usr/local/sbin:/usr/local/bin:/usr/sbin:/usr/bin:/sbin:/bin:/var/www/html/bin:/mnt/ddev-global-cache/global-commands/web'
    'HOST_DOCKER_INTERNAL_IP' => ''
    'DDEV_PROJECT_TYPE' => 'craftcms'
    'DEBIAN_FRONTEND' => 'noninteractive'
    'DDEV_ROUTER_HTTPS_PORT' => '443'
    'EXECIGNORE' => '/var/www/html/vendor/bin/composer'
    'SUPERVISOR_ENABLED' => '1'
    'SUPERVISOR_SERVER_URL' => 'unix:///var/run/supervisor.sock'
    'SUPERVISOR_PROCESS_NAME' => 'php-fpm'
    'SUPERVISOR_GROUP_NAME' => 'php-fpm'
    'HTTP_X_REQUESTED_WITH' => 'XMLHttpRequest'
    'HTTP_X_REGISTERED_JS_FILES' => ''
    'HTTP_X_REGISTERED_ASSET_BUNDLES' => '815d39ea,92d8701,22e517a2,aee7f8dc,26c46c25,e505ffd6,6b4d7555,bb2f10a0,e5e48399,fc0bc163,1ccab40d,1e21896b,54698ee0,b842675b,1c3c9add,4b1fd285,d8d08e47,8f00ce04,8768f48b,cf3018d6,ec6d0256,e7c1329,75f47f25'
    'HTTP_X_REAL_IP' => '172.18.0.1'
    'HTTP_X_FORWARDED_SERVER' => '21f32d6785eb'
    'HTTP_X_FORWARDED_PROTO' => 'https'
    'HTTP_X_FORWARDED_PORT' => '443'
    'HTTP_X_FORWARDED_HOST' => 'derschmuckmacher-v3.ddev.site'
    'HTTP_X_FORWARDED_FOR' => '172.18.0.1'
    'HTTP_X_CSRF_TOKEN' => '••••••••••••••••••••••••••••••••••••••••••••••••••••••••••••••••••••••••••••••••••••••••••••••••••••••••••••••••••••••••••••••••••••••••••••••••••••••••••••••••••••••••••••••••••••••••••••••••••••••••••••••••••••••••••••••••••••••••••••••••••••••••••••••••••••••••••••••••••••••••••••••••••••••••••••••••••••••••••••••••••••••••••••••••••••••••••••••••••••••••••••••••••••••••••••••••••••••••'
    'HTTP_TE' => 'trailers'
    'HTTP_SEC_GPC' => '1'
    'HTTP_SEC_FETCH_SITE' => 'same-origin'
    'HTTP_SEC_FETCH_MODE' => 'cors'
    'HTTP_SEC_FETCH_DEST' => 'empty'
    'HTTP_REFERER' => 'https://derschmuckmacher-v3.ddev.site/dW2axQ3b/content/entries/singles/8689-startseite'
    'HTTP_ORIGIN' => 'https://derschmuckmacher-v3.ddev.site'
    'HTTP_COOKIE' => 'a8b7b1ec9ffb8baf2c6eaa253fe57112_username=26b9ec8568da68d3882e55afaa5d203483c6c5810ee05b5a55c8a0eb10cab93ea%3A2%3A%7Bi%3A0%3Bs%3A41%3A%22a8b7b1ec9ffb8baf2c6eaa253fe57112_username%22%3Bi%3A1%3Bs%3A8%3A%22odegiuli%22%3B%7D; CraftSessionId=d53e866d26bce875fb2884facc2d107e; CRAFT_CSRF_TOKEN=8a7d40a44925cffa5c6231ed712693479ccbd90a53c648b39aebabcbcfb32970a%3A2%3A%7Bi%3A0%3Bs%3A16%3A%22CRAFT_CSRF_TOKEN%22%3Bi%3A1%3Bs%3A147%3A%229VVivECA_J8xrEtMk6R8TWeXsv9sDEqSlX1ewKI4%7Ccf1973dd801adeb03ddc8c2365188f3412c2b61f83f5364963d159f3811886a99VVivECA_J8xrEtMk6R8TWeXsv9sDEqSlX1ewKI4%7C1%22%3B%7D; Craft-3626ffc1-d0a3-42e3-98aa-37e8aa759561_sidebar=expanded; cookieconsent_status=dismiss; Craft-3626ffc1-d0a3-42e3-98aa-37e8aa759561_sidebar-details=expanded; a8b7b1ec9ffb8baf2c6eaa253fe57112_identity=2ee63bec9c78b16cb52b6ff97233f3a03b82e66bcf4a25898f3cfa5b2b22da6ba%3A2%3A%7Bi%3A0%3Bs%3A41%3A%22a8b7b1ec9ffb8baf2c6eaa253fe57112_identity%22%3Bi%3A1%3Bs%3A159%3A%22%5B1%2C%22%5B%5C%22UrkbfhKiWjsY6RR3o2amMzH-bkXUYIGVFHW7CYAg9yt8FSPdbek0OuFnfjLETt7WF4FXkiJnsNQ1BXFFSpUfyKRsTAOTm2zEZRkh%5C%22%2Cnull%2C%5C%220ef01a0bceeac5b1d0a2b6557bd3d7b1%5C%22%5D%22%2C3600%5D%22%3B%7D'
    'HTTP_ACCEPT_LANGUAGE' => 'de,en-US;q=0.9,en;q=0.8'
    'HTTP_ACCEPT_ENCODING' => 'gzip, deflate, br, zstd'
    'HTTP_ACCEPT' => 'application/json, text/plain, */*'
    'HTTP_CONTENT_LENGTH' => '0'
    'HTTP_USER_AGENT' => 'Mozilla/5.0 (Macintosh; Intel Mac OS X 10.15; rv:150.0) Gecko/20100101 Firefox/150.0'
    'HTTP_HOST' => 'derschmuckmacher-v3.ddev.site'
    'HTTPS' => 'on'
    'REDIRECT_STATUS' => '200'
    'SERVER_NAME' => 'derschmuckmacher-v3.ddev.site'
    'SERVER_PORT' => '80'
    'SERVER_ADDR' => '172.18.0.3'
    'REMOTE_PORT' => '44946'
    'REMOTE_ADDR' => '172.18.0.5'
    'SERVER_SOFTWARE' => 'nginx/1.28.0'
    'GATEWAY_INTERFACE' => 'CGI/1.1'
    'REQUEST_SCHEME' => 'http'
    'SERVER_PROTOCOL' => 'HTTP/1.1'
    'DOCUMENT_ROOT' => '/var/www/html/web'
    'DOCUMENT_URI' => '/index.php'
    'REQUEST_URI' => '/index.php?p=dW2axQ3b%2Factions%2Fqueue%2Frun&v=1777538707973'
    'CONTENT_LENGTH' => '0'
    'CONTENT_TYPE' => ''
    'REQUEST_METHOD' => 'POST'
    'QUERY_STRING' => 'p=dW2axQ3b%2Factions%2Fqueue%2Frun&v=1777538707973'
    'SCRIPT_NAME' => '/index.php'
    'SCRIPT_FILENAME' => '/var/www/html/web/index.php'
    'FCGI_ROLE' => 'RESPONDER'
    'PHP_SELF' => '/index.php'
    'REQUEST_TIME_FLOAT' => 1777538707.9758
    'REQUEST_TIME' => 1777538707
    'CRAFT_APP_ID' => 'CraftCMS--3933bc78-29f5-4b79-bcc5-c31faf0fcd20'
    'CRAFT_ENVIRONMENT' => 'dev'
    'ENVIRONMENT' => 'dev'
    'CRAFT_SECURITY_KEY' => '••••••••••••••••••••••••••••••••'
    'CP_TRIGGER' => 'dW2axQ3b'
    'CRAFT_DB_SCHEMA' => 'public'
    'CRAFT_DB_TABLE_PREFIX' => ''
    'DEV_MODE' => 'true'
    'ALLOW_ADMIN_CHANGES' => 'true'
    'DISALLOW_ROBOTS' => 'true'
    'TIMEZONE' => 'Europe/Zurich'
    'CAPTCHA_SITE_KEY' => '••••••••••••••••••••••••••••••••••••••••'
    'CAPTCHA_SECRET_KEY' => '••••••••••••••••••••••••••••••••••••••••'
    'WEB_URL' => 'https://derschmuckmacher-v3.ddev.site'
    'WEB_ROOT' => '/var/www/html/web'
    'ASSETS_BASE_URL' => 'https://derschmuckmacher-v3.ddev.site/public'
    'ASSETS_BASE_PATH' => '/var/www/html/web/public'
    'SCHMUCK_BASE_URL' => 'https://derschmuckmacher-v3.ddev.site/public/uploads/schmuck'
    'SCHMUCK_BASE_PATH' => '/var/www/html/web/public/uploads/schmuck'
    'BILDER_BASE_URL' => 'https://derschmuckmacher-v3.ddev.site/public/uploads/bilder'
    'BILDER_BASE_PATH' => '/var/www/html/web/public/uploads/bilder'
] {"environment":"dev","userId":1} 
2026-04-30 10:45:40 [queue.INFO] [yii\db\Connection::open] Opening DB connection: mysql:host=db;dbname=db;port=3306 {"memory":1101304} 
2026-04-30 10:45:40 [queue.INFO] [yii\web\Session::open] Session started {"memory":1536464} 
2026-04-30 10:45:40 [queue.INFO] [nystudio107\codeeditor\CodeEditor::bootstrap] CodeEditor module bootstrapped {"memory":1558224} 
2026-04-30 10:45:40 [queue.INFO] [adigital\cookieconsentbanner\CookieConsentBanner::init] Cookie Consent Banner plugin loaded {"memory":1774216} 
2026-04-30 10:45:40 [queue.INFO] [miranj\obfuscator\Obfuscator::init] Obfuscator plugin loaded {"memory":2734176} 
2026-04-30 10:45:40 [queue.INFO] [yii\db\Connection::open] Opening DB connection: mysql:host=db;dbname=db;port=3306 {"memory":3001296} 
2026-04-30 10:45:40 [queue.INFO] [craft\queue\QueueLogBehavior::beforeExec]  [40512] t9n:["app","Updating search indexes"] (attempt: 1, pid: 17119) - Started {"memory":3060048} 
2026-04-30 10:45:40 [queue.INFO] [craft\queue\QueueLogBehavior::afterExec]  [40512] t9n:["app","Updating search indexes"] (attempt: 1, pid: 17119) - Done (time: 0.009s) {"memory":3474936} 
2026-04-30 10:45:40 [queue.INFO] [application] Request context:
$_GET = [
    'p' => 'dW2axQ3b/actions/queue/run'
    'v' => '1777538740245'
]

$_POST = []

$_FILES = []

$_COOKIE = [
    'a8b7b1ec9ffb8baf2c6eaa253fe57112_username' => '26b9ec8568da68d3882e55afaa5d203483c6c5810ee05b5a55c8a0eb10cab93ea:2:{i:0;s:41:\"a8b7b1ec9ffb8baf2c6eaa253fe57112_username\";i:1;s:8:\"odegiuli\";}'
    'CraftSessionId' => 'd53e866d26bce875fb2884facc2d107e'
    'CRAFT_CSRF_TOKEN' => '••••••••••••••••••••••••••••••••••••••••••••••••••••••••••••••••••••••••••••••••••••••••••••••••••••••••••••••••••••••••••••••••••••••••••••••••••••••••••••••••••••••••••••••••••••••••••••••••••••••••••••••••••••••••••••••••••••••••••••••••••••••••••••••••••'
    'Craft-3626ffc1-d0a3-42e3-98aa-37e8aa759561_sidebar' => 'expanded'
    'cookieconsent_status' => 'dismiss'
    'Craft-3626ffc1-d0a3-42e3-98aa-37e8aa759561_sidebar-details' => 'expanded'
    'a8b7b1ec9ffb8baf2c6eaa253fe57112_identity' => '2ee63bec9c78b16cb52b6ff97233f3a03b82e66bcf4a25898f3cfa5b2b22da6ba:2:{i:0;s:41:\"a8b7b1ec9ffb8baf2c6eaa253fe57112_identity\";i:1;s:159:\"[1,\"[\\\"UrkbfhKiWjsY6RR3o2amMzH-bkXUYIGVFHW7CYAg9yt8FSPdbek0OuFnfjLETt7WF4FXkiJnsNQ1BXFFSpUfyKRsTAOTm2zEZRkh\\\",null,\\\"0ef01a0bceeac5b1d0a2b6557bd3d7b1\\\"]\",3600]\";}'
]

$_SESSION = [
    '22b6a59deafcfb2ffb13c3adf3d98a3b__auth_access' => [
        0 => 'previewElement:6476'
        1 => 'saveAssets:856a3aeb-b21b-4d41-af3f-0a23db430323'
        2 => 'previewDraft:904'
        3 => 'previewElement:8616'
        4 => 'previewDraft:905'
        5 => 'previewElement:7158'
        6 => 'previewDraft:906'
        7 => 'previewDraft:908'
        8 => 'previewElement:8689'
        9 => 'saveAssets:'
        10 => 'previewDraft:910'
        11 => 'saveAssets:1986f3e0-bf2e-4ccd-b34c-7ec2d979afdd'
        12 => 'previewDraft:912'
        13 => 'previewDraft:914'
        14 => 'previewDraft:916'
        15 => 'previewElement:7186'
        16 => 'previewDraft:918'
        17 => 'previewDraft:920'
        18 => 'previewDraft:922'
        19 => 'previewDraft:924'
        20 => 'previewDraft:926'
        21 => 'previewDraft:928'
        22 => 'manageNestedElements::8753::field:kacheln'
        23 => 'previewDraft:930'
        24 => 'manageNestedElements::8755::field:kacheln'
        25 => 'previewDraft:931'
        26 => 'previewDraft:934'
        27 => 'previewDraft:935'
        28 => 'previewDraft:936'
        29 => 'previewDraft:937'
        30 => 'previewDraft:938'
        31 => 'previewDraft:940'
        32 => 'previewDraft:942'
        33 => 'previewElement:8582'
        34 => 'previewDraft:944'
        35 => 'previewDraft:945'
        36 => 'previewDraft:947'
        37 => 'previewDraft:949'
        38 => 'previewDraft:951'
        39 => 'previewDraft:952'
        40 => 'previewDraft:954'
        41 => 'previewDraft:955'
        42 => 'previewDraft:956'
        43 => 'previewDraft:958'
        44 => 'previewDraft:959'
        45 => 'previewDraft:960'
        46 => 'previewDraft:962'
        47 => 'previewDraft:963'
        48 => 'previewDraft:964'
        49 => 'previewDraft:965'
        50 => 'manageNestedElements::8841::field:kacheln'
        51 => 'previewDraft:967'
        52 => 'manageNestedElements::8844::field:kacheln'
        53 => 'previewDraft:968'
        54 => 'previewDraft:969'
        55 => 'previewDraft:971'
        56 => 'previewDraft:972'
        57 => 'previewDraft:973'
        58 => 'previewDraft:975'
        59 => 'previewDraft:977'
        60 => 'previewDraft:979'
        61 => 'previewDraft:981'
        62 => 'previewDraft:983'
        63 => 'previewDraft:985'
        64 => 'previewDraft:987'
        65 => 'previewDraft:989'
    ]
    '22b6a59deafcfb2ffb13c3adf3d98a3b__flash' => []
    'a8b7b1ec9ffb8baf2c6eaa253fe57112__token' => '••••••••••••••••••••••••••••••••••••••••••••••••••••••••••••••••••••••••••••••••••••••••••••••••••••'
    'a8b7b1ec9ffb8baf2c6eaa253fe57112__id' => 1
    '__authKey' => '••••••••••••••••••••••••••••••••••••••••••••••••••••••••••••••••••••••••••••••••••••••••••••••••••••••••••••••••••••••••••••••••••••••••••••••••'
    'a8b7b1ec9ffb8baf2c6eaa253fe57112__expire' => 1777542340
    '__duration' => 3600
    '__elevated_timeout' => 1777538397
]

$_SERVER = [
    'DEPLOY_NAME' => 'local'
    'DDEV_WEBSERVER_TYPE' => 'nginx-fpm'
    'npm_config_cache' => '/mnt/ddev-global-cache/npm'
    'COREPACK_ENABLE_DOWNLOAD_PROMPT' => '0'
    'DDEV_GOOS' => 'darwin'
    'IS_DDEV_PROJECT' => 'true'
    'PHP_DEFAULT_VERSION' => '8.3'
    'HOSTNAME' => 'derschmuckmacher-v3-web'
    'MAILPIT_SMTP_PORT' => '1025'
    'MH_SMTP_BIND_ADDR' => '127.0.0.1:1025'
    'DDEV_PRIMARY_URL_WITHOUT_PORT' => 'https://derschmuckmacher-v3.ddev.site'
    'CRAFT_DB_PORT' => '3306'
    'SSH_AUTH_SOCK' => '/home/.ssh-agent/socket'
    'DDEV_GID' => '20'
    'NODE_EXTRA_CA_CERTS' => '/mnt/ddev-global-cache/mkcert/rootCA.pem'
    'DOCKER_IP' => '127.0.0.1'
    'PGPASSWORD' => 'db'
    'CRAFT_WEB_ROOT' => '/var/www/html/web'
    'DDEV_DOCROOT' => 'web'
    'PWD' => '/var/www/html'
    'PLATFORMSH_CLI_UPDATES_CHECK' => '0'
    'DDEV_APPROOT' => '/var/www/html'
    'DDEV_FILES_DIR' => ''
    'START_SCRIPT_TIMEOUT' => '57'
    'APACHE_SITE_TEMPLATE' => '/etc/apache2/apache-site.conf'
    'PHP_INI' => '/etc/php/8.2/fpm/php.ini'
    'DDEV_VERSION' => 'v1.24.10'
    'PRIMARY_SITE_URL' => 'https://derschmuckmacher-v3.ddev.site'
    'TZ' => 'Europe/Zurich'
    'DDEV_XHPROF_MODE' => 'prepend'
    'HTTPS_EXPOSE' => '443:80,8026:8025'
    'COREPACK_HOME' => '/mnt/ddev-global-cache/corepack'
    'CRAFT_DB_DATABASE' => 'db'
    'DDEV_PRIMARY_URL' => 'https://derschmuckmacher-v3.ddev.site'
    'LINES' => '17'
    'DDEV_SITENAME' => 'derschmuckmacher-v3'
    'HOME' => '/home/omar'
    'DRUSH_OPTIONS_URI' => 'https://derschmuckmacher-v3.ddev.site'
    'LANG' => 'C.UTF-8'
    'COLUMNS' => '371'
    'DDEV_MUTAGEN_ENABLED' => 'true'
    'DDEV_USER' => 'omar'
    'PGUSER' => 'db'
    'TERMINUS_CACHE_DIR' => '/mnt/ddev-global-cache/terminus/cache'
    'DDEV_PRIMARY_URL_PORT' => '443'
    'DDEV_ROUTER_HTTP_PORT' => '80'
    'MAILPIT_SMTP_HOSTNAME' => '127.0.0.1'
    'CRAFT_DB_DRIVER' => 'mysql'
    'COMPOSER_PROCESS_TIMEOUT' => '2000'
    'NGINX_SITE_TEMPLATE' => '/etc/nginx/nginx-site.conf'
    'DDEV_FILES_DIRS' => ''
    'CRAFT_DB_SERVER' => 'db'
    'HTTP_EXPOSE' => '80:80,8025:8025'
    'NVM_DIR' => '/home/omar/.nvm'
    'DDEV_PHP_VERSION' => '8.2'
    'DDEV_TLD' => 'ddev.site'
    'DDEV_HOSTNAME' => 'derschmuckmacher-v3.ddev.site'
    'DDEV_PROJECT' => 'derschmuckmacher-v3'
    'DDEV_GOARCH' => 'arm64'
    'VIRTUAL_HOST' => 'derschmuckmacher-v3.ddev.site'
    'TERM' => 'xterm'
    'USER' => 'omar'
    'MYSQL_HISTFILE' => '/mnt/ddev-global-cache/mysqlhistory/derschmuckmacher-v3-web/mysql_history'
    'DDEV_WEB_ENTRYPOINT' => '/mnt/ddev_config/web-entrypoint.d'
    'DDEV_UID' => '501'
    'CAROOT' => '/mnt/ddev-global-cache/mkcert'
    'SHLVL' => '1'
    'COMPOSER_ALLOW_SUPERUSER' => '1'
    'BASH_ENV' => '/etc/bash.nointeractive.bashrc'
    'DDEV_DATABASE' => 'mysql:8.0'
    'PGDATABASE' => 'db'
    'CRAFT_DB_USER' => 'db'
    'DDEV_SCHEME' => 'https'
    'XHPROF_OUTPUT_DIR' => '/tmp/xhprof'
    'COMPOSER_CACHE_DIR' => '/mnt/ddev-global-cache/composer'
    'DDEV_XDEBUG_ENABLED' => 'false'
    'DDEV_DATABASE_FAMILY' => 'mysql'
    'PGHOST' => 'db'
    'DDEV_COMPOSER_ROOT' => '/var/www/html'
    'CRAFT_DB_PASSWORD' => '••'
    'DOCROOT' => 'web'
    'TERMINUS_HIDE_UPDATE_MESSAGE' => '1'
    'PATH' => '/home/omar/bin:/var/www/html/vendor/bin:/usr/local/sbin:/usr/local/bin:/usr/sbin:/usr/bin:/sbin:/bin:/var/www/html/bin:/mnt/ddev-global-cache/global-commands/web'
    'HOST_DOCKER_INTERNAL_IP' => ''
    'DDEV_PROJECT_TYPE' => 'craftcms'
    'DEBIAN_FRONTEND' => 'noninteractive'
    'DDEV_ROUTER_HTTPS_PORT' => '443'
    'EXECIGNORE' => '/var/www/html/vendor/bin/composer'
    'SUPERVISOR_ENABLED' => '1'
    'SUPERVISOR_SERVER_URL' => 'unix:///var/run/supervisor.sock'
    'SUPERVISOR_PROCESS_NAME' => 'php-fpm'
    'SUPERVISOR_GROUP_NAME' => 'php-fpm'
    'HTTP_X_REQUESTED_WITH' => 'XMLHttpRequest'
    'HTTP_X_REGISTERED_JS_FILES' => ''
    'HTTP_X_REGISTERED_ASSET_BUNDLES' => '815d39ea,92d8701,22e517a2,aee7f8dc,26c46c25,e505ffd6,6b4d7555,bb2f10a0,e5e48399,fc0bc163,1ccab40d,1e21896b,54698ee0,b842675b,1c3c9add,4b1fd285,d8d08e47,8f00ce04,8768f48b,cf3018d6,ec6d0256,e7c1329,75f47f25'
    'HTTP_X_REAL_IP' => '172.18.0.1'
    'HTTP_X_FORWARDED_SERVER' => '21f32d6785eb'
    'HTTP_X_FORWARDED_PROTO' => 'https'
    'HTTP_X_FORWARDED_PORT' => '443'
    'HTTP_X_FORWARDED_HOST' => 'derschmuckmacher-v3.ddev.site'
    'HTTP_X_FORWARDED_FOR' => '172.18.0.1'
    'HTTP_X_CSRF_TOKEN' => '••••••••••••••••••••••••••••••••••••••••••••••••••••••••••••••••••••••••••••••••••••••••••••••••••••••••••••••••••••••••••••••••••••••••••••••••••••••••••••••••••••••••••••••••••••••••••••••••••••••••••••••••••••••••••••••••••••••••••••••••••••••••••••••••••••••••••••••••••••••••••••••••••••••••••••••••••••••••••••••••••••••••••••••••••••••••••••••••••••••••••••••••••••••••••••••••••••••••'
    'HTTP_TE' => 'trailers'
    'HTTP_SEC_GPC' => '1'
    'HTTP_SEC_FETCH_SITE' => 'same-origin'
    'HTTP_SEC_FETCH_MODE' => 'cors'
    'HTTP_SEC_FETCH_DEST' => 'empty'
    'HTTP_REFERER' => 'https://derschmuckmacher-v3.ddev.site/dW2axQ3b/content/entries/singles/8689-startseite'
    'HTTP_ORIGIN' => 'https://derschmuckmacher-v3.ddev.site'
    'HTTP_COOKIE' => 'a8b7b1ec9ffb8baf2c6eaa253fe57112_username=26b9ec8568da68d3882e55afaa5d203483c6c5810ee05b5a55c8a0eb10cab93ea%3A2%3A%7Bi%3A0%3Bs%3A41%3A%22a8b7b1ec9ffb8baf2c6eaa253fe57112_username%22%3Bi%3A1%3Bs%3A8%3A%22odegiuli%22%3B%7D; CraftSessionId=d53e866d26bce875fb2884facc2d107e; CRAFT_CSRF_TOKEN=8a7d40a44925cffa5c6231ed712693479ccbd90a53c648b39aebabcbcfb32970a%3A2%3A%7Bi%3A0%3Bs%3A16%3A%22CRAFT_CSRF_TOKEN%22%3Bi%3A1%3Bs%3A147%3A%229VVivECA_J8xrEtMk6R8TWeXsv9sDEqSlX1ewKI4%7Ccf1973dd801adeb03ddc8c2365188f3412c2b61f83f5364963d159f3811886a99VVivECA_J8xrEtMk6R8TWeXsv9sDEqSlX1ewKI4%7C1%22%3B%7D; Craft-3626ffc1-d0a3-42e3-98aa-37e8aa759561_sidebar=expanded; cookieconsent_status=dismiss; Craft-3626ffc1-d0a3-42e3-98aa-37e8aa759561_sidebar-details=expanded; a8b7b1ec9ffb8baf2c6eaa253fe57112_identity=2ee63bec9c78b16cb52b6ff97233f3a03b82e66bcf4a25898f3cfa5b2b22da6ba%3A2%3A%7Bi%3A0%3Bs%3A41%3A%22a8b7b1ec9ffb8baf2c6eaa253fe57112_identity%22%3Bi%3A1%3Bs%3A159%3A%22%5B1%2C%22%5B%5C%22UrkbfhKiWjsY6RR3o2amMzH-bkXUYIGVFHW7CYAg9yt8FSPdbek0OuFnfjLETt7WF4FXkiJnsNQ1BXFFSpUfyKRsTAOTm2zEZRkh%5C%22%2Cnull%2C%5C%220ef01a0bceeac5b1d0a2b6557bd3d7b1%5C%22%5D%22%2C3600%5D%22%3B%7D'
    'HTTP_ACCEPT_LANGUAGE' => 'de,en-US;q=0.9,en;q=0.8'
    'HTTP_ACCEPT_ENCODING' => 'gzip, deflate, br, zstd'
    'HTTP_ACCEPT' => 'application/json, text/plain, */*'
    'HTTP_CONTENT_LENGTH' => '0'
    'HTTP_USER_AGENT' => 'Mozilla/5.0 (Macintosh; Intel Mac OS X 10.15; rv:150.0) Gecko/20100101 Firefox/150.0'
    'HTTP_HOST' => 'derschmuckmacher-v3.ddev.site'
    'HTTPS' => 'on'
    'REDIRECT_STATUS' => '200'
    'SERVER_NAME' => 'derschmuckmacher-v3.ddev.site'
    'SERVER_PORT' => '80'
    'SERVER_ADDR' => '172.18.0.3'
    'REMOTE_PORT' => '34826'
    'REMOTE_ADDR' => '172.18.0.5'
    'SERVER_SOFTWARE' => 'nginx/1.28.0'
    'GATEWAY_INTERFACE' => 'CGI/1.1'
    'REQUEST_SCHEME' => 'http'
    'SERVER_PROTOCOL' => 'HTTP/1.1'
    'DOCUMENT_ROOT' => '/var/www/html/web'
    'DOCUMENT_URI' => '/index.php'
    'REQUEST_URI' => '/index.php?p=dW2axQ3b%2Factions%2Fqueue%2Frun&v=1777538740245'
    'CONTENT_LENGTH' => '0'
    'CONTENT_TYPE' => ''
    'REQUEST_METHOD' => 'POST'
    'QUERY_STRING' => 'p=dW2axQ3b%2Factions%2Fqueue%2Frun&v=1777538740245'
    'SCRIPT_NAME' => '/index.php'
    'SCRIPT_FILENAME' => '/var/www/html/web/index.php'
    'FCGI_ROLE' => 'RESPONDER'
    'PHP_SELF' => '/index.php'
    'REQUEST_TIME_FLOAT' => 1777538740.2464
    'REQUEST_TIME' => 1777538740
    'CRAFT_APP_ID' => 'CraftCMS--3933bc78-29f5-4b79-bcc5-c31faf0fcd20'
    'CRAFT_ENVIRONMENT' => 'dev'
    'ENVIRONMENT' => 'dev'
    'CRAFT_SECURITY_KEY' => '••••••••••••••••••••••••••••••••'
    'CP_TRIGGER' => 'dW2axQ3b'
    'CRAFT_DB_SCHEMA' => 'public'
    'CRAFT_DB_TABLE_PREFIX' => ''
    'DEV_MODE' => 'true'
    'ALLOW_ADMIN_CHANGES' => 'true'
    'DISALLOW_ROBOTS' => 'true'
    'TIMEZONE' => 'Europe/Zurich'
    'CAPTCHA_SITE_KEY' => '••••••••••••••••••••••••••••••••••••••••'
    'CAPTCHA_SECRET_KEY' => '••••••••••••••••••••••••••••••••••••••••'
    'WEB_URL' => 'https://derschmuckmacher-v3.ddev.site'
    'WEB_ROOT' => '/var/www/html/web'
    'ASSETS_BASE_URL' => 'https://derschmuckmacher-v3.ddev.site/public'
    'ASSETS_BASE_PATH' => '/var/www/html/web/public'
    'SCHMUCK_BASE_URL' => 'https://derschmuckmacher-v3.ddev.site/public/uploads/schmuck'
    'SCHMUCK_BASE_PATH' => '/var/www/html/web/public/uploads/schmuck'
    'BILDER_BASE_URL' => 'https://derschmuckmacher-v3.ddev.site/public/uploads/bilder'
    'BILDER_BASE_PATH' => '/var/www/html/web/public/uploads/bilder'
] {"environment":"dev","userId":1} 
2026-04-30 10:45:53 [queue.INFO] [yii\db\Connection::open] Opening DB connection: mysql:host=db;dbname=db;port=3306 {"memory":1101304} 
2026-04-30 10:45:53 [queue.INFO] [yii\web\Session::open] Session started {"memory":1536560} 
2026-04-30 10:45:53 [queue.INFO] [nystudio107\codeeditor\CodeEditor::bootstrap] CodeEditor module bootstrapped {"memory":1558320} 
2026-04-30 10:45:53 [queue.INFO] [adigital\cookieconsentbanner\CookieConsentBanner::init] Cookie Consent Banner plugin loaded {"memory":1774312} 
2026-04-30 10:45:53 [queue.INFO] [miranj\obfuscator\Obfuscator::init] Obfuscator plugin loaded {"memory":2734272} 
2026-04-30 10:45:53 [queue.INFO] [yii\db\Connection::open] Opening DB connection: mysql:host=db;dbname=db;port=3306 {"memory":3001392} 
2026-04-30 10:45:53 [queue.INFO] [craft\queue\QueueLogBehavior::beforeExec]  [40513] t9n:["app","Generating image transform for {file}",{"file":"Schmuckstücke-Home.jpg"}] (attempt: 1, pid: 15646) - Started {"memory":3059728} 
2026-04-30 10:45:53 [queue.INFO] [craft\queue\QueueLogBehavior::afterExec]  [40513] t9n:["app","Generating image transform for {file}",{"file":"Schmuckstücke-Home.jpg"}] (attempt: 1, pid: 15646) - Done (time: 0.000s) {"memory":3067040} 
2026-04-30 10:45:53 [queue.INFO] [craft\queue\QueueLogBehavior::beforeExec]  [40514] t9n:["app","Generating image transform for {file}",{"file":"Schmuckstücke-Home.jpg"}] (attempt: 1, pid: 15646) - Started {"memory":3080656} 
2026-04-30 10:45:53 [queue.INFO] [craft\queue\QueueLogBehavior::afterExec]  [40514] t9n:["app","Generating image transform for {file}",{"file":"Schmuckstücke-Home.jpg"}] (attempt: 1, pid: 15646) - Done (time: 0.010s) {"memory":3272704} 
2026-04-30 10:45:53 [queue.INFO] [craft\queue\QueueLogBehavior::beforeExec]  [40515] t9n:["app","Updating search indexes"] (attempt: 1, pid: 15646) - Started {"memory":3281056} 
2026-04-30 10:45:53 [queue.INFO] [craft\queue\QueueLogBehavior::afterExec]  [40515] t9n:["app","Updating search indexes"] (attempt: 1, pid: 15646) - Done (time: 0.018s) {"memory":5402608} 
2026-04-30 10:45:53 [queue.INFO] [craft\queue\QueueLogBehavior::beforeExec]  [40516] t9n:["app","Updating search indexes"] (attempt: 1, pid: 15646) - Started {"memory":5410960} 
2026-04-30 10:45:53 [queue.INFO] [craft\queue\QueueLogBehavior::afterExec]  [40516] t9n:["app","Updating search indexes"] (attempt: 1, pid: 15646) - Done (time: 0.003s) {"memory":5516472} 
2026-04-30 10:45:53 [queue.INFO] [craft\queue\QueueLogBehavior::beforeExec]  [40517] t9n:["app","Updating search indexes"] (attempt: 1, pid: 15646) - Started {"memory":5524456} 
2026-04-30 10:45:53 [queue.INFO] [craft\queue\QueueLogBehavior::afterExec]  [40517] t9n:["app","Updating search indexes"] (attempt: 1, pid: 15646) - Done (time: 0.003s) {"memory":5755920} 
2026-04-30 10:45:53 [queue.INFO] [craft\queue\QueueLogBehavior::beforeExec]  [40518] t9n:["app","Updating search indexes"] (attempt: 1, pid: 15646) - Started {"memory":5763904} 
2026-04-30 10:45:53 [queue.INFO] [craft\queue\QueueLogBehavior::afterExec]  [40518] t9n:["app","Updating search indexes"] (attempt: 1, pid: 15646) - Done (time: 0.003s) {"memory":5814848} 
2026-04-30 10:45:53 [queue.INFO] [craft\queue\QueueLogBehavior::beforeExec]  [40519] t9n:["app","Generating image transform for {file}",{"file":"Schmuckmacher-Home.jpg"}] (attempt: 1, pid: 15646) - Started {"memory":5822608} 
2026-04-30 10:45:53 [queue.INFO] [craft\queue\QueueLogBehavior::afterExec]  [40519] t9n:["app","Generating image transform for {file}",{"file":"Schmuckmacher-Home.jpg"}] (attempt: 1, pid: 15646) - Done (time: 0.005s) {"memory":5884352} 
2026-04-30 10:45:53 [queue.INFO] [craft\queue\QueueLogBehavior::beforeExec]  [40520] t9n:["app","Generating image transform for {file}",{"file":"Schmuckmacher-Home.jpg"}] (attempt: 1, pid: 15646) - Started {"memory":5892288} 
2026-04-30 10:45:53 [queue.INFO] [craft\queue\QueueLogBehavior::afterExec]  [40520] t9n:["app","Generating image transform for {file}",{"file":"Schmuckmacher-Home.jpg"}] (attempt: 1, pid: 15646) - Done (time: 0.006s) {"memory":5954032} 
2026-04-30 10:45:53 [queue.INFO] [application] Request context:
$_GET = [
    'p' => 'dW2axQ3b/actions/queue/run'
    'v' => '1777538753595'
]

$_POST = []

$_FILES = []

$_COOKIE = [
    'a8b7b1ec9ffb8baf2c6eaa253fe57112_username' => '26b9ec8568da68d3882e55afaa5d203483c6c5810ee05b5a55c8a0eb10cab93ea:2:{i:0;s:41:\"a8b7b1ec9ffb8baf2c6eaa253fe57112_username\";i:1;s:8:\"odegiuli\";}'
    'CraftSessionId' => 'd53e866d26bce875fb2884facc2d107e'
    'CRAFT_CSRF_TOKEN' => '••••••••••••••••••••••••••••••••••••••••••••••••••••••••••••••••••••••••••••••••••••••••••••••••••••••••••••••••••••••••••••••••••••••••••••••••••••••••••••••••••••••••••••••••••••••••••••••••••••••••••••••••••••••••••••••••••••••••••••••••••••••••••••••••••'
    'Craft-3626ffc1-d0a3-42e3-98aa-37e8aa759561_sidebar' => 'expanded'
    'cookieconsent_status' => 'dismiss'
    'Craft-3626ffc1-d0a3-42e3-98aa-37e8aa759561_sidebar-details' => 'expanded'
    'a8b7b1ec9ffb8baf2c6eaa253fe57112_identity' => '2ee63bec9c78b16cb52b6ff97233f3a03b82e66bcf4a25898f3cfa5b2b22da6ba:2:{i:0;s:41:\"a8b7b1ec9ffb8baf2c6eaa253fe57112_identity\";i:1;s:159:\"[1,\"[\\\"UrkbfhKiWjsY6RR3o2amMzH-bkXUYIGVFHW7CYAg9yt8FSPdbek0OuFnfjLETt7WF4FXkiJnsNQ1BXFFSpUfyKRsTAOTm2zEZRkh\\\",null,\\\"0ef01a0bceeac5b1d0a2b6557bd3d7b1\\\"]\",3600]\";}'
]

$_SESSION = [
    '22b6a59deafcfb2ffb13c3adf3d98a3b__auth_access' => [
        0 => 'previewElement:6476'
        1 => 'saveAssets:856a3aeb-b21b-4d41-af3f-0a23db430323'
        2 => 'previewDraft:904'
        3 => 'previewElement:8616'
        4 => 'previewDraft:905'
        5 => 'previewElement:7158'
        6 => 'previewDraft:906'
        7 => 'previewDraft:908'
        8 => 'previewElement:8689'
        9 => 'saveAssets:'
        10 => 'previewDraft:910'
        11 => 'saveAssets:1986f3e0-bf2e-4ccd-b34c-7ec2d979afdd'
        12 => 'previewDraft:912'
        13 => 'previewDraft:914'
        14 => 'previewDraft:916'
        15 => 'previewElement:7186'
        16 => 'previewDraft:918'
        17 => 'previewDraft:920'
        18 => 'previewDraft:922'
        19 => 'previewDraft:924'
        20 => 'previewDraft:926'
        21 => 'previewDraft:928'
        22 => 'manageNestedElements::8753::field:kacheln'
        23 => 'previewDraft:930'
        24 => 'manageNestedElements::8755::field:kacheln'
        25 => 'previewDraft:931'
        26 => 'previewDraft:934'
        27 => 'previewDraft:935'
        28 => 'previewDraft:936'
        29 => 'previewDraft:937'
        30 => 'previewDraft:938'
        31 => 'previewDraft:940'
        32 => 'previewDraft:942'
        33 => 'previewElement:8582'
        34 => 'previewDraft:944'
        35 => 'previewDraft:945'
        36 => 'previewDraft:947'
        37 => 'previewDraft:949'
        38 => 'previewDraft:951'
        39 => 'previewDraft:952'
        40 => 'previewDraft:954'
        41 => 'previewDraft:955'
        42 => 'previewDraft:956'
        43 => 'previewDraft:958'
        44 => 'previewDraft:959'
        45 => 'previewDraft:960'
        46 => 'previewDraft:962'
        47 => 'previewDraft:963'
        48 => 'previewDraft:964'
        49 => 'previewDraft:965'
        50 => 'manageNestedElements::8841::field:kacheln'
        51 => 'previewDraft:967'
        52 => 'manageNestedElements::8844::field:kacheln'
        53 => 'previewDraft:968'
        54 => 'previewDraft:969'
        55 => 'previewDraft:971'
        56 => 'previewDraft:972'
        57 => 'previewDraft:973'
        58 => 'previewDraft:975'
        59 => 'previewDraft:977'
        60 => 'previewDraft:979'
        61 => 'previewDraft:981'
        62 => 'previewDraft:983'
        63 => 'previewDraft:985'
        64 => 'previewDraft:987'
        65 => 'previewDraft:989'
        66 => 'previewDraft:991'
        67 => 'previewDraft:992'
    ]
    '22b6a59deafcfb2ffb13c3adf3d98a3b__flash' => []
    'a8b7b1ec9ffb8baf2c6eaa253fe57112__token' => '••••••••••••••••••••••••••••••••••••••••••••••••••••••••••••••••••••••••••••••••••••••••••••••••••••'
    'a8b7b1ec9ffb8baf2c6eaa253fe57112__id' => 1
    '__authKey' => '••••••••••••••••••••••••••••••••••••••••••••••••••••••••••••••••••••••••••••••••••••••••••••••••••••••••••••••••••••••••••••••••••••••••••••••••'
    'a8b7b1ec9ffb8baf2c6eaa253fe57112__expire' => 1777542353
    '__duration' => 3600
    '__elevated_timeout' => 1777538397
]

$_SERVER = [
    'DEPLOY_NAME' => 'local'
    'DDEV_WEBSERVER_TYPE' => 'nginx-fpm'
    'npm_config_cache' => '/mnt/ddev-global-cache/npm'
    'COREPACK_ENABLE_DOWNLOAD_PROMPT' => '0'
    'DDEV_GOOS' => 'darwin'
    'IS_DDEV_PROJECT' => 'true'
    'PHP_DEFAULT_VERSION' => '8.3'
    'HOSTNAME' => 'derschmuckmacher-v3-web'
    'MAILPIT_SMTP_PORT' => '1025'
    'MH_SMTP_BIND_ADDR' => '127.0.0.1:1025'
    'DDEV_PRIMARY_URL_WITHOUT_PORT' => 'https://derschmuckmacher-v3.ddev.site'
    'CRAFT_DB_PORT' => '3306'
    'SSH_AUTH_SOCK' => '/home/.ssh-agent/socket'
    'DDEV_GID' => '20'
    'NODE_EXTRA_CA_CERTS' => '/mnt/ddev-global-cache/mkcert/rootCA.pem'
    'DOCKER_IP' => '127.0.0.1'
    'PGPASSWORD' => 'db'
    'CRAFT_WEB_ROOT' => '/var/www/html/web'
    'DDEV_DOCROOT' => 'web'
    'PWD' => '/var/www/html'
    'PLATFORMSH_CLI_UPDATES_CHECK' => '0'
    'DDEV_APPROOT' => '/var/www/html'
    'DDEV_FILES_DIR' => ''
    'START_SCRIPT_TIMEOUT' => '57'
    'APACHE_SITE_TEMPLATE' => '/etc/apache2/apache-site.conf'
    'PHP_INI' => '/etc/php/8.2/fpm/php.ini'
    'DDEV_VERSION' => 'v1.24.10'
    'PRIMARY_SITE_URL' => 'https://derschmuckmacher-v3.ddev.site'
    'TZ' => 'Europe/Zurich'
    'DDEV_XHPROF_MODE' => 'prepend'
    'HTTPS_EXPOSE' => '443:80,8026:8025'
    'COREPACK_HOME' => '/mnt/ddev-global-cache/corepack'
    'CRAFT_DB_DATABASE' => 'db'
    'DDEV_PRIMARY_URL' => 'https://derschmuckmacher-v3.ddev.site'
    'LINES' => '17'
    'DDEV_SITENAME' => 'derschmuckmacher-v3'
    'HOME' => '/home/omar'
    'DRUSH_OPTIONS_URI' => 'https://derschmuckmacher-v3.ddev.site'
    'LANG' => 'C.UTF-8'
    'COLUMNS' => '371'
    'DDEV_MUTAGEN_ENABLED' => 'true'
    'DDEV_USER' => 'omar'
    'PGUSER' => 'db'
    'TERMINUS_CACHE_DIR' => '/mnt/ddev-global-cache/terminus/cache'
    'DDEV_PRIMARY_URL_PORT' => '443'
    'DDEV_ROUTER_HTTP_PORT' => '80'
    'MAILPIT_SMTP_HOSTNAME' => '127.0.0.1'
    'CRAFT_DB_DRIVER' => 'mysql'
    'COMPOSER_PROCESS_TIMEOUT' => '2000'
    'NGINX_SITE_TEMPLATE' => '/etc/nginx/nginx-site.conf'
    'DDEV_FILES_DIRS' => ''
    'CRAFT_DB_SERVER' => 'db'
    'HTTP_EXPOSE' => '80:80,8025:8025'
    'NVM_DIR' => '/home/omar/.nvm'
    'DDEV_PHP_VERSION' => '8.2'
    'DDEV_TLD' => 'ddev.site'
    'DDEV_HOSTNAME' => 'derschmuckmacher-v3.ddev.site'
    'DDEV_PROJECT' => 'derschmuckmacher-v3'
    'DDEV_GOARCH' => 'arm64'
    'VIRTUAL_HOST' => 'derschmuckmacher-v3.ddev.site'
    'TERM' => 'xterm'
    'USER' => 'omar'
    'MYSQL_HISTFILE' => '/mnt/ddev-global-cache/mysqlhistory/derschmuckmacher-v3-web/mysql_history'
    'DDEV_WEB_ENTRYPOINT' => '/mnt/ddev_config/web-entrypoint.d'
    'DDEV_UID' => '501'
    'CAROOT' => '/mnt/ddev-global-cache/mkcert'
    'SHLVL' => '1'
    'COMPOSER_ALLOW_SUPERUSER' => '1'
    'BASH_ENV' => '/etc/bash.nointeractive.bashrc'
    'DDEV_DATABASE' => 'mysql:8.0'
    'PGDATABASE' => 'db'
    'CRAFT_DB_USER' => 'db'
    'DDEV_SCHEME' => 'https'
    'XHPROF_OUTPUT_DIR' => '/tmp/xhprof'
    'COMPOSER_CACHE_DIR' => '/mnt/ddev-global-cache/composer'
    'DDEV_XDEBUG_ENABLED' => 'false'
    'DDEV_DATABASE_FAMILY' => 'mysql'
    'PGHOST' => 'db'
    'DDEV_COMPOSER_ROOT' => '/var/www/html'
    'CRAFT_DB_PASSWORD' => '••'
    'DOCROOT' => 'web'
    'TERMINUS_HIDE_UPDATE_MESSAGE' => '1'
    'PATH' => '/home/omar/bin:/var/www/html/vendor/bin:/usr/local/sbin:/usr/local/bin:/usr/sbin:/usr/bin:/sbin:/bin:/var/www/html/bin:/mnt/ddev-global-cache/global-commands/web'
    'HOST_DOCKER_INTERNAL_IP' => ''
    'DDEV_PROJECT_TYPE' => 'craftcms'
    'DEBIAN_FRONTEND' => 'noninteractive'
    'DDEV_ROUTER_HTTPS_PORT' => '443'
    'EXECIGNORE' => '/var/www/html/vendor/bin/composer'
    'SUPERVISOR_ENABLED' => '1'
    'SUPERVISOR_SERVER_URL' => 'unix:///var/run/supervisor.sock'
    'SUPERVISOR_PROCESS_NAME' => 'php-fpm'
    'SUPERVISOR_GROUP_NAME' => 'php-fpm'
    'HTTP_X_REQUESTED_WITH' => 'XMLHttpRequest'
    'HTTP_X_REGISTERED_JS_FILES' => ''
    'HTTP_X_REGISTERED_ASSET_BUNDLES' => '815d39ea,92d8701,22e517a2,aee7f8dc,26c46c25,e505ffd6,6b4d7555,bb2f10a0,e5e48399,fc0bc163,1ccab40d,1e21896b,54698ee0,b842675b,1c3c9add,4b1fd285,d8d08e47,8f00ce04,8768f48b,cf3018d6,ec6d0256,e7c1329,75f47f25'
    'HTTP_X_REAL_IP' => '172.18.0.1'
    'HTTP_X_FORWARDED_SERVER' => '21f32d6785eb'
    'HTTP_X_FORWARDED_PROTO' => 'https'
    'HTTP_X_FORWARDED_PORT' => '443'
    'HTTP_X_FORWARDED_HOST' => 'derschmuckmacher-v3.ddev.site'
    'HTTP_X_FORWARDED_FOR' => '172.18.0.1'
    'HTTP_X_CSRF_TOKEN' => '••••••••••••••••••••••••••••••••••••••••••••••••••••••••••••••••••••••••••••••••••••••••••••••••••••••••••••••••••••••••••••••••••••••••••••••••••••••••••••••••••••••••••••••••••••••••••••••••••••••••••••••••••••••••••••••••••••••••••••••••••••••••••••••••••••••••••••••••••••••••••••••••••••••••••••••••••••••••••••••••••••••••••••••••••••••••••••••••••••••••••••••••••••••••••••••••••••••••'
    'HTTP_TE' => 'trailers'
    'HTTP_SEC_GPC' => '1'
    'HTTP_SEC_FETCH_SITE' => 'same-origin'
    'HTTP_SEC_FETCH_MODE' => 'cors'
    'HTTP_SEC_FETCH_DEST' => 'empty'
    'HTTP_REFERER' => 'https://derschmuckmacher-v3.ddev.site/dW2axQ3b/content/entries/singles/8689-startseite'
    'HTTP_ORIGIN' => 'https://derschmuckmacher-v3.ddev.site'
    'HTTP_COOKIE' => 'a8b7b1ec9ffb8baf2c6eaa253fe57112_username=26b9ec8568da68d3882e55afaa5d203483c6c5810ee05b5a55c8a0eb10cab93ea%3A2%3A%7Bi%3A0%3Bs%3A41%3A%22a8b7b1ec9ffb8baf2c6eaa253fe57112_username%22%3Bi%3A1%3Bs%3A8%3A%22odegiuli%22%3B%7D; CraftSessionId=d53e866d26bce875fb2884facc2d107e; CRAFT_CSRF_TOKEN=8a7d40a44925cffa5c6231ed712693479ccbd90a53c648b39aebabcbcfb32970a%3A2%3A%7Bi%3A0%3Bs%3A16%3A%22CRAFT_CSRF_TOKEN%22%3Bi%3A1%3Bs%3A147%3A%229VVivECA_J8xrEtMk6R8TWeXsv9sDEqSlX1ewKI4%7Ccf1973dd801adeb03ddc8c2365188f3412c2b61f83f5364963d159f3811886a99VVivECA_J8xrEtMk6R8TWeXsv9sDEqSlX1ewKI4%7C1%22%3B%7D; Craft-3626ffc1-d0a3-42e3-98aa-37e8aa759561_sidebar=expanded; cookieconsent_status=dismiss; Craft-3626ffc1-d0a3-42e3-98aa-37e8aa759561_sidebar-details=expanded; a8b7b1ec9ffb8baf2c6eaa253fe57112_identity=2ee63bec9c78b16cb52b6ff97233f3a03b82e66bcf4a25898f3cfa5b2b22da6ba%3A2%3A%7Bi%3A0%3Bs%3A41%3A%22a8b7b1ec9ffb8baf2c6eaa253fe57112_identity%22%3Bi%3A1%3Bs%3A159%3A%22%5B1%2C%22%5B%5C%22UrkbfhKiWjsY6RR3o2amMzH-bkXUYIGVFHW7CYAg9yt8FSPdbek0OuFnfjLETt7WF4FXkiJnsNQ1BXFFSpUfyKRsTAOTm2zEZRkh%5C%22%2Cnull%2C%5C%220ef01a0bceeac5b1d0a2b6557bd3d7b1%5C%22%5D%22%2C3600%5D%22%3B%7D'
    'HTTP_ACCEPT_LANGUAGE' => 'de,en-US;q=0.9,en;q=0.8'
    'HTTP_ACCEPT_ENCODING' => 'gzip, deflate, br, zstd'
    'HTTP_ACCEPT' => 'application/json, text/plain, */*'
    'HTTP_CONTENT_LENGTH' => '0'
    'HTTP_USER_AGENT' => 'Mozilla/5.0 (Macintosh; Intel Mac OS X 10.15; rv:150.0) Gecko/20100101 Firefox/150.0'
    'HTTP_HOST' => 'derschmuckmacher-v3.ddev.site'
    'HTTPS' => 'on'
    'REDIRECT_STATUS' => '200'
    'SERVER_NAME' => 'derschmuckmacher-v3.ddev.site'
    'SERVER_PORT' => '80'
    'SERVER_ADDR' => '172.18.0.3'
    'REMOTE_PORT' => '59522'
    'REMOTE_ADDR' => '172.18.0.5'
    'SERVER_SOFTWARE' => 'nginx/1.28.0'
    'GATEWAY_INTERFACE' => 'CGI/1.1'
    'REQUEST_SCHEME' => 'http'
    'SERVER_PROTOCOL' => 'HTTP/1.1'
    'DOCUMENT_ROOT' => '/var/www/html/web'
    'DOCUMENT_URI' => '/index.php'
    'REQUEST_URI' => '/index.php?p=dW2axQ3b%2Factions%2Fqueue%2Frun&v=1777538753595'
    'CONTENT_LENGTH' => '0'
    'CONTENT_TYPE' => ''
    'REQUEST_METHOD' => 'POST'
    'QUERY_STRING' => 'p=dW2axQ3b%2Factions%2Fqueue%2Frun&v=1777538753595'
    'SCRIPT_NAME' => '/index.php'
    'SCRIPT_FILENAME' => '/var/www/html/web/index.php'
    'FCGI_ROLE' => 'RESPONDER'
    'PHP_SELF' => '/index.php'
    'REQUEST_TIME_FLOAT' => 1777538753.597
    'REQUEST_TIME' => 1777538753
    'CRAFT_APP_ID' => 'CraftCMS--3933bc78-29f5-4b79-bcc5-c31faf0fcd20'
    'CRAFT_ENVIRONMENT' => 'dev'
    'ENVIRONMENT' => 'dev'
    'CRAFT_SECURITY_KEY' => '••••••••••••••••••••••••••••••••'
    'CP_TRIGGER' => 'dW2axQ3b'
    'CRAFT_DB_SCHEMA' => 'public'
    'CRAFT_DB_TABLE_PREFIX' => ''
    'DEV_MODE' => 'true'
    'ALLOW_ADMIN_CHANGES' => 'true'
    'DISALLOW_ROBOTS' => 'true'
    'TIMEZONE' => 'Europe/Zurich'
    'CAPTCHA_SITE_KEY' => '••••••••••••••••••••••••••••••••••••••••'
    'CAPTCHA_SECRET_KEY' => '••••••••••••••••••••••••••••••••••••••••'
    'WEB_URL' => 'https://derschmuckmacher-v3.ddev.site'
    'WEB_ROOT' => '/var/www/html/web'
    'ASSETS_BASE_URL' => 'https://derschmuckmacher-v3.ddev.site/public'
    'ASSETS_BASE_PATH' => '/var/www/html/web/public'
    'SCHMUCK_BASE_URL' => 'https://derschmuckmacher-v3.ddev.site/public/uploads/schmuck'
    'SCHMUCK_BASE_PATH' => '/var/www/html/web/public/uploads/schmuck'
    'BILDER_BASE_URL' => 'https://derschmuckmacher-v3.ddev.site/public/uploads/bilder'
    'BILDER_BASE_PATH' => '/var/www/html/web/public/uploads/bilder'
] {"environment":"dev","userId":1} 
2026-04-30 10:46:04 [queue.INFO] [yii\db\Connection::open] Opening DB connection: mysql:host=db;dbname=db;port=3306 {"memory":1101304} 
2026-04-30 10:46:04 [queue.INFO] [yii\web\Session::open] Session started {"memory":1536608} 
2026-04-30 10:46:04 [queue.INFO] [nystudio107\codeeditor\CodeEditor::bootstrap] CodeEditor module bootstrapped {"memory":1558368} 
2026-04-30 10:46:04 [queue.INFO] [adigital\cookieconsentbanner\CookieConsentBanner::init] Cookie Consent Banner plugin loaded {"memory":1774360} 
2026-04-30 10:46:04 [queue.INFO] [miranj\obfuscator\Obfuscator::init] Obfuscator plugin loaded {"memory":2734320} 
2026-04-30 10:46:04 [queue.INFO] [yii\db\Connection::open] Opening DB connection: mysql:host=db;dbname=db;port=3306 {"memory":3001440} 
2026-04-30 10:46:04 [queue.INFO] [craft\queue\QueueLogBehavior::beforeExec]  [40521] t9n:["app","Updating search indexes"] (attempt: 1, pid: 15646) - Started {"memory":3060192} 
2026-04-30 10:46:04 [queue.INFO] [craft\queue\QueueLogBehavior::afterExec]  [40521] t9n:["app","Updating search indexes"] (attempt: 1, pid: 15646) - Done (time: 0.017s) {"memory":5192184} 
2026-04-30 10:46:04 [queue.INFO] [craft\queue\QueueLogBehavior::beforeExec]  [40522] t9n:["app","Updating search indexes"] (attempt: 1, pid: 15646) - Started {"memory":5200216} 
2026-04-30 10:46:04 [queue.INFO] [craft\queue\QueueLogBehavior::afterExec]  [40522] t9n:["app","Updating search indexes"] (attempt: 1, pid: 15646) - Done (time: 0.005s) {"memory":5338632} 
2026-04-30 10:46:04 [queue.INFO] [craft\queue\QueueLogBehavior::beforeExec]  [40523] t9n:["app","Generating image transform for {file}",{"file":"Kontakt-Home.jpg"}] (attempt: 1, pid: 15646) - Started {"memory":5346712} 
2026-04-30 10:46:04 [queue.INFO] [craft\queue\QueueLogBehavior::afterExec]  [40523] t9n:["app","Generating image transform for {file}",{"file":"Kontakt-Home.jpg"}] (attempt: 1, pid: 15646) - Done (time: 1.005s) {"memory":5391752} 
2026-04-30 10:46:04 [queue.INFO] [craft\queue\QueueLogBehavior::beforeExec]  [40524] t9n:["app","Generating image transform for {file}",{"file":"Kontakt-Home.jpg"}] (attempt: 1, pid: 15646) - Started {"memory":5400704} 
2026-04-30 10:46:04 [queue.INFO] [craft\queue\QueueLogBehavior::afterExec]  [40524] t9n:["app","Generating image transform for {file}",{"file":"Kontakt-Home.jpg"}] (attempt: 1, pid: 15646) - Done (time: 0.018s) {"memory":5480512} 
2026-04-30 10:46:04 [queue.INFO] [craft\queue\QueueLogBehavior::beforeExec]  [40525] t9n:["app","Updating search indexes"] (attempt: 1, pid: 15646) - Started {"memory":5488720} 
2026-04-30 10:46:04 [queue.INFO] [craft\queue\QueueLogBehavior::afterExec]  [40525] t9n:["app","Updating search indexes"] (attempt: 1, pid: 15646) - Done (time: 0.006s) {"memory":5816048} 
2026-04-30 10:46:04 [queue.INFO] [application] Request context:
$_GET = [
    'p' => 'dW2axQ3b/actions/queue/run'
    'v' => '1777538762999'
]

$_POST = []

$_FILES = []

$_COOKIE = [
    'a8b7b1ec9ffb8baf2c6eaa253fe57112_username' => '26b9ec8568da68d3882e55afaa5d203483c6c5810ee05b5a55c8a0eb10cab93ea:2:{i:0;s:41:\"a8b7b1ec9ffb8baf2c6eaa253fe57112_username\";i:1;s:8:\"odegiuli\";}'
    'CraftSessionId' => 'd53e866d26bce875fb2884facc2d107e'
    'CRAFT_CSRF_TOKEN' => '••••••••••••••••••••••••••••••••••••••••••••••••••••••••••••••••••••••••••••••••••••••••••••••••••••••••••••••••••••••••••••••••••••••••••••••••••••••••••••••••••••••••••••••••••••••••••••••••••••••••••••••••••••••••••••••••••••••••••••••••••••••••••••••••••'
    'Craft-3626ffc1-d0a3-42e3-98aa-37e8aa759561_sidebar' => 'expanded'
    'cookieconsent_status' => 'dismiss'
    'Craft-3626ffc1-d0a3-42e3-98aa-37e8aa759561_sidebar-details' => 'expanded'
    'a8b7b1ec9ffb8baf2c6eaa253fe57112_identity' => '2ee63bec9c78b16cb52b6ff97233f3a03b82e66bcf4a25898f3cfa5b2b22da6ba:2:{i:0;s:41:\"a8b7b1ec9ffb8baf2c6eaa253fe57112_identity\";i:1;s:159:\"[1,\"[\\\"UrkbfhKiWjsY6RR3o2amMzH-bkXUYIGVFHW7CYAg9yt8FSPdbek0OuFnfjLETt7WF4FXkiJnsNQ1BXFFSpUfyKRsTAOTm2zEZRkh\\\",null,\\\"0ef01a0bceeac5b1d0a2b6557bd3d7b1\\\"]\",3600]\";}'
]

$_SESSION = [
    '22b6a59deafcfb2ffb13c3adf3d98a3b__auth_access' => [
        0 => 'previewElement:6476'
        1 => 'saveAssets:856a3aeb-b21b-4d41-af3f-0a23db430323'
        2 => 'previewDraft:904'
        3 => 'previewElement:8616'
        4 => 'previewDraft:905'
        5 => 'previewElement:7158'
        6 => 'previewDraft:906'
        7 => 'previewDraft:908'
        8 => 'previewElement:8689'
        9 => 'saveAssets:'
        10 => 'previewDraft:910'
        11 => 'saveAssets:1986f3e0-bf2e-4ccd-b34c-7ec2d979afdd'
        12 => 'previewDraft:912'
        13 => 'previewDraft:914'
        14 => 'previewDraft:916'
        15 => 'previewElement:7186'
        16 => 'previewDraft:918'
        17 => 'previewDraft:920'
        18 => 'previewDraft:922'
        19 => 'previewDraft:924'
        20 => 'previewDraft:926'
        21 => 'previewDraft:928'
        22 => 'manageNestedElements::8753::field:kacheln'
        23 => 'previewDraft:930'
        24 => 'manageNestedElements::8755::field:kacheln'
        25 => 'previewDraft:931'
        26 => 'previewDraft:934'
        27 => 'previewDraft:935'
        28 => 'previewDraft:936'
        29 => 'previewDraft:937'
        30 => 'previewDraft:938'
        31 => 'previewDraft:940'
        32 => 'previewDraft:942'
        33 => 'previewElement:8582'
        34 => 'previewDraft:944'
        35 => 'previewDraft:945'
        36 => 'previewDraft:947'
        37 => 'previewDraft:949'
        38 => 'previewDraft:951'
        39 => 'previewDraft:952'
        40 => 'previewDraft:954'
        41 => 'previewDraft:955'
        42 => 'previewDraft:956'
        43 => 'previewDraft:958'
        44 => 'previewDraft:959'
        45 => 'previewDraft:960'
        46 => 'previewDraft:962'
        47 => 'previewDraft:963'
        48 => 'previewDraft:964'
        49 => 'previewDraft:965'
        50 => 'manageNestedElements::8841::field:kacheln'
        51 => 'previewDraft:967'
        52 => 'manageNestedElements::8844::field:kacheln'
        53 => 'previewDraft:968'
        54 => 'previewDraft:969'
        55 => 'previewDraft:971'
        56 => 'previewDraft:972'
        57 => 'previewDraft:973'
        58 => 'previewDraft:975'
        59 => 'previewDraft:977'
        60 => 'previewDraft:979'
        61 => 'previewDraft:981'
        62 => 'previewDraft:983'
        63 => 'previewDraft:985'
        64 => 'previewDraft:987'
        65 => 'previewDraft:989'
        66 => 'previewDraft:991'
        67 => 'previewDraft:992'
        68 => 'previewDraft:994'
    ]
    '22b6a59deafcfb2ffb13c3adf3d98a3b__flash' => []
    'a8b7b1ec9ffb8baf2c6eaa253fe57112__token' => '••••••••••••••••••••••••••••••••••••••••••••••••••••••••••••••••••••••••••••••••••••••••••••••••••••'
    'a8b7b1ec9ffb8baf2c6eaa253fe57112__id' => 1
    '__authKey' => '••••••••••••••••••••••••••••••••••••••••••••••••••••••••••••••••••••••••••••••••••••••••••••••••••••••••••••••••••••••••••••••••••••••••••••••••'
    'a8b7b1ec9ffb8baf2c6eaa253fe57112__expire' => 1777542363
    '__duration' => 3600
    '__elevated_timeout' => 1777538397
]

$_SERVER = [
    'DEPLOY_NAME' => 'local'
    'DDEV_WEBSERVER_TYPE' => 'nginx-fpm'
    'npm_config_cache' => '/mnt/ddev-global-cache/npm'
    'COREPACK_ENABLE_DOWNLOAD_PROMPT' => '0'
    'DDEV_GOOS' => 'darwin'
    'IS_DDEV_PROJECT' => 'true'
    'PHP_DEFAULT_VERSION' => '8.3'
    'HOSTNAME' => 'derschmuckmacher-v3-web'
    'MAILPIT_SMTP_PORT' => '1025'
    'MH_SMTP_BIND_ADDR' => '127.0.0.1:1025'
    'DDEV_PRIMARY_URL_WITHOUT_PORT' => 'https://derschmuckmacher-v3.ddev.site'
    'CRAFT_DB_PORT' => '3306'
    'SSH_AUTH_SOCK' => '/home/.ssh-agent/socket'
    'DDEV_GID' => '20'
    'NODE_EXTRA_CA_CERTS' => '/mnt/ddev-global-cache/mkcert/rootCA.pem'
    'DOCKER_IP' => '127.0.0.1'
    'PGPASSWORD' => 'db'
    'CRAFT_WEB_ROOT' => '/var/www/html/web'
    'DDEV_DOCROOT' => 'web'
    'PWD' => '/var/www/html'
    'PLATFORMSH_CLI_UPDATES_CHECK' => '0'
    'DDEV_APPROOT' => '/var/www/html'
    'DDEV_FILES_DIR' => ''
    'START_SCRIPT_TIMEOUT' => '57'
    'APACHE_SITE_TEMPLATE' => '/etc/apache2/apache-site.conf'
    'PHP_INI' => '/etc/php/8.2/fpm/php.ini'
    'DDEV_VERSION' => 'v1.24.10'
    'PRIMARY_SITE_URL' => 'https://derschmuckmacher-v3.ddev.site'
    'TZ' => 'Europe/Zurich'
    'DDEV_XHPROF_MODE' => 'prepend'
    'HTTPS_EXPOSE' => '443:80,8026:8025'
    'COREPACK_HOME' => '/mnt/ddev-global-cache/corepack'
    'CRAFT_DB_DATABASE' => 'db'
    'DDEV_PRIMARY_URL' => 'https://derschmuckmacher-v3.ddev.site'
    'LINES' => '17'
    'DDEV_SITENAME' => 'derschmuckmacher-v3'
    'HOME' => '/home/omar'
    'DRUSH_OPTIONS_URI' => 'https://derschmuckmacher-v3.ddev.site'
    'LANG' => 'C.UTF-8'
    'COLUMNS' => '371'
    'DDEV_MUTAGEN_ENABLED' => 'true'
    'DDEV_USER' => 'omar'
    'PGUSER' => 'db'
    'TERMINUS_CACHE_DIR' => '/mnt/ddev-global-cache/terminus/cache'
    'DDEV_PRIMARY_URL_PORT' => '443'
    'DDEV_ROUTER_HTTP_PORT' => '80'
    'MAILPIT_SMTP_HOSTNAME' => '127.0.0.1'
    'CRAFT_DB_DRIVER' => 'mysql'
    'COMPOSER_PROCESS_TIMEOUT' => '2000'
    'NGINX_SITE_TEMPLATE' => '/etc/nginx/nginx-site.conf'
    'DDEV_FILES_DIRS' => ''
    'CRAFT_DB_SERVER' => 'db'
    'HTTP_EXPOSE' => '80:80,8025:8025'
    'NVM_DIR' => '/home/omar/.nvm'
    'DDEV_PHP_VERSION' => '8.2'
    'DDEV_TLD' => 'ddev.site'
    'DDEV_HOSTNAME' => 'derschmuckmacher-v3.ddev.site'
    'DDEV_PROJECT' => 'derschmuckmacher-v3'
    'DDEV_GOARCH' => 'arm64'
    'VIRTUAL_HOST' => 'derschmuckmacher-v3.ddev.site'
    'TERM' => 'xterm'
    'USER' => 'omar'
    'MYSQL_HISTFILE' => '/mnt/ddev-global-cache/mysqlhistory/derschmuckmacher-v3-web/mysql_history'
    'DDEV_WEB_ENTRYPOINT' => '/mnt/ddev_config/web-entrypoint.d'
    'DDEV_UID' => '501'
    'CAROOT' => '/mnt/ddev-global-cache/mkcert'
    'SHLVL' => '1'
    'COMPOSER_ALLOW_SUPERUSER' => '1'
    'BASH_ENV' => '/etc/bash.nointeractive.bashrc'
    'DDEV_DATABASE' => 'mysql:8.0'
    'PGDATABASE' => 'db'
    'CRAFT_DB_USER' => 'db'
    'DDEV_SCHEME' => 'https'
    'XHPROF_OUTPUT_DIR' => '/tmp/xhprof'
    'COMPOSER_CACHE_DIR' => '/mnt/ddev-global-cache/composer'
    'DDEV_XDEBUG_ENABLED' => 'false'
    'DDEV_DATABASE_FAMILY' => 'mysql'
    'PGHOST' => 'db'
    'DDEV_COMPOSER_ROOT' => '/var/www/html'
    'CRAFT_DB_PASSWORD' => '••'
    'DOCROOT' => 'web'
    'TERMINUS_HIDE_UPDATE_MESSAGE' => '1'
    'PATH' => '/home/omar/bin:/var/www/html/vendor/bin:/usr/local/sbin:/usr/local/bin:/usr/sbin:/usr/bin:/sbin:/bin:/var/www/html/bin:/mnt/ddev-global-cache/global-commands/web'
    'HOST_DOCKER_INTERNAL_IP' => ''
    'DDEV_PROJECT_TYPE' => 'craftcms'
    'DEBIAN_FRONTEND' => 'noninteractive'
    'DDEV_ROUTER_HTTPS_PORT' => '443'
    'EXECIGNORE' => '/var/www/html/vendor/bin/composer'
    'SUPERVISOR_ENABLED' => '1'
    'SUPERVISOR_SERVER_URL' => 'unix:///var/run/supervisor.sock'
    'SUPERVISOR_PROCESS_NAME' => 'php-fpm'
    'SUPERVISOR_GROUP_NAME' => 'php-fpm'
    'HTTP_X_REQUESTED_WITH' => 'XMLHttpRequest'
    'HTTP_X_REGISTERED_JS_FILES' => ''
    'HTTP_X_REGISTERED_ASSET_BUNDLES' => '815d39ea,92d8701,22e517a2,aee7f8dc,26c46c25,e505ffd6,6b4d7555,bb2f10a0,e5e48399,fc0bc163,1ccab40d,1e21896b,54698ee0,b842675b,1c3c9add,4b1fd285,d8d08e47,8f00ce04,8768f48b,cf3018d6,ec6d0256,e7c1329,75f47f25'
    'HTTP_X_REAL_IP' => '172.18.0.1'
    'HTTP_X_FORWARDED_SERVER' => '21f32d6785eb'
    'HTTP_X_FORWARDED_PROTO' => 'https'
    'HTTP_X_FORWARDED_PORT' => '443'
    'HTTP_X_FORWARDED_HOST' => 'derschmuckmacher-v3.ddev.site'
    'HTTP_X_FORWARDED_FOR' => '172.18.0.1'
    'HTTP_X_CSRF_TOKEN' => '••••••••••••••••••••••••••••••••••••••••••••••••••••••••••••••••••••••••••••••••••••••••••••••••••••••••••••••••••••••••••••••••••••••••••••••••••••••••••••••••••••••••••••••••••••••••••••••••••••••••••••••••••••••••••••••••••••••••••••••••••••••••••••••••••••••••••••••••••••••••••••••••••••••••••••••••••••••••••••••••••••••••••••••••••••••••••••••••••••••••••••••••••••••••••••••••••••••••'
    'HTTP_TE' => 'trailers'
    'HTTP_SEC_GPC' => '1'
    'HTTP_SEC_FETCH_SITE' => 'same-origin'
    'HTTP_SEC_FETCH_MODE' => 'cors'
    'HTTP_SEC_FETCH_DEST' => 'empty'
    'HTTP_REFERER' => 'https://derschmuckmacher-v3.ddev.site/dW2axQ3b/content/entries/singles/8689-startseite'
    'HTTP_ORIGIN' => 'https://derschmuckmacher-v3.ddev.site'
    'HTTP_COOKIE' => 'a8b7b1ec9ffb8baf2c6eaa253fe57112_username=26b9ec8568da68d3882e55afaa5d203483c6c5810ee05b5a55c8a0eb10cab93ea%3A2%3A%7Bi%3A0%3Bs%3A41%3A%22a8b7b1ec9ffb8baf2c6eaa253fe57112_username%22%3Bi%3A1%3Bs%3A8%3A%22odegiuli%22%3B%7D; CraftSessionId=d53e866d26bce875fb2884facc2d107e; CRAFT_CSRF_TOKEN=8a7d40a44925cffa5c6231ed712693479ccbd90a53c648b39aebabcbcfb32970a%3A2%3A%7Bi%3A0%3Bs%3A16%3A%22CRAFT_CSRF_TOKEN%22%3Bi%3A1%3Bs%3A147%3A%229VVivECA_J8xrEtMk6R8TWeXsv9sDEqSlX1ewKI4%7Ccf1973dd801adeb03ddc8c2365188f3412c2b61f83f5364963d159f3811886a99VVivECA_J8xrEtMk6R8TWeXsv9sDEqSlX1ewKI4%7C1%22%3B%7D; Craft-3626ffc1-d0a3-42e3-98aa-37e8aa759561_sidebar=expanded; cookieconsent_status=dismiss; Craft-3626ffc1-d0a3-42e3-98aa-37e8aa759561_sidebar-details=expanded; a8b7b1ec9ffb8baf2c6eaa253fe57112_identity=2ee63bec9c78b16cb52b6ff97233f3a03b82e66bcf4a25898f3cfa5b2b22da6ba%3A2%3A%7Bi%3A0%3Bs%3A41%3A%22a8b7b1ec9ffb8baf2c6eaa253fe57112_identity%22%3Bi%3A1%3Bs%3A159%3A%22%5B1%2C%22%5B%5C%22UrkbfhKiWjsY6RR3o2amMzH-bkXUYIGVFHW7CYAg9yt8FSPdbek0OuFnfjLETt7WF4FXkiJnsNQ1BXFFSpUfyKRsTAOTm2zEZRkh%5C%22%2Cnull%2C%5C%220ef01a0bceeac5b1d0a2b6557bd3d7b1%5C%22%5D%22%2C3600%5D%22%3B%7D'
    'HTTP_ACCEPT_LANGUAGE' => 'de,en-US;q=0.9,en;q=0.8'
    'HTTP_ACCEPT_ENCODING' => 'gzip, deflate, br, zstd'
    'HTTP_ACCEPT' => 'application/json, text/plain, */*'
    'HTTP_CONTENT_LENGTH' => '0'
    'HTTP_USER_AGENT' => 'Mozilla/5.0 (Macintosh; Intel Mac OS X 10.15; rv:150.0) Gecko/20100101 Firefox/150.0'
    'HTTP_HOST' => 'derschmuckmacher-v3.ddev.site'
    'HTTPS' => 'on'
    'REDIRECT_STATUS' => '200'
    'SERVER_NAME' => 'derschmuckmacher-v3.ddev.site'
    'SERVER_PORT' => '80'
    'SERVER_ADDR' => '172.18.0.3'
    'REMOTE_PORT' => '36408'
    'REMOTE_ADDR' => '172.18.0.5'
    'SERVER_SOFTWARE' => 'nginx/1.28.0'
    'GATEWAY_INTERFACE' => 'CGI/1.1'
    'REQUEST_SCHEME' => 'http'
    'SERVER_PROTOCOL' => 'HTTP/1.1'
    'DOCUMENT_ROOT' => '/var/www/html/web'
    'DOCUMENT_URI' => '/index.php'
    'REQUEST_URI' => '/index.php?p=dW2axQ3b%2Factions%2Fqueue%2Frun&v=1777538762999'
    'CONTENT_LENGTH' => '0'
    'CONTENT_TYPE' => ''
    'REQUEST_METHOD' => 'POST'
    'QUERY_STRING' => 'p=dW2axQ3b%2Factions%2Fqueue%2Frun&v=1777538762999'
    'SCRIPT_NAME' => '/index.php'
    'SCRIPT_FILENAME' => '/var/www/html/web/index.php'
    'FCGI_ROLE' => 'RESPONDER'
    'PHP_SELF' => '/index.php'
    'REQUEST_TIME_FLOAT' => 1777538763.0013
    'REQUEST_TIME' => 1777538763
    'CRAFT_APP_ID' => 'CraftCMS--3933bc78-29f5-4b79-bcc5-c31faf0fcd20'
    'CRAFT_ENVIRONMENT' => 'dev'
    'ENVIRONMENT' => 'dev'
    'CRAFT_SECURITY_KEY' => '••••••••••••••••••••••••••••••••'
    'CP_TRIGGER' => 'dW2axQ3b'
    'CRAFT_DB_SCHEMA' => 'public'
    'CRAFT_DB_TABLE_PREFIX' => ''
    'DEV_MODE' => 'true'
    'ALLOW_ADMIN_CHANGES' => 'true'
    'DISALLOW_ROBOTS' => 'true'
    'TIMEZONE' => 'Europe/Zurich'
    'CAPTCHA_SITE_KEY' => '••••••••••••••••••••••••••••••••••••••••'
    'CAPTCHA_SECRET_KEY' => '••••••••••••••••••••••••••••••••••••••••'
    'WEB_URL' => 'https://derschmuckmacher-v3.ddev.site'
    'WEB_ROOT' => '/var/www/html/web'
    'ASSETS_BASE_URL' => 'https://derschmuckmacher-v3.ddev.site/public'
    'ASSETS_BASE_PATH' => '/var/www/html/web/public'
    'SCHMUCK_BASE_URL' => 'https://derschmuckmacher-v3.ddev.site/public/uploads/schmuck'
    'SCHMUCK_BASE_PATH' => '/var/www/html/web/public/uploads/schmuck'
    'BILDER_BASE_URL' => 'https://derschmuckmacher-v3.ddev.site/public/uploads/bilder'
    'BILDER_BASE_PATH' => '/var/www/html/web/public/uploads/bilder'
] {"environment":"dev","userId":1} 
2026-04-30 10:46:06 [queue.INFO] [yii\db\Connection::open] Opening DB connection: mysql:host=db;dbname=db;port=3306 {"memory":1101304} 
2026-04-30 10:46:06 [queue.INFO] [yii\web\Session::open] Session started {"memory":1536656} 
2026-04-30 10:46:06 [queue.INFO] [nystudio107\codeeditor\CodeEditor::bootstrap] CodeEditor module bootstrapped {"memory":1558416} 
2026-04-30 10:46:06 [queue.INFO] [adigital\cookieconsentbanner\CookieConsentBanner::init] Cookie Consent Banner plugin loaded {"memory":1774408} 
2026-04-30 10:46:06 [queue.INFO] [miranj\obfuscator\Obfuscator::init] Obfuscator plugin loaded {"memory":2734368} 
2026-04-30 10:46:06 [queue.INFO] [yii\db\Connection::open] Opening DB connection: mysql:host=db;dbname=db;port=3306 {"memory":3001488} 
2026-04-30 10:46:06 [queue.INFO] [craft\queue\QueueLogBehavior::beforeExec]  [40526] t9n:["app","Updating search indexes"] (attempt: 1, pid: 16674) - Started {"memory":3060240} 
2026-04-30 10:46:06 [queue.INFO] [craft\queue\QueueLogBehavior::afterExec]  [40526] t9n:["app","Updating search indexes"] (attempt: 1, pid: 16674) - Done (time: 0.013s) {"memory":4020064} 
2026-04-30 10:46:06 [queue.INFO] [craft\queue\QueueLogBehavior::beforeExec]  [40527] t9n:["app","Updating search indexes"] (attempt: 1, pid: 16674) - Started {"memory":4028096} 
2026-04-30 10:46:06 [queue.INFO] [craft\queue\QueueLogBehavior::afterExec]  [40527] t9n:["app","Updating search indexes"] (attempt: 1, pid: 16674) - Done (time: 0.004s) {"memory":4234848} 
2026-04-30 10:46:06 [queue.INFO] [craft\queue\QueueLogBehavior::beforeExec]  [40528] t9n:["app","Updating search indexes"] (attempt: 1, pid: 16674) - Started {"memory":4243152} 
2026-04-30 10:46:06 [queue.INFO] [craft\queue\QueueLogBehavior::afterExec]  [40528] t9n:["app","Updating search indexes"] (attempt: 1, pid: 16674) - Done (time: 0.004s) {"memory":4566968} 
2026-04-30 10:46:06 [queue.INFO] [craft\queue\QueueLogBehavior::beforeExec]  [40529] t9n:["app","Updating search indexes"] (attempt: 1, pid: 16674) - Started {"memory":4574952} 
2026-04-30 10:46:06 [queue.INFO] [craft\queue\QueueLogBehavior::afterExec]  [40529] t9n:["app","Updating search indexes"] (attempt: 1, pid: 16674) - Done (time: 0.004s) {"memory":4865856} 
2026-04-30 10:46:06 [queue.INFO] [craft\queue\QueueLogBehavior::beforeExec]  [40530] t9n:["app","Updating search indexes"] (attempt: 1, pid: 16674) - Started {"memory":4873840} 
2026-04-30 10:46:06 [queue.INFO] [craft\queue\QueueLogBehavior::afterExec]  [40530] t9n:["app","Updating search indexes"] (attempt: 1, pid: 16674) - Done (time: 0.004s) {"memory":5164728} 
2026-04-30 10:46:06 [queue.INFO] [craft\queue\QueueLogBehavior::beforeExec]  [40531] t9n:["app","Pruning extra revisions"] (attempt: 1, pid: 16674) - Started {"memory":5180904} 
2026-04-30 10:46:06 [queue.INFO] [craft\queue\QueueLogBehavior::afterExec]  [40531] t9n:["app","Pruning extra revisions"] (attempt: 1, pid: 16674) - Done (time: 0.000s) {"memory":5260872} 
2026-04-30 10:46:06 [queue.INFO] [craft\queue\QueueLogBehavior::beforeExec]  [40532] t9n:["app","Pruning extra revisions"] (attempt: 1, pid: 16674) - Started {"memory":5268856} 
2026-04-30 10:46:06 [queue.INFO] [craft\queue\QueueLogBehavior::afterExec]  [40532] t9n:["app","Pruning extra revisions"] (attempt: 1, pid: 16674) - Done (time: 0.000s) {"memory":5348792} 
2026-04-30 10:46:06 [queue.INFO] [craft\queue\QueueLogBehavior::beforeExec]  [40533] t9n:["app","Pruning extra revisions"] (attempt: 1, pid: 16674) - Started {"memory":5356776} 
2026-04-30 10:46:06 [queue.INFO] [craft\queue\QueueLogBehavior::afterExec]  [40533] t9n:["app","Pruning extra revisions"] (attempt: 1, pid: 16674) - Done (time: 0.000s) {"memory":5436712} 
2026-04-30 10:46:06 [queue.INFO] [craft\queue\QueueLogBehavior::beforeExec]  [40534] t9n:["app","Pruning extra revisions"] (attempt: 1, pid: 16674) - Started {"memory":5444696} 
2026-04-30 10:46:06 [queue.INFO] [craft\queue\QueueLogBehavior::afterExec]  [40534] t9n:["app","Pruning extra revisions"] (attempt: 1, pid: 16674) - Done (time: 0.001s) {"memory":5524632} 
2026-04-30 10:46:06 [queue.INFO] [craft\queue\QueueLogBehavior::beforeExec]  [40535] t9n:["app","Pruning extra revisions"] (attempt: 1, pid: 16674) - Started {"memory":5532616} 
2026-04-30 10:46:06 [queue.INFO] [craft\queue\QueueLogBehavior::afterExec]  [40535] t9n:["app","Pruning extra revisions"] (attempt: 1, pid: 16674) - Done (time: 0.000s) {"memory":5612552} 
2026-04-30 10:46:06 [queue.INFO] [application] Request context:
$_GET = [
    'p' => 'dW2axQ3b/actions/queue/run'
    'v' => '1777538766281'
]

$_POST = []

$_FILES = []

$_COOKIE = [
    'a8b7b1ec9ffb8baf2c6eaa253fe57112_username' => '26b9ec8568da68d3882e55afaa5d203483c6c5810ee05b5a55c8a0eb10cab93ea:2:{i:0;s:41:\"a8b7b1ec9ffb8baf2c6eaa253fe57112_username\";i:1;s:8:\"odegiuli\";}'
    'CraftSessionId' => 'd53e866d26bce875fb2884facc2d107e'
    'CRAFT_CSRF_TOKEN' => '••••••••••••••••••••••••••••••••••••••••••••••••••••••••••••••••••••••••••••••••••••••••••••••••••••••••••••••••••••••••••••••••••••••••••••••••••••••••••••••••••••••••••••••••••••••••••••••••••••••••••••••••••••••••••••••••••••••••••••••••••••••••••••••••••'
    'Craft-3626ffc1-d0a3-42e3-98aa-37e8aa759561_sidebar' => 'expanded'
    'cookieconsent_status' => 'dismiss'
    'Craft-3626ffc1-d0a3-42e3-98aa-37e8aa759561_sidebar-details' => 'expanded'
    'a8b7b1ec9ffb8baf2c6eaa253fe57112_identity' => '2ee63bec9c78b16cb52b6ff97233f3a03b82e66bcf4a25898f3cfa5b2b22da6ba:2:{i:0;s:41:\"a8b7b1ec9ffb8baf2c6eaa253fe57112_identity\";i:1;s:159:\"[1,\"[\\\"UrkbfhKiWjsY6RR3o2amMzH-bkXUYIGVFHW7CYAg9yt8FSPdbek0OuFnfjLETt7WF4FXkiJnsNQ1BXFFSpUfyKRsTAOTm2zEZRkh\\\",null,\\\"0ef01a0bceeac5b1d0a2b6557bd3d7b1\\\"]\",3600]\";}'
]

$_SESSION = [
    '22b6a59deafcfb2ffb13c3adf3d98a3b__auth_access' => [
        0 => 'previewElement:6476'
        1 => 'saveAssets:856a3aeb-b21b-4d41-af3f-0a23db430323'
        2 => 'previewDraft:904'
        3 => 'previewElement:8616'
        4 => 'previewDraft:905'
        5 => 'previewElement:7158'
        6 => 'previewDraft:906'
        7 => 'previewDraft:908'
        8 => 'previewElement:8689'
        9 => 'saveAssets:'
        10 => 'previewDraft:910'
        11 => 'saveAssets:1986f3e0-bf2e-4ccd-b34c-7ec2d979afdd'
        12 => 'previewDraft:912'
        13 => 'previewDraft:914'
        14 => 'previewDraft:916'
        15 => 'previewElement:7186'
        16 => 'previewDraft:918'
        17 => 'previewDraft:920'
        18 => 'previewDraft:922'
        19 => 'previewDraft:924'
        20 => 'previewDraft:926'
        21 => 'previewDraft:928'
        22 => 'manageNestedElements::8753::field:kacheln'
        23 => 'previewDraft:930'
        24 => 'manageNestedElements::8755::field:kacheln'
        25 => 'previewDraft:931'
        26 => 'previewDraft:934'
        27 => 'previewDraft:935'
        28 => 'previewDraft:936'
        29 => 'previewDraft:937'
        30 => 'previewDraft:938'
        31 => 'previewDraft:940'
        32 => 'previewDraft:942'
        33 => 'previewElement:8582'
        34 => 'previewDraft:944'
        35 => 'previewDraft:945'
        36 => 'previewDraft:947'
        37 => 'previewDraft:949'
        38 => 'previewDraft:951'
        39 => 'previewDraft:952'
        40 => 'previewDraft:954'
        41 => 'previewDraft:955'
        42 => 'previewDraft:956'
        43 => 'previewDraft:958'
        44 => 'previewDraft:959'
        45 => 'previewDraft:960'
        46 => 'previewDraft:962'
        47 => 'previewDraft:963'
        48 => 'previewDraft:964'
        49 => 'previewDraft:965'
        50 => 'manageNestedElements::8841::field:kacheln'
        51 => 'previewDraft:967'
        52 => 'manageNestedElements::8844::field:kacheln'
        53 => 'previewDraft:968'
        54 => 'previewDraft:969'
        55 => 'previewDraft:971'
        56 => 'previewDraft:972'
        57 => 'previewDraft:973'
        58 => 'previewDraft:975'
        59 => 'previewDraft:977'
        60 => 'previewDraft:979'
        61 => 'previewDraft:981'
        62 => 'previewDraft:983'
        63 => 'previewDraft:985'
        64 => 'previewDraft:987'
        65 => 'previewDraft:989'
        66 => 'previewDraft:991'
        67 => 'previewDraft:992'
        68 => 'previewDraft:994'
        69 => 'previewDraft:995'
    ]
    '22b6a59deafcfb2ffb13c3adf3d98a3b__flash' => []
    'a8b7b1ec9ffb8baf2c6eaa253fe57112__token' => '••••••••••••••••••••••••••••••••••••••••••••••••••••••••••••••••••••••••••••••••••••••••••••••••••••'
    'a8b7b1ec9ffb8baf2c6eaa253fe57112__id' => 1
    '__authKey' => '••••••••••••••••••••••••••••••••••••••••••••••••••••••••••••••••••••••••••••••••••••••••••••••••••••••••••••••••••••••••••••••••••••••••••••••••'
    'a8b7b1ec9ffb8baf2c6eaa253fe57112__expire' => 1777542366
    '__duration' => 3600
    '__elevated_timeout' => 1777538397
]

$_SERVER = [
    'DEPLOY_NAME' => 'local'
    'DDEV_WEBSERVER_TYPE' => 'nginx-fpm'
    'npm_config_cache' => '/mnt/ddev-global-cache/npm'
    'COREPACK_ENABLE_DOWNLOAD_PROMPT' => '0'
    'DDEV_GOOS' => 'darwin'
    'IS_DDEV_PROJECT' => 'true'
    'PHP_DEFAULT_VERSION' => '8.3'
    'HOSTNAME' => 'derschmuckmacher-v3-web'
    'MAILPIT_SMTP_PORT' => '1025'
    'MH_SMTP_BIND_ADDR' => '127.0.0.1:1025'
    'DDEV_PRIMARY_URL_WITHOUT_PORT' => 'https://derschmuckmacher-v3.ddev.site'
    'CRAFT_DB_PORT' => '3306'
    'SSH_AUTH_SOCK' => '/home/.ssh-agent/socket'
    'DDEV_GID' => '20'
    'NODE_EXTRA_CA_CERTS' => '/mnt/ddev-global-cache/mkcert/rootCA.pem'
    'DOCKER_IP' => '127.0.0.1'
    'PGPASSWORD' => 'db'
    'CRAFT_WEB_ROOT' => '/var/www/html/web'
    'DDEV_DOCROOT' => 'web'
    'PWD' => '/var/www/html'
    'PLATFORMSH_CLI_UPDATES_CHECK' => '0'
    'DDEV_APPROOT' => '/var/www/html'
    'DDEV_FILES_DIR' => ''
    'START_SCRIPT_TIMEOUT' => '57'
    'APACHE_SITE_TEMPLATE' => '/etc/apache2/apache-site.conf'
    'PHP_INI' => '/etc/php/8.2/fpm/php.ini'
    'DDEV_VERSION' => 'v1.24.10'
    'PRIMARY_SITE_URL' => 'https://derschmuckmacher-v3.ddev.site'
    'TZ' => 'Europe/Zurich'
    'DDEV_XHPROF_MODE' => 'prepend'
    'HTTPS_EXPOSE' => '443:80,8026:8025'
    'COREPACK_HOME' => '/mnt/ddev-global-cache/corepack'
    'CRAFT_DB_DATABASE' => 'db'
    'DDEV_PRIMARY_URL' => 'https://derschmuckmacher-v3.ddev.site'
    'LINES' => '17'
    'DDEV_SITENAME' => 'derschmuckmacher-v3'
    'HOME' => '/home/omar'
    'DRUSH_OPTIONS_URI' => 'https://derschmuckmacher-v3.ddev.site'
    'LANG' => 'C.UTF-8'
    'COLUMNS' => '371'
    'DDEV_MUTAGEN_ENABLED' => 'true'
    'DDEV_USER' => 'omar'
    'PGUSER' => 'db'
    'TERMINUS_CACHE_DIR' => '/mnt/ddev-global-cache/terminus/cache'
    'DDEV_PRIMARY_URL_PORT' => '443'
    'DDEV_ROUTER_HTTP_PORT' => '80'
    'MAILPIT_SMTP_HOSTNAME' => '127.0.0.1'
    'CRAFT_DB_DRIVER' => 'mysql'
    'COMPOSER_PROCESS_TIMEOUT' => '2000'
    'NGINX_SITE_TEMPLATE' => '/etc/nginx/nginx-site.conf'
    'DDEV_FILES_DIRS' => ''
    'CRAFT_DB_SERVER' => 'db'
    'HTTP_EXPOSE' => '80:80,8025:8025'
    'NVM_DIR' => '/home/omar/.nvm'
    'DDEV_PHP_VERSION' => '8.2'
    'DDEV_TLD' => 'ddev.site'
    'DDEV_HOSTNAME' => 'derschmuckmacher-v3.ddev.site'
    'DDEV_PROJECT' => 'derschmuckmacher-v3'
    'DDEV_GOARCH' => 'arm64'
    'VIRTUAL_HOST' => 'derschmuckmacher-v3.ddev.site'
    'TERM' => 'xterm'
    'USER' => 'omar'
    'MYSQL_HISTFILE' => '/mnt/ddev-global-cache/mysqlhistory/derschmuckmacher-v3-web/mysql_history'
    'DDEV_WEB_ENTRYPOINT' => '/mnt/ddev_config/web-entrypoint.d'
    'DDEV_UID' => '501'
    'CAROOT' => '/mnt/ddev-global-cache/mkcert'
    'SHLVL' => '1'
    'COMPOSER_ALLOW_SUPERUSER' => '1'
    'BASH_ENV' => '/etc/bash.nointeractive.bashrc'
    'DDEV_DATABASE' => 'mysql:8.0'
    'PGDATABASE' => 'db'
    'CRAFT_DB_USER' => 'db'
    'DDEV_SCHEME' => 'https'
    'XHPROF_OUTPUT_DIR' => '/tmp/xhprof'
    'COMPOSER_CACHE_DIR' => '/mnt/ddev-global-cache/composer'
    'DDEV_XDEBUG_ENABLED' => 'false'
    'DDEV_DATABASE_FAMILY' => 'mysql'
    'PGHOST' => 'db'
    'DDEV_COMPOSER_ROOT' => '/var/www/html'
    'CRAFT_DB_PASSWORD' => '••'
    'DOCROOT' => 'web'
    'TERMINUS_HIDE_UPDATE_MESSAGE' => '1'
    'PATH' => '/home/omar/bin:/var/www/html/vendor/bin:/usr/local/sbin:/usr/local/bin:/usr/sbin:/usr/bin:/sbin:/bin:/var/www/html/bin:/mnt/ddev-global-cache/global-commands/web'
    'HOST_DOCKER_INTERNAL_IP' => ''
    'DDEV_PROJECT_TYPE' => 'craftcms'
    'DEBIAN_FRONTEND' => 'noninteractive'
    'DDEV_ROUTER_HTTPS_PORT' => '443'
    'EXECIGNORE' => '/var/www/html/vendor/bin/composer'
    'SUPERVISOR_ENABLED' => '1'
    'SUPERVISOR_SERVER_URL' => 'unix:///var/run/supervisor.sock'
    'SUPERVISOR_PROCESS_NAME' => 'php-fpm'
    'SUPERVISOR_GROUP_NAME' => 'php-fpm'
    'HTTP_X_REQUESTED_WITH' => 'XMLHttpRequest'
    'HTTP_X_REGISTERED_JS_FILES' => ''
    'HTTP_X_REGISTERED_ASSET_BUNDLES' => '815d39ea,92d8701,22e517a2,aee7f8dc,26c46c25,e505ffd6,6b4d7555,bb2f10a0,e5e48399,fc0bc163,1ccab40d,1e21896b,54698ee0,b842675b,1c3c9add,4b1fd285,d8d08e47,8f00ce04,8768f48b,cf3018d6,ec6d0256,e7c1329,75f47f25'
    'HTTP_X_REAL_IP' => '172.18.0.1'
    'HTTP_X_FORWARDED_SERVER' => '21f32d6785eb'
    'HTTP_X_FORWARDED_PROTO' => 'https'
    'HTTP_X_FORWARDED_PORT' => '443'
    'HTTP_X_FORWARDED_HOST' => 'derschmuckmacher-v3.ddev.site'
    'HTTP_X_FORWARDED_FOR' => '172.18.0.1'
    'HTTP_X_CSRF_TOKEN' => '••••••••••••••••••••••••••••••••••••••••••••••••••••••••••••••••••••••••••••••••••••••••••••••••••••••••••••••••••••••••••••••••••••••••••••••••••••••••••••••••••••••••••••••••••••••••••••••••••••••••••••••••••••••••••••••••••••••••••••••••••••••••••••••••••••••••••••••••••••••••••••••••••••••••••••••••••••••••••••••••••••••••••••••••••••••••••••••••••••••••••••••••••••••••••••••••••••••••'
    'HTTP_TE' => 'trailers'
    'HTTP_SEC_GPC' => '1'
    'HTTP_SEC_FETCH_SITE' => 'same-origin'
    'HTTP_SEC_FETCH_MODE' => 'cors'
    'HTTP_SEC_FETCH_DEST' => 'empty'
    'HTTP_REFERER' => 'https://derschmuckmacher-v3.ddev.site/dW2axQ3b/content/entries/singles/8689-startseite'
    'HTTP_ORIGIN' => 'https://derschmuckmacher-v3.ddev.site'
    'HTTP_COOKIE' => 'a8b7b1ec9ffb8baf2c6eaa253fe57112_username=26b9ec8568da68d3882e55afaa5d203483c6c5810ee05b5a55c8a0eb10cab93ea%3A2%3A%7Bi%3A0%3Bs%3A41%3A%22a8b7b1ec9ffb8baf2c6eaa253fe57112_username%22%3Bi%3A1%3Bs%3A8%3A%22odegiuli%22%3B%7D; CraftSessionId=d53e866d26bce875fb2884facc2d107e; CRAFT_CSRF_TOKEN=8a7d40a44925cffa5c6231ed712693479ccbd90a53c648b39aebabcbcfb32970a%3A2%3A%7Bi%3A0%3Bs%3A16%3A%22CRAFT_CSRF_TOKEN%22%3Bi%3A1%3Bs%3A147%3A%229VVivECA_J8xrEtMk6R8TWeXsv9sDEqSlX1ewKI4%7Ccf1973dd801adeb03ddc8c2365188f3412c2b61f83f5364963d159f3811886a99VVivECA_J8xrEtMk6R8TWeXsv9sDEqSlX1ewKI4%7C1%22%3B%7D; Craft-3626ffc1-d0a3-42e3-98aa-37e8aa759561_sidebar=expanded; cookieconsent_status=dismiss; Craft-3626ffc1-d0a3-42e3-98aa-37e8aa759561_sidebar-details=expanded; a8b7b1ec9ffb8baf2c6eaa253fe57112_identity=2ee63bec9c78b16cb52b6ff97233f3a03b82e66bcf4a25898f3cfa5b2b22da6ba%3A2%3A%7Bi%3A0%3Bs%3A41%3A%22a8b7b1ec9ffb8baf2c6eaa253fe57112_identity%22%3Bi%3A1%3Bs%3A159%3A%22%5B1%2C%22%5B%5C%22UrkbfhKiWjsY6RR3o2amMzH-bkXUYIGVFHW7CYAg9yt8FSPdbek0OuFnfjLETt7WF4FXkiJnsNQ1BXFFSpUfyKRsTAOTm2zEZRkh%5C%22%2Cnull%2C%5C%220ef01a0bceeac5b1d0a2b6557bd3d7b1%5C%22%5D%22%2C3600%5D%22%3B%7D'
    'HTTP_ACCEPT_LANGUAGE' => 'de,en-US;q=0.9,en;q=0.8'
    'HTTP_ACCEPT_ENCODING' => 'gzip, deflate, br, zstd'
    'HTTP_ACCEPT' => 'application/json, text/plain, */*'
    'HTTP_CONTENT_LENGTH' => '0'
    'HTTP_USER_AGENT' => 'Mozilla/5.0 (Macintosh; Intel Mac OS X 10.15; rv:150.0) Gecko/20100101 Firefox/150.0'
    'HTTP_HOST' => 'derschmuckmacher-v3.ddev.site'
    'HTTPS' => 'on'
    'REDIRECT_STATUS' => '200'
    'SERVER_NAME' => 'derschmuckmacher-v3.ddev.site'
    'SERVER_PORT' => '80'
    'SERVER_ADDR' => '172.18.0.3'
    'REMOTE_PORT' => '56128'
    'REMOTE_ADDR' => '172.18.0.5'
    'SERVER_SOFTWARE' => 'nginx/1.28.0'
    'GATEWAY_INTERFACE' => 'CGI/1.1'
    'REQUEST_SCHEME' => 'http'
    'SERVER_PROTOCOL' => 'HTTP/1.1'
    'DOCUMENT_ROOT' => '/var/www/html/web'
    'DOCUMENT_URI' => '/index.php'
    'REQUEST_URI' => '/index.php?p=dW2axQ3b%2Factions%2Fqueue%2Frun&v=1777538766281'
    'CONTENT_LENGTH' => '0'
    'CONTENT_TYPE' => ''
    'REQUEST_METHOD' => 'POST'
    'QUERY_STRING' => 'p=dW2axQ3b%2Factions%2Fqueue%2Frun&v=1777538766281'
    'SCRIPT_NAME' => '/index.php'
    'SCRIPT_FILENAME' => '/var/www/html/web/index.php'
    'FCGI_ROLE' => 'RESPONDER'
    'PHP_SELF' => '/index.php'
    'REQUEST_TIME_FLOAT' => 1777538766.3183
    'REQUEST_TIME' => 1777538766
    'CRAFT_APP_ID' => 'CraftCMS--3933bc78-29f5-4b79-bcc5-c31faf0fcd20'
    'CRAFT_ENVIRONMENT' => 'dev'
    'ENVIRONMENT' => 'dev'
    'CRAFT_SECURITY_KEY' => '••••••••••••••••••••••••••••••••'
    'CP_TRIGGER' => 'dW2axQ3b'
    'CRAFT_DB_SCHEMA' => 'public'
    'CRAFT_DB_TABLE_PREFIX' => ''
    'DEV_MODE' => 'true'
    'ALLOW_ADMIN_CHANGES' => 'true'
    'DISALLOW_ROBOTS' => 'true'
    'TIMEZONE' => 'Europe/Zurich'
    'CAPTCHA_SITE_KEY' => '••••••••••••••••••••••••••••••••••••••••'
    'CAPTCHA_SECRET_KEY' => '••••••••••••••••••••••••••••••••••••••••'
    'WEB_URL' => 'https://derschmuckmacher-v3.ddev.site'
    'WEB_ROOT' => '/var/www/html/web'
    'ASSETS_BASE_URL' => 'https://derschmuckmacher-v3.ddev.site/public'
    'ASSETS_BASE_PATH' => '/var/www/html/web/public'
    'SCHMUCK_BASE_URL' => 'https://derschmuckmacher-v3.ddev.site/public/uploads/schmuck'
    'SCHMUCK_BASE_PATH' => '/var/www/html/web/public/uploads/schmuck'
    'BILDER_BASE_URL' => 'https://derschmuckmacher-v3.ddev.site/public/uploads/bilder'
    'BILDER_BASE_PATH' => '/var/www/html/web/public/uploads/bilder'
] {"environment":"dev","userId":1} 
2026-04-30 10:47:01 [queue.INFO] [yii\db\Connection::open] Opening DB connection: mysql:host=db;dbname=db;port=3306 {"memory":1101208} 
2026-04-30 10:47:01 [queue.INFO] [yii\web\Session::open] Session started {"memory":1536512} 
2026-04-30 10:47:01 [queue.INFO] [nystudio107\codeeditor\CodeEditor::bootstrap] CodeEditor module bootstrapped {"memory":1558272} 
2026-04-30 10:47:01 [queue.INFO] [adigital\cookieconsentbanner\CookieConsentBanner::init] Cookie Consent Banner plugin loaded {"memory":1774160} 
2026-04-30 10:47:01 [queue.INFO] [miranj\obfuscator\Obfuscator::init] Obfuscator plugin loaded {"memory":2734120} 
2026-04-30 10:47:01 [queue.INFO] [yii\db\Connection::open] Opening DB connection: mysql:host=db;dbname=db;port=3306 {"memory":3001240} 
2026-04-30 10:47:01 [queue.INFO] [craft\queue\QueueLogBehavior::beforeExec]  [40536] t9n:["app","Pruning extra revisions"] (attempt: 1, pid: 15646) - Started {"memory":3059992} 
2026-04-30 10:47:01 [queue.INFO] [craft\queue\QueueLogBehavior::afterExec]  [40536] t9n:["app","Pruning extra revisions"] (attempt: 1, pid: 15646) - Done (time: 0.008s) {"memory":3617032} 
2026-04-30 10:47:01 [queue.INFO] [application] Request context:
$_GET = [
    'p' => 'dW2axQ3b/actions/queue/run'
    'v' => '1777538821480'
]

$_POST = []

$_FILES = []

$_COOKIE = [
    'a8b7b1ec9ffb8baf2c6eaa253fe57112_username' => '26b9ec8568da68d3882e55afaa5d203483c6c5810ee05b5a55c8a0eb10cab93ea:2:{i:0;s:41:\"a8b7b1ec9ffb8baf2c6eaa253fe57112_username\";i:1;s:8:\"odegiuli\";}'
    'CraftSessionId' => 'd53e866d26bce875fb2884facc2d107e'
    'CRAFT_CSRF_TOKEN' => '••••••••••••••••••••••••••••••••••••••••••••••••••••••••••••••••••••••••••••••••••••••••••••••••••••••••••••••••••••••••••••••••••••••••••••••••••••••••••••••••••••••••••••••••••••••••••••••••••••••••••••••••••••••••••••••••••••••••••••••••••••••••••••••••••'
    'Craft-3626ffc1-d0a3-42e3-98aa-37e8aa759561_sidebar' => 'expanded'
    'cookieconsent_status' => 'dismiss'
    'Craft-3626ffc1-d0a3-42e3-98aa-37e8aa759561_sidebar-details' => 'expanded'
    'a8b7b1ec9ffb8baf2c6eaa253fe57112_identity' => '2ee63bec9c78b16cb52b6ff97233f3a03b82e66bcf4a25898f3cfa5b2b22da6ba:2:{i:0;s:41:\"a8b7b1ec9ffb8baf2c6eaa253fe57112_identity\";i:1;s:159:\"[1,\"[\\\"UrkbfhKiWjsY6RR3o2amMzH-bkXUYIGVFHW7CYAg9yt8FSPdbek0OuFnfjLETt7WF4FXkiJnsNQ1BXFFSpUfyKRsTAOTm2zEZRkh\\\",null,\\\"0ef01a0bceeac5b1d0a2b6557bd3d7b1\\\"]\",3600]\";}'
]

$_SESSION = [
    '22b6a59deafcfb2ffb13c3adf3d98a3b__auth_access' => [
        0 => 'previewElement:6476'
        1 => 'saveAssets:856a3aeb-b21b-4d41-af3f-0a23db430323'
        2 => 'previewDraft:904'
        3 => 'previewElement:8616'
        4 => 'previewDraft:905'
        5 => 'previewElement:7158'
        6 => 'previewDraft:906'
        7 => 'previewDraft:908'
        8 => 'previewElement:8689'
        9 => 'saveAssets:'
        10 => 'previewDraft:910'
        11 => 'saveAssets:1986f3e0-bf2e-4ccd-b34c-7ec2d979afdd'
        12 => 'previewDraft:912'
        13 => 'previewDraft:914'
        14 => 'previewDraft:916'
        15 => 'previewElement:7186'
        16 => 'previewDraft:918'
        17 => 'previewDraft:920'
        18 => 'previewDraft:922'
        19 => 'previewDraft:924'
        20 => 'previewDraft:926'
        21 => 'previewDraft:928'
        22 => 'manageNestedElements::8753::field:kacheln'
        23 => 'previewDraft:930'
        24 => 'manageNestedElements::8755::field:kacheln'
        25 => 'previewDraft:931'
        26 => 'previewDraft:934'
        27 => 'previewDraft:935'
        28 => 'previewDraft:936'
        29 => 'previewDraft:937'
        30 => 'previewDraft:938'
        31 => 'previewDraft:940'
        32 => 'previewDraft:942'
        33 => 'previewElement:8582'
        34 => 'previewDraft:944'
        35 => 'previewDraft:945'
        36 => 'previewDraft:947'
        37 => 'previewDraft:949'
        38 => 'previewDraft:951'
        39 => 'previewDraft:952'
        40 => 'previewDraft:954'
        41 => 'previewDraft:955'
        42 => 'previewDraft:956'
        43 => 'previewDraft:958'
        44 => 'previewDraft:959'
        45 => 'previewDraft:960'
        46 => 'previewDraft:962'
        47 => 'previewDraft:963'
        48 => 'previewDraft:964'
        49 => 'previewDraft:965'
        50 => 'manageNestedElements::8841::field:kacheln'
        51 => 'previewDraft:967'
        52 => 'manageNestedElements::8844::field:kacheln'
        53 => 'previewDraft:968'
        54 => 'previewDraft:969'
        55 => 'previewDraft:971'
        56 => 'previewDraft:972'
        57 => 'previewDraft:973'
        58 => 'previewDraft:975'
        59 => 'previewDraft:977'
        60 => 'previewDraft:979'
        61 => 'previewDraft:981'
        62 => 'previewDraft:983'
        63 => 'previewDraft:985'
        64 => 'previewDraft:987'
        65 => 'previewDraft:989'
        66 => 'previewDraft:991'
        67 => 'previewDraft:992'
        68 => 'previewDraft:994'
        69 => 'previewDraft:995'
    ]
    '22b6a59deafcfb2ffb13c3adf3d98a3b__flash' => []
    'a8b7b1ec9ffb8baf2c6eaa253fe57112__token' => '••••••••••••••••••••••••••••••••••••••••••••••••••••••••••••••••••••••••••••••••••••••••••••••••••••'
    'a8b7b1ec9ffb8baf2c6eaa253fe57112__id' => 1
    '__authKey' => '••••••••••••••••••••••••••••••••••••••••••••••••••••••••••••••••••••••••••••••••••••••••••••••••••••••••••••••••••••••••••••••••••••••••••••••••'
    'a8b7b1ec9ffb8baf2c6eaa253fe57112__expire' => 1777542421
    '__duration' => 3600
    '__elevated_timeout' => 1777538397
]

$_SERVER = [
    'DEPLOY_NAME' => 'local'
    'DDEV_WEBSERVER_TYPE' => 'nginx-fpm'
    'npm_config_cache' => '/mnt/ddev-global-cache/npm'
    'COREPACK_ENABLE_DOWNLOAD_PROMPT' => '0'
    'DDEV_GOOS' => 'darwin'
    'IS_DDEV_PROJECT' => 'true'
    'PHP_DEFAULT_VERSION' => '8.3'
    'HOSTNAME' => 'derschmuckmacher-v3-web'
    'MAILPIT_SMTP_PORT' => '1025'
    'MH_SMTP_BIND_ADDR' => '127.0.0.1:1025'
    'DDEV_PRIMARY_URL_WITHOUT_PORT' => 'https://derschmuckmacher-v3.ddev.site'
    'CRAFT_DB_PORT' => '3306'
    'SSH_AUTH_SOCK' => '/home/.ssh-agent/socket'
    'DDEV_GID' => '20'
    'NODE_EXTRA_CA_CERTS' => '/mnt/ddev-global-cache/mkcert/rootCA.pem'
    'DOCKER_IP' => '127.0.0.1'
    'PGPASSWORD' => 'db'
    'CRAFT_WEB_ROOT' => '/var/www/html/web'
    'DDEV_DOCROOT' => 'web'
    'PWD' => '/var/www/html'
    'PLATFORMSH_CLI_UPDATES_CHECK' => '0'
    'DDEV_APPROOT' => '/var/www/html'
    'DDEV_FILES_DIR' => ''
    'START_SCRIPT_TIMEOUT' => '57'
    'APACHE_SITE_TEMPLATE' => '/etc/apache2/apache-site.conf'
    'PHP_INI' => '/etc/php/8.2/fpm/php.ini'
    'DDEV_VERSION' => 'v1.24.10'
    'PRIMARY_SITE_URL' => 'https://derschmuckmacher-v3.ddev.site'
    'TZ' => 'Europe/Zurich'
    'DDEV_XHPROF_MODE' => 'prepend'
    'HTTPS_EXPOSE' => '443:80,8026:8025'
    'COREPACK_HOME' => '/mnt/ddev-global-cache/corepack'
    'CRAFT_DB_DATABASE' => 'db'
    'DDEV_PRIMARY_URL' => 'https://derschmuckmacher-v3.ddev.site'
    'LINES' => '17'
    'DDEV_SITENAME' => 'derschmuckmacher-v3'
    'HOME' => '/home/omar'
    'DRUSH_OPTIONS_URI' => 'https://derschmuckmacher-v3.ddev.site'
    'LANG' => 'C.UTF-8'
    'COLUMNS' => '371'
    'DDEV_MUTAGEN_ENABLED' => 'true'
    'DDEV_USER' => 'omar'
    'PGUSER' => 'db'
    'TERMINUS_CACHE_DIR' => '/mnt/ddev-global-cache/terminus/cache'
    'DDEV_PRIMARY_URL_PORT' => '443'
    'DDEV_ROUTER_HTTP_PORT' => '80'
    'MAILPIT_SMTP_HOSTNAME' => '127.0.0.1'
    'CRAFT_DB_DRIVER' => 'mysql'
    'COMPOSER_PROCESS_TIMEOUT' => '2000'
    'NGINX_SITE_TEMPLATE' => '/etc/nginx/nginx-site.conf'
    'DDEV_FILES_DIRS' => ''
    'CRAFT_DB_SERVER' => 'db'
    'HTTP_EXPOSE' => '80:80,8025:8025'
    'NVM_DIR' => '/home/omar/.nvm'
    'DDEV_PHP_VERSION' => '8.2'
    'DDEV_TLD' => 'ddev.site'
    'DDEV_HOSTNAME' => 'derschmuckmacher-v3.ddev.site'
    'DDEV_PROJECT' => 'derschmuckmacher-v3'
    'DDEV_GOARCH' => 'arm64'
    'VIRTUAL_HOST' => 'derschmuckmacher-v3.ddev.site'
    'TERM' => 'xterm'
    'USER' => 'omar'
    'MYSQL_HISTFILE' => '/mnt/ddev-global-cache/mysqlhistory/derschmuckmacher-v3-web/mysql_history'
    'DDEV_WEB_ENTRYPOINT' => '/mnt/ddev_config/web-entrypoint.d'
    'DDEV_UID' => '501'
    'CAROOT' => '/mnt/ddev-global-cache/mkcert'
    'SHLVL' => '1'
    'COMPOSER_ALLOW_SUPERUSER' => '1'
    'BASH_ENV' => '/etc/bash.nointeractive.bashrc'
    'DDEV_DATABASE' => 'mysql:8.0'
    'PGDATABASE' => 'db'
    'CRAFT_DB_USER' => 'db'
    'DDEV_SCHEME' => 'https'
    'XHPROF_OUTPUT_DIR' => '/tmp/xhprof'
    'COMPOSER_CACHE_DIR' => '/mnt/ddev-global-cache/composer'
    'DDEV_XDEBUG_ENABLED' => 'false'
    'DDEV_DATABASE_FAMILY' => 'mysql'
    'PGHOST' => 'db'
    'DDEV_COMPOSER_ROOT' => '/var/www/html'
    'CRAFT_DB_PASSWORD' => '••'
    'DOCROOT' => 'web'
    'TERMINUS_HIDE_UPDATE_MESSAGE' => '1'
    'PATH' => '/home/omar/bin:/var/www/html/vendor/bin:/usr/local/sbin:/usr/local/bin:/usr/sbin:/usr/bin:/sbin:/bin:/var/www/html/bin:/mnt/ddev-global-cache/global-commands/web'
    'HOST_DOCKER_INTERNAL_IP' => ''
    'DDEV_PROJECT_TYPE' => 'craftcms'
    'DEBIAN_FRONTEND' => 'noninteractive'
    'DDEV_ROUTER_HTTPS_PORT' => '443'
    'EXECIGNORE' => '/var/www/html/vendor/bin/composer'
    'SUPERVISOR_ENABLED' => '1'
    'SUPERVISOR_SERVER_URL' => 'unix:///var/run/supervisor.sock'
    'SUPERVISOR_PROCESS_NAME' => 'php-fpm'
    'SUPERVISOR_GROUP_NAME' => 'php-fpm'
    'HTTP_X_REQUESTED_WITH' => 'XMLHttpRequest'
    'HTTP_X_REGISTERED_JS_FILES' => ''
    'HTTP_X_REGISTERED_ASSET_BUNDLES' => '22e517a2,aee7f8dc,26c46c25,e505ffd6,6b4d7555,bb2f10a0,e5e48399,815d39ea,fc0bc163,1ccab40d,1e21896b,54698ee0,b842675b,1c3c9add,4b1fd285,d8d08e47,8f00ce04,8768f48b,cf3018d6,ec6d0256'
    'HTTP_X_REAL_IP' => '172.18.0.1'
    'HTTP_X_FORWARDED_SERVER' => '21f32d6785eb'
    'HTTP_X_FORWARDED_PROTO' => 'https'
    'HTTP_X_FORWARDED_PORT' => '443'
    'HTTP_X_FORWARDED_HOST' => 'derschmuckmacher-v3.ddev.site'
    'HTTP_X_FORWARDED_FOR' => '172.18.0.1'
    'HTTP_X_CSRF_TOKEN' => '••••••••••••••••••••••••••••••••••••••••••••••••••••••••••••••••••••••••••••••••••••••••••••••••••••••••••••••••••••••••••••••••••••••••••••••••••••••••••••••••••••••••••••••••••••••••••••••••••••••••••••••••••••••••••••••••••••••••••••••••••••••••••••••••••••••••••••••••••••••••••••••••••••••••••••••••••••••••••••••••••••••••••••••••••••••••••••••••••••••••••••••••••••••••••••••••••••••••'
    'HTTP_TE' => 'trailers'
    'HTTP_SEC_GPC' => '1'
    'HTTP_SEC_FETCH_SITE' => 'same-origin'
    'HTTP_SEC_FETCH_MODE' => 'cors'
    'HTTP_SEC_FETCH_DEST' => 'empty'
    'HTTP_REFERER' => 'https://derschmuckmacher-v3.ddev.site/dW2axQ3b/content/entries'
    'HTTP_ORIGIN' => 'https://derschmuckmacher-v3.ddev.site'
    'HTTP_COOKIE' => 'a8b7b1ec9ffb8baf2c6eaa253fe57112_username=26b9ec8568da68d3882e55afaa5d203483c6c5810ee05b5a55c8a0eb10cab93ea%3A2%3A%7Bi%3A0%3Bs%3A41%3A%22a8b7b1ec9ffb8baf2c6eaa253fe57112_username%22%3Bi%3A1%3Bs%3A8%3A%22odegiuli%22%3B%7D; CraftSessionId=d53e866d26bce875fb2884facc2d107e; CRAFT_CSRF_TOKEN=8a7d40a44925cffa5c6231ed712693479ccbd90a53c648b39aebabcbcfb32970a%3A2%3A%7Bi%3A0%3Bs%3A16%3A%22CRAFT_CSRF_TOKEN%22%3Bi%3A1%3Bs%3A147%3A%229VVivECA_J8xrEtMk6R8TWeXsv9sDEqSlX1ewKI4%7Ccf1973dd801adeb03ddc8c2365188f3412c2b61f83f5364963d159f3811886a99VVivECA_J8xrEtMk6R8TWeXsv9sDEqSlX1ewKI4%7C1%22%3B%7D; Craft-3626ffc1-d0a3-42e3-98aa-37e8aa759561_sidebar=expanded; cookieconsent_status=dismiss; Craft-3626ffc1-d0a3-42e3-98aa-37e8aa759561_sidebar-details=expanded; a8b7b1ec9ffb8baf2c6eaa253fe57112_identity=2ee63bec9c78b16cb52b6ff97233f3a03b82e66bcf4a25898f3cfa5b2b22da6ba%3A2%3A%7Bi%3A0%3Bs%3A41%3A%22a8b7b1ec9ffb8baf2c6eaa253fe57112_identity%22%3Bi%3A1%3Bs%3A159%3A%22%5B1%2C%22%5B%5C%22UrkbfhKiWjsY6RR3o2amMzH-bkXUYIGVFHW7CYAg9yt8FSPdbek0OuFnfjLETt7WF4FXkiJnsNQ1BXFFSpUfyKRsTAOTm2zEZRkh%5C%22%2Cnull%2C%5C%220ef01a0bceeac5b1d0a2b6557bd3d7b1%5C%22%5D%22%2C3600%5D%22%3B%7D'
    'HTTP_ACCEPT_LANGUAGE' => 'de,en-US;q=0.9,en;q=0.8'
    'HTTP_ACCEPT_ENCODING' => 'gzip, deflate, br, zstd'
    'HTTP_ACCEPT' => 'application/json, text/plain, */*'
    'HTTP_CONTENT_LENGTH' => '0'
    'HTTP_USER_AGENT' => 'Mozilla/5.0 (Macintosh; Intel Mac OS X 10.15; rv:150.0) Gecko/20100101 Firefox/150.0'
    'HTTP_HOST' => 'derschmuckmacher-v3.ddev.site'
    'HTTPS' => 'on'
    'REDIRECT_STATUS' => '200'
    'SERVER_NAME' => 'derschmuckmacher-v3.ddev.site'
    'SERVER_PORT' => '80'
    'SERVER_ADDR' => '172.18.0.3'
    'REMOTE_PORT' => '42906'
    'REMOTE_ADDR' => '172.18.0.5'
    'SERVER_SOFTWARE' => 'nginx/1.28.0'
    'GATEWAY_INTERFACE' => 'CGI/1.1'
    'REQUEST_SCHEME' => 'http'
    'SERVER_PROTOCOL' => 'HTTP/1.1'
    'DOCUMENT_ROOT' => '/var/www/html/web'
    'DOCUMENT_URI' => '/index.php'
    'REQUEST_URI' => '/index.php?p=dW2axQ3b%2Factions%2Fqueue%2Frun&v=1777538821480'
    'CONTENT_LENGTH' => '0'
    'CONTENT_TYPE' => ''
    'REQUEST_METHOD' => 'POST'
    'QUERY_STRING' => 'p=dW2axQ3b%2Factions%2Fqueue%2Frun&v=1777538821480'
    'SCRIPT_NAME' => '/index.php'
    'SCRIPT_FILENAME' => '/var/www/html/web/index.php'
    'FCGI_ROLE' => 'RESPONDER'
    'PHP_SELF' => '/index.php'
    'REQUEST_TIME_FLOAT' => 1777538821.483
    'REQUEST_TIME' => 1777538821
    'CRAFT_APP_ID' => 'CraftCMS--3933bc78-29f5-4b79-bcc5-c31faf0fcd20'
    'CRAFT_ENVIRONMENT' => 'dev'
    'ENVIRONMENT' => 'dev'
    'CRAFT_SECURITY_KEY' => '••••••••••••••••••••••••••••••••'
    'CP_TRIGGER' => 'dW2axQ3b'
    'CRAFT_DB_SCHEMA' => 'public'
    'CRAFT_DB_TABLE_PREFIX' => ''
    'DEV_MODE' => 'true'
    'ALLOW_ADMIN_CHANGES' => 'true'
    'DISALLOW_ROBOTS' => 'true'
    'TIMEZONE' => 'Europe/Zurich'
    'CAPTCHA_SITE_KEY' => '••••••••••••••••••••••••••••••••••••••••'
    'CAPTCHA_SECRET_KEY' => '••••••••••••••••••••••••••••••••••••••••'
    'WEB_URL' => 'https://derschmuckmacher-v3.ddev.site'
    'WEB_ROOT' => '/var/www/html/web'
    'ASSETS_BASE_URL' => 'https://derschmuckmacher-v3.ddev.site/public'
    'ASSETS_BASE_PATH' => '/var/www/html/web/public'
    'SCHMUCK_BASE_URL' => 'https://derschmuckmacher-v3.ddev.site/public/uploads/schmuck'
    'SCHMUCK_BASE_PATH' => '/var/www/html/web/public/uploads/schmuck'
    'BILDER_BASE_URL' => 'https://derschmuckmacher-v3.ddev.site/public/uploads/bilder'
    'BILDER_BASE_PATH' => '/var/www/html/web/public/uploads/bilder'
] {"environment":"dev","userId":1} 
2026-04-30 10:47:40 [queue.INFO] [yii\db\Connection::open] Opening DB connection: mysql:host=db;dbname=db;port=3306 {"memory":1101336} 
2026-04-30 10:47:40 [queue.INFO] [yii\web\Session::open] Session started {"memory":1536704} 
2026-04-30 10:47:40 [queue.INFO] [nystudio107\codeeditor\CodeEditor::bootstrap] CodeEditor module bootstrapped {"memory":1558464} 
2026-04-30 10:47:40 [queue.INFO] [adigital\cookieconsentbanner\CookieConsentBanner::init] Cookie Consent Banner plugin loaded {"memory":1774496} 
2026-04-30 10:47:40 [queue.INFO] [miranj\obfuscator\Obfuscator::init] Obfuscator plugin loaded {"memory":2734456} 
2026-04-30 10:47:40 [queue.INFO] [yii\db\Connection::open] Opening DB connection: mysql:host=db;dbname=db;port=3306 {"memory":3001576} 
2026-04-30 10:47:40 [queue.INFO] [craft\queue\QueueLogBehavior::beforeExec]  [40537] t9n:["app","Updating search indexes"] (attempt: 1, pid: 17119) - Started {"memory":3060328} 
2026-04-30 10:47:40 [queue.INFO] [craft\queue\QueueLogBehavior::afterExec]  [40537] t9n:["app","Updating search indexes"] (attempt: 1, pid: 17119) - Done (time: 0.009s) {"memory":3475208} 
2026-04-30 10:47:40 [queue.INFO] [craft\queue\QueueLogBehavior::beforeExec]  [40538] t9n:["app","Generating image transform for {file}",{"file":"Hero-2-Home-unten.jpg"}] (attempt: 1, pid: 17119) - Started {"memory":3482968} 
2026-04-30 10:47:40 [queue.INFO] [craft\queue\QueueLogBehavior::afterExec]  [40538] t9n:["app","Generating image transform for {file}",{"file":"Hero-2-Home-unten.jpg"}] (attempt: 1, pid: 17119) - Done (time: 0.021s) {"memory":3649728} 
2026-04-30 10:47:40 [queue.INFO] [craft\queue\QueueLogBehavior::beforeExec]  [40539] t9n:["app","Generating image transform for {file}",{"file":"Hero-2-Home-unten.jpg"}] (attempt: 1, pid: 17119) - Started {"memory":3657664} 
2026-04-30 10:47:40 [queue.INFO] [craft\queue\QueueLogBehavior::afterExec]  [40539] t9n:["app","Generating image transform for {file}",{"file":"Hero-2-Home-unten.jpg"}] (attempt: 1, pid: 17119) - Done (time: 0.012s) {"memory":3719408} 
2026-04-30 10:47:40 [queue.INFO] [application] Request context:
$_GET = [
    'p' => 'dW2axQ3b/actions/queue/run'
    'v' => '1777538859994'
]

$_POST = []

$_FILES = []

$_COOKIE = [
    'a8b7b1ec9ffb8baf2c6eaa253fe57112_username' => '26b9ec8568da68d3882e55afaa5d203483c6c5810ee05b5a55c8a0eb10cab93ea:2:{i:0;s:41:\"a8b7b1ec9ffb8baf2c6eaa253fe57112_username\";i:1;s:8:\"odegiuli\";}'
    'CraftSessionId' => 'd53e866d26bce875fb2884facc2d107e'
    'CRAFT_CSRF_TOKEN' => '••••••••••••••••••••••••••••••••••••••••••••••••••••••••••••••••••••••••••••••••••••••••••••••••••••••••••••••••••••••••••••••••••••••••••••••••••••••••••••••••••••••••••••••••••••••••••••••••••••••••••••••••••••••••••••••••••••••••••••••••••••••••••••••••••'
    'Craft-3626ffc1-d0a3-42e3-98aa-37e8aa759561_sidebar' => 'expanded'
    'cookieconsent_status' => 'dismiss'
    'Craft-3626ffc1-d0a3-42e3-98aa-37e8aa759561_sidebar-details' => 'expanded'
    'a8b7b1ec9ffb8baf2c6eaa253fe57112_identity' => '2ee63bec9c78b16cb52b6ff97233f3a03b82e66bcf4a25898f3cfa5b2b22da6ba:2:{i:0;s:41:\"a8b7b1ec9ffb8baf2c6eaa253fe57112_identity\";i:1;s:159:\"[1,\"[\\\"UrkbfhKiWjsY6RR3o2amMzH-bkXUYIGVFHW7CYAg9yt8FSPdbek0OuFnfjLETt7WF4FXkiJnsNQ1BXFFSpUfyKRsTAOTm2zEZRkh\\\",null,\\\"0ef01a0bceeac5b1d0a2b6557bd3d7b1\\\"]\",3600]\";}'
]

$_SESSION = [
    '22b6a59deafcfb2ffb13c3adf3d98a3b__auth_access' => [
        0 => 'previewElement:6476'
        1 => 'saveAssets:856a3aeb-b21b-4d41-af3f-0a23db430323'
        2 => 'previewDraft:904'
        3 => 'previewElement:8616'
        4 => 'previewDraft:905'
        5 => 'previewElement:7158'
        6 => 'previewDraft:906'
        7 => 'previewDraft:908'
        8 => 'previewElement:8689'
        9 => 'saveAssets:'
        10 => 'previewDraft:910'
        11 => 'saveAssets:1986f3e0-bf2e-4ccd-b34c-7ec2d979afdd'
        12 => 'previewDraft:912'
        13 => 'previewDraft:914'
        14 => 'previewDraft:916'
        15 => 'previewElement:7186'
        16 => 'previewDraft:918'
        17 => 'previewDraft:920'
        18 => 'previewDraft:922'
        19 => 'previewDraft:924'
        20 => 'previewDraft:926'
        21 => 'previewDraft:928'
        22 => 'manageNestedElements::8753::field:kacheln'
        23 => 'previewDraft:930'
        24 => 'manageNestedElements::8755::field:kacheln'
        25 => 'previewDraft:931'
        26 => 'previewDraft:934'
        27 => 'previewDraft:935'
        28 => 'previewDraft:936'
        29 => 'previewDraft:937'
        30 => 'previewDraft:938'
        31 => 'previewDraft:940'
        32 => 'previewDraft:942'
        33 => 'previewElement:8582'
        34 => 'previewDraft:944'
        35 => 'previewDraft:945'
        36 => 'previewDraft:947'
        37 => 'previewDraft:949'
        38 => 'previewDraft:951'
        39 => 'previewDraft:952'
        40 => 'previewDraft:954'
        41 => 'previewDraft:955'
        42 => 'previewDraft:956'
        43 => 'previewDraft:958'
        44 => 'previewDraft:959'
        45 => 'previewDraft:960'
        46 => 'previewDraft:962'
        47 => 'previewDraft:963'
        48 => 'previewDraft:964'
        49 => 'previewDraft:965'
        50 => 'manageNestedElements::8841::field:kacheln'
        51 => 'previewDraft:967'
        52 => 'manageNestedElements::8844::field:kacheln'
        53 => 'previewDraft:968'
        54 => 'previewDraft:969'
        55 => 'previewDraft:971'
        56 => 'previewDraft:972'
        57 => 'previewDraft:973'
        58 => 'previewDraft:975'
        59 => 'previewDraft:977'
        60 => 'previewDraft:979'
        61 => 'previewDraft:981'
        62 => 'previewDraft:983'
        63 => 'previewDraft:985'
        64 => 'previewDraft:987'
        65 => 'previewDraft:989'
        66 => 'previewDraft:991'
        67 => 'previewDraft:992'
        68 => 'previewDraft:994'
        69 => 'previewDraft:995'
    ]
    '22b6a59deafcfb2ffb13c3adf3d98a3b__flash' => []
    'a8b7b1ec9ffb8baf2c6eaa253fe57112__token' => '••••••••••••••••••••••••••••••••••••••••••••••••••••••••••••••••••••••••••••••••••••••••••••••••••••'
    'a8b7b1ec9ffb8baf2c6eaa253fe57112__id' => 1
    '__authKey' => '••••••••••••••••••••••••••••••••••••••••••••••••••••••••••••••••••••••••••••••••••••••••••••••••••••••••••••••••••••••••••••••••••••••••••••••••'
    'a8b7b1ec9ffb8baf2c6eaa253fe57112__expire' => 1777542460
    '__duration' => 3600
    '__elevated_timeout' => 1777538397
]

$_SERVER = [
    'DEPLOY_NAME' => 'local'
    'DDEV_WEBSERVER_TYPE' => 'nginx-fpm'
    'npm_config_cache' => '/mnt/ddev-global-cache/npm'
    'COREPACK_ENABLE_DOWNLOAD_PROMPT' => '0'
    'DDEV_GOOS' => 'darwin'
    'IS_DDEV_PROJECT' => 'true'
    'PHP_DEFAULT_VERSION' => '8.3'
    'HOSTNAME' => 'derschmuckmacher-v3-web'
    'MAILPIT_SMTP_PORT' => '1025'
    'MH_SMTP_BIND_ADDR' => '127.0.0.1:1025'
    'DDEV_PRIMARY_URL_WITHOUT_PORT' => 'https://derschmuckmacher-v3.ddev.site'
    'CRAFT_DB_PORT' => '3306'
    'SSH_AUTH_SOCK' => '/home/.ssh-agent/socket'
    'DDEV_GID' => '20'
    'NODE_EXTRA_CA_CERTS' => '/mnt/ddev-global-cache/mkcert/rootCA.pem'
    'DOCKER_IP' => '127.0.0.1'
    'PGPASSWORD' => 'db'
    'CRAFT_WEB_ROOT' => '/var/www/html/web'
    'DDEV_DOCROOT' => 'web'
    'PWD' => '/var/www/html'
    'PLATFORMSH_CLI_UPDATES_CHECK' => '0'
    'DDEV_APPROOT' => '/var/www/html'
    'DDEV_FILES_DIR' => ''
    'START_SCRIPT_TIMEOUT' => '57'
    'APACHE_SITE_TEMPLATE' => '/etc/apache2/apache-site.conf'
    'PHP_INI' => '/etc/php/8.2/fpm/php.ini'
    'DDEV_VERSION' => 'v1.24.10'
    'PRIMARY_SITE_URL' => 'https://derschmuckmacher-v3.ddev.site'
    'TZ' => 'Europe/Zurich'
    'DDEV_XHPROF_MODE' => 'prepend'
    'HTTPS_EXPOSE' => '443:80,8026:8025'
    'COREPACK_HOME' => '/mnt/ddev-global-cache/corepack'
    'CRAFT_DB_DATABASE' => 'db'
    'DDEV_PRIMARY_URL' => 'https://derschmuckmacher-v3.ddev.site'
    'LINES' => '17'
    'DDEV_SITENAME' => 'derschmuckmacher-v3'
    'HOME' => '/home/omar'
    'DRUSH_OPTIONS_URI' => 'https://derschmuckmacher-v3.ddev.site'
    'LANG' => 'C.UTF-8'
    'COLUMNS' => '371'
    'DDEV_MUTAGEN_ENABLED' => 'true'
    'DDEV_USER' => 'omar'
    'PGUSER' => 'db'
    'TERMINUS_CACHE_DIR' => '/mnt/ddev-global-cache/terminus/cache'
    'DDEV_PRIMARY_URL_PORT' => '443'
    'DDEV_ROUTER_HTTP_PORT' => '80'
    'MAILPIT_SMTP_HOSTNAME' => '127.0.0.1'
    'CRAFT_DB_DRIVER' => 'mysql'
    'COMPOSER_PROCESS_TIMEOUT' => '2000'
    'NGINX_SITE_TEMPLATE' => '/etc/nginx/nginx-site.conf'
    'DDEV_FILES_DIRS' => ''
    'CRAFT_DB_SERVER' => 'db'
    'HTTP_EXPOSE' => '80:80,8025:8025'
    'NVM_DIR' => '/home/omar/.nvm'
    'DDEV_PHP_VERSION' => '8.2'
    'DDEV_TLD' => 'ddev.site'
    'DDEV_HOSTNAME' => 'derschmuckmacher-v3.ddev.site'
    'DDEV_PROJECT' => 'derschmuckmacher-v3'
    'DDEV_GOARCH' => 'arm64'
    'VIRTUAL_HOST' => 'derschmuckmacher-v3.ddev.site'
    'TERM' => 'xterm'
    'USER' => 'omar'
    'MYSQL_HISTFILE' => '/mnt/ddev-global-cache/mysqlhistory/derschmuckmacher-v3-web/mysql_history'
    'DDEV_WEB_ENTRYPOINT' => '/mnt/ddev_config/web-entrypoint.d'
    'DDEV_UID' => '501'
    'CAROOT' => '/mnt/ddev-global-cache/mkcert'
    'SHLVL' => '1'
    'COMPOSER_ALLOW_SUPERUSER' => '1'
    'BASH_ENV' => '/etc/bash.nointeractive.bashrc'
    'DDEV_DATABASE' => 'mysql:8.0'
    'PGDATABASE' => 'db'
    'CRAFT_DB_USER' => 'db'
    'DDEV_SCHEME' => 'https'
    'XHPROF_OUTPUT_DIR' => '/tmp/xhprof'
    'COMPOSER_CACHE_DIR' => '/mnt/ddev-global-cache/composer'
    'DDEV_XDEBUG_ENABLED' => 'false'
    'DDEV_DATABASE_FAMILY' => 'mysql'
    'PGHOST' => 'db'
    'DDEV_COMPOSER_ROOT' => '/var/www/html'
    'CRAFT_DB_PASSWORD' => '••'
    'DOCROOT' => 'web'
    'TERMINUS_HIDE_UPDATE_MESSAGE' => '1'
    'PATH' => '/home/omar/bin:/var/www/html/vendor/bin:/usr/local/sbin:/usr/local/bin:/usr/sbin:/usr/bin:/sbin:/bin:/var/www/html/bin:/mnt/ddev-global-cache/global-commands/web'
    'HOST_DOCKER_INTERNAL_IP' => ''
    'DDEV_PROJECT_TYPE' => 'craftcms'
    'DEBIAN_FRONTEND' => 'noninteractive'
    'DDEV_ROUTER_HTTPS_PORT' => '443'
    'EXECIGNORE' => '/var/www/html/vendor/bin/composer'
    'SUPERVISOR_ENABLED' => '1'
    'SUPERVISOR_SERVER_URL' => 'unix:///var/run/supervisor.sock'
    'SUPERVISOR_PROCESS_NAME' => 'php-fpm'
    'SUPERVISOR_GROUP_NAME' => 'php-fpm'
    'HTTP_X_REQUESTED_WITH' => 'XMLHttpRequest'
    'HTTP_X_REGISTERED_JS_FILES' => ''
    'HTTP_X_REGISTERED_ASSET_BUNDLES' => '815d39ea,e7c1329,92d8701,22e517a2,aee7f8dc,26c46c25,e505ffd6,6b4d7555,bb2f10a0,e5e48399,fc0bc163,1ccab40d,1e21896b,54698ee0,b842675b,1c3c9add,4b1fd285,d8d08e47,8f00ce04,8768f48b,cf3018d6,ec6d0256,75f47f25,15a36a51'
    'HTTP_X_REAL_IP' => '172.18.0.1'
    'HTTP_X_FORWARDED_SERVER' => '21f32d6785eb'
    'HTTP_X_FORWARDED_PROTO' => 'https'
    'HTTP_X_FORWARDED_PORT' => '443'
    'HTTP_X_FORWARDED_HOST' => 'derschmuckmacher-v3.ddev.site'
    'HTTP_X_FORWARDED_FOR' => '172.18.0.1'
    'HTTP_X_CSRF_TOKEN' => '••••••••••••••••••••••••••••••••••••••••••••••••••••••••••••••••••••••••••••••••••••••••••••••••••••••••••••••••••••••••••••••••••••••••••••••••••••••••••••••••••••••••••••••••••••••••••••••••••••••••••••••••••••••••••••••••••••••••••••••••••••••••••••••••••••••••••••••••••••••••••••••••••••••••••••••••••••••••••••••••••••••••••••••••••••••••••••••••••••••••••••••••••••••••••••••••••••••••'
    'HTTP_TE' => 'trailers'
    'HTTP_SEC_GPC' => '1'
    'HTTP_SEC_FETCH_SITE' => 'same-origin'
    'HTTP_SEC_FETCH_MODE' => 'cors'
    'HTTP_SEC_FETCH_DEST' => 'empty'
    'HTTP_REFERER' => 'https://derschmuckmacher-v3.ddev.site/dW2axQ3b/content/entries/aktuelles/8582-offenes-atelier'
    'HTTP_ORIGIN' => 'https://derschmuckmacher-v3.ddev.site'
    'HTTP_COOKIE' => 'a8b7b1ec9ffb8baf2c6eaa253fe57112_username=26b9ec8568da68d3882e55afaa5d203483c6c5810ee05b5a55c8a0eb10cab93ea%3A2%3A%7Bi%3A0%3Bs%3A41%3A%22a8b7b1ec9ffb8baf2c6eaa253fe57112_username%22%3Bi%3A1%3Bs%3A8%3A%22odegiuli%22%3B%7D; CraftSessionId=d53e866d26bce875fb2884facc2d107e; CRAFT_CSRF_TOKEN=8a7d40a44925cffa5c6231ed712693479ccbd90a53c648b39aebabcbcfb32970a%3A2%3A%7Bi%3A0%3Bs%3A16%3A%22CRAFT_CSRF_TOKEN%22%3Bi%3A1%3Bs%3A147%3A%229VVivECA_J8xrEtMk6R8TWeXsv9sDEqSlX1ewKI4%7Ccf1973dd801adeb03ddc8c2365188f3412c2b61f83f5364963d159f3811886a99VVivECA_J8xrEtMk6R8TWeXsv9sDEqSlX1ewKI4%7C1%22%3B%7D; Craft-3626ffc1-d0a3-42e3-98aa-37e8aa759561_sidebar=expanded; cookieconsent_status=dismiss; Craft-3626ffc1-d0a3-42e3-98aa-37e8aa759561_sidebar-details=expanded; a8b7b1ec9ffb8baf2c6eaa253fe57112_identity=2ee63bec9c78b16cb52b6ff97233f3a03b82e66bcf4a25898f3cfa5b2b22da6ba%3A2%3A%7Bi%3A0%3Bs%3A41%3A%22a8b7b1ec9ffb8baf2c6eaa253fe57112_identity%22%3Bi%3A1%3Bs%3A159%3A%22%5B1%2C%22%5B%5C%22UrkbfhKiWjsY6RR3o2amMzH-bkXUYIGVFHW7CYAg9yt8FSPdbek0OuFnfjLETt7WF4FXkiJnsNQ1BXFFSpUfyKRsTAOTm2zEZRkh%5C%22%2Cnull%2C%5C%220ef01a0bceeac5b1d0a2b6557bd3d7b1%5C%22%5D%22%2C3600%5D%22%3B%7D'
    'HTTP_ACCEPT_LANGUAGE' => 'de,en-US;q=0.9,en;q=0.8'
    'HTTP_ACCEPT_ENCODING' => 'gzip, deflate, br, zstd'
    'HTTP_ACCEPT' => 'application/json, text/plain, */*'
    'HTTP_CONTENT_LENGTH' => '0'
    'HTTP_USER_AGENT' => 'Mozilla/5.0 (Macintosh; Intel Mac OS X 10.15; rv:150.0) Gecko/20100101 Firefox/150.0'
    'HTTP_HOST' => 'derschmuckmacher-v3.ddev.site'
    'HTTPS' => 'on'
    'REDIRECT_STATUS' => '200'
    'SERVER_NAME' => 'derschmuckmacher-v3.ddev.site'
    'SERVER_PORT' => '80'
    'SERVER_ADDR' => '172.18.0.3'
    'REMOTE_PORT' => '43764'
    'REMOTE_ADDR' => '172.18.0.5'
    'SERVER_SOFTWARE' => 'nginx/1.28.0'
    'GATEWAY_INTERFACE' => 'CGI/1.1'
    'REQUEST_SCHEME' => 'http'
    'SERVER_PROTOCOL' => 'HTTP/1.1'
    'DOCUMENT_ROOT' => '/var/www/html/web'
    'DOCUMENT_URI' => '/index.php'
    'REQUEST_URI' => '/index.php?p=dW2axQ3b%2Factions%2Fqueue%2Frun&v=1777538859994'
    'CONTENT_LENGTH' => '0'
    'CONTENT_TYPE' => ''
    'REQUEST_METHOD' => 'POST'
    'QUERY_STRING' => 'p=dW2axQ3b%2Factions%2Fqueue%2Frun&v=1777538859994'
    'SCRIPT_NAME' => '/index.php'
    'SCRIPT_FILENAME' => '/var/www/html/web/index.php'
    'FCGI_ROLE' => 'RESPONDER'
    'PHP_SELF' => '/index.php'
    'REQUEST_TIME_FLOAT' => 1777538859.9964
    'REQUEST_TIME' => 1777538859
    'CRAFT_APP_ID' => 'CraftCMS--3933bc78-29f5-4b79-bcc5-c31faf0fcd20'
    'CRAFT_ENVIRONMENT' => 'dev'
    'ENVIRONMENT' => 'dev'
    'CRAFT_SECURITY_KEY' => '••••••••••••••••••••••••••••••••'
    'CP_TRIGGER' => 'dW2axQ3b'
    'CRAFT_DB_SCHEMA' => 'public'
    'CRAFT_DB_TABLE_PREFIX' => ''
    'DEV_MODE' => 'true'
    'ALLOW_ADMIN_CHANGES' => 'true'
    'DISALLOW_ROBOTS' => 'true'
    'TIMEZONE' => 'Europe/Zurich'
    'CAPTCHA_SITE_KEY' => '••••••••••••••••••••••••••••••••••••••••'
    'CAPTCHA_SECRET_KEY' => '••••••••••••••••••••••••••••••••••••••••'
    'WEB_URL' => 'https://derschmuckmacher-v3.ddev.site'
    'WEB_ROOT' => '/var/www/html/web'
    'ASSETS_BASE_URL' => 'https://derschmuckmacher-v3.ddev.site/public'
    'ASSETS_BASE_PATH' => '/var/www/html/web/public'
    'SCHMUCK_BASE_URL' => 'https://derschmuckmacher-v3.ddev.site/public/uploads/schmuck'
    'SCHMUCK_BASE_PATH' => '/var/www/html/web/public/uploads/schmuck'
    'BILDER_BASE_URL' => 'https://derschmuckmacher-v3.ddev.site/public/uploads/bilder'
    'BILDER_BASE_PATH' => '/var/www/html/web/public/uploads/bilder'
] {"environment":"dev","userId":1} 
2026-04-30 10:47:43 [queue.INFO] [yii\db\Connection::open] Opening DB connection: mysql:host=db;dbname=db;port=3306 {"memory":1101336} 
2026-04-30 10:47:43 [queue.INFO] [yii\web\Session::open] Session started {"memory":1536752} 
2026-04-30 10:47:43 [queue.INFO] [nystudio107\codeeditor\CodeEditor::bootstrap] CodeEditor module bootstrapped {"memory":1558512} 
2026-04-30 10:47:43 [queue.INFO] [adigital\cookieconsentbanner\CookieConsentBanner::init] Cookie Consent Banner plugin loaded {"memory":1774400} 
2026-04-30 10:47:43 [queue.INFO] [miranj\obfuscator\Obfuscator::init] Obfuscator plugin loaded {"memory":2734360} 
2026-04-30 10:47:43 [queue.INFO] [yii\db\Connection::open] Opening DB connection: mysql:host=db;dbname=db;port=3306 {"memory":3001480} 
2026-04-30 10:47:43 [queue.INFO] [craft\queue\QueueLogBehavior::beforeExec]  [40540] t9n:["app","Updating search indexes"] (attempt: 1, pid: 16674) - Started {"memory":3060232} 
2026-04-30 10:47:43 [queue.INFO] [craft\queue\QueueLogBehavior::afterExec]  [40540] t9n:["app","Updating search indexes"] (attempt: 1, pid: 16674) - Done (time: 0.011s) {"memory":3637872} 
2026-04-30 10:47:43 [queue.INFO] [craft\queue\QueueLogBehavior::beforeExec]  [40541] t9n:["app","Updating search indexes"] (attempt: 1, pid: 16674) - Started {"memory":3645904} 
2026-04-30 10:47:43 [queue.INFO] [craft\queue\QueueLogBehavior::afterExec]  [40541] t9n:["app","Updating search indexes"] (attempt: 1, pid: 16674) - Done (time: 0.004s) {"memory":4122312} 
2026-04-30 10:47:43 [queue.INFO] [craft\queue\QueueLogBehavior::beforeExec]  [40542] t9n:["app","Pruning extra revisions"] (attempt: 1, pid: 16674) - Started {"memory":4130296} 
2026-04-30 10:47:43 [queue.INFO] [craft\queue\QueueLogBehavior::afterExec]  [40542] t9n:["app","Pruning extra revisions"] (attempt: 1, pid: 16674) - Done (time: 0.001s) {"memory":4216376} 
2026-04-30 10:47:43 [queue.INFO] [application] Request context:
$_GET = [
    'p' => 'dW2axQ3b/actions/queue/run'
    'v' => '1777538863092'
]

$_POST = []

$_FILES = []

$_COOKIE = [
    'a8b7b1ec9ffb8baf2c6eaa253fe57112_username' => '26b9ec8568da68d3882e55afaa5d203483c6c5810ee05b5a55c8a0eb10cab93ea:2:{i:0;s:41:\"a8b7b1ec9ffb8baf2c6eaa253fe57112_username\";i:1;s:8:\"odegiuli\";}'
    'CraftSessionId' => 'd53e866d26bce875fb2884facc2d107e'
    'CRAFT_CSRF_TOKEN' => '••••••••••••••••••••••••••••••••••••••••••••••••••••••••••••••••••••••••••••••••••••••••••••••••••••••••••••••••••••••••••••••••••••••••••••••••••••••••••••••••••••••••••••••••••••••••••••••••••••••••••••••••••••••••••••••••••••••••••••••••••••••••••••••••••'
    'Craft-3626ffc1-d0a3-42e3-98aa-37e8aa759561_sidebar' => 'expanded'
    'cookieconsent_status' => 'dismiss'
    'Craft-3626ffc1-d0a3-42e3-98aa-37e8aa759561_sidebar-details' => 'expanded'
    'a8b7b1ec9ffb8baf2c6eaa253fe57112_identity' => '2ee63bec9c78b16cb52b6ff97233f3a03b82e66bcf4a25898f3cfa5b2b22da6ba:2:{i:0;s:41:\"a8b7b1ec9ffb8baf2c6eaa253fe57112_identity\";i:1;s:159:\"[1,\"[\\\"UrkbfhKiWjsY6RR3o2amMzH-bkXUYIGVFHW7CYAg9yt8FSPdbek0OuFnfjLETt7WF4FXkiJnsNQ1BXFFSpUfyKRsTAOTm2zEZRkh\\\",null,\\\"0ef01a0bceeac5b1d0a2b6557bd3d7b1\\\"]\",3600]\";}'
]

$_SESSION = [
    '22b6a59deafcfb2ffb13c3adf3d98a3b__auth_access' => [
        0 => 'previewElement:6476'
        1 => 'saveAssets:856a3aeb-b21b-4d41-af3f-0a23db430323'
        2 => 'previewDraft:904'
        3 => 'previewElement:8616'
        4 => 'previewDraft:905'
        5 => 'previewElement:7158'
        6 => 'previewDraft:906'
        7 => 'previewDraft:908'
        8 => 'previewElement:8689'
        9 => 'saveAssets:'
        10 => 'previewDraft:910'
        11 => 'saveAssets:1986f3e0-bf2e-4ccd-b34c-7ec2d979afdd'
        12 => 'previewDraft:912'
        13 => 'previewDraft:914'
        14 => 'previewDraft:916'
        15 => 'previewElement:7186'
        16 => 'previewDraft:918'
        17 => 'previewDraft:920'
        18 => 'previewDraft:922'
        19 => 'previewDraft:924'
        20 => 'previewDraft:926'
        21 => 'previewDraft:928'
        22 => 'manageNestedElements::8753::field:kacheln'
        23 => 'previewDraft:930'
        24 => 'manageNestedElements::8755::field:kacheln'
        25 => 'previewDraft:931'
        26 => 'previewDraft:934'
        27 => 'previewDraft:935'
        28 => 'previewDraft:936'
        29 => 'previewDraft:937'
        30 => 'previewDraft:938'
        31 => 'previewDraft:940'
        32 => 'previewDraft:942'
        33 => 'previewElement:8582'
        34 => 'previewDraft:944'
        35 => 'previewDraft:945'
        36 => 'previewDraft:947'
        37 => 'previewDraft:949'
        38 => 'previewDraft:951'
        39 => 'previewDraft:952'
        40 => 'previewDraft:954'
        41 => 'previewDraft:955'
        42 => 'previewDraft:956'
        43 => 'previewDraft:958'
        44 => 'previewDraft:959'
        45 => 'previewDraft:960'
        46 => 'previewDraft:962'
        47 => 'previewDraft:963'
        48 => 'previewDraft:964'
        49 => 'previewDraft:965'
        50 => 'manageNestedElements::8841::field:kacheln'
        51 => 'previewDraft:967'
        52 => 'manageNestedElements::8844::field:kacheln'
        53 => 'previewDraft:968'
        54 => 'previewDraft:969'
        55 => 'previewDraft:971'
        56 => 'previewDraft:972'
        57 => 'previewDraft:973'
        58 => 'previewDraft:975'
        59 => 'previewDraft:977'
        60 => 'previewDraft:979'
        61 => 'previewDraft:981'
        62 => 'previewDraft:983'
        63 => 'previewDraft:985'
        64 => 'previewDraft:987'
        65 => 'previewDraft:989'
        66 => 'previewDraft:991'
        67 => 'previewDraft:992'
        68 => 'previewDraft:994'
        69 => 'previewDraft:995'
        70 => 'previewDraft:996'
    ]
    '22b6a59deafcfb2ffb13c3adf3d98a3b__flash' => []
    'a8b7b1ec9ffb8baf2c6eaa253fe57112__token' => '••••••••••••••••••••••••••••••••••••••••••••••••••••••••••••••••••••••••••••••••••••••••••••••••••••'
    'a8b7b1ec9ffb8baf2c6eaa253fe57112__id' => 1
    '__authKey' => '••••••••••••••••••••••••••••••••••••••••••••••••••••••••••••••••••••••••••••••••••••••••••••••••••••••••••••••••••••••••••••••••••••••••••••••••'
    'a8b7b1ec9ffb8baf2c6eaa253fe57112__expire' => 1777542463
    '__duration' => 3600
    '__elevated_timeout' => 1777538397
]

$_SERVER = [
    'DEPLOY_NAME' => 'local'
    'DDEV_WEBSERVER_TYPE' => 'nginx-fpm'
    'npm_config_cache' => '/mnt/ddev-global-cache/npm'
    'COREPACK_ENABLE_DOWNLOAD_PROMPT' => '0'
    'DDEV_GOOS' => 'darwin'
    'IS_DDEV_PROJECT' => 'true'
    'PHP_DEFAULT_VERSION' => '8.3'
    'HOSTNAME' => 'derschmuckmacher-v3-web'
    'MAILPIT_SMTP_PORT' => '1025'
    'MH_SMTP_BIND_ADDR' => '127.0.0.1:1025'
    'DDEV_PRIMARY_URL_WITHOUT_PORT' => 'https://derschmuckmacher-v3.ddev.site'
    'CRAFT_DB_PORT' => '3306'
    'SSH_AUTH_SOCK' => '/home/.ssh-agent/socket'
    'DDEV_GID' => '20'
    'NODE_EXTRA_CA_CERTS' => '/mnt/ddev-global-cache/mkcert/rootCA.pem'
    'DOCKER_IP' => '127.0.0.1'
    'PGPASSWORD' => 'db'
    'CRAFT_WEB_ROOT' => '/var/www/html/web'
    'DDEV_DOCROOT' => 'web'
    'PWD' => '/var/www/html'
    'PLATFORMSH_CLI_UPDATES_CHECK' => '0'
    'DDEV_APPROOT' => '/var/www/html'
    'DDEV_FILES_DIR' => ''
    'START_SCRIPT_TIMEOUT' => '57'
    'APACHE_SITE_TEMPLATE' => '/etc/apache2/apache-site.conf'
    'PHP_INI' => '/etc/php/8.2/fpm/php.ini'
    'DDEV_VERSION' => 'v1.24.10'
    'PRIMARY_SITE_URL' => 'https://derschmuckmacher-v3.ddev.site'
    'TZ' => 'Europe/Zurich'
    'DDEV_XHPROF_MODE' => 'prepend'
    'HTTPS_EXPOSE' => '443:80,8026:8025'
    'COREPACK_HOME' => '/mnt/ddev-global-cache/corepack'
    'CRAFT_DB_DATABASE' => 'db'
    'DDEV_PRIMARY_URL' => 'https://derschmuckmacher-v3.ddev.site'
    'LINES' => '17'
    'DDEV_SITENAME' => 'derschmuckmacher-v3'
    'HOME' => '/home/omar'
    'DRUSH_OPTIONS_URI' => 'https://derschmuckmacher-v3.ddev.site'
    'LANG' => 'C.UTF-8'
    'COLUMNS' => '371'
    'DDEV_MUTAGEN_ENABLED' => 'true'
    'DDEV_USER' => 'omar'
    'PGUSER' => 'db'
    'TERMINUS_CACHE_DIR' => '/mnt/ddev-global-cache/terminus/cache'
    'DDEV_PRIMARY_URL_PORT' => '443'
    'DDEV_ROUTER_HTTP_PORT' => '80'
    'MAILPIT_SMTP_HOSTNAME' => '127.0.0.1'
    'CRAFT_DB_DRIVER' => 'mysql'
    'COMPOSER_PROCESS_TIMEOUT' => '2000'
    'NGINX_SITE_TEMPLATE' => '/etc/nginx/nginx-site.conf'
    'DDEV_FILES_DIRS' => ''
    'CRAFT_DB_SERVER' => 'db'
    'HTTP_EXPOSE' => '80:80,8025:8025'
    'NVM_DIR' => '/home/omar/.nvm'
    'DDEV_PHP_VERSION' => '8.2'
    'DDEV_TLD' => 'ddev.site'
    'DDEV_HOSTNAME' => 'derschmuckmacher-v3.ddev.site'
    'DDEV_PROJECT' => 'derschmuckmacher-v3'
    'DDEV_GOARCH' => 'arm64'
    'VIRTUAL_HOST' => 'derschmuckmacher-v3.ddev.site'
    'TERM' => 'xterm'
    'USER' => 'omar'
    'MYSQL_HISTFILE' => '/mnt/ddev-global-cache/mysqlhistory/derschmuckmacher-v3-web/mysql_history'
    'DDEV_WEB_ENTRYPOINT' => '/mnt/ddev_config/web-entrypoint.d'
    'DDEV_UID' => '501'
    'CAROOT' => '/mnt/ddev-global-cache/mkcert'
    'SHLVL' => '1'
    'COMPOSER_ALLOW_SUPERUSER' => '1'
    'BASH_ENV' => '/etc/bash.nointeractive.bashrc'
    'DDEV_DATABASE' => 'mysql:8.0'
    'PGDATABASE' => 'db'
    'CRAFT_DB_USER' => 'db'
    'DDEV_SCHEME' => 'https'
    'XHPROF_OUTPUT_DIR' => '/tmp/xhprof'
    'COMPOSER_CACHE_DIR' => '/mnt/ddev-global-cache/composer'
    'DDEV_XDEBUG_ENABLED' => 'false'
    'DDEV_DATABASE_FAMILY' => 'mysql'
    'PGHOST' => 'db'
    'DDEV_COMPOSER_ROOT' => '/var/www/html'
    'CRAFT_DB_PASSWORD' => '••'
    'DOCROOT' => 'web'
    'TERMINUS_HIDE_UPDATE_MESSAGE' => '1'
    'PATH' => '/home/omar/bin:/var/www/html/vendor/bin:/usr/local/sbin:/usr/local/bin:/usr/sbin:/usr/bin:/sbin:/bin:/var/www/html/bin:/mnt/ddev-global-cache/global-commands/web'
    'HOST_DOCKER_INTERNAL_IP' => ''
    'DDEV_PROJECT_TYPE' => 'craftcms'
    'DEBIAN_FRONTEND' => 'noninteractive'
    'DDEV_ROUTER_HTTPS_PORT' => '443'
    'EXECIGNORE' => '/var/www/html/vendor/bin/composer'
    'SUPERVISOR_ENABLED' => '1'
    'SUPERVISOR_SERVER_URL' => 'unix:///var/run/supervisor.sock'
    'SUPERVISOR_PROCESS_NAME' => 'php-fpm'
    'SUPERVISOR_GROUP_NAME' => 'php-fpm'
    'HTTP_X_REQUESTED_WITH' => 'XMLHttpRequest'
    'HTTP_X_REGISTERED_JS_FILES' => ''
    'HTTP_X_REGISTERED_ASSET_BUNDLES' => '22e517a2,aee7f8dc,26c46c25,e505ffd6,6b4d7555,bb2f10a0,e5e48399,815d39ea,fc0bc163,1ccab40d,1e21896b,54698ee0,b842675b,1c3c9add,4b1fd285,d8d08e47,8f00ce04,8768f48b,cf3018d6,ec6d0256'
    'HTTP_X_REAL_IP' => '172.18.0.1'
    'HTTP_X_FORWARDED_SERVER' => '21f32d6785eb'
    'HTTP_X_FORWARDED_PROTO' => 'https'
    'HTTP_X_FORWARDED_PORT' => '443'
    'HTTP_X_FORWARDED_HOST' => 'derschmuckmacher-v3.ddev.site'
    'HTTP_X_FORWARDED_FOR' => '172.18.0.1'
    'HTTP_X_CSRF_TOKEN' => '••••••••••••••••••••••••••••••••••••••••••••••••••••••••••••••••••••••••••••••••••••••••••••••••••••••••••••••••••••••••••••••••••••••••••••••••••••••••••••••••••••••••••••••••••••••••••••••••••••••••••••••••••••••••••••••••••••••••••••••••••••••••••••••••••••••••••••••••••••••••••••••••••••••••••••••••••••••••••••••••••••••••••••••••••••••••••••••••••••••••••••••••••••••••••••••••••••••••'
    'HTTP_TE' => 'trailers'
    'HTTP_SEC_GPC' => '1'
    'HTTP_SEC_FETCH_SITE' => 'same-origin'
    'HTTP_SEC_FETCH_MODE' => 'cors'
    'HTTP_SEC_FETCH_DEST' => 'empty'
    'HTTP_REFERER' => 'https://derschmuckmacher-v3.ddev.site/dW2axQ3b/content/entries/aktuelles?source=section%3Aabbf7c18-fd88-4baf-9a5e-dbccf55f4b56'
    'HTTP_ORIGIN' => 'https://derschmuckmacher-v3.ddev.site'
    'HTTP_COOKIE' => 'a8b7b1ec9ffb8baf2c6eaa253fe57112_username=26b9ec8568da68d3882e55afaa5d203483c6c5810ee05b5a55c8a0eb10cab93ea%3A2%3A%7Bi%3A0%3Bs%3A41%3A%22a8b7b1ec9ffb8baf2c6eaa253fe57112_username%22%3Bi%3A1%3Bs%3A8%3A%22odegiuli%22%3B%7D; CraftSessionId=d53e866d26bce875fb2884facc2d107e; CRAFT_CSRF_TOKEN=8a7d40a44925cffa5c6231ed712693479ccbd90a53c648b39aebabcbcfb32970a%3A2%3A%7Bi%3A0%3Bs%3A16%3A%22CRAFT_CSRF_TOKEN%22%3Bi%3A1%3Bs%3A147%3A%229VVivECA_J8xrEtMk6R8TWeXsv9sDEqSlX1ewKI4%7Ccf1973dd801adeb03ddc8c2365188f3412c2b61f83f5364963d159f3811886a99VVivECA_J8xrEtMk6R8TWeXsv9sDEqSlX1ewKI4%7C1%22%3B%7D; Craft-3626ffc1-d0a3-42e3-98aa-37e8aa759561_sidebar=expanded; cookieconsent_status=dismiss; Craft-3626ffc1-d0a3-42e3-98aa-37e8aa759561_sidebar-details=expanded; a8b7b1ec9ffb8baf2c6eaa253fe57112_identity=2ee63bec9c78b16cb52b6ff97233f3a03b82e66bcf4a25898f3cfa5b2b22da6ba%3A2%3A%7Bi%3A0%3Bs%3A41%3A%22a8b7b1ec9ffb8baf2c6eaa253fe57112_identity%22%3Bi%3A1%3Bs%3A159%3A%22%5B1%2C%22%5B%5C%22UrkbfhKiWjsY6RR3o2amMzH-bkXUYIGVFHW7CYAg9yt8FSPdbek0OuFnfjLETt7WF4FXkiJnsNQ1BXFFSpUfyKRsTAOTm2zEZRkh%5C%22%2Cnull%2C%5C%220ef01a0bceeac5b1d0a2b6557bd3d7b1%5C%22%5D%22%2C3600%5D%22%3B%7D'
    'HTTP_ACCEPT_LANGUAGE' => 'de,en-US;q=0.9,en;q=0.8'
    'HTTP_ACCEPT_ENCODING' => 'gzip, deflate, br, zstd'
    'HTTP_ACCEPT' => 'application/json, text/plain, */*'
    'HTTP_CONTENT_LENGTH' => '0'
    'HTTP_USER_AGENT' => 'Mozilla/5.0 (Macintosh; Intel Mac OS X 10.15; rv:150.0) Gecko/20100101 Firefox/150.0'
    'HTTP_HOST' => 'derschmuckmacher-v3.ddev.site'
    'HTTPS' => 'on'
    'REDIRECT_STATUS' => '200'
    'SERVER_NAME' => 'derschmuckmacher-v3.ddev.site'
    'SERVER_PORT' => '80'
    'SERVER_ADDR' => '172.18.0.3'
    'REMOTE_PORT' => '43778'
    'REMOTE_ADDR' => '172.18.0.5'
    'SERVER_SOFTWARE' => 'nginx/1.28.0'
    'GATEWAY_INTERFACE' => 'CGI/1.1'
    'REQUEST_SCHEME' => 'http'
    'SERVER_PROTOCOL' => 'HTTP/1.1'
    'DOCUMENT_ROOT' => '/var/www/html/web'
    'DOCUMENT_URI' => '/index.php'
    'REQUEST_URI' => '/index.php?p=dW2axQ3b%2Factions%2Fqueue%2Frun&v=1777538863092'
    'CONTENT_LENGTH' => '0'
    'CONTENT_TYPE' => ''
    'REQUEST_METHOD' => 'POST'
    'QUERY_STRING' => 'p=dW2axQ3b%2Factions%2Fqueue%2Frun&v=1777538863092'
    'SCRIPT_NAME' => '/index.php'
    'SCRIPT_FILENAME' => '/var/www/html/web/index.php'
    'FCGI_ROLE' => 'RESPONDER'
    'PHP_SELF' => '/index.php'
    'REQUEST_TIME_FLOAT' => 1777538863.0968
    'REQUEST_TIME' => 1777538863
    'CRAFT_APP_ID' => 'CraftCMS--3933bc78-29f5-4b79-bcc5-c31faf0fcd20'
    'CRAFT_ENVIRONMENT' => 'dev'
    'ENVIRONMENT' => 'dev'
    'CRAFT_SECURITY_KEY' => '••••••••••••••••••••••••••••••••'
    'CP_TRIGGER' => 'dW2axQ3b'
    'CRAFT_DB_SCHEMA' => 'public'
    'CRAFT_DB_TABLE_PREFIX' => ''
    'DEV_MODE' => 'true'
    'ALLOW_ADMIN_CHANGES' => 'true'
    'DISALLOW_ROBOTS' => 'true'
    'TIMEZONE' => 'Europe/Zurich'
    'CAPTCHA_SITE_KEY' => '••••••••••••••••••••••••••••••••••••••••'
    'CAPTCHA_SECRET_KEY' => '••••••••••••••••••••••••••••••••••••••••'
    'WEB_URL' => 'https://derschmuckmacher-v3.ddev.site'
    'WEB_ROOT' => '/var/www/html/web'
    'ASSETS_BASE_URL' => 'https://derschmuckmacher-v3.ddev.site/public'
    'ASSETS_BASE_PATH' => '/var/www/html/web/public'
    'SCHMUCK_BASE_URL' => 'https://derschmuckmacher-v3.ddev.site/public/uploads/schmuck'
    'SCHMUCK_BASE_PATH' => '/var/www/html/web/public/uploads/schmuck'
    'BILDER_BASE_URL' => 'https://derschmuckmacher-v3.ddev.site/public/uploads/bilder'
    'BILDER_BASE_PATH' => '/var/www/html/web/public/uploads/bilder'
] {"environment":"dev","userId":1} 
2026-04-30 10:57:29 [queue.INFO] [yii\db\Connection::open] Opening DB connection: mysql:host=db;dbname=db;port=3306 {"memory":1101240} 
2026-04-30 10:57:29 [queue.INFO] [yii\web\Session::open] Session started {"memory":1544664} 
2026-04-30 10:57:29 [queue.INFO] [nystudio107\codeeditor\CodeEditor::bootstrap] CodeEditor module bootstrapped {"memory":1564184} 
2026-04-30 10:57:29 [queue.INFO] [adigital\cookieconsentbanner\CookieConsentBanner::init] Cookie Consent Banner plugin loaded {"memory":1780072} 
2026-04-30 10:57:29 [queue.INFO] [miranj\obfuscator\Obfuscator::init] Obfuscator plugin loaded {"memory":2740032} 
2026-04-30 10:57:29 [queue.INFO] [yii\db\Connection::open] Opening DB connection: mysql:host=db;dbname=db;port=3306 {"memory":3007152} 
2026-04-30 10:57:29 [queue.INFO] [craft\queue\QueueLogBehavior::beforeExec]  [40543] t9n:["app","Generating image transform for {file}",{"file":"Hero-1-Home-oben.jpg"}] (attempt: 1, pid: 16674) - Started {"memory":3065488} 
2026-04-30 10:57:29 [queue.INFO] [craft\queue\QueueLogBehavior::afterExec]  [40543] t9n:["app","Generating image transform for {file}",{"file":"Hero-1-Home-oben.jpg"}] (attempt: 1, pid: 16674) - Done (time: 0.000s) {"memory":3072800} 
2026-04-30 10:57:29 [queue.INFO] [craft\queue\QueueLogBehavior::beforeExec]  [40544] t9n:["app","Generating image transform for {file}",{"file":"Hero-1-Home-oben.jpg"}] (attempt: 1, pid: 16674) - Started {"memory":3086416} 
2026-04-30 10:57:29 [queue.INFO] [craft\queue\QueueLogBehavior::afterExec]  [40544] t9n:["app","Generating image transform for {file}",{"file":"Hero-1-Home-oben.jpg"}] (attempt: 1, pid: 16674) - Done (time: 0.038s) {"memory":3278440} 
2026-04-30 10:57:29 [queue.INFO] [craft\queue\QueueLogBehavior::beforeExec]  [40545] t9n:["app","Pruning extra revisions"] (attempt: 1, pid: 16674) - Started {"memory":3286792} 
2026-04-30 10:57:29 [queue.INFO] [craft\queue\QueueLogBehavior::afterExec]  [40545] t9n:["app","Pruning extra revisions"] (attempt: 1, pid: 16674) - Done (time: 0.009s) {"memory":3894848} 
2026-04-30 10:57:29 [queue.INFO] [application] Request context:
$_GET = [
    'p' => 'dW2axQ3b/actions/queue/run'
    'v' => '1777539449796'
]

$_POST = []

$_FILES = []

$_COOKIE = [
    'a8b7b1ec9ffb8baf2c6eaa253fe57112_username' => '26b9ec8568da68d3882e55afaa5d203483c6c5810ee05b5a55c8a0eb10cab93ea:2:{i:0;s:41:\"a8b7b1ec9ffb8baf2c6eaa253fe57112_username\";i:1;s:8:\"odegiuli\";}'
    'CraftSessionId' => 'd53e866d26bce875fb2884facc2d107e'
    'CRAFT_CSRF_TOKEN' => '••••••••••••••••••••••••••••••••••••••••••••••••••••••••••••••••••••••••••••••••••••••••••••••••••••••••••••••••••••••••••••••••••••••••••••••••••••••••••••••••••••••••••••••••••••••••••••••••••••••••••••••••••••••••••••••••••••••••••••••••••••••••••••••••••'
    'Craft-3626ffc1-d0a3-42e3-98aa-37e8aa759561_sidebar' => 'expanded'
    'cookieconsent_status' => 'dismiss'
    'Craft-3626ffc1-d0a3-42e3-98aa-37e8aa759561_sidebar-details' => 'expanded'
    'a8b7b1ec9ffb8baf2c6eaa253fe57112_identity' => '2ee63bec9c78b16cb52b6ff97233f3a03b82e66bcf4a25898f3cfa5b2b22da6ba:2:{i:0;s:41:\"a8b7b1ec9ffb8baf2c6eaa253fe57112_identity\";i:1;s:159:\"[1,\"[\\\"UrkbfhKiWjsY6RR3o2amMzH-bkXUYIGVFHW7CYAg9yt8FSPdbek0OuFnfjLETt7WF4FXkiJnsNQ1BXFFSpUfyKRsTAOTm2zEZRkh\\\",null,\\\"0ef01a0bceeac5b1d0a2b6557bd3d7b1\\\"]\",3600]\";}'
]

$_SESSION = [
    '22b6a59deafcfb2ffb13c3adf3d98a3b__auth_access' => [
        0 => 'previewElement:6476'
        1 => 'saveAssets:856a3aeb-b21b-4d41-af3f-0a23db430323'
        2 => 'previewDraft:904'
        3 => 'previewElement:8616'
        4 => 'previewDraft:905'
        5 => 'previewElement:7158'
        6 => 'previewDraft:906'
        7 => 'previewDraft:908'
        8 => 'previewElement:8689'
        9 => 'saveAssets:'
        10 => 'previewDraft:910'
        11 => 'saveAssets:1986f3e0-bf2e-4ccd-b34c-7ec2d979afdd'
        12 => 'previewDraft:912'
        13 => 'previewDraft:914'
        14 => 'previewDraft:916'
        15 => 'previewElement:7186'
        16 => 'previewDraft:918'
        17 => 'previewDraft:920'
        18 => 'previewDraft:922'
        19 => 'previewDraft:924'
        20 => 'previewDraft:926'
        21 => 'previewDraft:928'
        22 => 'manageNestedElements::8753::field:kacheln'
        23 => 'previewDraft:930'
        24 => 'manageNestedElements::8755::field:kacheln'
        25 => 'previewDraft:931'
        26 => 'previewDraft:934'
        27 => 'previewDraft:935'
        28 => 'previewDraft:936'
        29 => 'previewDraft:937'
        30 => 'previewDraft:938'
        31 => 'previewDraft:940'
        32 => 'previewDraft:942'
        33 => 'previewElement:8582'
        34 => 'previewDraft:944'
        35 => 'previewDraft:945'
        36 => 'previewDraft:947'
        37 => 'previewDraft:949'
        38 => 'previewDraft:951'
        39 => 'previewDraft:952'
        40 => 'previewDraft:954'
        41 => 'previewDraft:955'
        42 => 'previewDraft:956'
        43 => 'previewDraft:958'
        44 => 'previewDraft:959'
        45 => 'previewDraft:960'
        46 => 'previewDraft:962'
        47 => 'previewDraft:963'
        48 => 'previewDraft:964'
        49 => 'previewDraft:965'
        50 => 'manageNestedElements::8841::field:kacheln'
        51 => 'previewDraft:967'
        52 => 'manageNestedElements::8844::field:kacheln'
        53 => 'previewDraft:968'
        54 => 'previewDraft:969'
        55 => 'previewDraft:971'
        56 => 'previewDraft:972'
        57 => 'previewDraft:973'
        58 => 'previewDraft:975'
        59 => 'previewDraft:977'
        60 => 'previewDraft:979'
        61 => 'previewDraft:981'
        62 => 'previewDraft:983'
        63 => 'previewDraft:985'
        64 => 'previewDraft:987'
        65 => 'previewDraft:989'
        66 => 'previewDraft:991'
        67 => 'previewDraft:992'
        68 => 'previewDraft:994'
        69 => 'previewDraft:995'
        70 => 'previewDraft:996'
    ]
    'a8b7b1ec9ffb8baf2c6eaa253fe57112__token' => '••••••••••••••••••••••••••••••••••••••••••••••••••••••••••••••••••••••••••••••••••••••••••••••••••••'
    'a8b7b1ec9ffb8baf2c6eaa253fe57112__id' => 1
    '__authKey' => '••••••••••••••••••••••••••••••••••••••••••••••••••••••••••••••••••••••••••••••••••••••••••••••••••••••••••••••••••••••••••••••••••••••••••••••••'
    'a8b7b1ec9ffb8baf2c6eaa253fe57112__expire' => 1777543049
    '__duration' => 3600
    '__elevated_timeout' => 1777538397
    '22b6a59deafcfb2ffb13c3adf3d98a3b__flash' => []
]

$_SERVER = [
    'DEPLOY_NAME' => 'local'
    'DDEV_WEBSERVER_TYPE' => 'nginx-fpm'
    'npm_config_cache' => '/mnt/ddev-global-cache/npm'
    'COREPACK_ENABLE_DOWNLOAD_PROMPT' => '0'
    'DDEV_GOOS' => 'darwin'
    'IS_DDEV_PROJECT' => 'true'
    'PHP_DEFAULT_VERSION' => '8.3'
    'HOSTNAME' => 'derschmuckmacher-v3-web'
    'MAILPIT_SMTP_PORT' => '1025'
    'MH_SMTP_BIND_ADDR' => '127.0.0.1:1025'
    'DDEV_PRIMARY_URL_WITHOUT_PORT' => 'https://derschmuckmacher-v3.ddev.site'
    'CRAFT_DB_PORT' => '3306'
    'SSH_AUTH_SOCK' => '/home/.ssh-agent/socket'
    'DDEV_GID' => '20'
    'NODE_EXTRA_CA_CERTS' => '/mnt/ddev-global-cache/mkcert/rootCA.pem'
    'DOCKER_IP' => '127.0.0.1'
    'PGPASSWORD' => 'db'
    'CRAFT_WEB_ROOT' => '/var/www/html/web'
    'DDEV_DOCROOT' => 'web'
    'PWD' => '/var/www/html'
    'PLATFORMSH_CLI_UPDATES_CHECK' => '0'
    'DDEV_APPROOT' => '/var/www/html'
    'DDEV_FILES_DIR' => ''
    'START_SCRIPT_TIMEOUT' => '57'
    'APACHE_SITE_TEMPLATE' => '/etc/apache2/apache-site.conf'
    'PHP_INI' => '/etc/php/8.2/fpm/php.ini'
    'DDEV_VERSION' => 'v1.24.10'
    'PRIMARY_SITE_URL' => 'https://derschmuckmacher-v3.ddev.site'
    'TZ' => 'Europe/Zurich'
    'DDEV_XHPROF_MODE' => 'prepend'
    'HTTPS_EXPOSE' => '443:80,8026:8025'
    'COREPACK_HOME' => '/mnt/ddev-global-cache/corepack'
    'CRAFT_DB_DATABASE' => 'db'
    'DDEV_PRIMARY_URL' => 'https://derschmuckmacher-v3.ddev.site'
    'LINES' => '17'
    'DDEV_SITENAME' => 'derschmuckmacher-v3'
    'HOME' => '/home/omar'
    'DRUSH_OPTIONS_URI' => 'https://derschmuckmacher-v3.ddev.site'
    'LANG' => 'C.UTF-8'
    'COLUMNS' => '371'
    'DDEV_MUTAGEN_ENABLED' => 'true'
    'DDEV_USER' => 'omar'
    'PGUSER' => 'db'
    'TERMINUS_CACHE_DIR' => '/mnt/ddev-global-cache/terminus/cache'
    'DDEV_PRIMARY_URL_PORT' => '443'
    'DDEV_ROUTER_HTTP_PORT' => '80'
    'MAILPIT_SMTP_HOSTNAME' => '127.0.0.1'
    'CRAFT_DB_DRIVER' => 'mysql'
    'COMPOSER_PROCESS_TIMEOUT' => '2000'
    'NGINX_SITE_TEMPLATE' => '/etc/nginx/nginx-site.conf'
    'DDEV_FILES_DIRS' => ''
    'CRAFT_DB_SERVER' => 'db'
    'HTTP_EXPOSE' => '80:80,8025:8025'
    'NVM_DIR' => '/home/omar/.nvm'
    'DDEV_PHP_VERSION' => '8.2'
    'DDEV_TLD' => 'ddev.site'
    'DDEV_HOSTNAME' => 'derschmuckmacher-v3.ddev.site'
    'DDEV_PROJECT' => 'derschmuckmacher-v3'
    'DDEV_GOARCH' => 'arm64'
    'VIRTUAL_HOST' => 'derschmuckmacher-v3.ddev.site'
    'TERM' => 'xterm'
    'USER' => 'omar'
    'MYSQL_HISTFILE' => '/mnt/ddev-global-cache/mysqlhistory/derschmuckmacher-v3-web/mysql_history'
    'DDEV_WEB_ENTRYPOINT' => '/mnt/ddev_config/web-entrypoint.d'
    'DDEV_UID' => '501'
    'CAROOT' => '/mnt/ddev-global-cache/mkcert'
    'SHLVL' => '1'
    'COMPOSER_ALLOW_SUPERUSER' => '1'
    'BASH_ENV' => '/etc/bash.nointeractive.bashrc'
    'DDEV_DATABASE' => 'mysql:8.0'
    'PGDATABASE' => 'db'
    'CRAFT_DB_USER' => 'db'
    'DDEV_SCHEME' => 'https'
    'XHPROF_OUTPUT_DIR' => '/tmp/xhprof'
    'COMPOSER_CACHE_DIR' => '/mnt/ddev-global-cache/composer'
    'DDEV_XDEBUG_ENABLED' => 'false'
    'DDEV_DATABASE_FAMILY' => 'mysql'
    'PGHOST' => 'db'
    'DDEV_COMPOSER_ROOT' => '/var/www/html'
    'CRAFT_DB_PASSWORD' => '••'
    'DOCROOT' => 'web'
    'TERMINUS_HIDE_UPDATE_MESSAGE' => '1'
    'PATH' => '/home/omar/bin:/var/www/html/vendor/bin:/usr/local/sbin:/usr/local/bin:/usr/sbin:/usr/bin:/sbin:/bin:/var/www/html/bin:/mnt/ddev-global-cache/global-commands/web'
    'HOST_DOCKER_INTERNAL_IP' => ''
    'DDEV_PROJECT_TYPE' => 'craftcms'
    'DEBIAN_FRONTEND' => 'noninteractive'
    'DDEV_ROUTER_HTTPS_PORT' => '443'
    'EXECIGNORE' => '/var/www/html/vendor/bin/composer'
    'SUPERVISOR_ENABLED' => '1'
    'SUPERVISOR_SERVER_URL' => 'unix:///var/run/supervisor.sock'
    'SUPERVISOR_PROCESS_NAME' => 'php-fpm'
    'SUPERVISOR_GROUP_NAME' => 'php-fpm'
    'HTTP_X_REQUESTED_WITH' => 'XMLHttpRequest'
    'HTTP_X_REGISTERED_JS_FILES' => ''
    'HTTP_X_REGISTERED_ASSET_BUNDLES' => '22e517a2,aee7f8dc,26c46c25,e505ffd6,6b4d7555,bb2f10a0,e5e48399,815d39ea,fc0bc163,1ccab40d,1e21896b,54698ee0,b842675b,1c3c9add,4b1fd285,d8d08e47,8f00ce04,8768f48b,cf3018d6,ec6d0256'
    'HTTP_X_REAL_IP' => '172.18.0.1'
    'HTTP_X_FORWARDED_SERVER' => '21f32d6785eb'
    'HTTP_X_FORWARDED_PROTO' => 'https'
    'HTTP_X_FORWARDED_PORT' => '443'
    'HTTP_X_FORWARDED_HOST' => 'derschmuckmacher-v3.ddev.site'
    'HTTP_X_FORWARDED_FOR' => '172.18.0.1'
    'HTTP_X_CSRF_TOKEN' => '••••••••••••••••••••••••••••••••••••••••••••••••••••••••••••••••••••••••••••••••••••••••••••••••••••••••••••••••••••••••••••••••••••••••••••••••••••••••••••••••••••••••••••••••••••••••••••••••••••••••••••••••••••••••••••••••••••••••••••••••••••••••••••••••••••••••••••••••••••••••••••••••••••••••••••••••••••••••••••••••••••••••••••••••••••••••••••••••••••••••••••••••••••••••••••••••••••••••'
    'HTTP_TE' => 'trailers'
    'HTTP_SEC_GPC' => '1'
    'HTTP_SEC_FETCH_SITE' => 'same-origin'
    'HTTP_SEC_FETCH_MODE' => 'cors'
    'HTTP_SEC_FETCH_DEST' => 'empty'
    'HTTP_REFERER' => 'https://derschmuckmacher-v3.ddev.site/dW2axQ3b/content/entries/singles?source=singles'
    'HTTP_ORIGIN' => 'https://derschmuckmacher-v3.ddev.site'
    'HTTP_COOKIE' => 'a8b7b1ec9ffb8baf2c6eaa253fe57112_username=26b9ec8568da68d3882e55afaa5d203483c6c5810ee05b5a55c8a0eb10cab93ea%3A2%3A%7Bi%3A0%3Bs%3A41%3A%22a8b7b1ec9ffb8baf2c6eaa253fe57112_username%22%3Bi%3A1%3Bs%3A8%3A%22odegiuli%22%3B%7D; CraftSessionId=d53e866d26bce875fb2884facc2d107e; CRAFT_CSRF_TOKEN=8a7d40a44925cffa5c6231ed712693479ccbd90a53c648b39aebabcbcfb32970a%3A2%3A%7Bi%3A0%3Bs%3A16%3A%22CRAFT_CSRF_TOKEN%22%3Bi%3A1%3Bs%3A147%3A%229VVivECA_J8xrEtMk6R8TWeXsv9sDEqSlX1ewKI4%7Ccf1973dd801adeb03ddc8c2365188f3412c2b61f83f5364963d159f3811886a99VVivECA_J8xrEtMk6R8TWeXsv9sDEqSlX1ewKI4%7C1%22%3B%7D; Craft-3626ffc1-d0a3-42e3-98aa-37e8aa759561_sidebar=expanded; cookieconsent_status=dismiss; Craft-3626ffc1-d0a3-42e3-98aa-37e8aa759561_sidebar-details=expanded; a8b7b1ec9ffb8baf2c6eaa253fe57112_identity=2ee63bec9c78b16cb52b6ff97233f3a03b82e66bcf4a25898f3cfa5b2b22da6ba%3A2%3A%7Bi%3A0%3Bs%3A41%3A%22a8b7b1ec9ffb8baf2c6eaa253fe57112_identity%22%3Bi%3A1%3Bs%3A159%3A%22%5B1%2C%22%5B%5C%22UrkbfhKiWjsY6RR3o2amMzH-bkXUYIGVFHW7CYAg9yt8FSPdbek0OuFnfjLETt7WF4FXkiJnsNQ1BXFFSpUfyKRsTAOTm2zEZRkh%5C%22%2Cnull%2C%5C%220ef01a0bceeac5b1d0a2b6557bd3d7b1%5C%22%5D%22%2C3600%5D%22%3B%7D'
    'HTTP_ACCEPT_LANGUAGE' => 'de,en-US;q=0.9,en;q=0.8'
    'HTTP_ACCEPT_ENCODING' => 'gzip, deflate, br, zstd'
    'HTTP_ACCEPT' => 'application/json, text/plain, */*'
    'HTTP_CONTENT_LENGTH' => '0'
    'HTTP_USER_AGENT' => 'Mozilla/5.0 (Macintosh; Intel Mac OS X 10.15; rv:150.0) Gecko/20100101 Firefox/150.0'
    'HTTP_HOST' => 'derschmuckmacher-v3.ddev.site'
    'HTTPS' => 'on'
    'REDIRECT_STATUS' => '200'
    'SERVER_NAME' => 'derschmuckmacher-v3.ddev.site'
    'SERVER_PORT' => '80'
    'SERVER_ADDR' => '172.18.0.3'
    'REMOTE_PORT' => '49754'
    'REMOTE_ADDR' => '172.18.0.5'
    'SERVER_SOFTWARE' => 'nginx/1.28.0'
    'GATEWAY_INTERFACE' => 'CGI/1.1'
    'REQUEST_SCHEME' => 'http'
    'SERVER_PROTOCOL' => 'HTTP/1.1'
    'DOCUMENT_ROOT' => '/var/www/html/web'
    'DOCUMENT_URI' => '/index.php'
    'REQUEST_URI' => '/index.php?p=dW2axQ3b%2Factions%2Fqueue%2Frun&v=1777539449796'
    'CONTENT_LENGTH' => '0'
    'CONTENT_TYPE' => ''
    'REQUEST_METHOD' => 'POST'
    'QUERY_STRING' => 'p=dW2axQ3b%2Factions%2Fqueue%2Frun&v=1777539449796'
    'SCRIPT_NAME' => '/index.php'
    'SCRIPT_FILENAME' => '/var/www/html/web/index.php'
    'FCGI_ROLE' => 'RESPONDER'
    'PHP_SELF' => '/index.php'
    'REQUEST_TIME_FLOAT' => 1777539449.801
    'REQUEST_TIME' => 1777539449
    'CRAFT_APP_ID' => 'CraftCMS--3933bc78-29f5-4b79-bcc5-c31faf0fcd20'
    'CRAFT_ENVIRONMENT' => 'dev'
    'ENVIRONMENT' => 'dev'
    'CRAFT_SECURITY_KEY' => '••••••••••••••••••••••••••••••••'
    'CP_TRIGGER' => 'dW2axQ3b'
    'CRAFT_DB_SCHEMA' => 'public'
    'CRAFT_DB_TABLE_PREFIX' => ''
    'DEV_MODE' => 'true'
    'ALLOW_ADMIN_CHANGES' => 'true'
    'DISALLOW_ROBOTS' => 'true'
    'TIMEZONE' => 'Europe/Zurich'
    'CAPTCHA_SITE_KEY' => '••••••••••••••••••••••••••••••••••••••••'
    'CAPTCHA_SECRET_KEY' => '••••••••••••••••••••••••••••••••••••••••'
    'WEB_URL' => 'https://derschmuckmacher-v3.ddev.site'
    'WEB_ROOT' => '/var/www/html/web'
    'ASSETS_BASE_URL' => 'https://derschmuckmacher-v3.ddev.site/public'
    'ASSETS_BASE_PATH' => '/var/www/html/web/public'
    'SCHMUCK_BASE_URL' => 'https://derschmuckmacher-v3.ddev.site/public/uploads/schmuck'
    'SCHMUCK_BASE_PATH' => '/var/www/html/web/public/uploads/schmuck'
    'BILDER_BASE_URL' => 'https://derschmuckmacher-v3.ddev.site/public/uploads/bilder'
    'BILDER_BASE_PATH' => '/var/www/html/web/public/uploads/bilder'
] {"environment":"dev","userId":1} 
2026-04-30 10:57:48 [queue.INFO] [yii\db\Connection::open] Opening DB connection: mysql:host=db;dbname=db;port=3306 {"memory":1101240} 
2026-04-30 10:57:48 [queue.INFO] [yii\web\Session::open] Session started {"memory":1536608} 
2026-04-30 10:57:48 [queue.INFO] [nystudio107\codeeditor\CodeEditor::bootstrap] CodeEditor module bootstrapped {"memory":1558368} 
2026-04-30 10:57:48 [queue.INFO] [adigital\cookieconsentbanner\CookieConsentBanner::init] Cookie Consent Banner plugin loaded {"memory":1774256} 
2026-04-30 10:57:48 [queue.INFO] [miranj\obfuscator\Obfuscator::init] Obfuscator plugin loaded {"memory":2734216} 
2026-04-30 10:57:48 [queue.INFO] [yii\db\Connection::open] Opening DB connection: mysql:host=db;dbname=db;port=3306 {"memory":3001336} 
2026-04-30 10:57:48 [queue.INFO] [craft\queue\QueueLogBehavior::beforeExec]  [40546] t9n:["app","Pruning extra revisions"] (attempt: 1, pid: 17119) - Started {"memory":3060088} 
2026-04-30 10:57:48 [queue.INFO] [craft\queue\QueueLogBehavior::afterExec]  [40546] t9n:["app","Pruning extra revisions"] (attempt: 1, pid: 17119) - Done (time: 0.007s) {"memory":3616912} 
2026-04-30 10:57:48 [queue.INFO] [application] Request context:
$_GET = [
    'p' => 'dW2axQ3b/actions/queue/run'
    'v' => '1777539468198'
]

$_POST = []

$_FILES = []

$_COOKIE = [
    'a8b7b1ec9ffb8baf2c6eaa253fe57112_username' => '26b9ec8568da68d3882e55afaa5d203483c6c5810ee05b5a55c8a0eb10cab93ea:2:{i:0;s:41:\"a8b7b1ec9ffb8baf2c6eaa253fe57112_username\";i:1;s:8:\"odegiuli\";}'
    'CraftSessionId' => 'd53e866d26bce875fb2884facc2d107e'
    'CRAFT_CSRF_TOKEN' => '••••••••••••••••••••••••••••••••••••••••••••••••••••••••••••••••••••••••••••••••••••••••••••••••••••••••••••••••••••••••••••••••••••••••••••••••••••••••••••••••••••••••••••••••••••••••••••••••••••••••••••••••••••••••••••••••••••••••••••••••••••••••••••••••••'
    'Craft-3626ffc1-d0a3-42e3-98aa-37e8aa759561_sidebar' => 'expanded'
    'cookieconsent_status' => 'dismiss'
    'Craft-3626ffc1-d0a3-42e3-98aa-37e8aa759561_sidebar-details' => 'expanded'
    'a8b7b1ec9ffb8baf2c6eaa253fe57112_identity' => '2ee63bec9c78b16cb52b6ff97233f3a03b82e66bcf4a25898f3cfa5b2b22da6ba:2:{i:0;s:41:\"a8b7b1ec9ffb8baf2c6eaa253fe57112_identity\";i:1;s:159:\"[1,\"[\\\"UrkbfhKiWjsY6RR3o2amMzH-bkXUYIGVFHW7CYAg9yt8FSPdbek0OuFnfjLETt7WF4FXkiJnsNQ1BXFFSpUfyKRsTAOTm2zEZRkh\\\",null,\\\"0ef01a0bceeac5b1d0a2b6557bd3d7b1\\\"]\",3600]\";}'
]

$_SESSION = [
    '22b6a59deafcfb2ffb13c3adf3d98a3b__auth_access' => [
        0 => 'previewElement:6476'
        1 => 'saveAssets:856a3aeb-b21b-4d41-af3f-0a23db430323'
        2 => 'previewDraft:904'
        3 => 'previewElement:8616'
        4 => 'previewDraft:905'
        5 => 'previewElement:7158'
        6 => 'previewDraft:906'
        7 => 'previewDraft:908'
        8 => 'previewElement:8689'
        9 => 'saveAssets:'
        10 => 'previewDraft:910'
        11 => 'saveAssets:1986f3e0-bf2e-4ccd-b34c-7ec2d979afdd'
        12 => 'previewDraft:912'
        13 => 'previewDraft:914'
        14 => 'previewDraft:916'
        15 => 'previewElement:7186'
        16 => 'previewDraft:918'
        17 => 'previewDraft:920'
        18 => 'previewDraft:922'
        19 => 'previewDraft:924'
        20 => 'previewDraft:926'
        21 => 'previewDraft:928'
        22 => 'manageNestedElements::8753::field:kacheln'
        23 => 'previewDraft:930'
        24 => 'manageNestedElements::8755::field:kacheln'
        25 => 'previewDraft:931'
        26 => 'previewDraft:934'
        27 => 'previewDraft:935'
        28 => 'previewDraft:936'
        29 => 'previewDraft:937'
        30 => 'previewDraft:938'
        31 => 'previewDraft:940'
        32 => 'previewDraft:942'
        33 => 'previewElement:8582'
        34 => 'previewDraft:944'
        35 => 'previewDraft:945'
        36 => 'previewDraft:947'
        37 => 'previewDraft:949'
        38 => 'previewDraft:951'
        39 => 'previewDraft:952'
        40 => 'previewDraft:954'
        41 => 'previewDraft:955'
        42 => 'previewDraft:956'
        43 => 'previewDraft:958'
        44 => 'previewDraft:959'
        45 => 'previewDraft:960'
        46 => 'previewDraft:962'
        47 => 'previewDraft:963'
        48 => 'previewDraft:964'
        49 => 'previewDraft:965'
        50 => 'manageNestedElements::8841::field:kacheln'
        51 => 'previewDraft:967'
        52 => 'manageNestedElements::8844::field:kacheln'
        53 => 'previewDraft:968'
        54 => 'previewDraft:969'
        55 => 'previewDraft:971'
        56 => 'previewDraft:972'
        57 => 'previewDraft:973'
        58 => 'previewDraft:975'
        59 => 'previewDraft:977'
        60 => 'previewDraft:979'
        61 => 'previewDraft:981'
        62 => 'previewDraft:983'
        63 => 'previewDraft:985'
        64 => 'previewDraft:987'
        65 => 'previewDraft:989'
        66 => 'previewDraft:991'
        67 => 'previewDraft:992'
        68 => 'previewDraft:994'
        69 => 'previewDraft:995'
        70 => 'previewDraft:996'
    ]
    'a8b7b1ec9ffb8baf2c6eaa253fe57112__token' => '••••••••••••••••••••••••••••••••••••••••••••••••••••••••••••••••••••••••••••••••••••••••••••••••••••'
    'a8b7b1ec9ffb8baf2c6eaa253fe57112__id' => 1
    '__authKey' => '••••••••••••••••••••••••••••••••••••••••••••••••••••••••••••••••••••••••••••••••••••••••••••••••••••••••••••••••••••••••••••••••••••••••••••••••'
    'a8b7b1ec9ffb8baf2c6eaa253fe57112__expire' => 1777543068
    '__duration' => 3600
    '__elevated_timeout' => 1777538397
    '22b6a59deafcfb2ffb13c3adf3d98a3b__flash' => []
]

$_SERVER = [
    'DEPLOY_NAME' => 'local'
    'DDEV_WEBSERVER_TYPE' => 'nginx-fpm'
    'npm_config_cache' => '/mnt/ddev-global-cache/npm'
    'COREPACK_ENABLE_DOWNLOAD_PROMPT' => '0'
    'DDEV_GOOS' => 'darwin'
    'IS_DDEV_PROJECT' => 'true'
    'PHP_DEFAULT_VERSION' => '8.3'
    'HOSTNAME' => 'derschmuckmacher-v3-web'
    'MAILPIT_SMTP_PORT' => '1025'
    'MH_SMTP_BIND_ADDR' => '127.0.0.1:1025'
    'DDEV_PRIMARY_URL_WITHOUT_PORT' => 'https://derschmuckmacher-v3.ddev.site'
    'CRAFT_DB_PORT' => '3306'
    'SSH_AUTH_SOCK' => '/home/.ssh-agent/socket'
    'DDEV_GID' => '20'
    'NODE_EXTRA_CA_CERTS' => '/mnt/ddev-global-cache/mkcert/rootCA.pem'
    'DOCKER_IP' => '127.0.0.1'
    'PGPASSWORD' => 'db'
    'CRAFT_WEB_ROOT' => '/var/www/html/web'
    'DDEV_DOCROOT' => 'web'
    'PWD' => '/var/www/html'
    'PLATFORMSH_CLI_UPDATES_CHECK' => '0'
    'DDEV_APPROOT' => '/var/www/html'
    'DDEV_FILES_DIR' => ''
    'START_SCRIPT_TIMEOUT' => '57'
    'APACHE_SITE_TEMPLATE' => '/etc/apache2/apache-site.conf'
    'PHP_INI' => '/etc/php/8.2/fpm/php.ini'
    'DDEV_VERSION' => 'v1.24.10'
    'PRIMARY_SITE_URL' => 'https://derschmuckmacher-v3.ddev.site'
    'TZ' => 'Europe/Zurich'
    'DDEV_XHPROF_MODE' => 'prepend'
    'HTTPS_EXPOSE' => '443:80,8026:8025'
    'COREPACK_HOME' => '/mnt/ddev-global-cache/corepack'
    'CRAFT_DB_DATABASE' => 'db'
    'DDEV_PRIMARY_URL' => 'https://derschmuckmacher-v3.ddev.site'
    'LINES' => '17'
    'DDEV_SITENAME' => 'derschmuckmacher-v3'
    'HOME' => '/home/omar'
    'DRUSH_OPTIONS_URI' => 'https://derschmuckmacher-v3.ddev.site'
    'LANG' => 'C.UTF-8'
    'COLUMNS' => '371'
    'DDEV_MUTAGEN_ENABLED' => 'true'
    'DDEV_USER' => 'omar'
    'PGUSER' => 'db'
    'TERMINUS_CACHE_DIR' => '/mnt/ddev-global-cache/terminus/cache'
    'DDEV_PRIMARY_URL_PORT' => '443'
    'DDEV_ROUTER_HTTP_PORT' => '80'
    'MAILPIT_SMTP_HOSTNAME' => '127.0.0.1'
    'CRAFT_DB_DRIVER' => 'mysql'
    'COMPOSER_PROCESS_TIMEOUT' => '2000'
    'NGINX_SITE_TEMPLATE' => '/etc/nginx/nginx-site.conf'
    'DDEV_FILES_DIRS' => ''
    'CRAFT_DB_SERVER' => 'db'
    'HTTP_EXPOSE' => '80:80,8025:8025'
    'NVM_DIR' => '/home/omar/.nvm'
    'DDEV_PHP_VERSION' => '8.2'
    'DDEV_TLD' => 'ddev.site'
    'DDEV_HOSTNAME' => 'derschmuckmacher-v3.ddev.site'
    'DDEV_PROJECT' => 'derschmuckmacher-v3'
    'DDEV_GOARCH' => 'arm64'
    'VIRTUAL_HOST' => 'derschmuckmacher-v3.ddev.site'
    'TERM' => 'xterm'
    'USER' => 'omar'
    'MYSQL_HISTFILE' => '/mnt/ddev-global-cache/mysqlhistory/derschmuckmacher-v3-web/mysql_history'
    'DDEV_WEB_ENTRYPOINT' => '/mnt/ddev_config/web-entrypoint.d'
    'DDEV_UID' => '501'
    'CAROOT' => '/mnt/ddev-global-cache/mkcert'
    'SHLVL' => '1'
    'COMPOSER_ALLOW_SUPERUSER' => '1'
    'BASH_ENV' => '/etc/bash.nointeractive.bashrc'
    'DDEV_DATABASE' => 'mysql:8.0'
    'PGDATABASE' => 'db'
    'CRAFT_DB_USER' => 'db'
    'DDEV_SCHEME' => 'https'
    'XHPROF_OUTPUT_DIR' => '/tmp/xhprof'
    'COMPOSER_CACHE_DIR' => '/mnt/ddev-global-cache/composer'
    'DDEV_XDEBUG_ENABLED' => 'false'
    'DDEV_DATABASE_FAMILY' => 'mysql'
    'PGHOST' => 'db'
    'DDEV_COMPOSER_ROOT' => '/var/www/html'
    'CRAFT_DB_PASSWORD' => '••'
    'DOCROOT' => 'web'
    'TERMINUS_HIDE_UPDATE_MESSAGE' => '1'
    'PATH' => '/home/omar/bin:/var/www/html/vendor/bin:/usr/local/sbin:/usr/local/bin:/usr/sbin:/usr/bin:/sbin:/bin:/var/www/html/bin:/mnt/ddev-global-cache/global-commands/web'
    'HOST_DOCKER_INTERNAL_IP' => ''
    'DDEV_PROJECT_TYPE' => 'craftcms'
    'DEBIAN_FRONTEND' => 'noninteractive'
    'DDEV_ROUTER_HTTPS_PORT' => '443'
    'EXECIGNORE' => '/var/www/html/vendor/bin/composer'
    'SUPERVISOR_ENABLED' => '1'
    'SUPERVISOR_SERVER_URL' => 'unix:///var/run/supervisor.sock'
    'SUPERVISOR_PROCESS_NAME' => 'php-fpm'
    'SUPERVISOR_GROUP_NAME' => 'php-fpm'
    'HTTP_X_REQUESTED_WITH' => 'XMLHttpRequest'
    'HTTP_X_REGISTERED_JS_FILES' => ''
    'HTTP_X_REGISTERED_ASSET_BUNDLES' => '22e517a2,aee7f8dc,26c46c25,e505ffd6,6b4d7555,bb2f10a0,e5e48399,815d39ea,fc0bc163,1ccab40d,1e21896b,54698ee0,b842675b,1c3c9add,4b1fd285,d8d08e47,8f00ce04,8768f48b,cf3018d6,ec6d0256'
    'HTTP_X_REAL_IP' => '172.18.0.1'
    'HTTP_X_FORWARDED_SERVER' => '21f32d6785eb'
    'HTTP_X_FORWARDED_PROTO' => 'https'
    'HTTP_X_FORWARDED_PORT' => '443'
    'HTTP_X_FORWARDED_HOST' => 'derschmuckmacher-v3.ddev.site'
    'HTTP_X_FORWARDED_FOR' => '172.18.0.1'
    'HTTP_X_CSRF_TOKEN' => '••••••••••••••••••••••••••••••••••••••••••••••••••••••••••••••••••••••••••••••••••••••••••••••••••••••••••••••••••••••••••••••••••••••••••••••••••••••••••••••••••••••••••••••••••••••••••••••••••••••••••••••••••••••••••••••••••••••••••••••••••••••••••••••••••••••••••••••••••••••••••••••••••••••••••••••••••••••••••••••••••••••••••••••••••••••••••••••••••••••••••••••••••••••••••••••••••••••••'
    'HTTP_TE' => 'trailers'
    'HTTP_SEC_GPC' => '1'
    'HTTP_SEC_FETCH_SITE' => 'same-origin'
    'HTTP_SEC_FETCH_MODE' => 'cors'
    'HTTP_SEC_FETCH_DEST' => 'empty'
    'HTTP_REFERER' => 'https://derschmuckmacher-v3.ddev.site/dW2axQ3b/content/entries/singles?source=singles'
    'HTTP_ORIGIN' => 'https://derschmuckmacher-v3.ddev.site'
    'HTTP_COOKIE' => 'a8b7b1ec9ffb8baf2c6eaa253fe57112_username=26b9ec8568da68d3882e55afaa5d203483c6c5810ee05b5a55c8a0eb10cab93ea%3A2%3A%7Bi%3A0%3Bs%3A41%3A%22a8b7b1ec9ffb8baf2c6eaa253fe57112_username%22%3Bi%3A1%3Bs%3A8%3A%22odegiuli%22%3B%7D; CraftSessionId=d53e866d26bce875fb2884facc2d107e; CRAFT_CSRF_TOKEN=8a7d40a44925cffa5c6231ed712693479ccbd90a53c648b39aebabcbcfb32970a%3A2%3A%7Bi%3A0%3Bs%3A16%3A%22CRAFT_CSRF_TOKEN%22%3Bi%3A1%3Bs%3A147%3A%229VVivECA_J8xrEtMk6R8TWeXsv9sDEqSlX1ewKI4%7Ccf1973dd801adeb03ddc8c2365188f3412c2b61f83f5364963d159f3811886a99VVivECA_J8xrEtMk6R8TWeXsv9sDEqSlX1ewKI4%7C1%22%3B%7D; Craft-3626ffc1-d0a3-42e3-98aa-37e8aa759561_sidebar=expanded; cookieconsent_status=dismiss; Craft-3626ffc1-d0a3-42e3-98aa-37e8aa759561_sidebar-details=expanded; a8b7b1ec9ffb8baf2c6eaa253fe57112_identity=2ee63bec9c78b16cb52b6ff97233f3a03b82e66bcf4a25898f3cfa5b2b22da6ba%3A2%3A%7Bi%3A0%3Bs%3A41%3A%22a8b7b1ec9ffb8baf2c6eaa253fe57112_identity%22%3Bi%3A1%3Bs%3A159%3A%22%5B1%2C%22%5B%5C%22UrkbfhKiWjsY6RR3o2amMzH-bkXUYIGVFHW7CYAg9yt8FSPdbek0OuFnfjLETt7WF4FXkiJnsNQ1BXFFSpUfyKRsTAOTm2zEZRkh%5C%22%2Cnull%2C%5C%220ef01a0bceeac5b1d0a2b6557bd3d7b1%5C%22%5D%22%2C3600%5D%22%3B%7D'
    'HTTP_ACCEPT_LANGUAGE' => 'de,en-US;q=0.9,en;q=0.8'
    'HTTP_ACCEPT_ENCODING' => 'gzip, deflate, br, zstd'
    'HTTP_ACCEPT' => 'application/json, text/plain, */*'
    'HTTP_CONTENT_LENGTH' => '0'
    'HTTP_USER_AGENT' => 'Mozilla/5.0 (Macintosh; Intel Mac OS X 10.15; rv:150.0) Gecko/20100101 Firefox/150.0'
    'HTTP_HOST' => 'derschmuckmacher-v3.ddev.site'
    'HTTPS' => 'on'
    'REDIRECT_STATUS' => '200'
    'SERVER_NAME' => 'derschmuckmacher-v3.ddev.site'
    'SERVER_PORT' => '80'
    'SERVER_ADDR' => '172.18.0.3'
    'REMOTE_PORT' => '42792'
    'REMOTE_ADDR' => '172.18.0.5'
    'SERVER_SOFTWARE' => 'nginx/1.28.0'
    'GATEWAY_INTERFACE' => 'CGI/1.1'
    'REQUEST_SCHEME' => 'http'
    'SERVER_PROTOCOL' => 'HTTP/1.1'
    'DOCUMENT_ROOT' => '/var/www/html/web'
    'DOCUMENT_URI' => '/index.php'
    'REQUEST_URI' => '/index.php?p=dW2axQ3b%2Factions%2Fqueue%2Frun&v=1777539468198'
    'CONTENT_LENGTH' => '0'
    'CONTENT_TYPE' => ''
    'REQUEST_METHOD' => 'POST'
    'QUERY_STRING' => 'p=dW2axQ3b%2Factions%2Fqueue%2Frun&v=1777539468198'
    'SCRIPT_NAME' => '/index.php'
    'SCRIPT_FILENAME' => '/var/www/html/web/index.php'
    'FCGI_ROLE' => 'RESPONDER'
    'PHP_SELF' => '/index.php'
    'REQUEST_TIME_FLOAT' => 1777539468.2005
    'REQUEST_TIME' => 1777539468
    'CRAFT_APP_ID' => 'CraftCMS--3933bc78-29f5-4b79-bcc5-c31faf0fcd20'
    'CRAFT_ENVIRONMENT' => 'dev'
    'ENVIRONMENT' => 'dev'
    'CRAFT_SECURITY_KEY' => '••••••••••••••••••••••••••••••••'
    'CP_TRIGGER' => 'dW2axQ3b'
    'CRAFT_DB_SCHEMA' => 'public'
    'CRAFT_DB_TABLE_PREFIX' => ''
    'DEV_MODE' => 'true'
    'ALLOW_ADMIN_CHANGES' => 'true'
    'DISALLOW_ROBOTS' => 'true'
    'TIMEZONE' => 'Europe/Zurich'
    'CAPTCHA_SITE_KEY' => '••••••••••••••••••••••••••••••••••••••••'
    'CAPTCHA_SECRET_KEY' => '••••••••••••••••••••••••••••••••••••••••'
    'WEB_URL' => 'https://derschmuckmacher-v3.ddev.site'
    'WEB_ROOT' => '/var/www/html/web'
    'ASSETS_BASE_URL' => 'https://derschmuckmacher-v3.ddev.site/public'
    'ASSETS_BASE_PATH' => '/var/www/html/web/public'
    'SCHMUCK_BASE_URL' => 'https://derschmuckmacher-v3.ddev.site/public/uploads/schmuck'
    'SCHMUCK_BASE_PATH' => '/var/www/html/web/public/uploads/schmuck'
    'BILDER_BASE_URL' => 'https://derschmuckmacher-v3.ddev.site/public/uploads/bilder'
    'BILDER_BASE_PATH' => '/var/www/html/web/public/uploads/bilder'
] {"environment":"dev","userId":1} 
2026-04-30 10:58:02 [queue.INFO] [yii\db\Connection::open] Opening DB connection: mysql:host=db;dbname=db;port=3306 {"memory":1101384} 
2026-04-30 10:58:02 [queue.INFO] [yii\web\Session::open] Session started {"memory":1536808} 
2026-04-30 10:58:02 [queue.INFO] [nystudio107\codeeditor\CodeEditor::bootstrap] CodeEditor module bootstrapped {"memory":1558568} 
2026-04-30 10:58:02 [queue.INFO] [adigital\cookieconsentbanner\CookieConsentBanner::init] Cookie Consent Banner plugin loaded {"memory":1774920} 
2026-04-30 10:58:02 [queue.INFO] [miranj\obfuscator\Obfuscator::init] Obfuscator plugin loaded {"memory":2734880} 
2026-04-30 10:58:02 [queue.INFO] [yii\db\Connection::open] Opening DB connection: mysql:host=db;dbname=db;port=3306 {"memory":3002000} 
2026-04-30 10:58:02 [queue.INFO] [craft\queue\QueueLogBehavior::beforeExec]  [40547] t9n:["app","Updating search indexes"] (attempt: 1, pid: 17137) - Started {"memory":3060752} 
2026-04-30 10:58:02 [queue.INFO] [craft\queue\QueueLogBehavior::afterExec]  [40547] t9n:["app","Updating search indexes"] (attempt: 1, pid: 17137) - Done (time: 0.010s) {"memory":3475728} 
2026-04-30 10:58:02 [queue.INFO] [craft\queue\QueueLogBehavior::beforeExec]  [40548] t9n:["app","Generating image transform for {file}",{"file":"Hero-Schmuckmacher_2026-04-30-085801_ojlv.jpg"}] (attempt: 1, pid: 17137) - Started {"memory":3483648} 
2026-04-30 10:58:02 [queue.INFO] [craft\queue\QueueLogBehavior::afterExec]  [40548] t9n:["app","Generating image transform for {file}",{"file":"Hero-Schmuckmacher_2026-04-30-085801_ojlv.jpg"}] (attempt: 1, pid: 17137) - Done (time: 0.023s) {"memory":3650792} 
2026-04-30 10:58:02 [queue.INFO] [craft\queue\QueueLogBehavior::beforeExec]  [40549] t9n:["app","Generating image transform for {file}",{"file":"Hero-Schmuckmacher_2026-04-30-085801_ojlv.jpg"}] (attempt: 1, pid: 17137) - Started {"memory":3658728} 
2026-04-30 10:58:02 [queue.INFO] [craft\queue\QueueLogBehavior::afterExec]  [40549] t9n:["app","Generating image transform for {file}",{"file":"Hero-Schmuckmacher_2026-04-30-085801_ojlv.jpg"}] (attempt: 1, pid: 17137) - Done (time: 0.015s) {"memory":3720856} 
2026-04-30 10:58:02 [queue.INFO] [application] Request context:
$_GET = [
    'p' => 'dW2axQ3b/actions/queue/run'
    'v' => '1777539482082'
]

$_POST = []

$_FILES = []

$_COOKIE = [
    'a8b7b1ec9ffb8baf2c6eaa253fe57112_username' => '26b9ec8568da68d3882e55afaa5d203483c6c5810ee05b5a55c8a0eb10cab93ea:2:{i:0;s:41:\"a8b7b1ec9ffb8baf2c6eaa253fe57112_username\";i:1;s:8:\"odegiuli\";}'
    'CraftSessionId' => 'd53e866d26bce875fb2884facc2d107e'
    'CRAFT_CSRF_TOKEN' => '••••••••••••••••••••••••••••••••••••••••••••••••••••••••••••••••••••••••••••••••••••••••••••••••••••••••••••••••••••••••••••••••••••••••••••••••••••••••••••••••••••••••••••••••••••••••••••••••••••••••••••••••••••••••••••••••••••••••••••••••••••••••••••••••••'
    'Craft-3626ffc1-d0a3-42e3-98aa-37e8aa759561_sidebar' => 'expanded'
    'cookieconsent_status' => 'dismiss'
    'Craft-3626ffc1-d0a3-42e3-98aa-37e8aa759561_sidebar-details' => 'expanded'
    'a8b7b1ec9ffb8baf2c6eaa253fe57112_identity' => '2ee63bec9c78b16cb52b6ff97233f3a03b82e66bcf4a25898f3cfa5b2b22da6ba:2:{i:0;s:41:\"a8b7b1ec9ffb8baf2c6eaa253fe57112_identity\";i:1;s:159:\"[1,\"[\\\"UrkbfhKiWjsY6RR3o2amMzH-bkXUYIGVFHW7CYAg9yt8FSPdbek0OuFnfjLETt7WF4FXkiJnsNQ1BXFFSpUfyKRsTAOTm2zEZRkh\\\",null,\\\"0ef01a0bceeac5b1d0a2b6557bd3d7b1\\\"]\",3600]\";}'
]

$_SESSION = [
    '22b6a59deafcfb2ffb13c3adf3d98a3b__auth_access' => [
        0 => 'previewElement:6476'
        1 => 'saveAssets:856a3aeb-b21b-4d41-af3f-0a23db430323'
        2 => 'previewDraft:904'
        3 => 'previewElement:8616'
        4 => 'previewDraft:905'
        5 => 'previewElement:7158'
        6 => 'previewDraft:906'
        7 => 'previewDraft:908'
        8 => 'previewElement:8689'
        9 => 'saveAssets:'
        10 => 'previewDraft:910'
        11 => 'saveAssets:1986f3e0-bf2e-4ccd-b34c-7ec2d979afdd'
        12 => 'previewDraft:912'
        13 => 'previewDraft:914'
        14 => 'previewDraft:916'
        15 => 'previewElement:7186'
        16 => 'previewDraft:918'
        17 => 'previewDraft:920'
        18 => 'previewDraft:922'
        19 => 'previewDraft:924'
        20 => 'previewDraft:926'
        21 => 'previewDraft:928'
        22 => 'manageNestedElements::8753::field:kacheln'
        23 => 'previewDraft:930'
        24 => 'manageNestedElements::8755::field:kacheln'
        25 => 'previewDraft:931'
        26 => 'previewDraft:934'
        27 => 'previewDraft:935'
        28 => 'previewDraft:936'
        29 => 'previewDraft:937'
        30 => 'previewDraft:938'
        31 => 'previewDraft:940'
        32 => 'previewDraft:942'
        33 => 'previewElement:8582'
        34 => 'previewDraft:944'
        35 => 'previewDraft:945'
        36 => 'previewDraft:947'
        37 => 'previewDraft:949'
        38 => 'previewDraft:951'
        39 => 'previewDraft:952'
        40 => 'previewDraft:954'
        41 => 'previewDraft:955'
        42 => 'previewDraft:956'
        43 => 'previewDraft:958'
        44 => 'previewDraft:959'
        45 => 'previewDraft:960'
        46 => 'previewDraft:962'
        47 => 'previewDraft:963'
        48 => 'previewDraft:964'
        49 => 'previewDraft:965'
        50 => 'manageNestedElements::8841::field:kacheln'
        51 => 'previewDraft:967'
        52 => 'manageNestedElements::8844::field:kacheln'
        53 => 'previewDraft:968'
        54 => 'previewDraft:969'
        55 => 'previewDraft:971'
        56 => 'previewDraft:972'
        57 => 'previewDraft:973'
        58 => 'previewDraft:975'
        59 => 'previewDraft:977'
        60 => 'previewDraft:979'
        61 => 'previewDraft:981'
        62 => 'previewDraft:983'
        63 => 'previewDraft:985'
        64 => 'previewDraft:987'
        65 => 'previewDraft:989'
        66 => 'previewDraft:991'
        67 => 'previewDraft:992'
        68 => 'previewDraft:994'
        69 => 'previewDraft:995'
        70 => 'previewDraft:996'
    ]
    'a8b7b1ec9ffb8baf2c6eaa253fe57112__token' => '••••••••••••••••••••••••••••••••••••••••••••••••••••••••••••••••••••••••••••••••••••••••••••••••••••'
    'a8b7b1ec9ffb8baf2c6eaa253fe57112__id' => 1
    '__authKey' => '••••••••••••••••••••••••••••••••••••••••••••••••••••••••••••••••••••••••••••••••••••••••••••••••••••••••••••••••••••••••••••••••••••••••••••••••'
    'a8b7b1ec9ffb8baf2c6eaa253fe57112__expire' => 1777543082
    '__duration' => 3600
    '__elevated_timeout' => 1777538397
    '22b6a59deafcfb2ffb13c3adf3d98a3b__flash' => []
]

$_SERVER = [
    'DEPLOY_NAME' => 'local'
    'DDEV_WEBSERVER_TYPE' => 'nginx-fpm'
    'npm_config_cache' => '/mnt/ddev-global-cache/npm'
    'COREPACK_ENABLE_DOWNLOAD_PROMPT' => '0'
    'DDEV_GOOS' => 'darwin'
    'IS_DDEV_PROJECT' => 'true'
    'PHP_DEFAULT_VERSION' => '8.3'
    'HOSTNAME' => 'derschmuckmacher-v3-web'
    'MAILPIT_SMTP_PORT' => '1025'
    'MH_SMTP_BIND_ADDR' => '127.0.0.1:1025'
    'DDEV_PRIMARY_URL_WITHOUT_PORT' => 'https://derschmuckmacher-v3.ddev.site'
    'CRAFT_DB_PORT' => '3306'
    'SSH_AUTH_SOCK' => '/home/.ssh-agent/socket'
    'DDEV_GID' => '20'
    'NODE_EXTRA_CA_CERTS' => '/mnt/ddev-global-cache/mkcert/rootCA.pem'
    'DOCKER_IP' => '127.0.0.1'
    'PGPASSWORD' => 'db'
    'CRAFT_WEB_ROOT' => '/var/www/html/web'
    'DDEV_DOCROOT' => 'web'
    'PWD' => '/var/www/html'
    'PLATFORMSH_CLI_UPDATES_CHECK' => '0'
    'DDEV_APPROOT' => '/var/www/html'
    'DDEV_FILES_DIR' => ''
    'START_SCRIPT_TIMEOUT' => '57'
    'APACHE_SITE_TEMPLATE' => '/etc/apache2/apache-site.conf'
    'PHP_INI' => '/etc/php/8.2/fpm/php.ini'
    'DDEV_VERSION' => 'v1.24.10'
    'PRIMARY_SITE_URL' => 'https://derschmuckmacher-v3.ddev.site'
    'TZ' => 'Europe/Zurich'
    'DDEV_XHPROF_MODE' => 'prepend'
    'HTTPS_EXPOSE' => '443:80,8026:8025'
    'COREPACK_HOME' => '/mnt/ddev-global-cache/corepack'
    'CRAFT_DB_DATABASE' => 'db'
    'DDEV_PRIMARY_URL' => 'https://derschmuckmacher-v3.ddev.site'
    'LINES' => '17'
    'DDEV_SITENAME' => 'derschmuckmacher-v3'
    'HOME' => '/home/omar'
    'DRUSH_OPTIONS_URI' => 'https://derschmuckmacher-v3.ddev.site'
    'LANG' => 'C.UTF-8'
    'COLUMNS' => '371'
    'DDEV_MUTAGEN_ENABLED' => 'true'
    'DDEV_USER' => 'omar'
    'PGUSER' => 'db'
    'TERMINUS_CACHE_DIR' => '/mnt/ddev-global-cache/terminus/cache'
    'DDEV_PRIMARY_URL_PORT' => '443'
    'DDEV_ROUTER_HTTP_PORT' => '80'
    'MAILPIT_SMTP_HOSTNAME' => '127.0.0.1'
    'CRAFT_DB_DRIVER' => 'mysql'
    'COMPOSER_PROCESS_TIMEOUT' => '2000'
    'NGINX_SITE_TEMPLATE' => '/etc/nginx/nginx-site.conf'
    'DDEV_FILES_DIRS' => ''
    'CRAFT_DB_SERVER' => 'db'
    'HTTP_EXPOSE' => '80:80,8025:8025'
    'NVM_DIR' => '/home/omar/.nvm'
    'DDEV_PHP_VERSION' => '8.2'
    'DDEV_TLD' => 'ddev.site'
    'DDEV_HOSTNAME' => 'derschmuckmacher-v3.ddev.site'
    'DDEV_PROJECT' => 'derschmuckmacher-v3'
    'DDEV_GOARCH' => 'arm64'
    'VIRTUAL_HOST' => 'derschmuckmacher-v3.ddev.site'
    'TERM' => 'xterm'
    'USER' => 'omar'
    'MYSQL_HISTFILE' => '/mnt/ddev-global-cache/mysqlhistory/derschmuckmacher-v3-web/mysql_history'
    'DDEV_WEB_ENTRYPOINT' => '/mnt/ddev_config/web-entrypoint.d'
    'DDEV_UID' => '501'
    'CAROOT' => '/mnt/ddev-global-cache/mkcert'
    'SHLVL' => '1'
    'COMPOSER_ALLOW_SUPERUSER' => '1'
    'BASH_ENV' => '/etc/bash.nointeractive.bashrc'
    'DDEV_DATABASE' => 'mysql:8.0'
    'PGDATABASE' => 'db'
    'CRAFT_DB_USER' => 'db'
    'DDEV_SCHEME' => 'https'
    'XHPROF_OUTPUT_DIR' => '/tmp/xhprof'
    'COMPOSER_CACHE_DIR' => '/mnt/ddev-global-cache/composer'
    'DDEV_XDEBUG_ENABLED' => 'false'
    'DDEV_DATABASE_FAMILY' => 'mysql'
    'PGHOST' => 'db'
    'DDEV_COMPOSER_ROOT' => '/var/www/html'
    'CRAFT_DB_PASSWORD' => '••'
    'DOCROOT' => 'web'
    'TERMINUS_HIDE_UPDATE_MESSAGE' => '1'
    'PATH' => '/home/omar/bin:/var/www/html/vendor/bin:/usr/local/sbin:/usr/local/bin:/usr/sbin:/usr/bin:/sbin:/bin:/var/www/html/bin:/mnt/ddev-global-cache/global-commands/web'
    'HOST_DOCKER_INTERNAL_IP' => ''
    'DDEV_PROJECT_TYPE' => 'craftcms'
    'DEBIAN_FRONTEND' => 'noninteractive'
    'DDEV_ROUTER_HTTPS_PORT' => '443'
    'EXECIGNORE' => '/var/www/html/vendor/bin/composer'
    'SUPERVISOR_ENABLED' => '1'
    'SUPERVISOR_SERVER_URL' => 'unix:///var/run/supervisor.sock'
    'SUPERVISOR_PROCESS_NAME' => 'php-fpm'
    'SUPERVISOR_GROUP_NAME' => 'php-fpm'
    'HTTP_X_REQUESTED_WITH' => 'XMLHttpRequest'
    'HTTP_X_REGISTERED_JS_FILES' => '6276b818'
    'HTTP_X_REGISTERED_ASSET_BUNDLES' => '815d39ea,92d8701,22e517a2,aee7f8dc,26c46c25,e505ffd6,6b4d7555,bb2f10a0,e5e48399,fc0bc163,1ccab40d,1e21896b,54698ee0,b842675b,1c3c9add,4b1fd285,d8d08e47,8f00ce04,8768f48b,cf3018d6,ec6d0256,e7c1329,7b7669ac,75f47f25'
    'HTTP_X_REAL_IP' => '172.18.0.1'
    'HTTP_X_FORWARDED_SERVER' => '21f32d6785eb'
    'HTTP_X_FORWARDED_PROTO' => 'https'
    'HTTP_X_FORWARDED_PORT' => '443'
    'HTTP_X_FORWARDED_HOST' => 'derschmuckmacher-v3.ddev.site'
    'HTTP_X_FORWARDED_FOR' => '172.18.0.1'
    'HTTP_X_CSRF_TOKEN' => '••••••••••••••••••••••••••••••••••••••••••••••••••••••••••••••••••••••••••••••••••••••••••••••••••••••••••••••••••••••••••••••••••••••••••••••••••••••••••••••••••••••••••••••••••••••••••••••••••••••••••••••••••••••••••••••••••••••••••••••••••••••••••••••••••••••••••••••••••••••••••••••••••••••••••••••••••••••••••••••••••••••••••••••••••••••••••••••••••••••••••••••••••••••••••••••••••••••••'
    'HTTP_TE' => 'trailers'
    'HTTP_SEC_GPC' => '1'
    'HTTP_SEC_FETCH_SITE' => 'same-origin'
    'HTTP_SEC_FETCH_MODE' => 'cors'
    'HTTP_SEC_FETCH_DEST' => 'empty'
    'HTTP_REFERER' => 'https://derschmuckmacher-v3.ddev.site/dW2axQ3b/content/entries/singles/8616-%C3%BCber-mich'
    'HTTP_ORIGIN' => 'https://derschmuckmacher-v3.ddev.site'
    'HTTP_COOKIE' => 'a8b7b1ec9ffb8baf2c6eaa253fe57112_username=26b9ec8568da68d3882e55afaa5d203483c6c5810ee05b5a55c8a0eb10cab93ea%3A2%3A%7Bi%3A0%3Bs%3A41%3A%22a8b7b1ec9ffb8baf2c6eaa253fe57112_username%22%3Bi%3A1%3Bs%3A8%3A%22odegiuli%22%3B%7D; CraftSessionId=d53e866d26bce875fb2884facc2d107e; CRAFT_CSRF_TOKEN=8a7d40a44925cffa5c6231ed712693479ccbd90a53c648b39aebabcbcfb32970a%3A2%3A%7Bi%3A0%3Bs%3A16%3A%22CRAFT_CSRF_TOKEN%22%3Bi%3A1%3Bs%3A147%3A%229VVivECA_J8xrEtMk6R8TWeXsv9sDEqSlX1ewKI4%7Ccf1973dd801adeb03ddc8c2365188f3412c2b61f83f5364963d159f3811886a99VVivECA_J8xrEtMk6R8TWeXsv9sDEqSlX1ewKI4%7C1%22%3B%7D; Craft-3626ffc1-d0a3-42e3-98aa-37e8aa759561_sidebar=expanded; cookieconsent_status=dismiss; Craft-3626ffc1-d0a3-42e3-98aa-37e8aa759561_sidebar-details=expanded; a8b7b1ec9ffb8baf2c6eaa253fe57112_identity=2ee63bec9c78b16cb52b6ff97233f3a03b82e66bcf4a25898f3cfa5b2b22da6ba%3A2%3A%7Bi%3A0%3Bs%3A41%3A%22a8b7b1ec9ffb8baf2c6eaa253fe57112_identity%22%3Bi%3A1%3Bs%3A159%3A%22%5B1%2C%22%5B%5C%22UrkbfhKiWjsY6RR3o2amMzH-bkXUYIGVFHW7CYAg9yt8FSPdbek0OuFnfjLETt7WF4FXkiJnsNQ1BXFFSpUfyKRsTAOTm2zEZRkh%5C%22%2Cnull%2C%5C%220ef01a0bceeac5b1d0a2b6557bd3d7b1%5C%22%5D%22%2C3600%5D%22%3B%7D'
    'HTTP_ACCEPT_LANGUAGE' => 'de,en-US;q=0.9,en;q=0.8'
    'HTTP_ACCEPT_ENCODING' => 'gzip, deflate, br, zstd'
    'HTTP_ACCEPT' => 'application/json, text/plain, */*'
    'HTTP_CONTENT_LENGTH' => '0'
    'HTTP_USER_AGENT' => 'Mozilla/5.0 (Macintosh; Intel Mac OS X 10.15; rv:150.0) Gecko/20100101 Firefox/150.0'
    'HTTP_HOST' => 'derschmuckmacher-v3.ddev.site'
    'HTTPS' => 'on'
    'REDIRECT_STATUS' => '200'
    'SERVER_NAME' => 'derschmuckmacher-v3.ddev.site'
    'SERVER_PORT' => '80'
    'SERVER_ADDR' => '172.18.0.3'
    'REMOTE_PORT' => '36744'
    'REMOTE_ADDR' => '172.18.0.5'
    'SERVER_SOFTWARE' => 'nginx/1.28.0'
    'GATEWAY_INTERFACE' => 'CGI/1.1'
    'REQUEST_SCHEME' => 'http'
    'SERVER_PROTOCOL' => 'HTTP/1.1'
    'DOCUMENT_ROOT' => '/var/www/html/web'
    'DOCUMENT_URI' => '/index.php'
    'REQUEST_URI' => '/index.php?p=dW2axQ3b%2Factions%2Fqueue%2Frun&v=1777539482082'
    'CONTENT_LENGTH' => '0'
    'CONTENT_TYPE' => ''
    'REQUEST_METHOD' => 'POST'
    'QUERY_STRING' => 'p=dW2axQ3b%2Factions%2Fqueue%2Frun&v=1777539482082'
    'SCRIPT_NAME' => '/index.php'
    'SCRIPT_FILENAME' => '/var/www/html/web/index.php'
    'FCGI_ROLE' => 'RESPONDER'
    'PHP_SELF' => '/index.php'
    'REQUEST_TIME_FLOAT' => 1777539482.0849
    'REQUEST_TIME' => 1777539482
    'CRAFT_APP_ID' => 'CraftCMS--3933bc78-29f5-4b79-bcc5-c31faf0fcd20'
    'CRAFT_ENVIRONMENT' => 'dev'
    'ENVIRONMENT' => 'dev'
    'CRAFT_SECURITY_KEY' => '••••••••••••••••••••••••••••••••'
    'CP_TRIGGER' => 'dW2axQ3b'
    'CRAFT_DB_SCHEMA' => 'public'
    'CRAFT_DB_TABLE_PREFIX' => ''
    'DEV_MODE' => 'true'
    'ALLOW_ADMIN_CHANGES' => 'true'
    'DISALLOW_ROBOTS' => 'true'
    'TIMEZONE' => 'Europe/Zurich'
    'CAPTCHA_SITE_KEY' => '••••••••••••••••••••••••••••••••••••••••'
    'CAPTCHA_SECRET_KEY' => '••••••••••••••••••••••••••••••••••••••••'
    'WEB_URL' => 'https://derschmuckmacher-v3.ddev.site'
    'WEB_ROOT' => '/var/www/html/web'
    'ASSETS_BASE_URL' => 'https://derschmuckmacher-v3.ddev.site/public'
    'ASSETS_BASE_PATH' => '/var/www/html/web/public'
    'SCHMUCK_BASE_URL' => 'https://derschmuckmacher-v3.ddev.site/public/uploads/schmuck'
    'SCHMUCK_BASE_PATH' => '/var/www/html/web/public/uploads/schmuck'
    'BILDER_BASE_URL' => 'https://derschmuckmacher-v3.ddev.site/public/uploads/bilder'
    'BILDER_BASE_PATH' => '/var/www/html/web/public/uploads/bilder'
] {"environment":"dev","userId":1} 
2026-04-30 10:58:04 [queue.INFO] [yii\db\Connection::open] Opening DB connection: mysql:host=db;dbname=db;port=3306 {"memory":1101384} 
2026-04-30 10:58:04 [queue.INFO] [yii\web\Session::open] Session started {"memory":1536856} 
2026-04-30 10:58:04 [queue.INFO] [nystudio107\codeeditor\CodeEditor::bootstrap] CodeEditor module bootstrapped {"memory":1558616} 
2026-04-30 10:58:04 [queue.INFO] [adigital\cookieconsentbanner\CookieConsentBanner::init] Cookie Consent Banner plugin loaded {"memory":1774968} 
2026-04-30 10:58:04 [queue.INFO] [miranj\obfuscator\Obfuscator::init] Obfuscator plugin loaded {"memory":2734928} 
2026-04-30 10:58:04 [queue.INFO] [yii\db\Connection::open] Opening DB connection: mysql:host=db;dbname=db;port=3306 {"memory":3002048} 
2026-04-30 10:58:04 [queue.INFO] [craft\queue\QueueLogBehavior::beforeExec]  [40550] t9n:["app","Updating search indexes"] (attempt: 1, pid: 16674) - Started {"memory":3060800} 
2026-04-30 10:58:04 [queue.INFO] [craft\queue\QueueLogBehavior::afterExec]  [40550] t9n:["app","Updating search indexes"] (attempt: 1, pid: 16674) - Done (time: 0.010s) {"memory":3638224} 
2026-04-30 10:58:04 [queue.INFO] [craft\queue\QueueLogBehavior::beforeExec]  [40551] t9n:["app","Updating search indexes"] (attempt: 1, pid: 16674) - Started {"memory":3646256} 
2026-04-30 10:58:04 [queue.INFO] [craft\queue\QueueLogBehavior::afterExec]  [40551] t9n:["app","Updating search indexes"] (attempt: 1, pid: 16674) - Done (time: 0.002s) {"memory":3736192} 
2026-04-30 10:58:04 [queue.INFO] [craft\queue\QueueLogBehavior::beforeExec]  [40552] t9n:["app","Updating search indexes"] (attempt: 1, pid: 16674) - Started {"memory":3744176} 
2026-04-30 10:58:04 [queue.INFO] [craft\queue\QueueLogBehavior::afterExec]  [40552] t9n:["app","Updating search indexes"] (attempt: 1, pid: 16674) - Done (time: 0.005s) {"memory":4220832} 
2026-04-30 10:58:04 [queue.INFO] [craft\queue\QueueLogBehavior::beforeExec]  [40553] t9n:["app","Updating search indexes"] (attempt: 1, pid: 16674) - Started {"memory":4228816} 
2026-04-30 10:58:04 [queue.INFO] [craft\queue\QueueLogBehavior::afterExec]  [40553] t9n:["app","Updating search indexes"] (attempt: 1, pid: 16674) - Done (time: 0.003s) {"memory":4431584} 
2026-04-30 10:58:04 [queue.INFO] [craft\queue\QueueLogBehavior::beforeExec]  [40554] t9n:["app","Pruning extra revisions"] (attempt: 1, pid: 16674) - Started {"memory":4439568} 
2026-04-30 10:58:04 [queue.INFO] [craft\queue\QueueLogBehavior::afterExec]  [40554] t9n:["app","Pruning extra revisions"] (attempt: 1, pid: 16674) - Done (time: 0.000s) {"memory":4519320} 
2026-04-30 10:58:04 [queue.INFO] [craft\queue\QueueLogBehavior::beforeExec]  [40555] t9n:["app","Pruning extra revisions"] (attempt: 1, pid: 16674) - Started {"memory":4527304} 
2026-04-30 10:58:04 [queue.INFO] [craft\queue\QueueLogBehavior::afterExec]  [40555] t9n:["app","Pruning extra revisions"] (attempt: 1, pid: 16674) - Done (time: 0.001s) {"memory":4639792} 
2026-04-30 10:58:04 [queue.INFO] [application] Request context:
$_GET = [
    'p' => 'dW2axQ3b/actions/queue/run'
    'v' => '1777539484799'
]

$_POST = []

$_FILES = []

$_COOKIE = [
    'a8b7b1ec9ffb8baf2c6eaa253fe57112_username' => '26b9ec8568da68d3882e55afaa5d203483c6c5810ee05b5a55c8a0eb10cab93ea:2:{i:0;s:41:\"a8b7b1ec9ffb8baf2c6eaa253fe57112_username\";i:1;s:8:\"odegiuli\";}'
    'CraftSessionId' => 'd53e866d26bce875fb2884facc2d107e'
    'CRAFT_CSRF_TOKEN' => '••••••••••••••••••••••••••••••••••••••••••••••••••••••••••••••••••••••••••••••••••••••••••••••••••••••••••••••••••••••••••••••••••••••••••••••••••••••••••••••••••••••••••••••••••••••••••••••••••••••••••••••••••••••••••••••••••••••••••••••••••••••••••••••••••'
    'Craft-3626ffc1-d0a3-42e3-98aa-37e8aa759561_sidebar' => 'expanded'
    'cookieconsent_status' => 'dismiss'
    'Craft-3626ffc1-d0a3-42e3-98aa-37e8aa759561_sidebar-details' => 'expanded'
    'a8b7b1ec9ffb8baf2c6eaa253fe57112_identity' => '2ee63bec9c78b16cb52b6ff97233f3a03b82e66bcf4a25898f3cfa5b2b22da6ba:2:{i:0;s:41:\"a8b7b1ec9ffb8baf2c6eaa253fe57112_identity\";i:1;s:159:\"[1,\"[\\\"UrkbfhKiWjsY6RR3o2amMzH-bkXUYIGVFHW7CYAg9yt8FSPdbek0OuFnfjLETt7WF4FXkiJnsNQ1BXFFSpUfyKRsTAOTm2zEZRkh\\\",null,\\\"0ef01a0bceeac5b1d0a2b6557bd3d7b1\\\"]\",3600]\";}'
]

$_SESSION = [
    '22b6a59deafcfb2ffb13c3adf3d98a3b__auth_access' => [
        0 => 'previewElement:6476'
        1 => 'saveAssets:856a3aeb-b21b-4d41-af3f-0a23db430323'
        2 => 'previewDraft:904'
        3 => 'previewElement:8616'
        4 => 'previewDraft:905'
        5 => 'previewElement:7158'
        6 => 'previewDraft:906'
        7 => 'previewDraft:908'
        8 => 'previewElement:8689'
        9 => 'saveAssets:'
        10 => 'previewDraft:910'
        11 => 'saveAssets:1986f3e0-bf2e-4ccd-b34c-7ec2d979afdd'
        12 => 'previewDraft:912'
        13 => 'previewDraft:914'
        14 => 'previewDraft:916'
        15 => 'previewElement:7186'
        16 => 'previewDraft:918'
        17 => 'previewDraft:920'
        18 => 'previewDraft:922'
        19 => 'previewDraft:924'
        20 => 'previewDraft:926'
        21 => 'previewDraft:928'
        22 => 'manageNestedElements::8753::field:kacheln'
        23 => 'previewDraft:930'
        24 => 'manageNestedElements::8755::field:kacheln'
        25 => 'previewDraft:931'
        26 => 'previewDraft:934'
        27 => 'previewDraft:935'
        28 => 'previewDraft:936'
        29 => 'previewDraft:937'
        30 => 'previewDraft:938'
        31 => 'previewDraft:940'
        32 => 'previewDraft:942'
        33 => 'previewElement:8582'
        34 => 'previewDraft:944'
        35 => 'previewDraft:945'
        36 => 'previewDraft:947'
        37 => 'previewDraft:949'
        38 => 'previewDraft:951'
        39 => 'previewDraft:952'
        40 => 'previewDraft:954'
        41 => 'previewDraft:955'
        42 => 'previewDraft:956'
        43 => 'previewDraft:958'
        44 => 'previewDraft:959'
        45 => 'previewDraft:960'
        46 => 'previewDraft:962'
        47 => 'previewDraft:963'
        48 => 'previewDraft:964'
        49 => 'previewDraft:965'
        50 => 'manageNestedElements::8841::field:kacheln'
        51 => 'previewDraft:967'
        52 => 'manageNestedElements::8844::field:kacheln'
        53 => 'previewDraft:968'
        54 => 'previewDraft:969'
        55 => 'previewDraft:971'
        56 => 'previewDraft:972'
        57 => 'previewDraft:973'
        58 => 'previewDraft:975'
        59 => 'previewDraft:977'
        60 => 'previewDraft:979'
        61 => 'previewDraft:981'
        62 => 'previewDraft:983'
        63 => 'previewDraft:985'
        64 => 'previewDraft:987'
        65 => 'previewDraft:989'
        66 => 'previewDraft:991'
        67 => 'previewDraft:992'
        68 => 'previewDraft:994'
        69 => 'previewDraft:995'
        70 => 'previewDraft:996'
        71 => 'previewDraft:997'
    ]
    'a8b7b1ec9ffb8baf2c6eaa253fe57112__token' => '••••••••••••••••••••••••••••••••••••••••••••••••••••••••••••••••••••••••••••••••••••••••••••••••••••'
    'a8b7b1ec9ffb8baf2c6eaa253fe57112__id' => 1
    '__authKey' => '••••••••••••••••••••••••••••••••••••••••••••••••••••••••••••••••••••••••••••••••••••••••••••••••••••••••••••••••••••••••••••••••••••••••••••••••'
    'a8b7b1ec9ffb8baf2c6eaa253fe57112__expire' => 1777543084
    '__duration' => 3600
    '__elevated_timeout' => 1777538397
    '22b6a59deafcfb2ffb13c3adf3d98a3b__flash' => []
]

$_SERVER = [
    'DEPLOY_NAME' => 'local'
    'DDEV_WEBSERVER_TYPE' => 'nginx-fpm'
    'npm_config_cache' => '/mnt/ddev-global-cache/npm'
    'COREPACK_ENABLE_DOWNLOAD_PROMPT' => '0'
    'DDEV_GOOS' => 'darwin'
    'IS_DDEV_PROJECT' => 'true'
    'PHP_DEFAULT_VERSION' => '8.3'
    'HOSTNAME' => 'derschmuckmacher-v3-web'
    'MAILPIT_SMTP_PORT' => '1025'
    'MH_SMTP_BIND_ADDR' => '127.0.0.1:1025'
    'DDEV_PRIMARY_URL_WITHOUT_PORT' => 'https://derschmuckmacher-v3.ddev.site'
    'CRAFT_DB_PORT' => '3306'
    'SSH_AUTH_SOCK' => '/home/.ssh-agent/socket'
    'DDEV_GID' => '20'
    'NODE_EXTRA_CA_CERTS' => '/mnt/ddev-global-cache/mkcert/rootCA.pem'
    'DOCKER_IP' => '127.0.0.1'
    'PGPASSWORD' => 'db'
    'CRAFT_WEB_ROOT' => '/var/www/html/web'
    'DDEV_DOCROOT' => 'web'
    'PWD' => '/var/www/html'
    'PLATFORMSH_CLI_UPDATES_CHECK' => '0'
    'DDEV_APPROOT' => '/var/www/html'
    'DDEV_FILES_DIR' => ''
    'START_SCRIPT_TIMEOUT' => '57'
    'APACHE_SITE_TEMPLATE' => '/etc/apache2/apache-site.conf'
    'PHP_INI' => '/etc/php/8.2/fpm/php.ini'
    'DDEV_VERSION' => 'v1.24.10'
    'PRIMARY_SITE_URL' => 'https://derschmuckmacher-v3.ddev.site'
    'TZ' => 'Europe/Zurich'
    'DDEV_XHPROF_MODE' => 'prepend'
    'HTTPS_EXPOSE' => '443:80,8026:8025'
    'COREPACK_HOME' => '/mnt/ddev-global-cache/corepack'
    'CRAFT_DB_DATABASE' => 'db'
    'DDEV_PRIMARY_URL' => 'https://derschmuckmacher-v3.ddev.site'
    'LINES' => '17'
    'DDEV_SITENAME' => 'derschmuckmacher-v3'
    'HOME' => '/home/omar'
    'DRUSH_OPTIONS_URI' => 'https://derschmuckmacher-v3.ddev.site'
    'LANG' => 'C.UTF-8'
    'COLUMNS' => '371'
    'DDEV_MUTAGEN_ENABLED' => 'true'
    'DDEV_USER' => 'omar'
    'PGUSER' => 'db'
    'TERMINUS_CACHE_DIR' => '/mnt/ddev-global-cache/terminus/cache'
    'DDEV_PRIMARY_URL_PORT' => '443'
    'DDEV_ROUTER_HTTP_PORT' => '80'
    'MAILPIT_SMTP_HOSTNAME' => '127.0.0.1'
    'CRAFT_DB_DRIVER' => 'mysql'
    'COMPOSER_PROCESS_TIMEOUT' => '2000'
    'NGINX_SITE_TEMPLATE' => '/etc/nginx/nginx-site.conf'
    'DDEV_FILES_DIRS' => ''
    'CRAFT_DB_SERVER' => 'db'
    'HTTP_EXPOSE' => '80:80,8025:8025'
    'NVM_DIR' => '/home/omar/.nvm'
    'DDEV_PHP_VERSION' => '8.2'
    'DDEV_TLD' => 'ddev.site'
    'DDEV_HOSTNAME' => 'derschmuckmacher-v3.ddev.site'
    'DDEV_PROJECT' => 'derschmuckmacher-v3'
    'DDEV_GOARCH' => 'arm64'
    'VIRTUAL_HOST' => 'derschmuckmacher-v3.ddev.site'
    'TERM' => 'xterm'
    'USER' => 'omar'
    'MYSQL_HISTFILE' => '/mnt/ddev-global-cache/mysqlhistory/derschmuckmacher-v3-web/mysql_history'
    'DDEV_WEB_ENTRYPOINT' => '/mnt/ddev_config/web-entrypoint.d'
    'DDEV_UID' => '501'
    'CAROOT' => '/mnt/ddev-global-cache/mkcert'
    'SHLVL' => '1'
    'COMPOSER_ALLOW_SUPERUSER' => '1'
    'BASH_ENV' => '/etc/bash.nointeractive.bashrc'
    'DDEV_DATABASE' => 'mysql:8.0'
    'PGDATABASE' => 'db'
    'CRAFT_DB_USER' => 'db'
    'DDEV_SCHEME' => 'https'
    'XHPROF_OUTPUT_DIR' => '/tmp/xhprof'
    'COMPOSER_CACHE_DIR' => '/mnt/ddev-global-cache/composer'
    'DDEV_XDEBUG_ENABLED' => 'false'
    'DDEV_DATABASE_FAMILY' => 'mysql'
    'PGHOST' => 'db'
    'DDEV_COMPOSER_ROOT' => '/var/www/html'
    'CRAFT_DB_PASSWORD' => '••'
    'DOCROOT' => 'web'
    'TERMINUS_HIDE_UPDATE_MESSAGE' => '1'
    'PATH' => '/home/omar/bin:/var/www/html/vendor/bin:/usr/local/sbin:/usr/local/bin:/usr/sbin:/usr/bin:/sbin:/bin:/var/www/html/bin:/mnt/ddev-global-cache/global-commands/web'
    'HOST_DOCKER_INTERNAL_IP' => ''
    'DDEV_PROJECT_TYPE' => 'craftcms'
    'DEBIAN_FRONTEND' => 'noninteractive'
    'DDEV_ROUTER_HTTPS_PORT' => '443'
    'EXECIGNORE' => '/var/www/html/vendor/bin/composer'
    'SUPERVISOR_ENABLED' => '1'
    'SUPERVISOR_SERVER_URL' => 'unix:///var/run/supervisor.sock'
    'SUPERVISOR_PROCESS_NAME' => 'php-fpm'
    'SUPERVISOR_GROUP_NAME' => 'php-fpm'
    'HTTP_X_REQUESTED_WITH' => 'XMLHttpRequest'
    'HTTP_X_REGISTERED_JS_FILES' => '6276b818'
    'HTTP_X_REGISTERED_ASSET_BUNDLES' => '815d39ea,92d8701,22e517a2,aee7f8dc,26c46c25,e505ffd6,6b4d7555,bb2f10a0,e5e48399,fc0bc163,1ccab40d,1e21896b,54698ee0,b842675b,1c3c9add,4b1fd285,d8d08e47,8f00ce04,8768f48b,cf3018d6,ec6d0256,e7c1329,7b7669ac,75f47f25'
    'HTTP_X_REAL_IP' => '172.18.0.1'
    'HTTP_X_FORWARDED_SERVER' => '21f32d6785eb'
    'HTTP_X_FORWARDED_PROTO' => 'https'
    'HTTP_X_FORWARDED_PORT' => '443'
    'HTTP_X_FORWARDED_HOST' => 'derschmuckmacher-v3.ddev.site'
    'HTTP_X_FORWARDED_FOR' => '172.18.0.1'
    'HTTP_X_CSRF_TOKEN' => '••••••••••••••••••••••••••••••••••••••••••••••••••••••••••••••••••••••••••••••••••••••••••••••••••••••••••••••••••••••••••••••••••••••••••••••••••••••••••••••••••••••••••••••••••••••••••••••••••••••••••••••••••••••••••••••••••••••••••••••••••••••••••••••••••••••••••••••••••••••••••••••••••••••••••••••••••••••••••••••••••••••••••••••••••••••••••••••••••••••••••••••••••••••••••••••••••••••••'
    'HTTP_TE' => 'trailers'
    'HTTP_SEC_GPC' => '1'
    'HTTP_SEC_FETCH_SITE' => 'same-origin'
    'HTTP_SEC_FETCH_MODE' => 'cors'
    'HTTP_SEC_FETCH_DEST' => 'empty'
    'HTTP_REFERER' => 'https://derschmuckmacher-v3.ddev.site/dW2axQ3b/content/entries/singles/8616-%C3%BCber-mich'
    'HTTP_ORIGIN' => 'https://derschmuckmacher-v3.ddev.site'
    'HTTP_COOKIE' => 'a8b7b1ec9ffb8baf2c6eaa253fe57112_username=26b9ec8568da68d3882e55afaa5d203483c6c5810ee05b5a55c8a0eb10cab93ea%3A2%3A%7Bi%3A0%3Bs%3A41%3A%22a8b7b1ec9ffb8baf2c6eaa253fe57112_username%22%3Bi%3A1%3Bs%3A8%3A%22odegiuli%22%3B%7D; CraftSessionId=d53e866d26bce875fb2884facc2d107e; CRAFT_CSRF_TOKEN=8a7d40a44925cffa5c6231ed712693479ccbd90a53c648b39aebabcbcfb32970a%3A2%3A%7Bi%3A0%3Bs%3A16%3A%22CRAFT_CSRF_TOKEN%22%3Bi%3A1%3Bs%3A147%3A%229VVivECA_J8xrEtMk6R8TWeXsv9sDEqSlX1ewKI4%7Ccf1973dd801adeb03ddc8c2365188f3412c2b61f83f5364963d159f3811886a99VVivECA_J8xrEtMk6R8TWeXsv9sDEqSlX1ewKI4%7C1%22%3B%7D; Craft-3626ffc1-d0a3-42e3-98aa-37e8aa759561_sidebar=expanded; cookieconsent_status=dismiss; Craft-3626ffc1-d0a3-42e3-98aa-37e8aa759561_sidebar-details=expanded; a8b7b1ec9ffb8baf2c6eaa253fe57112_identity=2ee63bec9c78b16cb52b6ff97233f3a03b82e66bcf4a25898f3cfa5b2b22da6ba%3A2%3A%7Bi%3A0%3Bs%3A41%3A%22a8b7b1ec9ffb8baf2c6eaa253fe57112_identity%22%3Bi%3A1%3Bs%3A159%3A%22%5B1%2C%22%5B%5C%22UrkbfhKiWjsY6RR3o2amMzH-bkXUYIGVFHW7CYAg9yt8FSPdbek0OuFnfjLETt7WF4FXkiJnsNQ1BXFFSpUfyKRsTAOTm2zEZRkh%5C%22%2Cnull%2C%5C%220ef01a0bceeac5b1d0a2b6557bd3d7b1%5C%22%5D%22%2C3600%5D%22%3B%7D'
    'HTTP_ACCEPT_LANGUAGE' => 'de,en-US;q=0.9,en;q=0.8'
    'HTTP_ACCEPT_ENCODING' => 'gzip, deflate, br, zstd'
    'HTTP_ACCEPT' => 'application/json, text/plain, */*'
    'HTTP_CONTENT_LENGTH' => '0'
    'HTTP_USER_AGENT' => 'Mozilla/5.0 (Macintosh; Intel Mac OS X 10.15; rv:150.0) Gecko/20100101 Firefox/150.0'
    'HTTP_HOST' => 'derschmuckmacher-v3.ddev.site'
    'HTTPS' => 'on'
    'REDIRECT_STATUS' => '200'
    'SERVER_NAME' => 'derschmuckmacher-v3.ddev.site'
    'SERVER_PORT' => '80'
    'SERVER_ADDR' => '172.18.0.3'
    'REMOTE_PORT' => '36746'
    'REMOTE_ADDR' => '172.18.0.5'
    'SERVER_SOFTWARE' => 'nginx/1.28.0'
    'GATEWAY_INTERFACE' => 'CGI/1.1'
    'REQUEST_SCHEME' => 'http'
    'SERVER_PROTOCOL' => 'HTTP/1.1'
    'DOCUMENT_ROOT' => '/var/www/html/web'
    'DOCUMENT_URI' => '/index.php'
    'REQUEST_URI' => '/index.php?p=dW2axQ3b%2Factions%2Fqueue%2Frun&v=1777539484799'
    'CONTENT_LENGTH' => '0'
    'CONTENT_TYPE' => ''
    'REQUEST_METHOD' => 'POST'
    'QUERY_STRING' => 'p=dW2axQ3b%2Factions%2Fqueue%2Frun&v=1777539484799'
    'SCRIPT_NAME' => '/index.php'
    'SCRIPT_FILENAME' => '/var/www/html/web/index.php'
    'FCGI_ROLE' => 'RESPONDER'
    'PHP_SELF' => '/index.php'
    'REQUEST_TIME_FLOAT' => 1777539484.805
    'REQUEST_TIME' => 1777539484
    'CRAFT_APP_ID' => 'CraftCMS--3933bc78-29f5-4b79-bcc5-c31faf0fcd20'
    'CRAFT_ENVIRONMENT' => 'dev'
    'ENVIRONMENT' => 'dev'
    'CRAFT_SECURITY_KEY' => '••••••••••••••••••••••••••••••••'
    'CP_TRIGGER' => 'dW2axQ3b'
    'CRAFT_DB_SCHEMA' => 'public'
    'CRAFT_DB_TABLE_PREFIX' => ''
    'DEV_MODE' => 'true'
    'ALLOW_ADMIN_CHANGES' => 'true'
    'DISALLOW_ROBOTS' => 'true'
    'TIMEZONE' => 'Europe/Zurich'
    'CAPTCHA_SITE_KEY' => '••••••••••••••••••••••••••••••••••••••••'
    'CAPTCHA_SECRET_KEY' => '••••••••••••••••••••••••••••••••••••••••'
    'WEB_URL' => 'https://derschmuckmacher-v3.ddev.site'
    'WEB_ROOT' => '/var/www/html/web'
    'ASSETS_BASE_URL' => 'https://derschmuckmacher-v3.ddev.site/public'
    'ASSETS_BASE_PATH' => '/var/www/html/web/public'
    'SCHMUCK_BASE_URL' => 'https://derschmuckmacher-v3.ddev.site/public/uploads/schmuck'
    'SCHMUCK_BASE_PATH' => '/var/www/html/web/public/uploads/schmuck'
    'BILDER_BASE_URL' => 'https://derschmuckmacher-v3.ddev.site/public/uploads/bilder'
    'BILDER_BASE_PATH' => '/var/www/html/web/public/uploads/bilder'
] {"environment":"dev","userId":1} 
2026-04-30 10:58:20 [queue.INFO] [yii\db\Connection::open] Opening DB connection: mysql:host=db;dbname=db;port=3306 {"memory":1101384} 
2026-04-30 10:58:20 [queue.INFO] [yii\web\Session::open] Session started {"memory":1536856} 
2026-04-30 10:58:20 [queue.INFO] [nystudio107\codeeditor\CodeEditor::bootstrap] CodeEditor module bootstrapped {"memory":1558616} 
2026-04-30 10:58:20 [queue.INFO] [adigital\cookieconsentbanner\CookieConsentBanner::init] Cookie Consent Banner plugin loaded {"memory":1774968} 
2026-04-30 10:58:20 [queue.INFO] [miranj\obfuscator\Obfuscator::init] Obfuscator plugin loaded {"memory":2734928} 
2026-04-30 10:58:20 [queue.INFO] [yii\db\Connection::open] Opening DB connection: mysql:host=db;dbname=db;port=3306 {"memory":3002048} 
2026-04-30 10:58:20 [queue.INFO] [craft\queue\QueueLogBehavior::beforeExec]  [40556] t9n:["app","Updating search indexes"] (attempt: 1, pid: 17137) - Started {"memory":3060800} 
2026-04-30 10:58:20 [queue.INFO] [craft\queue\QueueLogBehavior::afterExec]  [40556] t9n:["app","Updating search indexes"] (attempt: 1, pid: 17137) - Done (time: 0.008s) {"memory":3475640} 
2026-04-30 10:58:20 [queue.INFO] [application] Request context:
$_GET = [
    'p' => 'dW2axQ3b/actions/queue/run'
    'v' => '1777539500699'
]

$_POST = []

$_FILES = []

$_COOKIE = [
    'a8b7b1ec9ffb8baf2c6eaa253fe57112_username' => '26b9ec8568da68d3882e55afaa5d203483c6c5810ee05b5a55c8a0eb10cab93ea:2:{i:0;s:41:\"a8b7b1ec9ffb8baf2c6eaa253fe57112_username\";i:1;s:8:\"odegiuli\";}'
    'CraftSessionId' => 'd53e866d26bce875fb2884facc2d107e'
    'CRAFT_CSRF_TOKEN' => '••••••••••••••••••••••••••••••••••••••••••••••••••••••••••••••••••••••••••••••••••••••••••••••••••••••••••••••••••••••••••••••••••••••••••••••••••••••••••••••••••••••••••••••••••••••••••••••••••••••••••••••••••••••••••••••••••••••••••••••••••••••••••••••••••'
    'Craft-3626ffc1-d0a3-42e3-98aa-37e8aa759561_sidebar' => 'expanded'
    'cookieconsent_status' => 'dismiss'
    'Craft-3626ffc1-d0a3-42e3-98aa-37e8aa759561_sidebar-details' => 'expanded'
    'a8b7b1ec9ffb8baf2c6eaa253fe57112_identity' => '2ee63bec9c78b16cb52b6ff97233f3a03b82e66bcf4a25898f3cfa5b2b22da6ba:2:{i:0;s:41:\"a8b7b1ec9ffb8baf2c6eaa253fe57112_identity\";i:1;s:159:\"[1,\"[\\\"UrkbfhKiWjsY6RR3o2amMzH-bkXUYIGVFHW7CYAg9yt8FSPdbek0OuFnfjLETt7WF4FXkiJnsNQ1BXFFSpUfyKRsTAOTm2zEZRkh\\\",null,\\\"0ef01a0bceeac5b1d0a2b6557bd3d7b1\\\"]\",3600]\";}'
]

$_SESSION = [
    '22b6a59deafcfb2ffb13c3adf3d98a3b__auth_access' => [
        0 => 'previewElement:6476'
        1 => 'saveAssets:856a3aeb-b21b-4d41-af3f-0a23db430323'
        2 => 'previewDraft:904'
        3 => 'previewElement:8616'
        4 => 'previewDraft:905'
        5 => 'previewElement:7158'
        6 => 'previewDraft:906'
        7 => 'previewDraft:908'
        8 => 'previewElement:8689'
        9 => 'saveAssets:'
        10 => 'previewDraft:910'
        11 => 'saveAssets:1986f3e0-bf2e-4ccd-b34c-7ec2d979afdd'
        12 => 'previewDraft:912'
        13 => 'previewDraft:914'
        14 => 'previewDraft:916'
        15 => 'previewElement:7186'
        16 => 'previewDraft:918'
        17 => 'previewDraft:920'
        18 => 'previewDraft:922'
        19 => 'previewDraft:924'
        20 => 'previewDraft:926'
        21 => 'previewDraft:928'
        22 => 'manageNestedElements::8753::field:kacheln'
        23 => 'previewDraft:930'
        24 => 'manageNestedElements::8755::field:kacheln'
        25 => 'previewDraft:931'
        26 => 'previewDraft:934'
        27 => 'previewDraft:935'
        28 => 'previewDraft:936'
        29 => 'previewDraft:937'
        30 => 'previewDraft:938'
        31 => 'previewDraft:940'
        32 => 'previewDraft:942'
        33 => 'previewElement:8582'
        34 => 'previewDraft:944'
        35 => 'previewDraft:945'
        36 => 'previewDraft:947'
        37 => 'previewDraft:949'
        38 => 'previewDraft:951'
        39 => 'previewDraft:952'
        40 => 'previewDraft:954'
        41 => 'previewDraft:955'
        42 => 'previewDraft:956'
        43 => 'previewDraft:958'
        44 => 'previewDraft:959'
        45 => 'previewDraft:960'
        46 => 'previewDraft:962'
        47 => 'previewDraft:963'
        48 => 'previewDraft:964'
        49 => 'previewDraft:965'
        50 => 'manageNestedElements::8841::field:kacheln'
        51 => 'previewDraft:967'
        52 => 'manageNestedElements::8844::field:kacheln'
        53 => 'previewDraft:968'
        54 => 'previewDraft:969'
        55 => 'previewDraft:971'
        56 => 'previewDraft:972'
        57 => 'previewDraft:973'
        58 => 'previewDraft:975'
        59 => 'previewDraft:977'
        60 => 'previewDraft:979'
        61 => 'previewDraft:981'
        62 => 'previewDraft:983'
        63 => 'previewDraft:985'
        64 => 'previewDraft:987'
        65 => 'previewDraft:989'
        66 => 'previewDraft:991'
        67 => 'previewDraft:992'
        68 => 'previewDraft:994'
        69 => 'previewDraft:995'
        70 => 'previewDraft:996'
        71 => 'previewDraft:997'
    ]
    'a8b7b1ec9ffb8baf2c6eaa253fe57112__token' => '••••••••••••••••••••••••••••••••••••••••••••••••••••••••••••••••••••••••••••••••••••••••••••••••••••'
    'a8b7b1ec9ffb8baf2c6eaa253fe57112__id' => 1
    '__authKey' => '••••••••••••••••••••••••••••••••••••••••••••••••••••••••••••••••••••••••••••••••••••••••••••••••••••••••••••••••••••••••••••••••••••••••••••••••'
    'a8b7b1ec9ffb8baf2c6eaa253fe57112__expire' => 1777543100
    '__duration' => 3600
    '__elevated_timeout' => 1777538397
    '22b6a59deafcfb2ffb13c3adf3d98a3b__flash' => []
]

$_SERVER = [
    'DEPLOY_NAME' => 'local'
    'DDEV_WEBSERVER_TYPE' => 'nginx-fpm'
    'npm_config_cache' => '/mnt/ddev-global-cache/npm'
    'COREPACK_ENABLE_DOWNLOAD_PROMPT' => '0'
    'DDEV_GOOS' => 'darwin'
    'IS_DDEV_PROJECT' => 'true'
    'PHP_DEFAULT_VERSION' => '8.3'
    'HOSTNAME' => 'derschmuckmacher-v3-web'
    'MAILPIT_SMTP_PORT' => '1025'
    'MH_SMTP_BIND_ADDR' => '127.0.0.1:1025'
    'DDEV_PRIMARY_URL_WITHOUT_PORT' => 'https://derschmuckmacher-v3.ddev.site'
    'CRAFT_DB_PORT' => '3306'
    'SSH_AUTH_SOCK' => '/home/.ssh-agent/socket'
    'DDEV_GID' => '20'
    'NODE_EXTRA_CA_CERTS' => '/mnt/ddev-global-cache/mkcert/rootCA.pem'
    'DOCKER_IP' => '127.0.0.1'
    'PGPASSWORD' => 'db'
    'CRAFT_WEB_ROOT' => '/var/www/html/web'
    'DDEV_DOCROOT' => 'web'
    'PWD' => '/var/www/html'
    'PLATFORMSH_CLI_UPDATES_CHECK' => '0'
    'DDEV_APPROOT' => '/var/www/html'
    'DDEV_FILES_DIR' => ''
    'START_SCRIPT_TIMEOUT' => '57'
    'APACHE_SITE_TEMPLATE' => '/etc/apache2/apache-site.conf'
    'PHP_INI' => '/etc/php/8.2/fpm/php.ini'
    'DDEV_VERSION' => 'v1.24.10'
    'PRIMARY_SITE_URL' => 'https://derschmuckmacher-v3.ddev.site'
    'TZ' => 'Europe/Zurich'
    'DDEV_XHPROF_MODE' => 'prepend'
    'HTTPS_EXPOSE' => '443:80,8026:8025'
    'COREPACK_HOME' => '/mnt/ddev-global-cache/corepack'
    'CRAFT_DB_DATABASE' => 'db'
    'DDEV_PRIMARY_URL' => 'https://derschmuckmacher-v3.ddev.site'
    'LINES' => '17'
    'DDEV_SITENAME' => 'derschmuckmacher-v3'
    'HOME' => '/home/omar'
    'DRUSH_OPTIONS_URI' => 'https://derschmuckmacher-v3.ddev.site'
    'LANG' => 'C.UTF-8'
    'COLUMNS' => '371'
    'DDEV_MUTAGEN_ENABLED' => 'true'
    'DDEV_USER' => 'omar'
    'PGUSER' => 'db'
    'TERMINUS_CACHE_DIR' => '/mnt/ddev-global-cache/terminus/cache'
    'DDEV_PRIMARY_URL_PORT' => '443'
    'DDEV_ROUTER_HTTP_PORT' => '80'
    'MAILPIT_SMTP_HOSTNAME' => '127.0.0.1'
    'CRAFT_DB_DRIVER' => 'mysql'
    'COMPOSER_PROCESS_TIMEOUT' => '2000'
    'NGINX_SITE_TEMPLATE' => '/etc/nginx/nginx-site.conf'
    'DDEV_FILES_DIRS' => ''
    'CRAFT_DB_SERVER' => 'db'
    'HTTP_EXPOSE' => '80:80,8025:8025'
    'NVM_DIR' => '/home/omar/.nvm'
    'DDEV_PHP_VERSION' => '8.2'
    'DDEV_TLD' => 'ddev.site'
    'DDEV_HOSTNAME' => 'derschmuckmacher-v3.ddev.site'
    'DDEV_PROJECT' => 'derschmuckmacher-v3'
    'DDEV_GOARCH' => 'arm64'
    'VIRTUAL_HOST' => 'derschmuckmacher-v3.ddev.site'
    'TERM' => 'xterm'
    'USER' => 'omar'
    'MYSQL_HISTFILE' => '/mnt/ddev-global-cache/mysqlhistory/derschmuckmacher-v3-web/mysql_history'
    'DDEV_WEB_ENTRYPOINT' => '/mnt/ddev_config/web-entrypoint.d'
    'DDEV_UID' => '501'
    'CAROOT' => '/mnt/ddev-global-cache/mkcert'
    'SHLVL' => '1'
    'COMPOSER_ALLOW_SUPERUSER' => '1'
    'BASH_ENV' => '/etc/bash.nointeractive.bashrc'
    'DDEV_DATABASE' => 'mysql:8.0'
    'PGDATABASE' => 'db'
    'CRAFT_DB_USER' => 'db'
    'DDEV_SCHEME' => 'https'
    'XHPROF_OUTPUT_DIR' => '/tmp/xhprof'
    'COMPOSER_CACHE_DIR' => '/mnt/ddev-global-cache/composer'
    'DDEV_XDEBUG_ENABLED' => 'false'
    'DDEV_DATABASE_FAMILY' => 'mysql'
    'PGHOST' => 'db'
    'DDEV_COMPOSER_ROOT' => '/var/www/html'
    'CRAFT_DB_PASSWORD' => '••'
    'DOCROOT' => 'web'
    'TERMINUS_HIDE_UPDATE_MESSAGE' => '1'
    'PATH' => '/home/omar/bin:/var/www/html/vendor/bin:/usr/local/sbin:/usr/local/bin:/usr/sbin:/usr/bin:/sbin:/bin:/var/www/html/bin:/mnt/ddev-global-cache/global-commands/web'
    'HOST_DOCKER_INTERNAL_IP' => ''
    'DDEV_PROJECT_TYPE' => 'craftcms'
    'DEBIAN_FRONTEND' => 'noninteractive'
    'DDEV_ROUTER_HTTPS_PORT' => '443'
    'EXECIGNORE' => '/var/www/html/vendor/bin/composer'
    'SUPERVISOR_ENABLED' => '1'
    'SUPERVISOR_SERVER_URL' => 'unix:///var/run/supervisor.sock'
    'SUPERVISOR_PROCESS_NAME' => 'php-fpm'
    'SUPERVISOR_GROUP_NAME' => 'php-fpm'
    'HTTP_X_REQUESTED_WITH' => 'XMLHttpRequest'
    'HTTP_X_REGISTERED_JS_FILES' => '6276b818'
    'HTTP_X_REGISTERED_ASSET_BUNDLES' => '815d39ea,92d8701,22e517a2,aee7f8dc,26c46c25,e505ffd6,6b4d7555,bb2f10a0,e5e48399,fc0bc163,1ccab40d,1e21896b,54698ee0,b842675b,1c3c9add,4b1fd285,d8d08e47,8f00ce04,8768f48b,cf3018d6,ec6d0256,e7c1329,7b7669ac,75f47f25'
    'HTTP_X_REAL_IP' => '172.18.0.1'
    'HTTP_X_FORWARDED_SERVER' => '21f32d6785eb'
    'HTTP_X_FORWARDED_PROTO' => 'https'
    'HTTP_X_FORWARDED_PORT' => '443'
    'HTTP_X_FORWARDED_HOST' => 'derschmuckmacher-v3.ddev.site'
    'HTTP_X_FORWARDED_FOR' => '172.18.0.1'
    'HTTP_X_CSRF_TOKEN' => '••••••••••••••••••••••••••••••••••••••••••••••••••••••••••••••••••••••••••••••••••••••••••••••••••••••••••••••••••••••••••••••••••••••••••••••••••••••••••••••••••••••••••••••••••••••••••••••••••••••••••••••••••••••••••••••••••••••••••••••••••••••••••••••••••••••••••••••••••••••••••••••••••••••••••••••••••••••••••••••••••••••••••••••••••••••••••••••••••••••••••••••••••••••••••••••••••••••••'
    'HTTP_TE' => 'trailers'
    'HTTP_SEC_GPC' => '1'
    'HTTP_SEC_FETCH_SITE' => 'same-origin'
    'HTTP_SEC_FETCH_MODE' => 'cors'
    'HTTP_SEC_FETCH_DEST' => 'empty'
    'HTTP_REFERER' => 'https://derschmuckmacher-v3.ddev.site/dW2axQ3b/content/entries/singles/8616-%C3%BCber-mich'
    'HTTP_ORIGIN' => 'https://derschmuckmacher-v3.ddev.site'
    'HTTP_COOKIE' => 'a8b7b1ec9ffb8baf2c6eaa253fe57112_username=26b9ec8568da68d3882e55afaa5d203483c6c5810ee05b5a55c8a0eb10cab93ea%3A2%3A%7Bi%3A0%3Bs%3A41%3A%22a8b7b1ec9ffb8baf2c6eaa253fe57112_username%22%3Bi%3A1%3Bs%3A8%3A%22odegiuli%22%3B%7D; CraftSessionId=d53e866d26bce875fb2884facc2d107e; CRAFT_CSRF_TOKEN=8a7d40a44925cffa5c6231ed712693479ccbd90a53c648b39aebabcbcfb32970a%3A2%3A%7Bi%3A0%3Bs%3A16%3A%22CRAFT_CSRF_TOKEN%22%3Bi%3A1%3Bs%3A147%3A%229VVivECA_J8xrEtMk6R8TWeXsv9sDEqSlX1ewKI4%7Ccf1973dd801adeb03ddc8c2365188f3412c2b61f83f5364963d159f3811886a99VVivECA_J8xrEtMk6R8TWeXsv9sDEqSlX1ewKI4%7C1%22%3B%7D; Craft-3626ffc1-d0a3-42e3-98aa-37e8aa759561_sidebar=expanded; cookieconsent_status=dismiss; Craft-3626ffc1-d0a3-42e3-98aa-37e8aa759561_sidebar-details=expanded; a8b7b1ec9ffb8baf2c6eaa253fe57112_identity=2ee63bec9c78b16cb52b6ff97233f3a03b82e66bcf4a25898f3cfa5b2b22da6ba%3A2%3A%7Bi%3A0%3Bs%3A41%3A%22a8b7b1ec9ffb8baf2c6eaa253fe57112_identity%22%3Bi%3A1%3Bs%3A159%3A%22%5B1%2C%22%5B%5C%22UrkbfhKiWjsY6RR3o2amMzH-bkXUYIGVFHW7CYAg9yt8FSPdbek0OuFnfjLETt7WF4FXkiJnsNQ1BXFFSpUfyKRsTAOTm2zEZRkh%5C%22%2Cnull%2C%5C%220ef01a0bceeac5b1d0a2b6557bd3d7b1%5C%22%5D%22%2C3600%5D%22%3B%7D'
    'HTTP_ACCEPT_LANGUAGE' => 'de,en-US;q=0.9,en;q=0.8'
    'HTTP_ACCEPT_ENCODING' => 'gzip, deflate, br, zstd'
    'HTTP_ACCEPT' => 'application/json, text/plain, */*'
    'HTTP_CONTENT_LENGTH' => '0'
    'HTTP_USER_AGENT' => 'Mozilla/5.0 (Macintosh; Intel Mac OS X 10.15; rv:150.0) Gecko/20100101 Firefox/150.0'
    'HTTP_HOST' => 'derschmuckmacher-v3.ddev.site'
    'HTTPS' => 'on'
    'REDIRECT_STATUS' => '200'
    'SERVER_NAME' => 'derschmuckmacher-v3.ddev.site'
    'SERVER_PORT' => '80'
    'SERVER_ADDR' => '172.18.0.3'
    'REMOTE_PORT' => '47648'
    'REMOTE_ADDR' => '172.18.0.5'
    'SERVER_SOFTWARE' => 'nginx/1.28.0'
    'GATEWAY_INTERFACE' => 'CGI/1.1'
    'REQUEST_SCHEME' => 'http'
    'SERVER_PROTOCOL' => 'HTTP/1.1'
    'DOCUMENT_ROOT' => '/var/www/html/web'
    'DOCUMENT_URI' => '/index.php'
    'REQUEST_URI' => '/index.php?p=dW2axQ3b%2Factions%2Fqueue%2Frun&v=1777539500699'
    'CONTENT_LENGTH' => '0'
    'CONTENT_TYPE' => ''
    'REQUEST_METHOD' => 'POST'
    'QUERY_STRING' => 'p=dW2axQ3b%2Factions%2Fqueue%2Frun&v=1777539500699'
    'SCRIPT_NAME' => '/index.php'
    'SCRIPT_FILENAME' => '/var/www/html/web/index.php'
    'FCGI_ROLE' => 'RESPONDER'
    'PHP_SELF' => '/index.php'
    'REQUEST_TIME_FLOAT' => 1777539500.7029
    'REQUEST_TIME' => 1777539500
    'CRAFT_APP_ID' => 'CraftCMS--3933bc78-29f5-4b79-bcc5-c31faf0fcd20'
    'CRAFT_ENVIRONMENT' => 'dev'
    'ENVIRONMENT' => 'dev'
    'CRAFT_SECURITY_KEY' => '••••••••••••••••••••••••••••••••'
    'CP_TRIGGER' => 'dW2axQ3b'
    'CRAFT_DB_SCHEMA' => 'public'
    'CRAFT_DB_TABLE_PREFIX' => ''
    'DEV_MODE' => 'true'
    'ALLOW_ADMIN_CHANGES' => 'true'
    'DISALLOW_ROBOTS' => 'true'
    'TIMEZONE' => 'Europe/Zurich'
    'CAPTCHA_SITE_KEY' => '••••••••••••••••••••••••••••••••••••••••'
    'CAPTCHA_SECRET_KEY' => '••••••••••••••••••••••••••••••••••••••••'
    'WEB_URL' => 'https://derschmuckmacher-v3.ddev.site'
    'WEB_ROOT' => '/var/www/html/web'
    'ASSETS_BASE_URL' => 'https://derschmuckmacher-v3.ddev.site/public'
    'ASSETS_BASE_PATH' => '/var/www/html/web/public'
    'SCHMUCK_BASE_URL' => 'https://derschmuckmacher-v3.ddev.site/public/uploads/schmuck'
    'SCHMUCK_BASE_PATH' => '/var/www/html/web/public/uploads/schmuck'
    'BILDER_BASE_URL' => 'https://derschmuckmacher-v3.ddev.site/public/uploads/bilder'
    'BILDER_BASE_PATH' => '/var/www/html/web/public/uploads/bilder'
] {"environment":"dev","userId":1} 
2026-04-30 10:58:30 [queue.INFO] [yii\db\Connection::open] Opening DB connection: mysql:host=db;dbname=db;port=3306 {"memory":1101384} 
2026-04-30 10:58:30 [queue.INFO] [yii\web\Session::open] Session started {"memory":1536952} 
2026-04-30 10:58:30 [queue.INFO] [nystudio107\codeeditor\CodeEditor::bootstrap] CodeEditor module bootstrapped {"memory":1558712} 
2026-04-30 10:58:30 [queue.INFO] [adigital\cookieconsentbanner\CookieConsentBanner::init] Cookie Consent Banner plugin loaded {"memory":1775064} 
2026-04-30 10:58:30 [queue.INFO] [miranj\obfuscator\Obfuscator::init] Obfuscator plugin loaded {"memory":2735024} 
2026-04-30 10:58:30 [queue.INFO] [yii\db\Connection::open] Opening DB connection: mysql:host=db;dbname=db;port=3306 {"memory":3002144} 
2026-04-30 10:58:30 [queue.INFO] [craft\queue\QueueLogBehavior::beforeExec]  [40557] t9n:["app","Generating image transform for {file}",{"file":"Schmuckauswahl.jpg"}] (attempt: 1, pid: 17240) - Started {"memory":3060480} 
2026-04-30 10:58:30 [queue.INFO] [craft\queue\QueueLogBehavior::afterExec]  [40557] t9n:["app","Generating image transform for {file}",{"file":"Schmuckauswahl.jpg"}] (attempt: 1, pid: 17240) - Done (time: 0.000s) {"memory":3067792} 
2026-04-30 10:58:30 [queue.INFO] [craft\queue\QueueLogBehavior::beforeExec]  [40558] t9n:["app","Generating image transform for {file}",{"file":"Schmuckauswahl.jpg"}] (attempt: 1, pid: 17240) - Started {"memory":3081408} 
2026-04-30 10:58:30 [queue.INFO] [craft\queue\QueueLogBehavior::afterExec]  [40558] t9n:["app","Generating image transform for {file}",{"file":"Schmuckauswahl.jpg"}] (attempt: 1, pid: 17240) - Done (time: 0.010s) {"memory":3273416} 
2026-04-30 10:58:30 [queue.INFO] [craft\queue\QueueLogBehavior::beforeExec]  [40559] t9n:["app","Updating search indexes"] (attempt: 1, pid: 17240) - Started {"memory":3281768} 
2026-04-30 10:58:30 [queue.INFO] [craft\queue\QueueLogBehavior::afterExec]  [40559] t9n:["app","Updating search indexes"] (attempt: 1, pid: 17240) - Done (time: 0.012s) {"memory":4427536} 
2026-04-30 10:58:30 [queue.INFO] [craft\queue\QueueLogBehavior::beforeExec]  [40560] t9n:["app","Updating search indexes"] (attempt: 1, pid: 17240) - Started {"memory":4435888} 
2026-04-30 10:58:30 [queue.INFO] [craft\queue\QueueLogBehavior::afterExec]  [40560] t9n:["app","Updating search indexes"] (attempt: 1, pid: 17240) - Done (time: 0.000s) {"memory":4437312} 
2026-04-30 10:58:30 [queue.INFO] [craft\queue\QueueLogBehavior::beforeExec]  [40561] t9n:["app","Updating search indexes"] (attempt: 1, pid: 17240) - Started {"memory":4445296} 
2026-04-30 10:58:30 [queue.INFO] [craft\queue\QueueLogBehavior::afterExec]  [40561] t9n:["app","Updating search indexes"] (attempt: 1, pid: 17240) - Done (time: 0.002s) {"memory":4550712} 
2026-04-30 10:58:30 [queue.INFO] [craft\queue\QueueLogBehavior::beforeExec]  [40562] t9n:["app","Updating search indexes"] (attempt: 1, pid: 17240) - Started {"memory":4558696} 
2026-04-30 10:58:30 [queue.INFO] [craft\queue\QueueLogBehavior::afterExec]  [40562] t9n:["app","Updating search indexes"] (attempt: 1, pid: 17240) - Done (time: 0.002s) {"memory":4789944} 
2026-04-30 10:58:30 [queue.INFO] [craft\queue\QueueLogBehavior::beforeExec]  [40563] t9n:["app","Updating search indexes"] (attempt: 1, pid: 17240) - Started {"memory":4797928} 
2026-04-30 10:58:30 [queue.INFO] [craft\queue\QueueLogBehavior::afterExec]  [40563] t9n:["app","Updating search indexes"] (attempt: 1, pid: 17240) - Done (time: 0.000s) {"memory":4799352} 
2026-04-30 10:58:30 [queue.INFO] [craft\queue\QueueLogBehavior::beforeExec]  [40564] t9n:["app","Updating search indexes"] (attempt: 1, pid: 17240) - Started {"memory":4815528} 
2026-04-30 10:58:30 [queue.INFO] [craft\queue\QueueLogBehavior::afterExec]  [40564] t9n:["app","Updating search indexes"] (attempt: 1, pid: 17240) - Done (time: 0.003s) {"memory":4858232} 
2026-04-30 10:58:30 [queue.INFO] [craft\queue\QueueLogBehavior::beforeExec]  [40565] t9n:["app","Generating image transform for {file}",{"file":"Werkzeug-II.jpg"}] (attempt: 1, pid: 17240) - Started {"memory":4865992} 
2026-04-30 10:58:30 [queue.INFO] [craft\queue\QueueLogBehavior::afterExec]  [40565] t9n:["app","Generating image transform for {file}",{"file":"Werkzeug-II.jpg"}] (attempt: 1, pid: 17240) - Done (time: 0.005s) {"memory":4927664} 
2026-04-30 10:58:30 [queue.INFO] [craft\queue\QueueLogBehavior::beforeExec]  [40566] t9n:["app","Generating image transform for {file}",{"file":"Werkzeug-II.jpg"}] (attempt: 1, pid: 17240) - Started {"memory":4935600} 
2026-04-30 10:58:30 [queue.INFO] [craft\queue\QueueLogBehavior::afterExec]  [40566] t9n:["app","Generating image transform for {file}",{"file":"Werkzeug-II.jpg"}] (attempt: 1, pid: 17240) - Done (time: 0.005s) {"memory":4997272} 
2026-04-30 10:58:30 [queue.INFO] [application] Request context:
$_GET = [
    'p' => 'dW2axQ3b/actions/queue/run'
    'v' => '1777539510684'
]

$_POST = []

$_FILES = []

$_COOKIE = [
    'a8b7b1ec9ffb8baf2c6eaa253fe57112_username' => '26b9ec8568da68d3882e55afaa5d203483c6c5810ee05b5a55c8a0eb10cab93ea:2:{i:0;s:41:\"a8b7b1ec9ffb8baf2c6eaa253fe57112_username\";i:1;s:8:\"odegiuli\";}'
    'CraftSessionId' => 'd53e866d26bce875fb2884facc2d107e'
    'CRAFT_CSRF_TOKEN' => '••••••••••••••••••••••••••••••••••••••••••••••••••••••••••••••••••••••••••••••••••••••••••••••••••••••••••••••••••••••••••••••••••••••••••••••••••••••••••••••••••••••••••••••••••••••••••••••••••••••••••••••••••••••••••••••••••••••••••••••••••••••••••••••••••'
    'Craft-3626ffc1-d0a3-42e3-98aa-37e8aa759561_sidebar' => 'expanded'
    'cookieconsent_status' => 'dismiss'
    'Craft-3626ffc1-d0a3-42e3-98aa-37e8aa759561_sidebar-details' => 'expanded'
    'a8b7b1ec9ffb8baf2c6eaa253fe57112_identity' => '2ee63bec9c78b16cb52b6ff97233f3a03b82e66bcf4a25898f3cfa5b2b22da6ba:2:{i:0;s:41:\"a8b7b1ec9ffb8baf2c6eaa253fe57112_identity\";i:1;s:159:\"[1,\"[\\\"UrkbfhKiWjsY6RR3o2amMzH-bkXUYIGVFHW7CYAg9yt8FSPdbek0OuFnfjLETt7WF4FXkiJnsNQ1BXFFSpUfyKRsTAOTm2zEZRkh\\\",null,\\\"0ef01a0bceeac5b1d0a2b6557bd3d7b1\\\"]\",3600]\";}'
]

$_SESSION = [
    '22b6a59deafcfb2ffb13c3adf3d98a3b__auth_access' => [
        0 => 'previewElement:6476'
        1 => 'saveAssets:856a3aeb-b21b-4d41-af3f-0a23db430323'
        2 => 'previewDraft:904'
        3 => 'previewElement:8616'
        4 => 'previewDraft:905'
        5 => 'previewElement:7158'
        6 => 'previewDraft:906'
        7 => 'previewDraft:908'
        8 => 'previewElement:8689'
        9 => 'saveAssets:'
        10 => 'previewDraft:910'
        11 => 'saveAssets:1986f3e0-bf2e-4ccd-b34c-7ec2d979afdd'
        12 => 'previewDraft:912'
        13 => 'previewDraft:914'
        14 => 'previewDraft:916'
        15 => 'previewElement:7186'
        16 => 'previewDraft:918'
        17 => 'previewDraft:920'
        18 => 'previewDraft:922'
        19 => 'previewDraft:924'
        20 => 'previewDraft:926'
        21 => 'previewDraft:928'
        22 => 'manageNestedElements::8753::field:kacheln'
        23 => 'previewDraft:930'
        24 => 'manageNestedElements::8755::field:kacheln'
        25 => 'previewDraft:931'
        26 => 'previewDraft:934'
        27 => 'previewDraft:935'
        28 => 'previewDraft:936'
        29 => 'previewDraft:937'
        30 => 'previewDraft:938'
        31 => 'previewDraft:940'
        32 => 'previewDraft:942'
        33 => 'previewElement:8582'
        34 => 'previewDraft:944'
        35 => 'previewDraft:945'
        36 => 'previewDraft:947'
        37 => 'previewDraft:949'
        38 => 'previewDraft:951'
        39 => 'previewDraft:952'
        40 => 'previewDraft:954'
        41 => 'previewDraft:955'
        42 => 'previewDraft:956'
        43 => 'previewDraft:958'
        44 => 'previewDraft:959'
        45 => 'previewDraft:960'
        46 => 'previewDraft:962'
        47 => 'previewDraft:963'
        48 => 'previewDraft:964'
        49 => 'previewDraft:965'
        50 => 'manageNestedElements::8841::field:kacheln'
        51 => 'previewDraft:967'
        52 => 'manageNestedElements::8844::field:kacheln'
        53 => 'previewDraft:968'
        54 => 'previewDraft:969'
        55 => 'previewDraft:971'
        56 => 'previewDraft:972'
        57 => 'previewDraft:973'
        58 => 'previewDraft:975'
        59 => 'previewDraft:977'
        60 => 'previewDraft:979'
        61 => 'previewDraft:981'
        62 => 'previewDraft:983'
        63 => 'previewDraft:985'
        64 => 'previewDraft:987'
        65 => 'previewDraft:989'
        66 => 'previewDraft:991'
        67 => 'previewDraft:992'
        68 => 'previewDraft:994'
        69 => 'previewDraft:995'
        70 => 'previewDraft:996'
        71 => 'previewDraft:997'
        72 => 'previewDraft:999'
        73 => 'previewDraft:1000'
    ]
    'a8b7b1ec9ffb8baf2c6eaa253fe57112__token' => '••••••••••••••••••••••••••••••••••••••••••••••••••••••••••••••••••••••••••••••••••••••••••••••••••••'
    'a8b7b1ec9ffb8baf2c6eaa253fe57112__id' => 1
    '__authKey' => '••••••••••••••••••••••••••••••••••••••••••••••••••••••••••••••••••••••••••••••••••••••••••••••••••••••••••••••••••••••••••••••••••••••••••••••••'
    'a8b7b1ec9ffb8baf2c6eaa253fe57112__expire' => 1777543110
    '__duration' => 3600
    '__elevated_timeout' => 1777538397
    '22b6a59deafcfb2ffb13c3adf3d98a3b__flash' => []
]

$_SERVER = [
    'DEPLOY_NAME' => 'local'
    'DDEV_WEBSERVER_TYPE' => 'nginx-fpm'
    'npm_config_cache' => '/mnt/ddev-global-cache/npm'
    'COREPACK_ENABLE_DOWNLOAD_PROMPT' => '0'
    'DDEV_GOOS' => 'darwin'
    'IS_DDEV_PROJECT' => 'true'
    'PHP_DEFAULT_VERSION' => '8.3'
    'HOSTNAME' => 'derschmuckmacher-v3-web'
    'MAILPIT_SMTP_PORT' => '1025'
    'MH_SMTP_BIND_ADDR' => '127.0.0.1:1025'
    'DDEV_PRIMARY_URL_WITHOUT_PORT' => 'https://derschmuckmacher-v3.ddev.site'
    'CRAFT_DB_PORT' => '3306'
    'SSH_AUTH_SOCK' => '/home/.ssh-agent/socket'
    'DDEV_GID' => '20'
    'NODE_EXTRA_CA_CERTS' => '/mnt/ddev-global-cache/mkcert/rootCA.pem'
    'DOCKER_IP' => '127.0.0.1'
    'PGPASSWORD' => 'db'
    'CRAFT_WEB_ROOT' => '/var/www/html/web'
    'DDEV_DOCROOT' => 'web'
    'PWD' => '/var/www/html'
    'PLATFORMSH_CLI_UPDATES_CHECK' => '0'
    'DDEV_APPROOT' => '/var/www/html'
    'DDEV_FILES_DIR' => ''
    'START_SCRIPT_TIMEOUT' => '57'
    'APACHE_SITE_TEMPLATE' => '/etc/apache2/apache-site.conf'
    'PHP_INI' => '/etc/php/8.2/fpm/php.ini'
    'DDEV_VERSION' => 'v1.24.10'
    'PRIMARY_SITE_URL' => 'https://derschmuckmacher-v3.ddev.site'
    'TZ' => 'Europe/Zurich'
    'DDEV_XHPROF_MODE' => 'prepend'
    'HTTPS_EXPOSE' => '443:80,8026:8025'
    'COREPACK_HOME' => '/mnt/ddev-global-cache/corepack'
    'CRAFT_DB_DATABASE' => 'db'
    'DDEV_PRIMARY_URL' => 'https://derschmuckmacher-v3.ddev.site'
    'LINES' => '17'
    'DDEV_SITENAME' => 'derschmuckmacher-v3'
    'HOME' => '/home/omar'
    'DRUSH_OPTIONS_URI' => 'https://derschmuckmacher-v3.ddev.site'
    'LANG' => 'C.UTF-8'
    'COLUMNS' => '371'
    'DDEV_MUTAGEN_ENABLED' => 'true'
    'DDEV_USER' => 'omar'
    'PGUSER' => 'db'
    'TERMINUS_CACHE_DIR' => '/mnt/ddev-global-cache/terminus/cache'
    'DDEV_PRIMARY_URL_PORT' => '443'
    'DDEV_ROUTER_HTTP_PORT' => '80'
    'MAILPIT_SMTP_HOSTNAME' => '127.0.0.1'
    'CRAFT_DB_DRIVER' => 'mysql'
    'COMPOSER_PROCESS_TIMEOUT' => '2000'
    'NGINX_SITE_TEMPLATE' => '/etc/nginx/nginx-site.conf'
    'DDEV_FILES_DIRS' => ''
    'CRAFT_DB_SERVER' => 'db'
    'HTTP_EXPOSE' => '80:80,8025:8025'
    'NVM_DIR' => '/home/omar/.nvm'
    'DDEV_PHP_VERSION' => '8.2'
    'DDEV_TLD' => 'ddev.site'
    'DDEV_HOSTNAME' => 'derschmuckmacher-v3.ddev.site'
    'DDEV_PROJECT' => 'derschmuckmacher-v3'
    'DDEV_GOARCH' => 'arm64'
    'VIRTUAL_HOST' => 'derschmuckmacher-v3.ddev.site'
    'TERM' => 'xterm'
    'USER' => 'omar'
    'MYSQL_HISTFILE' => '/mnt/ddev-global-cache/mysqlhistory/derschmuckmacher-v3-web/mysql_history'
    'DDEV_WEB_ENTRYPOINT' => '/mnt/ddev_config/web-entrypoint.d'
    'DDEV_UID' => '501'
    'CAROOT' => '/mnt/ddev-global-cache/mkcert'
    'SHLVL' => '1'
    'COMPOSER_ALLOW_SUPERUSER' => '1'
    'BASH_ENV' => '/etc/bash.nointeractive.bashrc'
    'DDEV_DATABASE' => 'mysql:8.0'
    'PGDATABASE' => 'db'
    'CRAFT_DB_USER' => 'db'
    'DDEV_SCHEME' => 'https'
    'XHPROF_OUTPUT_DIR' => '/tmp/xhprof'
    'COMPOSER_CACHE_DIR' => '/mnt/ddev-global-cache/composer'
    'DDEV_XDEBUG_ENABLED' => 'false'
    'DDEV_DATABASE_FAMILY' => 'mysql'
    'PGHOST' => 'db'
    'DDEV_COMPOSER_ROOT' => '/var/www/html'
    'CRAFT_DB_PASSWORD' => '••'
    'DOCROOT' => 'web'
    'TERMINUS_HIDE_UPDATE_MESSAGE' => '1'
    'PATH' => '/home/omar/bin:/var/www/html/vendor/bin:/usr/local/sbin:/usr/local/bin:/usr/sbin:/usr/bin:/sbin:/bin:/var/www/html/bin:/mnt/ddev-global-cache/global-commands/web'
    'HOST_DOCKER_INTERNAL_IP' => ''
    'DDEV_PROJECT_TYPE' => 'craftcms'
    'DEBIAN_FRONTEND' => 'noninteractive'
    'DDEV_ROUTER_HTTPS_PORT' => '443'
    'EXECIGNORE' => '/var/www/html/vendor/bin/composer'
    'SUPERVISOR_ENABLED' => '1'
    'SUPERVISOR_SERVER_URL' => 'unix:///var/run/supervisor.sock'
    'SUPERVISOR_PROCESS_NAME' => 'php-fpm'
    'SUPERVISOR_GROUP_NAME' => 'php-fpm'
    'HTTP_X_REQUESTED_WITH' => 'XMLHttpRequest'
    'HTTP_X_REGISTERED_JS_FILES' => '6276b818'
    'HTTP_X_REGISTERED_ASSET_BUNDLES' => '815d39ea,92d8701,22e517a2,aee7f8dc,26c46c25,e505ffd6,6b4d7555,bb2f10a0,e5e48399,fc0bc163,1ccab40d,1e21896b,54698ee0,b842675b,1c3c9add,4b1fd285,d8d08e47,8f00ce04,8768f48b,cf3018d6,ec6d0256,e7c1329,7b7669ac,75f47f25'
    'HTTP_X_REAL_IP' => '172.18.0.1'
    'HTTP_X_FORWARDED_SERVER' => '21f32d6785eb'
    'HTTP_X_FORWARDED_PROTO' => 'https'
    'HTTP_X_FORWARDED_PORT' => '443'
    'HTTP_X_FORWARDED_HOST' => 'derschmuckmacher-v3.ddev.site'
    'HTTP_X_FORWARDED_FOR' => '172.18.0.1'
    'HTTP_X_CSRF_TOKEN' => '••••••••••••••••••••••••••••••••••••••••••••••••••••••••••••••••••••••••••••••••••••••••••••••••••••••••••••••••••••••••••••••••••••••••••••••••••••••••••••••••••••••••••••••••••••••••••••••••••••••••••••••••••••••••••••••••••••••••••••••••••••••••••••••••••••••••••••••••••••••••••••••••••••••••••••••••••••••••••••••••••••••••••••••••••••••••••••••••••••••••••••••••••••••••••••••••••••••••'
    'HTTP_TE' => 'trailers'
    'HTTP_SEC_GPC' => '1'
    'HTTP_SEC_FETCH_SITE' => 'same-origin'
    'HTTP_SEC_FETCH_MODE' => 'cors'
    'HTTP_SEC_FETCH_DEST' => 'empty'
    'HTTP_REFERER' => 'https://derschmuckmacher-v3.ddev.site/dW2axQ3b/content/entries/singles/8616-%C3%BCber-mich'
    'HTTP_ORIGIN' => 'https://derschmuckmacher-v3.ddev.site'
    'HTTP_COOKIE' => 'a8b7b1ec9ffb8baf2c6eaa253fe57112_username=26b9ec8568da68d3882e55afaa5d203483c6c5810ee05b5a55c8a0eb10cab93ea%3A2%3A%7Bi%3A0%3Bs%3A41%3A%22a8b7b1ec9ffb8baf2c6eaa253fe57112_username%22%3Bi%3A1%3Bs%3A8%3A%22odegiuli%22%3B%7D; CraftSessionId=d53e866d26bce875fb2884facc2d107e; CRAFT_CSRF_TOKEN=8a7d40a44925cffa5c6231ed712693479ccbd90a53c648b39aebabcbcfb32970a%3A2%3A%7Bi%3A0%3Bs%3A16%3A%22CRAFT_CSRF_TOKEN%22%3Bi%3A1%3Bs%3A147%3A%229VVivECA_J8xrEtMk6R8TWeXsv9sDEqSlX1ewKI4%7Ccf1973dd801adeb03ddc8c2365188f3412c2b61f83f5364963d159f3811886a99VVivECA_J8xrEtMk6R8TWeXsv9sDEqSlX1ewKI4%7C1%22%3B%7D; Craft-3626ffc1-d0a3-42e3-98aa-37e8aa759561_sidebar=expanded; cookieconsent_status=dismiss; Craft-3626ffc1-d0a3-42e3-98aa-37e8aa759561_sidebar-details=expanded; a8b7b1ec9ffb8baf2c6eaa253fe57112_identity=2ee63bec9c78b16cb52b6ff97233f3a03b82e66bcf4a25898f3cfa5b2b22da6ba%3A2%3A%7Bi%3A0%3Bs%3A41%3A%22a8b7b1ec9ffb8baf2c6eaa253fe57112_identity%22%3Bi%3A1%3Bs%3A159%3A%22%5B1%2C%22%5B%5C%22UrkbfhKiWjsY6RR3o2amMzH-bkXUYIGVFHW7CYAg9yt8FSPdbek0OuFnfjLETt7WF4FXkiJnsNQ1BXFFSpUfyKRsTAOTm2zEZRkh%5C%22%2Cnull%2C%5C%220ef01a0bceeac5b1d0a2b6557bd3d7b1%5C%22%5D%22%2C3600%5D%22%3B%7D'
    'HTTP_ACCEPT_LANGUAGE' => 'de,en-US;q=0.9,en;q=0.8'
    'HTTP_ACCEPT_ENCODING' => 'gzip, deflate, br, zstd'
    'HTTP_ACCEPT' => 'application/json, text/plain, */*'
    'HTTP_CONTENT_LENGTH' => '0'
    'HTTP_USER_AGENT' => 'Mozilla/5.0 (Macintosh; Intel Mac OS X 10.15; rv:150.0) Gecko/20100101 Firefox/150.0'
    'HTTP_HOST' => 'derschmuckmacher-v3.ddev.site'
    'HTTPS' => 'on'
    'REDIRECT_STATUS' => '200'
    'SERVER_NAME' => 'derschmuckmacher-v3.ddev.site'
    'SERVER_PORT' => '80'
    'SERVER_ADDR' => '172.18.0.3'
    'REMOTE_PORT' => '58142'
    'REMOTE_ADDR' => '172.18.0.5'
    'SERVER_SOFTWARE' => 'nginx/1.28.0'
    'GATEWAY_INTERFACE' => 'CGI/1.1'
    'REQUEST_SCHEME' => 'http'
    'SERVER_PROTOCOL' => 'HTTP/1.1'
    'DOCUMENT_ROOT' => '/var/www/html/web'
    'DOCUMENT_URI' => '/index.php'
    'REQUEST_URI' => '/index.php?p=dW2axQ3b%2Factions%2Fqueue%2Frun&v=1777539510684'
    'CONTENT_LENGTH' => '0'
    'CONTENT_TYPE' => ''
    'REQUEST_METHOD' => 'POST'
    'QUERY_STRING' => 'p=dW2axQ3b%2Factions%2Fqueue%2Frun&v=1777539510684'
    'SCRIPT_NAME' => '/index.php'
    'SCRIPT_FILENAME' => '/var/www/html/web/index.php'
    'FCGI_ROLE' => 'RESPONDER'
    'PHP_SELF' => '/index.php'
    'REQUEST_TIME_FLOAT' => 1777539510.6872
    'REQUEST_TIME' => 1777539510
    'CRAFT_APP_ID' => 'CraftCMS--3933bc78-29f5-4b79-bcc5-c31faf0fcd20'
    'CRAFT_ENVIRONMENT' => 'dev'
    'ENVIRONMENT' => 'dev'
    'CRAFT_SECURITY_KEY' => '••••••••••••••••••••••••••••••••'
    'CP_TRIGGER' => 'dW2axQ3b'
    'CRAFT_DB_SCHEMA' => 'public'
    'CRAFT_DB_TABLE_PREFIX' => ''
    'DEV_MODE' => 'true'
    'ALLOW_ADMIN_CHANGES' => 'true'
    'DISALLOW_ROBOTS' => 'true'
    'TIMEZONE' => 'Europe/Zurich'
    'CAPTCHA_SITE_KEY' => '••••••••••••••••••••••••••••••••••••••••'
    'CAPTCHA_SECRET_KEY' => '••••••••••••••••••••••••••••••••••••••••'
    'WEB_URL' => 'https://derschmuckmacher-v3.ddev.site'
    'WEB_ROOT' => '/var/www/html/web'
    'ASSETS_BASE_URL' => 'https://derschmuckmacher-v3.ddev.site/public'
    'ASSETS_BASE_PATH' => '/var/www/html/web/public'
    'SCHMUCK_BASE_URL' => 'https://derschmuckmacher-v3.ddev.site/public/uploads/schmuck'
    'SCHMUCK_BASE_PATH' => '/var/www/html/web/public/uploads/schmuck'
    'BILDER_BASE_URL' => 'https://derschmuckmacher-v3.ddev.site/public/uploads/bilder'
    'BILDER_BASE_PATH' => '/var/www/html/web/public/uploads/bilder'
] {"environment":"dev","userId":1} 
2026-04-30 10:58:39 [queue.INFO] [yii\db\Connection::open] Opening DB connection: mysql:host=db;dbname=db;port=3306 {"memory":1101384} 
2026-04-30 10:58:39 [queue.INFO] [yii\web\Session::open] Session started {"memory":1537000} 
2026-04-30 10:58:39 [queue.INFO] [nystudio107\codeeditor\CodeEditor::bootstrap] CodeEditor module bootstrapped {"memory":1558760} 
2026-04-30 10:58:39 [queue.INFO] [adigital\cookieconsentbanner\CookieConsentBanner::init] Cookie Consent Banner plugin loaded {"memory":1775112} 
2026-04-30 10:58:39 [queue.INFO] [miranj\obfuscator\Obfuscator::init] Obfuscator plugin loaded {"memory":2735072} 
2026-04-30 10:58:39 [queue.INFO] [yii\db\Connection::open] Opening DB connection: mysql:host=db;dbname=db;port=3306 {"memory":3002192} 
2026-04-30 10:58:39 [queue.INFO] [craft\queue\QueueLogBehavior::beforeExec]  [40567] t9n:["app","Updating search indexes"] (attempt: 1, pid: 17137) - Started {"memory":3060944} 
2026-04-30 10:58:39 [queue.INFO] [craft\queue\QueueLogBehavior::afterExec]  [40567] t9n:["app","Updating search indexes"] (attempt: 1, pid: 17137) - Done (time: 0.016s) {"memory":4217176} 
2026-04-30 10:58:39 [queue.INFO] [craft\queue\QueueLogBehavior::beforeExec]  [40568] t9n:["app","Updating search indexes"] (attempt: 1, pid: 17137) - Started {"memory":4225208} 
2026-04-30 10:58:39 [queue.INFO] [craft\queue\QueueLogBehavior::afterExec]  [40568] t9n:["app","Updating search indexes"] (attempt: 1, pid: 17137) - Done (time: 0.000s) {"memory":4226632} 
2026-04-30 10:58:39 [queue.INFO] [craft\queue\QueueLogBehavior::beforeExec]  [40569] t9n:["app","Updating search indexes"] (attempt: 1, pid: 17137) - Started {"memory":4238712} 
2026-04-30 10:58:39 [queue.INFO] [craft\queue\QueueLogBehavior::afterExec]  [40569] t9n:["app","Updating search indexes"] (attempt: 1, pid: 17137) - Done (time: 0.000s) {"memory":4240136} 
2026-04-30 10:58:39 [queue.INFO] [craft\queue\QueueLogBehavior::beforeExec]  [40570] t9n:["app","Updating search indexes"] (attempt: 1, pid: 17137) - Started {"memory":4248440} 
2026-04-30 10:58:39 [queue.INFO] [craft\queue\QueueLogBehavior::afterExec]  [40570] t9n:["app","Updating search indexes"] (attempt: 1, pid: 17137) - Done (time: 0.000s) {"memory":4249864} 
2026-04-30 10:58:39 [queue.INFO] [craft\queue\QueueLogBehavior::beforeExec]  [40571] t9n:["app","Updating search indexes"] (attempt: 1, pid: 17137) - Started {"memory":4257848} 
2026-04-30 10:58:39 [queue.INFO] [craft\queue\QueueLogBehavior::afterExec]  [40571] t9n:["app","Updating search indexes"] (attempt: 1, pid: 17137) - Done (time: 0.000s) {"memory":4259272} 
2026-04-30 10:58:39 [queue.INFO] [craft\queue\QueueLogBehavior::beforeExec]  [40572] t9n:["app","Updating search indexes"] (attempt: 1, pid: 17137) - Started {"memory":4267256} 
2026-04-30 10:58:39 [queue.INFO] [craft\queue\QueueLogBehavior::afterExec]  [40572] t9n:["app","Updating search indexes"] (attempt: 1, pid: 17137) - Done (time: 0.006s) {"memory":4401616} 
2026-04-30 10:58:39 [queue.INFO] [craft\queue\QueueLogBehavior::beforeExec]  [40573] t9n:["app","Generating image transform for {file}",{"file":"Schmuckauswahl-II.jpg"}] (attempt: 1, pid: 17137) - Started {"memory":4409376} 
2026-04-30 10:58:39 [queue.INFO] [craft\queue\QueueLogBehavior::afterExec]  [40573] t9n:["app","Generating image transform for {file}",{"file":"Schmuckauswahl-II.jpg"}] (attempt: 1, pid: 17137) - Done (time: 1.003s) {"memory":4454424} 
2026-04-30 10:58:39 [queue.INFO] [craft\queue\QueueLogBehavior::beforeExec]  [40574] t9n:["app","Generating image transform for {file}",{"file":"Schmuckauswahl-II.jpg"}] (attempt: 1, pid: 17137) - Started {"memory":4463376} 
2026-04-30 10:58:39 [queue.INFO] [craft\queue\QueueLogBehavior::afterExec]  [40574] t9n:["app","Generating image transform for {file}",{"file":"Schmuckauswahl-II.jpg"}] (attempt: 1, pid: 17137) - Done (time: 0.008s) {"memory":4551392} 
2026-04-30 10:58:39 [queue.INFO] [craft\queue\QueueLogBehavior::beforeExec]  [40575] t9n:["app","Updating search indexes"] (attempt: 1, pid: 17137) - Started {"memory":4559600} 
2026-04-30 10:58:39 [queue.INFO] [craft\queue\QueueLogBehavior::afterExec]  [40575] t9n:["app","Updating search indexes"] (attempt: 1, pid: 17137) - Done (time: 0.005s) {"memory":4885520} 
2026-04-30 10:58:39 [queue.INFO] [craft\queue\QueueLogBehavior::beforeExec]  [40576] t9n:["app","Updating search indexes"] (attempt: 1, pid: 17137) - Started {"memory":4893504} 
2026-04-30 10:58:39 [queue.INFO] [craft\queue\QueueLogBehavior::afterExec]  [40576] t9n:["app","Updating search indexes"] (attempt: 1, pid: 17137) - Done (time: 0.000s) {"memory":4894928} 
2026-04-30 10:58:39 [queue.INFO] [application] Request context:
$_GET = [
    'p' => 'dW2axQ3b/actions/queue/run'
    'v' => '1777539518361'
]

$_POST = []

$_FILES = []

$_COOKIE = [
    'a8b7b1ec9ffb8baf2c6eaa253fe57112_username' => '26b9ec8568da68d3882e55afaa5d203483c6c5810ee05b5a55c8a0eb10cab93ea:2:{i:0;s:41:\"a8b7b1ec9ffb8baf2c6eaa253fe57112_username\";i:1;s:8:\"odegiuli\";}'
    'CraftSessionId' => 'd53e866d26bce875fb2884facc2d107e'
    'CRAFT_CSRF_TOKEN' => '••••••••••••••••••••••••••••••••••••••••••••••••••••••••••••••••••••••••••••••••••••••••••••••••••••••••••••••••••••••••••••••••••••••••••••••••••••••••••••••••••••••••••••••••••••••••••••••••••••••••••••••••••••••••••••••••••••••••••••••••••••••••••••••••••'
    'Craft-3626ffc1-d0a3-42e3-98aa-37e8aa759561_sidebar' => 'expanded'
    'cookieconsent_status' => 'dismiss'
    'Craft-3626ffc1-d0a3-42e3-98aa-37e8aa759561_sidebar-details' => 'expanded'
    'a8b7b1ec9ffb8baf2c6eaa253fe57112_identity' => '2ee63bec9c78b16cb52b6ff97233f3a03b82e66bcf4a25898f3cfa5b2b22da6ba:2:{i:0;s:41:\"a8b7b1ec9ffb8baf2c6eaa253fe57112_identity\";i:1;s:159:\"[1,\"[\\\"UrkbfhKiWjsY6RR3o2amMzH-bkXUYIGVFHW7CYAg9yt8FSPdbek0OuFnfjLETt7WF4FXkiJnsNQ1BXFFSpUfyKRsTAOTm2zEZRkh\\\",null,\\\"0ef01a0bceeac5b1d0a2b6557bd3d7b1\\\"]\",3600]\";}'
]

$_SESSION = [
    '22b6a59deafcfb2ffb13c3adf3d98a3b__auth_access' => [
        0 => 'previewElement:6476'
        1 => 'saveAssets:856a3aeb-b21b-4d41-af3f-0a23db430323'
        2 => 'previewDraft:904'
        3 => 'previewElement:8616'
        4 => 'previewDraft:905'
        5 => 'previewElement:7158'
        6 => 'previewDraft:906'
        7 => 'previewDraft:908'
        8 => 'previewElement:8689'
        9 => 'saveAssets:'
        10 => 'previewDraft:910'
        11 => 'saveAssets:1986f3e0-bf2e-4ccd-b34c-7ec2d979afdd'
        12 => 'previewDraft:912'
        13 => 'previewDraft:914'
        14 => 'previewDraft:916'
        15 => 'previewElement:7186'
        16 => 'previewDraft:918'
        17 => 'previewDraft:920'
        18 => 'previewDraft:922'
        19 => 'previewDraft:924'
        20 => 'previewDraft:926'
        21 => 'previewDraft:928'
        22 => 'manageNestedElements::8753::field:kacheln'
        23 => 'previewDraft:930'
        24 => 'manageNestedElements::8755::field:kacheln'
        25 => 'previewDraft:931'
        26 => 'previewDraft:934'
        27 => 'previewDraft:935'
        28 => 'previewDraft:936'
        29 => 'previewDraft:937'
        30 => 'previewDraft:938'
        31 => 'previewDraft:940'
        32 => 'previewDraft:942'
        33 => 'previewElement:8582'
        34 => 'previewDraft:944'
        35 => 'previewDraft:945'
        36 => 'previewDraft:947'
        37 => 'previewDraft:949'
        38 => 'previewDraft:951'
        39 => 'previewDraft:952'
        40 => 'previewDraft:954'
        41 => 'previewDraft:955'
        42 => 'previewDraft:956'
        43 => 'previewDraft:958'
        44 => 'previewDraft:959'
        45 => 'previewDraft:960'
        46 => 'previewDraft:962'
        47 => 'previewDraft:963'
        48 => 'previewDraft:964'
        49 => 'previewDraft:965'
        50 => 'manageNestedElements::8841::field:kacheln'
        51 => 'previewDraft:967'
        52 => 'manageNestedElements::8844::field:kacheln'
        53 => 'previewDraft:968'
        54 => 'previewDraft:969'
        55 => 'previewDraft:971'
        56 => 'previewDraft:972'
        57 => 'previewDraft:973'
        58 => 'previewDraft:975'
        59 => 'previewDraft:977'
        60 => 'previewDraft:979'
        61 => 'previewDraft:981'
        62 => 'previewDraft:983'
        63 => 'previewDraft:985'
        64 => 'previewDraft:987'
        65 => 'previewDraft:989'
        66 => 'previewDraft:991'
        67 => 'previewDraft:992'
        68 => 'previewDraft:994'
        69 => 'previewDraft:995'
        70 => 'previewDraft:996'
        71 => 'previewDraft:997'
        72 => 'previewDraft:999'
        73 => 'previewDraft:1000'
        74 => 'previewDraft:1002'
    ]
    'a8b7b1ec9ffb8baf2c6eaa253fe57112__token' => '••••••••••••••••••••••••••••••••••••••••••••••••••••••••••••••••••••••••••••••••••••••••••••••••••••'
    'a8b7b1ec9ffb8baf2c6eaa253fe57112__id' => 1
    '__authKey' => '••••••••••••••••••••••••••••••••••••••••••••••••••••••••••••••••••••••••••••••••••••••••••••••••••••••••••••••••••••••••••••••••••••••••••••••••'
    'a8b7b1ec9ffb8baf2c6eaa253fe57112__expire' => 1777543118
    '__duration' => 3600
    '__elevated_timeout' => 1777538397
    '22b6a59deafcfb2ffb13c3adf3d98a3b__flash' => []
]

$_SERVER = [
    'DEPLOY_NAME' => 'local'
    'DDEV_WEBSERVER_TYPE' => 'nginx-fpm'
    'npm_config_cache' => '/mnt/ddev-global-cache/npm'
    'COREPACK_ENABLE_DOWNLOAD_PROMPT' => '0'
    'DDEV_GOOS' => 'darwin'
    'IS_DDEV_PROJECT' => 'true'
    'PHP_DEFAULT_VERSION' => '8.3'
    'HOSTNAME' => 'derschmuckmacher-v3-web'
    'MAILPIT_SMTP_PORT' => '1025'
    'MH_SMTP_BIND_ADDR' => '127.0.0.1:1025'
    'DDEV_PRIMARY_URL_WITHOUT_PORT' => 'https://derschmuckmacher-v3.ddev.site'
    'CRAFT_DB_PORT' => '3306'
    'SSH_AUTH_SOCK' => '/home/.ssh-agent/socket'
    'DDEV_GID' => '20'
    'NODE_EXTRA_CA_CERTS' => '/mnt/ddev-global-cache/mkcert/rootCA.pem'
    'DOCKER_IP' => '127.0.0.1'
    'PGPASSWORD' => 'db'
    'CRAFT_WEB_ROOT' => '/var/www/html/web'
    'DDEV_DOCROOT' => 'web'
    'PWD' => '/var/www/html'
    'PLATFORMSH_CLI_UPDATES_CHECK' => '0'
    'DDEV_APPROOT' => '/var/www/html'
    'DDEV_FILES_DIR' => ''
    'START_SCRIPT_TIMEOUT' => '57'
    'APACHE_SITE_TEMPLATE' => '/etc/apache2/apache-site.conf'
    'PHP_INI' => '/etc/php/8.2/fpm/php.ini'
    'DDEV_VERSION' => 'v1.24.10'
    'PRIMARY_SITE_URL' => 'https://derschmuckmacher-v3.ddev.site'
    'TZ' => 'Europe/Zurich'
    'DDEV_XHPROF_MODE' => 'prepend'
    'HTTPS_EXPOSE' => '443:80,8026:8025'
    'COREPACK_HOME' => '/mnt/ddev-global-cache/corepack'
    'CRAFT_DB_DATABASE' => 'db'
    'DDEV_PRIMARY_URL' => 'https://derschmuckmacher-v3.ddev.site'
    'LINES' => '17'
    'DDEV_SITENAME' => 'derschmuckmacher-v3'
    'HOME' => '/home/omar'
    'DRUSH_OPTIONS_URI' => 'https://derschmuckmacher-v3.ddev.site'
    'LANG' => 'C.UTF-8'
    'COLUMNS' => '371'
    'DDEV_MUTAGEN_ENABLED' => 'true'
    'DDEV_USER' => 'omar'
    'PGUSER' => 'db'
    'TERMINUS_CACHE_DIR' => '/mnt/ddev-global-cache/terminus/cache'
    'DDEV_PRIMARY_URL_PORT' => '443'
    'DDEV_ROUTER_HTTP_PORT' => '80'
    'MAILPIT_SMTP_HOSTNAME' => '127.0.0.1'
    'CRAFT_DB_DRIVER' => 'mysql'
    'COMPOSER_PROCESS_TIMEOUT' => '2000'
    'NGINX_SITE_TEMPLATE' => '/etc/nginx/nginx-site.conf'
    'DDEV_FILES_DIRS' => ''
    'CRAFT_DB_SERVER' => 'db'
    'HTTP_EXPOSE' => '80:80,8025:8025'
    'NVM_DIR' => '/home/omar/.nvm'
    'DDEV_PHP_VERSION' => '8.2'
    'DDEV_TLD' => 'ddev.site'
    'DDEV_HOSTNAME' => 'derschmuckmacher-v3.ddev.site'
    'DDEV_PROJECT' => 'derschmuckmacher-v3'
    'DDEV_GOARCH' => 'arm64'
    'VIRTUAL_HOST' => 'derschmuckmacher-v3.ddev.site'
    'TERM' => 'xterm'
    'USER' => 'omar'
    'MYSQL_HISTFILE' => '/mnt/ddev-global-cache/mysqlhistory/derschmuckmacher-v3-web/mysql_history'
    'DDEV_WEB_ENTRYPOINT' => '/mnt/ddev_config/web-entrypoint.d'
    'DDEV_UID' => '501'
    'CAROOT' => '/mnt/ddev-global-cache/mkcert'
    'SHLVL' => '1'
    'COMPOSER_ALLOW_SUPERUSER' => '1'
    'BASH_ENV' => '/etc/bash.nointeractive.bashrc'
    'DDEV_DATABASE' => 'mysql:8.0'
    'PGDATABASE' => 'db'
    'CRAFT_DB_USER' => 'db'
    'DDEV_SCHEME' => 'https'
    'XHPROF_OUTPUT_DIR' => '/tmp/xhprof'
    'COMPOSER_CACHE_DIR' => '/mnt/ddev-global-cache/composer'
    'DDEV_XDEBUG_ENABLED' => 'false'
    'DDEV_DATABASE_FAMILY' => 'mysql'
    'PGHOST' => 'db'
    'DDEV_COMPOSER_ROOT' => '/var/www/html'
    'CRAFT_DB_PASSWORD' => '••'
    'DOCROOT' => 'web'
    'TERMINUS_HIDE_UPDATE_MESSAGE' => '1'
    'PATH' => '/home/omar/bin:/var/www/html/vendor/bin:/usr/local/sbin:/usr/local/bin:/usr/sbin:/usr/bin:/sbin:/bin:/var/www/html/bin:/mnt/ddev-global-cache/global-commands/web'
    'HOST_DOCKER_INTERNAL_IP' => ''
    'DDEV_PROJECT_TYPE' => 'craftcms'
    'DEBIAN_FRONTEND' => 'noninteractive'
    'DDEV_ROUTER_HTTPS_PORT' => '443'
    'EXECIGNORE' => '/var/www/html/vendor/bin/composer'
    'SUPERVISOR_ENABLED' => '1'
    'SUPERVISOR_SERVER_URL' => 'unix:///var/run/supervisor.sock'
    'SUPERVISOR_PROCESS_NAME' => 'php-fpm'
    'SUPERVISOR_GROUP_NAME' => 'php-fpm'
    'HTTP_X_REQUESTED_WITH' => 'XMLHttpRequest'
    'HTTP_X_REGISTERED_JS_FILES' => '6276b818'
    'HTTP_X_REGISTERED_ASSET_BUNDLES' => '815d39ea,92d8701,22e517a2,aee7f8dc,26c46c25,e505ffd6,6b4d7555,bb2f10a0,e5e48399,fc0bc163,1ccab40d,1e21896b,54698ee0,b842675b,1c3c9add,4b1fd285,d8d08e47,8f00ce04,8768f48b,cf3018d6,ec6d0256,e7c1329,7b7669ac,75f47f25'
    'HTTP_X_REAL_IP' => '172.18.0.1'
    'HTTP_X_FORWARDED_SERVER' => '21f32d6785eb'
    'HTTP_X_FORWARDED_PROTO' => 'https'
    'HTTP_X_FORWARDED_PORT' => '443'
    'HTTP_X_FORWARDED_HOST' => 'derschmuckmacher-v3.ddev.site'
    'HTTP_X_FORWARDED_FOR' => '172.18.0.1'
    'HTTP_X_CSRF_TOKEN' => '••••••••••••••••••••••••••••••••••••••••••••••••••••••••••••••••••••••••••••••••••••••••••••••••••••••••••••••••••••••••••••••••••••••••••••••••••••••••••••••••••••••••••••••••••••••••••••••••••••••••••••••••••••••••••••••••••••••••••••••••••••••••••••••••••••••••••••••••••••••••••••••••••••••••••••••••••••••••••••••••••••••••••••••••••••••••••••••••••••••••••••••••••••••••••••••••••••••••'
    'HTTP_TE' => 'trailers'
    'HTTP_SEC_GPC' => '1'
    'HTTP_SEC_FETCH_SITE' => 'same-origin'
    'HTTP_SEC_FETCH_MODE' => 'cors'
    'HTTP_SEC_FETCH_DEST' => 'empty'
    'HTTP_REFERER' => 'https://derschmuckmacher-v3.ddev.site/dW2axQ3b/content/entries/singles/8616-%C3%BCber-mich'
    'HTTP_ORIGIN' => 'https://derschmuckmacher-v3.ddev.site'
    'HTTP_COOKIE' => 'a8b7b1ec9ffb8baf2c6eaa253fe57112_username=26b9ec8568da68d3882e55afaa5d203483c6c5810ee05b5a55c8a0eb10cab93ea%3A2%3A%7Bi%3A0%3Bs%3A41%3A%22a8b7b1ec9ffb8baf2c6eaa253fe57112_username%22%3Bi%3A1%3Bs%3A8%3A%22odegiuli%22%3B%7D; CraftSessionId=d53e866d26bce875fb2884facc2d107e; CRAFT_CSRF_TOKEN=8a7d40a44925cffa5c6231ed712693479ccbd90a53c648b39aebabcbcfb32970a%3A2%3A%7Bi%3A0%3Bs%3A16%3A%22CRAFT_CSRF_TOKEN%22%3Bi%3A1%3Bs%3A147%3A%229VVivECA_J8xrEtMk6R8TWeXsv9sDEqSlX1ewKI4%7Ccf1973dd801adeb03ddc8c2365188f3412c2b61f83f5364963d159f3811886a99VVivECA_J8xrEtMk6R8TWeXsv9sDEqSlX1ewKI4%7C1%22%3B%7D; Craft-3626ffc1-d0a3-42e3-98aa-37e8aa759561_sidebar=expanded; cookieconsent_status=dismiss; Craft-3626ffc1-d0a3-42e3-98aa-37e8aa759561_sidebar-details=expanded; a8b7b1ec9ffb8baf2c6eaa253fe57112_identity=2ee63bec9c78b16cb52b6ff97233f3a03b82e66bcf4a25898f3cfa5b2b22da6ba%3A2%3A%7Bi%3A0%3Bs%3A41%3A%22a8b7b1ec9ffb8baf2c6eaa253fe57112_identity%22%3Bi%3A1%3Bs%3A159%3A%22%5B1%2C%22%5B%5C%22UrkbfhKiWjsY6RR3o2amMzH-bkXUYIGVFHW7CYAg9yt8FSPdbek0OuFnfjLETt7WF4FXkiJnsNQ1BXFFSpUfyKRsTAOTm2zEZRkh%5C%22%2Cnull%2C%5C%220ef01a0bceeac5b1d0a2b6557bd3d7b1%5C%22%5D%22%2C3600%5D%22%3B%7D'
    'HTTP_ACCEPT_LANGUAGE' => 'de,en-US;q=0.9,en;q=0.8'
    'HTTP_ACCEPT_ENCODING' => 'gzip, deflate, br, zstd'
    'HTTP_ACCEPT' => 'application/json, text/plain, */*'
    'HTTP_CONTENT_LENGTH' => '0'
    'HTTP_USER_AGENT' => 'Mozilla/5.0 (Macintosh; Intel Mac OS X 10.15; rv:150.0) Gecko/20100101 Firefox/150.0'
    'HTTP_HOST' => 'derschmuckmacher-v3.ddev.site'
    'HTTPS' => 'on'
    'REDIRECT_STATUS' => '200'
    'SERVER_NAME' => 'derschmuckmacher-v3.ddev.site'
    'SERVER_PORT' => '80'
    'SERVER_ADDR' => '172.18.0.3'
    'REMOTE_PORT' => '47146'
    'REMOTE_ADDR' => '172.18.0.5'
    'SERVER_SOFTWARE' => 'nginx/1.28.0'
    'GATEWAY_INTERFACE' => 'CGI/1.1'
    'REQUEST_SCHEME' => 'http'
    'SERVER_PROTOCOL' => 'HTTP/1.1'
    'DOCUMENT_ROOT' => '/var/www/html/web'
    'DOCUMENT_URI' => '/index.php'
    'REQUEST_URI' => '/index.php?p=dW2axQ3b%2Factions%2Fqueue%2Frun&v=1777539518361'
    'CONTENT_LENGTH' => '0'
    'CONTENT_TYPE' => ''
    'REQUEST_METHOD' => 'POST'
    'QUERY_STRING' => 'p=dW2axQ3b%2Factions%2Fqueue%2Frun&v=1777539518361'
    'SCRIPT_NAME' => '/index.php'
    'SCRIPT_FILENAME' => '/var/www/html/web/index.php'
    'FCGI_ROLE' => 'RESPONDER'
    'PHP_SELF' => '/index.php'
    'REQUEST_TIME_FLOAT' => 1777539518.3635
    'REQUEST_TIME' => 1777539518
    'CRAFT_APP_ID' => 'CraftCMS--3933bc78-29f5-4b79-bcc5-c31faf0fcd20'
    'CRAFT_ENVIRONMENT' => 'dev'
    'ENVIRONMENT' => 'dev'
    'CRAFT_SECURITY_KEY' => '••••••••••••••••••••••••••••••••'
    'CP_TRIGGER' => 'dW2axQ3b'
    'CRAFT_DB_SCHEMA' => 'public'
    'CRAFT_DB_TABLE_PREFIX' => ''
    'DEV_MODE' => 'true'
    'ALLOW_ADMIN_CHANGES' => 'true'
    'DISALLOW_ROBOTS' => 'true'
    'TIMEZONE' => 'Europe/Zurich'
    'CAPTCHA_SITE_KEY' => '••••••••••••••••••••••••••••••••••••••••'
    'CAPTCHA_SECRET_KEY' => '••••••••••••••••••••••••••••••••••••••••'
    'WEB_URL' => 'https://derschmuckmacher-v3.ddev.site'
    'WEB_ROOT' => '/var/www/html/web'
    'ASSETS_BASE_URL' => 'https://derschmuckmacher-v3.ddev.site/public'
    'ASSETS_BASE_PATH' => '/var/www/html/web/public'
    'SCHMUCK_BASE_URL' => 'https://derschmuckmacher-v3.ddev.site/public/uploads/schmuck'
    'SCHMUCK_BASE_PATH' => '/var/www/html/web/public/uploads/schmuck'
    'BILDER_BASE_URL' => 'https://derschmuckmacher-v3.ddev.site/public/uploads/bilder'
    'BILDER_BASE_PATH' => '/var/www/html/web/public/uploads/bilder'
] {"environment":"dev","userId":1} 
2026-04-30 10:58:41 [queue.INFO] [yii\db\Connection::open] Opening DB connection: mysql:host=db;dbname=db;port=3306 {"memory":1101384} 
2026-04-30 10:58:41 [queue.INFO] [yii\web\Session::open] Session started {"memory":1537048} 
2026-04-30 10:58:41 [queue.INFO] [nystudio107\codeeditor\CodeEditor::bootstrap] CodeEditor module bootstrapped {"memory":1558808} 
2026-04-30 10:58:41 [queue.INFO] [adigital\cookieconsentbanner\CookieConsentBanner::init] Cookie Consent Banner plugin loaded {"memory":1775160} 
2026-04-30 10:58:41 [queue.INFO] [miranj\obfuscator\Obfuscator::init] Obfuscator plugin loaded {"memory":2735120} 
2026-04-30 10:58:41 [queue.INFO] [yii\db\Connection::open] Opening DB connection: mysql:host=db;dbname=db;port=3306 {"memory":3002240} 
2026-04-30 10:58:41 [queue.INFO] [craft\queue\QueueLogBehavior::beforeExec]  [40577] t9n:["app","Updating search indexes"] (attempt: 1, pid: 17240) - Started {"memory":3060992} 
2026-04-30 10:58:41 [queue.INFO] [craft\queue\QueueLogBehavior::afterExec]  [40577] t9n:["app","Updating search indexes"] (attempt: 1, pid: 17240) - Done (time: 0.011s) {"memory":3638416} 
2026-04-30 10:58:41 [queue.INFO] [craft\queue\QueueLogBehavior::beforeExec]  [40578] t9n:["app","Updating search indexes"] (attempt: 1, pid: 17240) - Started {"memory":3646448} 
2026-04-30 10:58:41 [queue.INFO] [craft\queue\QueueLogBehavior::afterExec]  [40578] t9n:["app","Updating search indexes"] (attempt: 1, pid: 17240) - Done (time: 0.000s) {"memory":3647872} 
2026-04-30 10:58:41 [queue.INFO] [craft\queue\QueueLogBehavior::beforeExec]  [40579] t9n:["app","Updating search indexes"] (attempt: 1, pid: 17240) - Started {"memory":3655856} 
2026-04-30 10:58:41 [queue.INFO] [craft\queue\QueueLogBehavior::afterExec]  [40579] t9n:["app","Updating search indexes"] (attempt: 1, pid: 17240) - Done (time: 0.000s) {"memory":3657280} 
2026-04-30 10:58:41 [queue.INFO] [craft\queue\QueueLogBehavior::beforeExec]  [40580] t9n:["app","Updating search indexes"] (attempt: 1, pid: 17240) - Started {"memory":3665264} 
2026-04-30 10:58:41 [queue.INFO] [craft\queue\QueueLogBehavior::afterExec]  [40580] t9n:["app","Updating search indexes"] (attempt: 1, pid: 17240) - Done (time: 0.005s) {"memory":4141920} 
2026-04-30 10:58:41 [queue.INFO] [craft\queue\QueueLogBehavior::beforeExec]  [40581] t9n:["app","Updating search indexes"] (attempt: 1, pid: 17240) - Started {"memory":4149904} 
2026-04-30 10:58:41 [queue.INFO] [craft\queue\QueueLogBehavior::afterExec]  [40581] t9n:["app","Updating search indexes"] (attempt: 1, pid: 17240) - Done (time: 0.003s) {"memory":4352344} 
2026-04-30 10:58:41 [queue.INFO] [craft\queue\QueueLogBehavior::beforeExec]  [40582] t9n:["app","Updating search indexes"] (attempt: 1, pid: 17240) - Started {"memory":4360328} 
2026-04-30 10:58:41 [queue.INFO] [craft\queue\QueueLogBehavior::afterExec]  [40582] t9n:["app","Updating search indexes"] (attempt: 1, pid: 17240) - Done (time: 0.004s) {"memory":4682648} 
2026-04-30 10:58:41 [queue.INFO] [craft\queue\QueueLogBehavior::beforeExec]  [40583] t9n:["app","Updating search indexes"] (attempt: 1, pid: 17240) - Started {"memory":4690632} 
2026-04-30 10:58:41 [queue.INFO] [craft\queue\QueueLogBehavior::afterExec]  [40583] t9n:["app","Updating search indexes"] (attempt: 1, pid: 17240) - Done (time: 0.004s) {"memory":4988224} 
2026-04-30 10:58:41 [queue.INFO] [craft\queue\QueueLogBehavior::beforeExec]  [40584] t9n:["app","Updating search indexes"] (attempt: 1, pid: 17240) - Started {"memory":4996208} 
2026-04-30 10:58:41 [queue.INFO] [craft\queue\QueueLogBehavior::afterExec]  [40584] t9n:["app","Updating search indexes"] (attempt: 1, pid: 17240) - Done (time: 0.004s) {"memory":5285608} 
2026-04-30 10:58:41 [queue.INFO] [craft\queue\QueueLogBehavior::beforeExec]  [40585] t9n:["app","Pruning extra revisions"] (attempt: 1, pid: 17240) - Started {"memory":5293592} 
2026-04-30 10:58:41 [queue.INFO] [craft\queue\QueueLogBehavior::afterExec]  [40585] t9n:["app","Pruning extra revisions"] (attempt: 1, pid: 17240) - Done (time: 0.001s) {"memory":5373344} 
2026-04-30 10:58:41 [queue.INFO] [craft\queue\QueueLogBehavior::beforeExec]  [40586] t9n:["app","Pruning extra revisions"] (attempt: 1, pid: 17240) - Started {"memory":5381328} 
2026-04-30 10:58:41 [queue.INFO] [craft\queue\QueueLogBehavior::afterExec]  [40586] t9n:["app","Pruning extra revisions"] (attempt: 1, pid: 17240) - Done (time: 0.000s) {"memory":5461048} 
2026-04-30 10:58:41 [queue.INFO] [craft\queue\QueueLogBehavior::beforeExec]  [40587] t9n:["app","Pruning extra revisions"] (attempt: 1, pid: 17240) - Started {"memory":5469032} 
2026-04-30 10:58:41 [queue.INFO] [craft\queue\QueueLogBehavior::afterExec]  [40587] t9n:["app","Pruning extra revisions"] (attempt: 1, pid: 17240) - Done (time: 0.000s) {"memory":5548752} 
2026-04-30 10:58:41 [queue.INFO] [craft\queue\QueueLogBehavior::beforeExec]  [40588] t9n:["app","Pruning extra revisions"] (attempt: 1, pid: 17240) - Started {"memory":5556736} 
2026-04-30 10:58:41 [queue.INFO] [craft\queue\QueueLogBehavior::afterExec]  [40588] t9n:["app","Pruning extra revisions"] (attempt: 1, pid: 17240) - Done (time: 0.000s) {"memory":5636456} 
2026-04-30 10:58:41 [queue.INFO] [craft\queue\QueueLogBehavior::beforeExec]  [40589] t9n:["app","Pruning extra revisions"] (attempt: 1, pid: 17240) - Started {"memory":5644440} 
2026-04-30 10:58:41 [queue.INFO] [craft\queue\QueueLogBehavior::afterExec]  [40589] t9n:["app","Pruning extra revisions"] (attempt: 1, pid: 17240) - Done (time: 0.000s) {"memory":5724160} 
2026-04-30 10:58:41 [queue.INFO] [application] Request context:
$_GET = [
    'p' => 'dW2axQ3b/actions/queue/run'
    'v' => '1777539521175'
]

$_POST = []

$_FILES = []

$_COOKIE = [
    'a8b7b1ec9ffb8baf2c6eaa253fe57112_username' => '26b9ec8568da68d3882e55afaa5d203483c6c5810ee05b5a55c8a0eb10cab93ea:2:{i:0;s:41:\"a8b7b1ec9ffb8baf2c6eaa253fe57112_username\";i:1;s:8:\"odegiuli\";}'
    'CraftSessionId' => 'd53e866d26bce875fb2884facc2d107e'
    'CRAFT_CSRF_TOKEN' => '••••••••••••••••••••••••••••••••••••••••••••••••••••••••••••••••••••••••••••••••••••••••••••••••••••••••••••••••••••••••••••••••••••••••••••••••••••••••••••••••••••••••••••••••••••••••••••••••••••••••••••••••••••••••••••••••••••••••••••••••••••••••••••••••••'
    'Craft-3626ffc1-d0a3-42e3-98aa-37e8aa759561_sidebar' => 'expanded'
    'cookieconsent_status' => 'dismiss'
    'Craft-3626ffc1-d0a3-42e3-98aa-37e8aa759561_sidebar-details' => 'expanded'
    'a8b7b1ec9ffb8baf2c6eaa253fe57112_identity' => '2ee63bec9c78b16cb52b6ff97233f3a03b82e66bcf4a25898f3cfa5b2b22da6ba:2:{i:0;s:41:\"a8b7b1ec9ffb8baf2c6eaa253fe57112_identity\";i:1;s:159:\"[1,\"[\\\"UrkbfhKiWjsY6RR3o2amMzH-bkXUYIGVFHW7CYAg9yt8FSPdbek0OuFnfjLETt7WF4FXkiJnsNQ1BXFFSpUfyKRsTAOTm2zEZRkh\\\",null,\\\"0ef01a0bceeac5b1d0a2b6557bd3d7b1\\\"]\",3600]\";}'
]

$_SESSION = [
    '22b6a59deafcfb2ffb13c3adf3d98a3b__auth_access' => [
        0 => 'previewElement:6476'
        1 => 'saveAssets:856a3aeb-b21b-4d41-af3f-0a23db430323'
        2 => 'previewDraft:904'
        3 => 'previewElement:8616'
        4 => 'previewDraft:905'
        5 => 'previewElement:7158'
        6 => 'previewDraft:906'
        7 => 'previewDraft:908'
        8 => 'previewElement:8689'
        9 => 'saveAssets:'
        10 => 'previewDraft:910'
        11 => 'saveAssets:1986f3e0-bf2e-4ccd-b34c-7ec2d979afdd'
        12 => 'previewDraft:912'
        13 => 'previewDraft:914'
        14 => 'previewDraft:916'
        15 => 'previewElement:7186'
        16 => 'previewDraft:918'
        17 => 'previewDraft:920'
        18 => 'previewDraft:922'
        19 => 'previewDraft:924'
        20 => 'previewDraft:926'
        21 => 'previewDraft:928'
        22 => 'manageNestedElements::8753::field:kacheln'
        23 => 'previewDraft:930'
        24 => 'manageNestedElements::8755::field:kacheln'
        25 => 'previewDraft:931'
        26 => 'previewDraft:934'
        27 => 'previewDraft:935'
        28 => 'previewDraft:936'
        29 => 'previewDraft:937'
        30 => 'previewDraft:938'
        31 => 'previewDraft:940'
        32 => 'previewDraft:942'
        33 => 'previewElement:8582'
        34 => 'previewDraft:944'
        35 => 'previewDraft:945'
        36 => 'previewDraft:947'
        37 => 'previewDraft:949'
        38 => 'previewDraft:951'
        39 => 'previewDraft:952'
        40 => 'previewDraft:954'
        41 => 'previewDraft:955'
        42 => 'previewDraft:956'
        43 => 'previewDraft:958'
        44 => 'previewDraft:959'
        45 => 'previewDraft:960'
        46 => 'previewDraft:962'
        47 => 'previewDraft:963'
        48 => 'previewDraft:964'
        49 => 'previewDraft:965'
        50 => 'manageNestedElements::8841::field:kacheln'
        51 => 'previewDraft:967'
        52 => 'manageNestedElements::8844::field:kacheln'
        53 => 'previewDraft:968'
        54 => 'previewDraft:969'
        55 => 'previewDraft:971'
        56 => 'previewDraft:972'
        57 => 'previewDraft:973'
        58 => 'previewDraft:975'
        59 => 'previewDraft:977'
        60 => 'previewDraft:979'
        61 => 'previewDraft:981'
        62 => 'previewDraft:983'
        63 => 'previewDraft:985'
        64 => 'previewDraft:987'
        65 => 'previewDraft:989'
        66 => 'previewDraft:991'
        67 => 'previewDraft:992'
        68 => 'previewDraft:994'
        69 => 'previewDraft:995'
        70 => 'previewDraft:996'
        71 => 'previewDraft:997'
        72 => 'previewDraft:999'
        73 => 'previewDraft:1000'
        74 => 'previewDraft:1002'
        75 => 'previewDraft:1003'
    ]
    'a8b7b1ec9ffb8baf2c6eaa253fe57112__token' => '••••••••••••••••••••••••••••••••••••••••••••••••••••••••••••••••••••••••••••••••••••••••••••••••••••'
    'a8b7b1ec9ffb8baf2c6eaa253fe57112__id' => 1
    '__authKey' => '••••••••••••••••••••••••••••••••••••••••••••••••••••••••••••••••••••••••••••••••••••••••••••••••••••••••••••••••••••••••••••••••••••••••••••••••'
    'a8b7b1ec9ffb8baf2c6eaa253fe57112__expire' => 1777543121
    '__duration' => 3600
    '__elevated_timeout' => 1777538397
    '22b6a59deafcfb2ffb13c3adf3d98a3b__flash' => []
]

$_SERVER = [
    'DEPLOY_NAME' => 'local'
    'DDEV_WEBSERVER_TYPE' => 'nginx-fpm'
    'npm_config_cache' => '/mnt/ddev-global-cache/npm'
    'COREPACK_ENABLE_DOWNLOAD_PROMPT' => '0'
    'DDEV_GOOS' => 'darwin'
    'IS_DDEV_PROJECT' => 'true'
    'PHP_DEFAULT_VERSION' => '8.3'
    'HOSTNAME' => 'derschmuckmacher-v3-web'
    'MAILPIT_SMTP_PORT' => '1025'
    'MH_SMTP_BIND_ADDR' => '127.0.0.1:1025'
    'DDEV_PRIMARY_URL_WITHOUT_PORT' => 'https://derschmuckmacher-v3.ddev.site'
    'CRAFT_DB_PORT' => '3306'
    'SSH_AUTH_SOCK' => '/home/.ssh-agent/socket'
    'DDEV_GID' => '20'
    'NODE_EXTRA_CA_CERTS' => '/mnt/ddev-global-cache/mkcert/rootCA.pem'
    'DOCKER_IP' => '127.0.0.1'
    'PGPASSWORD' => 'db'
    'CRAFT_WEB_ROOT' => '/var/www/html/web'
    'DDEV_DOCROOT' => 'web'
    'PWD' => '/var/www/html'
    'PLATFORMSH_CLI_UPDATES_CHECK' => '0'
    'DDEV_APPROOT' => '/var/www/html'
    'DDEV_FILES_DIR' => ''
    'START_SCRIPT_TIMEOUT' => '57'
    'APACHE_SITE_TEMPLATE' => '/etc/apache2/apache-site.conf'
    'PHP_INI' => '/etc/php/8.2/fpm/php.ini'
    'DDEV_VERSION' => 'v1.24.10'
    'PRIMARY_SITE_URL' => 'https://derschmuckmacher-v3.ddev.site'
    'TZ' => 'Europe/Zurich'
    'DDEV_XHPROF_MODE' => 'prepend'
    'HTTPS_EXPOSE' => '443:80,8026:8025'
    'COREPACK_HOME' => '/mnt/ddev-global-cache/corepack'
    'CRAFT_DB_DATABASE' => 'db'
    'DDEV_PRIMARY_URL' => 'https://derschmuckmacher-v3.ddev.site'
    'LINES' => '17'
    'DDEV_SITENAME' => 'derschmuckmacher-v3'
    'HOME' => '/home/omar'
    'DRUSH_OPTIONS_URI' => 'https://derschmuckmacher-v3.ddev.site'
    'LANG' => 'C.UTF-8'
    'COLUMNS' => '371'
    'DDEV_MUTAGEN_ENABLED' => 'true'
    'DDEV_USER' => 'omar'
    'PGUSER' => 'db'
    'TERMINUS_CACHE_DIR' => '/mnt/ddev-global-cache/terminus/cache'
    'DDEV_PRIMARY_URL_PORT' => '443'
    'DDEV_ROUTER_HTTP_PORT' => '80'
    'MAILPIT_SMTP_HOSTNAME' => '127.0.0.1'
    'CRAFT_DB_DRIVER' => 'mysql'
    'COMPOSER_PROCESS_TIMEOUT' => '2000'
    'NGINX_SITE_TEMPLATE' => '/etc/nginx/nginx-site.conf'
    'DDEV_FILES_DIRS' => ''
    'CRAFT_DB_SERVER' => 'db'
    'HTTP_EXPOSE' => '80:80,8025:8025'
    'NVM_DIR' => '/home/omar/.nvm'
    'DDEV_PHP_VERSION' => '8.2'
    'DDEV_TLD' => 'ddev.site'
    'DDEV_HOSTNAME' => 'derschmuckmacher-v3.ddev.site'
    'DDEV_PROJECT' => 'derschmuckmacher-v3'
    'DDEV_GOARCH' => 'arm64'
    'VIRTUAL_HOST' => 'derschmuckmacher-v3.ddev.site'
    'TERM' => 'xterm'
    'USER' => 'omar'
    'MYSQL_HISTFILE' => '/mnt/ddev-global-cache/mysqlhistory/derschmuckmacher-v3-web/mysql_history'
    'DDEV_WEB_ENTRYPOINT' => '/mnt/ddev_config/web-entrypoint.d'
    'DDEV_UID' => '501'
    'CAROOT' => '/mnt/ddev-global-cache/mkcert'
    'SHLVL' => '1'
    'COMPOSER_ALLOW_SUPERUSER' => '1'
    'BASH_ENV' => '/etc/bash.nointeractive.bashrc'
    'DDEV_DATABASE' => 'mysql:8.0'
    'PGDATABASE' => 'db'
    'CRAFT_DB_USER' => 'db'
    'DDEV_SCHEME' => 'https'
    'XHPROF_OUTPUT_DIR' => '/tmp/xhprof'
    'COMPOSER_CACHE_DIR' => '/mnt/ddev-global-cache/composer'
    'DDEV_XDEBUG_ENABLED' => 'false'
    'DDEV_DATABASE_FAMILY' => 'mysql'
    'PGHOST' => 'db'
    'DDEV_COMPOSER_ROOT' => '/var/www/html'
    'CRAFT_DB_PASSWORD' => '••'
    'DOCROOT' => 'web'
    'TERMINUS_HIDE_UPDATE_MESSAGE' => '1'
    'PATH' => '/home/omar/bin:/var/www/html/vendor/bin:/usr/local/sbin:/usr/local/bin:/usr/sbin:/usr/bin:/sbin:/bin:/var/www/html/bin:/mnt/ddev-global-cache/global-commands/web'
    'HOST_DOCKER_INTERNAL_IP' => ''
    'DDEV_PROJECT_TYPE' => 'craftcms'
    'DEBIAN_FRONTEND' => 'noninteractive'
    'DDEV_ROUTER_HTTPS_PORT' => '443'
    'EXECIGNORE' => '/var/www/html/vendor/bin/composer'
    'SUPERVISOR_ENABLED' => '1'
    'SUPERVISOR_SERVER_URL' => 'unix:///var/run/supervisor.sock'
    'SUPERVISOR_PROCESS_NAME' => 'php-fpm'
    'SUPERVISOR_GROUP_NAME' => 'php-fpm'
    'HTTP_X_REQUESTED_WITH' => 'XMLHttpRequest'
    'HTTP_X_REGISTERED_JS_FILES' => '6276b818'
    'HTTP_X_REGISTERED_ASSET_BUNDLES' => '815d39ea,92d8701,22e517a2,aee7f8dc,26c46c25,e505ffd6,6b4d7555,bb2f10a0,e5e48399,fc0bc163,1ccab40d,1e21896b,54698ee0,b842675b,1c3c9add,4b1fd285,d8d08e47,8f00ce04,8768f48b,cf3018d6,ec6d0256,e7c1329,7b7669ac,75f47f25'
    'HTTP_X_REAL_IP' => '172.18.0.1'
    'HTTP_X_FORWARDED_SERVER' => '21f32d6785eb'
    'HTTP_X_FORWARDED_PROTO' => 'https'
    'HTTP_X_FORWARDED_PORT' => '443'
    'HTTP_X_FORWARDED_HOST' => 'derschmuckmacher-v3.ddev.site'
    'HTTP_X_FORWARDED_FOR' => '172.18.0.1'
    'HTTP_X_CSRF_TOKEN' => '••••••••••••••••••••••••••••••••••••••••••••••••••••••••••••••••••••••••••••••••••••••••••••••••••••••••••••••••••••••••••••••••••••••••••••••••••••••••••••••••••••••••••••••••••••••••••••••••••••••••••••••••••••••••••••••••••••••••••••••••••••••••••••••••••••••••••••••••••••••••••••••••••••••••••••••••••••••••••••••••••••••••••••••••••••••••••••••••••••••••••••••••••••••••••••••••••••••••'
    'HTTP_TE' => 'trailers'
    'HTTP_SEC_GPC' => '1'
    'HTTP_SEC_FETCH_SITE' => 'same-origin'
    'HTTP_SEC_FETCH_MODE' => 'cors'
    'HTTP_SEC_FETCH_DEST' => 'empty'
    'HTTP_REFERER' => 'https://derschmuckmacher-v3.ddev.site/dW2axQ3b/content/entries/singles/8616-%C3%BCber-mich'
    'HTTP_ORIGIN' => 'https://derschmuckmacher-v3.ddev.site'
    'HTTP_COOKIE' => 'a8b7b1ec9ffb8baf2c6eaa253fe57112_username=26b9ec8568da68d3882e55afaa5d203483c6c5810ee05b5a55c8a0eb10cab93ea%3A2%3A%7Bi%3A0%3Bs%3A41%3A%22a8b7b1ec9ffb8baf2c6eaa253fe57112_username%22%3Bi%3A1%3Bs%3A8%3A%22odegiuli%22%3B%7D; CraftSessionId=d53e866d26bce875fb2884facc2d107e; CRAFT_CSRF_TOKEN=8a7d40a44925cffa5c6231ed712693479ccbd90a53c648b39aebabcbcfb32970a%3A2%3A%7Bi%3A0%3Bs%3A16%3A%22CRAFT_CSRF_TOKEN%22%3Bi%3A1%3Bs%3A147%3A%229VVivECA_J8xrEtMk6R8TWeXsv9sDEqSlX1ewKI4%7Ccf1973dd801adeb03ddc8c2365188f3412c2b61f83f5364963d159f3811886a99VVivECA_J8xrEtMk6R8TWeXsv9sDEqSlX1ewKI4%7C1%22%3B%7D; Craft-3626ffc1-d0a3-42e3-98aa-37e8aa759561_sidebar=expanded; cookieconsent_status=dismiss; Craft-3626ffc1-d0a3-42e3-98aa-37e8aa759561_sidebar-details=expanded; a8b7b1ec9ffb8baf2c6eaa253fe57112_identity=2ee63bec9c78b16cb52b6ff97233f3a03b82e66bcf4a25898f3cfa5b2b22da6ba%3A2%3A%7Bi%3A0%3Bs%3A41%3A%22a8b7b1ec9ffb8baf2c6eaa253fe57112_identity%22%3Bi%3A1%3Bs%3A159%3A%22%5B1%2C%22%5B%5C%22UrkbfhKiWjsY6RR3o2amMzH-bkXUYIGVFHW7CYAg9yt8FSPdbek0OuFnfjLETt7WF4FXkiJnsNQ1BXFFSpUfyKRsTAOTm2zEZRkh%5C%22%2Cnull%2C%5C%220ef01a0bceeac5b1d0a2b6557bd3d7b1%5C%22%5D%22%2C3600%5D%22%3B%7D'
    'HTTP_ACCEPT_LANGUAGE' => 'de,en-US;q=0.9,en;q=0.8'
    'HTTP_ACCEPT_ENCODING' => 'gzip, deflate, br, zstd'
    'HTTP_ACCEPT' => 'application/json, text/plain, */*'
    'HTTP_CONTENT_LENGTH' => '0'
    'HTTP_USER_AGENT' => 'Mozilla/5.0 (Macintosh; Intel Mac OS X 10.15; rv:150.0) Gecko/20100101 Firefox/150.0'
    'HTTP_HOST' => 'derschmuckmacher-v3.ddev.site'
    'HTTPS' => 'on'
    'REDIRECT_STATUS' => '200'
    'SERVER_NAME' => 'derschmuckmacher-v3.ddev.site'
    'SERVER_PORT' => '80'
    'SERVER_ADDR' => '172.18.0.3'
    'REMOTE_PORT' => '47146'
    'REMOTE_ADDR' => '172.18.0.5'
    'SERVER_SOFTWARE' => 'nginx/1.28.0'
    'GATEWAY_INTERFACE' => 'CGI/1.1'
    'REQUEST_SCHEME' => 'http'
    'SERVER_PROTOCOL' => 'HTTP/1.1'
    'DOCUMENT_ROOT' => '/var/www/html/web'
    'DOCUMENT_URI' => '/index.php'
    'REQUEST_URI' => '/index.php?p=dW2axQ3b%2Factions%2Fqueue%2Frun&v=1777539521175'
    'CONTENT_LENGTH' => '0'
    'CONTENT_TYPE' => ''
    'REQUEST_METHOD' => 'POST'
    'QUERY_STRING' => 'p=dW2axQ3b%2Factions%2Fqueue%2Frun&v=1777539521175'
    'SCRIPT_NAME' => '/index.php'
    'SCRIPT_FILENAME' => '/var/www/html/web/index.php'
    'FCGI_ROLE' => 'RESPONDER'
    'PHP_SELF' => '/index.php'
    'REQUEST_TIME_FLOAT' => 1777539521.1829
    'REQUEST_TIME' => 1777539521
    'CRAFT_APP_ID' => 'CraftCMS--3933bc78-29f5-4b79-bcc5-c31faf0fcd20'
    'CRAFT_ENVIRONMENT' => 'dev'
    'ENVIRONMENT' => 'dev'
    'CRAFT_SECURITY_KEY' => '••••••••••••••••••••••••••••••••'
    'CP_TRIGGER' => 'dW2axQ3b'
    'CRAFT_DB_SCHEMA' => 'public'
    'CRAFT_DB_TABLE_PREFIX' => ''
    'DEV_MODE' => 'true'
    'ALLOW_ADMIN_CHANGES' => 'true'
    'DISALLOW_ROBOTS' => 'true'
    'TIMEZONE' => 'Europe/Zurich'
    'CAPTCHA_SITE_KEY' => '••••••••••••••••••••••••••••••••••••••••'
    'CAPTCHA_SECRET_KEY' => '••••••••••••••••••••••••••••••••••••••••'
    'WEB_URL' => 'https://derschmuckmacher-v3.ddev.site'
    'WEB_ROOT' => '/var/www/html/web'
    'ASSETS_BASE_URL' => 'https://derschmuckmacher-v3.ddev.site/public'
    'ASSETS_BASE_PATH' => '/var/www/html/web/public'
    'SCHMUCK_BASE_URL' => 'https://derschmuckmacher-v3.ddev.site/public/uploads/schmuck'
    'SCHMUCK_BASE_PATH' => '/var/www/html/web/public/uploads/schmuck'
    'BILDER_BASE_URL' => 'https://derschmuckmacher-v3.ddev.site/public/uploads/bilder'
    'BILDER_BASE_PATH' => '/var/www/html/web/public/uploads/bilder'
] {"environment":"dev","userId":1} 
2026-04-30 11:03:29 [queue.INFO] [yii\db\Connection::open] Opening DB connection: mysql:host=db;dbname=db;port=3306 {"memory":1101384} 
2026-04-30 11:03:29 [queue.INFO] [yii\web\Session::open] Session started {"memory":1537048} 
2026-04-30 11:03:29 [queue.INFO] [nystudio107\codeeditor\CodeEditor::bootstrap] CodeEditor module bootstrapped {"memory":1558808} 
2026-04-30 11:03:29 [queue.INFO] [adigital\cookieconsentbanner\CookieConsentBanner::init] Cookie Consent Banner plugin loaded {"memory":1775160} 
2026-04-30 11:03:29 [queue.INFO] [miranj\obfuscator\Obfuscator::init] Obfuscator plugin loaded {"memory":2735120} 
2026-04-30 11:03:29 [queue.INFO] [yii\db\Connection::open] Opening DB connection: mysql:host=db;dbname=db;port=3306 {"memory":3002240} 
2026-04-30 11:03:29 [queue.INFO] [craft\queue\QueueLogBehavior::beforeExec]  [40590] t9n:["app","Pruning extra revisions"] (attempt: 1, pid: 17240) - Started {"memory":3060992} 
2026-04-30 11:03:29 [queue.INFO] [craft\queue\QueueLogBehavior::afterExec]  [40590] t9n:["app","Pruning extra revisions"] (attempt: 1, pid: 17240) - Done (time: 0.008s) {"memory":3617816} 
2026-04-30 11:03:29 [queue.INFO] [application] Request context:
$_GET = [
    'p' => 'dW2axQ3b/actions/queue/run'
    'v' => '1777539809699'
]

$_POST = []

$_FILES = []

$_COOKIE = [
    'a8b7b1ec9ffb8baf2c6eaa253fe57112_username' => '26b9ec8568da68d3882e55afaa5d203483c6c5810ee05b5a55c8a0eb10cab93ea:2:{i:0;s:41:\"a8b7b1ec9ffb8baf2c6eaa253fe57112_username\";i:1;s:8:\"odegiuli\";}'
    'CraftSessionId' => 'd53e866d26bce875fb2884facc2d107e'
    'CRAFT_CSRF_TOKEN' => '••••••••••••••••••••••••••••••••••••••••••••••••••••••••••••••••••••••••••••••••••••••••••••••••••••••••••••••••••••••••••••••••••••••••••••••••••••••••••••••••••••••••••••••••••••••••••••••••••••••••••••••••••••••••••••••••••••••••••••••••••••••••••••••••••'
    'Craft-3626ffc1-d0a3-42e3-98aa-37e8aa759561_sidebar' => 'expanded'
    'cookieconsent_status' => 'dismiss'
    'Craft-3626ffc1-d0a3-42e3-98aa-37e8aa759561_sidebar-details' => 'expanded'
    'a8b7b1ec9ffb8baf2c6eaa253fe57112_identity' => '2ee63bec9c78b16cb52b6ff97233f3a03b82e66bcf4a25898f3cfa5b2b22da6ba:2:{i:0;s:41:\"a8b7b1ec9ffb8baf2c6eaa253fe57112_identity\";i:1;s:159:\"[1,\"[\\\"UrkbfhKiWjsY6RR3o2amMzH-bkXUYIGVFHW7CYAg9yt8FSPdbek0OuFnfjLETt7WF4FXkiJnsNQ1BXFFSpUfyKRsTAOTm2zEZRkh\\\",null,\\\"0ef01a0bceeac5b1d0a2b6557bd3d7b1\\\"]\",3600]\";}'
]

$_SESSION = [
    '22b6a59deafcfb2ffb13c3adf3d98a3b__auth_access' => [
        0 => 'previewElement:6476'
        1 => 'saveAssets:856a3aeb-b21b-4d41-af3f-0a23db430323'
        2 => 'previewDraft:904'
        3 => 'previewElement:8616'
        4 => 'previewDraft:905'
        5 => 'previewElement:7158'
        6 => 'previewDraft:906'
        7 => 'previewDraft:908'
        8 => 'previewElement:8689'
        9 => 'saveAssets:'
        10 => 'previewDraft:910'
        11 => 'saveAssets:1986f3e0-bf2e-4ccd-b34c-7ec2d979afdd'
        12 => 'previewDraft:912'
        13 => 'previewDraft:914'
        14 => 'previewDraft:916'
        15 => 'previewElement:7186'
        16 => 'previewDraft:918'
        17 => 'previewDraft:920'
        18 => 'previewDraft:922'
        19 => 'previewDraft:924'
        20 => 'previewDraft:926'
        21 => 'previewDraft:928'
        22 => 'manageNestedElements::8753::field:kacheln'
        23 => 'previewDraft:930'
        24 => 'manageNestedElements::8755::field:kacheln'
        25 => 'previewDraft:931'
        26 => 'previewDraft:934'
        27 => 'previewDraft:935'
        28 => 'previewDraft:936'
        29 => 'previewDraft:937'
        30 => 'previewDraft:938'
        31 => 'previewDraft:940'
        32 => 'previewDraft:942'
        33 => 'previewElement:8582'
        34 => 'previewDraft:944'
        35 => 'previewDraft:945'
        36 => 'previewDraft:947'
        37 => 'previewDraft:949'
        38 => 'previewDraft:951'
        39 => 'previewDraft:952'
        40 => 'previewDraft:954'
        41 => 'previewDraft:955'
        42 => 'previewDraft:956'
        43 => 'previewDraft:958'
        44 => 'previewDraft:959'
        45 => 'previewDraft:960'
        46 => 'previewDraft:962'
        47 => 'previewDraft:963'
        48 => 'previewDraft:964'
        49 => 'previewDraft:965'
        50 => 'manageNestedElements::8841::field:kacheln'
        51 => 'previewDraft:967'
        52 => 'manageNestedElements::8844::field:kacheln'
        53 => 'previewDraft:968'
        54 => 'previewDraft:969'
        55 => 'previewDraft:971'
        56 => 'previewDraft:972'
        57 => 'previewDraft:973'
        58 => 'previewDraft:975'
        59 => 'previewDraft:977'
        60 => 'previewDraft:979'
        61 => 'previewDraft:981'
        62 => 'previewDraft:983'
        63 => 'previewDraft:985'
        64 => 'previewDraft:987'
        65 => 'previewDraft:989'
        66 => 'previewDraft:991'
        67 => 'previewDraft:992'
        68 => 'previewDraft:994'
        69 => 'previewDraft:995'
        70 => 'previewDraft:996'
        71 => 'previewDraft:997'
        72 => 'previewDraft:999'
        73 => 'previewDraft:1000'
        74 => 'previewDraft:1002'
        75 => 'previewDraft:1003'
    ]
    'a8b7b1ec9ffb8baf2c6eaa253fe57112__token' => '••••••••••••••••••••••••••••••••••••••••••••••••••••••••••••••••••••••••••••••••••••••••••••••••••••'
    'a8b7b1ec9ffb8baf2c6eaa253fe57112__id' => 1
    '__authKey' => '••••••••••••••••••••••••••••••••••••••••••••••••••••••••••••••••••••••••••••••••••••••••••••••••••••••••••••••••••••••••••••••••••••••••••••••••'
    'a8b7b1ec9ffb8baf2c6eaa253fe57112__expire' => 1777543409
    '__duration' => 3600
    '__elevated_timeout' => 1777538397
    '22b6a59deafcfb2ffb13c3adf3d98a3b__flash' => []
]

$_SERVER = [
    'DEPLOY_NAME' => 'local'
    'DDEV_WEBSERVER_TYPE' => 'nginx-fpm'
    'npm_config_cache' => '/mnt/ddev-global-cache/npm'
    'COREPACK_ENABLE_DOWNLOAD_PROMPT' => '0'
    'DDEV_GOOS' => 'darwin'
    'IS_DDEV_PROJECT' => 'true'
    'PHP_DEFAULT_VERSION' => '8.3'
    'HOSTNAME' => 'derschmuckmacher-v3-web'
    'MAILPIT_SMTP_PORT' => '1025'
    'MH_SMTP_BIND_ADDR' => '127.0.0.1:1025'
    'DDEV_PRIMARY_URL_WITHOUT_PORT' => 'https://derschmuckmacher-v3.ddev.site'
    'CRAFT_DB_PORT' => '3306'
    'SSH_AUTH_SOCK' => '/home/.ssh-agent/socket'
    'DDEV_GID' => '20'
    'NODE_EXTRA_CA_CERTS' => '/mnt/ddev-global-cache/mkcert/rootCA.pem'
    'DOCKER_IP' => '127.0.0.1'
    'PGPASSWORD' => 'db'
    'CRAFT_WEB_ROOT' => '/var/www/html/web'
    'DDEV_DOCROOT' => 'web'
    'PWD' => '/var/www/html'
    'PLATFORMSH_CLI_UPDATES_CHECK' => '0'
    'DDEV_APPROOT' => '/var/www/html'
    'DDEV_FILES_DIR' => ''
    'START_SCRIPT_TIMEOUT' => '57'
    'APACHE_SITE_TEMPLATE' => '/etc/apache2/apache-site.conf'
    'PHP_INI' => '/etc/php/8.2/fpm/php.ini'
    'DDEV_VERSION' => 'v1.24.10'
    'PRIMARY_SITE_URL' => 'https://derschmuckmacher-v3.ddev.site'
    'TZ' => 'Europe/Zurich'
    'DDEV_XHPROF_MODE' => 'prepend'
    'HTTPS_EXPOSE' => '443:80,8026:8025'
    'COREPACK_HOME' => '/mnt/ddev-global-cache/corepack'
    'CRAFT_DB_DATABASE' => 'db'
    'DDEV_PRIMARY_URL' => 'https://derschmuckmacher-v3.ddev.site'
    'LINES' => '17'
    'DDEV_SITENAME' => 'derschmuckmacher-v3'
    'HOME' => '/home/omar'
    'DRUSH_OPTIONS_URI' => 'https://derschmuckmacher-v3.ddev.site'
    'LANG' => 'C.UTF-8'
    'COLUMNS' => '371'
    'DDEV_MUTAGEN_ENABLED' => 'true'
    'DDEV_USER' => 'omar'
    'PGUSER' => 'db'
    'TERMINUS_CACHE_DIR' => '/mnt/ddev-global-cache/terminus/cache'
    'DDEV_PRIMARY_URL_PORT' => '443'
    'DDEV_ROUTER_HTTP_PORT' => '80'
    'MAILPIT_SMTP_HOSTNAME' => '127.0.0.1'
    'CRAFT_DB_DRIVER' => 'mysql'
    'COMPOSER_PROCESS_TIMEOUT' => '2000'
    'NGINX_SITE_TEMPLATE' => '/etc/nginx/nginx-site.conf'
    'DDEV_FILES_DIRS' => ''
    'CRAFT_DB_SERVER' => 'db'
    'HTTP_EXPOSE' => '80:80,8025:8025'
    'NVM_DIR' => '/home/omar/.nvm'
    'DDEV_PHP_VERSION' => '8.2'
    'DDEV_TLD' => 'ddev.site'
    'DDEV_HOSTNAME' => 'derschmuckmacher-v3.ddev.site'
    'DDEV_PROJECT' => 'derschmuckmacher-v3'
    'DDEV_GOARCH' => 'arm64'
    'VIRTUAL_HOST' => 'derschmuckmacher-v3.ddev.site'
    'TERM' => 'xterm'
    'USER' => 'omar'
    'MYSQL_HISTFILE' => '/mnt/ddev-global-cache/mysqlhistory/derschmuckmacher-v3-web/mysql_history'
    'DDEV_WEB_ENTRYPOINT' => '/mnt/ddev_config/web-entrypoint.d'
    'DDEV_UID' => '501'
    'CAROOT' => '/mnt/ddev-global-cache/mkcert'
    'SHLVL' => '1'
    'COMPOSER_ALLOW_SUPERUSER' => '1'
    'BASH_ENV' => '/etc/bash.nointeractive.bashrc'
    'DDEV_DATABASE' => 'mysql:8.0'
    'PGDATABASE' => 'db'
    'CRAFT_DB_USER' => 'db'
    'DDEV_SCHEME' => 'https'
    'XHPROF_OUTPUT_DIR' => '/tmp/xhprof'
    'COMPOSER_CACHE_DIR' => '/mnt/ddev-global-cache/composer'
    'DDEV_XDEBUG_ENABLED' => 'false'
    'DDEV_DATABASE_FAMILY' => 'mysql'
    'PGHOST' => 'db'
    'DDEV_COMPOSER_ROOT' => '/var/www/html'
    'CRAFT_DB_PASSWORD' => '••'
    'DOCROOT' => 'web'
    'TERMINUS_HIDE_UPDATE_MESSAGE' => '1'
    'PATH' => '/home/omar/bin:/var/www/html/vendor/bin:/usr/local/sbin:/usr/local/bin:/usr/sbin:/usr/bin:/sbin:/bin:/var/www/html/bin:/mnt/ddev-global-cache/global-commands/web'
    'HOST_DOCKER_INTERNAL_IP' => ''
    'DDEV_PROJECT_TYPE' => 'craftcms'
    'DEBIAN_FRONTEND' => 'noninteractive'
    'DDEV_ROUTER_HTTPS_PORT' => '443'
    'EXECIGNORE' => '/var/www/html/vendor/bin/composer'
    'SUPERVISOR_ENABLED' => '1'
    'SUPERVISOR_SERVER_URL' => 'unix:///var/run/supervisor.sock'
    'SUPERVISOR_PROCESS_NAME' => 'php-fpm'
    'SUPERVISOR_GROUP_NAME' => 'php-fpm'
    'HTTP_X_REQUESTED_WITH' => 'XMLHttpRequest'
    'HTTP_X_REGISTERED_JS_FILES' => '6276b818'
    'HTTP_X_REGISTERED_ASSET_BUNDLES' => '815d39ea,92d8701,22e517a2,aee7f8dc,26c46c25,e505ffd6,6b4d7555,bb2f10a0,e5e48399,fc0bc163,1ccab40d,1e21896b,54698ee0,b842675b,1c3c9add,4b1fd285,d8d08e47,8f00ce04,8768f48b,cf3018d6,ec6d0256,e7c1329,7b7669ac,75f47f25'
    'HTTP_X_REAL_IP' => '172.18.0.1'
    'HTTP_X_FORWARDED_SERVER' => '21f32d6785eb'
    'HTTP_X_FORWARDED_PROTO' => 'https'
    'HTTP_X_FORWARDED_PORT' => '443'
    'HTTP_X_FORWARDED_HOST' => 'derschmuckmacher-v3.ddev.site'
    'HTTP_X_FORWARDED_FOR' => '172.18.0.1'
    'HTTP_X_CSRF_TOKEN' => '••••••••••••••••••••••••••••••••••••••••••••••••••••••••••••••••••••••••••••••••••••••••••••••••••••••••••••••••••••••••••••••••••••••••••••••••••••••••••••••••••••••••••••••••••••••••••••••••••••••••••••••••••••••••••••••••••••••••••••••••••••••••••••••••••••••••••••••••••••••••••••••••••••••••••••••••••••••••••••••••••••••••••••••••••••••••••••••••••••••••••••••••••••••••••••••••••••••••'
    'HTTP_TE' => 'trailers'
    'HTTP_SEC_GPC' => '1'
    'HTTP_SEC_FETCH_SITE' => 'same-origin'
    'HTTP_SEC_FETCH_MODE' => 'cors'
    'HTTP_SEC_FETCH_DEST' => 'empty'
    'HTTP_REFERER' => 'https://derschmuckmacher-v3.ddev.site/dW2axQ3b/content/entries/singles/8616-%C3%BCber-mich'
    'HTTP_ORIGIN' => 'https://derschmuckmacher-v3.ddev.site'
    'HTTP_COOKIE' => 'a8b7b1ec9ffb8baf2c6eaa253fe57112_username=26b9ec8568da68d3882e55afaa5d203483c6c5810ee05b5a55c8a0eb10cab93ea%3A2%3A%7Bi%3A0%3Bs%3A41%3A%22a8b7b1ec9ffb8baf2c6eaa253fe57112_username%22%3Bi%3A1%3Bs%3A8%3A%22odegiuli%22%3B%7D; CraftSessionId=d53e866d26bce875fb2884facc2d107e; CRAFT_CSRF_TOKEN=8a7d40a44925cffa5c6231ed712693479ccbd90a53c648b39aebabcbcfb32970a%3A2%3A%7Bi%3A0%3Bs%3A16%3A%22CRAFT_CSRF_TOKEN%22%3Bi%3A1%3Bs%3A147%3A%229VVivECA_J8xrEtMk6R8TWeXsv9sDEqSlX1ewKI4%7Ccf1973dd801adeb03ddc8c2365188f3412c2b61f83f5364963d159f3811886a99VVivECA_J8xrEtMk6R8TWeXsv9sDEqSlX1ewKI4%7C1%22%3B%7D; Craft-3626ffc1-d0a3-42e3-98aa-37e8aa759561_sidebar=expanded; cookieconsent_status=dismiss; Craft-3626ffc1-d0a3-42e3-98aa-37e8aa759561_sidebar-details=expanded; a8b7b1ec9ffb8baf2c6eaa253fe57112_identity=2ee63bec9c78b16cb52b6ff97233f3a03b82e66bcf4a25898f3cfa5b2b22da6ba%3A2%3A%7Bi%3A0%3Bs%3A41%3A%22a8b7b1ec9ffb8baf2c6eaa253fe57112_identity%22%3Bi%3A1%3Bs%3A159%3A%22%5B1%2C%22%5B%5C%22UrkbfhKiWjsY6RR3o2amMzH-bkXUYIGVFHW7CYAg9yt8FSPdbek0OuFnfjLETt7WF4FXkiJnsNQ1BXFFSpUfyKRsTAOTm2zEZRkh%5C%22%2Cnull%2C%5C%220ef01a0bceeac5b1d0a2b6557bd3d7b1%5C%22%5D%22%2C3600%5D%22%3B%7D'
    'HTTP_ACCEPT_LANGUAGE' => 'de,en-US;q=0.9,en;q=0.8'
    'HTTP_ACCEPT_ENCODING' => 'gzip, deflate, br, zstd'
    'HTTP_ACCEPT' => 'application/json, text/plain, */*'
    'HTTP_CONTENT_LENGTH' => '0'
    'HTTP_USER_AGENT' => 'Mozilla/5.0 (Macintosh; Intel Mac OS X 10.15; rv:150.0) Gecko/20100101 Firefox/150.0'
    'HTTP_HOST' => 'derschmuckmacher-v3.ddev.site'
    'HTTPS' => 'on'
    'REDIRECT_STATUS' => '200'
    'SERVER_NAME' => 'derschmuckmacher-v3.ddev.site'
    'SERVER_PORT' => '80'
    'SERVER_ADDR' => '172.18.0.3'
    'REMOTE_PORT' => '34284'
    'REMOTE_ADDR' => '172.18.0.5'
    'SERVER_SOFTWARE' => 'nginx/1.28.0'
    'GATEWAY_INTERFACE' => 'CGI/1.1'
    'REQUEST_SCHEME' => 'http'
    'SERVER_PROTOCOL' => 'HTTP/1.1'
    'DOCUMENT_ROOT' => '/var/www/html/web'
    'DOCUMENT_URI' => '/index.php'
    'REQUEST_URI' => '/index.php?p=dW2axQ3b%2Factions%2Fqueue%2Frun&v=1777539809699'
    'CONTENT_LENGTH' => '0'
    'CONTENT_TYPE' => ''
    'REQUEST_METHOD' => 'POST'
    'QUERY_STRING' => 'p=dW2axQ3b%2Factions%2Fqueue%2Frun&v=1777539809699'
    'SCRIPT_NAME' => '/index.php'
    'SCRIPT_FILENAME' => '/var/www/html/web/index.php'
    'FCGI_ROLE' => 'RESPONDER'
    'PHP_SELF' => '/index.php'
    'REQUEST_TIME_FLOAT' => 1777539809.7091
    'REQUEST_TIME' => 1777539809
    'CRAFT_APP_ID' => 'CraftCMS--3933bc78-29f5-4b79-bcc5-c31faf0fcd20'
    'CRAFT_ENVIRONMENT' => 'dev'
    'ENVIRONMENT' => 'dev'
    'CRAFT_SECURITY_KEY' => '••••••••••••••••••••••••••••••••'
    'CP_TRIGGER' => 'dW2axQ3b'
    'CRAFT_DB_SCHEMA' => 'public'
    'CRAFT_DB_TABLE_PREFIX' => ''
    'DEV_MODE' => 'true'
    'ALLOW_ADMIN_CHANGES' => 'true'
    'DISALLOW_ROBOTS' => 'true'
    'TIMEZONE' => 'Europe/Zurich'
    'CAPTCHA_SITE_KEY' => '••••••••••••••••••••••••••••••••••••••••'
    'CAPTCHA_SECRET_KEY' => '••••••••••••••••••••••••••••••••••••••••'
    'WEB_URL' => 'https://derschmuckmacher-v3.ddev.site'
    'WEB_ROOT' => '/var/www/html/web'
    'ASSETS_BASE_URL' => 'https://derschmuckmacher-v3.ddev.site/public'
    'ASSETS_BASE_PATH' => '/var/www/html/web/public'
    'SCHMUCK_BASE_URL' => 'https://derschmuckmacher-v3.ddev.site/public/uploads/schmuck'
    'SCHMUCK_BASE_PATH' => '/var/www/html/web/public/uploads/schmuck'
    'BILDER_BASE_URL' => 'https://derschmuckmacher-v3.ddev.site/public/uploads/bilder'
    'BILDER_BASE_PATH' => '/var/www/html/web/public/uploads/bilder'
] {"environment":"dev","userId":1} 
2026-04-30 11:03:32 [queue.INFO] [yii\db\Connection::open] Opening DB connection: mysql:host=db;dbname=db;port=3306 {"memory":1101384} 
2026-04-30 11:03:32 [queue.INFO] [yii\web\Session::open] Session started {"memory":1537048} 
2026-04-30 11:03:32 [queue.INFO] [nystudio107\codeeditor\CodeEditor::bootstrap] CodeEditor module bootstrapped {"memory":1558808} 
2026-04-30 11:03:32 [queue.INFO] [adigital\cookieconsentbanner\CookieConsentBanner::init] Cookie Consent Banner plugin loaded {"memory":1775160} 
2026-04-30 11:03:32 [queue.INFO] [miranj\obfuscator\Obfuscator::init] Obfuscator plugin loaded {"memory":2735120} 
2026-04-30 11:03:32 [queue.INFO] [yii\db\Connection::open] Opening DB connection: mysql:host=db;dbname=db;port=3306 {"memory":3002240} 
2026-04-30 11:03:32 [queue.INFO] [craft\queue\QueueLogBehavior::beforeExec]  [40591] t9n:["app","Pruning extra revisions"] (attempt: 1, pid: 17137) - Started {"memory":3060992} 
2026-04-30 11:03:32 [queue.INFO] [craft\queue\QueueLogBehavior::afterExec]  [40591] t9n:["app","Pruning extra revisions"] (attempt: 1, pid: 17137) - Done (time: 0.007s) {"memory":3617816} 
2026-04-30 11:03:32 [queue.INFO] [application] Request context:
$_GET = [
    'p' => 'dW2axQ3b/actions/queue/run'
    'v' => '1777539812737'
]

$_POST = []

$_FILES = []

$_COOKIE = [
    'a8b7b1ec9ffb8baf2c6eaa253fe57112_username' => '26b9ec8568da68d3882e55afaa5d203483c6c5810ee05b5a55c8a0eb10cab93ea:2:{i:0;s:41:\"a8b7b1ec9ffb8baf2c6eaa253fe57112_username\";i:1;s:8:\"odegiuli\";}'
    'CraftSessionId' => 'd53e866d26bce875fb2884facc2d107e'
    'CRAFT_CSRF_TOKEN' => '••••••••••••••••••••••••••••••••••••••••••••••••••••••••••••••••••••••••••••••••••••••••••••••••••••••••••••••••••••••••••••••••••••••••••••••••••••••••••••••••••••••••••••••••••••••••••••••••••••••••••••••••••••••••••••••••••••••••••••••••••••••••••••••••••'
    'Craft-3626ffc1-d0a3-42e3-98aa-37e8aa759561_sidebar' => 'expanded'
    'cookieconsent_status' => 'dismiss'
    'Craft-3626ffc1-d0a3-42e3-98aa-37e8aa759561_sidebar-details' => 'expanded'
    'a8b7b1ec9ffb8baf2c6eaa253fe57112_identity' => '2ee63bec9c78b16cb52b6ff97233f3a03b82e66bcf4a25898f3cfa5b2b22da6ba:2:{i:0;s:41:\"a8b7b1ec9ffb8baf2c6eaa253fe57112_identity\";i:1;s:159:\"[1,\"[\\\"UrkbfhKiWjsY6RR3o2amMzH-bkXUYIGVFHW7CYAg9yt8FSPdbek0OuFnfjLETt7WF4FXkiJnsNQ1BXFFSpUfyKRsTAOTm2zEZRkh\\\",null,\\\"0ef01a0bceeac5b1d0a2b6557bd3d7b1\\\"]\",3600]\";}'
]

$_SESSION = [
    '22b6a59deafcfb2ffb13c3adf3d98a3b__auth_access' => [
        0 => 'previewElement:6476'
        1 => 'saveAssets:856a3aeb-b21b-4d41-af3f-0a23db430323'
        2 => 'previewDraft:904'
        3 => 'previewElement:8616'
        4 => 'previewDraft:905'
        5 => 'previewElement:7158'
        6 => 'previewDraft:906'
        7 => 'previewDraft:908'
        8 => 'previewElement:8689'
        9 => 'saveAssets:'
        10 => 'previewDraft:910'
        11 => 'saveAssets:1986f3e0-bf2e-4ccd-b34c-7ec2d979afdd'
        12 => 'previewDraft:912'
        13 => 'previewDraft:914'
        14 => 'previewDraft:916'
        15 => 'previewElement:7186'
        16 => 'previewDraft:918'
        17 => 'previewDraft:920'
        18 => 'previewDraft:922'
        19 => 'previewDraft:924'
        20 => 'previewDraft:926'
        21 => 'previewDraft:928'
        22 => 'manageNestedElements::8753::field:kacheln'
        23 => 'previewDraft:930'
        24 => 'manageNestedElements::8755::field:kacheln'
        25 => 'previewDraft:931'
        26 => 'previewDraft:934'
        27 => 'previewDraft:935'
        28 => 'previewDraft:936'
        29 => 'previewDraft:937'
        30 => 'previewDraft:938'
        31 => 'previewDraft:940'
        32 => 'previewDraft:942'
        33 => 'previewElement:8582'
        34 => 'previewDraft:944'
        35 => 'previewDraft:945'
        36 => 'previewDraft:947'
        37 => 'previewDraft:949'
        38 => 'previewDraft:951'
        39 => 'previewDraft:952'
        40 => 'previewDraft:954'
        41 => 'previewDraft:955'
        42 => 'previewDraft:956'
        43 => 'previewDraft:958'
        44 => 'previewDraft:959'
        45 => 'previewDraft:960'
        46 => 'previewDraft:962'
        47 => 'previewDraft:963'
        48 => 'previewDraft:964'
        49 => 'previewDraft:965'
        50 => 'manageNestedElements::8841::field:kacheln'
        51 => 'previewDraft:967'
        52 => 'manageNestedElements::8844::field:kacheln'
        53 => 'previewDraft:968'
        54 => 'previewDraft:969'
        55 => 'previewDraft:971'
        56 => 'previewDraft:972'
        57 => 'previewDraft:973'
        58 => 'previewDraft:975'
        59 => 'previewDraft:977'
        60 => 'previewDraft:979'
        61 => 'previewDraft:981'
        62 => 'previewDraft:983'
        63 => 'previewDraft:985'
        64 => 'previewDraft:987'
        65 => 'previewDraft:989'
        66 => 'previewDraft:991'
        67 => 'previewDraft:992'
        68 => 'previewDraft:994'
        69 => 'previewDraft:995'
        70 => 'previewDraft:996'
        71 => 'previewDraft:997'
        72 => 'previewDraft:999'
        73 => 'previewDraft:1000'
        74 => 'previewDraft:1002'
        75 => 'previewDraft:1003'
    ]
    'a8b7b1ec9ffb8baf2c6eaa253fe57112__token' => '••••••••••••••••••••••••••••••••••••••••••••••••••••••••••••••••••••••••••••••••••••••••••••••••••••'
    'a8b7b1ec9ffb8baf2c6eaa253fe57112__id' => 1
    '__authKey' => '••••••••••••••••••••••••••••••••••••••••••••••••••••••••••••••••••••••••••••••••••••••••••••••••••••••••••••••••••••••••••••••••••••••••••••••••'
    'a8b7b1ec9ffb8baf2c6eaa253fe57112__expire' => 1777543412
    '__duration' => 3600
    '__elevated_timeout' => 1777538397
    '22b6a59deafcfb2ffb13c3adf3d98a3b__flash' => []
]

$_SERVER = [
    'DEPLOY_NAME' => 'local'
    'DDEV_WEBSERVER_TYPE' => 'nginx-fpm'
    'npm_config_cache' => '/mnt/ddev-global-cache/npm'
    'COREPACK_ENABLE_DOWNLOAD_PROMPT' => '0'
    'DDEV_GOOS' => 'darwin'
    'IS_DDEV_PROJECT' => 'true'
    'PHP_DEFAULT_VERSION' => '8.3'
    'HOSTNAME' => 'derschmuckmacher-v3-web'
    'MAILPIT_SMTP_PORT' => '1025'
    'MH_SMTP_BIND_ADDR' => '127.0.0.1:1025'
    'DDEV_PRIMARY_URL_WITHOUT_PORT' => 'https://derschmuckmacher-v3.ddev.site'
    'CRAFT_DB_PORT' => '3306'
    'SSH_AUTH_SOCK' => '/home/.ssh-agent/socket'
    'DDEV_GID' => '20'
    'NODE_EXTRA_CA_CERTS' => '/mnt/ddev-global-cache/mkcert/rootCA.pem'
    'DOCKER_IP' => '127.0.0.1'
    'PGPASSWORD' => 'db'
    'CRAFT_WEB_ROOT' => '/var/www/html/web'
    'DDEV_DOCROOT' => 'web'
    'PWD' => '/var/www/html'
    'PLATFORMSH_CLI_UPDATES_CHECK' => '0'
    'DDEV_APPROOT' => '/var/www/html'
    'DDEV_FILES_DIR' => ''
    'START_SCRIPT_TIMEOUT' => '57'
    'APACHE_SITE_TEMPLATE' => '/etc/apache2/apache-site.conf'
    'PHP_INI' => '/etc/php/8.2/fpm/php.ini'
    'DDEV_VERSION' => 'v1.24.10'
    'PRIMARY_SITE_URL' => 'https://derschmuckmacher-v3.ddev.site'
    'TZ' => 'Europe/Zurich'
    'DDEV_XHPROF_MODE' => 'prepend'
    'HTTPS_EXPOSE' => '443:80,8026:8025'
    'COREPACK_HOME' => '/mnt/ddev-global-cache/corepack'
    'CRAFT_DB_DATABASE' => 'db'
    'DDEV_PRIMARY_URL' => 'https://derschmuckmacher-v3.ddev.site'
    'LINES' => '17'
    'DDEV_SITENAME' => 'derschmuckmacher-v3'
    'HOME' => '/home/omar'
    'DRUSH_OPTIONS_URI' => 'https://derschmuckmacher-v3.ddev.site'
    'LANG' => 'C.UTF-8'
    'COLUMNS' => '371'
    'DDEV_MUTAGEN_ENABLED' => 'true'
    'DDEV_USER' => 'omar'
    'PGUSER' => 'db'
    'TERMINUS_CACHE_DIR' => '/mnt/ddev-global-cache/terminus/cache'
    'DDEV_PRIMARY_URL_PORT' => '443'
    'DDEV_ROUTER_HTTP_PORT' => '80'
    'MAILPIT_SMTP_HOSTNAME' => '127.0.0.1'
    'CRAFT_DB_DRIVER' => 'mysql'
    'COMPOSER_PROCESS_TIMEOUT' => '2000'
    'NGINX_SITE_TEMPLATE' => '/etc/nginx/nginx-site.conf'
    'DDEV_FILES_DIRS' => ''
    'CRAFT_DB_SERVER' => 'db'
    'HTTP_EXPOSE' => '80:80,8025:8025'
    'NVM_DIR' => '/home/omar/.nvm'
    'DDEV_PHP_VERSION' => '8.2'
    'DDEV_TLD' => 'ddev.site'
    'DDEV_HOSTNAME' => 'derschmuckmacher-v3.ddev.site'
    'DDEV_PROJECT' => 'derschmuckmacher-v3'
    'DDEV_GOARCH' => 'arm64'
    'VIRTUAL_HOST' => 'derschmuckmacher-v3.ddev.site'
    'TERM' => 'xterm'
    'USER' => 'omar'
    'MYSQL_HISTFILE' => '/mnt/ddev-global-cache/mysqlhistory/derschmuckmacher-v3-web/mysql_history'
    'DDEV_WEB_ENTRYPOINT' => '/mnt/ddev_config/web-entrypoint.d'
    'DDEV_UID' => '501'
    'CAROOT' => '/mnt/ddev-global-cache/mkcert'
    'SHLVL' => '1'
    'COMPOSER_ALLOW_SUPERUSER' => '1'
    'BASH_ENV' => '/etc/bash.nointeractive.bashrc'
    'DDEV_DATABASE' => 'mysql:8.0'
    'PGDATABASE' => 'db'
    'CRAFT_DB_USER' => 'db'
    'DDEV_SCHEME' => 'https'
    'XHPROF_OUTPUT_DIR' => '/tmp/xhprof'
    'COMPOSER_CACHE_DIR' => '/mnt/ddev-global-cache/composer'
    'DDEV_XDEBUG_ENABLED' => 'false'
    'DDEV_DATABASE_FAMILY' => 'mysql'
    'PGHOST' => 'db'
    'DDEV_COMPOSER_ROOT' => '/var/www/html'
    'CRAFT_DB_PASSWORD' => '••'
    'DOCROOT' => 'web'
    'TERMINUS_HIDE_UPDATE_MESSAGE' => '1'
    'PATH' => '/home/omar/bin:/var/www/html/vendor/bin:/usr/local/sbin:/usr/local/bin:/usr/sbin:/usr/bin:/sbin:/bin:/var/www/html/bin:/mnt/ddev-global-cache/global-commands/web'
    'HOST_DOCKER_INTERNAL_IP' => ''
    'DDEV_PROJECT_TYPE' => 'craftcms'
    'DEBIAN_FRONTEND' => 'noninteractive'
    'DDEV_ROUTER_HTTPS_PORT' => '443'
    'EXECIGNORE' => '/var/www/html/vendor/bin/composer'
    'SUPERVISOR_ENABLED' => '1'
    'SUPERVISOR_SERVER_URL' => 'unix:///var/run/supervisor.sock'
    'SUPERVISOR_PROCESS_NAME' => 'php-fpm'
    'SUPERVISOR_GROUP_NAME' => 'php-fpm'
    'HTTP_X_REQUESTED_WITH' => 'XMLHttpRequest'
    'HTTP_X_REGISTERED_JS_FILES' => '6276b818'
    'HTTP_X_REGISTERED_ASSET_BUNDLES' => '815d39ea,92d8701,22e517a2,aee7f8dc,26c46c25,e505ffd6,6b4d7555,bb2f10a0,e5e48399,fc0bc163,1ccab40d,1e21896b,54698ee0,b842675b,1c3c9add,4b1fd285,d8d08e47,8f00ce04,8768f48b,cf3018d6,ec6d0256,e7c1329,7b7669ac,75f47f25'
    'HTTP_X_REAL_IP' => '172.18.0.1'
    'HTTP_X_FORWARDED_SERVER' => '21f32d6785eb'
    'HTTP_X_FORWARDED_PROTO' => 'https'
    'HTTP_X_FORWARDED_PORT' => '443'
    'HTTP_X_FORWARDED_HOST' => 'derschmuckmacher-v3.ddev.site'
    'HTTP_X_FORWARDED_FOR' => '172.18.0.1'
    'HTTP_X_CSRF_TOKEN' => '••••••••••••••••••••••••••••••••••••••••••••••••••••••••••••••••••••••••••••••••••••••••••••••••••••••••••••••••••••••••••••••••••••••••••••••••••••••••••••••••••••••••••••••••••••••••••••••••••••••••••••••••••••••••••••••••••••••••••••••••••••••••••••••••••••••••••••••••••••••••••••••••••••••••••••••••••••••••••••••••••••••••••••••••••••••••••••••••••••••••••••••••••••••••••••••••••••••••'
    'HTTP_TE' => 'trailers'
    'HTTP_SEC_GPC' => '1'
    'HTTP_SEC_FETCH_SITE' => 'same-origin'
    'HTTP_SEC_FETCH_MODE' => 'cors'
    'HTTP_SEC_FETCH_DEST' => 'empty'
    'HTTP_REFERER' => 'https://derschmuckmacher-v3.ddev.site/dW2axQ3b/content/entries/singles/8616-%C3%BCber-mich'
    'HTTP_ORIGIN' => 'https://derschmuckmacher-v3.ddev.site'
    'HTTP_COOKIE' => 'a8b7b1ec9ffb8baf2c6eaa253fe57112_username=26b9ec8568da68d3882e55afaa5d203483c6c5810ee05b5a55c8a0eb10cab93ea%3A2%3A%7Bi%3A0%3Bs%3A41%3A%22a8b7b1ec9ffb8baf2c6eaa253fe57112_username%22%3Bi%3A1%3Bs%3A8%3A%22odegiuli%22%3B%7D; CraftSessionId=d53e866d26bce875fb2884facc2d107e; CRAFT_CSRF_TOKEN=8a7d40a44925cffa5c6231ed712693479ccbd90a53c648b39aebabcbcfb32970a%3A2%3A%7Bi%3A0%3Bs%3A16%3A%22CRAFT_CSRF_TOKEN%22%3Bi%3A1%3Bs%3A147%3A%229VVivECA_J8xrEtMk6R8TWeXsv9sDEqSlX1ewKI4%7Ccf1973dd801adeb03ddc8c2365188f3412c2b61f83f5364963d159f3811886a99VVivECA_J8xrEtMk6R8TWeXsv9sDEqSlX1ewKI4%7C1%22%3B%7D; Craft-3626ffc1-d0a3-42e3-98aa-37e8aa759561_sidebar=expanded; cookieconsent_status=dismiss; Craft-3626ffc1-d0a3-42e3-98aa-37e8aa759561_sidebar-details=expanded; a8b7b1ec9ffb8baf2c6eaa253fe57112_identity=2ee63bec9c78b16cb52b6ff97233f3a03b82e66bcf4a25898f3cfa5b2b22da6ba%3A2%3A%7Bi%3A0%3Bs%3A41%3A%22a8b7b1ec9ffb8baf2c6eaa253fe57112_identity%22%3Bi%3A1%3Bs%3A159%3A%22%5B1%2C%22%5B%5C%22UrkbfhKiWjsY6RR3o2amMzH-bkXUYIGVFHW7CYAg9yt8FSPdbek0OuFnfjLETt7WF4FXkiJnsNQ1BXFFSpUfyKRsTAOTm2zEZRkh%5C%22%2Cnull%2C%5C%220ef01a0bceeac5b1d0a2b6557bd3d7b1%5C%22%5D%22%2C3600%5D%22%3B%7D'
    'HTTP_ACCEPT_LANGUAGE' => 'de,en-US;q=0.9,en;q=0.8'
    'HTTP_ACCEPT_ENCODING' => 'gzip, deflate, br, zstd'
    'HTTP_ACCEPT' => 'application/json, text/plain, */*'
    'HTTP_CONTENT_LENGTH' => '0'
    'HTTP_USER_AGENT' => 'Mozilla/5.0 (Macintosh; Intel Mac OS X 10.15; rv:150.0) Gecko/20100101 Firefox/150.0'
    'HTTP_HOST' => 'derschmuckmacher-v3.ddev.site'
    'HTTPS' => 'on'
    'REDIRECT_STATUS' => '200'
    'SERVER_NAME' => 'derschmuckmacher-v3.ddev.site'
    'SERVER_PORT' => '80'
    'SERVER_ADDR' => '172.18.0.3'
    'REMOTE_PORT' => '34284'
    'REMOTE_ADDR' => '172.18.0.5'
    'SERVER_SOFTWARE' => 'nginx/1.28.0'
    'GATEWAY_INTERFACE' => 'CGI/1.1'
    'REQUEST_SCHEME' => 'http'
    'SERVER_PROTOCOL' => 'HTTP/1.1'
    'DOCUMENT_ROOT' => '/var/www/html/web'
    'DOCUMENT_URI' => '/index.php'
    'REQUEST_URI' => '/index.php?p=dW2axQ3b%2Factions%2Fqueue%2Frun&v=1777539812737'
    'CONTENT_LENGTH' => '0'
    'CONTENT_TYPE' => ''
    'REQUEST_METHOD' => 'POST'
    'QUERY_STRING' => 'p=dW2axQ3b%2Factions%2Fqueue%2Frun&v=1777539812737'
    'SCRIPT_NAME' => '/index.php'
    'SCRIPT_FILENAME' => '/var/www/html/web/index.php'
    'FCGI_ROLE' => 'RESPONDER'
    'PHP_SELF' => '/index.php'
    'REQUEST_TIME_FLOAT' => 1777539812.7428
    'REQUEST_TIME' => 1777539812
    'CRAFT_APP_ID' => 'CraftCMS--3933bc78-29f5-4b79-bcc5-c31faf0fcd20'
    'CRAFT_ENVIRONMENT' => 'dev'
    'ENVIRONMENT' => 'dev'
    'CRAFT_SECURITY_KEY' => '••••••••••••••••••••••••••••••••'
    'CP_TRIGGER' => 'dW2axQ3b'
    'CRAFT_DB_SCHEMA' => 'public'
    'CRAFT_DB_TABLE_PREFIX' => ''
    'DEV_MODE' => 'true'
    'ALLOW_ADMIN_CHANGES' => 'true'
    'DISALLOW_ROBOTS' => 'true'
    'TIMEZONE' => 'Europe/Zurich'
    'CAPTCHA_SITE_KEY' => '••••••••••••••••••••••••••••••••••••••••'
    'CAPTCHA_SECRET_KEY' => '••••••••••••••••••••••••••••••••••••••••'
    'WEB_URL' => 'https://derschmuckmacher-v3.ddev.site'
    'WEB_ROOT' => '/var/www/html/web'
    'ASSETS_BASE_URL' => 'https://derschmuckmacher-v3.ddev.site/public'
    'ASSETS_BASE_PATH' => '/var/www/html/web/public'
    'SCHMUCK_BASE_URL' => 'https://derschmuckmacher-v3.ddev.site/public/uploads/schmuck'
    'SCHMUCK_BASE_PATH' => '/var/www/html/web/public/uploads/schmuck'
    'BILDER_BASE_URL' => 'https://derschmuckmacher-v3.ddev.site/public/uploads/bilder'
    'BILDER_BASE_PATH' => '/var/www/html/web/public/uploads/bilder'
] {"environment":"dev","userId":1} 
2026-04-30 11:03:33 [queue.INFO] [yii\db\Connection::open] Opening DB connection: mysql:host=db;dbname=db;port=3306 {"memory":1101384} 
2026-04-30 11:03:33 [queue.INFO] [yii\web\Session::open] Session started {"memory":1537048} 
2026-04-30 11:03:33 [queue.INFO] [nystudio107\codeeditor\CodeEditor::bootstrap] CodeEditor module bootstrapped {"memory":1558808} 
2026-04-30 11:03:33 [queue.INFO] [adigital\cookieconsentbanner\CookieConsentBanner::init] Cookie Consent Banner plugin loaded {"memory":1775160} 
2026-04-30 11:03:33 [queue.INFO] [miranj\obfuscator\Obfuscator::init] Obfuscator plugin loaded {"memory":2735120} 
2026-04-30 11:03:33 [queue.INFO] [yii\db\Connection::open] Opening DB connection: mysql:host=db;dbname=db;port=3306 {"memory":3002240} 
2026-04-30 11:03:33 [queue.INFO] [craft\queue\QueueLogBehavior::beforeExec]  [40592] t9n:["app","Pruning extra revisions"] (attempt: 1, pid: 17240) - Started {"memory":3060992} 
2026-04-30 11:03:33 [queue.INFO] [craft\queue\QueueLogBehavior::afterExec]  [40592] t9n:["app","Pruning extra revisions"] (attempt: 1, pid: 17240) - Done (time: 0.008s) {"memory":3617816} 
2026-04-30 11:03:33 [queue.INFO] [application] Request context:
$_GET = [
    'p' => 'dW2axQ3b/actions/queue/run'
    'v' => '1777539813805'
]

$_POST = []

$_FILES = []

$_COOKIE = [
    'a8b7b1ec9ffb8baf2c6eaa253fe57112_username' => '26b9ec8568da68d3882e55afaa5d203483c6c5810ee05b5a55c8a0eb10cab93ea:2:{i:0;s:41:\"a8b7b1ec9ffb8baf2c6eaa253fe57112_username\";i:1;s:8:\"odegiuli\";}'
    'CraftSessionId' => 'd53e866d26bce875fb2884facc2d107e'
    'CRAFT_CSRF_TOKEN' => '••••••••••••••••••••••••••••••••••••••••••••••••••••••••••••••••••••••••••••••••••••••••••••••••••••••••••••••••••••••••••••••••••••••••••••••••••••••••••••••••••••••••••••••••••••••••••••••••••••••••••••••••••••••••••••••••••••••••••••••••••••••••••••••••••'
    'Craft-3626ffc1-d0a3-42e3-98aa-37e8aa759561_sidebar' => 'expanded'
    'cookieconsent_status' => 'dismiss'
    'Craft-3626ffc1-d0a3-42e3-98aa-37e8aa759561_sidebar-details' => 'expanded'
    'a8b7b1ec9ffb8baf2c6eaa253fe57112_identity' => '2ee63bec9c78b16cb52b6ff97233f3a03b82e66bcf4a25898f3cfa5b2b22da6ba:2:{i:0;s:41:\"a8b7b1ec9ffb8baf2c6eaa253fe57112_identity\";i:1;s:159:\"[1,\"[\\\"UrkbfhKiWjsY6RR3o2amMzH-bkXUYIGVFHW7CYAg9yt8FSPdbek0OuFnfjLETt7WF4FXkiJnsNQ1BXFFSpUfyKRsTAOTm2zEZRkh\\\",null,\\\"0ef01a0bceeac5b1d0a2b6557bd3d7b1\\\"]\",3600]\";}'
]

$_SESSION = [
    '22b6a59deafcfb2ffb13c3adf3d98a3b__auth_access' => [
        0 => 'previewElement:6476'
        1 => 'saveAssets:856a3aeb-b21b-4d41-af3f-0a23db430323'
        2 => 'previewDraft:904'
        3 => 'previewElement:8616'
        4 => 'previewDraft:905'
        5 => 'previewElement:7158'
        6 => 'previewDraft:906'
        7 => 'previewDraft:908'
        8 => 'previewElement:8689'
        9 => 'saveAssets:'
        10 => 'previewDraft:910'
        11 => 'saveAssets:1986f3e0-bf2e-4ccd-b34c-7ec2d979afdd'
        12 => 'previewDraft:912'
        13 => 'previewDraft:914'
        14 => 'previewDraft:916'
        15 => 'previewElement:7186'
        16 => 'previewDraft:918'
        17 => 'previewDraft:920'
        18 => 'previewDraft:922'
        19 => 'previewDraft:924'
        20 => 'previewDraft:926'
        21 => 'previewDraft:928'
        22 => 'manageNestedElements::8753::field:kacheln'
        23 => 'previewDraft:930'
        24 => 'manageNestedElements::8755::field:kacheln'
        25 => 'previewDraft:931'
        26 => 'previewDraft:934'
        27 => 'previewDraft:935'
        28 => 'previewDraft:936'
        29 => 'previewDraft:937'
        30 => 'previewDraft:938'
        31 => 'previewDraft:940'
        32 => 'previewDraft:942'
        33 => 'previewElement:8582'
        34 => 'previewDraft:944'
        35 => 'previewDraft:945'
        36 => 'previewDraft:947'
        37 => 'previewDraft:949'
        38 => 'previewDraft:951'
        39 => 'previewDraft:952'
        40 => 'previewDraft:954'
        41 => 'previewDraft:955'
        42 => 'previewDraft:956'
        43 => 'previewDraft:958'
        44 => 'previewDraft:959'
        45 => 'previewDraft:960'
        46 => 'previewDraft:962'
        47 => 'previewDraft:963'
        48 => 'previewDraft:964'
        49 => 'previewDraft:965'
        50 => 'manageNestedElements::8841::field:kacheln'
        51 => 'previewDraft:967'
        52 => 'manageNestedElements::8844::field:kacheln'
        53 => 'previewDraft:968'
        54 => 'previewDraft:969'
        55 => 'previewDraft:971'
        56 => 'previewDraft:972'
        57 => 'previewDraft:973'
        58 => 'previewDraft:975'
        59 => 'previewDraft:977'
        60 => 'previewDraft:979'
        61 => 'previewDraft:981'
        62 => 'previewDraft:983'
        63 => 'previewDraft:985'
        64 => 'previewDraft:987'
        65 => 'previewDraft:989'
        66 => 'previewDraft:991'
        67 => 'previewDraft:992'
        68 => 'previewDraft:994'
        69 => 'previewDraft:995'
        70 => 'previewDraft:996'
        71 => 'previewDraft:997'
        72 => 'previewDraft:999'
        73 => 'previewDraft:1000'
        74 => 'previewDraft:1002'
        75 => 'previewDraft:1003'
    ]
    'a8b7b1ec9ffb8baf2c6eaa253fe57112__token' => '••••••••••••••••••••••••••••••••••••••••••••••••••••••••••••••••••••••••••••••••••••••••••••••••••••'
    'a8b7b1ec9ffb8baf2c6eaa253fe57112__id' => 1
    '__authKey' => '••••••••••••••••••••••••••••••••••••••••••••••••••••••••••••••••••••••••••••••••••••••••••••••••••••••••••••••••••••••••••••••••••••••••••••••••'
    'a8b7b1ec9ffb8baf2c6eaa253fe57112__expire' => 1777543413
    '__duration' => 3600
    '__elevated_timeout' => 1777538397
    '22b6a59deafcfb2ffb13c3adf3d98a3b__flash' => []
]

$_SERVER = [
    'DEPLOY_NAME' => 'local'
    'DDEV_WEBSERVER_TYPE' => 'nginx-fpm'
    'npm_config_cache' => '/mnt/ddev-global-cache/npm'
    'COREPACK_ENABLE_DOWNLOAD_PROMPT' => '0'
    'DDEV_GOOS' => 'darwin'
    'IS_DDEV_PROJECT' => 'true'
    'PHP_DEFAULT_VERSION' => '8.3'
    'HOSTNAME' => 'derschmuckmacher-v3-web'
    'MAILPIT_SMTP_PORT' => '1025'
    'MH_SMTP_BIND_ADDR' => '127.0.0.1:1025'
    'DDEV_PRIMARY_URL_WITHOUT_PORT' => 'https://derschmuckmacher-v3.ddev.site'
    'CRAFT_DB_PORT' => '3306'
    'SSH_AUTH_SOCK' => '/home/.ssh-agent/socket'
    'DDEV_GID' => '20'
    'NODE_EXTRA_CA_CERTS' => '/mnt/ddev-global-cache/mkcert/rootCA.pem'
    'DOCKER_IP' => '127.0.0.1'
    'PGPASSWORD' => 'db'
    'CRAFT_WEB_ROOT' => '/var/www/html/web'
    'DDEV_DOCROOT' => 'web'
    'PWD' => '/var/www/html'
    'PLATFORMSH_CLI_UPDATES_CHECK' => '0'
    'DDEV_APPROOT' => '/var/www/html'
    'DDEV_FILES_DIR' => ''
    'START_SCRIPT_TIMEOUT' => '57'
    'APACHE_SITE_TEMPLATE' => '/etc/apache2/apache-site.conf'
    'PHP_INI' => '/etc/php/8.2/fpm/php.ini'
    'DDEV_VERSION' => 'v1.24.10'
    'PRIMARY_SITE_URL' => 'https://derschmuckmacher-v3.ddev.site'
    'TZ' => 'Europe/Zurich'
    'DDEV_XHPROF_MODE' => 'prepend'
    'HTTPS_EXPOSE' => '443:80,8026:8025'
    'COREPACK_HOME' => '/mnt/ddev-global-cache/corepack'
    'CRAFT_DB_DATABASE' => 'db'
    'DDEV_PRIMARY_URL' => 'https://derschmuckmacher-v3.ddev.site'
    'LINES' => '17'
    'DDEV_SITENAME' => 'derschmuckmacher-v3'
    'HOME' => '/home/omar'
    'DRUSH_OPTIONS_URI' => 'https://derschmuckmacher-v3.ddev.site'
    'LANG' => 'C.UTF-8'
    'COLUMNS' => '371'
    'DDEV_MUTAGEN_ENABLED' => 'true'
    'DDEV_USER' => 'omar'
    'PGUSER' => 'db'
    'TERMINUS_CACHE_DIR' => '/mnt/ddev-global-cache/terminus/cache'
    'DDEV_PRIMARY_URL_PORT' => '443'
    'DDEV_ROUTER_HTTP_PORT' => '80'
    'MAILPIT_SMTP_HOSTNAME' => '127.0.0.1'
    'CRAFT_DB_DRIVER' => 'mysql'
    'COMPOSER_PROCESS_TIMEOUT' => '2000'
    'NGINX_SITE_TEMPLATE' => '/etc/nginx/nginx-site.conf'
    'DDEV_FILES_DIRS' => ''
    'CRAFT_DB_SERVER' => 'db'
    'HTTP_EXPOSE' => '80:80,8025:8025'
    'NVM_DIR' => '/home/omar/.nvm'
    'DDEV_PHP_VERSION' => '8.2'
    'DDEV_TLD' => 'ddev.site'
    'DDEV_HOSTNAME' => 'derschmuckmacher-v3.ddev.site'
    'DDEV_PROJECT' => 'derschmuckmacher-v3'
    'DDEV_GOARCH' => 'arm64'
    'VIRTUAL_HOST' => 'derschmuckmacher-v3.ddev.site'
    'TERM' => 'xterm'
    'USER' => 'omar'
    'MYSQL_HISTFILE' => '/mnt/ddev-global-cache/mysqlhistory/derschmuckmacher-v3-web/mysql_history'
    'DDEV_WEB_ENTRYPOINT' => '/mnt/ddev_config/web-entrypoint.d'
    'DDEV_UID' => '501'
    'CAROOT' => '/mnt/ddev-global-cache/mkcert'
    'SHLVL' => '1'
    'COMPOSER_ALLOW_SUPERUSER' => '1'
    'BASH_ENV' => '/etc/bash.nointeractive.bashrc'
    'DDEV_DATABASE' => 'mysql:8.0'
    'PGDATABASE' => 'db'
    'CRAFT_DB_USER' => 'db'
    'DDEV_SCHEME' => 'https'
    'XHPROF_OUTPUT_DIR' => '/tmp/xhprof'
    'COMPOSER_CACHE_DIR' => '/mnt/ddev-global-cache/composer'
    'DDEV_XDEBUG_ENABLED' => 'false'
    'DDEV_DATABASE_FAMILY' => 'mysql'
    'PGHOST' => 'db'
    'DDEV_COMPOSER_ROOT' => '/var/www/html'
    'CRAFT_DB_PASSWORD' => '••'
    'DOCROOT' => 'web'
    'TERMINUS_HIDE_UPDATE_MESSAGE' => '1'
    'PATH' => '/home/omar/bin:/var/www/html/vendor/bin:/usr/local/sbin:/usr/local/bin:/usr/sbin:/usr/bin:/sbin:/bin:/var/www/html/bin:/mnt/ddev-global-cache/global-commands/web'
    'HOST_DOCKER_INTERNAL_IP' => ''
    'DDEV_PROJECT_TYPE' => 'craftcms'
    'DEBIAN_FRONTEND' => 'noninteractive'
    'DDEV_ROUTER_HTTPS_PORT' => '443'
    'EXECIGNORE' => '/var/www/html/vendor/bin/composer'
    'SUPERVISOR_ENABLED' => '1'
    'SUPERVISOR_SERVER_URL' => 'unix:///var/run/supervisor.sock'
    'SUPERVISOR_PROCESS_NAME' => 'php-fpm'
    'SUPERVISOR_GROUP_NAME' => 'php-fpm'
    'HTTP_X_REQUESTED_WITH' => 'XMLHttpRequest'
    'HTTP_X_REGISTERED_JS_FILES' => '6276b818'
    'HTTP_X_REGISTERED_ASSET_BUNDLES' => '815d39ea,92d8701,22e517a2,aee7f8dc,26c46c25,e505ffd6,6b4d7555,bb2f10a0,e5e48399,fc0bc163,1ccab40d,1e21896b,54698ee0,b842675b,1c3c9add,4b1fd285,d8d08e47,8f00ce04,8768f48b,cf3018d6,ec6d0256,e7c1329,7b7669ac,75f47f25'
    'HTTP_X_REAL_IP' => '172.18.0.1'
    'HTTP_X_FORWARDED_SERVER' => '21f32d6785eb'
    'HTTP_X_FORWARDED_PROTO' => 'https'
    'HTTP_X_FORWARDED_PORT' => '443'
    'HTTP_X_FORWARDED_HOST' => 'derschmuckmacher-v3.ddev.site'
    'HTTP_X_FORWARDED_FOR' => '172.18.0.1'
    'HTTP_X_CSRF_TOKEN' => '••••••••••••••••••••••••••••••••••••••••••••••••••••••••••••••••••••••••••••••••••••••••••••••••••••••••••••••••••••••••••••••••••••••••••••••••••••••••••••••••••••••••••••••••••••••••••••••••••••••••••••••••••••••••••••••••••••••••••••••••••••••••••••••••••••••••••••••••••••••••••••••••••••••••••••••••••••••••••••••••••••••••••••••••••••••••••••••••••••••••••••••••••••••••••••••••••••••••'
    'HTTP_TE' => 'trailers'
    'HTTP_SEC_GPC' => '1'
    'HTTP_SEC_FETCH_SITE' => 'same-origin'
    'HTTP_SEC_FETCH_MODE' => 'cors'
    'HTTP_SEC_FETCH_DEST' => 'empty'
    'HTTP_REFERER' => 'https://derschmuckmacher-v3.ddev.site/dW2axQ3b/content/entries/singles/8616-%C3%BCber-mich'
    'HTTP_ORIGIN' => 'https://derschmuckmacher-v3.ddev.site'
    'HTTP_COOKIE' => 'a8b7b1ec9ffb8baf2c6eaa253fe57112_username=26b9ec8568da68d3882e55afaa5d203483c6c5810ee05b5a55c8a0eb10cab93ea%3A2%3A%7Bi%3A0%3Bs%3A41%3A%22a8b7b1ec9ffb8baf2c6eaa253fe57112_username%22%3Bi%3A1%3Bs%3A8%3A%22odegiuli%22%3B%7D; CraftSessionId=d53e866d26bce875fb2884facc2d107e; CRAFT_CSRF_TOKEN=8a7d40a44925cffa5c6231ed712693479ccbd90a53c648b39aebabcbcfb32970a%3A2%3A%7Bi%3A0%3Bs%3A16%3A%22CRAFT_CSRF_TOKEN%22%3Bi%3A1%3Bs%3A147%3A%229VVivECA_J8xrEtMk6R8TWeXsv9sDEqSlX1ewKI4%7Ccf1973dd801adeb03ddc8c2365188f3412c2b61f83f5364963d159f3811886a99VVivECA_J8xrEtMk6R8TWeXsv9sDEqSlX1ewKI4%7C1%22%3B%7D; Craft-3626ffc1-d0a3-42e3-98aa-37e8aa759561_sidebar=expanded; cookieconsent_status=dismiss; Craft-3626ffc1-d0a3-42e3-98aa-37e8aa759561_sidebar-details=expanded; a8b7b1ec9ffb8baf2c6eaa253fe57112_identity=2ee63bec9c78b16cb52b6ff97233f3a03b82e66bcf4a25898f3cfa5b2b22da6ba%3A2%3A%7Bi%3A0%3Bs%3A41%3A%22a8b7b1ec9ffb8baf2c6eaa253fe57112_identity%22%3Bi%3A1%3Bs%3A159%3A%22%5B1%2C%22%5B%5C%22UrkbfhKiWjsY6RR3o2amMzH-bkXUYIGVFHW7CYAg9yt8FSPdbek0OuFnfjLETt7WF4FXkiJnsNQ1BXFFSpUfyKRsTAOTm2zEZRkh%5C%22%2Cnull%2C%5C%220ef01a0bceeac5b1d0a2b6557bd3d7b1%5C%22%5D%22%2C3600%5D%22%3B%7D'
    'HTTP_ACCEPT_LANGUAGE' => 'de,en-US;q=0.9,en;q=0.8'
    'HTTP_ACCEPT_ENCODING' => 'gzip, deflate, br, zstd'
    'HTTP_ACCEPT' => 'application/json, text/plain, */*'
    'HTTP_CONTENT_LENGTH' => '0'
    'HTTP_USER_AGENT' => 'Mozilla/5.0 (Macintosh; Intel Mac OS X 10.15; rv:150.0) Gecko/20100101 Firefox/150.0'
    'HTTP_HOST' => 'derschmuckmacher-v3.ddev.site'
    'HTTPS' => 'on'
    'REDIRECT_STATUS' => '200'
    'SERVER_NAME' => 'derschmuckmacher-v3.ddev.site'
    'SERVER_PORT' => '80'
    'SERVER_ADDR' => '172.18.0.3'
    'REMOTE_PORT' => '34284'
    'REMOTE_ADDR' => '172.18.0.5'
    'SERVER_SOFTWARE' => 'nginx/1.28.0'
    'GATEWAY_INTERFACE' => 'CGI/1.1'
    'REQUEST_SCHEME' => 'http'
    'SERVER_PROTOCOL' => 'HTTP/1.1'
    'DOCUMENT_ROOT' => '/var/www/html/web'
    'DOCUMENT_URI' => '/index.php'
    'REQUEST_URI' => '/index.php?p=dW2axQ3b%2Factions%2Fqueue%2Frun&v=1777539813805'
    'CONTENT_LENGTH' => '0'
    'CONTENT_TYPE' => ''
    'REQUEST_METHOD' => 'POST'
    'QUERY_STRING' => 'p=dW2axQ3b%2Factions%2Fqueue%2Frun&v=1777539813805'
    'SCRIPT_NAME' => '/index.php'
    'SCRIPT_FILENAME' => '/var/www/html/web/index.php'
    'FCGI_ROLE' => 'RESPONDER'
    'PHP_SELF' => '/index.php'
    'REQUEST_TIME_FLOAT' => 1777539813.812
    'REQUEST_TIME' => 1777539813
    'CRAFT_APP_ID' => 'CraftCMS--3933bc78-29f5-4b79-bcc5-c31faf0fcd20'
    'CRAFT_ENVIRONMENT' => 'dev'
    'ENVIRONMENT' => 'dev'
    'CRAFT_SECURITY_KEY' => '••••••••••••••••••••••••••••••••'
    'CP_TRIGGER' => 'dW2axQ3b'
    'CRAFT_DB_SCHEMA' => 'public'
    'CRAFT_DB_TABLE_PREFIX' => ''
    'DEV_MODE' => 'true'
    'ALLOW_ADMIN_CHANGES' => 'true'
    'DISALLOW_ROBOTS' => 'true'
    'TIMEZONE' => 'Europe/Zurich'
    'CAPTCHA_SITE_KEY' => '••••••••••••••••••••••••••••••••••••••••'
    'CAPTCHA_SECRET_KEY' => '••••••••••••••••••••••••••••••••••••••••'
    'WEB_URL' => 'https://derschmuckmacher-v3.ddev.site'
    'WEB_ROOT' => '/var/www/html/web'
    'ASSETS_BASE_URL' => 'https://derschmuckmacher-v3.ddev.site/public'
    'ASSETS_BASE_PATH' => '/var/www/html/web/public'
    'SCHMUCK_BASE_URL' => 'https://derschmuckmacher-v3.ddev.site/public/uploads/schmuck'
    'SCHMUCK_BASE_PATH' => '/var/www/html/web/public/uploads/schmuck'
    'BILDER_BASE_URL' => 'https://derschmuckmacher-v3.ddev.site/public/uploads/bilder'
    'BILDER_BASE_PATH' => '/var/www/html/web/public/uploads/bilder'
] {"environment":"dev","userId":1} 
2026-04-30 11:03:35 [queue.INFO] [yii\db\Connection::open] Opening DB connection: mysql:host=db;dbname=db;port=3306 {"memory":1101384} 
2026-04-30 11:03:35 [queue.INFO] [yii\web\Session::open] Session started {"memory":1537048} 
2026-04-30 11:03:35 [queue.INFO] [nystudio107\codeeditor\CodeEditor::bootstrap] CodeEditor module bootstrapped {"memory":1558808} 
2026-04-30 11:03:35 [queue.INFO] [adigital\cookieconsentbanner\CookieConsentBanner::init] Cookie Consent Banner plugin loaded {"memory":1775160} 
2026-04-30 11:03:35 [queue.INFO] [miranj\obfuscator\Obfuscator::init] Obfuscator plugin loaded {"memory":2735120} 
2026-04-30 11:03:35 [queue.INFO] [yii\db\Connection::open] Opening DB connection: mysql:host=db;dbname=db;port=3306 {"memory":3002240} 
2026-04-30 11:03:35 [queue.INFO] [craft\queue\QueueLogBehavior::beforeExec]  [40593] t9n:["app","Pruning extra revisions"] (attempt: 1, pid: 16674) - Started {"memory":3060992} 
2026-04-30 11:03:35 [queue.INFO] [craft\queue\QueueLogBehavior::afterExec]  [40593] t9n:["app","Pruning extra revisions"] (attempt: 1, pid: 16674) - Done (time: 0.008s) {"memory":3617816} 
2026-04-30 11:03:35 [queue.INFO] [application] Request context:
$_GET = [
    'p' => 'dW2axQ3b/actions/queue/run'
    'v' => '1777539814989'
]

$_POST = []

$_FILES = []

$_COOKIE = [
    'a8b7b1ec9ffb8baf2c6eaa253fe57112_username' => '26b9ec8568da68d3882e55afaa5d203483c6c5810ee05b5a55c8a0eb10cab93ea:2:{i:0;s:41:\"a8b7b1ec9ffb8baf2c6eaa253fe57112_username\";i:1;s:8:\"odegiuli\";}'
    'CraftSessionId' => 'd53e866d26bce875fb2884facc2d107e'
    'CRAFT_CSRF_TOKEN' => '••••••••••••••••••••••••••••••••••••••••••••••••••••••••••••••••••••••••••••••••••••••••••••••••••••••••••••••••••••••••••••••••••••••••••••••••••••••••••••••••••••••••••••••••••••••••••••••••••••••••••••••••••••••••••••••••••••••••••••••••••••••••••••••••••'
    'Craft-3626ffc1-d0a3-42e3-98aa-37e8aa759561_sidebar' => 'expanded'
    'cookieconsent_status' => 'dismiss'
    'Craft-3626ffc1-d0a3-42e3-98aa-37e8aa759561_sidebar-details' => 'expanded'
    'a8b7b1ec9ffb8baf2c6eaa253fe57112_identity' => '2ee63bec9c78b16cb52b6ff97233f3a03b82e66bcf4a25898f3cfa5b2b22da6ba:2:{i:0;s:41:\"a8b7b1ec9ffb8baf2c6eaa253fe57112_identity\";i:1;s:159:\"[1,\"[\\\"UrkbfhKiWjsY6RR3o2amMzH-bkXUYIGVFHW7CYAg9yt8FSPdbek0OuFnfjLETt7WF4FXkiJnsNQ1BXFFSpUfyKRsTAOTm2zEZRkh\\\",null,\\\"0ef01a0bceeac5b1d0a2b6557bd3d7b1\\\"]\",3600]\";}'
]

$_SESSION = [
    '22b6a59deafcfb2ffb13c3adf3d98a3b__auth_access' => [
        0 => 'previewElement:6476'
        1 => 'saveAssets:856a3aeb-b21b-4d41-af3f-0a23db430323'
        2 => 'previewDraft:904'
        3 => 'previewElement:8616'
        4 => 'previewDraft:905'
        5 => 'previewElement:7158'
        6 => 'previewDraft:906'
        7 => 'previewDraft:908'
        8 => 'previewElement:8689'
        9 => 'saveAssets:'
        10 => 'previewDraft:910'
        11 => 'saveAssets:1986f3e0-bf2e-4ccd-b34c-7ec2d979afdd'
        12 => 'previewDraft:912'
        13 => 'previewDraft:914'
        14 => 'previewDraft:916'
        15 => 'previewElement:7186'
        16 => 'previewDraft:918'
        17 => 'previewDraft:920'
        18 => 'previewDraft:922'
        19 => 'previewDraft:924'
        20 => 'previewDraft:926'
        21 => 'previewDraft:928'
        22 => 'manageNestedElements::8753::field:kacheln'
        23 => 'previewDraft:930'
        24 => 'manageNestedElements::8755::field:kacheln'
        25 => 'previewDraft:931'
        26 => 'previewDraft:934'
        27 => 'previewDraft:935'
        28 => 'previewDraft:936'
        29 => 'previewDraft:937'
        30 => 'previewDraft:938'
        31 => 'previewDraft:940'
        32 => 'previewDraft:942'
        33 => 'previewElement:8582'
        34 => 'previewDraft:944'
        35 => 'previewDraft:945'
        36 => 'previewDraft:947'
        37 => 'previewDraft:949'
        38 => 'previewDraft:951'
        39 => 'previewDraft:952'
        40 => 'previewDraft:954'
        41 => 'previewDraft:955'
        42 => 'previewDraft:956'
        43 => 'previewDraft:958'
        44 => 'previewDraft:959'
        45 => 'previewDraft:960'
        46 => 'previewDraft:962'
        47 => 'previewDraft:963'
        48 => 'previewDraft:964'
        49 => 'previewDraft:965'
        50 => 'manageNestedElements::8841::field:kacheln'
        51 => 'previewDraft:967'
        52 => 'manageNestedElements::8844::field:kacheln'
        53 => 'previewDraft:968'
        54 => 'previewDraft:969'
        55 => 'previewDraft:971'
        56 => 'previewDraft:972'
        57 => 'previewDraft:973'
        58 => 'previewDraft:975'
        59 => 'previewDraft:977'
        60 => 'previewDraft:979'
        61 => 'previewDraft:981'
        62 => 'previewDraft:983'
        63 => 'previewDraft:985'
        64 => 'previewDraft:987'
        65 => 'previewDraft:989'
        66 => 'previewDraft:991'
        67 => 'previewDraft:992'
        68 => 'previewDraft:994'
        69 => 'previewDraft:995'
        70 => 'previewDraft:996'
        71 => 'previewDraft:997'
        72 => 'previewDraft:999'
        73 => 'previewDraft:1000'
        74 => 'previewDraft:1002'
        75 => 'previewDraft:1003'
    ]
    'a8b7b1ec9ffb8baf2c6eaa253fe57112__token' => '••••••••••••••••••••••••••••••••••••••••••••••••••••••••••••••••••••••••••••••••••••••••••••••••••••'
    'a8b7b1ec9ffb8baf2c6eaa253fe57112__id' => 1
    '__authKey' => '••••••••••••••••••••••••••••••••••••••••••••••••••••••••••••••••••••••••••••••••••••••••••••••••••••••••••••••••••••••••••••••••••••••••••••••••'
    'a8b7b1ec9ffb8baf2c6eaa253fe57112__expire' => 1777543415
    '__duration' => 3600
    '__elevated_timeout' => 1777538397
    '22b6a59deafcfb2ffb13c3adf3d98a3b__flash' => []
]

$_SERVER = [
    'DEPLOY_NAME' => 'local'
    'DDEV_WEBSERVER_TYPE' => 'nginx-fpm'
    'npm_config_cache' => '/mnt/ddev-global-cache/npm'
    'COREPACK_ENABLE_DOWNLOAD_PROMPT' => '0'
    'DDEV_GOOS' => 'darwin'
    'IS_DDEV_PROJECT' => 'true'
    'PHP_DEFAULT_VERSION' => '8.3'
    'HOSTNAME' => 'derschmuckmacher-v3-web'
    'MAILPIT_SMTP_PORT' => '1025'
    'MH_SMTP_BIND_ADDR' => '127.0.0.1:1025'
    'DDEV_PRIMARY_URL_WITHOUT_PORT' => 'https://derschmuckmacher-v3.ddev.site'
    'CRAFT_DB_PORT' => '3306'
    'SSH_AUTH_SOCK' => '/home/.ssh-agent/socket'
    'DDEV_GID' => '20'
    'NODE_EXTRA_CA_CERTS' => '/mnt/ddev-global-cache/mkcert/rootCA.pem'
    'DOCKER_IP' => '127.0.0.1'
    'PGPASSWORD' => 'db'
    'CRAFT_WEB_ROOT' => '/var/www/html/web'
    'DDEV_DOCROOT' => 'web'
    'PWD' => '/var/www/html'
    'PLATFORMSH_CLI_UPDATES_CHECK' => '0'
    'DDEV_APPROOT' => '/var/www/html'
    'DDEV_FILES_DIR' => ''
    'START_SCRIPT_TIMEOUT' => '57'
    'APACHE_SITE_TEMPLATE' => '/etc/apache2/apache-site.conf'
    'PHP_INI' => '/etc/php/8.2/fpm/php.ini'
    'DDEV_VERSION' => 'v1.24.10'
    'PRIMARY_SITE_URL' => 'https://derschmuckmacher-v3.ddev.site'
    'TZ' => 'Europe/Zurich'
    'DDEV_XHPROF_MODE' => 'prepend'
    'HTTPS_EXPOSE' => '443:80,8026:8025'
    'COREPACK_HOME' => '/mnt/ddev-global-cache/corepack'
    'CRAFT_DB_DATABASE' => 'db'
    'DDEV_PRIMARY_URL' => 'https://derschmuckmacher-v3.ddev.site'
    'LINES' => '17'
    'DDEV_SITENAME' => 'derschmuckmacher-v3'
    'HOME' => '/home/omar'
    'DRUSH_OPTIONS_URI' => 'https://derschmuckmacher-v3.ddev.site'
    'LANG' => 'C.UTF-8'
    'COLUMNS' => '371'
    'DDEV_MUTAGEN_ENABLED' => 'true'
    'DDEV_USER' => 'omar'
    'PGUSER' => 'db'
    'TERMINUS_CACHE_DIR' => '/mnt/ddev-global-cache/terminus/cache'
    'DDEV_PRIMARY_URL_PORT' => '443'
    'DDEV_ROUTER_HTTP_PORT' => '80'
    'MAILPIT_SMTP_HOSTNAME' => '127.0.0.1'
    'CRAFT_DB_DRIVER' => 'mysql'
    'COMPOSER_PROCESS_TIMEOUT' => '2000'
    'NGINX_SITE_TEMPLATE' => '/etc/nginx/nginx-site.conf'
    'DDEV_FILES_DIRS' => ''
    'CRAFT_DB_SERVER' => 'db'
    'HTTP_EXPOSE' => '80:80,8025:8025'
    'NVM_DIR' => '/home/omar/.nvm'
    'DDEV_PHP_VERSION' => '8.2'
    'DDEV_TLD' => 'ddev.site'
    'DDEV_HOSTNAME' => 'derschmuckmacher-v3.ddev.site'
    'DDEV_PROJECT' => 'derschmuckmacher-v3'
    'DDEV_GOARCH' => 'arm64'
    'VIRTUAL_HOST' => 'derschmuckmacher-v3.ddev.site'
    'TERM' => 'xterm'
    'USER' => 'omar'
    'MYSQL_HISTFILE' => '/mnt/ddev-global-cache/mysqlhistory/derschmuckmacher-v3-web/mysql_history'
    'DDEV_WEB_ENTRYPOINT' => '/mnt/ddev_config/web-entrypoint.d'
    'DDEV_UID' => '501'
    'CAROOT' => '/mnt/ddev-global-cache/mkcert'
    'SHLVL' => '1'
    'COMPOSER_ALLOW_SUPERUSER' => '1'
    'BASH_ENV' => '/etc/bash.nointeractive.bashrc'
    'DDEV_DATABASE' => 'mysql:8.0'
    'PGDATABASE' => 'db'
    'CRAFT_DB_USER' => 'db'
    'DDEV_SCHEME' => 'https'
    'XHPROF_OUTPUT_DIR' => '/tmp/xhprof'
    'COMPOSER_CACHE_DIR' => '/mnt/ddev-global-cache/composer'
    'DDEV_XDEBUG_ENABLED' => 'false'
    'DDEV_DATABASE_FAMILY' => 'mysql'
    'PGHOST' => 'db'
    'DDEV_COMPOSER_ROOT' => '/var/www/html'
    'CRAFT_DB_PASSWORD' => '••'
    'DOCROOT' => 'web'
    'TERMINUS_HIDE_UPDATE_MESSAGE' => '1'
    'PATH' => '/home/omar/bin:/var/www/html/vendor/bin:/usr/local/sbin:/usr/local/bin:/usr/sbin:/usr/bin:/sbin:/bin:/var/www/html/bin:/mnt/ddev-global-cache/global-commands/web'
    'HOST_DOCKER_INTERNAL_IP' => ''
    'DDEV_PROJECT_TYPE' => 'craftcms'
    'DEBIAN_FRONTEND' => 'noninteractive'
    'DDEV_ROUTER_HTTPS_PORT' => '443'
    'EXECIGNORE' => '/var/www/html/vendor/bin/composer'
    'SUPERVISOR_ENABLED' => '1'
    'SUPERVISOR_SERVER_URL' => 'unix:///var/run/supervisor.sock'
    'SUPERVISOR_PROCESS_NAME' => 'php-fpm'
    'SUPERVISOR_GROUP_NAME' => 'php-fpm'
    'HTTP_X_REQUESTED_WITH' => 'XMLHttpRequest'
    'HTTP_X_REGISTERED_JS_FILES' => '6276b818'
    'HTTP_X_REGISTERED_ASSET_BUNDLES' => '815d39ea,92d8701,22e517a2,aee7f8dc,26c46c25,e505ffd6,6b4d7555,bb2f10a0,e5e48399,fc0bc163,1ccab40d,1e21896b,54698ee0,b842675b,1c3c9add,4b1fd285,d8d08e47,8f00ce04,8768f48b,cf3018d6,ec6d0256,e7c1329,7b7669ac,75f47f25'
    'HTTP_X_REAL_IP' => '172.18.0.1'
    'HTTP_X_FORWARDED_SERVER' => '21f32d6785eb'
    'HTTP_X_FORWARDED_PROTO' => 'https'
    'HTTP_X_FORWARDED_PORT' => '443'
    'HTTP_X_FORWARDED_HOST' => 'derschmuckmacher-v3.ddev.site'
    'HTTP_X_FORWARDED_FOR' => '172.18.0.1'
    'HTTP_X_CSRF_TOKEN' => '••••••••••••••••••••••••••••••••••••••••••••••••••••••••••••••••••••••••••••••••••••••••••••••••••••••••••••••••••••••••••••••••••••••••••••••••••••••••••••••••••••••••••••••••••••••••••••••••••••••••••••••••••••••••••••••••••••••••••••••••••••••••••••••••••••••••••••••••••••••••••••••••••••••••••••••••••••••••••••••••••••••••••••••••••••••••••••••••••••••••••••••••••••••••••••••••••••••••'
    'HTTP_TE' => 'trailers'
    'HTTP_SEC_GPC' => '1'
    'HTTP_SEC_FETCH_SITE' => 'same-origin'
    'HTTP_SEC_FETCH_MODE' => 'cors'
    'HTTP_SEC_FETCH_DEST' => 'empty'
    'HTTP_REFERER' => 'https://derschmuckmacher-v3.ddev.site/dW2axQ3b/content/entries/singles/8616-%C3%BCber-mich'
    'HTTP_ORIGIN' => 'https://derschmuckmacher-v3.ddev.site'
    'HTTP_COOKIE' => 'a8b7b1ec9ffb8baf2c6eaa253fe57112_username=26b9ec8568da68d3882e55afaa5d203483c6c5810ee05b5a55c8a0eb10cab93ea%3A2%3A%7Bi%3A0%3Bs%3A41%3A%22a8b7b1ec9ffb8baf2c6eaa253fe57112_username%22%3Bi%3A1%3Bs%3A8%3A%22odegiuli%22%3B%7D; CraftSessionId=d53e866d26bce875fb2884facc2d107e; CRAFT_CSRF_TOKEN=8a7d40a44925cffa5c6231ed712693479ccbd90a53c648b39aebabcbcfb32970a%3A2%3A%7Bi%3A0%3Bs%3A16%3A%22CRAFT_CSRF_TOKEN%22%3Bi%3A1%3Bs%3A147%3A%229VVivECA_J8xrEtMk6R8TWeXsv9sDEqSlX1ewKI4%7Ccf1973dd801adeb03ddc8c2365188f3412c2b61f83f5364963d159f3811886a99VVivECA_J8xrEtMk6R8TWeXsv9sDEqSlX1ewKI4%7C1%22%3B%7D; Craft-3626ffc1-d0a3-42e3-98aa-37e8aa759561_sidebar=expanded; cookieconsent_status=dismiss; Craft-3626ffc1-d0a3-42e3-98aa-37e8aa759561_sidebar-details=expanded; a8b7b1ec9ffb8baf2c6eaa253fe57112_identity=2ee63bec9c78b16cb52b6ff97233f3a03b82e66bcf4a25898f3cfa5b2b22da6ba%3A2%3A%7Bi%3A0%3Bs%3A41%3A%22a8b7b1ec9ffb8baf2c6eaa253fe57112_identity%22%3Bi%3A1%3Bs%3A159%3A%22%5B1%2C%22%5B%5C%22UrkbfhKiWjsY6RR3o2amMzH-bkXUYIGVFHW7CYAg9yt8FSPdbek0OuFnfjLETt7WF4FXkiJnsNQ1BXFFSpUfyKRsTAOTm2zEZRkh%5C%22%2Cnull%2C%5C%220ef01a0bceeac5b1d0a2b6557bd3d7b1%5C%22%5D%22%2C3600%5D%22%3B%7D'
    'HTTP_ACCEPT_LANGUAGE' => 'de,en-US;q=0.9,en;q=0.8'
    'HTTP_ACCEPT_ENCODING' => 'gzip, deflate, br, zstd'
    'HTTP_ACCEPT' => 'application/json, text/plain, */*'
    'HTTP_CONTENT_LENGTH' => '0'
    'HTTP_USER_AGENT' => 'Mozilla/5.0 (Macintosh; Intel Mac OS X 10.15; rv:150.0) Gecko/20100101 Firefox/150.0'
    'HTTP_HOST' => 'derschmuckmacher-v3.ddev.site'
    'HTTPS' => 'on'
    'REDIRECT_STATUS' => '200'
    'SERVER_NAME' => 'derschmuckmacher-v3.ddev.site'
    'SERVER_PORT' => '80'
    'SERVER_ADDR' => '172.18.0.3'
    'REMOTE_PORT' => '34284'
    'REMOTE_ADDR' => '172.18.0.5'
    'SERVER_SOFTWARE' => 'nginx/1.28.0'
    'GATEWAY_INTERFACE' => 'CGI/1.1'
    'REQUEST_SCHEME' => 'http'
    'SERVER_PROTOCOL' => 'HTTP/1.1'
    'DOCUMENT_ROOT' => '/var/www/html/web'
    'DOCUMENT_URI' => '/index.php'
    'REQUEST_URI' => '/index.php?p=dW2axQ3b%2Factions%2Fqueue%2Frun&v=1777539814989'
    'CONTENT_LENGTH' => '0'
    'CONTENT_TYPE' => ''
    'REQUEST_METHOD' => 'POST'
    'QUERY_STRING' => 'p=dW2axQ3b%2Factions%2Fqueue%2Frun&v=1777539814989'
    'SCRIPT_NAME' => '/index.php'
    'SCRIPT_FILENAME' => '/var/www/html/web/index.php'
    'FCGI_ROLE' => 'RESPONDER'
    'PHP_SELF' => '/index.php'
    'REQUEST_TIME_FLOAT' => 1777539814.9958
    'REQUEST_TIME' => 1777539814
    'CRAFT_APP_ID' => 'CraftCMS--3933bc78-29f5-4b79-bcc5-c31faf0fcd20'
    'CRAFT_ENVIRONMENT' => 'dev'
    'ENVIRONMENT' => 'dev'
    'CRAFT_SECURITY_KEY' => '••••••••••••••••••••••••••••••••'
    'CP_TRIGGER' => 'dW2axQ3b'
    'CRAFT_DB_SCHEMA' => 'public'
    'CRAFT_DB_TABLE_PREFIX' => ''
    'DEV_MODE' => 'true'
    'ALLOW_ADMIN_CHANGES' => 'true'
    'DISALLOW_ROBOTS' => 'true'
    'TIMEZONE' => 'Europe/Zurich'
    'CAPTCHA_SITE_KEY' => '••••••••••••••••••••••••••••••••••••••••'
    'CAPTCHA_SECRET_KEY' => '••••••••••••••••••••••••••••••••••••••••'
    'WEB_URL' => 'https://derschmuckmacher-v3.ddev.site'
    'WEB_ROOT' => '/var/www/html/web'
    'ASSETS_BASE_URL' => 'https://derschmuckmacher-v3.ddev.site/public'
    'ASSETS_BASE_PATH' => '/var/www/html/web/public'
    'SCHMUCK_BASE_URL' => 'https://derschmuckmacher-v3.ddev.site/public/uploads/schmuck'
    'SCHMUCK_BASE_PATH' => '/var/www/html/web/public/uploads/schmuck'
    'BILDER_BASE_URL' => 'https://derschmuckmacher-v3.ddev.site/public/uploads/bilder'
    'BILDER_BASE_PATH' => '/var/www/html/web/public/uploads/bilder'
] {"environment":"dev","userId":1} 
2026-04-30 11:03:39 [queue.INFO] [yii\db\Connection::open] Opening DB connection: mysql:host=db;dbname=db;port=3306 {"memory":1101400} 
2026-04-30 11:03:39 [queue.INFO] [yii\web\Session::open] Session started {"memory":1537064} 
2026-04-30 11:03:39 [queue.INFO] [nystudio107\codeeditor\CodeEditor::bootstrap] CodeEditor module bootstrapped {"memory":1558824} 
2026-04-30 11:03:39 [queue.INFO] [adigital\cookieconsentbanner\CookieConsentBanner::init] Cookie Consent Banner plugin loaded {"memory":1775176} 
2026-04-30 11:03:39 [queue.INFO] [miranj\obfuscator\Obfuscator::init] Obfuscator plugin loaded {"memory":2735136} 
2026-04-30 11:03:39 [queue.INFO] [yii\db\Connection::open] Opening DB connection: mysql:host=db;dbname=db;port=3306 {"memory":3002256} 
2026-04-30 11:03:39 [queue.INFO] [craft\queue\QueueLogBehavior::beforeExec]  [40594] t9n:["app","Pruning extra revisions"] (attempt: 1, pid: 17513) - Started {"memory":3061008} 
2026-04-30 11:03:39 [queue.INFO] [craft\queue\QueueLogBehavior::afterExec]  [40594] t9n:["app","Pruning extra revisions"] (attempt: 1, pid: 17513) - Done (time: 0.008s) {"memory":3617832} 
2026-04-30 11:03:39 [queue.INFO] [application] Request context:
$_GET = [
    'p' => 'dW2axQ3b/actions/queue/run'
    'v' => '1777539819211'
]

$_POST = []

$_FILES = []

$_COOKIE = [
    'a8b7b1ec9ffb8baf2c6eaa253fe57112_username' => '26b9ec8568da68d3882e55afaa5d203483c6c5810ee05b5a55c8a0eb10cab93ea:2:{i:0;s:41:\"a8b7b1ec9ffb8baf2c6eaa253fe57112_username\";i:1;s:8:\"odegiuli\";}'
    'CraftSessionId' => 'd53e866d26bce875fb2884facc2d107e'
    'CRAFT_CSRF_TOKEN' => '••••••••••••••••••••••••••••••••••••••••••••••••••••••••••••••••••••••••••••••••••••••••••••••••••••••••••••••••••••••••••••••••••••••••••••••••••••••••••••••••••••••••••••••••••••••••••••••••••••••••••••••••••••••••••••••••••••••••••••••••••••••••••••••••••'
    'Craft-3626ffc1-d0a3-42e3-98aa-37e8aa759561_sidebar' => 'expanded'
    'cookieconsent_status' => 'dismiss'
    'Craft-3626ffc1-d0a3-42e3-98aa-37e8aa759561_sidebar-details' => 'expanded'
    'a8b7b1ec9ffb8baf2c6eaa253fe57112_identity' => '2ee63bec9c78b16cb52b6ff97233f3a03b82e66bcf4a25898f3cfa5b2b22da6ba:2:{i:0;s:41:\"a8b7b1ec9ffb8baf2c6eaa253fe57112_identity\";i:1;s:159:\"[1,\"[\\\"UrkbfhKiWjsY6RR3o2amMzH-bkXUYIGVFHW7CYAg9yt8FSPdbek0OuFnfjLETt7WF4FXkiJnsNQ1BXFFSpUfyKRsTAOTm2zEZRkh\\\",null,\\\"0ef01a0bceeac5b1d0a2b6557bd3d7b1\\\"]\",3600]\";}'
]

$_SESSION = [
    '22b6a59deafcfb2ffb13c3adf3d98a3b__auth_access' => [
        0 => 'previewElement:6476'
        1 => 'saveAssets:856a3aeb-b21b-4d41-af3f-0a23db430323'
        2 => 'previewDraft:904'
        3 => 'previewElement:8616'
        4 => 'previewDraft:905'
        5 => 'previewElement:7158'
        6 => 'previewDraft:906'
        7 => 'previewDraft:908'
        8 => 'previewElement:8689'
        9 => 'saveAssets:'
        10 => 'previewDraft:910'
        11 => 'saveAssets:1986f3e0-bf2e-4ccd-b34c-7ec2d979afdd'
        12 => 'previewDraft:912'
        13 => 'previewDraft:914'
        14 => 'previewDraft:916'
        15 => 'previewElement:7186'
        16 => 'previewDraft:918'
        17 => 'previewDraft:920'
        18 => 'previewDraft:922'
        19 => 'previewDraft:924'
        20 => 'previewDraft:926'
        21 => 'previewDraft:928'
        22 => 'manageNestedElements::8753::field:kacheln'
        23 => 'previewDraft:930'
        24 => 'manageNestedElements::8755::field:kacheln'
        25 => 'previewDraft:931'
        26 => 'previewDraft:934'
        27 => 'previewDraft:935'
        28 => 'previewDraft:936'
        29 => 'previewDraft:937'
        30 => 'previewDraft:938'
        31 => 'previewDraft:940'
        32 => 'previewDraft:942'
        33 => 'previewElement:8582'
        34 => 'previewDraft:944'
        35 => 'previewDraft:945'
        36 => 'previewDraft:947'
        37 => 'previewDraft:949'
        38 => 'previewDraft:951'
        39 => 'previewDraft:952'
        40 => 'previewDraft:954'
        41 => 'previewDraft:955'
        42 => 'previewDraft:956'
        43 => 'previewDraft:958'
        44 => 'previewDraft:959'
        45 => 'previewDraft:960'
        46 => 'previewDraft:962'
        47 => 'previewDraft:963'
        48 => 'previewDraft:964'
        49 => 'previewDraft:965'
        50 => 'manageNestedElements::8841::field:kacheln'
        51 => 'previewDraft:967'
        52 => 'manageNestedElements::8844::field:kacheln'
        53 => 'previewDraft:968'
        54 => 'previewDraft:969'
        55 => 'previewDraft:971'
        56 => 'previewDraft:972'
        57 => 'previewDraft:973'
        58 => 'previewDraft:975'
        59 => 'previewDraft:977'
        60 => 'previewDraft:979'
        61 => 'previewDraft:981'
        62 => 'previewDraft:983'
        63 => 'previewDraft:985'
        64 => 'previewDraft:987'
        65 => 'previewDraft:989'
        66 => 'previewDraft:991'
        67 => 'previewDraft:992'
        68 => 'previewDraft:994'
        69 => 'previewDraft:995'
        70 => 'previewDraft:996'
        71 => 'previewDraft:997'
        72 => 'previewDraft:999'
        73 => 'previewDraft:1000'
        74 => 'previewDraft:1002'
        75 => 'previewDraft:1003'
    ]
    'a8b7b1ec9ffb8baf2c6eaa253fe57112__token' => '••••••••••••••••••••••••••••••••••••••••••••••••••••••••••••••••••••••••••••••••••••••••••••••••••••'
    'a8b7b1ec9ffb8baf2c6eaa253fe57112__id' => 1
    '__authKey' => '••••••••••••••••••••••••••••••••••••••••••••••••••••••••••••••••••••••••••••••••••••••••••••••••••••••••••••••••••••••••••••••••••••••••••••••••'
    'a8b7b1ec9ffb8baf2c6eaa253fe57112__expire' => 1777543419
    '__duration' => 3600
    '__elevated_timeout' => 1777538397
    '22b6a59deafcfb2ffb13c3adf3d98a3b__flash' => []
]

$_SERVER = [
    'DEPLOY_NAME' => 'local'
    'DDEV_WEBSERVER_TYPE' => 'nginx-fpm'
    'npm_config_cache' => '/mnt/ddev-global-cache/npm'
    'COREPACK_ENABLE_DOWNLOAD_PROMPT' => '0'
    'DDEV_GOOS' => 'darwin'
    'IS_DDEV_PROJECT' => 'true'
    'PHP_DEFAULT_VERSION' => '8.3'
    'HOSTNAME' => 'derschmuckmacher-v3-web'
    'MAILPIT_SMTP_PORT' => '1025'
    'MH_SMTP_BIND_ADDR' => '127.0.0.1:1025'
    'DDEV_PRIMARY_URL_WITHOUT_PORT' => 'https://derschmuckmacher-v3.ddev.site'
    'CRAFT_DB_PORT' => '3306'
    'SSH_AUTH_SOCK' => '/home/.ssh-agent/socket'
    'DDEV_GID' => '20'
    'NODE_EXTRA_CA_CERTS' => '/mnt/ddev-global-cache/mkcert/rootCA.pem'
    'DOCKER_IP' => '127.0.0.1'
    'PGPASSWORD' => 'db'
    'CRAFT_WEB_ROOT' => '/var/www/html/web'
    'DDEV_DOCROOT' => 'web'
    'PWD' => '/var/www/html'
    'PLATFORMSH_CLI_UPDATES_CHECK' => '0'
    'DDEV_APPROOT' => '/var/www/html'
    'DDEV_FILES_DIR' => ''
    'START_SCRIPT_TIMEOUT' => '57'
    'APACHE_SITE_TEMPLATE' => '/etc/apache2/apache-site.conf'
    'PHP_INI' => '/etc/php/8.2/fpm/php.ini'
    'DDEV_VERSION' => 'v1.24.10'
    'PRIMARY_SITE_URL' => 'https://derschmuckmacher-v3.ddev.site'
    'TZ' => 'Europe/Zurich'
    'DDEV_XHPROF_MODE' => 'prepend'
    'HTTPS_EXPOSE' => '443:80,8026:8025'
    'COREPACK_HOME' => '/mnt/ddev-global-cache/corepack'
    'CRAFT_DB_DATABASE' => 'db'
    'DDEV_PRIMARY_URL' => 'https://derschmuckmacher-v3.ddev.site'
    'LINES' => '17'
    'DDEV_SITENAME' => 'derschmuckmacher-v3'
    'HOME' => '/home/omar'
    'DRUSH_OPTIONS_URI' => 'https://derschmuckmacher-v3.ddev.site'
    'LANG' => 'C.UTF-8'
    'COLUMNS' => '371'
    'DDEV_MUTAGEN_ENABLED' => 'true'
    'DDEV_USER' => 'omar'
    'PGUSER' => 'db'
    'TERMINUS_CACHE_DIR' => '/mnt/ddev-global-cache/terminus/cache'
    'DDEV_PRIMARY_URL_PORT' => '443'
    'DDEV_ROUTER_HTTP_PORT' => '80'
    'MAILPIT_SMTP_HOSTNAME' => '127.0.0.1'
    'CRAFT_DB_DRIVER' => 'mysql'
    'COMPOSER_PROCESS_TIMEOUT' => '2000'
    'NGINX_SITE_TEMPLATE' => '/etc/nginx/nginx-site.conf'
    'DDEV_FILES_DIRS' => ''
    'CRAFT_DB_SERVER' => 'db'
    'HTTP_EXPOSE' => '80:80,8025:8025'
    'NVM_DIR' => '/home/omar/.nvm'
    'DDEV_PHP_VERSION' => '8.2'
    'DDEV_TLD' => 'ddev.site'
    'DDEV_HOSTNAME' => 'derschmuckmacher-v3.ddev.site'
    'DDEV_PROJECT' => 'derschmuckmacher-v3'
    'DDEV_GOARCH' => 'arm64'
    'VIRTUAL_HOST' => 'derschmuckmacher-v3.ddev.site'
    'TERM' => 'xterm'
    'USER' => 'omar'
    'MYSQL_HISTFILE' => '/mnt/ddev-global-cache/mysqlhistory/derschmuckmacher-v3-web/mysql_history'
    'DDEV_WEB_ENTRYPOINT' => '/mnt/ddev_config/web-entrypoint.d'
    'DDEV_UID' => '501'
    'CAROOT' => '/mnt/ddev-global-cache/mkcert'
    'SHLVL' => '1'
    'COMPOSER_ALLOW_SUPERUSER' => '1'
    'BASH_ENV' => '/etc/bash.nointeractive.bashrc'
    'DDEV_DATABASE' => 'mysql:8.0'
    'PGDATABASE' => 'db'
    'CRAFT_DB_USER' => 'db'
    'DDEV_SCHEME' => 'https'
    'XHPROF_OUTPUT_DIR' => '/tmp/xhprof'
    'COMPOSER_CACHE_DIR' => '/mnt/ddev-global-cache/composer'
    'DDEV_XDEBUG_ENABLED' => 'false'
    'DDEV_DATABASE_FAMILY' => 'mysql'
    'PGHOST' => 'db'
    'DDEV_COMPOSER_ROOT' => '/var/www/html'
    'CRAFT_DB_PASSWORD' => '••'
    'DOCROOT' => 'web'
    'TERMINUS_HIDE_UPDATE_MESSAGE' => '1'
    'PATH' => '/home/omar/bin:/var/www/html/vendor/bin:/usr/local/sbin:/usr/local/bin:/usr/sbin:/usr/bin:/sbin:/bin:/var/www/html/bin:/mnt/ddev-global-cache/global-commands/web'
    'HOST_DOCKER_INTERNAL_IP' => ''
    'DDEV_PROJECT_TYPE' => 'craftcms'
    'DEBIAN_FRONTEND' => 'noninteractive'
    'DDEV_ROUTER_HTTPS_PORT' => '443'
    'EXECIGNORE' => '/var/www/html/vendor/bin/composer'
    'SUPERVISOR_ENABLED' => '1'
    'SUPERVISOR_SERVER_URL' => 'unix:///var/run/supervisor.sock'
    'SUPERVISOR_PROCESS_NAME' => 'php-fpm'
    'SUPERVISOR_GROUP_NAME' => 'php-fpm'
    'HTTP_X_REQUESTED_WITH' => 'XMLHttpRequest'
    'HTTP_X_REGISTERED_JS_FILES' => '6276b818'
    'HTTP_X_REGISTERED_ASSET_BUNDLES' => '815d39ea,92d8701,22e517a2,aee7f8dc,26c46c25,e505ffd6,6b4d7555,bb2f10a0,e5e48399,fc0bc163,1ccab40d,1e21896b,54698ee0,b842675b,1c3c9add,4b1fd285,d8d08e47,8f00ce04,8768f48b,cf3018d6,ec6d0256,e7c1329,7b7669ac,75f47f25'
    'HTTP_X_REAL_IP' => '172.18.0.1'
    'HTTP_X_FORWARDED_SERVER' => '21f32d6785eb'
    'HTTP_X_FORWARDED_PROTO' => 'https'
    'HTTP_X_FORWARDED_PORT' => '443'
    'HTTP_X_FORWARDED_HOST' => 'derschmuckmacher-v3.ddev.site'
    'HTTP_X_FORWARDED_FOR' => '172.18.0.1'
    'HTTP_X_CSRF_TOKEN' => '••••••••••••••••••••••••••••••••••••••••••••••••••••••••••••••••••••••••••••••••••••••••••••••••••••••••••••••••••••••••••••••••••••••••••••••••••••••••••••••••••••••••••••••••••••••••••••••••••••••••••••••••••••••••••••••••••••••••••••••••••••••••••••••••••••••••••••••••••••••••••••••••••••••••••••••••••••••••••••••••••••••••••••••••••••••••••••••••••••••••••••••••••••••••••••••••••••••••'
    'HTTP_TE' => 'trailers'
    'HTTP_SEC_GPC' => '1'
    'HTTP_SEC_FETCH_SITE' => 'same-origin'
    'HTTP_SEC_FETCH_MODE' => 'cors'
    'HTTP_SEC_FETCH_DEST' => 'empty'
    'HTTP_REFERER' => 'https://derschmuckmacher-v3.ddev.site/dW2axQ3b/content/entries/singles/8616-%C3%BCber-mich'
    'HTTP_ORIGIN' => 'https://derschmuckmacher-v3.ddev.site'
    'HTTP_COOKIE' => 'a8b7b1ec9ffb8baf2c6eaa253fe57112_username=26b9ec8568da68d3882e55afaa5d203483c6c5810ee05b5a55c8a0eb10cab93ea%3A2%3A%7Bi%3A0%3Bs%3A41%3A%22a8b7b1ec9ffb8baf2c6eaa253fe57112_username%22%3Bi%3A1%3Bs%3A8%3A%22odegiuli%22%3B%7D; CraftSessionId=d53e866d26bce875fb2884facc2d107e; CRAFT_CSRF_TOKEN=8a7d40a44925cffa5c6231ed712693479ccbd90a53c648b39aebabcbcfb32970a%3A2%3A%7Bi%3A0%3Bs%3A16%3A%22CRAFT_CSRF_TOKEN%22%3Bi%3A1%3Bs%3A147%3A%229VVivECA_J8xrEtMk6R8TWeXsv9sDEqSlX1ewKI4%7Ccf1973dd801adeb03ddc8c2365188f3412c2b61f83f5364963d159f3811886a99VVivECA_J8xrEtMk6R8TWeXsv9sDEqSlX1ewKI4%7C1%22%3B%7D; Craft-3626ffc1-d0a3-42e3-98aa-37e8aa759561_sidebar=expanded; cookieconsent_status=dismiss; Craft-3626ffc1-d0a3-42e3-98aa-37e8aa759561_sidebar-details=expanded; a8b7b1ec9ffb8baf2c6eaa253fe57112_identity=2ee63bec9c78b16cb52b6ff97233f3a03b82e66bcf4a25898f3cfa5b2b22da6ba%3A2%3A%7Bi%3A0%3Bs%3A41%3A%22a8b7b1ec9ffb8baf2c6eaa253fe57112_identity%22%3Bi%3A1%3Bs%3A159%3A%22%5B1%2C%22%5B%5C%22UrkbfhKiWjsY6RR3o2amMzH-bkXUYIGVFHW7CYAg9yt8FSPdbek0OuFnfjLETt7WF4FXkiJnsNQ1BXFFSpUfyKRsTAOTm2zEZRkh%5C%22%2Cnull%2C%5C%220ef01a0bceeac5b1d0a2b6557bd3d7b1%5C%22%5D%22%2C3600%5D%22%3B%7D'
    'HTTP_ACCEPT_LANGUAGE' => 'de,en-US;q=0.9,en;q=0.8'
    'HTTP_ACCEPT_ENCODING' => 'gzip, deflate, br, zstd'
    'HTTP_ACCEPT' => 'application/json, text/plain, */*'
    'HTTP_CONTENT_LENGTH' => '0'
    'HTTP_USER_AGENT' => 'Mozilla/5.0 (Macintosh; Intel Mac OS X 10.15; rv:150.0) Gecko/20100101 Firefox/150.0'
    'HTTP_HOST' => 'derschmuckmacher-v3.ddev.site'
    'HTTPS' => 'on'
    'REDIRECT_STATUS' => '200'
    'SERVER_NAME' => 'derschmuckmacher-v3.ddev.site'
    'SERVER_PORT' => '80'
    'SERVER_ADDR' => '172.18.0.3'
    'REMOTE_PORT' => '35284'
    'REMOTE_ADDR' => '172.18.0.5'
    'SERVER_SOFTWARE' => 'nginx/1.28.0'
    'GATEWAY_INTERFACE' => 'CGI/1.1'
    'REQUEST_SCHEME' => 'http'
    'SERVER_PROTOCOL' => 'HTTP/1.1'
    'DOCUMENT_ROOT' => '/var/www/html/web'
    'DOCUMENT_URI' => '/index.php'
    'REQUEST_URI' => '/index.php?p=dW2axQ3b%2Factions%2Fqueue%2Frun&v=1777539819211'
    'CONTENT_LENGTH' => '0'
    'CONTENT_TYPE' => ''
    'REQUEST_METHOD' => 'POST'
    'QUERY_STRING' => 'p=dW2axQ3b%2Factions%2Fqueue%2Frun&v=1777539819211'
    'SCRIPT_NAME' => '/index.php'
    'SCRIPT_FILENAME' => '/var/www/html/web/index.php'
    'FCGI_ROLE' => 'RESPONDER'
    'PHP_SELF' => '/index.php'
    'REQUEST_TIME_FLOAT' => 1777539819.2191
    'REQUEST_TIME' => 1777539819
    'CRAFT_APP_ID' => 'CraftCMS--3933bc78-29f5-4b79-bcc5-c31faf0fcd20'
    'CRAFT_ENVIRONMENT' => 'dev'
    'ENVIRONMENT' => 'dev'
    'CRAFT_SECURITY_KEY' => '••••••••••••••••••••••••••••••••'
    'CP_TRIGGER' => 'dW2axQ3b'
    'CRAFT_DB_SCHEMA' => 'public'
    'CRAFT_DB_TABLE_PREFIX' => ''
    'DEV_MODE' => 'true'
    'ALLOW_ADMIN_CHANGES' => 'true'
    'DISALLOW_ROBOTS' => 'true'
    'TIMEZONE' => 'Europe/Zurich'
    'CAPTCHA_SITE_KEY' => '••••••••••••••••••••••••••••••••••••••••'
    'CAPTCHA_SECRET_KEY' => '••••••••••••••••••••••••••••••••••••••••'
    'WEB_URL' => 'https://derschmuckmacher-v3.ddev.site'
    'WEB_ROOT' => '/var/www/html/web'
    'ASSETS_BASE_URL' => 'https://derschmuckmacher-v3.ddev.site/public'
    'ASSETS_BASE_PATH' => '/var/www/html/web/public'
    'SCHMUCK_BASE_URL' => 'https://derschmuckmacher-v3.ddev.site/public/uploads/schmuck'
    'SCHMUCK_BASE_PATH' => '/var/www/html/web/public/uploads/schmuck'
    'BILDER_BASE_URL' => 'https://derschmuckmacher-v3.ddev.site/public/uploads/bilder'
    'BILDER_BASE_PATH' => '/var/www/html/web/public/uploads/bilder'
] {"environment":"dev","userId":1} 
2026-04-30 11:03:55 [queue.INFO] [yii\db\Connection::open] Opening DB connection: mysql:host=db;dbname=db;port=3306 {"memory":1101352} 
2026-04-30 11:03:55 [queue.INFO] [yii\web\Session::open] Session started {"memory":1537000} 
2026-04-30 11:03:55 [queue.INFO] [nystudio107\codeeditor\CodeEditor::bootstrap] CodeEditor module bootstrapped {"memory":1558760} 
2026-04-30 11:03:55 [queue.INFO] [adigital\cookieconsentbanner\CookieConsentBanner::init] Cookie Consent Banner plugin loaded {"memory":1775112} 
2026-04-30 11:03:55 [queue.INFO] [miranj\obfuscator\Obfuscator::init] Obfuscator plugin loaded {"memory":2735072} 
2026-04-30 11:03:55 [queue.INFO] [yii\db\Connection::open] Opening DB connection: mysql:host=db;dbname=db;port=3306 {"memory":3002192} 
2026-04-30 11:03:55 [queue.INFO] [craft\queue\QueueLogBehavior::beforeExec]  [40595] t9n:["app","Updating search indexes"] (attempt: 1, pid: 17119) - Started {"memory":3060944} 
2026-04-30 11:03:55 [queue.INFO] [craft\queue\QueueLogBehavior::afterExec]  [40595] t9n:["app","Updating search indexes"] (attempt: 1, pid: 17119) - Done (time: 0.009s) {"memory":3475864} 
2026-04-30 11:03:55 [queue.INFO] [application] Request context:
$_GET = [
    'p' => 'dW2axQ3b/actions/queue/run'
    'v' => '1777539835233'
]

$_POST = []

$_FILES = []

$_COOKIE = [
    'a8b7b1ec9ffb8baf2c6eaa253fe57112_username' => '26b9ec8568da68d3882e55afaa5d203483c6c5810ee05b5a55c8a0eb10cab93ea:2:{i:0;s:41:\"a8b7b1ec9ffb8baf2c6eaa253fe57112_username\";i:1;s:8:\"odegiuli\";}'
    'CraftSessionId' => 'd53e866d26bce875fb2884facc2d107e'
    'CRAFT_CSRF_TOKEN' => '••••••••••••••••••••••••••••••••••••••••••••••••••••••••••••••••••••••••••••••••••••••••••••••••••••••••••••••••••••••••••••••••••••••••••••••••••••••••••••••••••••••••••••••••••••••••••••••••••••••••••••••••••••••••••••••••••••••••••••••••••••••••••••••••••'
    'Craft-3626ffc1-d0a3-42e3-98aa-37e8aa759561_sidebar' => 'expanded'
    'cookieconsent_status' => 'dismiss'
    'Craft-3626ffc1-d0a3-42e3-98aa-37e8aa759561_sidebar-details' => 'expanded'
    'a8b7b1ec9ffb8baf2c6eaa253fe57112_identity' => '2ee63bec9c78b16cb52b6ff97233f3a03b82e66bcf4a25898f3cfa5b2b22da6ba:2:{i:0;s:41:\"a8b7b1ec9ffb8baf2c6eaa253fe57112_identity\";i:1;s:159:\"[1,\"[\\\"UrkbfhKiWjsY6RR3o2amMzH-bkXUYIGVFHW7CYAg9yt8FSPdbek0OuFnfjLETt7WF4FXkiJnsNQ1BXFFSpUfyKRsTAOTm2zEZRkh\\\",null,\\\"0ef01a0bceeac5b1d0a2b6557bd3d7b1\\\"]\",3600]\";}'
]

$_SESSION = [
    '22b6a59deafcfb2ffb13c3adf3d98a3b__auth_access' => [
        0 => 'previewElement:6476'
        1 => 'saveAssets:856a3aeb-b21b-4d41-af3f-0a23db430323'
        2 => 'previewDraft:904'
        3 => 'previewElement:8616'
        4 => 'previewDraft:905'
        5 => 'previewElement:7158'
        6 => 'previewDraft:906'
        7 => 'previewDraft:908'
        8 => 'previewElement:8689'
        9 => 'saveAssets:'
        10 => 'previewDraft:910'
        11 => 'saveAssets:1986f3e0-bf2e-4ccd-b34c-7ec2d979afdd'
        12 => 'previewDraft:912'
        13 => 'previewDraft:914'
        14 => 'previewDraft:916'
        15 => 'previewElement:7186'
        16 => 'previewDraft:918'
        17 => 'previewDraft:920'
        18 => 'previewDraft:922'
        19 => 'previewDraft:924'
        20 => 'previewDraft:926'
        21 => 'previewDraft:928'
        22 => 'manageNestedElements::8753::field:kacheln'
        23 => 'previewDraft:930'
        24 => 'manageNestedElements::8755::field:kacheln'
        25 => 'previewDraft:931'
        26 => 'previewDraft:934'
        27 => 'previewDraft:935'
        28 => 'previewDraft:936'
        29 => 'previewDraft:937'
        30 => 'previewDraft:938'
        31 => 'previewDraft:940'
        32 => 'previewDraft:942'
        33 => 'previewElement:8582'
        34 => 'previewDraft:944'
        35 => 'previewDraft:945'
        36 => 'previewDraft:947'
        37 => 'previewDraft:949'
        38 => 'previewDraft:951'
        39 => 'previewDraft:952'
        40 => 'previewDraft:954'
        41 => 'previewDraft:955'
        42 => 'previewDraft:956'
        43 => 'previewDraft:958'
        44 => 'previewDraft:959'
        45 => 'previewDraft:960'
        46 => 'previewDraft:962'
        47 => 'previewDraft:963'
        48 => 'previewDraft:964'
        49 => 'previewDraft:965'
        50 => 'manageNestedElements::8841::field:kacheln'
        51 => 'previewDraft:967'
        52 => 'manageNestedElements::8844::field:kacheln'
        53 => 'previewDraft:968'
        54 => 'previewDraft:969'
        55 => 'previewDraft:971'
        56 => 'previewDraft:972'
        57 => 'previewDraft:973'
        58 => 'previewDraft:975'
        59 => 'previewDraft:977'
        60 => 'previewDraft:979'
        61 => 'previewDraft:981'
        62 => 'previewDraft:983'
        63 => 'previewDraft:985'
        64 => 'previewDraft:987'
        65 => 'previewDraft:989'
        66 => 'previewDraft:991'
        67 => 'previewDraft:992'
        68 => 'previewDraft:994'
        69 => 'previewDraft:995'
        70 => 'previewDraft:996'
        71 => 'previewDraft:997'
        72 => 'previewDraft:999'
        73 => 'previewDraft:1000'
        74 => 'previewDraft:1002'
        75 => 'previewDraft:1003'
    ]
    'a8b7b1ec9ffb8baf2c6eaa253fe57112__token' => '••••••••••••••••••••••••••••••••••••••••••••••••••••••••••••••••••••••••••••••••••••••••••••••••••••'
    'a8b7b1ec9ffb8baf2c6eaa253fe57112__id' => 1
    '__authKey' => '••••••••••••••••••••••••••••••••••••••••••••••••••••••••••••••••••••••••••••••••••••••••••••••••••••••••••••••••••••••••••••••••••••••••••••••••'
    'a8b7b1ec9ffb8baf2c6eaa253fe57112__expire' => 1777543435
    '__duration' => 3600
    '__elevated_timeout' => 1777538397
    '22b6a59deafcfb2ffb13c3adf3d98a3b__flash' => []
]

$_SERVER = [
    'DEPLOY_NAME' => 'local'
    'DDEV_WEBSERVER_TYPE' => 'nginx-fpm'
    'npm_config_cache' => '/mnt/ddev-global-cache/npm'
    'COREPACK_ENABLE_DOWNLOAD_PROMPT' => '0'
    'DDEV_GOOS' => 'darwin'
    'IS_DDEV_PROJECT' => 'true'
    'PHP_DEFAULT_VERSION' => '8.3'
    'HOSTNAME' => 'derschmuckmacher-v3-web'
    'MAILPIT_SMTP_PORT' => '1025'
    'MH_SMTP_BIND_ADDR' => '127.0.0.1:1025'
    'DDEV_PRIMARY_URL_WITHOUT_PORT' => 'https://derschmuckmacher-v3.ddev.site'
    'CRAFT_DB_PORT' => '3306'
    'SSH_AUTH_SOCK' => '/home/.ssh-agent/socket'
    'DDEV_GID' => '20'
    'NODE_EXTRA_CA_CERTS' => '/mnt/ddev-global-cache/mkcert/rootCA.pem'
    'DOCKER_IP' => '127.0.0.1'
    'PGPASSWORD' => 'db'
    'CRAFT_WEB_ROOT' => '/var/www/html/web'
    'DDEV_DOCROOT' => 'web'
    'PWD' => '/var/www/html'
    'PLATFORMSH_CLI_UPDATES_CHECK' => '0'
    'DDEV_APPROOT' => '/var/www/html'
    'DDEV_FILES_DIR' => ''
    'START_SCRIPT_TIMEOUT' => '57'
    'APACHE_SITE_TEMPLATE' => '/etc/apache2/apache-site.conf'
    'PHP_INI' => '/etc/php/8.2/fpm/php.ini'
    'DDEV_VERSION' => 'v1.24.10'
    'PRIMARY_SITE_URL' => 'https://derschmuckmacher-v3.ddev.site'
    'TZ' => 'Europe/Zurich'
    'DDEV_XHPROF_MODE' => 'prepend'
    'HTTPS_EXPOSE' => '443:80,8026:8025'
    'COREPACK_HOME' => '/mnt/ddev-global-cache/corepack'
    'CRAFT_DB_DATABASE' => 'db'
    'DDEV_PRIMARY_URL' => 'https://derschmuckmacher-v3.ddev.site'
    'LINES' => '17'
    'DDEV_SITENAME' => 'derschmuckmacher-v3'
    'HOME' => '/home/omar'
    'DRUSH_OPTIONS_URI' => 'https://derschmuckmacher-v3.ddev.site'
    'LANG' => 'C.UTF-8'
    'COLUMNS' => '371'
    'DDEV_MUTAGEN_ENABLED' => 'true'
    'DDEV_USER' => 'omar'
    'PGUSER' => 'db'
    'TERMINUS_CACHE_DIR' => '/mnt/ddev-global-cache/terminus/cache'
    'DDEV_PRIMARY_URL_PORT' => '443'
    'DDEV_ROUTER_HTTP_PORT' => '80'
    'MAILPIT_SMTP_HOSTNAME' => '127.0.0.1'
    'CRAFT_DB_DRIVER' => 'mysql'
    'COMPOSER_PROCESS_TIMEOUT' => '2000'
    'NGINX_SITE_TEMPLATE' => '/etc/nginx/nginx-site.conf'
    'DDEV_FILES_DIRS' => ''
    'CRAFT_DB_SERVER' => 'db'
    'HTTP_EXPOSE' => '80:80,8025:8025'
    'NVM_DIR' => '/home/omar/.nvm'
    'DDEV_PHP_VERSION' => '8.2'
    'DDEV_TLD' => 'ddev.site'
    'DDEV_HOSTNAME' => 'derschmuckmacher-v3.ddev.site'
    'DDEV_PROJECT' => 'derschmuckmacher-v3'
    'DDEV_GOARCH' => 'arm64'
    'VIRTUAL_HOST' => 'derschmuckmacher-v3.ddev.site'
    'TERM' => 'xterm'
    'USER' => 'omar'
    'MYSQL_HISTFILE' => '/mnt/ddev-global-cache/mysqlhistory/derschmuckmacher-v3-web/mysql_history'
    'DDEV_WEB_ENTRYPOINT' => '/mnt/ddev_config/web-entrypoint.d'
    'DDEV_UID' => '501'
    'CAROOT' => '/mnt/ddev-global-cache/mkcert'
    'SHLVL' => '1'
    'COMPOSER_ALLOW_SUPERUSER' => '1'
    'BASH_ENV' => '/etc/bash.nointeractive.bashrc'
    'DDEV_DATABASE' => 'mysql:8.0'
    'PGDATABASE' => 'db'
    'CRAFT_DB_USER' => 'db'
    'DDEV_SCHEME' => 'https'
    'XHPROF_OUTPUT_DIR' => '/tmp/xhprof'
    'COMPOSER_CACHE_DIR' => '/mnt/ddev-global-cache/composer'
    'DDEV_XDEBUG_ENABLED' => 'false'
    'DDEV_DATABASE_FAMILY' => 'mysql'
    'PGHOST' => 'db'
    'DDEV_COMPOSER_ROOT' => '/var/www/html'
    'CRAFT_DB_PASSWORD' => '••'
    'DOCROOT' => 'web'
    'TERMINUS_HIDE_UPDATE_MESSAGE' => '1'
    'PATH' => '/home/omar/bin:/var/www/html/vendor/bin:/usr/local/sbin:/usr/local/bin:/usr/sbin:/usr/bin:/sbin:/bin:/var/www/html/bin:/mnt/ddev-global-cache/global-commands/web'
    'HOST_DOCKER_INTERNAL_IP' => ''
    'DDEV_PROJECT_TYPE' => 'craftcms'
    'DEBIAN_FRONTEND' => 'noninteractive'
    'DDEV_ROUTER_HTTPS_PORT' => '443'
    'EXECIGNORE' => '/var/www/html/vendor/bin/composer'
    'SUPERVISOR_ENABLED' => '1'
    'SUPERVISOR_SERVER_URL' => 'unix:///var/run/supervisor.sock'
    'SUPERVISOR_PROCESS_NAME' => 'php-fpm'
    'SUPERVISOR_GROUP_NAME' => 'php-fpm'
    'HTTP_X_REQUESTED_WITH' => 'XMLHttpRequest'
    'HTTP_X_REGISTERED_JS_FILES' => '6276b818'
    'HTTP_X_REGISTERED_ASSET_BUNDLES' => '815d39ea,92d8701,22e517a2,aee7f8dc,26c46c25,e505ffd6,6b4d7555,bb2f10a0,e5e48399,fc0bc163,1ccab40d,1e21896b,54698ee0,b842675b,1c3c9add,4b1fd285,d8d08e47,8f00ce04,8768f48b,cf3018d6,ec6d0256,e7c1329,7b7669ac,75f47f25'
    'HTTP_X_REAL_IP' => '172.18.0.1'
    'HTTP_X_FORWARDED_SERVER' => '21f32d6785eb'
    'HTTP_X_FORWARDED_PROTO' => 'https'
    'HTTP_X_FORWARDED_PORT' => '443'
    'HTTP_X_FORWARDED_HOST' => 'derschmuckmacher-v3.ddev.site'
    'HTTP_X_FORWARDED_FOR' => '172.18.0.1'
    'HTTP_X_CSRF_TOKEN' => '••••••••••••••••••••••••••••••••••••••••••••••••••••••••••••••••••••••••••••••••••••••••••••••••••••••••••••••••••••••••••••••••••••••••••••••••••••••••••••••••••••••••••••••••••••••••••••••••••••••••••••••••••••••••••••••••••••••••••••••••••••••••••••••••••••••••••••••••••••••••••••••••••••••••••••••••••••••••••••••••••••••••••••••••••••••••••••••••••••••••••••••••••••••••••••••••••••••••'
    'HTTP_TE' => 'trailers'
    'HTTP_SEC_GPC' => '1'
    'HTTP_SEC_FETCH_SITE' => 'same-origin'
    'HTTP_SEC_FETCH_MODE' => 'cors'
    'HTTP_SEC_FETCH_DEST' => 'empty'
    'HTTP_REFERER' => 'https://derschmuckmacher-v3.ddev.site/dW2axQ3b/content/entries/singles/7158-datenschutz'
    'HTTP_ORIGIN' => 'https://derschmuckmacher-v3.ddev.site'
    'HTTP_COOKIE' => 'a8b7b1ec9ffb8baf2c6eaa253fe57112_username=26b9ec8568da68d3882e55afaa5d203483c6c5810ee05b5a55c8a0eb10cab93ea%3A2%3A%7Bi%3A0%3Bs%3A41%3A%22a8b7b1ec9ffb8baf2c6eaa253fe57112_username%22%3Bi%3A1%3Bs%3A8%3A%22odegiuli%22%3B%7D; CraftSessionId=d53e866d26bce875fb2884facc2d107e; CRAFT_CSRF_TOKEN=8a7d40a44925cffa5c6231ed712693479ccbd90a53c648b39aebabcbcfb32970a%3A2%3A%7Bi%3A0%3Bs%3A16%3A%22CRAFT_CSRF_TOKEN%22%3Bi%3A1%3Bs%3A147%3A%229VVivECA_J8xrEtMk6R8TWeXsv9sDEqSlX1ewKI4%7Ccf1973dd801adeb03ddc8c2365188f3412c2b61f83f5364963d159f3811886a99VVivECA_J8xrEtMk6R8TWeXsv9sDEqSlX1ewKI4%7C1%22%3B%7D; Craft-3626ffc1-d0a3-42e3-98aa-37e8aa759561_sidebar=expanded; cookieconsent_status=dismiss; Craft-3626ffc1-d0a3-42e3-98aa-37e8aa759561_sidebar-details=expanded; a8b7b1ec9ffb8baf2c6eaa253fe57112_identity=2ee63bec9c78b16cb52b6ff97233f3a03b82e66bcf4a25898f3cfa5b2b22da6ba%3A2%3A%7Bi%3A0%3Bs%3A41%3A%22a8b7b1ec9ffb8baf2c6eaa253fe57112_identity%22%3Bi%3A1%3Bs%3A159%3A%22%5B1%2C%22%5B%5C%22UrkbfhKiWjsY6RR3o2amMzH-bkXUYIGVFHW7CYAg9yt8FSPdbek0OuFnfjLETt7WF4FXkiJnsNQ1BXFFSpUfyKRsTAOTm2zEZRkh%5C%22%2Cnull%2C%5C%220ef01a0bceeac5b1d0a2b6557bd3d7b1%5C%22%5D%22%2C3600%5D%22%3B%7D'
    'HTTP_ACCEPT_LANGUAGE' => 'de,en-US;q=0.9,en;q=0.8'
    'HTTP_ACCEPT_ENCODING' => 'gzip, deflate, br, zstd'
    'HTTP_ACCEPT' => 'application/json, text/plain, */*'
    'HTTP_CONTENT_LENGTH' => '0'
    'HTTP_USER_AGENT' => 'Mozilla/5.0 (Macintosh; Intel Mac OS X 10.15; rv:150.0) Gecko/20100101 Firefox/150.0'
    'HTTP_HOST' => 'derschmuckmacher-v3.ddev.site'
    'HTTPS' => 'on'
    'REDIRECT_STATUS' => '200'
    'SERVER_NAME' => 'derschmuckmacher-v3.ddev.site'
    'SERVER_PORT' => '80'
    'SERVER_ADDR' => '172.18.0.3'
    'REMOTE_PORT' => '46572'
    'REMOTE_ADDR' => '172.18.0.5'
    'SERVER_SOFTWARE' => 'nginx/1.28.0'
    'GATEWAY_INTERFACE' => 'CGI/1.1'
    'REQUEST_SCHEME' => 'http'
    'SERVER_PROTOCOL' => 'HTTP/1.1'
    'DOCUMENT_ROOT' => '/var/www/html/web'
    'DOCUMENT_URI' => '/index.php'
    'REQUEST_URI' => '/index.php?p=dW2axQ3b%2Factions%2Fqueue%2Frun&v=1777539835233'
    'CONTENT_LENGTH' => '0'
    'CONTENT_TYPE' => ''
    'REQUEST_METHOD' => 'POST'
    'QUERY_STRING' => 'p=dW2axQ3b%2Factions%2Fqueue%2Frun&v=1777539835233'
    'SCRIPT_NAME' => '/index.php'
    'SCRIPT_FILENAME' => '/var/www/html/web/index.php'
    'FCGI_ROLE' => 'RESPONDER'
    'PHP_SELF' => '/index.php'
    'REQUEST_TIME_FLOAT' => 1777539835.2359
    'REQUEST_TIME' => 1777539835
    'CRAFT_APP_ID' => 'CraftCMS--3933bc78-29f5-4b79-bcc5-c31faf0fcd20'
    'CRAFT_ENVIRONMENT' => 'dev'
    'ENVIRONMENT' => 'dev'
    'CRAFT_SECURITY_KEY' => '••••••••••••••••••••••••••••••••'
    'CP_TRIGGER' => 'dW2axQ3b'
    'CRAFT_DB_SCHEMA' => 'public'
    'CRAFT_DB_TABLE_PREFIX' => ''
    'DEV_MODE' => 'true'
    'ALLOW_ADMIN_CHANGES' => 'true'
    'DISALLOW_ROBOTS' => 'true'
    'TIMEZONE' => 'Europe/Zurich'
    'CAPTCHA_SITE_KEY' => '••••••••••••••••••••••••••••••••••••••••'
    'CAPTCHA_SECRET_KEY' => '••••••••••••••••••••••••••••••••••••••••'
    'WEB_URL' => 'https://derschmuckmacher-v3.ddev.site'
    'WEB_ROOT' => '/var/www/html/web'
    'ASSETS_BASE_URL' => 'https://derschmuckmacher-v3.ddev.site/public'
    'ASSETS_BASE_PATH' => '/var/www/html/web/public'
    'SCHMUCK_BASE_URL' => 'https://derschmuckmacher-v3.ddev.site/public/uploads/schmuck'
    'SCHMUCK_BASE_PATH' => '/var/www/html/web/public/uploads/schmuck'
    'BILDER_BASE_URL' => 'https://derschmuckmacher-v3.ddev.site/public/uploads/bilder'
    'BILDER_BASE_PATH' => '/var/www/html/web/public/uploads/bilder'
] {"environment":"dev","userId":1} 
2026-04-30 11:03:57 [queue.INFO] [yii\db\Connection::open] Opening DB connection: mysql:host=db;dbname=db;port=3306 {"memory":1101240} 
2026-04-30 11:03:57 [queue.INFO] [yii\web\Session::open] Session started {"memory":1536896} 
2026-04-30 11:03:57 [queue.INFO] [nystudio107\codeeditor\CodeEditor::bootstrap] CodeEditor module bootstrapped {"memory":1558656} 
2026-04-30 11:03:57 [queue.INFO] [adigital\cookieconsentbanner\CookieConsentBanner::init] Cookie Consent Banner plugin loaded {"memory":1774544} 
2026-04-30 11:03:57 [queue.INFO] [miranj\obfuscator\Obfuscator::init] Obfuscator plugin loaded {"memory":2734504} 
2026-04-30 11:03:57 [queue.INFO] [yii\db\Connection::open] Opening DB connection: mysql:host=db;dbname=db;port=3306 {"memory":3001624} 
2026-04-30 11:03:57 [queue.INFO] [craft\queue\QueueLogBehavior::beforeExec]  [40596] t9n:["app","Generating image transform for {file}",{"file":"Hero-Kontakt_2026-04-30-090355_gwmp.jpg"}] (attempt: 1, pid: 17240) - Started {"memory":3059992} 
2026-04-30 11:03:57 [queue.INFO] [craft\queue\QueueLogBehavior::afterExec]  [40596] t9n:["app","Generating image transform for {file}",{"file":"Hero-Kontakt_2026-04-30-090355_gwmp.jpg"}] (attempt: 1, pid: 17240) - Done (time: 0.000s) {"memory":3067304} 
2026-04-30 11:03:57 [queue.INFO] [craft\queue\QueueLogBehavior::beforeExec]  [40597] t9n:["app","Generating image transform for {file}",{"file":"Hero-Kontakt_2026-04-30-090355_gwmp.jpg"}] (attempt: 1, pid: 17240) - Started {"memory":3080920} 
2026-04-30 11:03:57 [queue.INFO] [craft\queue\QueueLogBehavior::afterExec]  [40597] t9n:["app","Generating image transform for {file}",{"file":"Hero-Kontakt_2026-04-30-090355_gwmp.jpg"}] (attempt: 1, pid: 17240) - Done (time: 0.021s) {"memory":3273136} 
2026-04-30 11:03:57 [queue.INFO] [craft\queue\QueueLogBehavior::beforeExec]  [40598] t9n:["app","Updating search indexes"] (attempt: 1, pid: 17240) - Started {"memory":3281456} 
2026-04-30 11:03:57 [queue.INFO] [craft\queue\QueueLogBehavior::afterExec]  [40598] t9n:["app","Updating search indexes"] (attempt: 1, pid: 17240) - Done (time: 0.010s) {"memory":3919872} 
2026-04-30 11:03:57 [queue.INFO] [craft\queue\QueueLogBehavior::beforeExec]  [40599] t9n:["app","Updating search indexes"] (attempt: 1, pid: 17240) - Started {"memory":3927904} 
2026-04-30 11:03:57 [queue.INFO] [craft\queue\QueueLogBehavior::afterExec]  [40599] t9n:["app","Updating search indexes"] (attempt: 1, pid: 17240) - Done (time: 0.001s) {"memory":4018160} 
2026-04-30 11:03:57 [queue.INFO] [craft\queue\QueueLogBehavior::beforeExec]  [40600] t9n:["app","Updating search indexes"] (attempt: 1, pid: 17240) - Started {"memory":4026144} 
2026-04-30 11:03:57 [queue.INFO] [craft\queue\QueueLogBehavior::afterExec]  [40600] t9n:["app","Updating search indexes"] (attempt: 1, pid: 17240) - Done (time: 0.004s) {"memory":4433008} 
2026-04-30 11:03:57 [queue.INFO] [craft\queue\QueueLogBehavior::beforeExec]  [40601] t9n:["app","Updating search indexes"] (attempt: 1, pid: 17240) - Started {"memory":4440992} 
2026-04-30 11:03:57 [queue.INFO] [craft\queue\QueueLogBehavior::afterExec]  [40601] t9n:["app","Updating search indexes"] (attempt: 1, pid: 17240) - Done (time: 0.003s) {"memory":4670416} 
2026-04-30 11:03:57 [queue.INFO] [craft\queue\QueueLogBehavior::beforeExec]  [40602] t9n:["app","Pruning extra revisions"] (attempt: 1, pid: 17240) - Started {"memory":4678400} 
2026-04-30 11:03:57 [queue.INFO] [craft\queue\QueueLogBehavior::afterExec]  [40602] t9n:["app","Pruning extra revisions"] (attempt: 1, pid: 17240) - Done (time: 0.000s) {"memory":4758152} 
2026-04-30 11:03:57 [queue.INFO] [craft\queue\QueueLogBehavior::beforeExec]  [40603] t9n:["app","Pruning extra revisions"] (attempt: 1, pid: 17240) - Started {"memory":4774328} 
2026-04-30 11:03:57 [queue.INFO] [craft\queue\QueueLogBehavior::afterExec]  [40603] t9n:["app","Pruning extra revisions"] (attempt: 1, pid: 17240) - Done (time: 0.001s) {"memory":4854048} 
2026-04-30 11:03:57 [queue.INFO] [application] Request context:
$_GET = [
    'p' => 'dW2axQ3b/actions/queue/run'
    'v' => '1777539837643'
]

$_POST = []

$_FILES = []

$_COOKIE = [
    'a8b7b1ec9ffb8baf2c6eaa253fe57112_username' => '26b9ec8568da68d3882e55afaa5d203483c6c5810ee05b5a55c8a0eb10cab93ea:2:{i:0;s:41:\"a8b7b1ec9ffb8baf2c6eaa253fe57112_username\";i:1;s:8:\"odegiuli\";}'
    'CraftSessionId' => 'd53e866d26bce875fb2884facc2d107e'
    'CRAFT_CSRF_TOKEN' => '••••••••••••••••••••••••••••••••••••••••••••••••••••••••••••••••••••••••••••••••••••••••••••••••••••••••••••••••••••••••••••••••••••••••••••••••••••••••••••••••••••••••••••••••••••••••••••••••••••••••••••••••••••••••••••••••••••••••••••••••••••••••••••••••••'
    'Craft-3626ffc1-d0a3-42e3-98aa-37e8aa759561_sidebar' => 'expanded'
    'cookieconsent_status' => 'dismiss'
    'Craft-3626ffc1-d0a3-42e3-98aa-37e8aa759561_sidebar-details' => 'expanded'
    'a8b7b1ec9ffb8baf2c6eaa253fe57112_identity' => '2ee63bec9c78b16cb52b6ff97233f3a03b82e66bcf4a25898f3cfa5b2b22da6ba:2:{i:0;s:41:\"a8b7b1ec9ffb8baf2c6eaa253fe57112_identity\";i:1;s:159:\"[1,\"[\\\"UrkbfhKiWjsY6RR3o2amMzH-bkXUYIGVFHW7CYAg9yt8FSPdbek0OuFnfjLETt7WF4FXkiJnsNQ1BXFFSpUfyKRsTAOTm2zEZRkh\\\",null,\\\"0ef01a0bceeac5b1d0a2b6557bd3d7b1\\\"]\",3600]\";}'
]

$_SESSION = [
    '22b6a59deafcfb2ffb13c3adf3d98a3b__auth_access' => [
        0 => 'previewElement:6476'
        1 => 'saveAssets:856a3aeb-b21b-4d41-af3f-0a23db430323'
        2 => 'previewDraft:904'
        3 => 'previewElement:8616'
        4 => 'previewDraft:905'
        5 => 'previewElement:7158'
        6 => 'previewDraft:906'
        7 => 'previewDraft:908'
        8 => 'previewElement:8689'
        9 => 'saveAssets:'
        10 => 'previewDraft:910'
        11 => 'saveAssets:1986f3e0-bf2e-4ccd-b34c-7ec2d979afdd'
        12 => 'previewDraft:912'
        13 => 'previewDraft:914'
        14 => 'previewDraft:916'
        15 => 'previewElement:7186'
        16 => 'previewDraft:918'
        17 => 'previewDraft:920'
        18 => 'previewDraft:922'
        19 => 'previewDraft:924'
        20 => 'previewDraft:926'
        21 => 'previewDraft:928'
        22 => 'manageNestedElements::8753::field:kacheln'
        23 => 'previewDraft:930'
        24 => 'manageNestedElements::8755::field:kacheln'
        25 => 'previewDraft:931'
        26 => 'previewDraft:934'
        27 => 'previewDraft:935'
        28 => 'previewDraft:936'
        29 => 'previewDraft:937'
        30 => 'previewDraft:938'
        31 => 'previewDraft:940'
        32 => 'previewDraft:942'
        33 => 'previewElement:8582'
        34 => 'previewDraft:944'
        35 => 'previewDraft:945'
        36 => 'previewDraft:947'
        37 => 'previewDraft:949'
        38 => 'previewDraft:951'
        39 => 'previewDraft:952'
        40 => 'previewDraft:954'
        41 => 'previewDraft:955'
        42 => 'previewDraft:956'
        43 => 'previewDraft:958'
        44 => 'previewDraft:959'
        45 => 'previewDraft:960'
        46 => 'previewDraft:962'
        47 => 'previewDraft:963'
        48 => 'previewDraft:964'
        49 => 'previewDraft:965'
        50 => 'manageNestedElements::8841::field:kacheln'
        51 => 'previewDraft:967'
        52 => 'manageNestedElements::8844::field:kacheln'
        53 => 'previewDraft:968'
        54 => 'previewDraft:969'
        55 => 'previewDraft:971'
        56 => 'previewDraft:972'
        57 => 'previewDraft:973'
        58 => 'previewDraft:975'
        59 => 'previewDraft:977'
        60 => 'previewDraft:979'
        61 => 'previewDraft:981'
        62 => 'previewDraft:983'
        63 => 'previewDraft:985'
        64 => 'previewDraft:987'
        65 => 'previewDraft:989'
        66 => 'previewDraft:991'
        67 => 'previewDraft:992'
        68 => 'previewDraft:994'
        69 => 'previewDraft:995'
        70 => 'previewDraft:996'
        71 => 'previewDraft:997'
        72 => 'previewDraft:999'
        73 => 'previewDraft:1000'
        74 => 'previewDraft:1002'
        75 => 'previewDraft:1003'
        76 => 'previewDraft:1004'
    ]
    'a8b7b1ec9ffb8baf2c6eaa253fe57112__token' => '••••••••••••••••••••••••••••••••••••••••••••••••••••••••••••••••••••••••••••••••••••••••••••••••••••'
    'a8b7b1ec9ffb8baf2c6eaa253fe57112__id' => 1
    '__authKey' => '••••••••••••••••••••••••••••••••••••••••••••••••••••••••••••••••••••••••••••••••••••••••••••••••••••••••••••••••••••••••••••••••••••••••••••••••'
    'a8b7b1ec9ffb8baf2c6eaa253fe57112__expire' => 1777543437
    '__duration' => 3600
    '__elevated_timeout' => 1777538397
    '22b6a59deafcfb2ffb13c3adf3d98a3b__flash' => []
]

$_SERVER = [
    'DEPLOY_NAME' => 'local'
    'DDEV_WEBSERVER_TYPE' => 'nginx-fpm'
    'npm_config_cache' => '/mnt/ddev-global-cache/npm'
    'COREPACK_ENABLE_DOWNLOAD_PROMPT' => '0'
    'DDEV_GOOS' => 'darwin'
    'IS_DDEV_PROJECT' => 'true'
    'PHP_DEFAULT_VERSION' => '8.3'
    'HOSTNAME' => 'derschmuckmacher-v3-web'
    'MAILPIT_SMTP_PORT' => '1025'
    'MH_SMTP_BIND_ADDR' => '127.0.0.1:1025'
    'DDEV_PRIMARY_URL_WITHOUT_PORT' => 'https://derschmuckmacher-v3.ddev.site'
    'CRAFT_DB_PORT' => '3306'
    'SSH_AUTH_SOCK' => '/home/.ssh-agent/socket'
    'DDEV_GID' => '20'
    'NODE_EXTRA_CA_CERTS' => '/mnt/ddev-global-cache/mkcert/rootCA.pem'
    'DOCKER_IP' => '127.0.0.1'
    'PGPASSWORD' => 'db'
    'CRAFT_WEB_ROOT' => '/var/www/html/web'
    'DDEV_DOCROOT' => 'web'
    'PWD' => '/var/www/html'
    'PLATFORMSH_CLI_UPDATES_CHECK' => '0'
    'DDEV_APPROOT' => '/var/www/html'
    'DDEV_FILES_DIR' => ''
    'START_SCRIPT_TIMEOUT' => '57'
    'APACHE_SITE_TEMPLATE' => '/etc/apache2/apache-site.conf'
    'PHP_INI' => '/etc/php/8.2/fpm/php.ini'
    'DDEV_VERSION' => 'v1.24.10'
    'PRIMARY_SITE_URL' => 'https://derschmuckmacher-v3.ddev.site'
    'TZ' => 'Europe/Zurich'
    'DDEV_XHPROF_MODE' => 'prepend'
    'HTTPS_EXPOSE' => '443:80,8026:8025'
    'COREPACK_HOME' => '/mnt/ddev-global-cache/corepack'
    'CRAFT_DB_DATABASE' => 'db'
    'DDEV_PRIMARY_URL' => 'https://derschmuckmacher-v3.ddev.site'
    'LINES' => '17'
    'DDEV_SITENAME' => 'derschmuckmacher-v3'
    'HOME' => '/home/omar'
    'DRUSH_OPTIONS_URI' => 'https://derschmuckmacher-v3.ddev.site'
    'LANG' => 'C.UTF-8'
    'COLUMNS' => '371'
    'DDEV_MUTAGEN_ENABLED' => 'true'
    'DDEV_USER' => 'omar'
    'PGUSER' => 'db'
    'TERMINUS_CACHE_DIR' => '/mnt/ddev-global-cache/terminus/cache'
    'DDEV_PRIMARY_URL_PORT' => '443'
    'DDEV_ROUTER_HTTP_PORT' => '80'
    'MAILPIT_SMTP_HOSTNAME' => '127.0.0.1'
    'CRAFT_DB_DRIVER' => 'mysql'
    'COMPOSER_PROCESS_TIMEOUT' => '2000'
    'NGINX_SITE_TEMPLATE' => '/etc/nginx/nginx-site.conf'
    'DDEV_FILES_DIRS' => ''
    'CRAFT_DB_SERVER' => 'db'
    'HTTP_EXPOSE' => '80:80,8025:8025'
    'NVM_DIR' => '/home/omar/.nvm'
    'DDEV_PHP_VERSION' => '8.2'
    'DDEV_TLD' => 'ddev.site'
    'DDEV_HOSTNAME' => 'derschmuckmacher-v3.ddev.site'
    'DDEV_PROJECT' => 'derschmuckmacher-v3'
    'DDEV_GOARCH' => 'arm64'
    'VIRTUAL_HOST' => 'derschmuckmacher-v3.ddev.site'
    'TERM' => 'xterm'
    'USER' => 'omar'
    'MYSQL_HISTFILE' => '/mnt/ddev-global-cache/mysqlhistory/derschmuckmacher-v3-web/mysql_history'
    'DDEV_WEB_ENTRYPOINT' => '/mnt/ddev_config/web-entrypoint.d'
    'DDEV_UID' => '501'
    'CAROOT' => '/mnt/ddev-global-cache/mkcert'
    'SHLVL' => '1'
    'COMPOSER_ALLOW_SUPERUSER' => '1'
    'BASH_ENV' => '/etc/bash.nointeractive.bashrc'
    'DDEV_DATABASE' => 'mysql:8.0'
    'PGDATABASE' => 'db'
    'CRAFT_DB_USER' => 'db'
    'DDEV_SCHEME' => 'https'
    'XHPROF_OUTPUT_DIR' => '/tmp/xhprof'
    'COMPOSER_CACHE_DIR' => '/mnt/ddev-global-cache/composer'
    'DDEV_XDEBUG_ENABLED' => 'false'
    'DDEV_DATABASE_FAMILY' => 'mysql'
    'PGHOST' => 'db'
    'DDEV_COMPOSER_ROOT' => '/var/www/html'
    'CRAFT_DB_PASSWORD' => '••'
    'DOCROOT' => 'web'
    'TERMINUS_HIDE_UPDATE_MESSAGE' => '1'
    'PATH' => '/home/omar/bin:/var/www/html/vendor/bin:/usr/local/sbin:/usr/local/bin:/usr/sbin:/usr/bin:/sbin:/bin:/var/www/html/bin:/mnt/ddev-global-cache/global-commands/web'
    'HOST_DOCKER_INTERNAL_IP' => ''
    'DDEV_PROJECT_TYPE' => 'craftcms'
    'DEBIAN_FRONTEND' => 'noninteractive'
    'DDEV_ROUTER_HTTPS_PORT' => '443'
    'EXECIGNORE' => '/var/www/html/vendor/bin/composer'
    'SUPERVISOR_ENABLED' => '1'
    'SUPERVISOR_SERVER_URL' => 'unix:///var/run/supervisor.sock'
    'SUPERVISOR_PROCESS_NAME' => 'php-fpm'
    'SUPERVISOR_GROUP_NAME' => 'php-fpm'
    'HTTP_X_REQUESTED_WITH' => 'XMLHttpRequest'
    'HTTP_X_REGISTERED_JS_FILES' => ''
    'HTTP_X_REGISTERED_ASSET_BUNDLES' => '22e517a2,aee7f8dc,26c46c25,e505ffd6,6b4d7555,bb2f10a0,e5e48399,815d39ea,fc0bc163,1ccab40d,1e21896b,54698ee0,b842675b,1c3c9add,4b1fd285,d8d08e47,8f00ce04,8768f48b,cf3018d6,ec6d0256'
    'HTTP_X_REAL_IP' => '172.18.0.1'
    'HTTP_X_FORWARDED_SERVER' => '21f32d6785eb'
    'HTTP_X_FORWARDED_PROTO' => 'https'
    'HTTP_X_FORWARDED_PORT' => '443'
    'HTTP_X_FORWARDED_HOST' => 'derschmuckmacher-v3.ddev.site'
    'HTTP_X_FORWARDED_FOR' => '172.18.0.1'
    'HTTP_X_CSRF_TOKEN' => '••••••••••••••••••••••••••••••••••••••••••••••••••••••••••••••••••••••••••••••••••••••••••••••••••••••••••••••••••••••••••••••••••••••••••••••••••••••••••••••••••••••••••••••••••••••••••••••••••••••••••••••••••••••••••••••••••••••••••••••••••••••••••••••••••••••••••••••••••••••••••••••••••••••••••••••••••••••••••••••••••••••••••••••••••••••••••••••••••••••••••••••••••••••••••••••••••••••••'
    'HTTP_TE' => 'trailers'
    'HTTP_SEC_GPC' => '1'
    'HTTP_SEC_FETCH_SITE' => 'same-origin'
    'HTTP_SEC_FETCH_MODE' => 'cors'
    'HTTP_SEC_FETCH_DEST' => 'empty'
    'HTTP_REFERER' => 'https://derschmuckmacher-v3.ddev.site/dW2axQ3b/content/entries/singles?source=singles'
    'HTTP_ORIGIN' => 'https://derschmuckmacher-v3.ddev.site'
    'HTTP_COOKIE' => 'a8b7b1ec9ffb8baf2c6eaa253fe57112_username=26b9ec8568da68d3882e55afaa5d203483c6c5810ee05b5a55c8a0eb10cab93ea%3A2%3A%7Bi%3A0%3Bs%3A41%3A%22a8b7b1ec9ffb8baf2c6eaa253fe57112_username%22%3Bi%3A1%3Bs%3A8%3A%22odegiuli%22%3B%7D; CraftSessionId=d53e866d26bce875fb2884facc2d107e; CRAFT_CSRF_TOKEN=8a7d40a44925cffa5c6231ed712693479ccbd90a53c648b39aebabcbcfb32970a%3A2%3A%7Bi%3A0%3Bs%3A16%3A%22CRAFT_CSRF_TOKEN%22%3Bi%3A1%3Bs%3A147%3A%229VVivECA_J8xrEtMk6R8TWeXsv9sDEqSlX1ewKI4%7Ccf1973dd801adeb03ddc8c2365188f3412c2b61f83f5364963d159f3811886a99VVivECA_J8xrEtMk6R8TWeXsv9sDEqSlX1ewKI4%7C1%22%3B%7D; Craft-3626ffc1-d0a3-42e3-98aa-37e8aa759561_sidebar=expanded; cookieconsent_status=dismiss; Craft-3626ffc1-d0a3-42e3-98aa-37e8aa759561_sidebar-details=expanded; a8b7b1ec9ffb8baf2c6eaa253fe57112_identity=2ee63bec9c78b16cb52b6ff97233f3a03b82e66bcf4a25898f3cfa5b2b22da6ba%3A2%3A%7Bi%3A0%3Bs%3A41%3A%22a8b7b1ec9ffb8baf2c6eaa253fe57112_identity%22%3Bi%3A1%3Bs%3A159%3A%22%5B1%2C%22%5B%5C%22UrkbfhKiWjsY6RR3o2amMzH-bkXUYIGVFHW7CYAg9yt8FSPdbek0OuFnfjLETt7WF4FXkiJnsNQ1BXFFSpUfyKRsTAOTm2zEZRkh%5C%22%2Cnull%2C%5C%220ef01a0bceeac5b1d0a2b6557bd3d7b1%5C%22%5D%22%2C3600%5D%22%3B%7D'
    'HTTP_ACCEPT_LANGUAGE' => 'de,en-US;q=0.9,en;q=0.8'
    'HTTP_ACCEPT_ENCODING' => 'gzip, deflate, br, zstd'
    'HTTP_ACCEPT' => 'application/json, text/plain, */*'
    'HTTP_CONTENT_LENGTH' => '0'
    'HTTP_USER_AGENT' => 'Mozilla/5.0 (Macintosh; Intel Mac OS X 10.15; rv:150.0) Gecko/20100101 Firefox/150.0'
    'HTTP_HOST' => 'derschmuckmacher-v3.ddev.site'
    'HTTPS' => 'on'
    'REDIRECT_STATUS' => '200'
    'SERVER_NAME' => 'derschmuckmacher-v3.ddev.site'
    'SERVER_PORT' => '80'
    'SERVER_ADDR' => '172.18.0.3'
    'REMOTE_PORT' => '46566'
    'REMOTE_ADDR' => '172.18.0.5'
    'SERVER_SOFTWARE' => 'nginx/1.28.0'
    'GATEWAY_INTERFACE' => 'CGI/1.1'
    'REQUEST_SCHEME' => 'http'
    'SERVER_PROTOCOL' => 'HTTP/1.1'
    'DOCUMENT_ROOT' => '/var/www/html/web'
    'DOCUMENT_URI' => '/index.php'
    'REQUEST_URI' => '/index.php?p=dW2axQ3b%2Factions%2Fqueue%2Frun&v=1777539837643'
    'CONTENT_LENGTH' => '0'
    'CONTENT_TYPE' => ''
    'REQUEST_METHOD' => 'POST'
    'QUERY_STRING' => 'p=dW2axQ3b%2Factions%2Fqueue%2Frun&v=1777539837643'
    'SCRIPT_NAME' => '/index.php'
    'SCRIPT_FILENAME' => '/var/www/html/web/index.php'
    'FCGI_ROLE' => 'RESPONDER'
    'PHP_SELF' => '/index.php'
    'REQUEST_TIME_FLOAT' => 1777539837.6461
    'REQUEST_TIME' => 1777539837
    'CRAFT_APP_ID' => 'CraftCMS--3933bc78-29f5-4b79-bcc5-c31faf0fcd20'
    'CRAFT_ENVIRONMENT' => 'dev'
    'ENVIRONMENT' => 'dev'
    'CRAFT_SECURITY_KEY' => '••••••••••••••••••••••••••••••••'
    'CP_TRIGGER' => 'dW2axQ3b'
    'CRAFT_DB_SCHEMA' => 'public'
    'CRAFT_DB_TABLE_PREFIX' => ''
    'DEV_MODE' => 'true'
    'ALLOW_ADMIN_CHANGES' => 'true'
    'DISALLOW_ROBOTS' => 'true'
    'TIMEZONE' => 'Europe/Zurich'
    'CAPTCHA_SITE_KEY' => '••••••••••••••••••••••••••••••••••••••••'
    'CAPTCHA_SECRET_KEY' => '••••••••••••••••••••••••••••••••••••••••'
    'WEB_URL' => 'https://derschmuckmacher-v3.ddev.site'
    'WEB_ROOT' => '/var/www/html/web'
    'ASSETS_BASE_URL' => 'https://derschmuckmacher-v3.ddev.site/public'
    'ASSETS_BASE_PATH' => '/var/www/html/web/public'
    'SCHMUCK_BASE_URL' => 'https://derschmuckmacher-v3.ddev.site/public/uploads/schmuck'
    'SCHMUCK_BASE_PATH' => '/var/www/html/web/public/uploads/schmuck'
    'BILDER_BASE_URL' => 'https://derschmuckmacher-v3.ddev.site/public/uploads/bilder'
    'BILDER_BASE_PATH' => '/var/www/html/web/public/uploads/bilder'
] {"environment":"dev","userId":1} 
2026-04-30 11:04:11 [queue.INFO] [yii\db\Connection::open] Opening DB connection: mysql:host=db;dbname=db;port=3306 {"memory":1101240} 
2026-04-30 11:04:11 [queue.INFO] [yii\web\Session::open] Session started {"memory":1536944} 
2026-04-30 11:04:11 [queue.INFO] [nystudio107\codeeditor\CodeEditor::bootstrap] CodeEditor module bootstrapped {"memory":1558704} 
2026-04-30 11:04:11 [queue.INFO] [adigital\cookieconsentbanner\CookieConsentBanner::init] Cookie Consent Banner plugin loaded {"memory":1774592} 
2026-04-30 11:04:11 [queue.INFO] [miranj\obfuscator\Obfuscator::init] Obfuscator plugin loaded {"memory":2734552} 
2026-04-30 11:04:11 [queue.INFO] [yii\db\Connection::open] Opening DB connection: mysql:host=db;dbname=db;port=3306 {"memory":3001672} 
2026-04-30 11:04:11 [queue.INFO] [craft\queue\QueueLogBehavior::beforeExec]  [40604] t9n:["app","Updating search indexes"] (attempt: 1, pid: 17240) - Started {"memory":3060424} 
2026-04-30 11:04:11 [queue.INFO] [craft\queue\QueueLogBehavior::afterExec]  [40604] t9n:["app","Updating search indexes"] (attempt: 1, pid: 17240) - Done (time: 0.010s) {"memory":3637848} 
2026-04-30 11:04:11 [queue.INFO] [craft\queue\QueueLogBehavior::beforeExec]  [40605] t9n:["app","Updating search indexes"] (attempt: 1, pid: 17240) - Started {"memory":3645880} 
2026-04-30 11:04:11 [queue.INFO] [craft\queue\QueueLogBehavior::afterExec]  [40605] t9n:["app","Updating search indexes"] (attempt: 1, pid: 17240) - Done (time: 0.001s) {"memory":3735816} 
2026-04-30 11:04:11 [queue.INFO] [craft\queue\QueueLogBehavior::beforeExec]  [40606] t9n:["app","Updating search indexes"] (attempt: 1, pid: 17240) - Started {"memory":3743800} 
2026-04-30 11:04:11 [queue.INFO] [craft\queue\QueueLogBehavior::afterExec]  [40606] t9n:["app","Updating search indexes"] (attempt: 1, pid: 17240) - Done (time: 0.005s) {"memory":4220152} 
2026-04-30 11:04:11 [queue.INFO] [craft\queue\QueueLogBehavior::beforeExec]  [40607] t9n:["app","Updating search indexes"] (attempt: 1, pid: 17240) - Started {"memory":4228136} 
2026-04-30 11:04:11 [queue.INFO] [craft\queue\QueueLogBehavior::afterExec]  [40607] t9n:["app","Updating search indexes"] (attempt: 1, pid: 17240) - Done (time: 0.003s) {"memory":4430600} 
2026-04-30 11:04:11 [queue.INFO] [craft\queue\QueueLogBehavior::beforeExec]  [40608] t9n:["app","Pruning extra revisions"] (attempt: 1, pid: 17240) - Started {"memory":4438584} 
2026-04-30 11:04:11 [queue.INFO] [craft\queue\QueueLogBehavior::afterExec]  [40608] t9n:["app","Pruning extra revisions"] (attempt: 1, pid: 17240) - Done (time: 0.000s) {"memory":4518336} 
2026-04-30 11:04:11 [queue.INFO] [craft\queue\QueueLogBehavior::beforeExec]  [40609] t9n:["app","Pruning extra revisions"] (attempt: 1, pid: 17240) - Started {"memory":4526320} 
2026-04-30 11:04:11 [queue.INFO] [craft\queue\QueueLogBehavior::afterExec]  [40609] t9n:["app","Pruning extra revisions"] (attempt: 1, pid: 17240) - Done (time: 0.000s) {"memory":4638808} 
2026-04-30 11:04:11 [queue.INFO] [application] Request context:
$_GET = [
    'p' => 'dW2axQ3b/actions/queue/run'
    'v' => '1777539851002'
]

$_POST = []

$_FILES = []

$_COOKIE = [
    'a8b7b1ec9ffb8baf2c6eaa253fe57112_username' => '26b9ec8568da68d3882e55afaa5d203483c6c5810ee05b5a55c8a0eb10cab93ea:2:{i:0;s:41:\"a8b7b1ec9ffb8baf2c6eaa253fe57112_username\";i:1;s:8:\"odegiuli\";}'
    'CraftSessionId' => 'd53e866d26bce875fb2884facc2d107e'
    'CRAFT_CSRF_TOKEN' => '••••••••••••••••••••••••••••••••••••••••••••••••••••••••••••••••••••••••••••••••••••••••••••••••••••••••••••••••••••••••••••••••••••••••••••••••••••••••••••••••••••••••••••••••••••••••••••••••••••••••••••••••••••••••••••••••••••••••••••••••••••••••••••••••••'
    'Craft-3626ffc1-d0a3-42e3-98aa-37e8aa759561_sidebar' => 'expanded'
    'cookieconsent_status' => 'dismiss'
    'Craft-3626ffc1-d0a3-42e3-98aa-37e8aa759561_sidebar-details' => 'expanded'
    'a8b7b1ec9ffb8baf2c6eaa253fe57112_identity' => '2ee63bec9c78b16cb52b6ff97233f3a03b82e66bcf4a25898f3cfa5b2b22da6ba:2:{i:0;s:41:\"a8b7b1ec9ffb8baf2c6eaa253fe57112_identity\";i:1;s:159:\"[1,\"[\\\"UrkbfhKiWjsY6RR3o2amMzH-bkXUYIGVFHW7CYAg9yt8FSPdbek0OuFnfjLETt7WF4FXkiJnsNQ1BXFFSpUfyKRsTAOTm2zEZRkh\\\",null,\\\"0ef01a0bceeac5b1d0a2b6557bd3d7b1\\\"]\",3600]\";}'
]

$_SESSION = [
    '22b6a59deafcfb2ffb13c3adf3d98a3b__auth_access' => [
        0 => 'previewElement:6476'
        1 => 'saveAssets:856a3aeb-b21b-4d41-af3f-0a23db430323'
        2 => 'previewDraft:904'
        3 => 'previewElement:8616'
        4 => 'previewDraft:905'
        5 => 'previewElement:7158'
        6 => 'previewDraft:906'
        7 => 'previewDraft:908'
        8 => 'previewElement:8689'
        9 => 'saveAssets:'
        10 => 'previewDraft:910'
        11 => 'saveAssets:1986f3e0-bf2e-4ccd-b34c-7ec2d979afdd'
        12 => 'previewDraft:912'
        13 => 'previewDraft:914'
        14 => 'previewDraft:916'
        15 => 'previewElement:7186'
        16 => 'previewDraft:918'
        17 => 'previewDraft:920'
        18 => 'previewDraft:922'
        19 => 'previewDraft:924'
        20 => 'previewDraft:926'
        21 => 'previewDraft:928'
        22 => 'manageNestedElements::8753::field:kacheln'
        23 => 'previewDraft:930'
        24 => 'manageNestedElements::8755::field:kacheln'
        25 => 'previewDraft:931'
        26 => 'previewDraft:934'
        27 => 'previewDraft:935'
        28 => 'previewDraft:936'
        29 => 'previewDraft:937'
        30 => 'previewDraft:938'
        31 => 'previewDraft:940'
        32 => 'previewDraft:942'
        33 => 'previewElement:8582'
        34 => 'previewDraft:944'
        35 => 'previewDraft:945'
        36 => 'previewDraft:947'
        37 => 'previewDraft:949'
        38 => 'previewDraft:951'
        39 => 'previewDraft:952'
        40 => 'previewDraft:954'
        41 => 'previewDraft:955'
        42 => 'previewDraft:956'
        43 => 'previewDraft:958'
        44 => 'previewDraft:959'
        45 => 'previewDraft:960'
        46 => 'previewDraft:962'
        47 => 'previewDraft:963'
        48 => 'previewDraft:964'
        49 => 'previewDraft:965'
        50 => 'manageNestedElements::8841::field:kacheln'
        51 => 'previewDraft:967'
        52 => 'manageNestedElements::8844::field:kacheln'
        53 => 'previewDraft:968'
        54 => 'previewDraft:969'
        55 => 'previewDraft:971'
        56 => 'previewDraft:972'
        57 => 'previewDraft:973'
        58 => 'previewDraft:975'
        59 => 'previewDraft:977'
        60 => 'previewDraft:979'
        61 => 'previewDraft:981'
        62 => 'previewDraft:983'
        63 => 'previewDraft:985'
        64 => 'previewDraft:987'
        65 => 'previewDraft:989'
        66 => 'previewDraft:991'
        67 => 'previewDraft:992'
        68 => 'previewDraft:994'
        69 => 'previewDraft:995'
        70 => 'previewDraft:996'
        71 => 'previewDraft:997'
        72 => 'previewDraft:999'
        73 => 'previewDraft:1000'
        74 => 'previewDraft:1002'
        75 => 'previewDraft:1003'
        76 => 'previewDraft:1004'
        77 => 'previewDraft:1006'
    ]
    'a8b7b1ec9ffb8baf2c6eaa253fe57112__token' => '••••••••••••••••••••••••••••••••••••••••••••••••••••••••••••••••••••••••••••••••••••••••••••••••••••'
    'a8b7b1ec9ffb8baf2c6eaa253fe57112__id' => 1
    '__authKey' => '••••••••••••••••••••••••••••••••••••••••••••••••••••••••••••••••••••••••••••••••••••••••••••••••••••••••••••••••••••••••••••••••••••••••••••••••'
    'a8b7b1ec9ffb8baf2c6eaa253fe57112__expire' => 1777543451
    '__duration' => 3600
    '__elevated_timeout' => 1777538397
    '22b6a59deafcfb2ffb13c3adf3d98a3b__flash' => []
]

$_SERVER = [
    'DEPLOY_NAME' => 'local'
    'DDEV_WEBSERVER_TYPE' => 'nginx-fpm'
    'npm_config_cache' => '/mnt/ddev-global-cache/npm'
    'COREPACK_ENABLE_DOWNLOAD_PROMPT' => '0'
    'DDEV_GOOS' => 'darwin'
    'IS_DDEV_PROJECT' => 'true'
    'PHP_DEFAULT_VERSION' => '8.3'
    'HOSTNAME' => 'derschmuckmacher-v3-web'
    'MAILPIT_SMTP_PORT' => '1025'
    'MH_SMTP_BIND_ADDR' => '127.0.0.1:1025'
    'DDEV_PRIMARY_URL_WITHOUT_PORT' => 'https://derschmuckmacher-v3.ddev.site'
    'CRAFT_DB_PORT' => '3306'
    'SSH_AUTH_SOCK' => '/home/.ssh-agent/socket'
    'DDEV_GID' => '20'
    'NODE_EXTRA_CA_CERTS' => '/mnt/ddev-global-cache/mkcert/rootCA.pem'
    'DOCKER_IP' => '127.0.0.1'
    'PGPASSWORD' => 'db'
    'CRAFT_WEB_ROOT' => '/var/www/html/web'
    'DDEV_DOCROOT' => 'web'
    'PWD' => '/var/www/html'
    'PLATFORMSH_CLI_UPDATES_CHECK' => '0'
    'DDEV_APPROOT' => '/var/www/html'
    'DDEV_FILES_DIR' => ''
    'START_SCRIPT_TIMEOUT' => '57'
    'APACHE_SITE_TEMPLATE' => '/etc/apache2/apache-site.conf'
    'PHP_INI' => '/etc/php/8.2/fpm/php.ini'
    'DDEV_VERSION' => 'v1.24.10'
    'PRIMARY_SITE_URL' => 'https://derschmuckmacher-v3.ddev.site'
    'TZ' => 'Europe/Zurich'
    'DDEV_XHPROF_MODE' => 'prepend'
    'HTTPS_EXPOSE' => '443:80,8026:8025'
    'COREPACK_HOME' => '/mnt/ddev-global-cache/corepack'
    'CRAFT_DB_DATABASE' => 'db'
    'DDEV_PRIMARY_URL' => 'https://derschmuckmacher-v3.ddev.site'
    'LINES' => '17'
    'DDEV_SITENAME' => 'derschmuckmacher-v3'
    'HOME' => '/home/omar'
    'DRUSH_OPTIONS_URI' => 'https://derschmuckmacher-v3.ddev.site'
    'LANG' => 'C.UTF-8'
    'COLUMNS' => '371'
    'DDEV_MUTAGEN_ENABLED' => 'true'
    'DDEV_USER' => 'omar'
    'PGUSER' => 'db'
    'TERMINUS_CACHE_DIR' => '/mnt/ddev-global-cache/terminus/cache'
    'DDEV_PRIMARY_URL_PORT' => '443'
    'DDEV_ROUTER_HTTP_PORT' => '80'
    'MAILPIT_SMTP_HOSTNAME' => '127.0.0.1'
    'CRAFT_DB_DRIVER' => 'mysql'
    'COMPOSER_PROCESS_TIMEOUT' => '2000'
    'NGINX_SITE_TEMPLATE' => '/etc/nginx/nginx-site.conf'
    'DDEV_FILES_DIRS' => ''
    'CRAFT_DB_SERVER' => 'db'
    'HTTP_EXPOSE' => '80:80,8025:8025'
    'NVM_DIR' => '/home/omar/.nvm'
    'DDEV_PHP_VERSION' => '8.2'
    'DDEV_TLD' => 'ddev.site'
    'DDEV_HOSTNAME' => 'derschmuckmacher-v3.ddev.site'
    'DDEV_PROJECT' => 'derschmuckmacher-v3'
    'DDEV_GOARCH' => 'arm64'
    'VIRTUAL_HOST' => 'derschmuckmacher-v3.ddev.site'
    'TERM' => 'xterm'
    'USER' => 'omar'
    'MYSQL_HISTFILE' => '/mnt/ddev-global-cache/mysqlhistory/derschmuckmacher-v3-web/mysql_history'
    'DDEV_WEB_ENTRYPOINT' => '/mnt/ddev_config/web-entrypoint.d'
    'DDEV_UID' => '501'
    'CAROOT' => '/mnt/ddev-global-cache/mkcert'
    'SHLVL' => '1'
    'COMPOSER_ALLOW_SUPERUSER' => '1'
    'BASH_ENV' => '/etc/bash.nointeractive.bashrc'
    'DDEV_DATABASE' => 'mysql:8.0'
    'PGDATABASE' => 'db'
    'CRAFT_DB_USER' => 'db'
    'DDEV_SCHEME' => 'https'
    'XHPROF_OUTPUT_DIR' => '/tmp/xhprof'
    'COMPOSER_CACHE_DIR' => '/mnt/ddev-global-cache/composer'
    'DDEV_XDEBUG_ENABLED' => 'false'
    'DDEV_DATABASE_FAMILY' => 'mysql'
    'PGHOST' => 'db'
    'DDEV_COMPOSER_ROOT' => '/var/www/html'
    'CRAFT_DB_PASSWORD' => '••'
    'DOCROOT' => 'web'
    'TERMINUS_HIDE_UPDATE_MESSAGE' => '1'
    'PATH' => '/home/omar/bin:/var/www/html/vendor/bin:/usr/local/sbin:/usr/local/bin:/usr/sbin:/usr/bin:/sbin:/bin:/var/www/html/bin:/mnt/ddev-global-cache/global-commands/web'
    'HOST_DOCKER_INTERNAL_IP' => ''
    'DDEV_PROJECT_TYPE' => 'craftcms'
    'DEBIAN_FRONTEND' => 'noninteractive'
    'DDEV_ROUTER_HTTPS_PORT' => '443'
    'EXECIGNORE' => '/var/www/html/vendor/bin/composer'
    'SUPERVISOR_ENABLED' => '1'
    'SUPERVISOR_SERVER_URL' => 'unix:///var/run/supervisor.sock'
    'SUPERVISOR_PROCESS_NAME' => 'php-fpm'
    'SUPERVISOR_GROUP_NAME' => 'php-fpm'
    'HTTP_X_REQUESTED_WITH' => 'XMLHttpRequest'
    'HTTP_X_REGISTERED_JS_FILES' => ''
    'HTTP_X_REGISTERED_ASSET_BUNDLES' => '22e517a2,aee7f8dc,26c46c25,e505ffd6,6b4d7555,bb2f10a0,e5e48399,815d39ea,fc0bc163,1ccab40d,1e21896b,54698ee0,b842675b,1c3c9add,4b1fd285,d8d08e47,8f00ce04,8768f48b,cf3018d6,ec6d0256'
    'HTTP_X_REAL_IP' => '172.18.0.1'
    'HTTP_X_FORWARDED_SERVER' => '21f32d6785eb'
    'HTTP_X_FORWARDED_PROTO' => 'https'
    'HTTP_X_FORWARDED_PORT' => '443'
    'HTTP_X_FORWARDED_HOST' => 'derschmuckmacher-v3.ddev.site'
    'HTTP_X_FORWARDED_FOR' => '172.18.0.1'
    'HTTP_X_CSRF_TOKEN' => '••••••••••••••••••••••••••••••••••••••••••••••••••••••••••••••••••••••••••••••••••••••••••••••••••••••••••••••••••••••••••••••••••••••••••••••••••••••••••••••••••••••••••••••••••••••••••••••••••••••••••••••••••••••••••••••••••••••••••••••••••••••••••••••••••••••••••••••••••••••••••••••••••••••••••••••••••••••••••••••••••••••••••••••••••••••••••••••••••••••••••••••••••••••••••••••••••••••••'
    'HTTP_TE' => 'trailers'
    'HTTP_SEC_GPC' => '1'
    'HTTP_SEC_FETCH_SITE' => 'same-origin'
    'HTTP_SEC_FETCH_MODE' => 'cors'
    'HTTP_SEC_FETCH_DEST' => 'empty'
    'HTTP_REFERER' => 'https://derschmuckmacher-v3.ddev.site/dW2axQ3b/content/entries/singles?source=singles'
    'HTTP_ORIGIN' => 'https://derschmuckmacher-v3.ddev.site'
    'HTTP_COOKIE' => 'a8b7b1ec9ffb8baf2c6eaa253fe57112_username=26b9ec8568da68d3882e55afaa5d203483c6c5810ee05b5a55c8a0eb10cab93ea%3A2%3A%7Bi%3A0%3Bs%3A41%3A%22a8b7b1ec9ffb8baf2c6eaa253fe57112_username%22%3Bi%3A1%3Bs%3A8%3A%22odegiuli%22%3B%7D; CraftSessionId=d53e866d26bce875fb2884facc2d107e; CRAFT_CSRF_TOKEN=8a7d40a44925cffa5c6231ed712693479ccbd90a53c648b39aebabcbcfb32970a%3A2%3A%7Bi%3A0%3Bs%3A16%3A%22CRAFT_CSRF_TOKEN%22%3Bi%3A1%3Bs%3A147%3A%229VVivECA_J8xrEtMk6R8TWeXsv9sDEqSlX1ewKI4%7Ccf1973dd801adeb03ddc8c2365188f3412c2b61f83f5364963d159f3811886a99VVivECA_J8xrEtMk6R8TWeXsv9sDEqSlX1ewKI4%7C1%22%3B%7D; Craft-3626ffc1-d0a3-42e3-98aa-37e8aa759561_sidebar=expanded; cookieconsent_status=dismiss; Craft-3626ffc1-d0a3-42e3-98aa-37e8aa759561_sidebar-details=expanded; a8b7b1ec9ffb8baf2c6eaa253fe57112_identity=2ee63bec9c78b16cb52b6ff97233f3a03b82e66bcf4a25898f3cfa5b2b22da6ba%3A2%3A%7Bi%3A0%3Bs%3A41%3A%22a8b7b1ec9ffb8baf2c6eaa253fe57112_identity%22%3Bi%3A1%3Bs%3A159%3A%22%5B1%2C%22%5B%5C%22UrkbfhKiWjsY6RR3o2amMzH-bkXUYIGVFHW7CYAg9yt8FSPdbek0OuFnfjLETt7WF4FXkiJnsNQ1BXFFSpUfyKRsTAOTm2zEZRkh%5C%22%2Cnull%2C%5C%220ef01a0bceeac5b1d0a2b6557bd3d7b1%5C%22%5D%22%2C3600%5D%22%3B%7D'
    'HTTP_ACCEPT_LANGUAGE' => 'de,en-US;q=0.9,en;q=0.8'
    'HTTP_ACCEPT_ENCODING' => 'gzip, deflate, br, zstd'
    'HTTP_ACCEPT' => 'application/json, text/plain, */*'
    'HTTP_CONTENT_LENGTH' => '0'
    'HTTP_USER_AGENT' => 'Mozilla/5.0 (Macintosh; Intel Mac OS X 10.15; rv:150.0) Gecko/20100101 Firefox/150.0'
    'HTTP_HOST' => 'derschmuckmacher-v3.ddev.site'
    'HTTPS' => 'on'
    'REDIRECT_STATUS' => '200'
    'SERVER_NAME' => 'derschmuckmacher-v3.ddev.site'
    'SERVER_PORT' => '80'
    'SERVER_ADDR' => '172.18.0.3'
    'REMOTE_PORT' => '56862'
    'REMOTE_ADDR' => '172.18.0.5'
    'SERVER_SOFTWARE' => 'nginx/1.28.0'
    'GATEWAY_INTERFACE' => 'CGI/1.1'
    'REQUEST_SCHEME' => 'http'
    'SERVER_PROTOCOL' => 'HTTP/1.1'
    'DOCUMENT_ROOT' => '/var/www/html/web'
    'DOCUMENT_URI' => '/index.php'
    'REQUEST_URI' => '/index.php?p=dW2axQ3b%2Factions%2Fqueue%2Frun&v=1777539851002'
    'CONTENT_LENGTH' => '0'
    'CONTENT_TYPE' => ''
    'REQUEST_METHOD' => 'POST'
    'QUERY_STRING' => 'p=dW2axQ3b%2Factions%2Fqueue%2Frun&v=1777539851002'
    'SCRIPT_NAME' => '/index.php'
    'SCRIPT_FILENAME' => '/var/www/html/web/index.php'
    'FCGI_ROLE' => 'RESPONDER'
    'PHP_SELF' => '/index.php'
    'REQUEST_TIME_FLOAT' => 1777539851.005
    'REQUEST_TIME' => 1777539851
    'CRAFT_APP_ID' => 'CraftCMS--3933bc78-29f5-4b79-bcc5-c31faf0fcd20'
    'CRAFT_ENVIRONMENT' => 'dev'
    'ENVIRONMENT' => 'dev'
    'CRAFT_SECURITY_KEY' => '••••••••••••••••••••••••••••••••'
    'CP_TRIGGER' => 'dW2axQ3b'
    'CRAFT_DB_SCHEMA' => 'public'
    'CRAFT_DB_TABLE_PREFIX' => ''
    'DEV_MODE' => 'true'
    'ALLOW_ADMIN_CHANGES' => 'true'
    'DISALLOW_ROBOTS' => 'true'
    'TIMEZONE' => 'Europe/Zurich'
    'CAPTCHA_SITE_KEY' => '••••••••••••••••••••••••••••••••••••••••'
    'CAPTCHA_SECRET_KEY' => '••••••••••••••••••••••••••••••••••••••••'
    'WEB_URL' => 'https://derschmuckmacher-v3.ddev.site'
    'WEB_ROOT' => '/var/www/html/web'
    'ASSETS_BASE_URL' => 'https://derschmuckmacher-v3.ddev.site/public'
    'ASSETS_BASE_PATH' => '/var/www/html/web/public'
    'SCHMUCK_BASE_URL' => 'https://derschmuckmacher-v3.ddev.site/public/uploads/schmuck'
    'SCHMUCK_BASE_PATH' => '/var/www/html/web/public/uploads/schmuck'
    'BILDER_BASE_URL' => 'https://derschmuckmacher-v3.ddev.site/public/uploads/bilder'
    'BILDER_BASE_PATH' => '/var/www/html/web/public/uploads/bilder'
] {"environment":"dev","userId":1} 
2026-04-30 11:04:29 [queue.INFO] [yii\db\Connection::open] Opening DB connection: mysql:host=db;dbname=db;port=3306 {"memory":1101240} 
2026-04-30 11:04:29 [queue.INFO] [yii\web\Session::open] Session started {"memory":1536992} 
2026-04-30 11:04:29 [queue.INFO] [nystudio107\codeeditor\CodeEditor::bootstrap] CodeEditor module bootstrapped {"memory":1558752} 
2026-04-30 11:04:29 [queue.INFO] [adigital\cookieconsentbanner\CookieConsentBanner::init] Cookie Consent Banner plugin loaded {"memory":1774640} 
2026-04-30 11:04:29 [queue.INFO] [miranj\obfuscator\Obfuscator::init] Obfuscator plugin loaded {"memory":2734600} 
2026-04-30 11:04:29 [queue.INFO] [yii\db\Connection::open] Opening DB connection: mysql:host=db;dbname=db;port=3306 {"memory":3001720} 
2026-04-30 11:04:29 [queue.INFO] [craft\queue\QueueLogBehavior::beforeExec]  [40610] t9n:["app","Updating search indexes"] (attempt: 1, pid: 17119) - Started {"memory":3060472} 
2026-04-30 11:04:29 [queue.INFO] [craft\queue\QueueLogBehavior::afterExec]  [40610] t9n:["app","Updating search indexes"] (attempt: 1, pid: 17119) - Done (time: 0.011s) {"memory":3637896} 
2026-04-30 11:04:29 [queue.INFO] [craft\queue\QueueLogBehavior::beforeExec]  [40611] t9n:["app","Updating search indexes"] (attempt: 1, pid: 17119) - Started {"memory":3645928} 
2026-04-30 11:04:29 [queue.INFO] [craft\queue\QueueLogBehavior::afterExec]  [40611] t9n:["app","Updating search indexes"] (attempt: 1, pid: 17119) - Done (time: 0.001s) {"memory":3735864} 
2026-04-30 11:04:29 [queue.INFO] [craft\queue\QueueLogBehavior::beforeExec]  [40612] t9n:["app","Updating search indexes"] (attempt: 1, pid: 17119) - Started {"memory":3743848} 
2026-04-30 11:04:29 [queue.INFO] [craft\queue\QueueLogBehavior::afterExec]  [40612] t9n:["app","Updating search indexes"] (attempt: 1, pid: 17119) - Done (time: 0.005s) {"memory":4219568} 
2026-04-30 11:04:29 [queue.INFO] [craft\queue\QueueLogBehavior::beforeExec]  [40613] t9n:["app","Updating search indexes"] (attempt: 1, pid: 17119) - Started {"memory":4227552} 
2026-04-30 11:04:29 [queue.INFO] [craft\queue\QueueLogBehavior::afterExec]  [40613] t9n:["app","Updating search indexes"] (attempt: 1, pid: 17119) - Done (time: 0.004s) {"memory":4429384} 
2026-04-30 11:04:29 [queue.INFO] [craft\queue\QueueLogBehavior::beforeExec]  [40614] t9n:["app","Pruning extra revisions"] (attempt: 1, pid: 17119) - Started {"memory":4437368} 
2026-04-30 11:04:29 [queue.INFO] [craft\queue\QueueLogBehavior::afterExec]  [40614] t9n:["app","Pruning extra revisions"] (attempt: 1, pid: 17119) - Done (time: 0.000s) {"memory":4517120} 
2026-04-30 11:04:29 [queue.INFO] [craft\queue\QueueLogBehavior::beforeExec]  [40615] t9n:["app","Pruning extra revisions"] (attempt: 1, pid: 17119) - Started {"memory":4525104} 
2026-04-30 11:04:29 [queue.INFO] [craft\queue\QueueLogBehavior::afterExec]  [40615] t9n:["app","Pruning extra revisions"] (attempt: 1, pid: 17119) - Done (time: 0.000s) {"memory":4637592} 
2026-04-30 11:04:29 [queue.INFO] [application] Request context:
$_GET = [
    'p' => 'dW2axQ3b/actions/queue/run'
    'v' => '1777539869000'
]

$_POST = []

$_FILES = []

$_COOKIE = [
    'a8b7b1ec9ffb8baf2c6eaa253fe57112_username' => '26b9ec8568da68d3882e55afaa5d203483c6c5810ee05b5a55c8a0eb10cab93ea:2:{i:0;s:41:\"a8b7b1ec9ffb8baf2c6eaa253fe57112_username\";i:1;s:8:\"odegiuli\";}'
    'CraftSessionId' => 'd53e866d26bce875fb2884facc2d107e'
    'CRAFT_CSRF_TOKEN' => '••••••••••••••••••••••••••••••••••••••••••••••••••••••••••••••••••••••••••••••••••••••••••••••••••••••••••••••••••••••••••••••••••••••••••••••••••••••••••••••••••••••••••••••••••••••••••••••••••••••••••••••••••••••••••••••••••••••••••••••••••••••••••••••••••'
    'Craft-3626ffc1-d0a3-42e3-98aa-37e8aa759561_sidebar' => 'expanded'
    'cookieconsent_status' => 'dismiss'
    'Craft-3626ffc1-d0a3-42e3-98aa-37e8aa759561_sidebar-details' => 'expanded'
    'a8b7b1ec9ffb8baf2c6eaa253fe57112_identity' => '2ee63bec9c78b16cb52b6ff97233f3a03b82e66bcf4a25898f3cfa5b2b22da6ba:2:{i:0;s:41:\"a8b7b1ec9ffb8baf2c6eaa253fe57112_identity\";i:1;s:159:\"[1,\"[\\\"UrkbfhKiWjsY6RR3o2amMzH-bkXUYIGVFHW7CYAg9yt8FSPdbek0OuFnfjLETt7WF4FXkiJnsNQ1BXFFSpUfyKRsTAOTm2zEZRkh\\\",null,\\\"0ef01a0bceeac5b1d0a2b6557bd3d7b1\\\"]\",3600]\";}'
]

$_SESSION = [
    '22b6a59deafcfb2ffb13c3adf3d98a3b__auth_access' => [
        0 => 'previewElement:6476'
        1 => 'saveAssets:856a3aeb-b21b-4d41-af3f-0a23db430323'
        2 => 'previewDraft:904'
        3 => 'previewElement:8616'
        4 => 'previewDraft:905'
        5 => 'previewElement:7158'
        6 => 'previewDraft:906'
        7 => 'previewDraft:908'
        8 => 'previewElement:8689'
        9 => 'saveAssets:'
        10 => 'previewDraft:910'
        11 => 'saveAssets:1986f3e0-bf2e-4ccd-b34c-7ec2d979afdd'
        12 => 'previewDraft:912'
        13 => 'previewDraft:914'
        14 => 'previewDraft:916'
        15 => 'previewElement:7186'
        16 => 'previewDraft:918'
        17 => 'previewDraft:920'
        18 => 'previewDraft:922'
        19 => 'previewDraft:924'
        20 => 'previewDraft:926'
        21 => 'previewDraft:928'
        22 => 'manageNestedElements::8753::field:kacheln'
        23 => 'previewDraft:930'
        24 => 'manageNestedElements::8755::field:kacheln'
        25 => 'previewDraft:931'
        26 => 'previewDraft:934'
        27 => 'previewDraft:935'
        28 => 'previewDraft:936'
        29 => 'previewDraft:937'
        30 => 'previewDraft:938'
        31 => 'previewDraft:940'
        32 => 'previewDraft:942'
        33 => 'previewElement:8582'
        34 => 'previewDraft:944'
        35 => 'previewDraft:945'
        36 => 'previewDraft:947'
        37 => 'previewDraft:949'
        38 => 'previewDraft:951'
        39 => 'previewDraft:952'
        40 => 'previewDraft:954'
        41 => 'previewDraft:955'
        42 => 'previewDraft:956'
        43 => 'previewDraft:958'
        44 => 'previewDraft:959'
        45 => 'previewDraft:960'
        46 => 'previewDraft:962'
        47 => 'previewDraft:963'
        48 => 'previewDraft:964'
        49 => 'previewDraft:965'
        50 => 'manageNestedElements::8841::field:kacheln'
        51 => 'previewDraft:967'
        52 => 'manageNestedElements::8844::field:kacheln'
        53 => 'previewDraft:968'
        54 => 'previewDraft:969'
        55 => 'previewDraft:971'
        56 => 'previewDraft:972'
        57 => 'previewDraft:973'
        58 => 'previewDraft:975'
        59 => 'previewDraft:977'
        60 => 'previewDraft:979'
        61 => 'previewDraft:981'
        62 => 'previewDraft:983'
        63 => 'previewDraft:985'
        64 => 'previewDraft:987'
        65 => 'previewDraft:989'
        66 => 'previewDraft:991'
        67 => 'previewDraft:992'
        68 => 'previewDraft:994'
        69 => 'previewDraft:995'
        70 => 'previewDraft:996'
        71 => 'previewDraft:997'
        72 => 'previewDraft:999'
        73 => 'previewDraft:1000'
        74 => 'previewDraft:1002'
        75 => 'previewDraft:1003'
        76 => 'previewDraft:1004'
        77 => 'previewDraft:1006'
        78 => 'previewDraft:1008'
    ]
    'a8b7b1ec9ffb8baf2c6eaa253fe57112__token' => '••••••••••••••••••••••••••••••••••••••••••••••••••••••••••••••••••••••••••••••••••••••••••••••••••••'
    'a8b7b1ec9ffb8baf2c6eaa253fe57112__id' => 1
    '__authKey' => '••••••••••••••••••••••••••••••••••••••••••••••••••••••••••••••••••••••••••••••••••••••••••••••••••••••••••••••••••••••••••••••••••••••••••••••••'
    'a8b7b1ec9ffb8baf2c6eaa253fe57112__expire' => 1777543469
    '__duration' => 3600
    '__elevated_timeout' => 1777538397
    '22b6a59deafcfb2ffb13c3adf3d98a3b__flash' => []
]

$_SERVER = [
    'DEPLOY_NAME' => 'local'
    'DDEV_WEBSERVER_TYPE' => 'nginx-fpm'
    'npm_config_cache' => '/mnt/ddev-global-cache/npm'
    'COREPACK_ENABLE_DOWNLOAD_PROMPT' => '0'
    'DDEV_GOOS' => 'darwin'
    'IS_DDEV_PROJECT' => 'true'
    'PHP_DEFAULT_VERSION' => '8.3'
    'HOSTNAME' => 'derschmuckmacher-v3-web'
    'MAILPIT_SMTP_PORT' => '1025'
    'MH_SMTP_BIND_ADDR' => '127.0.0.1:1025'
    'DDEV_PRIMARY_URL_WITHOUT_PORT' => 'https://derschmuckmacher-v3.ddev.site'
    'CRAFT_DB_PORT' => '3306'
    'SSH_AUTH_SOCK' => '/home/.ssh-agent/socket'
    'DDEV_GID' => '20'
    'NODE_EXTRA_CA_CERTS' => '/mnt/ddev-global-cache/mkcert/rootCA.pem'
    'DOCKER_IP' => '127.0.0.1'
    'PGPASSWORD' => 'db'
    'CRAFT_WEB_ROOT' => '/var/www/html/web'
    'DDEV_DOCROOT' => 'web'
    'PWD' => '/var/www/html'
    'PLATFORMSH_CLI_UPDATES_CHECK' => '0'
    'DDEV_APPROOT' => '/var/www/html'
    'DDEV_FILES_DIR' => ''
    'START_SCRIPT_TIMEOUT' => '57'
    'APACHE_SITE_TEMPLATE' => '/etc/apache2/apache-site.conf'
    'PHP_INI' => '/etc/php/8.2/fpm/php.ini'
    'DDEV_VERSION' => 'v1.24.10'
    'PRIMARY_SITE_URL' => 'https://derschmuckmacher-v3.ddev.site'
    'TZ' => 'Europe/Zurich'
    'DDEV_XHPROF_MODE' => 'prepend'
    'HTTPS_EXPOSE' => '443:80,8026:8025'
    'COREPACK_HOME' => '/mnt/ddev-global-cache/corepack'
    'CRAFT_DB_DATABASE' => 'db'
    'DDEV_PRIMARY_URL' => 'https://derschmuckmacher-v3.ddev.site'
    'LINES' => '17'
    'DDEV_SITENAME' => 'derschmuckmacher-v3'
    'HOME' => '/home/omar'
    'DRUSH_OPTIONS_URI' => 'https://derschmuckmacher-v3.ddev.site'
    'LANG' => 'C.UTF-8'
    'COLUMNS' => '371'
    'DDEV_MUTAGEN_ENABLED' => 'true'
    'DDEV_USER' => 'omar'
    'PGUSER' => 'db'
    'TERMINUS_CACHE_DIR' => '/mnt/ddev-global-cache/terminus/cache'
    'DDEV_PRIMARY_URL_PORT' => '443'
    'DDEV_ROUTER_HTTP_PORT' => '80'
    'MAILPIT_SMTP_HOSTNAME' => '127.0.0.1'
    'CRAFT_DB_DRIVER' => 'mysql'
    'COMPOSER_PROCESS_TIMEOUT' => '2000'
    'NGINX_SITE_TEMPLATE' => '/etc/nginx/nginx-site.conf'
    'DDEV_FILES_DIRS' => ''
    'CRAFT_DB_SERVER' => 'db'
    'HTTP_EXPOSE' => '80:80,8025:8025'
    'NVM_DIR' => '/home/omar/.nvm'
    'DDEV_PHP_VERSION' => '8.2'
    'DDEV_TLD' => 'ddev.site'
    'DDEV_HOSTNAME' => 'derschmuckmacher-v3.ddev.site'
    'DDEV_PROJECT' => 'derschmuckmacher-v3'
    'DDEV_GOARCH' => 'arm64'
    'VIRTUAL_HOST' => 'derschmuckmacher-v3.ddev.site'
    'TERM' => 'xterm'
    'USER' => 'omar'
    'MYSQL_HISTFILE' => '/mnt/ddev-global-cache/mysqlhistory/derschmuckmacher-v3-web/mysql_history'
    'DDEV_WEB_ENTRYPOINT' => '/mnt/ddev_config/web-entrypoint.d'
    'DDEV_UID' => '501'
    'CAROOT' => '/mnt/ddev-global-cache/mkcert'
    'SHLVL' => '1'
    'COMPOSER_ALLOW_SUPERUSER' => '1'
    'BASH_ENV' => '/etc/bash.nointeractive.bashrc'
    'DDEV_DATABASE' => 'mysql:8.0'
    'PGDATABASE' => 'db'
    'CRAFT_DB_USER' => 'db'
    'DDEV_SCHEME' => 'https'
    'XHPROF_OUTPUT_DIR' => '/tmp/xhprof'
    'COMPOSER_CACHE_DIR' => '/mnt/ddev-global-cache/composer'
    'DDEV_XDEBUG_ENABLED' => 'false'
    'DDEV_DATABASE_FAMILY' => 'mysql'
    'PGHOST' => 'db'
    'DDEV_COMPOSER_ROOT' => '/var/www/html'
    'CRAFT_DB_PASSWORD' => '••'
    'DOCROOT' => 'web'
    'TERMINUS_HIDE_UPDATE_MESSAGE' => '1'
    'PATH' => '/home/omar/bin:/var/www/html/vendor/bin:/usr/local/sbin:/usr/local/bin:/usr/sbin:/usr/bin:/sbin:/bin:/var/www/html/bin:/mnt/ddev-global-cache/global-commands/web'
    'HOST_DOCKER_INTERNAL_IP' => ''
    'DDEV_PROJECT_TYPE' => 'craftcms'
    'DEBIAN_FRONTEND' => 'noninteractive'
    'DDEV_ROUTER_HTTPS_PORT' => '443'
    'EXECIGNORE' => '/var/www/html/vendor/bin/composer'
    'SUPERVISOR_ENABLED' => '1'
    'SUPERVISOR_SERVER_URL' => 'unix:///var/run/supervisor.sock'
    'SUPERVISOR_PROCESS_NAME' => 'php-fpm'
    'SUPERVISOR_GROUP_NAME' => 'php-fpm'
    'HTTP_X_REQUESTED_WITH' => 'XMLHttpRequest'
    'HTTP_X_REGISTERED_JS_FILES' => ''
    'HTTP_X_REGISTERED_ASSET_BUNDLES' => '22e517a2,aee7f8dc,26c46c25,e505ffd6,6b4d7555,bb2f10a0,e5e48399,815d39ea,fc0bc163,1ccab40d,1e21896b,54698ee0,b842675b,1c3c9add,4b1fd285,d8d08e47,8f00ce04,8768f48b,cf3018d6,ec6d0256'
    'HTTP_X_REAL_IP' => '172.18.0.1'
    'HTTP_X_FORWARDED_SERVER' => '21f32d6785eb'
    'HTTP_X_FORWARDED_PROTO' => 'https'
    'HTTP_X_FORWARDED_PORT' => '443'
    'HTTP_X_FORWARDED_HOST' => 'derschmuckmacher-v3.ddev.site'
    'HTTP_X_FORWARDED_FOR' => '172.18.0.1'
    'HTTP_X_CSRF_TOKEN' => '••••••••••••••••••••••••••••••••••••••••••••••••••••••••••••••••••••••••••••••••••••••••••••••••••••••••••••••••••••••••••••••••••••••••••••••••••••••••••••••••••••••••••••••••••••••••••••••••••••••••••••••••••••••••••••••••••••••••••••••••••••••••••••••••••••••••••••••••••••••••••••••••••••••••••••••••••••••••••••••••••••••••••••••••••••••••••••••••••••••••••••••••••••••••••••••••••••••••'
    'HTTP_TE' => 'trailers'
    'HTTP_SEC_GPC' => '1'
    'HTTP_SEC_FETCH_SITE' => 'same-origin'
    'HTTP_SEC_FETCH_MODE' => 'cors'
    'HTTP_SEC_FETCH_DEST' => 'empty'
    'HTTP_REFERER' => 'https://derschmuckmacher-v3.ddev.site/dW2axQ3b/content/entries/singles?source=singles'
    'HTTP_ORIGIN' => 'https://derschmuckmacher-v3.ddev.site'
    'HTTP_COOKIE' => 'a8b7b1ec9ffb8baf2c6eaa253fe57112_username=26b9ec8568da68d3882e55afaa5d203483c6c5810ee05b5a55c8a0eb10cab93ea%3A2%3A%7Bi%3A0%3Bs%3A41%3A%22a8b7b1ec9ffb8baf2c6eaa253fe57112_username%22%3Bi%3A1%3Bs%3A8%3A%22odegiuli%22%3B%7D; CraftSessionId=d53e866d26bce875fb2884facc2d107e; CRAFT_CSRF_TOKEN=8a7d40a44925cffa5c6231ed712693479ccbd90a53c648b39aebabcbcfb32970a%3A2%3A%7Bi%3A0%3Bs%3A16%3A%22CRAFT_CSRF_TOKEN%22%3Bi%3A1%3Bs%3A147%3A%229VVivECA_J8xrEtMk6R8TWeXsv9sDEqSlX1ewKI4%7Ccf1973dd801adeb03ddc8c2365188f3412c2b61f83f5364963d159f3811886a99VVivECA_J8xrEtMk6R8TWeXsv9sDEqSlX1ewKI4%7C1%22%3B%7D; Craft-3626ffc1-d0a3-42e3-98aa-37e8aa759561_sidebar=expanded; cookieconsent_status=dismiss; Craft-3626ffc1-d0a3-42e3-98aa-37e8aa759561_sidebar-details=expanded; a8b7b1ec9ffb8baf2c6eaa253fe57112_identity=2ee63bec9c78b16cb52b6ff97233f3a03b82e66bcf4a25898f3cfa5b2b22da6ba%3A2%3A%7Bi%3A0%3Bs%3A41%3A%22a8b7b1ec9ffb8baf2c6eaa253fe57112_identity%22%3Bi%3A1%3Bs%3A159%3A%22%5B1%2C%22%5B%5C%22UrkbfhKiWjsY6RR3o2amMzH-bkXUYIGVFHW7CYAg9yt8FSPdbek0OuFnfjLETt7WF4FXkiJnsNQ1BXFFSpUfyKRsTAOTm2zEZRkh%5C%22%2Cnull%2C%5C%220ef01a0bceeac5b1d0a2b6557bd3d7b1%5C%22%5D%22%2C3600%5D%22%3B%7D'
    'HTTP_ACCEPT_LANGUAGE' => 'de,en-US;q=0.9,en;q=0.8'
    'HTTP_ACCEPT_ENCODING' => 'gzip, deflate, br, zstd'
    'HTTP_ACCEPT' => 'application/json, text/plain, */*'
    'HTTP_CONTENT_LENGTH' => '0'
    'HTTP_USER_AGENT' => 'Mozilla/5.0 (Macintosh; Intel Mac OS X 10.15; rv:150.0) Gecko/20100101 Firefox/150.0'
    'HTTP_HOST' => 'derschmuckmacher-v3.ddev.site'
    'HTTPS' => 'on'
    'REDIRECT_STATUS' => '200'
    'SERVER_NAME' => 'derschmuckmacher-v3.ddev.site'
    'SERVER_PORT' => '80'
    'SERVER_ADDR' => '172.18.0.3'
    'REMOTE_PORT' => '48504'
    'REMOTE_ADDR' => '172.18.0.5'
    'SERVER_SOFTWARE' => 'nginx/1.28.0'
    'GATEWAY_INTERFACE' => 'CGI/1.1'
    'REQUEST_SCHEME' => 'http'
    'SERVER_PROTOCOL' => 'HTTP/1.1'
    'DOCUMENT_ROOT' => '/var/www/html/web'
    'DOCUMENT_URI' => '/index.php'
    'REQUEST_URI' => '/index.php?p=dW2axQ3b%2Factions%2Fqueue%2Frun&v=1777539869000'
    'CONTENT_LENGTH' => '0'
    'CONTENT_TYPE' => ''
    'REQUEST_METHOD' => 'POST'
    'QUERY_STRING' => 'p=dW2axQ3b%2Factions%2Fqueue%2Frun&v=1777539869000'
    'SCRIPT_NAME' => '/index.php'
    'SCRIPT_FILENAME' => '/var/www/html/web/index.php'
    'FCGI_ROLE' => 'RESPONDER'
    'PHP_SELF' => '/index.php'
    'REQUEST_TIME_FLOAT' => 1777539869.003
    'REQUEST_TIME' => 1777539869
    'CRAFT_APP_ID' => 'CraftCMS--3933bc78-29f5-4b79-bcc5-c31faf0fcd20'
    'CRAFT_ENVIRONMENT' => 'dev'
    'ENVIRONMENT' => 'dev'
    'CRAFT_SECURITY_KEY' => '••••••••••••••••••••••••••••••••'
    'CP_TRIGGER' => 'dW2axQ3b'
    'CRAFT_DB_SCHEMA' => 'public'
    'CRAFT_DB_TABLE_PREFIX' => ''
    'DEV_MODE' => 'true'
    'ALLOW_ADMIN_CHANGES' => 'true'
    'DISALLOW_ROBOTS' => 'true'
    'TIMEZONE' => 'Europe/Zurich'
    'CAPTCHA_SITE_KEY' => '••••••••••••••••••••••••••••••••••••••••'
    'CAPTCHA_SECRET_KEY' => '••••••••••••••••••••••••••••••••••••••••'
    'WEB_URL' => 'https://derschmuckmacher-v3.ddev.site'
    'WEB_ROOT' => '/var/www/html/web'
    'ASSETS_BASE_URL' => 'https://derschmuckmacher-v3.ddev.site/public'
    'ASSETS_BASE_PATH' => '/var/www/html/web/public'
    'SCHMUCK_BASE_URL' => 'https://derschmuckmacher-v3.ddev.site/public/uploads/schmuck'
    'SCHMUCK_BASE_PATH' => '/var/www/html/web/public/uploads/schmuck'
    'BILDER_BASE_URL' => 'https://derschmuckmacher-v3.ddev.site/public/uploads/bilder'
    'BILDER_BASE_PATH' => '/var/www/html/web/public/uploads/bilder'
] {"environment":"dev","userId":1} 
