2026-05-27 16:06:55 [queue.INFO] [yii\db\Connection::open] Opening DB connection: mysql:host=db;dbname=db;port=3306 {"memory":1101296} 
2026-05-27 16:06:55 [queue.INFO] [yii\web\Session::open] Session started {"memory":1523872} 
2026-05-27 16:06:55 [queue.INFO] [nystudio107\codeeditor\CodeEditor::bootstrap] CodeEditor module bootstrapped {"memory":1548208} 
2026-05-27 16:06:55 [queue.INFO] [adigital\cookieconsentbanner\CookieConsentBanner::init] Cookie Consent Banner plugin loaded {"memory":1765808} 
2026-05-27 16:06:55 [queue.INFO] [miranj\obfuscator\Obfuscator::init] Obfuscator plugin loaded {"memory":2727640} 
2026-05-27 16:06:55 [queue.INFO] [yii\db\Connection::open] Opening DB connection: mysql:host=db;dbname=db;port=3306 {"memory":2996656} 
2026-05-27 16:06:55 [queue.INFO] [craft\queue\QueueLogBehavior::beforeExec]  [40812] Freeform: Purging Old Notification Logs (attempt: 1, pid: 1736) - Started {"memory":3054912} 
2026-05-27 16:06:55 [queue.INFO] [craft\queue\QueueLogBehavior::afterExec]  [40812] Freeform: Purging Old Notification Logs (attempt: 1, pid: 1736) - Done (time: 0.002s) {"memory":3073424} 
2026-05-27 16:06:55 [queue.INFO] [craft\queue\QueueLogBehavior::beforeExec]  [40813] Freeform: Unfertige Dateien löschen (attempt: 1, pid: 1736) - Started {"memory":3245696} 
2026-05-27 16:06:55 [queue.INFO] [craft\queue\QueueLogBehavior::afterExec]  [40813] Freeform: Unfertige Dateien löschen (attempt: 1, pid: 1736) - Done (time: 0.001s) {"memory":3249768} 
2026-05-27 16:06:55 [queue.INFO] [application] Request context:
$_GET = [
    'p' => 'dW2axQ3b/actions/queue/run'
    'v' => '1779890815718'
]

$_POST = []

$_FILES = []

$_COOKIE = [
    'a8b7b1ec9ffb8baf2c6eaa253fe57112_username' => '26b9ec8568da68d3882e55afaa5d203483c6c5810ee05b5a55c8a0eb10cab93ea:2:{i:0;s:41:\"a8b7b1ec9ffb8baf2c6eaa253fe57112_username\";i:1;s:8:\"odegiuli\";}'
    'CraftSessionId' => 'biudticgnvahpvc8nukk8ac1vc'
    'CRAFT_CSRF_TOKEN' => '••••••••••••••••••••••••••••••••••••••••••••••••••••••••••••••••••••••••••••••••••••••••••••••••••••••••••••••••••••••••••••••••••••••••••••••••••••••••••••••••••••••••••••••••••••••••••••••••••••••••••••••••••••••••••••••••••••••••••••••••••••••••••••••••••'
    'a8b7b1ec9ffb8baf2c6eaa253fe57112_identity' => 'c05e269f9a86048999710c6067062a4ab8b9b72b60032bdd4aede461abe99f6aa:2:{i:0;s:41:\"a8b7b1ec9ffb8baf2c6eaa253fe57112_identity\";i:1;s:159:\"[1,\"[\\\"y9F6YHmR9qC8Xsvv_urYFspDlXSsXsFbHDHDiokNRXLEUFEEKTo2W7iJ97zgt_AgvxoJgpgTjLnE5pS-azRIHVI1lD_VNxCU5lGK\\\",null,\\\"fd3cbf9ed3a1f5fe86c1a53cec2d55ae\\\"]\",3600]\";}'
    'Craft-3626ffc1-d0a3-42e3-98aa-37e8aa759561_sidebar' => 'expanded'
]

$_SESSION = [
    '22b6a59deafcfb2ffb13c3adf3d98a3b__flash' => []
    'a8b7b1ec9ffb8baf2c6eaa253fe57112__token' => '••••••••••••••••••••••••••••••••••••••••••••••••••••••••••••••••••••••••••••••••••••••••••••••••••••'
    'a8b7b1ec9ffb8baf2c6eaa253fe57112__id' => 1
    '__authKey' => '••••••••••••••••••••••••••••••••••••••••••••••••••••••••••••••••••••••••••••••••••••••••••••••••••••••••••••••••••••••••••••••••••••••••••••••••'
    'a8b7b1ec9ffb8baf2c6eaa253fe57112__expire' => 1779894415
    '__duration' => 3600
    '__elevated_timeout' => 1779891115
]

$_SERVER = [
    'DEPLOY_NAME' => 'local'
    'DDEV_WEBSERVER_TYPE' => 'nginx-fpm'
    'npm_config_cache' => '/mnt/ddev-global-cache/npm'
    'COREPACK_ENABLE_DOWNLOAD_PROMPT' => '0'
    'DDEV_GOOS' => 'darwin'
    'IS_DDEV_PROJECT' => 'true'
    'PHP_DEFAULT_VERSION' => '8.3'
    'HOSTNAME' => 'derschmuckmacher-v3-web'
    'MAILPIT_SMTP_PORT' => '1025'
    'MH_SMTP_BIND_ADDR' => '127.0.0.1:1025'
    'DDEV_PRIMARY_URL_WITHOUT_PORT' => 'https://derschmuckmacher-v3.ddev.site'
    'CRAFT_DB_PORT' => '3306'
    'SSH_AUTH_SOCK' => '/home/.ssh-agent/socket'
    'DDEV_GID' => '20'
    'NODE_EXTRA_CA_CERTS' => '/mnt/ddev-global-cache/mkcert/rootCA.pem'
    'DOCKER_IP' => '127.0.0.1'
    'PGPASSWORD' => 'db'
    'CRAFT_WEB_ROOT' => '/var/www/html/web'
    'DDEV_DOCROOT' => 'web'
    'PWD' => '/var/www/html'
    'PLATFORMSH_CLI_UPDATES_CHECK' => '0'
    'DDEV_APPROOT' => '/var/www/html'
    'DDEV_FILES_DIR' => ''
    'START_SCRIPT_TIMEOUT' => '57'
    'APACHE_SITE_TEMPLATE' => '/etc/apache2/apache-site.conf'
    'PHP_INI' => '/etc/php/8.3/fpm/php.ini'
    'DDEV_VERSION' => 'v1.24.10'
    'PRIMARY_SITE_URL' => 'https://derschmuckmacher-v3.ddev.site'
    'TZ' => 'Europe/Zurich'
    'DDEV_XHPROF_MODE' => 'prepend'
    'HTTPS_EXPOSE' => '443:80,8026:8025'
    'COREPACK_HOME' => '/mnt/ddev-global-cache/corepack'
    'CRAFT_DB_DATABASE' => 'db'
    'DDEV_PRIMARY_URL' => 'https://derschmuckmacher-v3.ddev.site'
    'LINES' => '6'
    'DDEV_SITENAME' => 'derschmuckmacher-v3'
    'HOME' => '/home/omar'
    'DRUSH_OPTIONS_URI' => 'https://derschmuckmacher-v3.ddev.site'
    'LANG' => 'C.UTF-8'
    'COLUMNS' => '371'
    'DDEV_MUTAGEN_ENABLED' => 'true'
    'DDEV_USER' => 'omar'
    'PGUSER' => 'db'
    'TERMINUS_CACHE_DIR' => '/mnt/ddev-global-cache/terminus/cache'
    'DDEV_PRIMARY_URL_PORT' => '443'
    'DDEV_ROUTER_HTTP_PORT' => '80'
    'MAILPIT_SMTP_HOSTNAME' => '127.0.0.1'
    'CRAFT_DB_DRIVER' => 'mysql'
    'COMPOSER_PROCESS_TIMEOUT' => '2000'
    'NGINX_SITE_TEMPLATE' => '/etc/nginx/nginx-site.conf'
    'DDEV_FILES_DIRS' => ''
    'CRAFT_DB_SERVER' => 'db'
    'HTTP_EXPOSE' => '80:80,8025:8025'
    'NVM_DIR' => '/home/omar/.nvm'
    'DDEV_PHP_VERSION' => '8.3'
    'DDEV_TLD' => 'ddev.site'
    'DDEV_HOSTNAME' => 'derschmuckmacher-v3.ddev.site'
    'DDEV_PROJECT' => 'derschmuckmacher-v3'
    'DDEV_GOARCH' => 'arm64'
    'VIRTUAL_HOST' => 'derschmuckmacher-v3.ddev.site'
    'TERM' => 'xterm'
    'USER' => 'omar'
    'MYSQL_HISTFILE' => '/mnt/ddev-global-cache/mysqlhistory/derschmuckmacher-v3-web/mysql_history'
    'DDEV_WEB_ENTRYPOINT' => '/mnt/ddev_config/web-entrypoint.d'
    'DDEV_UID' => '501'
    'CAROOT' => '/mnt/ddev-global-cache/mkcert'
    'SHLVL' => '1'
    'COMPOSER_ALLOW_SUPERUSER' => '1'
    'BASH_ENV' => '/etc/bash.nointeractive.bashrc'
    'DDEV_DATABASE' => 'mysql:8.0'
    'PGDATABASE' => 'db'
    'CRAFT_DB_USER' => 'db'
    'DDEV_SCHEME' => 'https'
    'XHPROF_OUTPUT_DIR' => '/tmp/xhprof'
    'COMPOSER_CACHE_DIR' => '/mnt/ddev-global-cache/composer'
    'DDEV_XDEBUG_ENABLED' => 'false'
    'DDEV_DATABASE_FAMILY' => 'mysql'
    'PGHOST' => 'db'
    'DDEV_COMPOSER_ROOT' => '/var/www/html'
    'CRAFT_DB_PASSWORD' => '••'
    'DOCROOT' => 'web'
    'TERMINUS_HIDE_UPDATE_MESSAGE' => '1'
    'PATH' => '/home/omar/bin:/var/www/html/vendor/bin:/usr/local/sbin:/usr/local/bin:/usr/sbin:/usr/bin:/sbin:/bin:/var/www/html/bin:/mnt/ddev-global-cache/global-commands/web'
    'HOST_DOCKER_INTERNAL_IP' => ''
    'DDEV_PROJECT_TYPE' => 'craftcms'
    'DEBIAN_FRONTEND' => 'noninteractive'
    'DDEV_ROUTER_HTTPS_PORT' => '443'
    'EXECIGNORE' => '/var/www/html/vendor/bin/composer'
    'SUPERVISOR_ENABLED' => '1'
    'SUPERVISOR_SERVER_URL' => 'unix:///var/run/supervisor.sock'
    'SUPERVISOR_PROCESS_NAME' => 'php-fpm'
    'SUPERVISOR_GROUP_NAME' => 'php-fpm'
    'HTTP_X_REQUESTED_WITH' => 'XMLHttpRequest'
    'HTTP_X_REGISTERED_JS_FILES' => ''
    'HTTP_X_REGISTERED_ASSET_BUNDLES' => 'e38a2e07,22e517a2,aee7f8dc,26c46c25,e505ffd6,6b4d7555,bb2f10a0,e5e48399,815d39ea,fc0bc163,1ccab40d,1e21896b,54698ee0,b842675b,1c3c9add,4b1fd285,d8d08e47,8f00ce04,8768f48b,cf3018d6,ec6d0256,11858fc6,8550f857,6f12186f,c7a8fe38'
    'HTTP_X_REAL_IP' => '172.18.0.1'
    'HTTP_X_FORWARDED_SERVER' => 'e6a50fd17528'
    'HTTP_X_FORWARDED_PROTO' => 'https'
    'HTTP_X_FORWARDED_PORT' => '443'
    'HTTP_X_FORWARDED_HOST' => 'derschmuckmacher-v3.ddev.site'
    'HTTP_X_FORWARDED_FOR' => '172.18.0.1'
    'HTTP_X_CSRF_TOKEN' => '••••••••••••••••••••••••••••••••••••••••••••••••••••••••••••••••••••••••••••••••••••••••••••••••••••••••••••••••••••••••••••••••••••••••••••••••••••••••••••••••••••••••••••••••••••••••••••••••••••••••••••••••••••••••••••••••••••••••••••••••••••••••••••••••••••••••••••••••••••••••••••••••••••••••••••••••••••••••••••••••••••••••••••••••••••••••••••••••••••••••••••••••••••••••••••••••••••••••'
    'HTTP_TE' => 'trailers'
    'HTTP_SEC_GPC' => '1'
    'HTTP_SEC_FETCH_SITE' => 'same-origin'
    'HTTP_SEC_FETCH_MODE' => 'cors'
    'HTTP_SEC_FETCH_DEST' => 'empty'
    'HTTP_REFERER' => 'https://derschmuckmacher-v3.ddev.site/dW2axQ3b/dashboard'
    'HTTP_ORIGIN' => 'https://derschmuckmacher-v3.ddev.site'
    'HTTP_COOKIE' => 'a8b7b1ec9ffb8baf2c6eaa253fe57112_username=26b9ec8568da68d3882e55afaa5d203483c6c5810ee05b5a55c8a0eb10cab93ea%3A2%3A%7Bi%3A0%3Bs%3A41%3A%22a8b7b1ec9ffb8baf2c6eaa253fe57112_username%22%3Bi%3A1%3Bs%3A8%3A%22odegiuli%22%3B%7D; CraftSessionId=biudticgnvahpvc8nukk8ac1vc; CRAFT_CSRF_TOKEN=f24bdf1e9b1a034ee7b31fc7240bdef700af95a681404c14421efa33013a169ca%3A2%3A%7Bi%3A0%3Bs%3A16%3A%22CRAFT_CSRF_TOKEN%22%3Bi%3A1%3Bs%3A147%3A%22o35JaTMOK5SlzzOXxon1Bn7gy1-9PEHqnAYwYjz9%7C89e454564122d06c6a70a599ac0d3b19a34e4201342f82ce4b9247f607434cc9o35JaTMOK5SlzzOXxon1Bn7gy1-9PEHqnAYwYjz9%7C1%22%3B%7D; a8b7b1ec9ffb8baf2c6eaa253fe57112_identity=c05e269f9a86048999710c6067062a4ab8b9b72b60032bdd4aede461abe99f6aa%3A2%3A%7Bi%3A0%3Bs%3A41%3A%22a8b7b1ec9ffb8baf2c6eaa253fe57112_identity%22%3Bi%3A1%3Bs%3A159%3A%22%5B1%2C%22%5B%5C%22y9F6YHmR9qC8Xsvv_urYFspDlXSsXsFbHDHDiokNRXLEUFEEKTo2W7iJ97zgt_AgvxoJgpgTjLnE5pS-azRIHVI1lD_VNxCU5lGK%5C%22%2Cnull%2C%5C%22fd3cbf9ed3a1f5fe86c1a53cec2d55ae%5C%22%5D%22%2C3600%5D%22%3B%7D; Craft-3626ffc1-d0a3-42e3-98aa-37e8aa759561_sidebar=expanded'
    'HTTP_ACCEPT_LANGUAGE' => 'de,en-US;q=0.9,en;q=0.8'
    'HTTP_ACCEPT_ENCODING' => 'gzip, deflate, br, zstd'
    'HTTP_ACCEPT' => 'application/json, text/plain, */*'
    'HTTP_CONTENT_LENGTH' => '0'
    'HTTP_USER_AGENT' => 'Mozilla/5.0 (Macintosh; Intel Mac OS X 10.15; rv:151.0) Gecko/20100101 Firefox/151.0'
    'HTTP_HOST' => 'derschmuckmacher-v3.ddev.site'
    'HTTPS' => 'on'
    'REDIRECT_STATUS' => '200'
    'SERVER_NAME' => 'derschmuckmacher-v3.ddev.site'
    'SERVER_PORT' => '80'
    'SERVER_ADDR' => '172.18.0.4'
    'REMOTE_PORT' => '36240'
    'REMOTE_ADDR' => '172.18.0.5'
    'SERVER_SOFTWARE' => 'nginx/1.28.0'
    'GATEWAY_INTERFACE' => 'CGI/1.1'
    'REQUEST_SCHEME' => 'http'
    'SERVER_PROTOCOL' => 'HTTP/1.1'
    'DOCUMENT_ROOT' => '/var/www/html/web'
    'DOCUMENT_URI' => '/index.php'
    'REQUEST_URI' => '/index.php?p=dW2axQ3b%2Factions%2Fqueue%2Frun&v=1779890815718'
    'CONTENT_LENGTH' => '0'
    'CONTENT_TYPE' => ''
    'REQUEST_METHOD' => 'POST'
    'QUERY_STRING' => 'p=dW2axQ3b%2Factions%2Fqueue%2Frun&v=1779890815718'
    'SCRIPT_NAME' => '/index.php'
    'SCRIPT_FILENAME' => '/var/www/html/web/index.php'
    'FCGI_ROLE' => 'RESPONDER'
    'PHP_SELF' => '/index.php'
    'REQUEST_TIME_FLOAT' => 1779890815.7225
    'REQUEST_TIME' => 1779890815
    'CRAFT_APP_ID' => 'CraftCMS--3933bc78-29f5-4b79-bcc5-c31faf0fcd20'
    'CRAFT_ENVIRONMENT' => 'dev'
    'ENVIRONMENT' => 'dev'
    'CRAFT_SECURITY_KEY' => '••••••••••••••••••••••••••••••••'
    'CP_TRIGGER' => 'dW2axQ3b'
    'CRAFT_DB_SCHEMA' => 'public'
    'CRAFT_DB_TABLE_PREFIX' => ''
    'CRAFT_DB_CHARSET' => 'utf8mb4'
    'CRAFT_DB_COLLATION' => 'utf8mb4_unicode_ci'
    'DEV_MODE' => 'true'
    'ALLOW_ADMIN_CHANGES' => 'true'
    'DISALLOW_ROBOTS' => 'true'
    'TIMEZONE' => 'Europe/Zurich'
    'CAPTCHA_SITE_KEY' => '••••••••••••••••••••••••••••••••••••••••'
    'CAPTCHA_SECRET_KEY' => '••••••••••••••••••••••••••••••••••••••••'
    'WEB_URL' => 'https://derschmuckmacher-v3.ddev.site'
    'WEB_ROOT' => '/var/www/html/web'
    'ASSETS_BASE_URL' => 'https://derschmuckmacher-v3.ddev.site/public'
    'ASSETS_BASE_PATH' => '/var/www/html/web/public'
    'SCHMUCK_BASE_URL' => 'https://derschmuckmacher-v3.ddev.site/public/uploads/schmuck'
    'SCHMUCK_BASE_PATH' => '/var/www/html/web/public/uploads/schmuck'
    'BILDER_BASE_URL' => 'https://derschmuckmacher-v3.ddev.site/public/uploads/bilder'
    'BILDER_BASE_PATH' => '/var/www/html/web/public/uploads/bilder'
] {"environment":"dev","userId":1} 
2026-05-27 16:13:57 [queue.INFO] [yii\db\Connection::open] Opening DB connection: mysql:host=db;dbname=db;port=3306 {"memory":1101664} 
2026-05-27 16:13:57 [queue.INFO] [yii\web\Session::open] Session started {"memory":1524968} 
2026-05-27 16:13:57 [queue.INFO] [nystudio107\codeeditor\CodeEditor::bootstrap] CodeEditor module bootstrapped {"memory":1549304} 
2026-05-27 16:13:57 [queue.INFO] [adigital\cookieconsentbanner\CookieConsentBanner::init] Cookie Consent Banner plugin loaded {"memory":1766704} 
2026-05-27 16:13:57 [queue.INFO] [miranj\obfuscator\Obfuscator::init] Obfuscator plugin loaded {"memory":2727560} 
2026-05-27 16:13:57 [queue.INFO] [yii\db\Connection::open] Opening DB connection: mysql:host=db;dbname=db;port=3306 {"memory":2996480} 
2026-05-27 16:13:57 [queue.INFO] [craft\queue\QueueLogBehavior::beforeExec]  [40814] t9n:["app","Updating search indexes"] (attempt: 1, pid: 2099) - Started {"memory":3055360} 
2026-05-27 16:13:57 [queue.INFO] [craft\queue\QueueLogBehavior::afterExec]  [40814] t9n:["app","Updating search indexes"] (attempt: 1, pid: 2099) - Done (time: 0.012s) {"memory":3719736} 
2026-05-27 16:13:57 [queue.INFO] [craft\queue\QueueLogBehavior::beforeExec]  [40815] t9n:["app","Updating search indexes"] (attempt: 1, pid: 2099) - Started {"memory":3727768} 
2026-05-27 16:13:57 [queue.INFO] [craft\queue\QueueLogBehavior::afterExec]  [40815] t9n:["app","Updating search indexes"] (attempt: 1, pid: 2099) - Done (time: 0.001s) {"memory":3830600} 
2026-05-27 16:13:57 [queue.INFO] [craft\queue\QueueLogBehavior::beforeExec]  [40816] t9n:["app","Updating search indexes"] (attempt: 1, pid: 2099) - Started {"memory":3838584} 
2026-05-27 16:13:57 [queue.INFO] [craft\queue\QueueLogBehavior::afterExec]  [40816] t9n:["app","Updating search indexes"] (attempt: 1, pid: 2099) - Done (time: 0.000s) {"memory":3840008} 
2026-05-27 16:13:57 [queue.INFO] [craft\queue\QueueLogBehavior::beforeExec]  [40817] t9n:["app","Updating search indexes"] (attempt: 1, pid: 2099) - Started {"memory":3852408} 
2026-05-27 16:13:57 [queue.INFO] [craft\queue\QueueLogBehavior::afterExec]  [40817] t9n:["app","Updating search indexes"] (attempt: 1, pid: 2099) - Done (time: 0.000s) {"memory":3853832} 
2026-05-27 16:13:57 [queue.INFO] [craft\queue\QueueLogBehavior::beforeExec]  [40818] t9n:["app","Updating search indexes"] (attempt: 1, pid: 2099) - Started {"memory":3861816} 
2026-05-27 16:13:57 [queue.INFO] [craft\queue\QueueLogBehavior::afterExec]  [40818] t9n:["app","Updating search indexes"] (attempt: 1, pid: 2099) - Done (time: 0.000s) {"memory":3863240} 
2026-05-27 16:13:57 [queue.INFO] [craft\queue\QueueLogBehavior::beforeExec]  [40819] t9n:["app","Updating search indexes"] (attempt: 1, pid: 2099) - Started {"memory":3871224} 
2026-05-27 16:13:57 [queue.INFO] [craft\queue\QueueLogBehavior::afterExec]  [40819] t9n:["app","Updating search indexes"] (attempt: 1, pid: 2099) - Done (time: 0.000s) {"memory":3872648} 
2026-05-27 16:13:57 [queue.INFO] [craft\queue\QueueLogBehavior::beforeExec]  [40820] t9n:["app","Updating search indexes"] (attempt: 1, pid: 2099) - Started {"memory":3880632} 
2026-05-27 16:13:57 [queue.INFO] [craft\queue\QueueLogBehavior::afterExec]  [40820] t9n:["app","Updating search indexes"] (attempt: 1, pid: 2099) - Done (time: 0.000s) {"memory":3882056} 
2026-05-27 16:13:57 [queue.INFO] [craft\queue\QueueLogBehavior::beforeExec]  [40821] t9n:["app","Updating search indexes"] (attempt: 1, pid: 2099) - Started {"memory":3890040} 
2026-05-27 16:13:57 [queue.INFO] [craft\queue\QueueLogBehavior::afterExec]  [40821] t9n:["app","Updating search indexes"] (attempt: 1, pid: 2099) - Done (time: 0.000s) {"memory":3891464} 
2026-05-27 16:13:57 [queue.INFO] [craft\queue\QueueLogBehavior::beforeExec]  [40822] t9n:["app","Updating search indexes"] (attempt: 1, pid: 2099) - Started {"memory":3899448} 
2026-05-27 16:13:57 [queue.INFO] [craft\queue\QueueLogBehavior::afterExec]  [40822] t9n:["app","Updating search indexes"] (attempt: 1, pid: 2099) - Done (time: 0.000s) {"memory":3900872} 
2026-05-27 16:13:57 [queue.INFO] [craft\queue\QueueLogBehavior::beforeExec]  [40823] t9n:["app","Updating search indexes"] (attempt: 1, pid: 2099) - Started {"memory":3908856} 
2026-05-27 16:13:57 [queue.INFO] [craft\queue\QueueLogBehavior::afterExec]  [40823] t9n:["app","Updating search indexes"] (attempt: 1, pid: 2099) - Done (time: 0.000s) {"memory":3910280} 
2026-05-27 16:13:57 [queue.INFO] [craft\queue\QueueLogBehavior::beforeExec]  [40824] t9n:["app","Updating search indexes"] (attempt: 1, pid: 2099) - Started {"memory":3918264} 
2026-05-27 16:13:57 [queue.INFO] [craft\queue\QueueLogBehavior::afterExec]  [40824] t9n:["app","Updating search indexes"] (attempt: 1, pid: 2099) - Done (time: 0.000s) {"memory":3919688} 
2026-05-27 16:13:57 [queue.INFO] [craft\queue\QueueLogBehavior::beforeExec]  [40825] t9n:["app","Updating search indexes"] (attempt: 1, pid: 2099) - Started {"memory":3927672} 
2026-05-27 16:13:57 [queue.INFO] [craft\queue\QueueLogBehavior::afterExec]  [40825] t9n:["app","Updating search indexes"] (attempt: 1, pid: 2099) - Done (time: 0.000s) {"memory":3929096} 
2026-05-27 16:13:57 [queue.INFO] [craft\queue\QueueLogBehavior::beforeExec]  [40826] t9n:["app","Updating search indexes"] (attempt: 1, pid: 2099) - Started {"memory":3937080} 
2026-05-27 16:13:57 [queue.INFO] [craft\queue\QueueLogBehavior::afterExec]  [40826] t9n:["app","Updating search indexes"] (attempt: 1, pid: 2099) - Done (time: 0.000s) {"memory":3938504} 
2026-05-27 16:13:57 [queue.INFO] [craft\queue\QueueLogBehavior::beforeExec]  [40827] t9n:["app","Updating search indexes"] (attempt: 1, pid: 2099) - Started {"memory":3954680} 
2026-05-27 16:13:57 [queue.INFO] [craft\queue\QueueLogBehavior::afterExec]  [40827] t9n:["app","Updating search indexes"] (attempt: 1, pid: 2099) - Done (time: 0.032s) {"memory":4388816} 
2026-05-27 16:13:57 [queue.INFO] [craft\queue\QueueLogBehavior::beforeExec]  [40828] t9n:["app","Updating search indexes"] (attempt: 1, pid: 2099) - Started {"memory":4396800} 
2026-05-27 16:13:57 [queue.INFO] [craft\queue\QueueLogBehavior::afterExec]  [40828] t9n:["app","Updating search indexes"] (attempt: 1, pid: 2099) - Done (time: 0.004s) {"memory":4659752} 
2026-05-27 16:13:57 [queue.INFO] [craft\queue\QueueLogBehavior::beforeExec]  [40829] t9n:["app","Pruning extra revisions"] (attempt: 1, pid: 2099) - Started {"memory":4667736} 
2026-05-27 16:13:57 [queue.INFO] [craft\queue\QueueLogBehavior::afterExec]  [40829] t9n:["app","Pruning extra revisions"] (attempt: 1, pid: 2099) - Done (time: 0.001s) {"memory":4760384} 
2026-05-27 16:13:57 [queue.INFO] [craft\queue\QueueLogBehavior::beforeExec]  [40830] t9n:["app","Pruning extra revisions"] (attempt: 1, pid: 2099) - Started {"memory":4768368} 
2026-05-27 16:13:57 [queue.INFO] [craft\queue\QueueLogBehavior::afterExec]  [40830] t9n:["app","Pruning extra revisions"] (attempt: 1, pid: 2099) - Done (time: 0.001s) {"memory":4860984} 
2026-05-27 16:13:57 [queue.INFO] [application] Request context:
$_GET = [
    'p' => 'dW2axQ3b/actions/queue/run'
    'v' => '1779891237010'
]

$_POST = []

$_FILES = []

$_COOKIE = [
    'a8b7b1ec9ffb8baf2c6eaa253fe57112_username' => '26b9ec8568da68d3882e55afaa5d203483c6c5810ee05b5a55c8a0eb10cab93ea:2:{i:0;s:41:\"a8b7b1ec9ffb8baf2c6eaa253fe57112_username\";i:1;s:8:\"odegiuli\";}'
    'CraftSessionId' => 'biudticgnvahpvc8nukk8ac1vc'
    'CRAFT_CSRF_TOKEN' => '••••••••••••••••••••••••••••••••••••••••••••••••••••••••••••••••••••••••••••••••••••••••••••••••••••••••••••••••••••••••••••••••••••••••••••••••••••••••••••••••••••••••••••••••••••••••••••••••••••••••••••••••••••••••••••••••••••••••••••••••••••••••••••••••••'
    'a8b7b1ec9ffb8baf2c6eaa253fe57112_identity' => 'c05e269f9a86048999710c6067062a4ab8b9b72b60032bdd4aede461abe99f6aa:2:{i:0;s:41:\"a8b7b1ec9ffb8baf2c6eaa253fe57112_identity\";i:1;s:159:\"[1,\"[\\\"y9F6YHmR9qC8Xsvv_urYFspDlXSsXsFbHDHDiokNRXLEUFEEKTo2W7iJ97zgt_AgvxoJgpgTjLnE5pS-azRIHVI1lD_VNxCU5lGK\\\",null,\\\"fd3cbf9ed3a1f5fe86c1a53cec2d55ae\\\"]\",3600]\";}'
    'Craft-3626ffc1-d0a3-42e3-98aa-37e8aa759561_sidebar' => 'expanded'
    'Craft-3626ffc1-d0a3-42e3-98aa-37e8aa759561_sidebar-details' => 'expanded'
]

$_SESSION = [
    '22b6a59deafcfb2ffb13c3adf3d98a3b__flash' => []
    'a8b7b1ec9ffb8baf2c6eaa253fe57112__token' => '••••••••••••••••••••••••••••••••••••••••••••••••••••••••••••••••••••••••••••••••••••••••••••••••••••'
    'a8b7b1ec9ffb8baf2c6eaa253fe57112__id' => 1
    '__authKey' => '••••••••••••••••••••••••••••••••••••••••••••••••••••••••••••••••••••••••••••••••••••••••••••••••••••••••••••••••••••••••••••••••••••••••••••••••'
    'a8b7b1ec9ffb8baf2c6eaa253fe57112__expire' => 1779894837
    '__duration' => 3600
    '__elevated_timeout' => 1779891115
    '22b6a59deafcfb2ffb13c3adf3d98a3b__auth_access' => [
        0 => 'previewElement:7186'
        1 => 'saveAssets:856a3aeb-b21b-4d41-af3f-0a23db430323'
        2 => 'previewDraft:1050'
    ]
]

$_SERVER = [
    'DEPLOY_NAME' => 'local'
    'DDEV_WEBSERVER_TYPE' => 'nginx-fpm'
    'npm_config_cache' => '/mnt/ddev-global-cache/npm'
    'COREPACK_ENABLE_DOWNLOAD_PROMPT' => '0'
    'DDEV_GOOS' => 'darwin'
    'IS_DDEV_PROJECT' => 'true'
    'PHP_DEFAULT_VERSION' => '8.3'
    'HOSTNAME' => 'derschmuckmacher-v3-web'
    'MAILPIT_SMTP_PORT' => '1025'
    'MH_SMTP_BIND_ADDR' => '127.0.0.1:1025'
    'DDEV_PRIMARY_URL_WITHOUT_PORT' => 'https://derschmuckmacher-v3.ddev.site'
    'CRAFT_DB_PORT' => '3306'
    'SSH_AUTH_SOCK' => '/home/.ssh-agent/socket'
    'DDEV_GID' => '20'
    'NODE_EXTRA_CA_CERTS' => '/mnt/ddev-global-cache/mkcert/rootCA.pem'
    'DOCKER_IP' => '127.0.0.1'
    'PGPASSWORD' => 'db'
    'CRAFT_WEB_ROOT' => '/var/www/html/web'
    'DDEV_DOCROOT' => 'web'
    'PWD' => '/var/www/html'
    'PLATFORMSH_CLI_UPDATES_CHECK' => '0'
    'DDEV_APPROOT' => '/var/www/html'
    'DDEV_FILES_DIR' => ''
    'START_SCRIPT_TIMEOUT' => '57'
    'APACHE_SITE_TEMPLATE' => '/etc/apache2/apache-site.conf'
    'PHP_INI' => '/etc/php/8.3/fpm/php.ini'
    'DDEV_VERSION' => 'v1.24.10'
    'PRIMARY_SITE_URL' => 'https://derschmuckmacher-v3.ddev.site'
    'TZ' => 'Europe/Zurich'
    'DDEV_XHPROF_MODE' => 'prepend'
    'HTTPS_EXPOSE' => '443:80,8026:8025'
    'COREPACK_HOME' => '/mnt/ddev-global-cache/corepack'
    'CRAFT_DB_DATABASE' => 'db'
    'DDEV_PRIMARY_URL' => 'https://derschmuckmacher-v3.ddev.site'
    'LINES' => '6'
    'DDEV_SITENAME' => 'derschmuckmacher-v3'
    'HOME' => '/home/omar'
    'DRUSH_OPTIONS_URI' => 'https://derschmuckmacher-v3.ddev.site'
    'LANG' => 'C.UTF-8'
    'COLUMNS' => '371'
    'DDEV_MUTAGEN_ENABLED' => 'true'
    'DDEV_USER' => 'omar'
    'PGUSER' => 'db'
    'TERMINUS_CACHE_DIR' => '/mnt/ddev-global-cache/terminus/cache'
    'DDEV_PRIMARY_URL_PORT' => '443'
    'DDEV_ROUTER_HTTP_PORT' => '80'
    'MAILPIT_SMTP_HOSTNAME' => '127.0.0.1'
    'CRAFT_DB_DRIVER' => 'mysql'
    'COMPOSER_PROCESS_TIMEOUT' => '2000'
    'NGINX_SITE_TEMPLATE' => '/etc/nginx/nginx-site.conf'
    'DDEV_FILES_DIRS' => ''
    'CRAFT_DB_SERVER' => 'db'
    'HTTP_EXPOSE' => '80:80,8025:8025'
    'NVM_DIR' => '/home/omar/.nvm'
    'DDEV_PHP_VERSION' => '8.3'
    'DDEV_TLD' => 'ddev.site'
    'DDEV_HOSTNAME' => 'derschmuckmacher-v3.ddev.site'
    'DDEV_PROJECT' => 'derschmuckmacher-v3'
    'DDEV_GOARCH' => 'arm64'
    'VIRTUAL_HOST' => 'derschmuckmacher-v3.ddev.site'
    'TERM' => 'xterm'
    'USER' => 'omar'
    'MYSQL_HISTFILE' => '/mnt/ddev-global-cache/mysqlhistory/derschmuckmacher-v3-web/mysql_history'
    'DDEV_WEB_ENTRYPOINT' => '/mnt/ddev_config/web-entrypoint.d'
    'DDEV_UID' => '501'
    'CAROOT' => '/mnt/ddev-global-cache/mkcert'
    'SHLVL' => '1'
    'COMPOSER_ALLOW_SUPERUSER' => '1'
    'BASH_ENV' => '/etc/bash.nointeractive.bashrc'
    'DDEV_DATABASE' => 'mysql:8.0'
    'PGDATABASE' => 'db'
    'CRAFT_DB_USER' => 'db'
    'DDEV_SCHEME' => 'https'
    'XHPROF_OUTPUT_DIR' => '/tmp/xhprof'
    'COMPOSER_CACHE_DIR' => '/mnt/ddev-global-cache/composer'
    'DDEV_XDEBUG_ENABLED' => 'false'
    'DDEV_DATABASE_FAMILY' => 'mysql'
    'PGHOST' => 'db'
    'DDEV_COMPOSER_ROOT' => '/var/www/html'
    'CRAFT_DB_PASSWORD' => '••'
    'DOCROOT' => 'web'
    'TERMINUS_HIDE_UPDATE_MESSAGE' => '1'
    'PATH' => '/home/omar/bin:/var/www/html/vendor/bin:/usr/local/sbin:/usr/local/bin:/usr/sbin:/usr/bin:/sbin:/bin:/var/www/html/bin:/mnt/ddev-global-cache/global-commands/web'
    'HOST_DOCKER_INTERNAL_IP' => ''
    'DDEV_PROJECT_TYPE' => 'craftcms'
    'DEBIAN_FRONTEND' => 'noninteractive'
    'DDEV_ROUTER_HTTPS_PORT' => '443'
    'EXECIGNORE' => '/var/www/html/vendor/bin/composer'
    'SUPERVISOR_ENABLED' => '1'
    'SUPERVISOR_SERVER_URL' => 'unix:///var/run/supervisor.sock'
    'SUPERVISOR_PROCESS_NAME' => 'php-fpm'
    'SUPERVISOR_GROUP_NAME' => 'php-fpm'
    'HTTP_X_REQUESTED_WITH' => 'XMLHttpRequest'
    'HTTP_X_REGISTERED_JS_FILES' => ''
    'HTTP_X_REGISTERED_ASSET_BUNDLES' => '22e517a2,aee7f8dc,26c46c25,e505ffd6,6b4d7555,bb2f10a0,e5e48399,815d39ea,fc0bc163,1ccab40d,1e21896b,54698ee0,b842675b,1c3c9add,4b1fd285,d8d08e47,8f00ce04,8768f48b,cf3018d6,ec6d0256'
    'HTTP_X_REAL_IP' => '172.18.0.1'
    'HTTP_X_FORWARDED_SERVER' => 'e6a50fd17528'
    'HTTP_X_FORWARDED_PROTO' => 'https'
    'HTTP_X_FORWARDED_PORT' => '443'
    'HTTP_X_FORWARDED_HOST' => 'derschmuckmacher-v3.ddev.site'
    'HTTP_X_FORWARDED_FOR' => '172.18.0.1'
    'HTTP_X_CSRF_TOKEN' => '••••••••••••••••••••••••••••••••••••••••••••••••••••••••••••••••••••••••••••••••••••••••••••••••••••••••••••••••••••••••••••••••••••••••••••••••••••••••••••••••••••••••••••••••••••••••••••••••••••••••••••••••••••••••••••••••••••••••••••••••••••••••••••••••••••••••••••••••••••••••••••••••••••••••••••••••••••••••••••••••••••••••••••••••••••••••••••••••••••••••••••••••••••••••••••••••••••••••'
    'HTTP_TE' => 'trailers'
    'HTTP_SEC_GPC' => '1'
    'HTTP_SEC_FETCH_SITE' => 'same-origin'
    'HTTP_SEC_FETCH_MODE' => 'cors'
    'HTTP_SEC_FETCH_DEST' => 'empty'
    'HTTP_REFERER' => 'https://derschmuckmacher-v3.ddev.site/dW2axQ3b/content/entries/singles?source=singles'
    'HTTP_ORIGIN' => 'https://derschmuckmacher-v3.ddev.site'
    'HTTP_COOKIE' => 'a8b7b1ec9ffb8baf2c6eaa253fe57112_username=26b9ec8568da68d3882e55afaa5d203483c6c5810ee05b5a55c8a0eb10cab93ea%3A2%3A%7Bi%3A0%3Bs%3A41%3A%22a8b7b1ec9ffb8baf2c6eaa253fe57112_username%22%3Bi%3A1%3Bs%3A8%3A%22odegiuli%22%3B%7D; CraftSessionId=biudticgnvahpvc8nukk8ac1vc; CRAFT_CSRF_TOKEN=f24bdf1e9b1a034ee7b31fc7240bdef700af95a681404c14421efa33013a169ca%3A2%3A%7Bi%3A0%3Bs%3A16%3A%22CRAFT_CSRF_TOKEN%22%3Bi%3A1%3Bs%3A147%3A%22o35JaTMOK5SlzzOXxon1Bn7gy1-9PEHqnAYwYjz9%7C89e454564122d06c6a70a599ac0d3b19a34e4201342f82ce4b9247f607434cc9o35JaTMOK5SlzzOXxon1Bn7gy1-9PEHqnAYwYjz9%7C1%22%3B%7D; a8b7b1ec9ffb8baf2c6eaa253fe57112_identity=c05e269f9a86048999710c6067062a4ab8b9b72b60032bdd4aede461abe99f6aa%3A2%3A%7Bi%3A0%3Bs%3A41%3A%22a8b7b1ec9ffb8baf2c6eaa253fe57112_identity%22%3Bi%3A1%3Bs%3A159%3A%22%5B1%2C%22%5B%5C%22y9F6YHmR9qC8Xsvv_urYFspDlXSsXsFbHDHDiokNRXLEUFEEKTo2W7iJ97zgt_AgvxoJgpgTjLnE5pS-azRIHVI1lD_VNxCU5lGK%5C%22%2Cnull%2C%5C%22fd3cbf9ed3a1f5fe86c1a53cec2d55ae%5C%22%5D%22%2C3600%5D%22%3B%7D; Craft-3626ffc1-d0a3-42e3-98aa-37e8aa759561_sidebar=expanded; Craft-3626ffc1-d0a3-42e3-98aa-37e8aa759561_sidebar-details=expanded'
    'HTTP_ACCEPT_LANGUAGE' => 'de,en-US;q=0.9,en;q=0.8'
    'HTTP_ACCEPT_ENCODING' => 'gzip, deflate, br, zstd'
    'HTTP_ACCEPT' => 'application/json, text/plain, */*'
    'HTTP_CONTENT_LENGTH' => '0'
    'HTTP_USER_AGENT' => 'Mozilla/5.0 (Macintosh; Intel Mac OS X 10.15; rv:151.0) Gecko/20100101 Firefox/151.0'
    'HTTP_HOST' => 'derschmuckmacher-v3.ddev.site'
    'HTTPS' => 'on'
    'REDIRECT_STATUS' => '200'
    'SERVER_NAME' => 'derschmuckmacher-v3.ddev.site'
    'SERVER_PORT' => '80'
    'SERVER_ADDR' => '172.18.0.4'
    'REMOTE_PORT' => '54610'
    'REMOTE_ADDR' => '172.18.0.5'
    'SERVER_SOFTWARE' => 'nginx/1.28.0'
    'GATEWAY_INTERFACE' => 'CGI/1.1'
    'REQUEST_SCHEME' => 'http'
    'SERVER_PROTOCOL' => 'HTTP/1.1'
    'DOCUMENT_ROOT' => '/var/www/html/web'
    'DOCUMENT_URI' => '/index.php'
    'REQUEST_URI' => '/index.php?p=dW2axQ3b%2Factions%2Fqueue%2Frun&v=1779891237010'
    'CONTENT_LENGTH' => '0'
    'CONTENT_TYPE' => ''
    'REQUEST_METHOD' => 'POST'
    'QUERY_STRING' => 'p=dW2axQ3b%2Factions%2Fqueue%2Frun&v=1779891237010'
    'SCRIPT_NAME' => '/index.php'
    'SCRIPT_FILENAME' => '/var/www/html/web/index.php'
    'FCGI_ROLE' => 'RESPONDER'
    'PHP_SELF' => '/index.php'
    'REQUEST_TIME_FLOAT' => 1779891237.017
    'REQUEST_TIME' => 1779891237
    'CRAFT_APP_ID' => 'CraftCMS--3933bc78-29f5-4b79-bcc5-c31faf0fcd20'
    'CRAFT_ENVIRONMENT' => 'dev'
    'ENVIRONMENT' => 'dev'
    'CRAFT_SECURITY_KEY' => '••••••••••••••••••••••••••••••••'
    'CP_TRIGGER' => 'dW2axQ3b'
    'CRAFT_DB_SCHEMA' => 'public'
    'CRAFT_DB_TABLE_PREFIX' => ''
    'CRAFT_DB_CHARSET' => 'utf8mb4'
    'CRAFT_DB_COLLATION' => 'utf8mb4_unicode_ci'
    'DEV_MODE' => 'true'
    'ALLOW_ADMIN_CHANGES' => 'true'
    'DISALLOW_ROBOTS' => 'true'
    'TIMEZONE' => 'Europe/Zurich'
    'CAPTCHA_SITE_KEY' => '••••••••••••••••••••••••••••••••••••••••'
    'CAPTCHA_SECRET_KEY' => '••••••••••••••••••••••••••••••••••••••••'
    'WEB_URL' => 'https://derschmuckmacher-v3.ddev.site'
    'WEB_ROOT' => '/var/www/html/web'
    'ASSETS_BASE_URL' => 'https://derschmuckmacher-v3.ddev.site/public'
    'ASSETS_BASE_PATH' => '/var/www/html/web/public'
    'SCHMUCK_BASE_URL' => 'https://derschmuckmacher-v3.ddev.site/public/uploads/schmuck'
    'SCHMUCK_BASE_PATH' => '/var/www/html/web/public/uploads/schmuck'
    'BILDER_BASE_URL' => 'https://derschmuckmacher-v3.ddev.site/public/uploads/bilder'
    'BILDER_BASE_PATH' => '/var/www/html/web/public/uploads/bilder'
] {"environment":"dev","userId":1} 
2026-05-27 16:14:36 [queue.INFO] [yii\db\Connection::open] Opening DB connection: mysql:host=db;dbname=db;port=3306 {"memory":1102000} 
2026-05-27 16:14:36 [queue.INFO] [yii\web\Session::open] Session started {"memory":1525544} 
2026-05-27 16:14:36 [queue.INFO] [nystudio107\codeeditor\CodeEditor::bootstrap] CodeEditor module bootstrapped {"memory":1549880} 
2026-05-27 16:14:36 [queue.INFO] [adigital\cookieconsentbanner\CookieConsentBanner::init] Cookie Consent Banner plugin loaded {"memory":1767744} 
2026-05-27 16:14:36 [queue.INFO] [miranj\obfuscator\Obfuscator::init] Obfuscator plugin loaded {"memory":2728600} 
2026-05-27 16:14:36 [queue.INFO] [yii\db\Connection::open] Opening DB connection: mysql:host=db;dbname=db;port=3306 {"memory":2996944} 
2026-05-27 16:14:36 [queue.INFO] [craft\queue\QueueLogBehavior::beforeExec]  [40831] t9n:["app","Updating search indexes"] (attempt: 1, pid: 2099) - Started {"memory":3055728} 
2026-05-27 16:14:36 [queue.INFO] [craft\queue\QueueLogBehavior::afterExec]  [40831] t9n:["app","Updating search indexes"] (attempt: 1, pid: 2099) - Done (time: 0.011s) {"memory":3654608} 
2026-05-27 16:14:36 [queue.INFO] [craft\queue\QueueLogBehavior::beforeExec]  [40832] t9n:["app","Updating search indexes"] (attempt: 1, pid: 2099) - Started {"memory":3662640} 
2026-05-27 16:14:36 [queue.INFO] [craft\queue\QueueLogBehavior::afterExec]  [40832] t9n:["app","Updating search indexes"] (attempt: 1, pid: 2099) - Done (time: 0.001s) {"memory":3765472} 
2026-05-27 16:14:36 [queue.INFO] [craft\queue\QueueLogBehavior::beforeExec]  [40833] t9n:["app","Updating search indexes"] (attempt: 1, pid: 2099) - Started {"memory":3773456} 
2026-05-27 16:14:36 [queue.INFO] [craft\queue\QueueLogBehavior::afterExec]  [40833] t9n:["app","Updating search indexes"] (attempt: 1, pid: 2099) - Done (time: 0.006s) {"memory":4277352} 
2026-05-27 16:14:36 [queue.INFO] [craft\queue\QueueLogBehavior::beforeExec]  [40834] t9n:["app","Updating search indexes"] (attempt: 1, pid: 2099) - Started {"memory":4285336} 
2026-05-27 16:14:36 [queue.INFO] [craft\queue\QueueLogBehavior::afterExec]  [40834] t9n:["app","Updating search indexes"] (attempt: 1, pid: 2099) - Done (time: 0.003s) {"memory":4548800} 
2026-05-27 16:14:36 [queue.INFO] [craft\queue\QueueLogBehavior::beforeExec]  [40835] t9n:["app","Pruning extra revisions"] (attempt: 1, pid: 2099) - Started {"memory":4556784} 
2026-05-27 16:14:36 [queue.INFO] [craft\queue\QueueLogBehavior::afterExec]  [40835] t9n:["app","Pruning extra revisions"] (attempt: 1, pid: 2099) - Done (time: 0.001s) {"memory":4649432} 
2026-05-27 16:14:36 [queue.INFO] [craft\queue\QueueLogBehavior::beforeExec]  [40836] t9n:["app","Pruning extra revisions"] (attempt: 1, pid: 2099) - Started {"memory":4657416} 
2026-05-27 16:14:36 [queue.INFO] [craft\queue\QueueLogBehavior::afterExec]  [40836] t9n:["app","Pruning extra revisions"] (attempt: 1, pid: 2099) - Done (time: 0.001s) {"memory":4750032} 
2026-05-27 16:14:36 [queue.INFO] [application] Request context:
$_GET = [
    'p' => 'dW2axQ3b/actions/queue/run'
    'v' => '1779891276752'
]

$_POST = []

$_FILES = []

$_COOKIE = [
    'a8b7b1ec9ffb8baf2c6eaa253fe57112_username' => '26b9ec8568da68d3882e55afaa5d203483c6c5810ee05b5a55c8a0eb10cab93ea:2:{i:0;s:41:\"a8b7b1ec9ffb8baf2c6eaa253fe57112_username\";i:1;s:8:\"odegiuli\";}'
    'CraftSessionId' => 'biudticgnvahpvc8nukk8ac1vc'
    'CRAFT_CSRF_TOKEN' => '••••••••••••••••••••••••••••••••••••••••••••••••••••••••••••••••••••••••••••••••••••••••••••••••••••••••••••••••••••••••••••••••••••••••••••••••••••••••••••••••••••••••••••••••••••••••••••••••••••••••••••••••••••••••••••••••••••••••••••••••••••••••••••••••••'
    'a8b7b1ec9ffb8baf2c6eaa253fe57112_identity' => 'c05e269f9a86048999710c6067062a4ab8b9b72b60032bdd4aede461abe99f6aa:2:{i:0;s:41:\"a8b7b1ec9ffb8baf2c6eaa253fe57112_identity\";i:1;s:159:\"[1,\"[\\\"y9F6YHmR9qC8Xsvv_urYFspDlXSsXsFbHDHDiokNRXLEUFEEKTo2W7iJ97zgt_AgvxoJgpgTjLnE5pS-azRIHVI1lD_VNxCU5lGK\\\",null,\\\"fd3cbf9ed3a1f5fe86c1a53cec2d55ae\\\"]\",3600]\";}'
    'Craft-3626ffc1-d0a3-42e3-98aa-37e8aa759561_sidebar' => 'expanded'
    'Craft-3626ffc1-d0a3-42e3-98aa-37e8aa759561_sidebar-details' => 'expanded'
]

$_SESSION = [
    '22b6a59deafcfb2ffb13c3adf3d98a3b__flash' => []
    'a8b7b1ec9ffb8baf2c6eaa253fe57112__token' => '••••••••••••••••••••••••••••••••••••••••••••••••••••••••••••••••••••••••••••••••••••••••••••••••••••'
    'a8b7b1ec9ffb8baf2c6eaa253fe57112__id' => 1
    '__authKey' => '••••••••••••••••••••••••••••••••••••••••••••••••••••••••••••••••••••••••••••••••••••••••••••••••••••••••••••••••••••••••••••••••••••••••••••••••'
    'a8b7b1ec9ffb8baf2c6eaa253fe57112__expire' => 1779894876
    '__duration' => 3600
    '__elevated_timeout' => 1779891115
    '22b6a59deafcfb2ffb13c3adf3d98a3b__auth_access' => [
        0 => 'previewElement:7186'
        1 => 'saveAssets:856a3aeb-b21b-4d41-af3f-0a23db430323'
        2 => 'previewDraft:1050'
        3 => 'previewDraft:1052'
    ]
]

$_SERVER = [
    'DEPLOY_NAME' => 'local'
    'DDEV_WEBSERVER_TYPE' => 'nginx-fpm'
    'npm_config_cache' => '/mnt/ddev-global-cache/npm'
    'COREPACK_ENABLE_DOWNLOAD_PROMPT' => '0'
    'DDEV_GOOS' => 'darwin'
    'IS_DDEV_PROJECT' => 'true'
    'PHP_DEFAULT_VERSION' => '8.3'
    'HOSTNAME' => 'derschmuckmacher-v3-web'
    'MAILPIT_SMTP_PORT' => '1025'
    'MH_SMTP_BIND_ADDR' => '127.0.0.1:1025'
    'DDEV_PRIMARY_URL_WITHOUT_PORT' => 'https://derschmuckmacher-v3.ddev.site'
    'CRAFT_DB_PORT' => '3306'
    'SSH_AUTH_SOCK' => '/home/.ssh-agent/socket'
    'DDEV_GID' => '20'
    'NODE_EXTRA_CA_CERTS' => '/mnt/ddev-global-cache/mkcert/rootCA.pem'
    'DOCKER_IP' => '127.0.0.1'
    'PGPASSWORD' => 'db'
    'CRAFT_WEB_ROOT' => '/var/www/html/web'
    'DDEV_DOCROOT' => 'web'
    'PWD' => '/var/www/html'
    'PLATFORMSH_CLI_UPDATES_CHECK' => '0'
    'DDEV_APPROOT' => '/var/www/html'
    'DDEV_FILES_DIR' => ''
    'START_SCRIPT_TIMEOUT' => '57'
    'APACHE_SITE_TEMPLATE' => '/etc/apache2/apache-site.conf'
    'PHP_INI' => '/etc/php/8.3/fpm/php.ini'
    'DDEV_VERSION' => 'v1.24.10'
    'PRIMARY_SITE_URL' => 'https://derschmuckmacher-v3.ddev.site'
    'TZ' => 'Europe/Zurich'
    'DDEV_XHPROF_MODE' => 'prepend'
    'HTTPS_EXPOSE' => '443:80,8026:8025'
    'COREPACK_HOME' => '/mnt/ddev-global-cache/corepack'
    'CRAFT_DB_DATABASE' => 'db'
    'DDEV_PRIMARY_URL' => 'https://derschmuckmacher-v3.ddev.site'
    'LINES' => '6'
    'DDEV_SITENAME' => 'derschmuckmacher-v3'
    'HOME' => '/home/omar'
    'DRUSH_OPTIONS_URI' => 'https://derschmuckmacher-v3.ddev.site'
    'LANG' => 'C.UTF-8'
    'COLUMNS' => '371'
    'DDEV_MUTAGEN_ENABLED' => 'true'
    'DDEV_USER' => 'omar'
    'PGUSER' => 'db'
    'TERMINUS_CACHE_DIR' => '/mnt/ddev-global-cache/terminus/cache'
    'DDEV_PRIMARY_URL_PORT' => '443'
    'DDEV_ROUTER_HTTP_PORT' => '80'
    'MAILPIT_SMTP_HOSTNAME' => '127.0.0.1'
    'CRAFT_DB_DRIVER' => 'mysql'
    'COMPOSER_PROCESS_TIMEOUT' => '2000'
    'NGINX_SITE_TEMPLATE' => '/etc/nginx/nginx-site.conf'
    'DDEV_FILES_DIRS' => ''
    'CRAFT_DB_SERVER' => 'db'
    'HTTP_EXPOSE' => '80:80,8025:8025'
    'NVM_DIR' => '/home/omar/.nvm'
    'DDEV_PHP_VERSION' => '8.3'
    'DDEV_TLD' => 'ddev.site'
    'DDEV_HOSTNAME' => 'derschmuckmacher-v3.ddev.site'
    'DDEV_PROJECT' => 'derschmuckmacher-v3'
    'DDEV_GOARCH' => 'arm64'
    'VIRTUAL_HOST' => 'derschmuckmacher-v3.ddev.site'
    'TERM' => 'xterm'
    'USER' => 'omar'
    'MYSQL_HISTFILE' => '/mnt/ddev-global-cache/mysqlhistory/derschmuckmacher-v3-web/mysql_history'
    'DDEV_WEB_ENTRYPOINT' => '/mnt/ddev_config/web-entrypoint.d'
    'DDEV_UID' => '501'
    'CAROOT' => '/mnt/ddev-global-cache/mkcert'
    'SHLVL' => '1'
    'COMPOSER_ALLOW_SUPERUSER' => '1'
    'BASH_ENV' => '/etc/bash.nointeractive.bashrc'
    'DDEV_DATABASE' => 'mysql:8.0'
    'PGDATABASE' => 'db'
    'CRAFT_DB_USER' => 'db'
    'DDEV_SCHEME' => 'https'
    'XHPROF_OUTPUT_DIR' => '/tmp/xhprof'
    'COMPOSER_CACHE_DIR' => '/mnt/ddev-global-cache/composer'
    'DDEV_XDEBUG_ENABLED' => 'false'
    'DDEV_DATABASE_FAMILY' => 'mysql'
    'PGHOST' => 'db'
    'DDEV_COMPOSER_ROOT' => '/var/www/html'
    'CRAFT_DB_PASSWORD' => '••'
    'DOCROOT' => 'web'
    'TERMINUS_HIDE_UPDATE_MESSAGE' => '1'
    'PATH' => '/home/omar/bin:/var/www/html/vendor/bin:/usr/local/sbin:/usr/local/bin:/usr/sbin:/usr/bin:/sbin:/bin:/var/www/html/bin:/mnt/ddev-global-cache/global-commands/web'
    'HOST_DOCKER_INTERNAL_IP' => ''
    'DDEV_PROJECT_TYPE' => 'craftcms'
    'DEBIAN_FRONTEND' => 'noninteractive'
    'DDEV_ROUTER_HTTPS_PORT' => '443'
    'EXECIGNORE' => '/var/www/html/vendor/bin/composer'
    'SUPERVISOR_ENABLED' => '1'
    'SUPERVISOR_SERVER_URL' => 'unix:///var/run/supervisor.sock'
    'SUPERVISOR_PROCESS_NAME' => 'php-fpm'
    'SUPERVISOR_GROUP_NAME' => 'php-fpm'
    'HTTP_X_REQUESTED_WITH' => 'XMLHttpRequest'
    'HTTP_X_REGISTERED_JS_FILES' => '6276b818'
    'HTTP_X_REGISTERED_ASSET_BUNDLES' => '815d39ea,92d8701,22e517a2,aee7f8dc,26c46c25,e505ffd6,6b4d7555,bb2f10a0,e5e48399,fc0bc163,1ccab40d,1e21896b,54698ee0,b842675b,1c3c9add,4b1fd285,d8d08e47,8f00ce04,8768f48b,cf3018d6,ec6d0256,e7c1329,7b7669ac,75f47f25'
    'HTTP_X_REAL_IP' => '172.18.0.1'
    'HTTP_X_FORWARDED_SERVER' => 'e6a50fd17528'
    'HTTP_X_FORWARDED_PROTO' => 'https'
    'HTTP_X_FORWARDED_PORT' => '443'
    'HTTP_X_FORWARDED_HOST' => 'derschmuckmacher-v3.ddev.site'
    'HTTP_X_FORWARDED_FOR' => '172.18.0.1'
    'HTTP_X_CSRF_TOKEN' => '••••••••••••••••••••••••••••••••••••••••••••••••••••••••••••••••••••••••••••••••••••••••••••••••••••••••••••••••••••••••••••••••••••••••••••••••••••••••••••••••••••••••••••••••••••••••••••••••••••••••••••••••••••••••••••••••••••••••••••••••••••••••••••••••••••••••••••••••••••••••••••••••••••••••••••••••••••••••••••••••••••••••••••••••••••••••••••••••••••••••••••••••••••••••••••••••••••••••'
    'HTTP_TE' => 'trailers'
    'HTTP_SEC_GPC' => '1'
    'HTTP_SEC_FETCH_SITE' => 'same-origin'
    'HTTP_SEC_FETCH_MODE' => 'cors'
    'HTTP_SEC_FETCH_DEST' => 'empty'
    'HTTP_REFERER' => 'https://derschmuckmacher-v3.ddev.site/dW2axQ3b/content/entries/singles/7186-impressum?returnUrl=https%3A//derschmuckmacher-v3.ddev.site/dW2axQ3b/content/entries/singles%3AQS%3Asource%3Dsingles'
    'HTTP_ORIGIN' => 'https://derschmuckmacher-v3.ddev.site'
    'HTTP_COOKIE' => 'a8b7b1ec9ffb8baf2c6eaa253fe57112_username=26b9ec8568da68d3882e55afaa5d203483c6c5810ee05b5a55c8a0eb10cab93ea%3A2%3A%7Bi%3A0%3Bs%3A41%3A%22a8b7b1ec9ffb8baf2c6eaa253fe57112_username%22%3Bi%3A1%3Bs%3A8%3A%22odegiuli%22%3B%7D; CraftSessionId=biudticgnvahpvc8nukk8ac1vc; CRAFT_CSRF_TOKEN=f24bdf1e9b1a034ee7b31fc7240bdef700af95a681404c14421efa33013a169ca%3A2%3A%7Bi%3A0%3Bs%3A16%3A%22CRAFT_CSRF_TOKEN%22%3Bi%3A1%3Bs%3A147%3A%22o35JaTMOK5SlzzOXxon1Bn7gy1-9PEHqnAYwYjz9%7C89e454564122d06c6a70a599ac0d3b19a34e4201342f82ce4b9247f607434cc9o35JaTMOK5SlzzOXxon1Bn7gy1-9PEHqnAYwYjz9%7C1%22%3B%7D; a8b7b1ec9ffb8baf2c6eaa253fe57112_identity=c05e269f9a86048999710c6067062a4ab8b9b72b60032bdd4aede461abe99f6aa%3A2%3A%7Bi%3A0%3Bs%3A41%3A%22a8b7b1ec9ffb8baf2c6eaa253fe57112_identity%22%3Bi%3A1%3Bs%3A159%3A%22%5B1%2C%22%5B%5C%22y9F6YHmR9qC8Xsvv_urYFspDlXSsXsFbHDHDiokNRXLEUFEEKTo2W7iJ97zgt_AgvxoJgpgTjLnE5pS-azRIHVI1lD_VNxCU5lGK%5C%22%2Cnull%2C%5C%22fd3cbf9ed3a1f5fe86c1a53cec2d55ae%5C%22%5D%22%2C3600%5D%22%3B%7D; Craft-3626ffc1-d0a3-42e3-98aa-37e8aa759561_sidebar=expanded; Craft-3626ffc1-d0a3-42e3-98aa-37e8aa759561_sidebar-details=expanded'
    'HTTP_ACCEPT_LANGUAGE' => 'de,en-US;q=0.9,en;q=0.8'
    'HTTP_ACCEPT_ENCODING' => 'gzip, deflate, br, zstd'
    'HTTP_ACCEPT' => 'application/json, text/plain, */*'
    'HTTP_CONTENT_LENGTH' => '0'
    'HTTP_USER_AGENT' => 'Mozilla/5.0 (Macintosh; Intel Mac OS X 10.15; rv:151.0) Gecko/20100101 Firefox/151.0'
    'HTTP_HOST' => 'derschmuckmacher-v3.ddev.site'
    'HTTPS' => 'on'
    'REDIRECT_STATUS' => '200'
    'SERVER_NAME' => 'derschmuckmacher-v3.ddev.site'
    'SERVER_PORT' => '80'
    'SERVER_ADDR' => '172.18.0.4'
    'REMOTE_PORT' => '43226'
    'REMOTE_ADDR' => '172.18.0.5'
    'SERVER_SOFTWARE' => 'nginx/1.28.0'
    'GATEWAY_INTERFACE' => 'CGI/1.1'
    'REQUEST_SCHEME' => 'http'
    'SERVER_PROTOCOL' => 'HTTP/1.1'
    'DOCUMENT_ROOT' => '/var/www/html/web'
    'DOCUMENT_URI' => '/index.php'
    'REQUEST_URI' => '/index.php?p=dW2axQ3b%2Factions%2Fqueue%2Frun&v=1779891276752'
    'CONTENT_LENGTH' => '0'
    'CONTENT_TYPE' => ''
    'REQUEST_METHOD' => 'POST'
    'QUERY_STRING' => 'p=dW2axQ3b%2Factions%2Fqueue%2Frun&v=1779891276752'
    'SCRIPT_NAME' => '/index.php'
    'SCRIPT_FILENAME' => '/var/www/html/web/index.php'
    'FCGI_ROLE' => 'RESPONDER'
    'PHP_SELF' => '/index.php'
    'REQUEST_TIME_FLOAT' => 1779891276.7629
    'REQUEST_TIME' => 1779891276
    'CRAFT_APP_ID' => 'CraftCMS--3933bc78-29f5-4b79-bcc5-c31faf0fcd20'
    'CRAFT_ENVIRONMENT' => 'dev'
    'ENVIRONMENT' => 'dev'
    'CRAFT_SECURITY_KEY' => '••••••••••••••••••••••••••••••••'
    'CP_TRIGGER' => 'dW2axQ3b'
    'CRAFT_DB_SCHEMA' => 'public'
    'CRAFT_DB_TABLE_PREFIX' => ''
    'CRAFT_DB_CHARSET' => 'utf8mb4'
    'CRAFT_DB_COLLATION' => 'utf8mb4_unicode_ci'
    'DEV_MODE' => 'true'
    'ALLOW_ADMIN_CHANGES' => 'true'
    'DISALLOW_ROBOTS' => 'true'
    'TIMEZONE' => 'Europe/Zurich'
    'CAPTCHA_SITE_KEY' => '••••••••••••••••••••••••••••••••••••••••'
    'CAPTCHA_SECRET_KEY' => '••••••••••••••••••••••••••••••••••••••••'
    'WEB_URL' => 'https://derschmuckmacher-v3.ddev.site'
    'WEB_ROOT' => '/var/www/html/web'
    'ASSETS_BASE_URL' => 'https://derschmuckmacher-v3.ddev.site/public'
    'ASSETS_BASE_PATH' => '/var/www/html/web/public'
    'SCHMUCK_BASE_URL' => 'https://derschmuckmacher-v3.ddev.site/public/uploads/schmuck'
    'SCHMUCK_BASE_PATH' => '/var/www/html/web/public/uploads/schmuck'
    'BILDER_BASE_URL' => 'https://derschmuckmacher-v3.ddev.site/public/uploads/bilder'
    'BILDER_BASE_PATH' => '/var/www/html/web/public/uploads/bilder'
] {"environment":"dev","userId":1} 
2026-05-27 16:15:32 [queue.INFO] [yii\db\Connection::open] Opening DB connection: mysql:host=db;dbname=db;port=3306 {"memory":1101824} 
2026-05-27 16:15:32 [queue.INFO] [yii\web\Session::open] Session started {"memory":1525264} 
2026-05-27 16:15:32 [queue.INFO] [nystudio107\codeeditor\CodeEditor::bootstrap] CodeEditor module bootstrapped {"memory":1549600} 
2026-05-27 16:15:32 [queue.INFO] [adigital\cookieconsentbanner\CookieConsentBanner::init] Cookie Consent Banner plugin loaded {"memory":1767000} 
2026-05-27 16:15:32 [queue.INFO] [miranj\obfuscator\Obfuscator::init] Obfuscator plugin loaded {"memory":2727856} 
2026-05-27 16:15:32 [queue.INFO] [yii\db\Connection::open] Opening DB connection: mysql:host=db;dbname=db;port=3306 {"memory":2996200} 
2026-05-27 16:15:32 [queue.INFO] [craft\queue\QueueLogBehavior::beforeExec]  [40837] t9n:["app","Updating search indexes"] (attempt: 1, pid: 2099) - Started {"memory":3054984} 
2026-05-27 16:15:32 [queue.INFO] [craft\queue\QueueLogBehavior::afterExec]  [40837] t9n:["app","Updating search indexes"] (attempt: 1, pid: 2099) - Done (time: 0.011s) {"memory":3653864} 
2026-05-27 16:15:32 [queue.INFO] [craft\queue\QueueLogBehavior::beforeExec]  [40838] t9n:["app","Updating search indexes"] (attempt: 1, pid: 2099) - Started {"memory":3661896} 
2026-05-27 16:15:32 [queue.INFO] [craft\queue\QueueLogBehavior::afterExec]  [40838] t9n:["app","Updating search indexes"] (attempt: 1, pid: 2099) - Done (time: 0.001s) {"memory":3764728} 
2026-05-27 16:15:32 [queue.INFO] [craft\queue\QueueLogBehavior::beforeExec]  [40839] t9n:["app","Updating search indexes"] (attempt: 1, pid: 2099) - Started {"memory":3772712} 
2026-05-27 16:15:32 [queue.INFO] [craft\queue\QueueLogBehavior::afterExec]  [40839] t9n:["app","Updating search indexes"] (attempt: 1, pid: 2099) - Done (time: 0.006s) {"memory":4276608} 
2026-05-27 16:15:32 [queue.INFO] [craft\queue\QueueLogBehavior::beforeExec]  [40840] t9n:["app","Updating search indexes"] (attempt: 1, pid: 2099) - Started {"memory":4284592} 
2026-05-27 16:15:32 [queue.INFO] [craft\queue\QueueLogBehavior::afterExec]  [40840] t9n:["app","Updating search indexes"] (attempt: 1, pid: 2099) - Done (time: 0.003s) {"memory":4547544} 
2026-05-27 16:15:32 [queue.INFO] [craft\queue\QueueLogBehavior::beforeExec]  [40841] t9n:["app","Pruning extra revisions"] (attempt: 1, pid: 2099) - Started {"memory":4555528} 
2026-05-27 16:15:32 [queue.INFO] [craft\queue\QueueLogBehavior::afterExec]  [40841] t9n:["app","Pruning extra revisions"] (attempt: 1, pid: 2099) - Done (time: 0.001s) {"memory":4648176} 
2026-05-27 16:15:32 [queue.INFO] [craft\queue\QueueLogBehavior::beforeExec]  [40842] t9n:["app","Pruning extra revisions"] (attempt: 1, pid: 2099) - Started {"memory":4656160} 
2026-05-27 16:15:32 [queue.INFO] [craft\queue\QueueLogBehavior::afterExec]  [40842] t9n:["app","Pruning extra revisions"] (attempt: 1, pid: 2099) - Done (time: 0.000s) {"memory":4748776} 
2026-05-27 16:15:32 [queue.INFO] [application] Request context:
$_GET = [
    'p' => 'dW2axQ3b/actions/queue/run'
    'v' => '1779891332589'
]

$_POST = []

$_FILES = []

$_COOKIE = [
    'a8b7b1ec9ffb8baf2c6eaa253fe57112_username' => '26b9ec8568da68d3882e55afaa5d203483c6c5810ee05b5a55c8a0eb10cab93ea:2:{i:0;s:41:\"a8b7b1ec9ffb8baf2c6eaa253fe57112_username\";i:1;s:8:\"odegiuli\";}'
    'CraftSessionId' => 'biudticgnvahpvc8nukk8ac1vc'
    'CRAFT_CSRF_TOKEN' => '••••••••••••••••••••••••••••••••••••••••••••••••••••••••••••••••••••••••••••••••••••••••••••••••••••••••••••••••••••••••••••••••••••••••••••••••••••••••••••••••••••••••••••••••••••••••••••••••••••••••••••••••••••••••••••••••••••••••••••••••••••••••••••••••••'
    'a8b7b1ec9ffb8baf2c6eaa253fe57112_identity' => 'c05e269f9a86048999710c6067062a4ab8b9b72b60032bdd4aede461abe99f6aa:2:{i:0;s:41:\"a8b7b1ec9ffb8baf2c6eaa253fe57112_identity\";i:1;s:159:\"[1,\"[\\\"y9F6YHmR9qC8Xsvv_urYFspDlXSsXsFbHDHDiokNRXLEUFEEKTo2W7iJ97zgt_AgvxoJgpgTjLnE5pS-azRIHVI1lD_VNxCU5lGK\\\",null,\\\"fd3cbf9ed3a1f5fe86c1a53cec2d55ae\\\"]\",3600]\";}'
    'Craft-3626ffc1-d0a3-42e3-98aa-37e8aa759561_sidebar' => 'expanded'
    'Craft-3626ffc1-d0a3-42e3-98aa-37e8aa759561_sidebar-details' => 'expanded'
    'cookieconsent_status' => 'allow'
]

$_SESSION = [
    '22b6a59deafcfb2ffb13c3adf3d98a3b__flash' => []
    'a8b7b1ec9ffb8baf2c6eaa253fe57112__token' => '••••••••••••••••••••••••••••••••••••••••••••••••••••••••••••••••••••••••••••••••••••••••••••••••••••'
    'a8b7b1ec9ffb8baf2c6eaa253fe57112__id' => 1
    '__authKey' => '••••••••••••••••••••••••••••••••••••••••••••••••••••••••••••••••••••••••••••••••••••••••••••••••••••••••••••••••••••••••••••••••••••••••••••••••'
    'a8b7b1ec9ffb8baf2c6eaa253fe57112__expire' => 1779894932
    '__duration' => 3600
    '__elevated_timeout' => 1779891115
    '22b6a59deafcfb2ffb13c3adf3d98a3b__auth_access' => [
        0 => 'previewElement:7186'
        1 => 'saveAssets:856a3aeb-b21b-4d41-af3f-0a23db430323'
        2 => 'previewDraft:1050'
        3 => 'previewDraft:1052'
        4 => 'previewDraft:1054'
    ]
]

$_SERVER = [
    'DEPLOY_NAME' => 'local'
    'DDEV_WEBSERVER_TYPE' => 'nginx-fpm'
    'npm_config_cache' => '/mnt/ddev-global-cache/npm'
    'COREPACK_ENABLE_DOWNLOAD_PROMPT' => '0'
    'DDEV_GOOS' => 'darwin'
    'IS_DDEV_PROJECT' => 'true'
    'PHP_DEFAULT_VERSION' => '8.3'
    'HOSTNAME' => 'derschmuckmacher-v3-web'
    'MAILPIT_SMTP_PORT' => '1025'
    'MH_SMTP_BIND_ADDR' => '127.0.0.1:1025'
    'DDEV_PRIMARY_URL_WITHOUT_PORT' => 'https://derschmuckmacher-v3.ddev.site'
    'CRAFT_DB_PORT' => '3306'
    'SSH_AUTH_SOCK' => '/home/.ssh-agent/socket'
    'DDEV_GID' => '20'
    'NODE_EXTRA_CA_CERTS' => '/mnt/ddev-global-cache/mkcert/rootCA.pem'
    'DOCKER_IP' => '127.0.0.1'
    'PGPASSWORD' => 'db'
    'CRAFT_WEB_ROOT' => '/var/www/html/web'
    'DDEV_DOCROOT' => 'web'
    'PWD' => '/var/www/html'
    'PLATFORMSH_CLI_UPDATES_CHECK' => '0'
    'DDEV_APPROOT' => '/var/www/html'
    'DDEV_FILES_DIR' => ''
    'START_SCRIPT_TIMEOUT' => '57'
    'APACHE_SITE_TEMPLATE' => '/etc/apache2/apache-site.conf'
    'PHP_INI' => '/etc/php/8.3/fpm/php.ini'
    'DDEV_VERSION' => 'v1.24.10'
    'PRIMARY_SITE_URL' => 'https://derschmuckmacher-v3.ddev.site'
    'TZ' => 'Europe/Zurich'
    'DDEV_XHPROF_MODE' => 'prepend'
    'HTTPS_EXPOSE' => '443:80,8026:8025'
    'COREPACK_HOME' => '/mnt/ddev-global-cache/corepack'
    'CRAFT_DB_DATABASE' => 'db'
    'DDEV_PRIMARY_URL' => 'https://derschmuckmacher-v3.ddev.site'
    'LINES' => '6'
    'DDEV_SITENAME' => 'derschmuckmacher-v3'
    'HOME' => '/home/omar'
    'DRUSH_OPTIONS_URI' => 'https://derschmuckmacher-v3.ddev.site'
    'LANG' => 'C.UTF-8'
    'COLUMNS' => '371'
    'DDEV_MUTAGEN_ENABLED' => 'true'
    'DDEV_USER' => 'omar'
    'PGUSER' => 'db'
    'TERMINUS_CACHE_DIR' => '/mnt/ddev-global-cache/terminus/cache'
    'DDEV_PRIMARY_URL_PORT' => '443'
    'DDEV_ROUTER_HTTP_PORT' => '80'
    'MAILPIT_SMTP_HOSTNAME' => '127.0.0.1'
    'CRAFT_DB_DRIVER' => 'mysql'
    'COMPOSER_PROCESS_TIMEOUT' => '2000'
    'NGINX_SITE_TEMPLATE' => '/etc/nginx/nginx-site.conf'
    'DDEV_FILES_DIRS' => ''
    'CRAFT_DB_SERVER' => 'db'
    'HTTP_EXPOSE' => '80:80,8025:8025'
    'NVM_DIR' => '/home/omar/.nvm'
    'DDEV_PHP_VERSION' => '8.3'
    'DDEV_TLD' => 'ddev.site'
    'DDEV_HOSTNAME' => 'derschmuckmacher-v3.ddev.site'
    'DDEV_PROJECT' => 'derschmuckmacher-v3'
    'DDEV_GOARCH' => 'arm64'
    'VIRTUAL_HOST' => 'derschmuckmacher-v3.ddev.site'
    'TERM' => 'xterm'
    'USER' => 'omar'
    'MYSQL_HISTFILE' => '/mnt/ddev-global-cache/mysqlhistory/derschmuckmacher-v3-web/mysql_history'
    'DDEV_WEB_ENTRYPOINT' => '/mnt/ddev_config/web-entrypoint.d'
    'DDEV_UID' => '501'
    'CAROOT' => '/mnt/ddev-global-cache/mkcert'
    'SHLVL' => '1'
    'COMPOSER_ALLOW_SUPERUSER' => '1'
    'BASH_ENV' => '/etc/bash.nointeractive.bashrc'
    'DDEV_DATABASE' => 'mysql:8.0'
    'PGDATABASE' => 'db'
    'CRAFT_DB_USER' => 'db'
    'DDEV_SCHEME' => 'https'
    'XHPROF_OUTPUT_DIR' => '/tmp/xhprof'
    'COMPOSER_CACHE_DIR' => '/mnt/ddev-global-cache/composer'
    'DDEV_XDEBUG_ENABLED' => 'false'
    'DDEV_DATABASE_FAMILY' => 'mysql'
    'PGHOST' => 'db'
    'DDEV_COMPOSER_ROOT' => '/var/www/html'
    'CRAFT_DB_PASSWORD' => '••'
    'DOCROOT' => 'web'
    'TERMINUS_HIDE_UPDATE_MESSAGE' => '1'
    'PATH' => '/home/omar/bin:/var/www/html/vendor/bin:/usr/local/sbin:/usr/local/bin:/usr/sbin:/usr/bin:/sbin:/bin:/var/www/html/bin:/mnt/ddev-global-cache/global-commands/web'
    'HOST_DOCKER_INTERNAL_IP' => ''
    'DDEV_PROJECT_TYPE' => 'craftcms'
    'DEBIAN_FRONTEND' => 'noninteractive'
    'DDEV_ROUTER_HTTPS_PORT' => '443'
    'EXECIGNORE' => '/var/www/html/vendor/bin/composer'
    'SUPERVISOR_ENABLED' => '1'
    'SUPERVISOR_SERVER_URL' => 'unix:///var/run/supervisor.sock'
    'SUPERVISOR_PROCESS_NAME' => 'php-fpm'
    'SUPERVISOR_GROUP_NAME' => 'php-fpm'
    'HTTP_X_REQUESTED_WITH' => 'XMLHttpRequest'
    'HTTP_X_REGISTERED_JS_FILES' => ''
    'HTTP_X_REGISTERED_ASSET_BUNDLES' => '22e517a2,aee7f8dc,26c46c25,e505ffd6,6b4d7555,bb2f10a0,e5e48399,815d39ea,fc0bc163,1ccab40d,1e21896b,54698ee0,b842675b,1c3c9add,4b1fd285,d8d08e47,8f00ce04,8768f48b,cf3018d6,ec6d0256'
    'HTTP_X_REAL_IP' => '172.18.0.1'
    'HTTP_X_FORWARDED_SERVER' => 'e6a50fd17528'
    'HTTP_X_FORWARDED_PROTO' => 'https'
    'HTTP_X_FORWARDED_PORT' => '443'
    'HTTP_X_FORWARDED_HOST' => 'derschmuckmacher-v3.ddev.site'
    'HTTP_X_FORWARDED_FOR' => '172.18.0.1'
    'HTTP_X_CSRF_TOKEN' => '••••••••••••••••••••••••••••••••••••••••••••••••••••••••••••••••••••••••••••••••••••••••••••••••••••••••••••••••••••••••••••••••••••••••••••••••••••••••••••••••••••••••••••••••••••••••••••••••••••••••••••••••••••••••••••••••••••••••••••••••••••••••••••••••••••••••••••••••••••••••••••••••••••••••••••••••••••••••••••••••••••••••••••••••••••••••••••••••••••••••••••••••••••••••••••••••••••••••'
    'HTTP_TE' => 'trailers'
    'HTTP_SEC_GPC' => '1'
    'HTTP_SEC_FETCH_SITE' => 'same-origin'
    'HTTP_SEC_FETCH_MODE' => 'cors'
    'HTTP_SEC_FETCH_DEST' => 'empty'
    'HTTP_REFERER' => 'https://derschmuckmacher-v3.ddev.site/dW2axQ3b/content/entries/singles?source=singles'
    'HTTP_ORIGIN' => 'https://derschmuckmacher-v3.ddev.site'
    'HTTP_COOKIE' => 'a8b7b1ec9ffb8baf2c6eaa253fe57112_username=26b9ec8568da68d3882e55afaa5d203483c6c5810ee05b5a55c8a0eb10cab93ea%3A2%3A%7Bi%3A0%3Bs%3A41%3A%22a8b7b1ec9ffb8baf2c6eaa253fe57112_username%22%3Bi%3A1%3Bs%3A8%3A%22odegiuli%22%3B%7D; CraftSessionId=biudticgnvahpvc8nukk8ac1vc; CRAFT_CSRF_TOKEN=f24bdf1e9b1a034ee7b31fc7240bdef700af95a681404c14421efa33013a169ca%3A2%3A%7Bi%3A0%3Bs%3A16%3A%22CRAFT_CSRF_TOKEN%22%3Bi%3A1%3Bs%3A147%3A%22o35JaTMOK5SlzzOXxon1Bn7gy1-9PEHqnAYwYjz9%7C89e454564122d06c6a70a599ac0d3b19a34e4201342f82ce4b9247f607434cc9o35JaTMOK5SlzzOXxon1Bn7gy1-9PEHqnAYwYjz9%7C1%22%3B%7D; a8b7b1ec9ffb8baf2c6eaa253fe57112_identity=c05e269f9a86048999710c6067062a4ab8b9b72b60032bdd4aede461abe99f6aa%3A2%3A%7Bi%3A0%3Bs%3A41%3A%22a8b7b1ec9ffb8baf2c6eaa253fe57112_identity%22%3Bi%3A1%3Bs%3A159%3A%22%5B1%2C%22%5B%5C%22y9F6YHmR9qC8Xsvv_urYFspDlXSsXsFbHDHDiokNRXLEUFEEKTo2W7iJ97zgt_AgvxoJgpgTjLnE5pS-azRIHVI1lD_VNxCU5lGK%5C%22%2Cnull%2C%5C%22fd3cbf9ed3a1f5fe86c1a53cec2d55ae%5C%22%5D%22%2C3600%5D%22%3B%7D; Craft-3626ffc1-d0a3-42e3-98aa-37e8aa759561_sidebar=expanded; Craft-3626ffc1-d0a3-42e3-98aa-37e8aa759561_sidebar-details=expanded; cookieconsent_status=allow'
    'HTTP_ACCEPT_LANGUAGE' => 'de,en-US;q=0.9,en;q=0.8'
    'HTTP_ACCEPT_ENCODING' => 'gzip, deflate, br, zstd'
    'HTTP_ACCEPT' => 'application/json, text/plain, */*'
    'HTTP_CONTENT_LENGTH' => '0'
    'HTTP_USER_AGENT' => 'Mozilla/5.0 (Macintosh; Intel Mac OS X 10.15; rv:151.0) Gecko/20100101 Firefox/151.0'
    'HTTP_HOST' => 'derschmuckmacher-v3.ddev.site'
    'HTTPS' => 'on'
    'REDIRECT_STATUS' => '200'
    'SERVER_NAME' => 'derschmuckmacher-v3.ddev.site'
    'SERVER_PORT' => '80'
    'SERVER_ADDR' => '172.18.0.4'
    'REMOTE_PORT' => '50110'
    'REMOTE_ADDR' => '172.18.0.5'
    'SERVER_SOFTWARE' => 'nginx/1.28.0'
    'GATEWAY_INTERFACE' => 'CGI/1.1'
    'REQUEST_SCHEME' => 'http'
    'SERVER_PROTOCOL' => 'HTTP/1.1'
    'DOCUMENT_ROOT' => '/var/www/html/web'
    'DOCUMENT_URI' => '/index.php'
    'REQUEST_URI' => '/index.php?p=dW2axQ3b%2Factions%2Fqueue%2Frun&v=1779891332589'
    'CONTENT_LENGTH' => '0'
    'CONTENT_TYPE' => ''
    'REQUEST_METHOD' => 'POST'
    'QUERY_STRING' => 'p=dW2axQ3b%2Factions%2Fqueue%2Frun&v=1779891332589'
    'SCRIPT_NAME' => '/index.php'
    'SCRIPT_FILENAME' => '/var/www/html/web/index.php'
    'FCGI_ROLE' => 'RESPONDER'
    'PHP_SELF' => '/index.php'
    'REQUEST_TIME_FLOAT' => 1779891332.5931
    'REQUEST_TIME' => 1779891332
    'CRAFT_APP_ID' => 'CraftCMS--3933bc78-29f5-4b79-bcc5-c31faf0fcd20'
    'CRAFT_ENVIRONMENT' => 'dev'
    'ENVIRONMENT' => 'dev'
    'CRAFT_SECURITY_KEY' => '••••••••••••••••••••••••••••••••'
    'CP_TRIGGER' => 'dW2axQ3b'
    'CRAFT_DB_SCHEMA' => 'public'
    'CRAFT_DB_TABLE_PREFIX' => ''
    'CRAFT_DB_CHARSET' => 'utf8mb4'
    'CRAFT_DB_COLLATION' => 'utf8mb4_unicode_ci'
    'DEV_MODE' => 'true'
    'ALLOW_ADMIN_CHANGES' => 'true'
    'DISALLOW_ROBOTS' => 'true'
    'TIMEZONE' => 'Europe/Zurich'
    'CAPTCHA_SITE_KEY' => '••••••••••••••••••••••••••••••••••••••••'
    'CAPTCHA_SECRET_KEY' => '••••••••••••••••••••••••••••••••••••••••'
    'WEB_URL' => 'https://derschmuckmacher-v3.ddev.site'
    'WEB_ROOT' => '/var/www/html/web'
    'ASSETS_BASE_URL' => 'https://derschmuckmacher-v3.ddev.site/public'
    'ASSETS_BASE_PATH' => '/var/www/html/web/public'
    'SCHMUCK_BASE_URL' => 'https://derschmuckmacher-v3.ddev.site/public/uploads/schmuck'
    'SCHMUCK_BASE_PATH' => '/var/www/html/web/public/uploads/schmuck'
    'BILDER_BASE_URL' => 'https://derschmuckmacher-v3.ddev.site/public/uploads/bilder'
    'BILDER_BASE_PATH' => '/var/www/html/web/public/uploads/bilder'
] {"environment":"dev","userId":1} 
2026-05-27 16:17:22 [queue.INFO] [yii\db\Connection::open] Opening DB connection: mysql:host=db;dbname=db;port=3306 {"memory":1102160} 
2026-05-27 16:17:22 [queue.INFO] [yii\web\Session::open] Session started {"memory":1526256} 
2026-05-27 16:17:22 [queue.INFO] [nystudio107\codeeditor\CodeEditor::bootstrap] CodeEditor module bootstrapped {"memory":1550592} 
2026-05-27 16:17:22 [queue.INFO] [adigital\cookieconsentbanner\CookieConsentBanner::init] Cookie Consent Banner plugin loaded {"memory":1768456} 
2026-05-27 16:17:22 [queue.INFO] [miranj\obfuscator\Obfuscator::init] Obfuscator plugin loaded {"memory":2729312} 
2026-05-27 16:17:22 [queue.INFO] [yii\db\Connection::open] Opening DB connection: mysql:host=db;dbname=db;port=3306 {"memory":2997656} 
2026-05-27 16:17:22 [queue.INFO] [craft\queue\QueueLogBehavior::beforeExec]  [40843] t9n:["app","Updating search indexes"] (attempt: 1, pid: 2099) - Started {"memory":3056440} 
2026-05-27 16:17:22 [queue.INFO] [craft\queue\QueueLogBehavior::afterExec]  [40843] t9n:["app","Updating search indexes"] (attempt: 1, pid: 2099) - Done (time: 0.009s) {"memory":3471624} 
2026-05-27 16:17:22 [queue.INFO] [application] Request context:
$_GET = [
    'p' => 'dW2axQ3b/actions/queue/run'
    'v' => '1779891442096'
]

$_POST = []

$_FILES = []

$_COOKIE = [
    'a8b7b1ec9ffb8baf2c6eaa253fe57112_username' => '26b9ec8568da68d3882e55afaa5d203483c6c5810ee05b5a55c8a0eb10cab93ea:2:{i:0;s:41:\"a8b7b1ec9ffb8baf2c6eaa253fe57112_username\";i:1;s:8:\"odegiuli\";}'
    'CraftSessionId' => 'biudticgnvahpvc8nukk8ac1vc'
    'CRAFT_CSRF_TOKEN' => '••••••••••••••••••••••••••••••••••••••••••••••••••••••••••••••••••••••••••••••••••••••••••••••••••••••••••••••••••••••••••••••••••••••••••••••••••••••••••••••••••••••••••••••••••••••••••••••••••••••••••••••••••••••••••••••••••••••••••••••••••••••••••••••••••'
    'a8b7b1ec9ffb8baf2c6eaa253fe57112_identity' => 'c05e269f9a86048999710c6067062a4ab8b9b72b60032bdd4aede461abe99f6aa:2:{i:0;s:41:\"a8b7b1ec9ffb8baf2c6eaa253fe57112_identity\";i:1;s:159:\"[1,\"[\\\"y9F6YHmR9qC8Xsvv_urYFspDlXSsXsFbHDHDiokNRXLEUFEEKTo2W7iJ97zgt_AgvxoJgpgTjLnE5pS-azRIHVI1lD_VNxCU5lGK\\\",null,\\\"fd3cbf9ed3a1f5fe86c1a53cec2d55ae\\\"]\",3600]\";}'
    'Craft-3626ffc1-d0a3-42e3-98aa-37e8aa759561_sidebar' => 'expanded'
    'Craft-3626ffc1-d0a3-42e3-98aa-37e8aa759561_sidebar-details' => 'expanded'
    'cookieconsent_status' => 'allow'
]

$_SESSION = [
    '22b6a59deafcfb2ffb13c3adf3d98a3b__flash' => []
    'a8b7b1ec9ffb8baf2c6eaa253fe57112__token' => '••••••••••••••••••••••••••••••••••••••••••••••••••••••••••••••••••••••••••••••••••••••••••••••••••••'
    'a8b7b1ec9ffb8baf2c6eaa253fe57112__id' => 1
    '__authKey' => '••••••••••••••••••••••••••••••••••••••••••••••••••••••••••••••••••••••••••••••••••••••••••••••••••••••••••••••••••••••••••••••••••••••••••••••••'
    'a8b7b1ec9ffb8baf2c6eaa253fe57112__expire' => 1779895042
    '__duration' => 3600
    '__elevated_timeout' => 1779891115
    '22b6a59deafcfb2ffb13c3adf3d98a3b__auth_access' => [
        0 => 'previewElement:7186'
        1 => 'saveAssets:856a3aeb-b21b-4d41-af3f-0a23db430323'
        2 => 'previewDraft:1050'
        3 => 'previewDraft:1052'
        4 => 'previewDraft:1054'
    ]
]

$_SERVER = [
    'DEPLOY_NAME' => 'local'
    'DDEV_WEBSERVER_TYPE' => 'nginx-fpm'
    'npm_config_cache' => '/mnt/ddev-global-cache/npm'
    'COREPACK_ENABLE_DOWNLOAD_PROMPT' => '0'
    'DDEV_GOOS' => 'darwin'
    'IS_DDEV_PROJECT' => 'true'
    'PHP_DEFAULT_VERSION' => '8.3'
    'HOSTNAME' => 'derschmuckmacher-v3-web'
    'MAILPIT_SMTP_PORT' => '1025'
    'MH_SMTP_BIND_ADDR' => '127.0.0.1:1025'
    'DDEV_PRIMARY_URL_WITHOUT_PORT' => 'https://derschmuckmacher-v3.ddev.site'
    'CRAFT_DB_PORT' => '3306'
    'SSH_AUTH_SOCK' => '/home/.ssh-agent/socket'
    'DDEV_GID' => '20'
    'NODE_EXTRA_CA_CERTS' => '/mnt/ddev-global-cache/mkcert/rootCA.pem'
    'DOCKER_IP' => '127.0.0.1'
    'PGPASSWORD' => 'db'
    'CRAFT_WEB_ROOT' => '/var/www/html/web'
    'DDEV_DOCROOT' => 'web'
    'PWD' => '/var/www/html'
    'PLATFORMSH_CLI_UPDATES_CHECK' => '0'
    'DDEV_APPROOT' => '/var/www/html'
    'DDEV_FILES_DIR' => ''
    'START_SCRIPT_TIMEOUT' => '57'
    'APACHE_SITE_TEMPLATE' => '/etc/apache2/apache-site.conf'
    'PHP_INI' => '/etc/php/8.3/fpm/php.ini'
    'DDEV_VERSION' => 'v1.24.10'
    'PRIMARY_SITE_URL' => 'https://derschmuckmacher-v3.ddev.site'
    'TZ' => 'Europe/Zurich'
    'DDEV_XHPROF_MODE' => 'prepend'
    'HTTPS_EXPOSE' => '443:80,8026:8025'
    'COREPACK_HOME' => '/mnt/ddev-global-cache/corepack'
    'CRAFT_DB_DATABASE' => 'db'
    'DDEV_PRIMARY_URL' => 'https://derschmuckmacher-v3.ddev.site'
    'LINES' => '6'
    'DDEV_SITENAME' => 'derschmuckmacher-v3'
    'HOME' => '/home/omar'
    'DRUSH_OPTIONS_URI' => 'https://derschmuckmacher-v3.ddev.site'
    'LANG' => 'C.UTF-8'
    'COLUMNS' => '371'
    'DDEV_MUTAGEN_ENABLED' => 'true'
    'DDEV_USER' => 'omar'
    'PGUSER' => 'db'
    'TERMINUS_CACHE_DIR' => '/mnt/ddev-global-cache/terminus/cache'
    'DDEV_PRIMARY_URL_PORT' => '443'
    'DDEV_ROUTER_HTTP_PORT' => '80'
    'MAILPIT_SMTP_HOSTNAME' => '127.0.0.1'
    'CRAFT_DB_DRIVER' => 'mysql'
    'COMPOSER_PROCESS_TIMEOUT' => '2000'
    'NGINX_SITE_TEMPLATE' => '/etc/nginx/nginx-site.conf'
    'DDEV_FILES_DIRS' => ''
    'CRAFT_DB_SERVER' => 'db'
    'HTTP_EXPOSE' => '80:80,8025:8025'
    'NVM_DIR' => '/home/omar/.nvm'
    'DDEV_PHP_VERSION' => '8.3'
    'DDEV_TLD' => 'ddev.site'
    'DDEV_HOSTNAME' => 'derschmuckmacher-v3.ddev.site'
    'DDEV_PROJECT' => 'derschmuckmacher-v3'
    'DDEV_GOARCH' => 'arm64'
    'VIRTUAL_HOST' => 'derschmuckmacher-v3.ddev.site'
    'TERM' => 'xterm'
    'USER' => 'omar'
    'MYSQL_HISTFILE' => '/mnt/ddev-global-cache/mysqlhistory/derschmuckmacher-v3-web/mysql_history'
    'DDEV_WEB_ENTRYPOINT' => '/mnt/ddev_config/web-entrypoint.d'
    'DDEV_UID' => '501'
    'CAROOT' => '/mnt/ddev-global-cache/mkcert'
    'SHLVL' => '1'
    'COMPOSER_ALLOW_SUPERUSER' => '1'
    'BASH_ENV' => '/etc/bash.nointeractive.bashrc'
    'DDEV_DATABASE' => 'mysql:8.0'
    'PGDATABASE' => 'db'
    'CRAFT_DB_USER' => 'db'
    'DDEV_SCHEME' => 'https'
    'XHPROF_OUTPUT_DIR' => '/tmp/xhprof'
    'COMPOSER_CACHE_DIR' => '/mnt/ddev-global-cache/composer'
    'DDEV_XDEBUG_ENABLED' => 'false'
    'DDEV_DATABASE_FAMILY' => 'mysql'
    'PGHOST' => 'db'
    'DDEV_COMPOSER_ROOT' => '/var/www/html'
    'CRAFT_DB_PASSWORD' => '••'
    'DOCROOT' => 'web'
    'TERMINUS_HIDE_UPDATE_MESSAGE' => '1'
    'PATH' => '/home/omar/bin:/var/www/html/vendor/bin:/usr/local/sbin:/usr/local/bin:/usr/sbin:/usr/bin:/sbin:/bin:/var/www/html/bin:/mnt/ddev-global-cache/global-commands/web'
    'HOST_DOCKER_INTERNAL_IP' => ''
    'DDEV_PROJECT_TYPE' => 'craftcms'
    'DEBIAN_FRONTEND' => 'noninteractive'
    'DDEV_ROUTER_HTTPS_PORT' => '443'
    'EXECIGNORE' => '/var/www/html/vendor/bin/composer'
    'SUPERVISOR_ENABLED' => '1'
    'SUPERVISOR_SERVER_URL' => 'unix:///var/run/supervisor.sock'
    'SUPERVISOR_PROCESS_NAME' => 'php-fpm'
    'SUPERVISOR_GROUP_NAME' => 'php-fpm'
    'HTTP_X_REQUESTED_WITH' => 'XMLHttpRequest'
    'HTTP_X_REGISTERED_JS_FILES' => '6276b818'
    'HTTP_X_REGISTERED_ASSET_BUNDLES' => '815d39ea,92d8701,22e517a2,aee7f8dc,26c46c25,e505ffd6,6b4d7555,bb2f10a0,e5e48399,fc0bc163,1ccab40d,1e21896b,54698ee0,b842675b,1c3c9add,4b1fd285,d8d08e47,8f00ce04,8768f48b,cf3018d6,ec6d0256,e7c1329,7b7669ac,75f47f25'
    'HTTP_X_REAL_IP' => '172.18.0.1'
    'HTTP_X_FORWARDED_SERVER' => 'e6a50fd17528'
    'HTTP_X_FORWARDED_PROTO' => 'https'
    'HTTP_X_FORWARDED_PORT' => '443'
    'HTTP_X_FORWARDED_HOST' => 'derschmuckmacher-v3.ddev.site'
    'HTTP_X_FORWARDED_FOR' => '172.18.0.1'
    'HTTP_X_CSRF_TOKEN' => '••••••••••••••••••••••••••••••••••••••••••••••••••••••••••••••••••••••••••••••••••••••••••••••••••••••••••••••••••••••••••••••••••••••••••••••••••••••••••••••••••••••••••••••••••••••••••••••••••••••••••••••••••••••••••••••••••••••••••••••••••••••••••••••••••••••••••••••••••••••••••••••••••••••••••••••••••••••••••••••••••••••••••••••••••••••••••••••••••••••••••••••••••••••••••••••••••••••••'
    'HTTP_TE' => 'trailers'
    'HTTP_SEC_GPC' => '1'
    'HTTP_SEC_FETCH_SITE' => 'same-origin'
    'HTTP_SEC_FETCH_MODE' => 'cors'
    'HTTP_SEC_FETCH_DEST' => 'empty'
    'HTTP_REFERER' => 'https://derschmuckmacher-v3.ddev.site/dW2axQ3b/content/entries/singles/7186-impressum?returnUrl=https%3A//derschmuckmacher-v3.ddev.site/dW2axQ3b/content/entries/singles%3AQS%3Asource%3Dsingles'
    'HTTP_ORIGIN' => 'https://derschmuckmacher-v3.ddev.site'
    'HTTP_COOKIE' => 'a8b7b1ec9ffb8baf2c6eaa253fe57112_username=26b9ec8568da68d3882e55afaa5d203483c6c5810ee05b5a55c8a0eb10cab93ea%3A2%3A%7Bi%3A0%3Bs%3A41%3A%22a8b7b1ec9ffb8baf2c6eaa253fe57112_username%22%3Bi%3A1%3Bs%3A8%3A%22odegiuli%22%3B%7D; CraftSessionId=biudticgnvahpvc8nukk8ac1vc; CRAFT_CSRF_TOKEN=f24bdf1e9b1a034ee7b31fc7240bdef700af95a681404c14421efa33013a169ca%3A2%3A%7Bi%3A0%3Bs%3A16%3A%22CRAFT_CSRF_TOKEN%22%3Bi%3A1%3Bs%3A147%3A%22o35JaTMOK5SlzzOXxon1Bn7gy1-9PEHqnAYwYjz9%7C89e454564122d06c6a70a599ac0d3b19a34e4201342f82ce4b9247f607434cc9o35JaTMOK5SlzzOXxon1Bn7gy1-9PEHqnAYwYjz9%7C1%22%3B%7D; a8b7b1ec9ffb8baf2c6eaa253fe57112_identity=c05e269f9a86048999710c6067062a4ab8b9b72b60032bdd4aede461abe99f6aa%3A2%3A%7Bi%3A0%3Bs%3A41%3A%22a8b7b1ec9ffb8baf2c6eaa253fe57112_identity%22%3Bi%3A1%3Bs%3A159%3A%22%5B1%2C%22%5B%5C%22y9F6YHmR9qC8Xsvv_urYFspDlXSsXsFbHDHDiokNRXLEUFEEKTo2W7iJ97zgt_AgvxoJgpgTjLnE5pS-azRIHVI1lD_VNxCU5lGK%5C%22%2Cnull%2C%5C%22fd3cbf9ed3a1f5fe86c1a53cec2d55ae%5C%22%5D%22%2C3600%5D%22%3B%7D; Craft-3626ffc1-d0a3-42e3-98aa-37e8aa759561_sidebar=expanded; Craft-3626ffc1-d0a3-42e3-98aa-37e8aa759561_sidebar-details=expanded; cookieconsent_status=allow'
    'HTTP_ACCEPT_LANGUAGE' => 'de,en-US;q=0.9,en;q=0.8'
    'HTTP_ACCEPT_ENCODING' => 'gzip, deflate, br, zstd'
    'HTTP_ACCEPT' => 'application/json, text/plain, */*'
    'HTTP_CONTENT_LENGTH' => '0'
    'HTTP_USER_AGENT' => 'Mozilla/5.0 (Macintosh; Intel Mac OS X 10.15; rv:151.0) Gecko/20100101 Firefox/151.0'
    'HTTP_HOST' => 'derschmuckmacher-v3.ddev.site'
    'HTTPS' => 'on'
    'REDIRECT_STATUS' => '200'
    'SERVER_NAME' => 'derschmuckmacher-v3.ddev.site'
    'SERVER_PORT' => '80'
    'SERVER_ADDR' => '172.18.0.4'
    'REMOTE_PORT' => '50620'
    'REMOTE_ADDR' => '172.18.0.5'
    'SERVER_SOFTWARE' => 'nginx/1.28.0'
    'GATEWAY_INTERFACE' => 'CGI/1.1'
    'REQUEST_SCHEME' => 'http'
    'SERVER_PROTOCOL' => 'HTTP/1.1'
    'DOCUMENT_ROOT' => '/var/www/html/web'
    'DOCUMENT_URI' => '/index.php'
    'REQUEST_URI' => '/index.php?p=dW2axQ3b%2Factions%2Fqueue%2Frun&v=1779891442096'
    'CONTENT_LENGTH' => '0'
    'CONTENT_TYPE' => ''
    'REQUEST_METHOD' => 'POST'
    'QUERY_STRING' => 'p=dW2axQ3b%2Factions%2Fqueue%2Frun&v=1779891442096'
    'SCRIPT_NAME' => '/index.php'
    'SCRIPT_FILENAME' => '/var/www/html/web/index.php'
    'FCGI_ROLE' => 'RESPONDER'
    'PHP_SELF' => '/index.php'
    'REQUEST_TIME_FLOAT' => 1779891442.0993
    'REQUEST_TIME' => 1779891442
    'CRAFT_APP_ID' => 'CraftCMS--3933bc78-29f5-4b79-bcc5-c31faf0fcd20'
    'CRAFT_ENVIRONMENT' => 'dev'
    'ENVIRONMENT' => 'dev'
    'CRAFT_SECURITY_KEY' => '••••••••••••••••••••••••••••••••'
    'CP_TRIGGER' => 'dW2axQ3b'
    'CRAFT_DB_SCHEMA' => 'public'
    'CRAFT_DB_TABLE_PREFIX' => ''
    'CRAFT_DB_CHARSET' => 'utf8mb4'
    'CRAFT_DB_COLLATION' => 'utf8mb4_unicode_ci'
    'DEV_MODE' => 'true'
    'ALLOW_ADMIN_CHANGES' => 'true'
    'DISALLOW_ROBOTS' => 'true'
    'TIMEZONE' => 'Europe/Zurich'
    'CAPTCHA_SITE_KEY' => '••••••••••••••••••••••••••••••••••••••••'
    'CAPTCHA_SECRET_KEY' => '••••••••••••••••••••••••••••••••••••••••'
    'WEB_URL' => 'https://derschmuckmacher-v3.ddev.site'
    'WEB_ROOT' => '/var/www/html/web'
    'ASSETS_BASE_URL' => 'https://derschmuckmacher-v3.ddev.site/public'
    'ASSETS_BASE_PATH' => '/var/www/html/web/public'
    'SCHMUCK_BASE_URL' => 'https://derschmuckmacher-v3.ddev.site/public/uploads/schmuck'
    'SCHMUCK_BASE_PATH' => '/var/www/html/web/public/uploads/schmuck'
    'BILDER_BASE_URL' => 'https://derschmuckmacher-v3.ddev.site/public/uploads/bilder'
    'BILDER_BASE_PATH' => '/var/www/html/web/public/uploads/bilder'
] {"environment":"dev","userId":1} 
2026-05-27 16:17:57 [queue.INFO] [yii\db\Connection::open] Opening DB connection: mysql:host=db;dbname=db;port=3306 {"memory":1102160} 
2026-05-27 16:17:57 [queue.INFO] [yii\web\Session::open] Session started {"memory":1526432} 
2026-05-27 16:17:57 [queue.INFO] [nystudio107\codeeditor\CodeEditor::bootstrap] CodeEditor module bootstrapped {"memory":1550768} 
2026-05-27 16:17:57 [queue.INFO] [adigital\cookieconsentbanner\CookieConsentBanner::init] Cookie Consent Banner plugin loaded {"memory":1768632} 
2026-05-27 16:17:57 [queue.INFO] [miranj\obfuscator\Obfuscator::init] Obfuscator plugin loaded {"memory":2729488} 
2026-05-27 16:17:57 [queue.INFO] [yii\db\Connection::open] Opening DB connection: mysql:host=db;dbname=db;port=3306 {"memory":2997832} 
2026-05-27 16:17:57 [queue.INFO] [craft\queue\QueueLogBehavior::beforeExec]  [40844] t9n:["app","Generating image transform for {file}",{"file":"raumundinhalt_logo.svg"}] (attempt: 1, pid: 1736) - Started {"memory":3056200} 
2026-05-27 16:17:57 [queue.INFO] [craft\queue\QueueLogBehavior::afterExec]  [40844] t9n:["app","Generating image transform for {file}",{"file":"raumundinhalt_logo.svg"}] (attempt: 1, pid: 1736) - Done (time: 0.000s) {"memory":3063512} 
2026-05-27 16:17:57 [queue.INFO] [craft\queue\QueueLogBehavior::beforeExec]  [40845] t9n:["app","Generating image transform for {file}",{"file":"raumundinhalt_logo.svg"}] (attempt: 1, pid: 1736) - Started {"memory":3077128} 
2026-05-27 16:17:57 [queue.INFO] [craft\queue\QueueLogBehavior::afterExec]  [40845] t9n:["app","Generating image transform for {file}",{"file":"raumundinhalt_logo.svg"}] (attempt: 1, pid: 1736) - Done (time: 0.010s) {"memory":3238296} 
2026-05-27 16:17:57 [queue.INFO] [craft\queue\QueueLogBehavior::beforeExec]  [40846] t9n:["app","Updating search indexes"] (attempt: 1, pid: 1736) - Started {"memory":3246648} 
2026-05-27 16:17:57 [queue.INFO] [craft\queue\QueueLogBehavior::afterExec]  [40846] t9n:["app","Updating search indexes"] (attempt: 1, pid: 1736) - Done (time: 0.010s) {"memory":3900504} 
2026-05-27 16:17:57 [queue.INFO] [craft\queue\QueueLogBehavior::beforeExec]  [40847] t9n:["app","Updating search indexes"] (attempt: 1, pid: 1736) - Started {"memory":3908856} 
2026-05-27 16:17:57 [queue.INFO] [craft\queue\QueueLogBehavior::afterExec]  [40847] t9n:["app","Updating search indexes"] (attempt: 1, pid: 1736) - Done (time: 0.001s) {"memory":4011688} 
2026-05-27 16:17:57 [queue.INFO] [craft\queue\QueueLogBehavior::beforeExec]  [40848] t9n:["app","Updating search indexes"] (attempt: 1, pid: 1736) - Started {"memory":4019672} 
2026-05-27 16:17:57 [queue.INFO] [craft\queue\QueueLogBehavior::afterExec]  [40848] t9n:["app","Updating search indexes"] (attempt: 1, pid: 1736) - Done (time: 0.000s) {"memory":4021096} 
2026-05-27 16:17:57 [queue.INFO] [craft\queue\QueueLogBehavior::beforeExec]  [40849] t9n:["app","Updating search indexes"] (attempt: 1, pid: 1736) - Started {"memory":4029080} 
2026-05-27 16:17:57 [queue.INFO] [craft\queue\QueueLogBehavior::afterExec]  [40849] t9n:["app","Updating search indexes"] (attempt: 1, pid: 1736) - Done (time: 0.000s) {"memory":4030504} 
2026-05-27 16:17:57 [queue.INFO] [craft\queue\QueueLogBehavior::beforeExec]  [40850] t9n:["app","Updating search indexes"] (attempt: 1, pid: 1736) - Started {"memory":4038488} 
2026-05-27 16:17:57 [queue.INFO] [craft\queue\QueueLogBehavior::afterExec]  [40850] t9n:["app","Updating search indexes"] (attempt: 1, pid: 1736) - Done (time: 0.000s) {"memory":4039912} 
2026-05-27 16:17:57 [queue.INFO] [craft\queue\QueueLogBehavior::beforeExec]  [40851] t9n:["app","Updating search indexes"] (attempt: 1, pid: 1736) - Started {"memory":4047896} 
2026-05-27 16:17:57 [queue.INFO] [craft\queue\QueueLogBehavior::afterExec]  [40851] t9n:["app","Updating search indexes"] (attempt: 1, pid: 1736) - Done (time: 0.000s) {"memory":4049320} 
2026-05-27 16:17:57 [queue.INFO] [craft\queue\QueueLogBehavior::beforeExec]  [40852] t9n:["app","Updating search indexes"] (attempt: 1, pid: 1736) - Started {"memory":4057304} 
2026-05-27 16:17:57 [queue.INFO] [craft\queue\QueueLogBehavior::afterExec]  [40852] t9n:["app","Updating search indexes"] (attempt: 1, pid: 1736) - Done (time: 0.000s) {"memory":4058728} 
2026-05-27 16:17:57 [queue.INFO] [craft\queue\QueueLogBehavior::beforeExec]  [40853] t9n:["app","Updating search indexes"] (attempt: 1, pid: 1736) - Started {"memory":4066712} 
2026-05-27 16:17:57 [queue.INFO] [craft\queue\QueueLogBehavior::afterExec]  [40853] t9n:["app","Updating search indexes"] (attempt: 1, pid: 1736) - Done (time: 0.006s) {"memory":4514384} 
2026-05-27 16:17:57 [queue.INFO] [craft\queue\QueueLogBehavior::beforeExec]  [40854] t9n:["app","Updating search indexes"] (attempt: 1, pid: 1736) - Started {"memory":4522368} 
2026-05-27 16:17:57 [queue.INFO] [craft\queue\QueueLogBehavior::afterExec]  [40854] t9n:["app","Updating search indexes"] (attempt: 1, pid: 1736) - Done (time: 0.002s) {"memory":4780200} 
2026-05-27 16:17:57 [queue.INFO] [craft\queue\QueueLogBehavior::beforeExec]  [40855] t9n:["app","Pruning extra revisions"] (attempt: 1, pid: 1736) - Started {"memory":4788184} 
2026-05-27 16:17:57 [queue.INFO] [craft\queue\QueueLogBehavior::afterExec]  [40855] t9n:["app","Pruning extra revisions"] (attempt: 1, pid: 1736) - Done (time: 0.000s) {"memory":4880832} 
2026-05-27 16:17:57 [queue.INFO] [craft\queue\QueueLogBehavior::beforeExec]  [40856] t9n:["app","Pruning extra revisions"] (attempt: 1, pid: 1736) - Started {"memory":4888816} 
2026-05-27 16:17:57 [queue.INFO] [craft\queue\QueueLogBehavior::afterExec]  [40856] t9n:["app","Pruning extra revisions"] (attempt: 1, pid: 1736) - Done (time: 0.000s) {"memory":4981432} 
2026-05-27 16:17:57 [queue.INFO] [application] Request context:
$_GET = [
    'p' => 'dW2axQ3b/actions/queue/run'
    'v' => '1779891477624'
]

$_POST = []

$_FILES = []

$_COOKIE = [
    'a8b7b1ec9ffb8baf2c6eaa253fe57112_username' => '26b9ec8568da68d3882e55afaa5d203483c6c5810ee05b5a55c8a0eb10cab93ea:2:{i:0;s:41:\"a8b7b1ec9ffb8baf2c6eaa253fe57112_username\";i:1;s:8:\"odegiuli\";}'
    'CraftSessionId' => 'biudticgnvahpvc8nukk8ac1vc'
    'CRAFT_CSRF_TOKEN' => '••••••••••••••••••••••••••••••••••••••••••••••••••••••••••••••••••••••••••••••••••••••••••••••••••••••••••••••••••••••••••••••••••••••••••••••••••••••••••••••••••••••••••••••••••••••••••••••••••••••••••••••••••••••••••••••••••••••••••••••••••••••••••••••••••'
    'a8b7b1ec9ffb8baf2c6eaa253fe57112_identity' => 'c05e269f9a86048999710c6067062a4ab8b9b72b60032bdd4aede461abe99f6aa:2:{i:0;s:41:\"a8b7b1ec9ffb8baf2c6eaa253fe57112_identity\";i:1;s:159:\"[1,\"[\\\"y9F6YHmR9qC8Xsvv_urYFspDlXSsXsFbHDHDiokNRXLEUFEEKTo2W7iJ97zgt_AgvxoJgpgTjLnE5pS-azRIHVI1lD_VNxCU5lGK\\\",null,\\\"fd3cbf9ed3a1f5fe86c1a53cec2d55ae\\\"]\",3600]\";}'
    'Craft-3626ffc1-d0a3-42e3-98aa-37e8aa759561_sidebar' => 'expanded'
    'Craft-3626ffc1-d0a3-42e3-98aa-37e8aa759561_sidebar-details' => 'expanded'
    'cookieconsent_status' => 'allow'
]

$_SESSION = [
    '22b6a59deafcfb2ffb13c3adf3d98a3b__flash' => []
    'a8b7b1ec9ffb8baf2c6eaa253fe57112__token' => '••••••••••••••••••••••••••••••••••••••••••••••••••••••••••••••••••••••••••••••••••••••••••••••••••••'
    'a8b7b1ec9ffb8baf2c6eaa253fe57112__id' => 1
    '__authKey' => '••••••••••••••••••••••••••••••••••••••••••••••••••••••••••••••••••••••••••••••••••••••••••••••••••••••••••••••••••••••••••••••••••••••••••••••••'
    'a8b7b1ec9ffb8baf2c6eaa253fe57112__expire' => 1779895077
    '__duration' => 3600
    '__elevated_timeout' => 1779891115
    '22b6a59deafcfb2ffb13c3adf3d98a3b__auth_access' => [
        0 => 'previewElement:7186'
        1 => 'saveAssets:856a3aeb-b21b-4d41-af3f-0a23db430323'
        2 => 'previewDraft:1050'
        3 => 'previewDraft:1052'
        4 => 'previewDraft:1054'
        5 => 'previewDraft:1056'
    ]
]

$_SERVER = [
    'DEPLOY_NAME' => 'local'
    'DDEV_WEBSERVER_TYPE' => 'nginx-fpm'
    'npm_config_cache' => '/mnt/ddev-global-cache/npm'
    'COREPACK_ENABLE_DOWNLOAD_PROMPT' => '0'
    'DDEV_GOOS' => 'darwin'
    'IS_DDEV_PROJECT' => 'true'
    'PHP_DEFAULT_VERSION' => '8.3'
    'HOSTNAME' => 'derschmuckmacher-v3-web'
    'MAILPIT_SMTP_PORT' => '1025'
    'MH_SMTP_BIND_ADDR' => '127.0.0.1:1025'
    'DDEV_PRIMARY_URL_WITHOUT_PORT' => 'https://derschmuckmacher-v3.ddev.site'
    'CRAFT_DB_PORT' => '3306'
    'SSH_AUTH_SOCK' => '/home/.ssh-agent/socket'
    'DDEV_GID' => '20'
    'NODE_EXTRA_CA_CERTS' => '/mnt/ddev-global-cache/mkcert/rootCA.pem'
    'DOCKER_IP' => '127.0.0.1'
    'PGPASSWORD' => 'db'
    'CRAFT_WEB_ROOT' => '/var/www/html/web'
    'DDEV_DOCROOT' => 'web'
    'PWD' => '/var/www/html'
    'PLATFORMSH_CLI_UPDATES_CHECK' => '0'
    'DDEV_APPROOT' => '/var/www/html'
    'DDEV_FILES_DIR' => ''
    'START_SCRIPT_TIMEOUT' => '57'
    'APACHE_SITE_TEMPLATE' => '/etc/apache2/apache-site.conf'
    'PHP_INI' => '/etc/php/8.3/fpm/php.ini'
    'DDEV_VERSION' => 'v1.24.10'
    'PRIMARY_SITE_URL' => 'https://derschmuckmacher-v3.ddev.site'
    'TZ' => 'Europe/Zurich'
    'DDEV_XHPROF_MODE' => 'prepend'
    'HTTPS_EXPOSE' => '443:80,8026:8025'
    'COREPACK_HOME' => '/mnt/ddev-global-cache/corepack'
    'CRAFT_DB_DATABASE' => 'db'
    'DDEV_PRIMARY_URL' => 'https://derschmuckmacher-v3.ddev.site'
    'LINES' => '6'
    'DDEV_SITENAME' => 'derschmuckmacher-v3'
    'HOME' => '/home/omar'
    'DRUSH_OPTIONS_URI' => 'https://derschmuckmacher-v3.ddev.site'
    'LANG' => 'C.UTF-8'
    'COLUMNS' => '371'
    'DDEV_MUTAGEN_ENABLED' => 'true'
    'DDEV_USER' => 'omar'
    'PGUSER' => 'db'
    'TERMINUS_CACHE_DIR' => '/mnt/ddev-global-cache/terminus/cache'
    'DDEV_PRIMARY_URL_PORT' => '443'
    'DDEV_ROUTER_HTTP_PORT' => '80'
    'MAILPIT_SMTP_HOSTNAME' => '127.0.0.1'
    'CRAFT_DB_DRIVER' => 'mysql'
    'COMPOSER_PROCESS_TIMEOUT' => '2000'
    'NGINX_SITE_TEMPLATE' => '/etc/nginx/nginx-site.conf'
    'DDEV_FILES_DIRS' => ''
    'CRAFT_DB_SERVER' => 'db'
    'HTTP_EXPOSE' => '80:80,8025:8025'
    'NVM_DIR' => '/home/omar/.nvm'
    'DDEV_PHP_VERSION' => '8.3'
    'DDEV_TLD' => 'ddev.site'
    'DDEV_HOSTNAME' => 'derschmuckmacher-v3.ddev.site'
    'DDEV_PROJECT' => 'derschmuckmacher-v3'
    'DDEV_GOARCH' => 'arm64'
    'VIRTUAL_HOST' => 'derschmuckmacher-v3.ddev.site'
    'TERM' => 'xterm'
    'USER' => 'omar'
    'MYSQL_HISTFILE' => '/mnt/ddev-global-cache/mysqlhistory/derschmuckmacher-v3-web/mysql_history'
    'DDEV_WEB_ENTRYPOINT' => '/mnt/ddev_config/web-entrypoint.d'
    'DDEV_UID' => '501'
    'CAROOT' => '/mnt/ddev-global-cache/mkcert'
    'SHLVL' => '1'
    'COMPOSER_ALLOW_SUPERUSER' => '1'
    'BASH_ENV' => '/etc/bash.nointeractive.bashrc'
    'DDEV_DATABASE' => 'mysql:8.0'
    'PGDATABASE' => 'db'
    'CRAFT_DB_USER' => 'db'
    'DDEV_SCHEME' => 'https'
    'XHPROF_OUTPUT_DIR' => '/tmp/xhprof'
    'COMPOSER_CACHE_DIR' => '/mnt/ddev-global-cache/composer'
    'DDEV_XDEBUG_ENABLED' => 'false'
    'DDEV_DATABASE_FAMILY' => 'mysql'
    'PGHOST' => 'db'
    'DDEV_COMPOSER_ROOT' => '/var/www/html'
    'CRAFT_DB_PASSWORD' => '••'
    'DOCROOT' => 'web'
    'TERMINUS_HIDE_UPDATE_MESSAGE' => '1'
    'PATH' => '/home/omar/bin:/var/www/html/vendor/bin:/usr/local/sbin:/usr/local/bin:/usr/sbin:/usr/bin:/sbin:/bin:/var/www/html/bin:/mnt/ddev-global-cache/global-commands/web'
    'HOST_DOCKER_INTERNAL_IP' => ''
    'DDEV_PROJECT_TYPE' => 'craftcms'
    'DEBIAN_FRONTEND' => 'noninteractive'
    'DDEV_ROUTER_HTTPS_PORT' => '443'
    'EXECIGNORE' => '/var/www/html/vendor/bin/composer'
    'SUPERVISOR_ENABLED' => '1'
    'SUPERVISOR_SERVER_URL' => 'unix:///var/run/supervisor.sock'
    'SUPERVISOR_PROCESS_NAME' => 'php-fpm'
    'SUPERVISOR_GROUP_NAME' => 'php-fpm'
    'HTTP_X_REQUESTED_WITH' => 'XMLHttpRequest'
    'HTTP_X_REGISTERED_JS_FILES' => '6276b818'
    'HTTP_X_REGISTERED_ASSET_BUNDLES' => '815d39ea,92d8701,22e517a2,aee7f8dc,26c46c25,e505ffd6,6b4d7555,bb2f10a0,e5e48399,fc0bc163,1ccab40d,1e21896b,54698ee0,b842675b,1c3c9add,4b1fd285,d8d08e47,8f00ce04,8768f48b,cf3018d6,ec6d0256,e7c1329,7b7669ac,75f47f25'
    'HTTP_X_REAL_IP' => '172.18.0.1'
    'HTTP_X_FORWARDED_SERVER' => 'e6a50fd17528'
    'HTTP_X_FORWARDED_PROTO' => 'https'
    'HTTP_X_FORWARDED_PORT' => '443'
    'HTTP_X_FORWARDED_HOST' => 'derschmuckmacher-v3.ddev.site'
    'HTTP_X_FORWARDED_FOR' => '172.18.0.1'
    'HTTP_X_CSRF_TOKEN' => '••••••••••••••••••••••••••••••••••••••••••••••••••••••••••••••••••••••••••••••••••••••••••••••••••••••••••••••••••••••••••••••••••••••••••••••••••••••••••••••••••••••••••••••••••••••••••••••••••••••••••••••••••••••••••••••••••••••••••••••••••••••••••••••••••••••••••••••••••••••••••••••••••••••••••••••••••••••••••••••••••••••••••••••••••••••••••••••••••••••••••••••••••••••••••••••••••••••••'
    'HTTP_TE' => 'trailers'
    'HTTP_SEC_GPC' => '1'
    'HTTP_SEC_FETCH_SITE' => 'same-origin'
    'HTTP_SEC_FETCH_MODE' => 'cors'
    'HTTP_SEC_FETCH_DEST' => 'empty'
    'HTTP_REFERER' => 'https://derschmuckmacher-v3.ddev.site/dW2axQ3b/content/entries/singles/7186-impressum?returnUrl=https%3A//derschmuckmacher-v3.ddev.site/dW2axQ3b/content/entries/singles%3AQS%3Asource%3Dsingles'
    'HTTP_ORIGIN' => 'https://derschmuckmacher-v3.ddev.site'
    'HTTP_COOKIE' => 'a8b7b1ec9ffb8baf2c6eaa253fe57112_username=26b9ec8568da68d3882e55afaa5d203483c6c5810ee05b5a55c8a0eb10cab93ea%3A2%3A%7Bi%3A0%3Bs%3A41%3A%22a8b7b1ec9ffb8baf2c6eaa253fe57112_username%22%3Bi%3A1%3Bs%3A8%3A%22odegiuli%22%3B%7D; CraftSessionId=biudticgnvahpvc8nukk8ac1vc; CRAFT_CSRF_TOKEN=f24bdf1e9b1a034ee7b31fc7240bdef700af95a681404c14421efa33013a169ca%3A2%3A%7Bi%3A0%3Bs%3A16%3A%22CRAFT_CSRF_TOKEN%22%3Bi%3A1%3Bs%3A147%3A%22o35JaTMOK5SlzzOXxon1Bn7gy1-9PEHqnAYwYjz9%7C89e454564122d06c6a70a599ac0d3b19a34e4201342f82ce4b9247f607434cc9o35JaTMOK5SlzzOXxon1Bn7gy1-9PEHqnAYwYjz9%7C1%22%3B%7D; a8b7b1ec9ffb8baf2c6eaa253fe57112_identity=c05e269f9a86048999710c6067062a4ab8b9b72b60032bdd4aede461abe99f6aa%3A2%3A%7Bi%3A0%3Bs%3A41%3A%22a8b7b1ec9ffb8baf2c6eaa253fe57112_identity%22%3Bi%3A1%3Bs%3A159%3A%22%5B1%2C%22%5B%5C%22y9F6YHmR9qC8Xsvv_urYFspDlXSsXsFbHDHDiokNRXLEUFEEKTo2W7iJ97zgt_AgvxoJgpgTjLnE5pS-azRIHVI1lD_VNxCU5lGK%5C%22%2Cnull%2C%5C%22fd3cbf9ed3a1f5fe86c1a53cec2d55ae%5C%22%5D%22%2C3600%5D%22%3B%7D; Craft-3626ffc1-d0a3-42e3-98aa-37e8aa759561_sidebar=expanded; Craft-3626ffc1-d0a3-42e3-98aa-37e8aa759561_sidebar-details=expanded; cookieconsent_status=allow'
    'HTTP_ACCEPT_LANGUAGE' => 'de,en-US;q=0.9,en;q=0.8'
    'HTTP_ACCEPT_ENCODING' => 'gzip, deflate, br, zstd'
    'HTTP_ACCEPT' => 'application/json, text/plain, */*'
    'HTTP_CONTENT_LENGTH' => '0'
    'HTTP_USER_AGENT' => 'Mozilla/5.0 (Macintosh; Intel Mac OS X 10.15; rv:151.0) Gecko/20100101 Firefox/151.0'
    'HTTP_HOST' => 'derschmuckmacher-v3.ddev.site'
    'HTTPS' => 'on'
    'REDIRECT_STATUS' => '200'
    'SERVER_NAME' => 'derschmuckmacher-v3.ddev.site'
    'SERVER_PORT' => '80'
    'SERVER_ADDR' => '172.18.0.4'
    'REMOTE_PORT' => '44966'
    'REMOTE_ADDR' => '172.18.0.5'
    'SERVER_SOFTWARE' => 'nginx/1.28.0'
    'GATEWAY_INTERFACE' => 'CGI/1.1'
    'REQUEST_SCHEME' => 'http'
    'SERVER_PROTOCOL' => 'HTTP/1.1'
    'DOCUMENT_ROOT' => '/var/www/html/web'
    'DOCUMENT_URI' => '/index.php'
    'REQUEST_URI' => '/index.php?p=dW2axQ3b%2Factions%2Fqueue%2Frun&v=1779891477624'
    'CONTENT_LENGTH' => '0'
    'CONTENT_TYPE' => ''
    'REQUEST_METHOD' => 'POST'
    'QUERY_STRING' => 'p=dW2axQ3b%2Factions%2Fqueue%2Frun&v=1779891477624'
    'SCRIPT_NAME' => '/index.php'
    'SCRIPT_FILENAME' => '/var/www/html/web/index.php'
    'FCGI_ROLE' => 'RESPONDER'
    'PHP_SELF' => '/index.php'
    'REQUEST_TIME_FLOAT' => 1779891477.6321
    'REQUEST_TIME' => 1779891477
    'CRAFT_APP_ID' => 'CraftCMS--3933bc78-29f5-4b79-bcc5-c31faf0fcd20'
    'CRAFT_ENVIRONMENT' => 'dev'
    'ENVIRONMENT' => 'dev'
    'CRAFT_SECURITY_KEY' => '••••••••••••••••••••••••••••••••'
    'CP_TRIGGER' => 'dW2axQ3b'
    'CRAFT_DB_SCHEMA' => 'public'
    'CRAFT_DB_TABLE_PREFIX' => ''
    'CRAFT_DB_CHARSET' => 'utf8mb4'
    'CRAFT_DB_COLLATION' => 'utf8mb4_unicode_ci'
    'DEV_MODE' => 'true'
    'ALLOW_ADMIN_CHANGES' => 'true'
    'DISALLOW_ROBOTS' => 'true'
    'TIMEZONE' => 'Europe/Zurich'
    'CAPTCHA_SITE_KEY' => '••••••••••••••••••••••••••••••••••••••••'
    'CAPTCHA_SECRET_KEY' => '••••••••••••••••••••••••••••••••••••••••'
    'WEB_URL' => 'https://derschmuckmacher-v3.ddev.site'
    'WEB_ROOT' => '/var/www/html/web'
    'ASSETS_BASE_URL' => 'https://derschmuckmacher-v3.ddev.site/public'
    'ASSETS_BASE_PATH' => '/var/www/html/web/public'
    'SCHMUCK_BASE_URL' => 'https://derschmuckmacher-v3.ddev.site/public/uploads/schmuck'
    'SCHMUCK_BASE_PATH' => '/var/www/html/web/public/uploads/schmuck'
    'BILDER_BASE_URL' => 'https://derschmuckmacher-v3.ddev.site/public/uploads/bilder'
    'BILDER_BASE_PATH' => '/var/www/html/web/public/uploads/bilder'
] {"environment":"dev","userId":1} 
2026-05-27 16:18:13 [queue.INFO] [yii\db\Connection::open] Opening DB connection: mysql:host=db;dbname=db;port=3306 {"memory":1102160} 
2026-05-27 16:18:13 [queue.INFO] [yii\web\Session::open] Session started {"memory":1526448} 
2026-05-27 16:18:13 [queue.INFO] [nystudio107\codeeditor\CodeEditor::bootstrap] CodeEditor module bootstrapped {"memory":1550784} 
2026-05-27 16:18:13 [queue.INFO] [adigital\cookieconsentbanner\CookieConsentBanner::init] Cookie Consent Banner plugin loaded {"memory":1768648} 
2026-05-27 16:18:13 [queue.INFO] [miranj\obfuscator\Obfuscator::init] Obfuscator plugin loaded {"memory":2729504} 
2026-05-27 16:18:13 [queue.INFO] [yii\db\Connection::open] Opening DB connection: mysql:host=db;dbname=db;port=3306 {"memory":2997848} 
2026-05-27 16:18:13 [queue.INFO] [craft\queue\QueueLogBehavior::beforeExec]  [40857] t9n:["app","Updating search indexes"] (attempt: 1, pid: 1736) - Started {"memory":3056632} 
2026-05-27 16:18:13 [queue.INFO] [craft\queue\QueueLogBehavior::afterExec]  [40857] t9n:["app","Updating search indexes"] (attempt: 1, pid: 1736) - Done (time: 0.010s) {"memory":3655856} 
2026-05-27 16:18:13 [queue.INFO] [craft\queue\QueueLogBehavior::beforeExec]  [40858] t9n:["app","Updating search indexes"] (attempt: 1, pid: 1736) - Started {"memory":3663888} 
2026-05-27 16:18:13 [queue.INFO] [craft\queue\QueueLogBehavior::afterExec]  [40858] t9n:["app","Updating search indexes"] (attempt: 1, pid: 1736) - Done (time: 0.001s) {"memory":3766720} 
2026-05-27 16:18:13 [queue.INFO] [craft\queue\QueueLogBehavior::beforeExec]  [40859] t9n:["app","Updating search indexes"] (attempt: 1, pid: 1736) - Started {"memory":3774704} 
2026-05-27 16:18:13 [queue.INFO] [craft\queue\QueueLogBehavior::afterExec]  [40859] t9n:["app","Updating search indexes"] (attempt: 1, pid: 1736) - Done (time: 0.006s) {"memory":4278600} 
2026-05-27 16:18:13 [queue.INFO] [craft\queue\QueueLogBehavior::beforeExec]  [40860] t9n:["app","Updating search indexes"] (attempt: 1, pid: 1736) - Started {"memory":4286584} 
2026-05-27 16:18:13 [queue.INFO] [craft\queue\QueueLogBehavior::afterExec]  [40860] t9n:["app","Updating search indexes"] (attempt: 1, pid: 1736) - Done (time: 0.003s) {"memory":4550048} 
2026-05-27 16:18:13 [queue.INFO] [craft\queue\QueueLogBehavior::beforeExec]  [40861] t9n:["app","Pruning extra revisions"] (attempt: 1, pid: 1736) - Started {"memory":4558032} 
2026-05-27 16:18:13 [queue.INFO] [craft\queue\QueueLogBehavior::afterExec]  [40861] t9n:["app","Pruning extra revisions"] (attempt: 1, pid: 1736) - Done (time: 0.000s) {"memory":4650680} 
2026-05-27 16:18:13 [queue.INFO] [craft\queue\QueueLogBehavior::beforeExec]  [40862] t9n:["app","Pruning extra revisions"] (attempt: 1, pid: 1736) - Started {"memory":4658664} 
2026-05-27 16:18:13 [queue.INFO] [craft\queue\QueueLogBehavior::afterExec]  [40862] t9n:["app","Pruning extra revisions"] (attempt: 1, pid: 1736) - Done (time: 0.000s) {"memory":4751280} 
2026-05-27 16:18:13 [queue.INFO] [application] Request context:
$_GET = [
    'p' => 'dW2axQ3b/actions/queue/run'
    'v' => '1779891493174'
]

$_POST = []

$_FILES = []

$_COOKIE = [
    'a8b7b1ec9ffb8baf2c6eaa253fe57112_username' => '26b9ec8568da68d3882e55afaa5d203483c6c5810ee05b5a55c8a0eb10cab93ea:2:{i:0;s:41:\"a8b7b1ec9ffb8baf2c6eaa253fe57112_username\";i:1;s:8:\"odegiuli\";}'
    'CraftSessionId' => 'biudticgnvahpvc8nukk8ac1vc'
    'CRAFT_CSRF_TOKEN' => '••••••••••••••••••••••••••••••••••••••••••••••••••••••••••••••••••••••••••••••••••••••••••••••••••••••••••••••••••••••••••••••••••••••••••••••••••••••••••••••••••••••••••••••••••••••••••••••••••••••••••••••••••••••••••••••••••••••••••••••••••••••••••••••••••'
    'a8b7b1ec9ffb8baf2c6eaa253fe57112_identity' => 'c05e269f9a86048999710c6067062a4ab8b9b72b60032bdd4aede461abe99f6aa:2:{i:0;s:41:\"a8b7b1ec9ffb8baf2c6eaa253fe57112_identity\";i:1;s:159:\"[1,\"[\\\"y9F6YHmR9qC8Xsvv_urYFspDlXSsXsFbHDHDiokNRXLEUFEEKTo2W7iJ97zgt_AgvxoJgpgTjLnE5pS-azRIHVI1lD_VNxCU5lGK\\\",null,\\\"fd3cbf9ed3a1f5fe86c1a53cec2d55ae\\\"]\",3600]\";}'
    'Craft-3626ffc1-d0a3-42e3-98aa-37e8aa759561_sidebar' => 'expanded'
    'Craft-3626ffc1-d0a3-42e3-98aa-37e8aa759561_sidebar-details' => 'expanded'
    'cookieconsent_status' => 'allow'
]

$_SESSION = [
    '22b6a59deafcfb2ffb13c3adf3d98a3b__flash' => []
    'a8b7b1ec9ffb8baf2c6eaa253fe57112__token' => '••••••••••••••••••••••••••••••••••••••••••••••••••••••••••••••••••••••••••••••••••••••••••••••••••••'
    'a8b7b1ec9ffb8baf2c6eaa253fe57112__id' => 1
    '__authKey' => '••••••••••••••••••••••••••••••••••••••••••••••••••••••••••••••••••••••••••••••••••••••••••••••••••••••••••••••••••••••••••••••••••••••••••••••••'
    'a8b7b1ec9ffb8baf2c6eaa253fe57112__expire' => 1779895093
    '__duration' => 3600
    '__elevated_timeout' => 1779891115
    '22b6a59deafcfb2ffb13c3adf3d98a3b__auth_access' => [
        0 => 'previewElement:7186'
        1 => 'saveAssets:856a3aeb-b21b-4d41-af3f-0a23db430323'
        2 => 'previewDraft:1050'
        3 => 'previewDraft:1052'
        4 => 'previewDraft:1054'
        5 => 'previewDraft:1056'
        6 => 'previewDraft:1058'
    ]
]

$_SERVER = [
    'DEPLOY_NAME' => 'local'
    'DDEV_WEBSERVER_TYPE' => 'nginx-fpm'
    'npm_config_cache' => '/mnt/ddev-global-cache/npm'
    'COREPACK_ENABLE_DOWNLOAD_PROMPT' => '0'
    'DDEV_GOOS' => 'darwin'
    'IS_DDEV_PROJECT' => 'true'
    'PHP_DEFAULT_VERSION' => '8.3'
    'HOSTNAME' => 'derschmuckmacher-v3-web'
    'MAILPIT_SMTP_PORT' => '1025'
    'MH_SMTP_BIND_ADDR' => '127.0.0.1:1025'
    'DDEV_PRIMARY_URL_WITHOUT_PORT' => 'https://derschmuckmacher-v3.ddev.site'
    'CRAFT_DB_PORT' => '3306'
    'SSH_AUTH_SOCK' => '/home/.ssh-agent/socket'
    'DDEV_GID' => '20'
    'NODE_EXTRA_CA_CERTS' => '/mnt/ddev-global-cache/mkcert/rootCA.pem'
    'DOCKER_IP' => '127.0.0.1'
    'PGPASSWORD' => 'db'
    'CRAFT_WEB_ROOT' => '/var/www/html/web'
    'DDEV_DOCROOT' => 'web'
    'PWD' => '/var/www/html'
    'PLATFORMSH_CLI_UPDATES_CHECK' => '0'
    'DDEV_APPROOT' => '/var/www/html'
    'DDEV_FILES_DIR' => ''
    'START_SCRIPT_TIMEOUT' => '57'
    'APACHE_SITE_TEMPLATE' => '/etc/apache2/apache-site.conf'
    'PHP_INI' => '/etc/php/8.3/fpm/php.ini'
    'DDEV_VERSION' => 'v1.24.10'
    'PRIMARY_SITE_URL' => 'https://derschmuckmacher-v3.ddev.site'
    'TZ' => 'Europe/Zurich'
    'DDEV_XHPROF_MODE' => 'prepend'
    'HTTPS_EXPOSE' => '443:80,8026:8025'
    'COREPACK_HOME' => '/mnt/ddev-global-cache/corepack'
    'CRAFT_DB_DATABASE' => 'db'
    'DDEV_PRIMARY_URL' => 'https://derschmuckmacher-v3.ddev.site'
    'LINES' => '6'
    'DDEV_SITENAME' => 'derschmuckmacher-v3'
    'HOME' => '/home/omar'
    'DRUSH_OPTIONS_URI' => 'https://derschmuckmacher-v3.ddev.site'
    'LANG' => 'C.UTF-8'
    'COLUMNS' => '371'
    'DDEV_MUTAGEN_ENABLED' => 'true'
    'DDEV_USER' => 'omar'
    'PGUSER' => 'db'
    'TERMINUS_CACHE_DIR' => '/mnt/ddev-global-cache/terminus/cache'
    'DDEV_PRIMARY_URL_PORT' => '443'
    'DDEV_ROUTER_HTTP_PORT' => '80'
    'MAILPIT_SMTP_HOSTNAME' => '127.0.0.1'
    'CRAFT_DB_DRIVER' => 'mysql'
    'COMPOSER_PROCESS_TIMEOUT' => '2000'
    'NGINX_SITE_TEMPLATE' => '/etc/nginx/nginx-site.conf'
    'DDEV_FILES_DIRS' => ''
    'CRAFT_DB_SERVER' => 'db'
    'HTTP_EXPOSE' => '80:80,8025:8025'
    'NVM_DIR' => '/home/omar/.nvm'
    'DDEV_PHP_VERSION' => '8.3'
    'DDEV_TLD' => 'ddev.site'
    'DDEV_HOSTNAME' => 'derschmuckmacher-v3.ddev.site'
    'DDEV_PROJECT' => 'derschmuckmacher-v3'
    'DDEV_GOARCH' => 'arm64'
    'VIRTUAL_HOST' => 'derschmuckmacher-v3.ddev.site'
    'TERM' => 'xterm'
    'USER' => 'omar'
    'MYSQL_HISTFILE' => '/mnt/ddev-global-cache/mysqlhistory/derschmuckmacher-v3-web/mysql_history'
    'DDEV_WEB_ENTRYPOINT' => '/mnt/ddev_config/web-entrypoint.d'
    'DDEV_UID' => '501'
    'CAROOT' => '/mnt/ddev-global-cache/mkcert'
    'SHLVL' => '1'
    'COMPOSER_ALLOW_SUPERUSER' => '1'
    'BASH_ENV' => '/etc/bash.nointeractive.bashrc'
    'DDEV_DATABASE' => 'mysql:8.0'
    'PGDATABASE' => 'db'
    'CRAFT_DB_USER' => 'db'
    'DDEV_SCHEME' => 'https'
    'XHPROF_OUTPUT_DIR' => '/tmp/xhprof'
    'COMPOSER_CACHE_DIR' => '/mnt/ddev-global-cache/composer'
    'DDEV_XDEBUG_ENABLED' => 'false'
    'DDEV_DATABASE_FAMILY' => 'mysql'
    'PGHOST' => 'db'
    'DDEV_COMPOSER_ROOT' => '/var/www/html'
    'CRAFT_DB_PASSWORD' => '••'
    'DOCROOT' => 'web'
    'TERMINUS_HIDE_UPDATE_MESSAGE' => '1'
    'PATH' => '/home/omar/bin:/var/www/html/vendor/bin:/usr/local/sbin:/usr/local/bin:/usr/sbin:/usr/bin:/sbin:/bin:/var/www/html/bin:/mnt/ddev-global-cache/global-commands/web'
    'HOST_DOCKER_INTERNAL_IP' => ''
    'DDEV_PROJECT_TYPE' => 'craftcms'
    'DEBIAN_FRONTEND' => 'noninteractive'
    'DDEV_ROUTER_HTTPS_PORT' => '443'
    'EXECIGNORE' => '/var/www/html/vendor/bin/composer'
    'SUPERVISOR_ENABLED' => '1'
    'SUPERVISOR_SERVER_URL' => 'unix:///var/run/supervisor.sock'
    'SUPERVISOR_PROCESS_NAME' => 'php-fpm'
    'SUPERVISOR_GROUP_NAME' => 'php-fpm'
    'HTTP_X_REQUESTED_WITH' => 'XMLHttpRequest'
    'HTTP_X_REGISTERED_JS_FILES' => '6276b818'
    'HTTP_X_REGISTERED_ASSET_BUNDLES' => '815d39ea,92d8701,22e517a2,aee7f8dc,26c46c25,e505ffd6,6b4d7555,bb2f10a0,e5e48399,fc0bc163,1ccab40d,1e21896b,54698ee0,b842675b,1c3c9add,4b1fd285,d8d08e47,8f00ce04,8768f48b,cf3018d6,ec6d0256,e7c1329,7b7669ac,75f47f25'
    'HTTP_X_REAL_IP' => '172.18.0.1'
    'HTTP_X_FORWARDED_SERVER' => 'e6a50fd17528'
    'HTTP_X_FORWARDED_PROTO' => 'https'
    'HTTP_X_FORWARDED_PORT' => '443'
    'HTTP_X_FORWARDED_HOST' => 'derschmuckmacher-v3.ddev.site'
    'HTTP_X_FORWARDED_FOR' => '172.18.0.1'
    'HTTP_X_CSRF_TOKEN' => '••••••••••••••••••••••••••••••••••••••••••••••••••••••••••••••••••••••••••••••••••••••••••••••••••••••••••••••••••••••••••••••••••••••••••••••••••••••••••••••••••••••••••••••••••••••••••••••••••••••••••••••••••••••••••••••••••••••••••••••••••••••••••••••••••••••••••••••••••••••••••••••••••••••••••••••••••••••••••••••••••••••••••••••••••••••••••••••••••••••••••••••••••••••••••••••••••••••••'
    'HTTP_TE' => 'trailers'
    'HTTP_SEC_GPC' => '1'
    'HTTP_SEC_FETCH_SITE' => 'same-origin'
    'HTTP_SEC_FETCH_MODE' => 'cors'
    'HTTP_SEC_FETCH_DEST' => 'empty'
    'HTTP_REFERER' => 'https://derschmuckmacher-v3.ddev.site/dW2axQ3b/content/entries/singles/7186-impressum?returnUrl=https%3A//derschmuckmacher-v3.ddev.site/dW2axQ3b/content/entries/singles%3AQS%3Asource%3Dsingles'
    'HTTP_ORIGIN' => 'https://derschmuckmacher-v3.ddev.site'
    'HTTP_COOKIE' => 'a8b7b1ec9ffb8baf2c6eaa253fe57112_username=26b9ec8568da68d3882e55afaa5d203483c6c5810ee05b5a55c8a0eb10cab93ea%3A2%3A%7Bi%3A0%3Bs%3A41%3A%22a8b7b1ec9ffb8baf2c6eaa253fe57112_username%22%3Bi%3A1%3Bs%3A8%3A%22odegiuli%22%3B%7D; CraftSessionId=biudticgnvahpvc8nukk8ac1vc; CRAFT_CSRF_TOKEN=f24bdf1e9b1a034ee7b31fc7240bdef700af95a681404c14421efa33013a169ca%3A2%3A%7Bi%3A0%3Bs%3A16%3A%22CRAFT_CSRF_TOKEN%22%3Bi%3A1%3Bs%3A147%3A%22o35JaTMOK5SlzzOXxon1Bn7gy1-9PEHqnAYwYjz9%7C89e454564122d06c6a70a599ac0d3b19a34e4201342f82ce4b9247f607434cc9o35JaTMOK5SlzzOXxon1Bn7gy1-9PEHqnAYwYjz9%7C1%22%3B%7D; a8b7b1ec9ffb8baf2c6eaa253fe57112_identity=c05e269f9a86048999710c6067062a4ab8b9b72b60032bdd4aede461abe99f6aa%3A2%3A%7Bi%3A0%3Bs%3A41%3A%22a8b7b1ec9ffb8baf2c6eaa253fe57112_identity%22%3Bi%3A1%3Bs%3A159%3A%22%5B1%2C%22%5B%5C%22y9F6YHmR9qC8Xsvv_urYFspDlXSsXsFbHDHDiokNRXLEUFEEKTo2W7iJ97zgt_AgvxoJgpgTjLnE5pS-azRIHVI1lD_VNxCU5lGK%5C%22%2Cnull%2C%5C%22fd3cbf9ed3a1f5fe86c1a53cec2d55ae%5C%22%5D%22%2C3600%5D%22%3B%7D; Craft-3626ffc1-d0a3-42e3-98aa-37e8aa759561_sidebar=expanded; Craft-3626ffc1-d0a3-42e3-98aa-37e8aa759561_sidebar-details=expanded; cookieconsent_status=allow'
    'HTTP_ACCEPT_LANGUAGE' => 'de,en-US;q=0.9,en;q=0.8'
    'HTTP_ACCEPT_ENCODING' => 'gzip, deflate, br, zstd'
    'HTTP_ACCEPT' => 'application/json, text/plain, */*'
    'HTTP_CONTENT_LENGTH' => '0'
    'HTTP_USER_AGENT' => 'Mozilla/5.0 (Macintosh; Intel Mac OS X 10.15; rv:151.0) Gecko/20100101 Firefox/151.0'
    'HTTP_HOST' => 'derschmuckmacher-v3.ddev.site'
    'HTTPS' => 'on'
    'REDIRECT_STATUS' => '200'
    'SERVER_NAME' => 'derschmuckmacher-v3.ddev.site'
    'SERVER_PORT' => '80'
    'SERVER_ADDR' => '172.18.0.4'
    'REMOTE_PORT' => '54712'
    'REMOTE_ADDR' => '172.18.0.5'
    'SERVER_SOFTWARE' => 'nginx/1.28.0'
    'GATEWAY_INTERFACE' => 'CGI/1.1'
    'REQUEST_SCHEME' => 'http'
    'SERVER_PROTOCOL' => 'HTTP/1.1'
    'DOCUMENT_ROOT' => '/var/www/html/web'
    'DOCUMENT_URI' => '/index.php'
    'REQUEST_URI' => '/index.php?p=dW2axQ3b%2Factions%2Fqueue%2Frun&v=1779891493174'
    'CONTENT_LENGTH' => '0'
    'CONTENT_TYPE' => ''
    'REQUEST_METHOD' => 'POST'
    'QUERY_STRING' => 'p=dW2axQ3b%2Factions%2Fqueue%2Frun&v=1779891493174'
    'SCRIPT_NAME' => '/index.php'
    'SCRIPT_FILENAME' => '/var/www/html/web/index.php'
    'FCGI_ROLE' => 'RESPONDER'
    'PHP_SELF' => '/index.php'
    'REQUEST_TIME_FLOAT' => 1779891493.1806
    'REQUEST_TIME' => 1779891493
    'CRAFT_APP_ID' => 'CraftCMS--3933bc78-29f5-4b79-bcc5-c31faf0fcd20'
    'CRAFT_ENVIRONMENT' => 'dev'
    'ENVIRONMENT' => 'dev'
    'CRAFT_SECURITY_KEY' => '••••••••••••••••••••••••••••••••'
    'CP_TRIGGER' => 'dW2axQ3b'
    'CRAFT_DB_SCHEMA' => 'public'
    'CRAFT_DB_TABLE_PREFIX' => ''
    'CRAFT_DB_CHARSET' => 'utf8mb4'
    'CRAFT_DB_COLLATION' => 'utf8mb4_unicode_ci'
    'DEV_MODE' => 'true'
    'ALLOW_ADMIN_CHANGES' => 'true'
    'DISALLOW_ROBOTS' => 'true'
    'TIMEZONE' => 'Europe/Zurich'
    'CAPTCHA_SITE_KEY' => '••••••••••••••••••••••••••••••••••••••••'
    'CAPTCHA_SECRET_KEY' => '••••••••••••••••••••••••••••••••••••••••'
    'WEB_URL' => 'https://derschmuckmacher-v3.ddev.site'
    'WEB_ROOT' => '/var/www/html/web'
    'ASSETS_BASE_URL' => 'https://derschmuckmacher-v3.ddev.site/public'
    'ASSETS_BASE_PATH' => '/var/www/html/web/public'
    'SCHMUCK_BASE_URL' => 'https://derschmuckmacher-v3.ddev.site/public/uploads/schmuck'
    'SCHMUCK_BASE_PATH' => '/var/www/html/web/public/uploads/schmuck'
    'BILDER_BASE_URL' => 'https://derschmuckmacher-v3.ddev.site/public/uploads/bilder'
    'BILDER_BASE_PATH' => '/var/www/html/web/public/uploads/bilder'
] {"environment":"dev","userId":1} 
2026-05-27 16:19:19 [queue.INFO] [yii\db\Connection::open] Opening DB connection: mysql:host=db;dbname=db;port=3306 {"memory":1102160} 
2026-05-27 16:19:19 [queue.INFO] [yii\web\Session::open] Session started {"memory":1526496} 
2026-05-27 16:19:19 [queue.INFO] [nystudio107\codeeditor\CodeEditor::bootstrap] CodeEditor module bootstrapped {"memory":1550832} 
2026-05-27 16:19:19 [queue.INFO] [adigital\cookieconsentbanner\CookieConsentBanner::init] Cookie Consent Banner plugin loaded {"memory":1768696} 
2026-05-27 16:19:19 [queue.INFO] [miranj\obfuscator\Obfuscator::init] Obfuscator plugin loaded {"memory":2729552} 
2026-05-27 16:19:19 [queue.INFO] [yii\db\Connection::open] Opening DB connection: mysql:host=db;dbname=db;port=3306 {"memory":2997896} 
2026-05-27 16:19:19 [queue.INFO] [craft\queue\QueueLogBehavior::beforeExec]  [40863] t9n:["app","Updating search indexes"] (attempt: 1, pid: 1734) - Started {"memory":3056680} 
2026-05-27 16:19:19 [queue.INFO] [craft\queue\QueueLogBehavior::afterExec]  [40863] t9n:["app","Updating search indexes"] (attempt: 1, pid: 1734) - Done (time: 0.011s) {"memory":3655904} 
2026-05-27 16:19:19 [queue.INFO] [craft\queue\QueueLogBehavior::beforeExec]  [40864] t9n:["app","Updating search indexes"] (attempt: 1, pid: 1734) - Started {"memory":3663936} 
2026-05-27 16:19:19 [queue.INFO] [craft\queue\QueueLogBehavior::afterExec]  [40864] t9n:["app","Updating search indexes"] (attempt: 1, pid: 1734) - Done (time: 0.001s) {"memory":3766768} 
2026-05-27 16:19:19 [queue.INFO] [craft\queue\QueueLogBehavior::beforeExec]  [40865] t9n:["app","Updating search indexes"] (attempt: 1, pid: 1734) - Started {"memory":3774752} 
2026-05-27 16:19:19 [queue.INFO] [craft\queue\QueueLogBehavior::afterExec]  [40865] t9n:["app","Updating search indexes"] (attempt: 1, pid: 1734) - Done (time: 0.000s) {"memory":3776176} 
2026-05-27 16:19:19 [queue.INFO] [craft\queue\QueueLogBehavior::beforeExec]  [40866] t9n:["app","Updating search indexes"] (attempt: 1, pid: 1734) - Started {"memory":3788576} 
2026-05-27 16:19:19 [queue.INFO] [craft\queue\QueueLogBehavior::afterExec]  [40866] t9n:["app","Updating search indexes"] (attempt: 1, pid: 1734) - Done (time: 0.000s) {"memory":3790000} 
2026-05-27 16:19:19 [queue.INFO] [craft\queue\QueueLogBehavior::beforeExec]  [40867] t9n:["app","Updating search indexes"] (attempt: 1, pid: 1734) - Started {"memory":3797984} 
2026-05-27 16:19:19 [queue.INFO] [craft\queue\QueueLogBehavior::afterExec]  [40867] t9n:["app","Updating search indexes"] (attempt: 1, pid: 1734) - Done (time: 0.007s) {"memory":4297464} 
2026-05-27 16:19:19 [queue.INFO] [craft\queue\QueueLogBehavior::beforeExec]  [40868] t9n:["app","Updating search indexes"] (attempt: 1, pid: 1734) - Started {"memory":4305448} 
2026-05-27 16:19:19 [queue.INFO] [craft\queue\QueueLogBehavior::afterExec]  [40868] t9n:["app","Updating search indexes"] (attempt: 1, pid: 1734) - Done (time: 0.003s) {"memory":4568912} 
2026-05-27 16:19:19 [queue.INFO] [craft\queue\QueueLogBehavior::beforeExec]  [40869] t9n:["app","Pruning extra revisions"] (attempt: 1, pid: 1734) - Started {"memory":4576896} 
2026-05-27 16:19:19 [queue.INFO] [craft\queue\QueueLogBehavior::afterExec]  [40869] t9n:["app","Pruning extra revisions"] (attempt: 1, pid: 1734) - Done (time: 0.001s) {"memory":4669544} 
2026-05-27 16:19:19 [queue.INFO] [craft\queue\QueueLogBehavior::beforeExec]  [40870] t9n:["app","Pruning extra revisions"] (attempt: 1, pid: 1734) - Started {"memory":4677528} 
2026-05-27 16:19:19 [queue.INFO] [craft\queue\QueueLogBehavior::afterExec]  [40870] t9n:["app","Pruning extra revisions"] (attempt: 1, pid: 1734) - Done (time: 0.001s) {"memory":4770144} 
2026-05-27 16:19:19 [queue.INFO] [application] Request context:
$_GET = [
    'p' => 'dW2axQ3b/actions/queue/run'
    'v' => '1779891559378'
]

$_POST = []

$_FILES = []

$_COOKIE = [
    'a8b7b1ec9ffb8baf2c6eaa253fe57112_username' => '26b9ec8568da68d3882e55afaa5d203483c6c5810ee05b5a55c8a0eb10cab93ea:2:{i:0;s:41:\"a8b7b1ec9ffb8baf2c6eaa253fe57112_username\";i:1;s:8:\"odegiuli\";}'
    'CraftSessionId' => 'biudticgnvahpvc8nukk8ac1vc'
    'CRAFT_CSRF_TOKEN' => '••••••••••••••••••••••••••••••••••••••••••••••••••••••••••••••••••••••••••••••••••••••••••••••••••••••••••••••••••••••••••••••••••••••••••••••••••••••••••••••••••••••••••••••••••••••••••••••••••••••••••••••••••••••••••••••••••••••••••••••••••••••••••••••••••'
    'a8b7b1ec9ffb8baf2c6eaa253fe57112_identity' => 'c05e269f9a86048999710c6067062a4ab8b9b72b60032bdd4aede461abe99f6aa:2:{i:0;s:41:\"a8b7b1ec9ffb8baf2c6eaa253fe57112_identity\";i:1;s:159:\"[1,\"[\\\"y9F6YHmR9qC8Xsvv_urYFspDlXSsXsFbHDHDiokNRXLEUFEEKTo2W7iJ97zgt_AgvxoJgpgTjLnE5pS-azRIHVI1lD_VNxCU5lGK\\\",null,\\\"fd3cbf9ed3a1f5fe86c1a53cec2d55ae\\\"]\",3600]\";}'
    'Craft-3626ffc1-d0a3-42e3-98aa-37e8aa759561_sidebar' => 'expanded'
    'Craft-3626ffc1-d0a3-42e3-98aa-37e8aa759561_sidebar-details' => 'expanded'
    'cookieconsent_status' => 'allow'
]

$_SESSION = [
    '22b6a59deafcfb2ffb13c3adf3d98a3b__flash' => []
    'a8b7b1ec9ffb8baf2c6eaa253fe57112__token' => '••••••••••••••••••••••••••••••••••••••••••••••••••••••••••••••••••••••••••••••••••••••••••••••••••••'
    'a8b7b1ec9ffb8baf2c6eaa253fe57112__id' => 1
    '__authKey' => '••••••••••••••••••••••••••••••••••••••••••••••••••••••••••••••••••••••••••••••••••••••••••••••••••••••••••••••••••••••••••••••••••••••••••••••••'
    'a8b7b1ec9ffb8baf2c6eaa253fe57112__expire' => 1779895159
    '__duration' => 3600
    '__elevated_timeout' => 1779891115
    '22b6a59deafcfb2ffb13c3adf3d98a3b__auth_access' => [
        0 => 'previewElement:7186'
        1 => 'saveAssets:856a3aeb-b21b-4d41-af3f-0a23db430323'
        2 => 'previewDraft:1050'
        3 => 'previewDraft:1052'
        4 => 'previewDraft:1054'
        5 => 'previewDraft:1056'
        6 => 'previewDraft:1058'
        7 => 'previewDraft:1060'
    ]
]

$_SERVER = [
    'DEPLOY_NAME' => 'local'
    'DDEV_WEBSERVER_TYPE' => 'nginx-fpm'
    'npm_config_cache' => '/mnt/ddev-global-cache/npm'
    'COREPACK_ENABLE_DOWNLOAD_PROMPT' => '0'
    'DDEV_GOOS' => 'darwin'
    'IS_DDEV_PROJECT' => 'true'
    'PHP_DEFAULT_VERSION' => '8.3'
    'HOSTNAME' => 'derschmuckmacher-v3-web'
    'MAILPIT_SMTP_PORT' => '1025'
    'MH_SMTP_BIND_ADDR' => '127.0.0.1:1025'
    'DDEV_PRIMARY_URL_WITHOUT_PORT' => 'https://derschmuckmacher-v3.ddev.site'
    'CRAFT_DB_PORT' => '3306'
    'SSH_AUTH_SOCK' => '/home/.ssh-agent/socket'
    'DDEV_GID' => '20'
    'NODE_EXTRA_CA_CERTS' => '/mnt/ddev-global-cache/mkcert/rootCA.pem'
    'DOCKER_IP' => '127.0.0.1'
    'PGPASSWORD' => 'db'
    'CRAFT_WEB_ROOT' => '/var/www/html/web'
    'DDEV_DOCROOT' => 'web'
    'PWD' => '/var/www/html'
    'PLATFORMSH_CLI_UPDATES_CHECK' => '0'
    'DDEV_APPROOT' => '/var/www/html'
    'DDEV_FILES_DIR' => ''
    'START_SCRIPT_TIMEOUT' => '57'
    'APACHE_SITE_TEMPLATE' => '/etc/apache2/apache-site.conf'
    'PHP_INI' => '/etc/php/8.3/fpm/php.ini'
    'DDEV_VERSION' => 'v1.24.10'
    'PRIMARY_SITE_URL' => 'https://derschmuckmacher-v3.ddev.site'
    'TZ' => 'Europe/Zurich'
    'DDEV_XHPROF_MODE' => 'prepend'
    'HTTPS_EXPOSE' => '443:80,8026:8025'
    'COREPACK_HOME' => '/mnt/ddev-global-cache/corepack'
    'CRAFT_DB_DATABASE' => 'db'
    'DDEV_PRIMARY_URL' => 'https://derschmuckmacher-v3.ddev.site'
    'LINES' => '6'
    'DDEV_SITENAME' => 'derschmuckmacher-v3'
    'HOME' => '/home/omar'
    'DRUSH_OPTIONS_URI' => 'https://derschmuckmacher-v3.ddev.site'
    'LANG' => 'C.UTF-8'
    'COLUMNS' => '371'
    'DDEV_MUTAGEN_ENABLED' => 'true'
    'DDEV_USER' => 'omar'
    'PGUSER' => 'db'
    'TERMINUS_CACHE_DIR' => '/mnt/ddev-global-cache/terminus/cache'
    'DDEV_PRIMARY_URL_PORT' => '443'
    'DDEV_ROUTER_HTTP_PORT' => '80'
    'MAILPIT_SMTP_HOSTNAME' => '127.0.0.1'
    'CRAFT_DB_DRIVER' => 'mysql'
    'COMPOSER_PROCESS_TIMEOUT' => '2000'
    'NGINX_SITE_TEMPLATE' => '/etc/nginx/nginx-site.conf'
    'DDEV_FILES_DIRS' => ''
    'CRAFT_DB_SERVER' => 'db'
    'HTTP_EXPOSE' => '80:80,8025:8025'
    'NVM_DIR' => '/home/omar/.nvm'
    'DDEV_PHP_VERSION' => '8.3'
    'DDEV_TLD' => 'ddev.site'
    'DDEV_HOSTNAME' => 'derschmuckmacher-v3.ddev.site'
    'DDEV_PROJECT' => 'derschmuckmacher-v3'
    'DDEV_GOARCH' => 'arm64'
    'VIRTUAL_HOST' => 'derschmuckmacher-v3.ddev.site'
    'TERM' => 'xterm'
    'USER' => 'omar'
    'MYSQL_HISTFILE' => '/mnt/ddev-global-cache/mysqlhistory/derschmuckmacher-v3-web/mysql_history'
    'DDEV_WEB_ENTRYPOINT' => '/mnt/ddev_config/web-entrypoint.d'
    'DDEV_UID' => '501'
    'CAROOT' => '/mnt/ddev-global-cache/mkcert'
    'SHLVL' => '1'
    'COMPOSER_ALLOW_SUPERUSER' => '1'
    'BASH_ENV' => '/etc/bash.nointeractive.bashrc'
    'DDEV_DATABASE' => 'mysql:8.0'
    'PGDATABASE' => 'db'
    'CRAFT_DB_USER' => 'db'
    'DDEV_SCHEME' => 'https'
    'XHPROF_OUTPUT_DIR' => '/tmp/xhprof'
    'COMPOSER_CACHE_DIR' => '/mnt/ddev-global-cache/composer'
    'DDEV_XDEBUG_ENABLED' => 'false'
    'DDEV_DATABASE_FAMILY' => 'mysql'
    'PGHOST' => 'db'
    'DDEV_COMPOSER_ROOT' => '/var/www/html'
    'CRAFT_DB_PASSWORD' => '••'
    'DOCROOT' => 'web'
    'TERMINUS_HIDE_UPDATE_MESSAGE' => '1'
    'PATH' => '/home/omar/bin:/var/www/html/vendor/bin:/usr/local/sbin:/usr/local/bin:/usr/sbin:/usr/bin:/sbin:/bin:/var/www/html/bin:/mnt/ddev-global-cache/global-commands/web'
    'HOST_DOCKER_INTERNAL_IP' => ''
    'DDEV_PROJECT_TYPE' => 'craftcms'
    'DEBIAN_FRONTEND' => 'noninteractive'
    'DDEV_ROUTER_HTTPS_PORT' => '443'
    'EXECIGNORE' => '/var/www/html/vendor/bin/composer'
    'SUPERVISOR_ENABLED' => '1'
    'SUPERVISOR_SERVER_URL' => 'unix:///var/run/supervisor.sock'
    'SUPERVISOR_PROCESS_NAME' => 'php-fpm'
    'SUPERVISOR_GROUP_NAME' => 'php-fpm'
    'HTTP_X_REQUESTED_WITH' => 'XMLHttpRequest'
    'HTTP_X_REGISTERED_JS_FILES' => '6276b818'
    'HTTP_X_REGISTERED_ASSET_BUNDLES' => '815d39ea,92d8701,22e517a2,aee7f8dc,26c46c25,e505ffd6,6b4d7555,bb2f10a0,e5e48399,fc0bc163,1ccab40d,1e21896b,54698ee0,b842675b,1c3c9add,4b1fd285,d8d08e47,8f00ce04,8768f48b,cf3018d6,ec6d0256,e7c1329,7b7669ac,75f47f25'
    'HTTP_X_REAL_IP' => '172.18.0.1'
    'HTTP_X_FORWARDED_SERVER' => 'e6a50fd17528'
    'HTTP_X_FORWARDED_PROTO' => 'https'
    'HTTP_X_FORWARDED_PORT' => '443'
    'HTTP_X_FORWARDED_HOST' => 'derschmuckmacher-v3.ddev.site'
    'HTTP_X_FORWARDED_FOR' => '172.18.0.1'
    'HTTP_X_CSRF_TOKEN' => '••••••••••••••••••••••••••••••••••••••••••••••••••••••••••••••••••••••••••••••••••••••••••••••••••••••••••••••••••••••••••••••••••••••••••••••••••••••••••••••••••••••••••••••••••••••••••••••••••••••••••••••••••••••••••••••••••••••••••••••••••••••••••••••••••••••••••••••••••••••••••••••••••••••••••••••••••••••••••••••••••••••••••••••••••••••••••••••••••••••••••••••••••••••••••••••••••••••••'
    'HTTP_TE' => 'trailers'
    'HTTP_SEC_GPC' => '1'
    'HTTP_SEC_FETCH_SITE' => 'same-origin'
    'HTTP_SEC_FETCH_MODE' => 'cors'
    'HTTP_SEC_FETCH_DEST' => 'empty'
    'HTTP_REFERER' => 'https://derschmuckmacher-v3.ddev.site/dW2axQ3b/content/entries/singles/7186-impressum?returnUrl=https%3A//derschmuckmacher-v3.ddev.site/dW2axQ3b/content/entries/singles%3AQS%3Asource%3Dsingles'
    'HTTP_ORIGIN' => 'https://derschmuckmacher-v3.ddev.site'
    'HTTP_COOKIE' => 'a8b7b1ec9ffb8baf2c6eaa253fe57112_username=26b9ec8568da68d3882e55afaa5d203483c6c5810ee05b5a55c8a0eb10cab93ea%3A2%3A%7Bi%3A0%3Bs%3A41%3A%22a8b7b1ec9ffb8baf2c6eaa253fe57112_username%22%3Bi%3A1%3Bs%3A8%3A%22odegiuli%22%3B%7D; CraftSessionId=biudticgnvahpvc8nukk8ac1vc; CRAFT_CSRF_TOKEN=f24bdf1e9b1a034ee7b31fc7240bdef700af95a681404c14421efa33013a169ca%3A2%3A%7Bi%3A0%3Bs%3A16%3A%22CRAFT_CSRF_TOKEN%22%3Bi%3A1%3Bs%3A147%3A%22o35JaTMOK5SlzzOXxon1Bn7gy1-9PEHqnAYwYjz9%7C89e454564122d06c6a70a599ac0d3b19a34e4201342f82ce4b9247f607434cc9o35JaTMOK5SlzzOXxon1Bn7gy1-9PEHqnAYwYjz9%7C1%22%3B%7D; a8b7b1ec9ffb8baf2c6eaa253fe57112_identity=c05e269f9a86048999710c6067062a4ab8b9b72b60032bdd4aede461abe99f6aa%3A2%3A%7Bi%3A0%3Bs%3A41%3A%22a8b7b1ec9ffb8baf2c6eaa253fe57112_identity%22%3Bi%3A1%3Bs%3A159%3A%22%5B1%2C%22%5B%5C%22y9F6YHmR9qC8Xsvv_urYFspDlXSsXsFbHDHDiokNRXLEUFEEKTo2W7iJ97zgt_AgvxoJgpgTjLnE5pS-azRIHVI1lD_VNxCU5lGK%5C%22%2Cnull%2C%5C%22fd3cbf9ed3a1f5fe86c1a53cec2d55ae%5C%22%5D%22%2C3600%5D%22%3B%7D; Craft-3626ffc1-d0a3-42e3-98aa-37e8aa759561_sidebar=expanded; Craft-3626ffc1-d0a3-42e3-98aa-37e8aa759561_sidebar-details=expanded; cookieconsent_status=allow'
    'HTTP_ACCEPT_LANGUAGE' => 'de,en-US;q=0.9,en;q=0.8'
    'HTTP_ACCEPT_ENCODING' => 'gzip, deflate, br, zstd'
    'HTTP_ACCEPT' => 'application/json, text/plain, */*'
    'HTTP_CONTENT_LENGTH' => '0'
    'HTTP_USER_AGENT' => 'Mozilla/5.0 (Macintosh; Intel Mac OS X 10.15; rv:151.0) Gecko/20100101 Firefox/151.0'
    'HTTP_HOST' => 'derschmuckmacher-v3.ddev.site'
    'HTTPS' => 'on'
    'REDIRECT_STATUS' => '200'
    'SERVER_NAME' => 'derschmuckmacher-v3.ddev.site'
    'SERVER_PORT' => '80'
    'SERVER_ADDR' => '172.18.0.4'
    'REMOTE_PORT' => '52324'
    'REMOTE_ADDR' => '172.18.0.5'
    'SERVER_SOFTWARE' => 'nginx/1.28.0'
    'GATEWAY_INTERFACE' => 'CGI/1.1'
    'REQUEST_SCHEME' => 'http'
    'SERVER_PROTOCOL' => 'HTTP/1.1'
    'DOCUMENT_ROOT' => '/var/www/html/web'
    'DOCUMENT_URI' => '/index.php'
    'REQUEST_URI' => '/index.php?p=dW2axQ3b%2Factions%2Fqueue%2Frun&v=1779891559378'
    'CONTENT_LENGTH' => '0'
    'CONTENT_TYPE' => ''
    'REQUEST_METHOD' => 'POST'
    'QUERY_STRING' => 'p=dW2axQ3b%2Factions%2Fqueue%2Frun&v=1779891559378'
    'SCRIPT_NAME' => '/index.php'
    'SCRIPT_FILENAME' => '/var/www/html/web/index.php'
    'FCGI_ROLE' => 'RESPONDER'
    'PHP_SELF' => '/index.php'
    'REQUEST_TIME_FLOAT' => 1779891559.3905
    'REQUEST_TIME' => 1779891559
    'CRAFT_APP_ID' => 'CraftCMS--3933bc78-29f5-4b79-bcc5-c31faf0fcd20'
    'CRAFT_ENVIRONMENT' => 'dev'
    'ENVIRONMENT' => 'dev'
    'CRAFT_SECURITY_KEY' => '••••••••••••••••••••••••••••••••'
    'CP_TRIGGER' => 'dW2axQ3b'
    'CRAFT_DB_SCHEMA' => 'public'
    'CRAFT_DB_TABLE_PREFIX' => ''
    'CRAFT_DB_CHARSET' => 'utf8mb4'
    'CRAFT_DB_COLLATION' => 'utf8mb4_unicode_ci'
    'DEV_MODE' => 'true'
    'ALLOW_ADMIN_CHANGES' => 'true'
    'DISALLOW_ROBOTS' => 'true'
    'TIMEZONE' => 'Europe/Zurich'
    'CAPTCHA_SITE_KEY' => '••••••••••••••••••••••••••••••••••••••••'
    'CAPTCHA_SECRET_KEY' => '••••••••••••••••••••••••••••••••••••••••'
    'WEB_URL' => 'https://derschmuckmacher-v3.ddev.site'
    'WEB_ROOT' => '/var/www/html/web'
    'ASSETS_BASE_URL' => 'https://derschmuckmacher-v3.ddev.site/public'
    'ASSETS_BASE_PATH' => '/var/www/html/web/public'
    'SCHMUCK_BASE_URL' => 'https://derschmuckmacher-v3.ddev.site/public/uploads/schmuck'
    'SCHMUCK_BASE_PATH' => '/var/www/html/web/public/uploads/schmuck'
    'BILDER_BASE_URL' => 'https://derschmuckmacher-v3.ddev.site/public/uploads/bilder'
    'BILDER_BASE_PATH' => '/var/www/html/web/public/uploads/bilder'
] {"environment":"dev","userId":1} 
2026-05-27 16:19:44 [queue.INFO] [yii\db\Connection::open] Opening DB connection: mysql:host=db;dbname=db;port=3306 {"memory":1102160} 
2026-05-27 16:19:44 [queue.INFO] [yii\web\Session::open] Session started {"memory":1526864} 
2026-05-27 16:19:44 [queue.INFO] [nystudio107\codeeditor\CodeEditor::bootstrap] CodeEditor module bootstrapped {"memory":1551200} 
2026-05-27 16:19:44 [queue.INFO] [adigital\cookieconsentbanner\CookieConsentBanner::init] Cookie Consent Banner plugin loaded {"memory":1769064} 
2026-05-27 16:19:44 [queue.INFO] [miranj\obfuscator\Obfuscator::init] Obfuscator plugin loaded {"memory":2729920} 
2026-05-27 16:19:44 [queue.INFO] [yii\db\Connection::open] Opening DB connection: mysql:host=db;dbname=db;port=3306 {"memory":2998264} 
2026-05-27 16:19:44 [queue.INFO] [craft\queue\QueueLogBehavior::beforeExec]  [40871] t9n:["app","Updating search indexes"] (attempt: 1, pid: 1735) - Started {"memory":3057048} 
2026-05-27 16:19:44 [queue.INFO] [craft\queue\QueueLogBehavior::afterExec]  [40871] t9n:["app","Updating search indexes"] (attempt: 1, pid: 1735) - Done (time: 0.011s) {"memory":3656272} 
2026-05-27 16:19:44 [queue.INFO] [craft\queue\QueueLogBehavior::beforeExec]  [40872] t9n:["app","Updating search indexes"] (attempt: 1, pid: 1735) - Started {"memory":3664304} 
2026-05-27 16:19:44 [queue.INFO] [craft\queue\QueueLogBehavior::afterExec]  [40872] t9n:["app","Updating search indexes"] (attempt: 1, pid: 1735) - Done (time: 0.001s) {"memory":3767136} 
2026-05-27 16:19:44 [queue.INFO] [craft\queue\QueueLogBehavior::beforeExec]  [40873] t9n:["app","Updating search indexes"] (attempt: 1, pid: 1735) - Started {"memory":3775120} 
2026-05-27 16:19:44 [queue.INFO] [craft\queue\QueueLogBehavior::afterExec]  [40873] t9n:["app","Updating search indexes"] (attempt: 1, pid: 1735) - Done (time: 0.006s) {"memory":4279016} 
2026-05-27 16:19:44 [queue.INFO] [craft\queue\QueueLogBehavior::beforeExec]  [40874] t9n:["app","Updating search indexes"] (attempt: 1, pid: 1735) - Started {"memory":4287000} 
2026-05-27 16:19:44 [queue.INFO] [craft\queue\QueueLogBehavior::afterExec]  [40874] t9n:["app","Updating search indexes"] (attempt: 1, pid: 1735) - Done (time: 0.003s) {"memory":4550464} 
2026-05-27 16:19:44 [queue.INFO] [craft\queue\QueueLogBehavior::beforeExec]  [40875] t9n:["app","Pruning extra revisions"] (attempt: 1, pid: 1735) - Started {"memory":4558448} 
2026-05-27 16:19:44 [queue.INFO] [craft\queue\QueueLogBehavior::afterExec]  [40875] t9n:["app","Pruning extra revisions"] (attempt: 1, pid: 1735) - Done (time: 0.001s) {"memory":4651096} 
2026-05-27 16:19:44 [queue.INFO] [craft\queue\QueueLogBehavior::beforeExec]  [40876] t9n:["app","Pruning extra revisions"] (attempt: 1, pid: 1735) - Started {"memory":4659080} 
2026-05-27 16:19:44 [queue.INFO] [craft\queue\QueueLogBehavior::afterExec]  [40876] t9n:["app","Pruning extra revisions"] (attempt: 1, pid: 1735) - Done (time: 0.001s) {"memory":4751696} 
2026-05-27 16:19:44 [queue.INFO] [application] Request context:
$_GET = [
    'p' => 'dW2axQ3b/actions/queue/run'
    'v' => '1779891584009'
]

$_POST = []

$_FILES = []

$_COOKIE = [
    'a8b7b1ec9ffb8baf2c6eaa253fe57112_username' => '26b9ec8568da68d3882e55afaa5d203483c6c5810ee05b5a55c8a0eb10cab93ea:2:{i:0;s:41:\"a8b7b1ec9ffb8baf2c6eaa253fe57112_username\";i:1;s:8:\"odegiuli\";}'
    'CraftSessionId' => 'biudticgnvahpvc8nukk8ac1vc'
    'CRAFT_CSRF_TOKEN' => '••••••••••••••••••••••••••••••••••••••••••••••••••••••••••••••••••••••••••••••••••••••••••••••••••••••••••••••••••••••••••••••••••••••••••••••••••••••••••••••••••••••••••••••••••••••••••••••••••••••••••••••••••••••••••••••••••••••••••••••••••••••••••••••••••'
    'a8b7b1ec9ffb8baf2c6eaa253fe57112_identity' => 'c05e269f9a86048999710c6067062a4ab8b9b72b60032bdd4aede461abe99f6aa:2:{i:0;s:41:\"a8b7b1ec9ffb8baf2c6eaa253fe57112_identity\";i:1;s:159:\"[1,\"[\\\"y9F6YHmR9qC8Xsvv_urYFspDlXSsXsFbHDHDiokNRXLEUFEEKTo2W7iJ97zgt_AgvxoJgpgTjLnE5pS-azRIHVI1lD_VNxCU5lGK\\\",null,\\\"fd3cbf9ed3a1f5fe86c1a53cec2d55ae\\\"]\",3600]\";}'
    'Craft-3626ffc1-d0a3-42e3-98aa-37e8aa759561_sidebar' => 'expanded'
    'Craft-3626ffc1-d0a3-42e3-98aa-37e8aa759561_sidebar-details' => 'expanded'
    'cookieconsent_status' => 'allow'
]

$_SESSION = [
    '22b6a59deafcfb2ffb13c3adf3d98a3b__flash' => []
    'a8b7b1ec9ffb8baf2c6eaa253fe57112__token' => '••••••••••••••••••••••••••••••••••••••••••••••••••••••••••••••••••••••••••••••••••••••••••••••••••••'
    'a8b7b1ec9ffb8baf2c6eaa253fe57112__id' => 1
    '__authKey' => '••••••••••••••••••••••••••••••••••••••••••••••••••••••••••••••••••••••••••••••••••••••••••••••••••••••••••••••••••••••••••••••••••••••••••••••••'
    'a8b7b1ec9ffb8baf2c6eaa253fe57112__expire' => 1779895184
    '__duration' => 3600
    '__elevated_timeout' => 1779891115
    '22b6a59deafcfb2ffb13c3adf3d98a3b__auth_access' => [
        0 => 'previewElement:7186'
        1 => 'saveAssets:856a3aeb-b21b-4d41-af3f-0a23db430323'
        2 => 'previewDraft:1050'
        3 => 'previewDraft:1052'
        4 => 'previewDraft:1054'
        5 => 'previewDraft:1056'
        6 => 'previewDraft:1058'
        7 => 'previewDraft:1060'
        8 => 'previewDraft:1062'
    ]
]

$_SERVER = [
    'DEPLOY_NAME' => 'local'
    'DDEV_WEBSERVER_TYPE' => 'nginx-fpm'
    'npm_config_cache' => '/mnt/ddev-global-cache/npm'
    'COREPACK_ENABLE_DOWNLOAD_PROMPT' => '0'
    'DDEV_GOOS' => 'darwin'
    'IS_DDEV_PROJECT' => 'true'
    'PHP_DEFAULT_VERSION' => '8.3'
    'HOSTNAME' => 'derschmuckmacher-v3-web'
    'MAILPIT_SMTP_PORT' => '1025'
    'MH_SMTP_BIND_ADDR' => '127.0.0.1:1025'
    'DDEV_PRIMARY_URL_WITHOUT_PORT' => 'https://derschmuckmacher-v3.ddev.site'
    'CRAFT_DB_PORT' => '3306'
    'SSH_AUTH_SOCK' => '/home/.ssh-agent/socket'
    'DDEV_GID' => '20'
    'NODE_EXTRA_CA_CERTS' => '/mnt/ddev-global-cache/mkcert/rootCA.pem'
    'DOCKER_IP' => '127.0.0.1'
    'PGPASSWORD' => 'db'
    'CRAFT_WEB_ROOT' => '/var/www/html/web'
    'DDEV_DOCROOT' => 'web'
    'PWD' => '/var/www/html'
    'PLATFORMSH_CLI_UPDATES_CHECK' => '0'
    'DDEV_APPROOT' => '/var/www/html'
    'DDEV_FILES_DIR' => ''
    'START_SCRIPT_TIMEOUT' => '57'
    'APACHE_SITE_TEMPLATE' => '/etc/apache2/apache-site.conf'
    'PHP_INI' => '/etc/php/8.3/fpm/php.ini'
    'DDEV_VERSION' => 'v1.24.10'
    'PRIMARY_SITE_URL' => 'https://derschmuckmacher-v3.ddev.site'
    'TZ' => 'Europe/Zurich'
    'DDEV_XHPROF_MODE' => 'prepend'
    'HTTPS_EXPOSE' => '443:80,8026:8025'
    'COREPACK_HOME' => '/mnt/ddev-global-cache/corepack'
    'CRAFT_DB_DATABASE' => 'db'
    'DDEV_PRIMARY_URL' => 'https://derschmuckmacher-v3.ddev.site'
    'LINES' => '6'
    'DDEV_SITENAME' => 'derschmuckmacher-v3'
    'HOME' => '/home/omar'
    'DRUSH_OPTIONS_URI' => 'https://derschmuckmacher-v3.ddev.site'
    'LANG' => 'C.UTF-8'
    'COLUMNS' => '371'
    'DDEV_MUTAGEN_ENABLED' => 'true'
    'DDEV_USER' => 'omar'
    'PGUSER' => 'db'
    'TERMINUS_CACHE_DIR' => '/mnt/ddev-global-cache/terminus/cache'
    'DDEV_PRIMARY_URL_PORT' => '443'
    'DDEV_ROUTER_HTTP_PORT' => '80'
    'MAILPIT_SMTP_HOSTNAME' => '127.0.0.1'
    'CRAFT_DB_DRIVER' => 'mysql'
    'COMPOSER_PROCESS_TIMEOUT' => '2000'
    'NGINX_SITE_TEMPLATE' => '/etc/nginx/nginx-site.conf'
    'DDEV_FILES_DIRS' => ''
    'CRAFT_DB_SERVER' => 'db'
    'HTTP_EXPOSE' => '80:80,8025:8025'
    'NVM_DIR' => '/home/omar/.nvm'
    'DDEV_PHP_VERSION' => '8.3'
    'DDEV_TLD' => 'ddev.site'
    'DDEV_HOSTNAME' => 'derschmuckmacher-v3.ddev.site'
    'DDEV_PROJECT' => 'derschmuckmacher-v3'
    'DDEV_GOARCH' => 'arm64'
    'VIRTUAL_HOST' => 'derschmuckmacher-v3.ddev.site'
    'TERM' => 'xterm'
    'USER' => 'omar'
    'MYSQL_HISTFILE' => '/mnt/ddev-global-cache/mysqlhistory/derschmuckmacher-v3-web/mysql_history'
    'DDEV_WEB_ENTRYPOINT' => '/mnt/ddev_config/web-entrypoint.d'
    'DDEV_UID' => '501'
    'CAROOT' => '/mnt/ddev-global-cache/mkcert'
    'SHLVL' => '1'
    'COMPOSER_ALLOW_SUPERUSER' => '1'
    'BASH_ENV' => '/etc/bash.nointeractive.bashrc'
    'DDEV_DATABASE' => 'mysql:8.0'
    'PGDATABASE' => 'db'
    'CRAFT_DB_USER' => 'db'
    'DDEV_SCHEME' => 'https'
    'XHPROF_OUTPUT_DIR' => '/tmp/xhprof'
    'COMPOSER_CACHE_DIR' => '/mnt/ddev-global-cache/composer'
    'DDEV_XDEBUG_ENABLED' => 'false'
    'DDEV_DATABASE_FAMILY' => 'mysql'
    'PGHOST' => 'db'
    'DDEV_COMPOSER_ROOT' => '/var/www/html'
    'CRAFT_DB_PASSWORD' => '••'
    'DOCROOT' => 'web'
    'TERMINUS_HIDE_UPDATE_MESSAGE' => '1'
    'PATH' => '/home/omar/bin:/var/www/html/vendor/bin:/usr/local/sbin:/usr/local/bin:/usr/sbin:/usr/bin:/sbin:/bin:/var/www/html/bin:/mnt/ddev-global-cache/global-commands/web'
    'HOST_DOCKER_INTERNAL_IP' => ''
    'DDEV_PROJECT_TYPE' => 'craftcms'
    'DEBIAN_FRONTEND' => 'noninteractive'
    'DDEV_ROUTER_HTTPS_PORT' => '443'
    'EXECIGNORE' => '/var/www/html/vendor/bin/composer'
    'SUPERVISOR_ENABLED' => '1'
    'SUPERVISOR_SERVER_URL' => 'unix:///var/run/supervisor.sock'
    'SUPERVISOR_PROCESS_NAME' => 'php-fpm'
    'SUPERVISOR_GROUP_NAME' => 'php-fpm'
    'HTTP_X_REQUESTED_WITH' => 'XMLHttpRequest'
    'HTTP_X_REGISTERED_JS_FILES' => '6276b818'
    'HTTP_X_REGISTERED_ASSET_BUNDLES' => '815d39ea,92d8701,22e517a2,aee7f8dc,26c46c25,e505ffd6,6b4d7555,bb2f10a0,e5e48399,fc0bc163,1ccab40d,1e21896b,54698ee0,b842675b,1c3c9add,4b1fd285,d8d08e47,8f00ce04,8768f48b,cf3018d6,ec6d0256,e7c1329,7b7669ac,75f47f25'
    'HTTP_X_REAL_IP' => '172.18.0.1'
    'HTTP_X_FORWARDED_SERVER' => 'e6a50fd17528'
    'HTTP_X_FORWARDED_PROTO' => 'https'
    'HTTP_X_FORWARDED_PORT' => '443'
    'HTTP_X_FORWARDED_HOST' => 'derschmuckmacher-v3.ddev.site'
    'HTTP_X_FORWARDED_FOR' => '172.18.0.1'
    'HTTP_X_CSRF_TOKEN' => '••••••••••••••••••••••••••••••••••••••••••••••••••••••••••••••••••••••••••••••••••••••••••••••••••••••••••••••••••••••••••••••••••••••••••••••••••••••••••••••••••••••••••••••••••••••••••••••••••••••••••••••••••••••••••••••••••••••••••••••••••••••••••••••••••••••••••••••••••••••••••••••••••••••••••••••••••••••••••••••••••••••••••••••••••••••••••••••••••••••••••••••••••••••••••••••••••••••••'
    'HTTP_TE' => 'trailers'
    'HTTP_SEC_GPC' => '1'
    'HTTP_SEC_FETCH_SITE' => 'same-origin'
    'HTTP_SEC_FETCH_MODE' => 'cors'
    'HTTP_SEC_FETCH_DEST' => 'empty'
    'HTTP_REFERER' => 'https://derschmuckmacher-v3.ddev.site/dW2axQ3b/content/entries/singles/7186-impressum?returnUrl=https%3A//derschmuckmacher-v3.ddev.site/dW2axQ3b/content/entries/singles%3AQS%3Asource%3Dsingles'
    'HTTP_ORIGIN' => 'https://derschmuckmacher-v3.ddev.site'
    'HTTP_COOKIE' => 'a8b7b1ec9ffb8baf2c6eaa253fe57112_username=26b9ec8568da68d3882e55afaa5d203483c6c5810ee05b5a55c8a0eb10cab93ea%3A2%3A%7Bi%3A0%3Bs%3A41%3A%22a8b7b1ec9ffb8baf2c6eaa253fe57112_username%22%3Bi%3A1%3Bs%3A8%3A%22odegiuli%22%3B%7D; CraftSessionId=biudticgnvahpvc8nukk8ac1vc; CRAFT_CSRF_TOKEN=f24bdf1e9b1a034ee7b31fc7240bdef700af95a681404c14421efa33013a169ca%3A2%3A%7Bi%3A0%3Bs%3A16%3A%22CRAFT_CSRF_TOKEN%22%3Bi%3A1%3Bs%3A147%3A%22o35JaTMOK5SlzzOXxon1Bn7gy1-9PEHqnAYwYjz9%7C89e454564122d06c6a70a599ac0d3b19a34e4201342f82ce4b9247f607434cc9o35JaTMOK5SlzzOXxon1Bn7gy1-9PEHqnAYwYjz9%7C1%22%3B%7D; a8b7b1ec9ffb8baf2c6eaa253fe57112_identity=c05e269f9a86048999710c6067062a4ab8b9b72b60032bdd4aede461abe99f6aa%3A2%3A%7Bi%3A0%3Bs%3A41%3A%22a8b7b1ec9ffb8baf2c6eaa253fe57112_identity%22%3Bi%3A1%3Bs%3A159%3A%22%5B1%2C%22%5B%5C%22y9F6YHmR9qC8Xsvv_urYFspDlXSsXsFbHDHDiokNRXLEUFEEKTo2W7iJ97zgt_AgvxoJgpgTjLnE5pS-azRIHVI1lD_VNxCU5lGK%5C%22%2Cnull%2C%5C%22fd3cbf9ed3a1f5fe86c1a53cec2d55ae%5C%22%5D%22%2C3600%5D%22%3B%7D; Craft-3626ffc1-d0a3-42e3-98aa-37e8aa759561_sidebar=expanded; Craft-3626ffc1-d0a3-42e3-98aa-37e8aa759561_sidebar-details=expanded; cookieconsent_status=allow'
    'HTTP_ACCEPT_LANGUAGE' => 'de,en-US;q=0.9,en;q=0.8'
    'HTTP_ACCEPT_ENCODING' => 'gzip, deflate, br, zstd'
    'HTTP_ACCEPT' => 'application/json, text/plain, */*'
    'HTTP_CONTENT_LENGTH' => '0'
    'HTTP_USER_AGENT' => 'Mozilla/5.0 (Macintosh; Intel Mac OS X 10.15; rv:151.0) Gecko/20100101 Firefox/151.0'
    'HTTP_HOST' => 'derschmuckmacher-v3.ddev.site'
    'HTTPS' => 'on'
    'REDIRECT_STATUS' => '200'
    'SERVER_NAME' => 'derschmuckmacher-v3.ddev.site'
    'SERVER_PORT' => '80'
    'SERVER_ADDR' => '172.18.0.4'
    'REMOTE_PORT' => '59698'
    'REMOTE_ADDR' => '172.18.0.5'
    'SERVER_SOFTWARE' => 'nginx/1.28.0'
    'GATEWAY_INTERFACE' => 'CGI/1.1'
    'REQUEST_SCHEME' => 'http'
    'SERVER_PROTOCOL' => 'HTTP/1.1'
    'DOCUMENT_ROOT' => '/var/www/html/web'
    'DOCUMENT_URI' => '/index.php'
    'REQUEST_URI' => '/index.php?p=dW2axQ3b%2Factions%2Fqueue%2Frun&v=1779891584009'
    'CONTENT_LENGTH' => '0'
    'CONTENT_TYPE' => ''
    'REQUEST_METHOD' => 'POST'
    'QUERY_STRING' => 'p=dW2axQ3b%2Factions%2Fqueue%2Frun&v=1779891584009'
    'SCRIPT_NAME' => '/index.php'
    'SCRIPT_FILENAME' => '/var/www/html/web/index.php'
    'FCGI_ROLE' => 'RESPONDER'
    'PHP_SELF' => '/index.php'
    'REQUEST_TIME_FLOAT' => 1779891584.0145
    'REQUEST_TIME' => 1779891584
    'CRAFT_APP_ID' => 'CraftCMS--3933bc78-29f5-4b79-bcc5-c31faf0fcd20'
    'CRAFT_ENVIRONMENT' => 'dev'
    'ENVIRONMENT' => 'dev'
    'CRAFT_SECURITY_KEY' => '••••••••••••••••••••••••••••••••'
    'CP_TRIGGER' => 'dW2axQ3b'
    'CRAFT_DB_SCHEMA' => 'public'
    'CRAFT_DB_TABLE_PREFIX' => ''
    'CRAFT_DB_CHARSET' => 'utf8mb4'
    'CRAFT_DB_COLLATION' => 'utf8mb4_unicode_ci'
    'DEV_MODE' => 'true'
    'ALLOW_ADMIN_CHANGES' => 'true'
    'DISALLOW_ROBOTS' => 'true'
    'TIMEZONE' => 'Europe/Zurich'
    'CAPTCHA_SITE_KEY' => '••••••••••••••••••••••••••••••••••••••••'
    'CAPTCHA_SECRET_KEY' => '••••••••••••••••••••••••••••••••••••••••'
    'WEB_URL' => 'https://derschmuckmacher-v3.ddev.site'
    'WEB_ROOT' => '/var/www/html/web'
    'ASSETS_BASE_URL' => 'https://derschmuckmacher-v3.ddev.site/public'
    'ASSETS_BASE_PATH' => '/var/www/html/web/public'
    'SCHMUCK_BASE_URL' => 'https://derschmuckmacher-v3.ddev.site/public/uploads/schmuck'
    'SCHMUCK_BASE_PATH' => '/var/www/html/web/public/uploads/schmuck'
    'BILDER_BASE_URL' => 'https://derschmuckmacher-v3.ddev.site/public/uploads/bilder'
    'BILDER_BASE_PATH' => '/var/www/html/web/public/uploads/bilder'
] {"environment":"dev","userId":1} 
2026-05-27 16:20:35 [queue.INFO] [yii\db\Connection::open] Opening DB connection: mysql:host=db;dbname=db;port=3306 {"memory":1102160} 
2026-05-27 16:20:35 [queue.INFO] [yii\web\Session::open] Session started {"memory":1526864} 
2026-05-27 16:20:35 [queue.INFO] [nystudio107\codeeditor\CodeEditor::bootstrap] CodeEditor module bootstrapped {"memory":1551200} 
2026-05-27 16:20:35 [queue.INFO] [adigital\cookieconsentbanner\CookieConsentBanner::init] Cookie Consent Banner plugin loaded {"memory":1769064} 
2026-05-27 16:20:35 [queue.INFO] [miranj\obfuscator\Obfuscator::init] Obfuscator plugin loaded {"memory":2729920} 
2026-05-27 16:20:35 [queue.INFO] [yii\db\Connection::open] Opening DB connection: mysql:host=db;dbname=db;port=3306 {"memory":2998264} 
2026-05-27 16:20:35 [queue.INFO] [craft\queue\QueueLogBehavior::beforeExec]  [40877] t9n:["app","Updating search indexes"] (attempt: 1, pid: 1736) - Started {"memory":3057048} 
2026-05-27 16:20:35 [queue.INFO] [craft\queue\QueueLogBehavior::afterExec]  [40877] t9n:["app","Updating search indexes"] (attempt: 1, pid: 1736) - Done (time: 0.019s) {"memory":4167888} 
2026-05-27 16:20:35 [queue.INFO] [craft\queue\QueueLogBehavior::beforeExec]  [40878] t9n:["app","Pruning extra revisions"] (attempt: 1, pid: 1736) - Started {"memory":4175920} 
2026-05-27 16:20:35 [queue.INFO] [craft\queue\QueueLogBehavior::afterExec]  [40878] t9n:["app","Pruning extra revisions"] (attempt: 1, pid: 1736) - Done (time: 0.001s) {"memory":4268568} 
2026-05-27 16:20:35 [queue.INFO] [craft\queue\QueueLogBehavior::beforeExec]  [40879] t9n:["app","Pruning extra revisions"] (attempt: 1, pid: 1736) - Started {"memory":4280648} 
2026-05-27 16:20:35 [queue.INFO] [craft\queue\QueueLogBehavior::afterExec]  [40879] t9n:["app","Pruning extra revisions"] (attempt: 1, pid: 1736) - Done (time: 0.001s) {"memory":4373264} 
2026-05-27 16:20:35 [queue.INFO] [application] Request context:
$_GET = [
    'p' => 'dW2axQ3b/actions/queue/run'
    'v' => '1779891635724'
]

$_POST = []

$_FILES = []

$_COOKIE = [
    'a8b7b1ec9ffb8baf2c6eaa253fe57112_username' => '26b9ec8568da68d3882e55afaa5d203483c6c5810ee05b5a55c8a0eb10cab93ea:2:{i:0;s:41:\"a8b7b1ec9ffb8baf2c6eaa253fe57112_username\";i:1;s:8:\"odegiuli\";}'
    'CraftSessionId' => 'biudticgnvahpvc8nukk8ac1vc'
    'CRAFT_CSRF_TOKEN' => '••••••••••••••••••••••••••••••••••••••••••••••••••••••••••••••••••••••••••••••••••••••••••••••••••••••••••••••••••••••••••••••••••••••••••••••••••••••••••••••••••••••••••••••••••••••••••••••••••••••••••••••••••••••••••••••••••••••••••••••••••••••••••••••••••'
    'a8b7b1ec9ffb8baf2c6eaa253fe57112_identity' => 'c05e269f9a86048999710c6067062a4ab8b9b72b60032bdd4aede461abe99f6aa:2:{i:0;s:41:\"a8b7b1ec9ffb8baf2c6eaa253fe57112_identity\";i:1;s:159:\"[1,\"[\\\"y9F6YHmR9qC8Xsvv_urYFspDlXSsXsFbHDHDiokNRXLEUFEEKTo2W7iJ97zgt_AgvxoJgpgTjLnE5pS-azRIHVI1lD_VNxCU5lGK\\\",null,\\\"fd3cbf9ed3a1f5fe86c1a53cec2d55ae\\\"]\",3600]\";}'
    'Craft-3626ffc1-d0a3-42e3-98aa-37e8aa759561_sidebar' => 'expanded'
    'Craft-3626ffc1-d0a3-42e3-98aa-37e8aa759561_sidebar-details' => 'expanded'
    'cookieconsent_status' => 'allow'
]

$_SESSION = [
    '22b6a59deafcfb2ffb13c3adf3d98a3b__flash' => []
    'a8b7b1ec9ffb8baf2c6eaa253fe57112__token' => '••••••••••••••••••••••••••••••••••••••••••••••••••••••••••••••••••••••••••••••••••••••••••••••••••••'
    'a8b7b1ec9ffb8baf2c6eaa253fe57112__id' => 1
    '__authKey' => '••••••••••••••••••••••••••••••••••••••••••••••••••••••••••••••••••••••••••••••••••••••••••••••••••••••••••••••••••••••••••••••••••••••••••••••••'
    'a8b7b1ec9ffb8baf2c6eaa253fe57112__expire' => 1779895235
    '__duration' => 3600
    '__elevated_timeout' => 1779891115
    '22b6a59deafcfb2ffb13c3adf3d98a3b__auth_access' => [
        0 => 'previewElement:7186'
        1 => 'saveAssets:856a3aeb-b21b-4d41-af3f-0a23db430323'
        2 => 'previewDraft:1050'
        3 => 'previewDraft:1052'
        4 => 'previewDraft:1054'
        5 => 'previewDraft:1056'
        6 => 'previewDraft:1058'
        7 => 'previewDraft:1060'
        8 => 'previewDraft:1062'
    ]
]

$_SERVER = [
    'DEPLOY_NAME' => 'local'
    'DDEV_WEBSERVER_TYPE' => 'nginx-fpm'
    'npm_config_cache' => '/mnt/ddev-global-cache/npm'
    'COREPACK_ENABLE_DOWNLOAD_PROMPT' => '0'
    'DDEV_GOOS' => 'darwin'
    'IS_DDEV_PROJECT' => 'true'
    'PHP_DEFAULT_VERSION' => '8.3'
    'HOSTNAME' => 'derschmuckmacher-v3-web'
    'MAILPIT_SMTP_PORT' => '1025'
    'MH_SMTP_BIND_ADDR' => '127.0.0.1:1025'
    'DDEV_PRIMARY_URL_WITHOUT_PORT' => 'https://derschmuckmacher-v3.ddev.site'
    'CRAFT_DB_PORT' => '3306'
    'SSH_AUTH_SOCK' => '/home/.ssh-agent/socket'
    'DDEV_GID' => '20'
    'NODE_EXTRA_CA_CERTS' => '/mnt/ddev-global-cache/mkcert/rootCA.pem'
    'DOCKER_IP' => '127.0.0.1'
    'PGPASSWORD' => 'db'
    'CRAFT_WEB_ROOT' => '/var/www/html/web'
    'DDEV_DOCROOT' => 'web'
    'PWD' => '/var/www/html'
    'PLATFORMSH_CLI_UPDATES_CHECK' => '0'
    'DDEV_APPROOT' => '/var/www/html'
    'DDEV_FILES_DIR' => ''
    'START_SCRIPT_TIMEOUT' => '57'
    'APACHE_SITE_TEMPLATE' => '/etc/apache2/apache-site.conf'
    'PHP_INI' => '/etc/php/8.3/fpm/php.ini'
    'DDEV_VERSION' => 'v1.24.10'
    'PRIMARY_SITE_URL' => 'https://derschmuckmacher-v3.ddev.site'
    'TZ' => 'Europe/Zurich'
    'DDEV_XHPROF_MODE' => 'prepend'
    'HTTPS_EXPOSE' => '443:80,8026:8025'
    'COREPACK_HOME' => '/mnt/ddev-global-cache/corepack'
    'CRAFT_DB_DATABASE' => 'db'
    'DDEV_PRIMARY_URL' => 'https://derschmuckmacher-v3.ddev.site'
    'LINES' => '6'
    'DDEV_SITENAME' => 'derschmuckmacher-v3'
    'HOME' => '/home/omar'
    'DRUSH_OPTIONS_URI' => 'https://derschmuckmacher-v3.ddev.site'
    'LANG' => 'C.UTF-8'
    'COLUMNS' => '371'
    'DDEV_MUTAGEN_ENABLED' => 'true'
    'DDEV_USER' => 'omar'
    'PGUSER' => 'db'
    'TERMINUS_CACHE_DIR' => '/mnt/ddev-global-cache/terminus/cache'
    'DDEV_PRIMARY_URL_PORT' => '443'
    'DDEV_ROUTER_HTTP_PORT' => '80'
    'MAILPIT_SMTP_HOSTNAME' => '127.0.0.1'
    'CRAFT_DB_DRIVER' => 'mysql'
    'COMPOSER_PROCESS_TIMEOUT' => '2000'
    'NGINX_SITE_TEMPLATE' => '/etc/nginx/nginx-site.conf'
    'DDEV_FILES_DIRS' => ''
    'CRAFT_DB_SERVER' => 'db'
    'HTTP_EXPOSE' => '80:80,8025:8025'
    'NVM_DIR' => '/home/omar/.nvm'
    'DDEV_PHP_VERSION' => '8.3'
    'DDEV_TLD' => 'ddev.site'
    'DDEV_HOSTNAME' => 'derschmuckmacher-v3.ddev.site'
    'DDEV_PROJECT' => 'derschmuckmacher-v3'
    'DDEV_GOARCH' => 'arm64'
    'VIRTUAL_HOST' => 'derschmuckmacher-v3.ddev.site'
    'TERM' => 'xterm'
    'USER' => 'omar'
    'MYSQL_HISTFILE' => '/mnt/ddev-global-cache/mysqlhistory/derschmuckmacher-v3-web/mysql_history'
    'DDEV_WEB_ENTRYPOINT' => '/mnt/ddev_config/web-entrypoint.d'
    'DDEV_UID' => '501'
    'CAROOT' => '/mnt/ddev-global-cache/mkcert'
    'SHLVL' => '1'
    'COMPOSER_ALLOW_SUPERUSER' => '1'
    'BASH_ENV' => '/etc/bash.nointeractive.bashrc'
    'DDEV_DATABASE' => 'mysql:8.0'
    'PGDATABASE' => 'db'
    'CRAFT_DB_USER' => 'db'
    'DDEV_SCHEME' => 'https'
    'XHPROF_OUTPUT_DIR' => '/tmp/xhprof'
    'COMPOSER_CACHE_DIR' => '/mnt/ddev-global-cache/composer'
    'DDEV_XDEBUG_ENABLED' => 'false'
    'DDEV_DATABASE_FAMILY' => 'mysql'
    'PGHOST' => 'db'
    'DDEV_COMPOSER_ROOT' => '/var/www/html'
    'CRAFT_DB_PASSWORD' => '••'
    'DOCROOT' => 'web'
    'TERMINUS_HIDE_UPDATE_MESSAGE' => '1'
    'PATH' => '/home/omar/bin:/var/www/html/vendor/bin:/usr/local/sbin:/usr/local/bin:/usr/sbin:/usr/bin:/sbin:/bin:/var/www/html/bin:/mnt/ddev-global-cache/global-commands/web'
    'HOST_DOCKER_INTERNAL_IP' => ''
    'DDEV_PROJECT_TYPE' => 'craftcms'
    'DEBIAN_FRONTEND' => 'noninteractive'
    'DDEV_ROUTER_HTTPS_PORT' => '443'
    'EXECIGNORE' => '/var/www/html/vendor/bin/composer'
    'SUPERVISOR_ENABLED' => '1'
    'SUPERVISOR_SERVER_URL' => 'unix:///var/run/supervisor.sock'
    'SUPERVISOR_PROCESS_NAME' => 'php-fpm'
    'SUPERVISOR_GROUP_NAME' => 'php-fpm'
    'HTTP_X_REQUESTED_WITH' => 'XMLHttpRequest'
    'HTTP_X_REGISTERED_JS_FILES' => '6276b818'
    'HTTP_X_REGISTERED_ASSET_BUNDLES' => '815d39ea,92d8701,22e517a2,aee7f8dc,26c46c25,e505ffd6,6b4d7555,bb2f10a0,e5e48399,fc0bc163,1ccab40d,1e21896b,54698ee0,b842675b,1c3c9add,4b1fd285,d8d08e47,8f00ce04,8768f48b,cf3018d6,ec6d0256,e7c1329,7b7669ac,75f47f25'
    'HTTP_X_REAL_IP' => '172.18.0.1'
    'HTTP_X_FORWARDED_SERVER' => 'e6a50fd17528'
    'HTTP_X_FORWARDED_PROTO' => 'https'
    'HTTP_X_FORWARDED_PORT' => '443'
    'HTTP_X_FORWARDED_HOST' => 'derschmuckmacher-v3.ddev.site'
    'HTTP_X_FORWARDED_FOR' => '172.18.0.1'
    'HTTP_X_CSRF_TOKEN' => '••••••••••••••••••••••••••••••••••••••••••••••••••••••••••••••••••••••••••••••••••••••••••••••••••••••••••••••••••••••••••••••••••••••••••••••••••••••••••••••••••••••••••••••••••••••••••••••••••••••••••••••••••••••••••••••••••••••••••••••••••••••••••••••••••••••••••••••••••••••••••••••••••••••••••••••••••••••••••••••••••••••••••••••••••••••••••••••••••••••••••••••••••••••••••••••••••••••••'
    'HTTP_TE' => 'trailers'
    'HTTP_SEC_GPC' => '1'
    'HTTP_SEC_FETCH_SITE' => 'same-origin'
    'HTTP_SEC_FETCH_MODE' => 'cors'
    'HTTP_SEC_FETCH_DEST' => 'empty'
    'HTTP_REFERER' => 'https://derschmuckmacher-v3.ddev.site/dW2axQ3b/content/entries/singles/7186-impressum?returnUrl=https%3A//derschmuckmacher-v3.ddev.site/dW2axQ3b/content/entries/singles%3AQS%3Asource%3Dsingles'
    'HTTP_ORIGIN' => 'https://derschmuckmacher-v3.ddev.site'
    'HTTP_COOKIE' => 'a8b7b1ec9ffb8baf2c6eaa253fe57112_username=26b9ec8568da68d3882e55afaa5d203483c6c5810ee05b5a55c8a0eb10cab93ea%3A2%3A%7Bi%3A0%3Bs%3A41%3A%22a8b7b1ec9ffb8baf2c6eaa253fe57112_username%22%3Bi%3A1%3Bs%3A8%3A%22odegiuli%22%3B%7D; CraftSessionId=biudticgnvahpvc8nukk8ac1vc; CRAFT_CSRF_TOKEN=f24bdf1e9b1a034ee7b31fc7240bdef700af95a681404c14421efa33013a169ca%3A2%3A%7Bi%3A0%3Bs%3A16%3A%22CRAFT_CSRF_TOKEN%22%3Bi%3A1%3Bs%3A147%3A%22o35JaTMOK5SlzzOXxon1Bn7gy1-9PEHqnAYwYjz9%7C89e454564122d06c6a70a599ac0d3b19a34e4201342f82ce4b9247f607434cc9o35JaTMOK5SlzzOXxon1Bn7gy1-9PEHqnAYwYjz9%7C1%22%3B%7D; a8b7b1ec9ffb8baf2c6eaa253fe57112_identity=c05e269f9a86048999710c6067062a4ab8b9b72b60032bdd4aede461abe99f6aa%3A2%3A%7Bi%3A0%3Bs%3A41%3A%22a8b7b1ec9ffb8baf2c6eaa253fe57112_identity%22%3Bi%3A1%3Bs%3A159%3A%22%5B1%2C%22%5B%5C%22y9F6YHmR9qC8Xsvv_urYFspDlXSsXsFbHDHDiokNRXLEUFEEKTo2W7iJ97zgt_AgvxoJgpgTjLnE5pS-azRIHVI1lD_VNxCU5lGK%5C%22%2Cnull%2C%5C%22fd3cbf9ed3a1f5fe86c1a53cec2d55ae%5C%22%5D%22%2C3600%5D%22%3B%7D; Craft-3626ffc1-d0a3-42e3-98aa-37e8aa759561_sidebar=expanded; Craft-3626ffc1-d0a3-42e3-98aa-37e8aa759561_sidebar-details=expanded; cookieconsent_status=allow'
    'HTTP_ACCEPT_LANGUAGE' => 'de,en-US;q=0.9,en;q=0.8'
    'HTTP_ACCEPT_ENCODING' => 'gzip, deflate, br, zstd'
    'HTTP_ACCEPT' => 'application/json, text/plain, */*'
    'HTTP_CONTENT_LENGTH' => '0'
    'HTTP_USER_AGENT' => 'Mozilla/5.0 (Macintosh; Intel Mac OS X 10.15; rv:151.0) Gecko/20100101 Firefox/151.0'
    'HTTP_HOST' => 'derschmuckmacher-v3.ddev.site'
    'HTTPS' => 'on'
    'REDIRECT_STATUS' => '200'
    'SERVER_NAME' => 'derschmuckmacher-v3.ddev.site'
    'SERVER_PORT' => '80'
    'SERVER_ADDR' => '172.18.0.4'
    'REMOTE_PORT' => '60484'
    'REMOTE_ADDR' => '172.18.0.5'
    'SERVER_SOFTWARE' => 'nginx/1.28.0'
    'GATEWAY_INTERFACE' => 'CGI/1.1'
    'REQUEST_SCHEME' => 'http'
    'SERVER_PROTOCOL' => 'HTTP/1.1'
    'DOCUMENT_ROOT' => '/var/www/html/web'
    'DOCUMENT_URI' => '/index.php'
    'REQUEST_URI' => '/index.php?p=dW2axQ3b%2Factions%2Fqueue%2Frun&v=1779891635724'
    'CONTENT_LENGTH' => '0'
    'CONTENT_TYPE' => ''
    'REQUEST_METHOD' => 'POST'
    'QUERY_STRING' => 'p=dW2axQ3b%2Factions%2Fqueue%2Frun&v=1779891635724'
    'SCRIPT_NAME' => '/index.php'
    'SCRIPT_FILENAME' => '/var/www/html/web/index.php'
    'FCGI_ROLE' => 'RESPONDER'
    'PHP_SELF' => '/index.php'
    'REQUEST_TIME_FLOAT' => 1779891635.731
    'REQUEST_TIME' => 1779891635
    'CRAFT_APP_ID' => 'CraftCMS--3933bc78-29f5-4b79-bcc5-c31faf0fcd20'
    'CRAFT_ENVIRONMENT' => 'dev'
    'ENVIRONMENT' => 'dev'
    'CRAFT_SECURITY_KEY' => '••••••••••••••••••••••••••••••••'
    'CP_TRIGGER' => 'dW2axQ3b'
    'CRAFT_DB_SCHEMA' => 'public'
    'CRAFT_DB_TABLE_PREFIX' => ''
    'CRAFT_DB_CHARSET' => 'utf8mb4'
    'CRAFT_DB_COLLATION' => 'utf8mb4_unicode_ci'
    'DEV_MODE' => 'true'
    'ALLOW_ADMIN_CHANGES' => 'true'
    'DISALLOW_ROBOTS' => 'true'
    'TIMEZONE' => 'Europe/Zurich'
    'CAPTCHA_SITE_KEY' => '••••••••••••••••••••••••••••••••••••••••'
    'CAPTCHA_SECRET_KEY' => '••••••••••••••••••••••••••••••••••••••••'
    'WEB_URL' => 'https://derschmuckmacher-v3.ddev.site'
    'WEB_ROOT' => '/var/www/html/web'
    'ASSETS_BASE_URL' => 'https://derschmuckmacher-v3.ddev.site/public'
    'ASSETS_BASE_PATH' => '/var/www/html/web/public'
    'SCHMUCK_BASE_URL' => 'https://derschmuckmacher-v3.ddev.site/public/uploads/schmuck'
    'SCHMUCK_BASE_PATH' => '/var/www/html/web/public/uploads/schmuck'
    'BILDER_BASE_URL' => 'https://derschmuckmacher-v3.ddev.site/public/uploads/bilder'
    'BILDER_BASE_PATH' => '/var/www/html/web/public/uploads/bilder'
] {"environment":"dev","userId":1} 
2026-05-27 16:20:53 [queue.INFO] [yii\db\Connection::open] Opening DB connection: mysql:host=db;dbname=db;port=3306 {"memory":1102160} 
2026-05-27 16:20:53 [queue.INFO] [yii\web\Session::open] Session started {"memory":1527040} 
2026-05-27 16:20:53 [queue.INFO] [nystudio107\codeeditor\CodeEditor::bootstrap] CodeEditor module bootstrapped {"memory":1551376} 
2026-05-27 16:20:53 [queue.INFO] [adigital\cookieconsentbanner\CookieConsentBanner::init] Cookie Consent Banner plugin loaded {"memory":1769240} 
2026-05-27 16:20:53 [queue.INFO] [miranj\obfuscator\Obfuscator::init] Obfuscator plugin loaded {"memory":2730096} 
2026-05-27 16:20:53 [queue.INFO] [yii\db\Connection::open] Opening DB connection: mysql:host=db;dbname=db;port=3306 {"memory":2998440} 
2026-05-27 16:20:53 [queue.INFO] [craft\queue\QueueLogBehavior::beforeExec]  [40880] t9n:["app","Updating search indexes"] (attempt: 1, pid: 1736) - Started {"memory":3057224} 
2026-05-27 16:20:53 [queue.INFO] [craft\queue\QueueLogBehavior::afterExec]  [40880] t9n:["app","Updating search indexes"] (attempt: 1, pid: 1736) - Done (time: 0.011s) {"memory":3656448} 
2026-05-27 16:20:53 [queue.INFO] [craft\queue\QueueLogBehavior::beforeExec]  [40881] t9n:["app","Updating search indexes"] (attempt: 1, pid: 1736) - Started {"memory":3664480} 
2026-05-27 16:20:53 [queue.INFO] [craft\queue\QueueLogBehavior::afterExec]  [40881] t9n:["app","Updating search indexes"] (attempt: 1, pid: 1736) - Done (time: 0.002s) {"memory":3767312} 
2026-05-27 16:20:53 [queue.INFO] [craft\queue\QueueLogBehavior::beforeExec]  [40882] t9n:["app","Updating search indexes"] (attempt: 1, pid: 1736) - Started {"memory":3775296} 
2026-05-27 16:20:53 [queue.INFO] [craft\queue\QueueLogBehavior::afterExec]  [40882] t9n:["app","Updating search indexes"] (attempt: 1, pid: 1736) - Done (time: 0.008s) {"memory":4394160} 
2026-05-27 16:20:53 [queue.INFO] [craft\queue\QueueLogBehavior::beforeExec]  [40883] t9n:["app","Pruning extra revisions"] (attempt: 1, pid: 1736) - Started {"memory":4402144} 
2026-05-27 16:20:53 [queue.INFO] [craft\queue\QueueLogBehavior::afterExec]  [40883] t9n:["app","Pruning extra revisions"] (attempt: 1, pid: 1736) - Done (time: 0.001s) {"memory":4527560} 
2026-05-27 16:20:53 [queue.INFO] [craft\queue\QueueLogBehavior::beforeExec]  [40884] t9n:["app","Pruning extra revisions"] (attempt: 1, pid: 1736) - Started {"memory":4535544} 
2026-05-27 16:20:53 [queue.INFO] [craft\queue\QueueLogBehavior::afterExec]  [40884] t9n:["app","Pruning extra revisions"] (attempt: 1, pid: 1736) - Done (time: 0.001s) {"memory":4628160} 
2026-05-27 16:20:53 [queue.INFO] [application] Request context:
$_GET = [
    'p' => 'dW2axQ3b/actions/queue/run'
    'v' => '1779891653349'
]

$_POST = []

$_FILES = []

$_COOKIE = [
    'a8b7b1ec9ffb8baf2c6eaa253fe57112_username' => '26b9ec8568da68d3882e55afaa5d203483c6c5810ee05b5a55c8a0eb10cab93ea:2:{i:0;s:41:\"a8b7b1ec9ffb8baf2c6eaa253fe57112_username\";i:1;s:8:\"odegiuli\";}'
    'CraftSessionId' => 'biudticgnvahpvc8nukk8ac1vc'
    'CRAFT_CSRF_TOKEN' => '••••••••••••••••••••••••••••••••••••••••••••••••••••••••••••••••••••••••••••••••••••••••••••••••••••••••••••••••••••••••••••••••••••••••••••••••••••••••••••••••••••••••••••••••••••••••••••••••••••••••••••••••••••••••••••••••••••••••••••••••••••••••••••••••••'
    'a8b7b1ec9ffb8baf2c6eaa253fe57112_identity' => 'c05e269f9a86048999710c6067062a4ab8b9b72b60032bdd4aede461abe99f6aa:2:{i:0;s:41:\"a8b7b1ec9ffb8baf2c6eaa253fe57112_identity\";i:1;s:159:\"[1,\"[\\\"y9F6YHmR9qC8Xsvv_urYFspDlXSsXsFbHDHDiokNRXLEUFEEKTo2W7iJ97zgt_AgvxoJgpgTjLnE5pS-azRIHVI1lD_VNxCU5lGK\\\",null,\\\"fd3cbf9ed3a1f5fe86c1a53cec2d55ae\\\"]\",3600]\";}'
    'Craft-3626ffc1-d0a3-42e3-98aa-37e8aa759561_sidebar' => 'expanded'
    'Craft-3626ffc1-d0a3-42e3-98aa-37e8aa759561_sidebar-details' => 'expanded'
    'cookieconsent_status' => 'allow'
]

$_SESSION = [
    '22b6a59deafcfb2ffb13c3adf3d98a3b__flash' => []
    'a8b7b1ec9ffb8baf2c6eaa253fe57112__token' => '••••••••••••••••••••••••••••••••••••••••••••••••••••••••••••••••••••••••••••••••••••••••••••••••••••'
    'a8b7b1ec9ffb8baf2c6eaa253fe57112__id' => 1
    '__authKey' => '••••••••••••••••••••••••••••••••••••••••••••••••••••••••••••••••••••••••••••••••••••••••••••••••••••••••••••••••••••••••••••••••••••••••••••••••'
    'a8b7b1ec9ffb8baf2c6eaa253fe57112__expire' => 1779895253
    '__duration' => 3600
    '__elevated_timeout' => 1779891115
    '22b6a59deafcfb2ffb13c3adf3d98a3b__auth_access' => [
        0 => 'previewElement:7186'
        1 => 'saveAssets:856a3aeb-b21b-4d41-af3f-0a23db430323'
        2 => 'previewDraft:1050'
        3 => 'previewDraft:1052'
        4 => 'previewDraft:1054'
        5 => 'previewDraft:1056'
        6 => 'previewDraft:1058'
        7 => 'previewDraft:1060'
        8 => 'previewDraft:1062'
        9 => 'previewDraft:1064'
    ]
]

$_SERVER = [
    'DEPLOY_NAME' => 'local'
    'DDEV_WEBSERVER_TYPE' => 'nginx-fpm'
    'npm_config_cache' => '/mnt/ddev-global-cache/npm'
    'COREPACK_ENABLE_DOWNLOAD_PROMPT' => '0'
    'DDEV_GOOS' => 'darwin'
    'IS_DDEV_PROJECT' => 'true'
    'PHP_DEFAULT_VERSION' => '8.3'
    'HOSTNAME' => 'derschmuckmacher-v3-web'
    'MAILPIT_SMTP_PORT' => '1025'
    'MH_SMTP_BIND_ADDR' => '127.0.0.1:1025'
    'DDEV_PRIMARY_URL_WITHOUT_PORT' => 'https://derschmuckmacher-v3.ddev.site'
    'CRAFT_DB_PORT' => '3306'
    'SSH_AUTH_SOCK' => '/home/.ssh-agent/socket'
    'DDEV_GID' => '20'
    'NODE_EXTRA_CA_CERTS' => '/mnt/ddev-global-cache/mkcert/rootCA.pem'
    'DOCKER_IP' => '127.0.0.1'
    'PGPASSWORD' => 'db'
    'CRAFT_WEB_ROOT' => '/var/www/html/web'
    'DDEV_DOCROOT' => 'web'
    'PWD' => '/var/www/html'
    'PLATFORMSH_CLI_UPDATES_CHECK' => '0'
    'DDEV_APPROOT' => '/var/www/html'
    'DDEV_FILES_DIR' => ''
    'START_SCRIPT_TIMEOUT' => '57'
    'APACHE_SITE_TEMPLATE' => '/etc/apache2/apache-site.conf'
    'PHP_INI' => '/etc/php/8.3/fpm/php.ini'
    'DDEV_VERSION' => 'v1.24.10'
    'PRIMARY_SITE_URL' => 'https://derschmuckmacher-v3.ddev.site'
    'TZ' => 'Europe/Zurich'
    'DDEV_XHPROF_MODE' => 'prepend'
    'HTTPS_EXPOSE' => '443:80,8026:8025'
    'COREPACK_HOME' => '/mnt/ddev-global-cache/corepack'
    'CRAFT_DB_DATABASE' => 'db'
    'DDEV_PRIMARY_URL' => 'https://derschmuckmacher-v3.ddev.site'
    'LINES' => '6'
    'DDEV_SITENAME' => 'derschmuckmacher-v3'
    'HOME' => '/home/omar'
    'DRUSH_OPTIONS_URI' => 'https://derschmuckmacher-v3.ddev.site'
    'LANG' => 'C.UTF-8'
    'COLUMNS' => '371'
    'DDEV_MUTAGEN_ENABLED' => 'true'
    'DDEV_USER' => 'omar'
    'PGUSER' => 'db'
    'TERMINUS_CACHE_DIR' => '/mnt/ddev-global-cache/terminus/cache'
    'DDEV_PRIMARY_URL_PORT' => '443'
    'DDEV_ROUTER_HTTP_PORT' => '80'
    'MAILPIT_SMTP_HOSTNAME' => '127.0.0.1'
    'CRAFT_DB_DRIVER' => 'mysql'
    'COMPOSER_PROCESS_TIMEOUT' => '2000'
    'NGINX_SITE_TEMPLATE' => '/etc/nginx/nginx-site.conf'
    'DDEV_FILES_DIRS' => ''
    'CRAFT_DB_SERVER' => 'db'
    'HTTP_EXPOSE' => '80:80,8025:8025'
    'NVM_DIR' => '/home/omar/.nvm'
    'DDEV_PHP_VERSION' => '8.3'
    'DDEV_TLD' => 'ddev.site'
    'DDEV_HOSTNAME' => 'derschmuckmacher-v3.ddev.site'
    'DDEV_PROJECT' => 'derschmuckmacher-v3'
    'DDEV_GOARCH' => 'arm64'
    'VIRTUAL_HOST' => 'derschmuckmacher-v3.ddev.site'
    'TERM' => 'xterm'
    'USER' => 'omar'
    'MYSQL_HISTFILE' => '/mnt/ddev-global-cache/mysqlhistory/derschmuckmacher-v3-web/mysql_history'
    'DDEV_WEB_ENTRYPOINT' => '/mnt/ddev_config/web-entrypoint.d'
    'DDEV_UID' => '501'
    'CAROOT' => '/mnt/ddev-global-cache/mkcert'
    'SHLVL' => '1'
    'COMPOSER_ALLOW_SUPERUSER' => '1'
    'BASH_ENV' => '/etc/bash.nointeractive.bashrc'
    'DDEV_DATABASE' => 'mysql:8.0'
    'PGDATABASE' => 'db'
    'CRAFT_DB_USER' => 'db'
    'DDEV_SCHEME' => 'https'
    'XHPROF_OUTPUT_DIR' => '/tmp/xhprof'
    'COMPOSER_CACHE_DIR' => '/mnt/ddev-global-cache/composer'
    'DDEV_XDEBUG_ENABLED' => 'false'
    'DDEV_DATABASE_FAMILY' => 'mysql'
    'PGHOST' => 'db'
    'DDEV_COMPOSER_ROOT' => '/var/www/html'
    'CRAFT_DB_PASSWORD' => '••'
    'DOCROOT' => 'web'
    'TERMINUS_HIDE_UPDATE_MESSAGE' => '1'
    'PATH' => '/home/omar/bin:/var/www/html/vendor/bin:/usr/local/sbin:/usr/local/bin:/usr/sbin:/usr/bin:/sbin:/bin:/var/www/html/bin:/mnt/ddev-global-cache/global-commands/web'
    'HOST_DOCKER_INTERNAL_IP' => ''
    'DDEV_PROJECT_TYPE' => 'craftcms'
    'DEBIAN_FRONTEND' => 'noninteractive'
    'DDEV_ROUTER_HTTPS_PORT' => '443'
    'EXECIGNORE' => '/var/www/html/vendor/bin/composer'
    'SUPERVISOR_ENABLED' => '1'
    'SUPERVISOR_SERVER_URL' => 'unix:///var/run/supervisor.sock'
    'SUPERVISOR_PROCESS_NAME' => 'php-fpm'
    'SUPERVISOR_GROUP_NAME' => 'php-fpm'
    'HTTP_X_REQUESTED_WITH' => 'XMLHttpRequest'
    'HTTP_X_REGISTERED_JS_FILES' => '6276b818'
    'HTTP_X_REGISTERED_ASSET_BUNDLES' => '815d39ea,92d8701,22e517a2,aee7f8dc,26c46c25,e505ffd6,6b4d7555,bb2f10a0,e5e48399,fc0bc163,1ccab40d,1e21896b,54698ee0,b842675b,1c3c9add,4b1fd285,d8d08e47,8f00ce04,8768f48b,cf3018d6,ec6d0256,e7c1329,7b7669ac,75f47f25'
    'HTTP_X_REAL_IP' => '172.18.0.1'
    'HTTP_X_FORWARDED_SERVER' => 'e6a50fd17528'
    'HTTP_X_FORWARDED_PROTO' => 'https'
    'HTTP_X_FORWARDED_PORT' => '443'
    'HTTP_X_FORWARDED_HOST' => 'derschmuckmacher-v3.ddev.site'
    'HTTP_X_FORWARDED_FOR' => '172.18.0.1'
    'HTTP_X_CSRF_TOKEN' => '••••••••••••••••••••••••••••••••••••••••••••••••••••••••••••••••••••••••••••••••••••••••••••••••••••••••••••••••••••••••••••••••••••••••••••••••••••••••••••••••••••••••••••••••••••••••••••••••••••••••••••••••••••••••••••••••••••••••••••••••••••••••••••••••••••••••••••••••••••••••••••••••••••••••••••••••••••••••••••••••••••••••••••••••••••••••••••••••••••••••••••••••••••••••••••••••••••••••'
    'HTTP_TE' => 'trailers'
    'HTTP_SEC_GPC' => '1'
    'HTTP_SEC_FETCH_SITE' => 'same-origin'
    'HTTP_SEC_FETCH_MODE' => 'cors'
    'HTTP_SEC_FETCH_DEST' => 'empty'
    'HTTP_REFERER' => 'https://derschmuckmacher-v3.ddev.site/dW2axQ3b/content/entries/singles/7186-impressum?returnUrl=https%3A//derschmuckmacher-v3.ddev.site/dW2axQ3b/content/entries/singles%3AQS%3Asource%3Dsingles'
    'HTTP_ORIGIN' => 'https://derschmuckmacher-v3.ddev.site'
    'HTTP_COOKIE' => 'a8b7b1ec9ffb8baf2c6eaa253fe57112_username=26b9ec8568da68d3882e55afaa5d203483c6c5810ee05b5a55c8a0eb10cab93ea%3A2%3A%7Bi%3A0%3Bs%3A41%3A%22a8b7b1ec9ffb8baf2c6eaa253fe57112_username%22%3Bi%3A1%3Bs%3A8%3A%22odegiuli%22%3B%7D; CraftSessionId=biudticgnvahpvc8nukk8ac1vc; CRAFT_CSRF_TOKEN=f24bdf1e9b1a034ee7b31fc7240bdef700af95a681404c14421efa33013a169ca%3A2%3A%7Bi%3A0%3Bs%3A16%3A%22CRAFT_CSRF_TOKEN%22%3Bi%3A1%3Bs%3A147%3A%22o35JaTMOK5SlzzOXxon1Bn7gy1-9PEHqnAYwYjz9%7C89e454564122d06c6a70a599ac0d3b19a34e4201342f82ce4b9247f607434cc9o35JaTMOK5SlzzOXxon1Bn7gy1-9PEHqnAYwYjz9%7C1%22%3B%7D; a8b7b1ec9ffb8baf2c6eaa253fe57112_identity=c05e269f9a86048999710c6067062a4ab8b9b72b60032bdd4aede461abe99f6aa%3A2%3A%7Bi%3A0%3Bs%3A41%3A%22a8b7b1ec9ffb8baf2c6eaa253fe57112_identity%22%3Bi%3A1%3Bs%3A159%3A%22%5B1%2C%22%5B%5C%22y9F6YHmR9qC8Xsvv_urYFspDlXSsXsFbHDHDiokNRXLEUFEEKTo2W7iJ97zgt_AgvxoJgpgTjLnE5pS-azRIHVI1lD_VNxCU5lGK%5C%22%2Cnull%2C%5C%22fd3cbf9ed3a1f5fe86c1a53cec2d55ae%5C%22%5D%22%2C3600%5D%22%3B%7D; Craft-3626ffc1-d0a3-42e3-98aa-37e8aa759561_sidebar=expanded; Craft-3626ffc1-d0a3-42e3-98aa-37e8aa759561_sidebar-details=expanded; cookieconsent_status=allow'
    'HTTP_ACCEPT_LANGUAGE' => 'de,en-US;q=0.9,en;q=0.8'
    'HTTP_ACCEPT_ENCODING' => 'gzip, deflate, br, zstd'
    'HTTP_ACCEPT' => 'application/json, text/plain, */*'
    'HTTP_CONTENT_LENGTH' => '0'
    'HTTP_USER_AGENT' => 'Mozilla/5.0 (Macintosh; Intel Mac OS X 10.15; rv:151.0) Gecko/20100101 Firefox/151.0'
    'HTTP_HOST' => 'derschmuckmacher-v3.ddev.site'
    'HTTPS' => 'on'
    'REDIRECT_STATUS' => '200'
    'SERVER_NAME' => 'derschmuckmacher-v3.ddev.site'
    'SERVER_PORT' => '80'
    'SERVER_ADDR' => '172.18.0.4'
    'REMOTE_PORT' => '50954'
    'REMOTE_ADDR' => '172.18.0.5'
    'SERVER_SOFTWARE' => 'nginx/1.28.0'
    'GATEWAY_INTERFACE' => 'CGI/1.1'
    'REQUEST_SCHEME' => 'http'
    'SERVER_PROTOCOL' => 'HTTP/1.1'
    'DOCUMENT_ROOT' => '/var/www/html/web'
    'DOCUMENT_URI' => '/index.php'
    'REQUEST_URI' => '/index.php?p=dW2axQ3b%2Factions%2Fqueue%2Frun&v=1779891653349'
    'CONTENT_LENGTH' => '0'
    'CONTENT_TYPE' => ''
    'REQUEST_METHOD' => 'POST'
    'QUERY_STRING' => 'p=dW2axQ3b%2Factions%2Fqueue%2Frun&v=1779891653349'
    'SCRIPT_NAME' => '/index.php'
    'SCRIPT_FILENAME' => '/var/www/html/web/index.php'
    'FCGI_ROLE' => 'RESPONDER'
    'PHP_SELF' => '/index.php'
    'REQUEST_TIME_FLOAT' => 1779891653.3611
    'REQUEST_TIME' => 1779891653
    'CRAFT_APP_ID' => 'CraftCMS--3933bc78-29f5-4b79-bcc5-c31faf0fcd20'
    'CRAFT_ENVIRONMENT' => 'dev'
    'ENVIRONMENT' => 'dev'
    'CRAFT_SECURITY_KEY' => '••••••••••••••••••••••••••••••••'
    'CP_TRIGGER' => 'dW2axQ3b'
    'CRAFT_DB_SCHEMA' => 'public'
    'CRAFT_DB_TABLE_PREFIX' => ''
    'CRAFT_DB_CHARSET' => 'utf8mb4'
    'CRAFT_DB_COLLATION' => 'utf8mb4_unicode_ci'
    'DEV_MODE' => 'true'
    'ALLOW_ADMIN_CHANGES' => 'true'
    'DISALLOW_ROBOTS' => 'true'
    'TIMEZONE' => 'Europe/Zurich'
    'CAPTCHA_SITE_KEY' => '••••••••••••••••••••••••••••••••••••••••'
    'CAPTCHA_SECRET_KEY' => '••••••••••••••••••••••••••••••••••••••••'
    'WEB_URL' => 'https://derschmuckmacher-v3.ddev.site'
    'WEB_ROOT' => '/var/www/html/web'
    'ASSETS_BASE_URL' => 'https://derschmuckmacher-v3.ddev.site/public'
    'ASSETS_BASE_PATH' => '/var/www/html/web/public'
    'SCHMUCK_BASE_URL' => 'https://derschmuckmacher-v3.ddev.site/public/uploads/schmuck'
    'SCHMUCK_BASE_PATH' => '/var/www/html/web/public/uploads/schmuck'
    'BILDER_BASE_URL' => 'https://derschmuckmacher-v3.ddev.site/public/uploads/bilder'
    'BILDER_BASE_PATH' => '/var/www/html/web/public/uploads/bilder'
] {"environment":"dev","userId":1} 
2026-05-27 16:21:06 [queue.INFO] [yii\db\Connection::open] Opening DB connection: mysql:host=db;dbname=db;port=3306 {"memory":1102160} 
2026-05-27 16:21:06 [queue.INFO] [yii\web\Session::open] Session started {"memory":1527040} 
2026-05-27 16:21:06 [queue.INFO] [nystudio107\codeeditor\CodeEditor::bootstrap] CodeEditor module bootstrapped {"memory":1551376} 
2026-05-27 16:21:06 [queue.INFO] [adigital\cookieconsentbanner\CookieConsentBanner::init] Cookie Consent Banner plugin loaded {"memory":1769240} 
2026-05-27 16:21:06 [queue.INFO] [miranj\obfuscator\Obfuscator::init] Obfuscator plugin loaded {"memory":2730096} 
2026-05-27 16:21:06 [queue.INFO] [yii\db\Connection::open] Opening DB connection: mysql:host=db;dbname=db;port=3306 {"memory":2998440} 
2026-05-27 16:21:06 [queue.INFO] [craft\queue\QueueLogBehavior::beforeExec]  [40885] t9n:["app","Updating search indexes"] (attempt: 1, pid: 1735) - Started {"memory":3057224} 
2026-05-27 16:21:06 [queue.INFO] [craft\queue\QueueLogBehavior::afterExec]  [40885] t9n:["app","Updating search indexes"] (attempt: 1, pid: 1735) - Done (time: 0.017s) {"memory":4168064} 
2026-05-27 16:21:06 [queue.INFO] [craft\queue\QueueLogBehavior::beforeExec]  [40886] t9n:["app","Pruning extra revisions"] (attempt: 1, pid: 1735) - Started {"memory":4176096} 
2026-05-27 16:21:06 [queue.INFO] [craft\queue\QueueLogBehavior::afterExec]  [40886] t9n:["app","Pruning extra revisions"] (attempt: 1, pid: 1735) - Done (time: 0.001s) {"memory":4268744} 
2026-05-27 16:21:06 [queue.INFO] [craft\queue\QueueLogBehavior::beforeExec]  [40887] t9n:["app","Pruning extra revisions"] (attempt: 1, pid: 1735) - Started {"memory":4280824} 
2026-05-27 16:21:06 [queue.INFO] [craft\queue\QueueLogBehavior::afterExec]  [40887] t9n:["app","Pruning extra revisions"] (attempt: 1, pid: 1735) - Done (time: 0.001s) {"memory":4373440} 
2026-05-27 16:21:06 [queue.INFO] [application] Request context:
$_GET = [
    'p' => 'dW2axQ3b/actions/queue/run'
    'v' => '1779891666414'
]

$_POST = []

$_FILES = []

$_COOKIE = [
    'a8b7b1ec9ffb8baf2c6eaa253fe57112_username' => '26b9ec8568da68d3882e55afaa5d203483c6c5810ee05b5a55c8a0eb10cab93ea:2:{i:0;s:41:\"a8b7b1ec9ffb8baf2c6eaa253fe57112_username\";i:1;s:8:\"odegiuli\";}'
    'CraftSessionId' => 'biudticgnvahpvc8nukk8ac1vc'
    'CRAFT_CSRF_TOKEN' => '••••••••••••••••••••••••••••••••••••••••••••••••••••••••••••••••••••••••••••••••••••••••••••••••••••••••••••••••••••••••••••••••••••••••••••••••••••••••••••••••••••••••••••••••••••••••••••••••••••••••••••••••••••••••••••••••••••••••••••••••••••••••••••••••••'
    'a8b7b1ec9ffb8baf2c6eaa253fe57112_identity' => 'c05e269f9a86048999710c6067062a4ab8b9b72b60032bdd4aede461abe99f6aa:2:{i:0;s:41:\"a8b7b1ec9ffb8baf2c6eaa253fe57112_identity\";i:1;s:159:\"[1,\"[\\\"y9F6YHmR9qC8Xsvv_urYFspDlXSsXsFbHDHDiokNRXLEUFEEKTo2W7iJ97zgt_AgvxoJgpgTjLnE5pS-azRIHVI1lD_VNxCU5lGK\\\",null,\\\"fd3cbf9ed3a1f5fe86c1a53cec2d55ae\\\"]\",3600]\";}'
    'Craft-3626ffc1-d0a3-42e3-98aa-37e8aa759561_sidebar' => 'expanded'
    'Craft-3626ffc1-d0a3-42e3-98aa-37e8aa759561_sidebar-details' => 'expanded'
    'cookieconsent_status' => 'allow'
]

$_SESSION = [
    '22b6a59deafcfb2ffb13c3adf3d98a3b__flash' => []
    'a8b7b1ec9ffb8baf2c6eaa253fe57112__token' => '••••••••••••••••••••••••••••••••••••••••••••••••••••••••••••••••••••••••••••••••••••••••••••••••••••'
    'a8b7b1ec9ffb8baf2c6eaa253fe57112__id' => 1
    '__authKey' => '••••••••••••••••••••••••••••••••••••••••••••••••••••••••••••••••••••••••••••••••••••••••••••••••••••••••••••••••••••••••••••••••••••••••••••••••'
    'a8b7b1ec9ffb8baf2c6eaa253fe57112__expire' => 1779895266
    '__duration' => 3600
    '__elevated_timeout' => 1779891115
    '22b6a59deafcfb2ffb13c3adf3d98a3b__auth_access' => [
        0 => 'previewElement:7186'
        1 => 'saveAssets:856a3aeb-b21b-4d41-af3f-0a23db430323'
        2 => 'previewDraft:1050'
        3 => 'previewDraft:1052'
        4 => 'previewDraft:1054'
        5 => 'previewDraft:1056'
        6 => 'previewDraft:1058'
        7 => 'previewDraft:1060'
        8 => 'previewDraft:1062'
        9 => 'previewDraft:1064'
    ]
]

$_SERVER = [
    'DEPLOY_NAME' => 'local'
    'DDEV_WEBSERVER_TYPE' => 'nginx-fpm'
    'npm_config_cache' => '/mnt/ddev-global-cache/npm'
    'COREPACK_ENABLE_DOWNLOAD_PROMPT' => '0'
    'DDEV_GOOS' => 'darwin'
    'IS_DDEV_PROJECT' => 'true'
    'PHP_DEFAULT_VERSION' => '8.3'
    'HOSTNAME' => 'derschmuckmacher-v3-web'
    'MAILPIT_SMTP_PORT' => '1025'
    'MH_SMTP_BIND_ADDR' => '127.0.0.1:1025'
    'DDEV_PRIMARY_URL_WITHOUT_PORT' => 'https://derschmuckmacher-v3.ddev.site'
    'CRAFT_DB_PORT' => '3306'
    'SSH_AUTH_SOCK' => '/home/.ssh-agent/socket'
    'DDEV_GID' => '20'
    'NODE_EXTRA_CA_CERTS' => '/mnt/ddev-global-cache/mkcert/rootCA.pem'
    'DOCKER_IP' => '127.0.0.1'
    'PGPASSWORD' => 'db'
    'CRAFT_WEB_ROOT' => '/var/www/html/web'
    'DDEV_DOCROOT' => 'web'
    'PWD' => '/var/www/html'
    'PLATFORMSH_CLI_UPDATES_CHECK' => '0'
    'DDEV_APPROOT' => '/var/www/html'
    'DDEV_FILES_DIR' => ''
    'START_SCRIPT_TIMEOUT' => '57'
    'APACHE_SITE_TEMPLATE' => '/etc/apache2/apache-site.conf'
    'PHP_INI' => '/etc/php/8.3/fpm/php.ini'
    'DDEV_VERSION' => 'v1.24.10'
    'PRIMARY_SITE_URL' => 'https://derschmuckmacher-v3.ddev.site'
    'TZ' => 'Europe/Zurich'
    'DDEV_XHPROF_MODE' => 'prepend'
    'HTTPS_EXPOSE' => '443:80,8026:8025'
    'COREPACK_HOME' => '/mnt/ddev-global-cache/corepack'
    'CRAFT_DB_DATABASE' => 'db'
    'DDEV_PRIMARY_URL' => 'https://derschmuckmacher-v3.ddev.site'
    'LINES' => '6'
    'DDEV_SITENAME' => 'derschmuckmacher-v3'
    'HOME' => '/home/omar'
    'DRUSH_OPTIONS_URI' => 'https://derschmuckmacher-v3.ddev.site'
    'LANG' => 'C.UTF-8'
    'COLUMNS' => '371'
    'DDEV_MUTAGEN_ENABLED' => 'true'
    'DDEV_USER' => 'omar'
    'PGUSER' => 'db'
    'TERMINUS_CACHE_DIR' => '/mnt/ddev-global-cache/terminus/cache'
    'DDEV_PRIMARY_URL_PORT' => '443'
    'DDEV_ROUTER_HTTP_PORT' => '80'
    'MAILPIT_SMTP_HOSTNAME' => '127.0.0.1'
    'CRAFT_DB_DRIVER' => 'mysql'
    'COMPOSER_PROCESS_TIMEOUT' => '2000'
    'NGINX_SITE_TEMPLATE' => '/etc/nginx/nginx-site.conf'
    'DDEV_FILES_DIRS' => ''
    'CRAFT_DB_SERVER' => 'db'
    'HTTP_EXPOSE' => '80:80,8025:8025'
    'NVM_DIR' => '/home/omar/.nvm'
    'DDEV_PHP_VERSION' => '8.3'
    'DDEV_TLD' => 'ddev.site'
    'DDEV_HOSTNAME' => 'derschmuckmacher-v3.ddev.site'
    'DDEV_PROJECT' => 'derschmuckmacher-v3'
    'DDEV_GOARCH' => 'arm64'
    'VIRTUAL_HOST' => 'derschmuckmacher-v3.ddev.site'
    'TERM' => 'xterm'
    'USER' => 'omar'
    'MYSQL_HISTFILE' => '/mnt/ddev-global-cache/mysqlhistory/derschmuckmacher-v3-web/mysql_history'
    'DDEV_WEB_ENTRYPOINT' => '/mnt/ddev_config/web-entrypoint.d'
    'DDEV_UID' => '501'
    'CAROOT' => '/mnt/ddev-global-cache/mkcert'
    'SHLVL' => '1'
    'COMPOSER_ALLOW_SUPERUSER' => '1'
    'BASH_ENV' => '/etc/bash.nointeractive.bashrc'
    'DDEV_DATABASE' => 'mysql:8.0'
    'PGDATABASE' => 'db'
    'CRAFT_DB_USER' => 'db'
    'DDEV_SCHEME' => 'https'
    'XHPROF_OUTPUT_DIR' => '/tmp/xhprof'
    'COMPOSER_CACHE_DIR' => '/mnt/ddev-global-cache/composer'
    'DDEV_XDEBUG_ENABLED' => 'false'
    'DDEV_DATABASE_FAMILY' => 'mysql'
    'PGHOST' => 'db'
    'DDEV_COMPOSER_ROOT' => '/var/www/html'
    'CRAFT_DB_PASSWORD' => '••'
    'DOCROOT' => 'web'
    'TERMINUS_HIDE_UPDATE_MESSAGE' => '1'
    'PATH' => '/home/omar/bin:/var/www/html/vendor/bin:/usr/local/sbin:/usr/local/bin:/usr/sbin:/usr/bin:/sbin:/bin:/var/www/html/bin:/mnt/ddev-global-cache/global-commands/web'
    'HOST_DOCKER_INTERNAL_IP' => ''
    'DDEV_PROJECT_TYPE' => 'craftcms'
    'DEBIAN_FRONTEND' => 'noninteractive'
    'DDEV_ROUTER_HTTPS_PORT' => '443'
    'EXECIGNORE' => '/var/www/html/vendor/bin/composer'
    'SUPERVISOR_ENABLED' => '1'
    'SUPERVISOR_SERVER_URL' => 'unix:///var/run/supervisor.sock'
    'SUPERVISOR_PROCESS_NAME' => 'php-fpm'
    'SUPERVISOR_GROUP_NAME' => 'php-fpm'
    'HTTP_X_REQUESTED_WITH' => 'XMLHttpRequest'
    'HTTP_X_REGISTERED_JS_FILES' => '6276b818'
    'HTTP_X_REGISTERED_ASSET_BUNDLES' => '815d39ea,92d8701,22e517a2,aee7f8dc,26c46c25,e505ffd6,6b4d7555,bb2f10a0,e5e48399,fc0bc163,1ccab40d,1e21896b,54698ee0,b842675b,1c3c9add,4b1fd285,d8d08e47,8f00ce04,8768f48b,cf3018d6,ec6d0256,e7c1329,7b7669ac,75f47f25'
    'HTTP_X_REAL_IP' => '172.18.0.1'
    'HTTP_X_FORWARDED_SERVER' => 'e6a50fd17528'
    'HTTP_X_FORWARDED_PROTO' => 'https'
    'HTTP_X_FORWARDED_PORT' => '443'
    'HTTP_X_FORWARDED_HOST' => 'derschmuckmacher-v3.ddev.site'
    'HTTP_X_FORWARDED_FOR' => '172.18.0.1'
    'HTTP_X_CSRF_TOKEN' => '••••••••••••••••••••••••••••••••••••••••••••••••••••••••••••••••••••••••••••••••••••••••••••••••••••••••••••••••••••••••••••••••••••••••••••••••••••••••••••••••••••••••••••••••••••••••••••••••••••••••••••••••••••••••••••••••••••••••••••••••••••••••••••••••••••••••••••••••••••••••••••••••••••••••••••••••••••••••••••••••••••••••••••••••••••••••••••••••••••••••••••••••••••••••••••••••••••••••'
    'HTTP_TE' => 'trailers'
    'HTTP_SEC_GPC' => '1'
    'HTTP_SEC_FETCH_SITE' => 'same-origin'
    'HTTP_SEC_FETCH_MODE' => 'cors'
    'HTTP_SEC_FETCH_DEST' => 'empty'
    'HTTP_REFERER' => 'https://derschmuckmacher-v3.ddev.site/dW2axQ3b/content/entries/singles/7186-impressum?returnUrl=https%3A//derschmuckmacher-v3.ddev.site/dW2axQ3b/content/entries/singles%3AQS%3Asource%3Dsingles'
    'HTTP_ORIGIN' => 'https://derschmuckmacher-v3.ddev.site'
    'HTTP_COOKIE' => 'a8b7b1ec9ffb8baf2c6eaa253fe57112_username=26b9ec8568da68d3882e55afaa5d203483c6c5810ee05b5a55c8a0eb10cab93ea%3A2%3A%7Bi%3A0%3Bs%3A41%3A%22a8b7b1ec9ffb8baf2c6eaa253fe57112_username%22%3Bi%3A1%3Bs%3A8%3A%22odegiuli%22%3B%7D; CraftSessionId=biudticgnvahpvc8nukk8ac1vc; CRAFT_CSRF_TOKEN=f24bdf1e9b1a034ee7b31fc7240bdef700af95a681404c14421efa33013a169ca%3A2%3A%7Bi%3A0%3Bs%3A16%3A%22CRAFT_CSRF_TOKEN%22%3Bi%3A1%3Bs%3A147%3A%22o35JaTMOK5SlzzOXxon1Bn7gy1-9PEHqnAYwYjz9%7C89e454564122d06c6a70a599ac0d3b19a34e4201342f82ce4b9247f607434cc9o35JaTMOK5SlzzOXxon1Bn7gy1-9PEHqnAYwYjz9%7C1%22%3B%7D; a8b7b1ec9ffb8baf2c6eaa253fe57112_identity=c05e269f9a86048999710c6067062a4ab8b9b72b60032bdd4aede461abe99f6aa%3A2%3A%7Bi%3A0%3Bs%3A41%3A%22a8b7b1ec9ffb8baf2c6eaa253fe57112_identity%22%3Bi%3A1%3Bs%3A159%3A%22%5B1%2C%22%5B%5C%22y9F6YHmR9qC8Xsvv_urYFspDlXSsXsFbHDHDiokNRXLEUFEEKTo2W7iJ97zgt_AgvxoJgpgTjLnE5pS-azRIHVI1lD_VNxCU5lGK%5C%22%2Cnull%2C%5C%22fd3cbf9ed3a1f5fe86c1a53cec2d55ae%5C%22%5D%22%2C3600%5D%22%3B%7D; Craft-3626ffc1-d0a3-42e3-98aa-37e8aa759561_sidebar=expanded; Craft-3626ffc1-d0a3-42e3-98aa-37e8aa759561_sidebar-details=expanded; cookieconsent_status=allow'
    'HTTP_ACCEPT_LANGUAGE' => 'de,en-US;q=0.9,en;q=0.8'
    'HTTP_ACCEPT_ENCODING' => 'gzip, deflate, br, zstd'
    'HTTP_ACCEPT' => 'application/json, text/plain, */*'
    'HTTP_CONTENT_LENGTH' => '0'
    'HTTP_USER_AGENT' => 'Mozilla/5.0 (Macintosh; Intel Mac OS X 10.15; rv:151.0) Gecko/20100101 Firefox/151.0'
    'HTTP_HOST' => 'derschmuckmacher-v3.ddev.site'
    'HTTPS' => 'on'
    'REDIRECT_STATUS' => '200'
    'SERVER_NAME' => 'derschmuckmacher-v3.ddev.site'
    'SERVER_PORT' => '80'
    'SERVER_ADDR' => '172.18.0.4'
    'REMOTE_PORT' => '51910'
    'REMOTE_ADDR' => '172.18.0.5'
    'SERVER_SOFTWARE' => 'nginx/1.28.0'
    'GATEWAY_INTERFACE' => 'CGI/1.1'
    'REQUEST_SCHEME' => 'http'
    'SERVER_PROTOCOL' => 'HTTP/1.1'
    'DOCUMENT_ROOT' => '/var/www/html/web'
    'DOCUMENT_URI' => '/index.php'
    'REQUEST_URI' => '/index.php?p=dW2axQ3b%2Factions%2Fqueue%2Frun&v=1779891666414'
    'CONTENT_LENGTH' => '0'
    'CONTENT_TYPE' => ''
    'REQUEST_METHOD' => 'POST'
    'QUERY_STRING' => 'p=dW2axQ3b%2Factions%2Fqueue%2Frun&v=1779891666414'
    'SCRIPT_NAME' => '/index.php'
    'SCRIPT_FILENAME' => '/var/www/html/web/index.php'
    'FCGI_ROLE' => 'RESPONDER'
    'PHP_SELF' => '/index.php'
    'REQUEST_TIME_FLOAT' => 1779891666.4297
    'REQUEST_TIME' => 1779891666
    'CRAFT_APP_ID' => 'CraftCMS--3933bc78-29f5-4b79-bcc5-c31faf0fcd20'
    'CRAFT_ENVIRONMENT' => 'dev'
    'ENVIRONMENT' => 'dev'
    'CRAFT_SECURITY_KEY' => '••••••••••••••••••••••••••••••••'
    'CP_TRIGGER' => 'dW2axQ3b'
    'CRAFT_DB_SCHEMA' => 'public'
    'CRAFT_DB_TABLE_PREFIX' => ''
    'CRAFT_DB_CHARSET' => 'utf8mb4'
    'CRAFT_DB_COLLATION' => 'utf8mb4_unicode_ci'
    'DEV_MODE' => 'true'
    'ALLOW_ADMIN_CHANGES' => 'true'
    'DISALLOW_ROBOTS' => 'true'
    'TIMEZONE' => 'Europe/Zurich'
    'CAPTCHA_SITE_KEY' => '••••••••••••••••••••••••••••••••••••••••'
    'CAPTCHA_SECRET_KEY' => '••••••••••••••••••••••••••••••••••••••••'
    'WEB_URL' => 'https://derschmuckmacher-v3.ddev.site'
    'WEB_ROOT' => '/var/www/html/web'
    'ASSETS_BASE_URL' => 'https://derschmuckmacher-v3.ddev.site/public'
    'ASSETS_BASE_PATH' => '/var/www/html/web/public'
    'SCHMUCK_BASE_URL' => 'https://derschmuckmacher-v3.ddev.site/public/uploads/schmuck'
    'SCHMUCK_BASE_PATH' => '/var/www/html/web/public/uploads/schmuck'
    'BILDER_BASE_URL' => 'https://derschmuckmacher-v3.ddev.site/public/uploads/bilder'
    'BILDER_BASE_PATH' => '/var/www/html/web/public/uploads/bilder'
] {"environment":"dev","userId":1} 
2026-05-27 16:21:59 [queue.INFO] [yii\db\Connection::open] Opening DB connection: mysql:host=db;dbname=db;port=3306 {"memory":1102160} 
2026-05-27 16:21:59 [queue.INFO] [yii\web\Session::open] Session started {"memory":1527088} 
2026-05-27 16:21:59 [queue.INFO] [nystudio107\codeeditor\CodeEditor::bootstrap] CodeEditor module bootstrapped {"memory":1551424} 
2026-05-27 16:21:59 [queue.INFO] [adigital\cookieconsentbanner\CookieConsentBanner::init] Cookie Consent Banner plugin loaded {"memory":1769288} 
2026-05-27 16:21:59 [queue.INFO] [miranj\obfuscator\Obfuscator::init] Obfuscator plugin loaded {"memory":2730144} 
2026-05-27 16:21:59 [queue.INFO] [yii\db\Connection::open] Opening DB connection: mysql:host=db;dbname=db;port=3306 {"memory":2998488} 
2026-05-27 16:21:59 [queue.INFO] [craft\queue\QueueLogBehavior::beforeExec]  [40888] t9n:["app","Updating search indexes"] (attempt: 1, pid: 1736) - Started {"memory":3057272} 
2026-05-27 16:21:59 [queue.INFO] [craft\queue\QueueLogBehavior::afterExec]  [40888] t9n:["app","Updating search indexes"] (attempt: 1, pid: 1736) - Done (time: 0.011s) {"memory":3656496} 
2026-05-27 16:21:59 [queue.INFO] [craft\queue\QueueLogBehavior::beforeExec]  [40889] t9n:["app","Updating search indexes"] (attempt: 1, pid: 1736) - Started {"memory":3664528} 
2026-05-27 16:21:59 [queue.INFO] [craft\queue\QueueLogBehavior::afterExec]  [40889] t9n:["app","Updating search indexes"] (attempt: 1, pid: 1736) - Done (time: 0.001s) {"memory":3767360} 
2026-05-27 16:21:59 [queue.INFO] [craft\queue\QueueLogBehavior::beforeExec]  [40890] t9n:["app","Updating search indexes"] (attempt: 1, pid: 1736) - Started {"memory":3775344} 
2026-05-27 16:21:59 [queue.INFO] [craft\queue\QueueLogBehavior::afterExec]  [40890] t9n:["app","Updating search indexes"] (attempt: 1, pid: 1736) - Done (time: 0.000s) {"memory":3776768} 
2026-05-27 16:21:59 [queue.INFO] [craft\queue\QueueLogBehavior::beforeExec]  [40891] t9n:["app","Updating search indexes"] (attempt: 1, pid: 1736) - Started {"memory":3789168} 
2026-05-27 16:21:59 [queue.INFO] [craft\queue\QueueLogBehavior::afterExec]  [40891] t9n:["app","Updating search indexes"] (attempt: 1, pid: 1736) - Done (time: 0.000s) {"memory":3790592} 
2026-05-27 16:21:59 [queue.INFO] [craft\queue\QueueLogBehavior::beforeExec]  [40892] t9n:["app","Updating search indexes"] (attempt: 1, pid: 1736) - Started {"memory":3798576} 
2026-05-27 16:21:59 [queue.INFO] [craft\queue\QueueLogBehavior::afterExec]  [40892] t9n:["app","Updating search indexes"] (attempt: 1, pid: 1736) - Done (time: 0.000s) {"memory":3800000} 
2026-05-27 16:21:59 [queue.INFO] [craft\queue\QueueLogBehavior::beforeExec]  [40893] t9n:["app","Updating search indexes"] (attempt: 1, pid: 1736) - Started {"memory":3807984} 
2026-05-27 16:21:59 [queue.INFO] [craft\queue\QueueLogBehavior::afterExec]  [40893] t9n:["app","Updating search indexes"] (attempt: 1, pid: 1736) - Done (time: 0.006s) {"memory":4307464} 
2026-05-27 16:21:59 [queue.INFO] [craft\queue\QueueLogBehavior::beforeExec]  [40894] t9n:["app","Updating search indexes"] (attempt: 1, pid: 1736) - Started {"memory":4315448} 
2026-05-27 16:21:59 [queue.INFO] [craft\queue\QueueLogBehavior::afterExec]  [40894] t9n:["app","Updating search indexes"] (attempt: 1, pid: 1736) - Done (time: 0.003s) {"memory":4578912} 
2026-05-27 16:21:59 [queue.INFO] [craft\queue\QueueLogBehavior::beforeExec]  [40895] t9n:["app","Pruning extra revisions"] (attempt: 1, pid: 1736) - Started {"memory":4586896} 
2026-05-27 16:21:59 [queue.INFO] [craft\queue\QueueLogBehavior::afterExec]  [40895] t9n:["app","Pruning extra revisions"] (attempt: 1, pid: 1736) - Done (time: 0.001s) {"memory":4679544} 
2026-05-27 16:21:59 [queue.INFO] [craft\queue\QueueLogBehavior::beforeExec]  [40896] t9n:["app","Pruning extra revisions"] (attempt: 1, pid: 1736) - Started {"memory":4687528} 
2026-05-27 16:21:59 [queue.INFO] [craft\queue\QueueLogBehavior::afterExec]  [40896] t9n:["app","Pruning extra revisions"] (attempt: 1, pid: 1736) - Done (time: 0.001s) {"memory":4780144} 
2026-05-27 16:21:59 [queue.INFO] [application] Request context:
$_GET = [
    'p' => 'dW2axQ3b/actions/queue/run'
    'v' => '1779891719868'
]

$_POST = []

$_FILES = []

$_COOKIE = [
    'a8b7b1ec9ffb8baf2c6eaa253fe57112_username' => '26b9ec8568da68d3882e55afaa5d203483c6c5810ee05b5a55c8a0eb10cab93ea:2:{i:0;s:41:\"a8b7b1ec9ffb8baf2c6eaa253fe57112_username\";i:1;s:8:\"odegiuli\";}'
    'CraftSessionId' => 'biudticgnvahpvc8nukk8ac1vc'
    'CRAFT_CSRF_TOKEN' => '••••••••••••••••••••••••••••••••••••••••••••••••••••••••••••••••••••••••••••••••••••••••••••••••••••••••••••••••••••••••••••••••••••••••••••••••••••••••••••••••••••••••••••••••••••••••••••••••••••••••••••••••••••••••••••••••••••••••••••••••••••••••••••••••••'
    'a8b7b1ec9ffb8baf2c6eaa253fe57112_identity' => 'c05e269f9a86048999710c6067062a4ab8b9b72b60032bdd4aede461abe99f6aa:2:{i:0;s:41:\"a8b7b1ec9ffb8baf2c6eaa253fe57112_identity\";i:1;s:159:\"[1,\"[\\\"y9F6YHmR9qC8Xsvv_urYFspDlXSsXsFbHDHDiokNRXLEUFEEKTo2W7iJ97zgt_AgvxoJgpgTjLnE5pS-azRIHVI1lD_VNxCU5lGK\\\",null,\\\"fd3cbf9ed3a1f5fe86c1a53cec2d55ae\\\"]\",3600]\";}'
    'Craft-3626ffc1-d0a3-42e3-98aa-37e8aa759561_sidebar' => 'expanded'
    'Craft-3626ffc1-d0a3-42e3-98aa-37e8aa759561_sidebar-details' => 'expanded'
    'cookieconsent_status' => 'allow'
]

$_SESSION = [
    '22b6a59deafcfb2ffb13c3adf3d98a3b__flash' => []
    'a8b7b1ec9ffb8baf2c6eaa253fe57112__token' => '••••••••••••••••••••••••••••••••••••••••••••••••••••••••••••••••••••••••••••••••••••••••••••••••••••'
    'a8b7b1ec9ffb8baf2c6eaa253fe57112__id' => 1
    '__authKey' => '••••••••••••••••••••••••••••••••••••••••••••••••••••••••••••••••••••••••••••••••••••••••••••••••••••••••••••••••••••••••••••••••••••••••••••••••'
    'a8b7b1ec9ffb8baf2c6eaa253fe57112__expire' => 1779895319
    '__duration' => 3600
    '__elevated_timeout' => 1779891115
    '22b6a59deafcfb2ffb13c3adf3d98a3b__auth_access' => [
        0 => 'previewElement:7186'
        1 => 'saveAssets:856a3aeb-b21b-4d41-af3f-0a23db430323'
        2 => 'previewDraft:1050'
        3 => 'previewDraft:1052'
        4 => 'previewDraft:1054'
        5 => 'previewDraft:1056'
        6 => 'previewDraft:1058'
        7 => 'previewDraft:1060'
        8 => 'previewDraft:1062'
        9 => 'previewDraft:1064'
        10 => 'previewDraft:1066'
    ]
]

$_SERVER = [
    'DEPLOY_NAME' => 'local'
    'DDEV_WEBSERVER_TYPE' => 'nginx-fpm'
    'npm_config_cache' => '/mnt/ddev-global-cache/npm'
    'COREPACK_ENABLE_DOWNLOAD_PROMPT' => '0'
    'DDEV_GOOS' => 'darwin'
    'IS_DDEV_PROJECT' => 'true'
    'PHP_DEFAULT_VERSION' => '8.3'
    'HOSTNAME' => 'derschmuckmacher-v3-web'
    'MAILPIT_SMTP_PORT' => '1025'
    'MH_SMTP_BIND_ADDR' => '127.0.0.1:1025'
    'DDEV_PRIMARY_URL_WITHOUT_PORT' => 'https://derschmuckmacher-v3.ddev.site'
    'CRAFT_DB_PORT' => '3306'
    'SSH_AUTH_SOCK' => '/home/.ssh-agent/socket'
    'DDEV_GID' => '20'
    'NODE_EXTRA_CA_CERTS' => '/mnt/ddev-global-cache/mkcert/rootCA.pem'
    'DOCKER_IP' => '127.0.0.1'
    'PGPASSWORD' => 'db'
    'CRAFT_WEB_ROOT' => '/var/www/html/web'
    'DDEV_DOCROOT' => 'web'
    'PWD' => '/var/www/html'
    'PLATFORMSH_CLI_UPDATES_CHECK' => '0'
    'DDEV_APPROOT' => '/var/www/html'
    'DDEV_FILES_DIR' => ''
    'START_SCRIPT_TIMEOUT' => '57'
    'APACHE_SITE_TEMPLATE' => '/etc/apache2/apache-site.conf'
    'PHP_INI' => '/etc/php/8.3/fpm/php.ini'
    'DDEV_VERSION' => 'v1.24.10'
    'PRIMARY_SITE_URL' => 'https://derschmuckmacher-v3.ddev.site'
    'TZ' => 'Europe/Zurich'
    'DDEV_XHPROF_MODE' => 'prepend'
    'HTTPS_EXPOSE' => '443:80,8026:8025'
    'COREPACK_HOME' => '/mnt/ddev-global-cache/corepack'
    'CRAFT_DB_DATABASE' => 'db'
    'DDEV_PRIMARY_URL' => 'https://derschmuckmacher-v3.ddev.site'
    'LINES' => '6'
    'DDEV_SITENAME' => 'derschmuckmacher-v3'
    'HOME' => '/home/omar'
    'DRUSH_OPTIONS_URI' => 'https://derschmuckmacher-v3.ddev.site'
    'LANG' => 'C.UTF-8'
    'COLUMNS' => '371'
    'DDEV_MUTAGEN_ENABLED' => 'true'
    'DDEV_USER' => 'omar'
    'PGUSER' => 'db'
    'TERMINUS_CACHE_DIR' => '/mnt/ddev-global-cache/terminus/cache'
    'DDEV_PRIMARY_URL_PORT' => '443'
    'DDEV_ROUTER_HTTP_PORT' => '80'
    'MAILPIT_SMTP_HOSTNAME' => '127.0.0.1'
    'CRAFT_DB_DRIVER' => 'mysql'
    'COMPOSER_PROCESS_TIMEOUT' => '2000'
    'NGINX_SITE_TEMPLATE' => '/etc/nginx/nginx-site.conf'
    'DDEV_FILES_DIRS' => ''
    'CRAFT_DB_SERVER' => 'db'
    'HTTP_EXPOSE' => '80:80,8025:8025'
    'NVM_DIR' => '/home/omar/.nvm'
    'DDEV_PHP_VERSION' => '8.3'
    'DDEV_TLD' => 'ddev.site'
    'DDEV_HOSTNAME' => 'derschmuckmacher-v3.ddev.site'
    'DDEV_PROJECT' => 'derschmuckmacher-v3'
    'DDEV_GOARCH' => 'arm64'
    'VIRTUAL_HOST' => 'derschmuckmacher-v3.ddev.site'
    'TERM' => 'xterm'
    'USER' => 'omar'
    'MYSQL_HISTFILE' => '/mnt/ddev-global-cache/mysqlhistory/derschmuckmacher-v3-web/mysql_history'
    'DDEV_WEB_ENTRYPOINT' => '/mnt/ddev_config/web-entrypoint.d'
    'DDEV_UID' => '501'
    'CAROOT' => '/mnt/ddev-global-cache/mkcert'
    'SHLVL' => '1'
    'COMPOSER_ALLOW_SUPERUSER' => '1'
    'BASH_ENV' => '/etc/bash.nointeractive.bashrc'
    'DDEV_DATABASE' => 'mysql:8.0'
    'PGDATABASE' => 'db'
    'CRAFT_DB_USER' => 'db'
    'DDEV_SCHEME' => 'https'
    'XHPROF_OUTPUT_DIR' => '/tmp/xhprof'
    'COMPOSER_CACHE_DIR' => '/mnt/ddev-global-cache/composer'
    'DDEV_XDEBUG_ENABLED' => 'false'
    'DDEV_DATABASE_FAMILY' => 'mysql'
    'PGHOST' => 'db'
    'DDEV_COMPOSER_ROOT' => '/var/www/html'
    'CRAFT_DB_PASSWORD' => '••'
    'DOCROOT' => 'web'
    'TERMINUS_HIDE_UPDATE_MESSAGE' => '1'
    'PATH' => '/home/omar/bin:/var/www/html/vendor/bin:/usr/local/sbin:/usr/local/bin:/usr/sbin:/usr/bin:/sbin:/bin:/var/www/html/bin:/mnt/ddev-global-cache/global-commands/web'
    'HOST_DOCKER_INTERNAL_IP' => ''
    'DDEV_PROJECT_TYPE' => 'craftcms'
    'DEBIAN_FRONTEND' => 'noninteractive'
    'DDEV_ROUTER_HTTPS_PORT' => '443'
    'EXECIGNORE' => '/var/www/html/vendor/bin/composer'
    'SUPERVISOR_ENABLED' => '1'
    'SUPERVISOR_SERVER_URL' => 'unix:///var/run/supervisor.sock'
    'SUPERVISOR_PROCESS_NAME' => 'php-fpm'
    'SUPERVISOR_GROUP_NAME' => 'php-fpm'
    'HTTP_X_REQUESTED_WITH' => 'XMLHttpRequest'
    'HTTP_X_REGISTERED_JS_FILES' => '6276b818'
    'HTTP_X_REGISTERED_ASSET_BUNDLES' => '815d39ea,92d8701,22e517a2,aee7f8dc,26c46c25,e505ffd6,6b4d7555,bb2f10a0,e5e48399,fc0bc163,1ccab40d,1e21896b,54698ee0,b842675b,1c3c9add,4b1fd285,d8d08e47,8f00ce04,8768f48b,cf3018d6,ec6d0256,e7c1329,7b7669ac,75f47f25'
    'HTTP_X_REAL_IP' => '172.18.0.1'
    'HTTP_X_FORWARDED_SERVER' => 'e6a50fd17528'
    'HTTP_X_FORWARDED_PROTO' => 'https'
    'HTTP_X_FORWARDED_PORT' => '443'
    'HTTP_X_FORWARDED_HOST' => 'derschmuckmacher-v3.ddev.site'
    'HTTP_X_FORWARDED_FOR' => '172.18.0.1'
    'HTTP_X_CSRF_TOKEN' => '••••••••••••••••••••••••••••••••••••••••••••••••••••••••••••••••••••••••••••••••••••••••••••••••••••••••••••••••••••••••••••••••••••••••••••••••••••••••••••••••••••••••••••••••••••••••••••••••••••••••••••••••••••••••••••••••••••••••••••••••••••••••••••••••••••••••••••••••••••••••••••••••••••••••••••••••••••••••••••••••••••••••••••••••••••••••••••••••••••••••••••••••••••••••••••••••••••••••'
    'HTTP_TE' => 'trailers'
    'HTTP_SEC_GPC' => '1'
    'HTTP_SEC_FETCH_SITE' => 'same-origin'
    'HTTP_SEC_FETCH_MODE' => 'cors'
    'HTTP_SEC_FETCH_DEST' => 'empty'
    'HTTP_REFERER' => 'https://derschmuckmacher-v3.ddev.site/dW2axQ3b/content/entries/singles/7186-impressum?returnUrl=https%3A//derschmuckmacher-v3.ddev.site/dW2axQ3b/content/entries/singles%3AQS%3Asource%3Dsingles'
    'HTTP_ORIGIN' => 'https://derschmuckmacher-v3.ddev.site'
    'HTTP_COOKIE' => 'a8b7b1ec9ffb8baf2c6eaa253fe57112_username=26b9ec8568da68d3882e55afaa5d203483c6c5810ee05b5a55c8a0eb10cab93ea%3A2%3A%7Bi%3A0%3Bs%3A41%3A%22a8b7b1ec9ffb8baf2c6eaa253fe57112_username%22%3Bi%3A1%3Bs%3A8%3A%22odegiuli%22%3B%7D; CraftSessionId=biudticgnvahpvc8nukk8ac1vc; CRAFT_CSRF_TOKEN=f24bdf1e9b1a034ee7b31fc7240bdef700af95a681404c14421efa33013a169ca%3A2%3A%7Bi%3A0%3Bs%3A16%3A%22CRAFT_CSRF_TOKEN%22%3Bi%3A1%3Bs%3A147%3A%22o35JaTMOK5SlzzOXxon1Bn7gy1-9PEHqnAYwYjz9%7C89e454564122d06c6a70a599ac0d3b19a34e4201342f82ce4b9247f607434cc9o35JaTMOK5SlzzOXxon1Bn7gy1-9PEHqnAYwYjz9%7C1%22%3B%7D; a8b7b1ec9ffb8baf2c6eaa253fe57112_identity=c05e269f9a86048999710c6067062a4ab8b9b72b60032bdd4aede461abe99f6aa%3A2%3A%7Bi%3A0%3Bs%3A41%3A%22a8b7b1ec9ffb8baf2c6eaa253fe57112_identity%22%3Bi%3A1%3Bs%3A159%3A%22%5B1%2C%22%5B%5C%22y9F6YHmR9qC8Xsvv_urYFspDlXSsXsFbHDHDiokNRXLEUFEEKTo2W7iJ97zgt_AgvxoJgpgTjLnE5pS-azRIHVI1lD_VNxCU5lGK%5C%22%2Cnull%2C%5C%22fd3cbf9ed3a1f5fe86c1a53cec2d55ae%5C%22%5D%22%2C3600%5D%22%3B%7D; Craft-3626ffc1-d0a3-42e3-98aa-37e8aa759561_sidebar=expanded; Craft-3626ffc1-d0a3-42e3-98aa-37e8aa759561_sidebar-details=expanded; cookieconsent_status=allow'
    'HTTP_ACCEPT_LANGUAGE' => 'de,en-US;q=0.9,en;q=0.8'
    'HTTP_ACCEPT_ENCODING' => 'gzip, deflate, br, zstd'
    'HTTP_ACCEPT' => 'application/json, text/plain, */*'
    'HTTP_CONTENT_LENGTH' => '0'
    'HTTP_USER_AGENT' => 'Mozilla/5.0 (Macintosh; Intel Mac OS X 10.15; rv:151.0) Gecko/20100101 Firefox/151.0'
    'HTTP_HOST' => 'derschmuckmacher-v3.ddev.site'
    'HTTPS' => 'on'
    'REDIRECT_STATUS' => '200'
    'SERVER_NAME' => 'derschmuckmacher-v3.ddev.site'
    'SERVER_PORT' => '80'
    'SERVER_ADDR' => '172.18.0.4'
    'REMOTE_PORT' => '37744'
    'REMOTE_ADDR' => '172.18.0.5'
    'SERVER_SOFTWARE' => 'nginx/1.28.0'
    'GATEWAY_INTERFACE' => 'CGI/1.1'
    'REQUEST_SCHEME' => 'http'
    'SERVER_PROTOCOL' => 'HTTP/1.1'
    'DOCUMENT_ROOT' => '/var/www/html/web'
    'DOCUMENT_URI' => '/index.php'
    'REQUEST_URI' => '/index.php?p=dW2axQ3b%2Factions%2Fqueue%2Frun&v=1779891719868'
    'CONTENT_LENGTH' => '0'
    'CONTENT_TYPE' => ''
    'REQUEST_METHOD' => 'POST'
    'QUERY_STRING' => 'p=dW2axQ3b%2Factions%2Fqueue%2Frun&v=1779891719868'
    'SCRIPT_NAME' => '/index.php'
    'SCRIPT_FILENAME' => '/var/www/html/web/index.php'
    'FCGI_ROLE' => 'RESPONDER'
    'PHP_SELF' => '/index.php'
    'REQUEST_TIME_FLOAT' => 1779891719.8718
    'REQUEST_TIME' => 1779891719
    'CRAFT_APP_ID' => 'CraftCMS--3933bc78-29f5-4b79-bcc5-c31faf0fcd20'
    'CRAFT_ENVIRONMENT' => 'dev'
    'ENVIRONMENT' => 'dev'
    'CRAFT_SECURITY_KEY' => '••••••••••••••••••••••••••••••••'
    'CP_TRIGGER' => 'dW2axQ3b'
    'CRAFT_DB_SCHEMA' => 'public'
    'CRAFT_DB_TABLE_PREFIX' => ''
    'CRAFT_DB_CHARSET' => 'utf8mb4'
    'CRAFT_DB_COLLATION' => 'utf8mb4_unicode_ci'
    'DEV_MODE' => 'true'
    'ALLOW_ADMIN_CHANGES' => 'true'
    'DISALLOW_ROBOTS' => 'true'
    'TIMEZONE' => 'Europe/Zurich'
    'CAPTCHA_SITE_KEY' => '••••••••••••••••••••••••••••••••••••••••'
    'CAPTCHA_SECRET_KEY' => '••••••••••••••••••••••••••••••••••••••••'
    'WEB_URL' => 'https://derschmuckmacher-v3.ddev.site'
    'WEB_ROOT' => '/var/www/html/web'
    'ASSETS_BASE_URL' => 'https://derschmuckmacher-v3.ddev.site/public'
    'ASSETS_BASE_PATH' => '/var/www/html/web/public'
    'SCHMUCK_BASE_URL' => 'https://derschmuckmacher-v3.ddev.site/public/uploads/schmuck'
    'SCHMUCK_BASE_PATH' => '/var/www/html/web/public/uploads/schmuck'
    'BILDER_BASE_URL' => 'https://derschmuckmacher-v3.ddev.site/public/uploads/bilder'
    'BILDER_BASE_PATH' => '/var/www/html/web/public/uploads/bilder'
] {"environment":"dev","userId":1} 
2026-05-27 16:22:11 [queue.INFO] [yii\db\Connection::open] Opening DB connection: mysql:host=db;dbname=db;port=3306 {"memory":1102160} 
2026-05-27 16:22:11 [queue.INFO] [yii\web\Session::open] Session started {"memory":1527088} 
2026-05-27 16:22:11 [queue.INFO] [nystudio107\codeeditor\CodeEditor::bootstrap] CodeEditor module bootstrapped {"memory":1551424} 
2026-05-27 16:22:11 [queue.INFO] [adigital\cookieconsentbanner\CookieConsentBanner::init] Cookie Consent Banner plugin loaded {"memory":1769288} 
2026-05-27 16:22:11 [queue.INFO] [miranj\obfuscator\Obfuscator::init] Obfuscator plugin loaded {"memory":2730144} 
2026-05-27 16:22:11 [queue.INFO] [yii\db\Connection::open] Opening DB connection: mysql:host=db;dbname=db;port=3306 {"memory":2998488} 
2026-05-27 16:22:11 [queue.INFO] [craft\queue\QueueLogBehavior::beforeExec]  [40897] t9n:["app","Updating search indexes"] (attempt: 1, pid: 1736) - Started {"memory":3057272} 
2026-05-27 16:22:11 [queue.INFO] [craft\queue\QueueLogBehavior::afterExec]  [40897] t9n:["app","Updating search indexes"] (attempt: 1, pid: 1736) - Done (time: 0.016s) {"memory":4168112} 
2026-05-27 16:22:11 [queue.INFO] [craft\queue\QueueLogBehavior::beforeExec]  [40898] t9n:["app","Pruning extra revisions"] (attempt: 1, pid: 1736) - Started {"memory":4176144} 
2026-05-27 16:22:11 [queue.INFO] [craft\queue\QueueLogBehavior::afterExec]  [40898] t9n:["app","Pruning extra revisions"] (attempt: 1, pid: 1736) - Done (time: 0.001s) {"memory":4268792} 
2026-05-27 16:22:11 [queue.INFO] [craft\queue\QueueLogBehavior::beforeExec]  [40899] t9n:["app","Pruning extra revisions"] (attempt: 1, pid: 1736) - Started {"memory":4280872} 
2026-05-27 16:22:11 [queue.INFO] [craft\queue\QueueLogBehavior::afterExec]  [40899] t9n:["app","Pruning extra revisions"] (attempt: 1, pid: 1736) - Done (time: 0.001s) {"memory":4373488} 
2026-05-27 16:22:11 [queue.INFO] [application] Request context:
$_GET = [
    'p' => 'dW2axQ3b/actions/queue/run'
    'v' => '1779891731427'
]

$_POST = []

$_FILES = []

$_COOKIE = [
    'a8b7b1ec9ffb8baf2c6eaa253fe57112_username' => '26b9ec8568da68d3882e55afaa5d203483c6c5810ee05b5a55c8a0eb10cab93ea:2:{i:0;s:41:\"a8b7b1ec9ffb8baf2c6eaa253fe57112_username\";i:1;s:8:\"odegiuli\";}'
    'CraftSessionId' => 'biudticgnvahpvc8nukk8ac1vc'
    'CRAFT_CSRF_TOKEN' => '••••••••••••••••••••••••••••••••••••••••••••••••••••••••••••••••••••••••••••••••••••••••••••••••••••••••••••••••••••••••••••••••••••••••••••••••••••••••••••••••••••••••••••••••••••••••••••••••••••••••••••••••••••••••••••••••••••••••••••••••••••••••••••••••••'
    'a8b7b1ec9ffb8baf2c6eaa253fe57112_identity' => 'c05e269f9a86048999710c6067062a4ab8b9b72b60032bdd4aede461abe99f6aa:2:{i:0;s:41:\"a8b7b1ec9ffb8baf2c6eaa253fe57112_identity\";i:1;s:159:\"[1,\"[\\\"y9F6YHmR9qC8Xsvv_urYFspDlXSsXsFbHDHDiokNRXLEUFEEKTo2W7iJ97zgt_AgvxoJgpgTjLnE5pS-azRIHVI1lD_VNxCU5lGK\\\",null,\\\"fd3cbf9ed3a1f5fe86c1a53cec2d55ae\\\"]\",3600]\";}'
    'Craft-3626ffc1-d0a3-42e3-98aa-37e8aa759561_sidebar' => 'expanded'
    'Craft-3626ffc1-d0a3-42e3-98aa-37e8aa759561_sidebar-details' => 'expanded'
    'cookieconsent_status' => 'allow'
]

$_SESSION = [
    '22b6a59deafcfb2ffb13c3adf3d98a3b__flash' => []
    'a8b7b1ec9ffb8baf2c6eaa253fe57112__token' => '••••••••••••••••••••••••••••••••••••••••••••••••••••••••••••••••••••••••••••••••••••••••••••••••••••'
    'a8b7b1ec9ffb8baf2c6eaa253fe57112__id' => 1
    '__authKey' => '••••••••••••••••••••••••••••••••••••••••••••••••••••••••••••••••••••••••••••••••••••••••••••••••••••••••••••••••••••••••••••••••••••••••••••••••'
    'a8b7b1ec9ffb8baf2c6eaa253fe57112__expire' => 1779895331
    '__duration' => 3600
    '__elevated_timeout' => 1779891115
    '22b6a59deafcfb2ffb13c3adf3d98a3b__auth_access' => [
        0 => 'previewElement:7186'
        1 => 'saveAssets:856a3aeb-b21b-4d41-af3f-0a23db430323'
        2 => 'previewDraft:1050'
        3 => 'previewDraft:1052'
        4 => 'previewDraft:1054'
        5 => 'previewDraft:1056'
        6 => 'previewDraft:1058'
        7 => 'previewDraft:1060'
        8 => 'previewDraft:1062'
        9 => 'previewDraft:1064'
        10 => 'previewDraft:1066'
    ]
]

$_SERVER = [
    'DEPLOY_NAME' => 'local'
    'DDEV_WEBSERVER_TYPE' => 'nginx-fpm'
    'npm_config_cache' => '/mnt/ddev-global-cache/npm'
    'COREPACK_ENABLE_DOWNLOAD_PROMPT' => '0'
    'DDEV_GOOS' => 'darwin'
    'IS_DDEV_PROJECT' => 'true'
    'PHP_DEFAULT_VERSION' => '8.3'
    'HOSTNAME' => 'derschmuckmacher-v3-web'
    'MAILPIT_SMTP_PORT' => '1025'
    'MH_SMTP_BIND_ADDR' => '127.0.0.1:1025'
    'DDEV_PRIMARY_URL_WITHOUT_PORT' => 'https://derschmuckmacher-v3.ddev.site'
    'CRAFT_DB_PORT' => '3306'
    'SSH_AUTH_SOCK' => '/home/.ssh-agent/socket'
    'DDEV_GID' => '20'
    'NODE_EXTRA_CA_CERTS' => '/mnt/ddev-global-cache/mkcert/rootCA.pem'
    'DOCKER_IP' => '127.0.0.1'
    'PGPASSWORD' => 'db'
    'CRAFT_WEB_ROOT' => '/var/www/html/web'
    'DDEV_DOCROOT' => 'web'
    'PWD' => '/var/www/html'
    'PLATFORMSH_CLI_UPDATES_CHECK' => '0'
    'DDEV_APPROOT' => '/var/www/html'
    'DDEV_FILES_DIR' => ''
    'START_SCRIPT_TIMEOUT' => '57'
    'APACHE_SITE_TEMPLATE' => '/etc/apache2/apache-site.conf'
    'PHP_INI' => '/etc/php/8.3/fpm/php.ini'
    'DDEV_VERSION' => 'v1.24.10'
    'PRIMARY_SITE_URL' => 'https://derschmuckmacher-v3.ddev.site'
    'TZ' => 'Europe/Zurich'
    'DDEV_XHPROF_MODE' => 'prepend'
    'HTTPS_EXPOSE' => '443:80,8026:8025'
    'COREPACK_HOME' => '/mnt/ddev-global-cache/corepack'
    'CRAFT_DB_DATABASE' => 'db'
    'DDEV_PRIMARY_URL' => 'https://derschmuckmacher-v3.ddev.site'
    'LINES' => '6'
    'DDEV_SITENAME' => 'derschmuckmacher-v3'
    'HOME' => '/home/omar'
    'DRUSH_OPTIONS_URI' => 'https://derschmuckmacher-v3.ddev.site'
    'LANG' => 'C.UTF-8'
    'COLUMNS' => '371'
    'DDEV_MUTAGEN_ENABLED' => 'true'
    'DDEV_USER' => 'omar'
    'PGUSER' => 'db'
    'TERMINUS_CACHE_DIR' => '/mnt/ddev-global-cache/terminus/cache'
    'DDEV_PRIMARY_URL_PORT' => '443'
    'DDEV_ROUTER_HTTP_PORT' => '80'
    'MAILPIT_SMTP_HOSTNAME' => '127.0.0.1'
    'CRAFT_DB_DRIVER' => 'mysql'
    'COMPOSER_PROCESS_TIMEOUT' => '2000'
    'NGINX_SITE_TEMPLATE' => '/etc/nginx/nginx-site.conf'
    'DDEV_FILES_DIRS' => ''
    'CRAFT_DB_SERVER' => 'db'
    'HTTP_EXPOSE' => '80:80,8025:8025'
    'NVM_DIR' => '/home/omar/.nvm'
    'DDEV_PHP_VERSION' => '8.3'
    'DDEV_TLD' => 'ddev.site'
    'DDEV_HOSTNAME' => 'derschmuckmacher-v3.ddev.site'
    'DDEV_PROJECT' => 'derschmuckmacher-v3'
    'DDEV_GOARCH' => 'arm64'
    'VIRTUAL_HOST' => 'derschmuckmacher-v3.ddev.site'
    'TERM' => 'xterm'
    'USER' => 'omar'
    'MYSQL_HISTFILE' => '/mnt/ddev-global-cache/mysqlhistory/derschmuckmacher-v3-web/mysql_history'
    'DDEV_WEB_ENTRYPOINT' => '/mnt/ddev_config/web-entrypoint.d'
    'DDEV_UID' => '501'
    'CAROOT' => '/mnt/ddev-global-cache/mkcert'
    'SHLVL' => '1'
    'COMPOSER_ALLOW_SUPERUSER' => '1'
    'BASH_ENV' => '/etc/bash.nointeractive.bashrc'
    'DDEV_DATABASE' => 'mysql:8.0'
    'PGDATABASE' => 'db'
    'CRAFT_DB_USER' => 'db'
    'DDEV_SCHEME' => 'https'
    'XHPROF_OUTPUT_DIR' => '/tmp/xhprof'
    'COMPOSER_CACHE_DIR' => '/mnt/ddev-global-cache/composer'
    'DDEV_XDEBUG_ENABLED' => 'false'
    'DDEV_DATABASE_FAMILY' => 'mysql'
    'PGHOST' => 'db'
    'DDEV_COMPOSER_ROOT' => '/var/www/html'
    'CRAFT_DB_PASSWORD' => '••'
    'DOCROOT' => 'web'
    'TERMINUS_HIDE_UPDATE_MESSAGE' => '1'
    'PATH' => '/home/omar/bin:/var/www/html/vendor/bin:/usr/local/sbin:/usr/local/bin:/usr/sbin:/usr/bin:/sbin:/bin:/var/www/html/bin:/mnt/ddev-global-cache/global-commands/web'
    'HOST_DOCKER_INTERNAL_IP' => ''
    'DDEV_PROJECT_TYPE' => 'craftcms'
    'DEBIAN_FRONTEND' => 'noninteractive'
    'DDEV_ROUTER_HTTPS_PORT' => '443'
    'EXECIGNORE' => '/var/www/html/vendor/bin/composer'
    'SUPERVISOR_ENABLED' => '1'
    'SUPERVISOR_SERVER_URL' => 'unix:///var/run/supervisor.sock'
    'SUPERVISOR_PROCESS_NAME' => 'php-fpm'
    'SUPERVISOR_GROUP_NAME' => 'php-fpm'
    'HTTP_X_REQUESTED_WITH' => 'XMLHttpRequest'
    'HTTP_X_REGISTERED_JS_FILES' => '6276b818'
    'HTTP_X_REGISTERED_ASSET_BUNDLES' => '815d39ea,92d8701,22e517a2,aee7f8dc,26c46c25,e505ffd6,6b4d7555,bb2f10a0,e5e48399,fc0bc163,1ccab40d,1e21896b,54698ee0,b842675b,1c3c9add,4b1fd285,d8d08e47,8f00ce04,8768f48b,cf3018d6,ec6d0256,e7c1329,7b7669ac,75f47f25'
    'HTTP_X_REAL_IP' => '172.18.0.1'
    'HTTP_X_FORWARDED_SERVER' => 'e6a50fd17528'
    'HTTP_X_FORWARDED_PROTO' => 'https'
    'HTTP_X_FORWARDED_PORT' => '443'
    'HTTP_X_FORWARDED_HOST' => 'derschmuckmacher-v3.ddev.site'
    'HTTP_X_FORWARDED_FOR' => '172.18.0.1'
    'HTTP_X_CSRF_TOKEN' => '••••••••••••••••••••••••••••••••••••••••••••••••••••••••••••••••••••••••••••••••••••••••••••••••••••••••••••••••••••••••••••••••••••••••••••••••••••••••••••••••••••••••••••••••••••••••••••••••••••••••••••••••••••••••••••••••••••••••••••••••••••••••••••••••••••••••••••••••••••••••••••••••••••••••••••••••••••••••••••••••••••••••••••••••••••••••••••••••••••••••••••••••••••••••••••••••••••••••'
    'HTTP_TE' => 'trailers'
    'HTTP_SEC_GPC' => '1'
    'HTTP_SEC_FETCH_SITE' => 'same-origin'
    'HTTP_SEC_FETCH_MODE' => 'cors'
    'HTTP_SEC_FETCH_DEST' => 'empty'
    'HTTP_REFERER' => 'https://derschmuckmacher-v3.ddev.site/dW2axQ3b/content/entries/singles/7186-impressum?returnUrl=https%3A//derschmuckmacher-v3.ddev.site/dW2axQ3b/content/entries/singles%3AQS%3Asource%3Dsingles'
    'HTTP_ORIGIN' => 'https://derschmuckmacher-v3.ddev.site'
    'HTTP_COOKIE' => 'a8b7b1ec9ffb8baf2c6eaa253fe57112_username=26b9ec8568da68d3882e55afaa5d203483c6c5810ee05b5a55c8a0eb10cab93ea%3A2%3A%7Bi%3A0%3Bs%3A41%3A%22a8b7b1ec9ffb8baf2c6eaa253fe57112_username%22%3Bi%3A1%3Bs%3A8%3A%22odegiuli%22%3B%7D; CraftSessionId=biudticgnvahpvc8nukk8ac1vc; CRAFT_CSRF_TOKEN=f24bdf1e9b1a034ee7b31fc7240bdef700af95a681404c14421efa33013a169ca%3A2%3A%7Bi%3A0%3Bs%3A16%3A%22CRAFT_CSRF_TOKEN%22%3Bi%3A1%3Bs%3A147%3A%22o35JaTMOK5SlzzOXxon1Bn7gy1-9PEHqnAYwYjz9%7C89e454564122d06c6a70a599ac0d3b19a34e4201342f82ce4b9247f607434cc9o35JaTMOK5SlzzOXxon1Bn7gy1-9PEHqnAYwYjz9%7C1%22%3B%7D; a8b7b1ec9ffb8baf2c6eaa253fe57112_identity=c05e269f9a86048999710c6067062a4ab8b9b72b60032bdd4aede461abe99f6aa%3A2%3A%7Bi%3A0%3Bs%3A41%3A%22a8b7b1ec9ffb8baf2c6eaa253fe57112_identity%22%3Bi%3A1%3Bs%3A159%3A%22%5B1%2C%22%5B%5C%22y9F6YHmR9qC8Xsvv_urYFspDlXSsXsFbHDHDiokNRXLEUFEEKTo2W7iJ97zgt_AgvxoJgpgTjLnE5pS-azRIHVI1lD_VNxCU5lGK%5C%22%2Cnull%2C%5C%22fd3cbf9ed3a1f5fe86c1a53cec2d55ae%5C%22%5D%22%2C3600%5D%22%3B%7D; Craft-3626ffc1-d0a3-42e3-98aa-37e8aa759561_sidebar=expanded; Craft-3626ffc1-d0a3-42e3-98aa-37e8aa759561_sidebar-details=expanded; cookieconsent_status=allow'
    'HTTP_ACCEPT_LANGUAGE' => 'de,en-US;q=0.9,en;q=0.8'
    'HTTP_ACCEPT_ENCODING' => 'gzip, deflate, br, zstd'
    'HTTP_ACCEPT' => 'application/json, text/plain, */*'
    'HTTP_CONTENT_LENGTH' => '0'
    'HTTP_USER_AGENT' => 'Mozilla/5.0 (Macintosh; Intel Mac OS X 10.15; rv:151.0) Gecko/20100101 Firefox/151.0'
    'HTTP_HOST' => 'derschmuckmacher-v3.ddev.site'
    'HTTPS' => 'on'
    'REDIRECT_STATUS' => '200'
    'SERVER_NAME' => 'derschmuckmacher-v3.ddev.site'
    'SERVER_PORT' => '80'
    'SERVER_ADDR' => '172.18.0.4'
    'REMOTE_PORT' => '49680'
    'REMOTE_ADDR' => '172.18.0.5'
    'SERVER_SOFTWARE' => 'nginx/1.28.0'
    'GATEWAY_INTERFACE' => 'CGI/1.1'
    'REQUEST_SCHEME' => 'http'
    'SERVER_PROTOCOL' => 'HTTP/1.1'
    'DOCUMENT_ROOT' => '/var/www/html/web'
    'DOCUMENT_URI' => '/index.php'
    'REQUEST_URI' => '/index.php?p=dW2axQ3b%2Factions%2Fqueue%2Frun&v=1779891731427'
    'CONTENT_LENGTH' => '0'
    'CONTENT_TYPE' => ''
    'REQUEST_METHOD' => 'POST'
    'QUERY_STRING' => 'p=dW2axQ3b%2Factions%2Fqueue%2Frun&v=1779891731427'
    'SCRIPT_NAME' => '/index.php'
    'SCRIPT_FILENAME' => '/var/www/html/web/index.php'
    'FCGI_ROLE' => 'RESPONDER'
    'PHP_SELF' => '/index.php'
    'REQUEST_TIME_FLOAT' => 1779891731.4332
    'REQUEST_TIME' => 1779891731
    'CRAFT_APP_ID' => 'CraftCMS--3933bc78-29f5-4b79-bcc5-c31faf0fcd20'
    'CRAFT_ENVIRONMENT' => 'dev'
    'ENVIRONMENT' => 'dev'
    'CRAFT_SECURITY_KEY' => '••••••••••••••••••••••••••••••••'
    'CP_TRIGGER' => 'dW2axQ3b'
    'CRAFT_DB_SCHEMA' => 'public'
    'CRAFT_DB_TABLE_PREFIX' => ''
    'CRAFT_DB_CHARSET' => 'utf8mb4'
    'CRAFT_DB_COLLATION' => 'utf8mb4_unicode_ci'
    'DEV_MODE' => 'true'
    'ALLOW_ADMIN_CHANGES' => 'true'
    'DISALLOW_ROBOTS' => 'true'
    'TIMEZONE' => 'Europe/Zurich'
    'CAPTCHA_SITE_KEY' => '••••••••••••••••••••••••••••••••••••••••'
    'CAPTCHA_SECRET_KEY' => '••••••••••••••••••••••••••••••••••••••••'
    'WEB_URL' => 'https://derschmuckmacher-v3.ddev.site'
    'WEB_ROOT' => '/var/www/html/web'
    'ASSETS_BASE_URL' => 'https://derschmuckmacher-v3.ddev.site/public'
    'ASSETS_BASE_PATH' => '/var/www/html/web/public'
    'SCHMUCK_BASE_URL' => 'https://derschmuckmacher-v3.ddev.site/public/uploads/schmuck'
    'SCHMUCK_BASE_PATH' => '/var/www/html/web/public/uploads/schmuck'
    'BILDER_BASE_URL' => 'https://derschmuckmacher-v3.ddev.site/public/uploads/bilder'
    'BILDER_BASE_PATH' => '/var/www/html/web/public/uploads/bilder'
] {"environment":"dev","userId":1} 
2026-05-27 16:22:51 [queue.INFO] [yii\db\Connection::open] Opening DB connection: mysql:host=db;dbname=db;port=3306 {"memory":1101824} 
2026-05-27 16:22:51 [queue.INFO] [yii\web\Session::open] Session started {"memory":1526600} 
2026-05-27 16:22:51 [queue.INFO] [nystudio107\codeeditor\CodeEditor::bootstrap] CodeEditor module bootstrapped {"memory":1550936} 
2026-05-27 16:22:51 [queue.INFO] [adigital\cookieconsentbanner\CookieConsentBanner::init] Cookie Consent Banner plugin loaded {"memory":1768336} 
2026-05-27 16:22:51 [queue.INFO] [miranj\obfuscator\Obfuscator::init] Obfuscator plugin loaded {"memory":2729192} 
2026-05-27 16:22:51 [queue.INFO] [yii\db\Connection::open] Opening DB connection: mysql:host=db;dbname=db;port=3306 {"memory":2997536} 
2026-05-27 16:22:51 [queue.INFO] [craft\queue\QueueLogBehavior::beforeExec]  [40900] t9n:["app","Pruning extra revisions"] (attempt: 1, pid: 2099) - Started {"memory":3056320} 
2026-05-27 16:22:51 [queue.INFO] [craft\queue\QueueLogBehavior::afterExec]  [40900] t9n:["app","Pruning extra revisions"] (attempt: 1, pid: 2099) - Done (time: 0.009s) {"memory":3634944} 
2026-05-27 16:22:51 [queue.INFO] [application] Request context:
$_GET = [
    'p' => 'dW2axQ3b/actions/queue/run'
    'v' => '1779891771257'
]

$_POST = []

$_FILES = []

$_COOKIE = [
    'a8b7b1ec9ffb8baf2c6eaa253fe57112_username' => '26b9ec8568da68d3882e55afaa5d203483c6c5810ee05b5a55c8a0eb10cab93ea:2:{i:0;s:41:\"a8b7b1ec9ffb8baf2c6eaa253fe57112_username\";i:1;s:8:\"odegiuli\";}'
    'CraftSessionId' => 'biudticgnvahpvc8nukk8ac1vc'
    'CRAFT_CSRF_TOKEN' => '••••••••••••••••••••••••••••••••••••••••••••••••••••••••••••••••••••••••••••••••••••••••••••••••••••••••••••••••••••••••••••••••••••••••••••••••••••••••••••••••••••••••••••••••••••••••••••••••••••••••••••••••••••••••••••••••••••••••••••••••••••••••••••••••••'
    'a8b7b1ec9ffb8baf2c6eaa253fe57112_identity' => 'c05e269f9a86048999710c6067062a4ab8b9b72b60032bdd4aede461abe99f6aa:2:{i:0;s:41:\"a8b7b1ec9ffb8baf2c6eaa253fe57112_identity\";i:1;s:159:\"[1,\"[\\\"y9F6YHmR9qC8Xsvv_urYFspDlXSsXsFbHDHDiokNRXLEUFEEKTo2W7iJ97zgt_AgvxoJgpgTjLnE5pS-azRIHVI1lD_VNxCU5lGK\\\",null,\\\"fd3cbf9ed3a1f5fe86c1a53cec2d55ae\\\"]\",3600]\";}'
    'Craft-3626ffc1-d0a3-42e3-98aa-37e8aa759561_sidebar' => 'expanded'
    'Craft-3626ffc1-d0a3-42e3-98aa-37e8aa759561_sidebar-details' => 'expanded'
    'cookieconsent_status' => 'allow'
]

$_SESSION = [
    '22b6a59deafcfb2ffb13c3adf3d98a3b__flash' => []
    'a8b7b1ec9ffb8baf2c6eaa253fe57112__token' => '••••••••••••••••••••••••••••••••••••••••••••••••••••••••••••••••••••••••••••••••••••••••••••••••••••'
    'a8b7b1ec9ffb8baf2c6eaa253fe57112__id' => 1
    '__authKey' => '••••••••••••••••••••••••••••••••••••••••••••••••••••••••••••••••••••••••••••••••••••••••••••••••••••••••••••••••••••••••••••••••••••••••••••••••'
    'a8b7b1ec9ffb8baf2c6eaa253fe57112__expire' => 1779895371
    '__duration' => 3600
    '__elevated_timeout' => 1779891115
    '22b6a59deafcfb2ffb13c3adf3d98a3b__auth_access' => [
        0 => 'previewElement:7186'
        1 => 'saveAssets:856a3aeb-b21b-4d41-af3f-0a23db430323'
        2 => 'previewDraft:1050'
        3 => 'previewDraft:1052'
        4 => 'previewDraft:1054'
        5 => 'previewDraft:1056'
        6 => 'previewDraft:1058'
        7 => 'previewDraft:1060'
        8 => 'previewDraft:1062'
        9 => 'previewDraft:1064'
        10 => 'previewDraft:1066'
    ]
]

$_SERVER = [
    'DEPLOY_NAME' => 'local'
    'DDEV_WEBSERVER_TYPE' => 'nginx-fpm'
    'npm_config_cache' => '/mnt/ddev-global-cache/npm'
    'COREPACK_ENABLE_DOWNLOAD_PROMPT' => '0'
    'DDEV_GOOS' => 'darwin'
    'IS_DDEV_PROJECT' => 'true'
    'PHP_DEFAULT_VERSION' => '8.3'
    'HOSTNAME' => 'derschmuckmacher-v3-web'
    'MAILPIT_SMTP_PORT' => '1025'
    'MH_SMTP_BIND_ADDR' => '127.0.0.1:1025'
    'DDEV_PRIMARY_URL_WITHOUT_PORT' => 'https://derschmuckmacher-v3.ddev.site'
    'CRAFT_DB_PORT' => '3306'
    'SSH_AUTH_SOCK' => '/home/.ssh-agent/socket'
    'DDEV_GID' => '20'
    'NODE_EXTRA_CA_CERTS' => '/mnt/ddev-global-cache/mkcert/rootCA.pem'
    'DOCKER_IP' => '127.0.0.1'
    'PGPASSWORD' => 'db'
    'CRAFT_WEB_ROOT' => '/var/www/html/web'
    'DDEV_DOCROOT' => 'web'
    'PWD' => '/var/www/html'
    'PLATFORMSH_CLI_UPDATES_CHECK' => '0'
    'DDEV_APPROOT' => '/var/www/html'
    'DDEV_FILES_DIR' => ''
    'START_SCRIPT_TIMEOUT' => '57'
    'APACHE_SITE_TEMPLATE' => '/etc/apache2/apache-site.conf'
    'PHP_INI' => '/etc/php/8.3/fpm/php.ini'
    'DDEV_VERSION' => 'v1.24.10'
    'PRIMARY_SITE_URL' => 'https://derschmuckmacher-v3.ddev.site'
    'TZ' => 'Europe/Zurich'
    'DDEV_XHPROF_MODE' => 'prepend'
    'HTTPS_EXPOSE' => '443:80,8026:8025'
    'COREPACK_HOME' => '/mnt/ddev-global-cache/corepack'
    'CRAFT_DB_DATABASE' => 'db'
    'DDEV_PRIMARY_URL' => 'https://derschmuckmacher-v3.ddev.site'
    'LINES' => '6'
    'DDEV_SITENAME' => 'derschmuckmacher-v3'
    'HOME' => '/home/omar'
    'DRUSH_OPTIONS_URI' => 'https://derschmuckmacher-v3.ddev.site'
    'LANG' => 'C.UTF-8'
    'COLUMNS' => '371'
    'DDEV_MUTAGEN_ENABLED' => 'true'
    'DDEV_USER' => 'omar'
    'PGUSER' => 'db'
    'TERMINUS_CACHE_DIR' => '/mnt/ddev-global-cache/terminus/cache'
    'DDEV_PRIMARY_URL_PORT' => '443'
    'DDEV_ROUTER_HTTP_PORT' => '80'
    'MAILPIT_SMTP_HOSTNAME' => '127.0.0.1'
    'CRAFT_DB_DRIVER' => 'mysql'
    'COMPOSER_PROCESS_TIMEOUT' => '2000'
    'NGINX_SITE_TEMPLATE' => '/etc/nginx/nginx-site.conf'
    'DDEV_FILES_DIRS' => ''
    'CRAFT_DB_SERVER' => 'db'
    'HTTP_EXPOSE' => '80:80,8025:8025'
    'NVM_DIR' => '/home/omar/.nvm'
    'DDEV_PHP_VERSION' => '8.3'
    'DDEV_TLD' => 'ddev.site'
    'DDEV_HOSTNAME' => 'derschmuckmacher-v3.ddev.site'
    'DDEV_PROJECT' => 'derschmuckmacher-v3'
    'DDEV_GOARCH' => 'arm64'
    'VIRTUAL_HOST' => 'derschmuckmacher-v3.ddev.site'
    'TERM' => 'xterm'
    'USER' => 'omar'
    'MYSQL_HISTFILE' => '/mnt/ddev-global-cache/mysqlhistory/derschmuckmacher-v3-web/mysql_history'
    'DDEV_WEB_ENTRYPOINT' => '/mnt/ddev_config/web-entrypoint.d'
    'DDEV_UID' => '501'
    'CAROOT' => '/mnt/ddev-global-cache/mkcert'
    'SHLVL' => '1'
    'COMPOSER_ALLOW_SUPERUSER' => '1'
    'BASH_ENV' => '/etc/bash.nointeractive.bashrc'
    'DDEV_DATABASE' => 'mysql:8.0'
    'PGDATABASE' => 'db'
    'CRAFT_DB_USER' => 'db'
    'DDEV_SCHEME' => 'https'
    'XHPROF_OUTPUT_DIR' => '/tmp/xhprof'
    'COMPOSER_CACHE_DIR' => '/mnt/ddev-global-cache/composer'
    'DDEV_XDEBUG_ENABLED' => 'false'
    'DDEV_DATABASE_FAMILY' => 'mysql'
    'PGHOST' => 'db'
    'DDEV_COMPOSER_ROOT' => '/var/www/html'
    'CRAFT_DB_PASSWORD' => '••'
    'DOCROOT' => 'web'
    'TERMINUS_HIDE_UPDATE_MESSAGE' => '1'
    'PATH' => '/home/omar/bin:/var/www/html/vendor/bin:/usr/local/sbin:/usr/local/bin:/usr/sbin:/usr/bin:/sbin:/bin:/var/www/html/bin:/mnt/ddev-global-cache/global-commands/web'
    'HOST_DOCKER_INTERNAL_IP' => ''
    'DDEV_PROJECT_TYPE' => 'craftcms'
    'DEBIAN_FRONTEND' => 'noninteractive'
    'DDEV_ROUTER_HTTPS_PORT' => '443'
    'EXECIGNORE' => '/var/www/html/vendor/bin/composer'
    'SUPERVISOR_ENABLED' => '1'
    'SUPERVISOR_SERVER_URL' => 'unix:///var/run/supervisor.sock'
    'SUPERVISOR_PROCESS_NAME' => 'php-fpm'
    'SUPERVISOR_GROUP_NAME' => 'php-fpm'
    'HTTP_X_REQUESTED_WITH' => 'XMLHttpRequest'
    'HTTP_X_REGISTERED_JS_FILES' => ''
    'HTTP_X_REGISTERED_ASSET_BUNDLES' => '22e517a2,aee7f8dc,26c46c25,e505ffd6,6b4d7555,bb2f10a0,e5e48399,815d39ea,fc0bc163,1ccab40d,1e21896b,54698ee0,b842675b,1c3c9add,4b1fd285,d8d08e47,8f00ce04,8768f48b,cf3018d6,ec6d0256'
    'HTTP_X_REAL_IP' => '172.18.0.1'
    'HTTP_X_FORWARDED_SERVER' => 'e6a50fd17528'
    'HTTP_X_FORWARDED_PROTO' => 'https'
    'HTTP_X_FORWARDED_PORT' => '443'
    'HTTP_X_FORWARDED_HOST' => 'derschmuckmacher-v3.ddev.site'
    'HTTP_X_FORWARDED_FOR' => '172.18.0.1'
    'HTTP_X_CSRF_TOKEN' => '••••••••••••••••••••••••••••••••••••••••••••••••••••••••••••••••••••••••••••••••••••••••••••••••••••••••••••••••••••••••••••••••••••••••••••••••••••••••••••••••••••••••••••••••••••••••••••••••••••••••••••••••••••••••••••••••••••••••••••••••••••••••••••••••••••••••••••••••••••••••••••••••••••••••••••••••••••••••••••••••••••••••••••••••••••••••••••••••••••••••••••••••••••••••••••••••••••••••'
    'HTTP_TE' => 'trailers'
    'HTTP_SEC_GPC' => '1'
    'HTTP_SEC_FETCH_SITE' => 'same-origin'
    'HTTP_SEC_FETCH_MODE' => 'cors'
    'HTTP_SEC_FETCH_DEST' => 'empty'
    'HTTP_REFERER' => 'https://derschmuckmacher-v3.ddev.site/dW2axQ3b/content/entries/singles?source=singles'
    'HTTP_ORIGIN' => 'https://derschmuckmacher-v3.ddev.site'
    'HTTP_COOKIE' => 'a8b7b1ec9ffb8baf2c6eaa253fe57112_username=26b9ec8568da68d3882e55afaa5d203483c6c5810ee05b5a55c8a0eb10cab93ea%3A2%3A%7Bi%3A0%3Bs%3A41%3A%22a8b7b1ec9ffb8baf2c6eaa253fe57112_username%22%3Bi%3A1%3Bs%3A8%3A%22odegiuli%22%3B%7D; CraftSessionId=biudticgnvahpvc8nukk8ac1vc; CRAFT_CSRF_TOKEN=f24bdf1e9b1a034ee7b31fc7240bdef700af95a681404c14421efa33013a169ca%3A2%3A%7Bi%3A0%3Bs%3A16%3A%22CRAFT_CSRF_TOKEN%22%3Bi%3A1%3Bs%3A147%3A%22o35JaTMOK5SlzzOXxon1Bn7gy1-9PEHqnAYwYjz9%7C89e454564122d06c6a70a599ac0d3b19a34e4201342f82ce4b9247f607434cc9o35JaTMOK5SlzzOXxon1Bn7gy1-9PEHqnAYwYjz9%7C1%22%3B%7D; a8b7b1ec9ffb8baf2c6eaa253fe57112_identity=c05e269f9a86048999710c6067062a4ab8b9b72b60032bdd4aede461abe99f6aa%3A2%3A%7Bi%3A0%3Bs%3A41%3A%22a8b7b1ec9ffb8baf2c6eaa253fe57112_identity%22%3Bi%3A1%3Bs%3A159%3A%22%5B1%2C%22%5B%5C%22y9F6YHmR9qC8Xsvv_urYFspDlXSsXsFbHDHDiokNRXLEUFEEKTo2W7iJ97zgt_AgvxoJgpgTjLnE5pS-azRIHVI1lD_VNxCU5lGK%5C%22%2Cnull%2C%5C%22fd3cbf9ed3a1f5fe86c1a53cec2d55ae%5C%22%5D%22%2C3600%5D%22%3B%7D; Craft-3626ffc1-d0a3-42e3-98aa-37e8aa759561_sidebar=expanded; Craft-3626ffc1-d0a3-42e3-98aa-37e8aa759561_sidebar-details=expanded; cookieconsent_status=allow'
    'HTTP_ACCEPT_LANGUAGE' => 'de,en-US;q=0.9,en;q=0.8'
    'HTTP_ACCEPT_ENCODING' => 'gzip, deflate, br, zstd'
    'HTTP_ACCEPT' => 'application/json, text/plain, */*'
    'HTTP_CONTENT_LENGTH' => '0'
    'HTTP_USER_AGENT' => 'Mozilla/5.0 (Macintosh; Intel Mac OS X 10.15; rv:151.0) Gecko/20100101 Firefox/151.0'
    'HTTP_HOST' => 'derschmuckmacher-v3.ddev.site'
    'HTTPS' => 'on'
    'REDIRECT_STATUS' => '200'
    'SERVER_NAME' => 'derschmuckmacher-v3.ddev.site'
    'SERVER_PORT' => '80'
    'SERVER_ADDR' => '172.18.0.4'
    'REMOTE_PORT' => '32804'
    'REMOTE_ADDR' => '172.18.0.5'
    'SERVER_SOFTWARE' => 'nginx/1.28.0'
    'GATEWAY_INTERFACE' => 'CGI/1.1'
    'REQUEST_SCHEME' => 'http'
    'SERVER_PROTOCOL' => 'HTTP/1.1'
    'DOCUMENT_ROOT' => '/var/www/html/web'
    'DOCUMENT_URI' => '/index.php'
    'REQUEST_URI' => '/index.php?p=dW2axQ3b%2Factions%2Fqueue%2Frun&v=1779891771257'
    'CONTENT_LENGTH' => '0'
    'CONTENT_TYPE' => ''
    'REQUEST_METHOD' => 'POST'
    'QUERY_STRING' => 'p=dW2axQ3b%2Factions%2Fqueue%2Frun&v=1779891771257'
    'SCRIPT_NAME' => '/index.php'
    'SCRIPT_FILENAME' => '/var/www/html/web/index.php'
    'FCGI_ROLE' => 'RESPONDER'
    'PHP_SELF' => '/index.php'
    'REQUEST_TIME_FLOAT' => 1779891771.2613
    'REQUEST_TIME' => 1779891771
    'CRAFT_APP_ID' => 'CraftCMS--3933bc78-29f5-4b79-bcc5-c31faf0fcd20'
    'CRAFT_ENVIRONMENT' => 'dev'
    'ENVIRONMENT' => 'dev'
    'CRAFT_SECURITY_KEY' => '••••••••••••••••••••••••••••••••'
    'CP_TRIGGER' => 'dW2axQ3b'
    'CRAFT_DB_SCHEMA' => 'public'
    'CRAFT_DB_TABLE_PREFIX' => ''
    'CRAFT_DB_CHARSET' => 'utf8mb4'
    'CRAFT_DB_COLLATION' => 'utf8mb4_unicode_ci'
    'DEV_MODE' => 'true'
    'ALLOW_ADMIN_CHANGES' => 'true'
    'DISALLOW_ROBOTS' => 'true'
    'TIMEZONE' => 'Europe/Zurich'
    'CAPTCHA_SITE_KEY' => '••••••••••••••••••••••••••••••••••••••••'
    'CAPTCHA_SECRET_KEY' => '••••••••••••••••••••••••••••••••••••••••'
    'WEB_URL' => 'https://derschmuckmacher-v3.ddev.site'
    'WEB_ROOT' => '/var/www/html/web'
    'ASSETS_BASE_URL' => 'https://derschmuckmacher-v3.ddev.site/public'
    'ASSETS_BASE_PATH' => '/var/www/html/web/public'
    'SCHMUCK_BASE_URL' => 'https://derschmuckmacher-v3.ddev.site/public/uploads/schmuck'
    'SCHMUCK_BASE_PATH' => '/var/www/html/web/public/uploads/schmuck'
    'BILDER_BASE_URL' => 'https://derschmuckmacher-v3.ddev.site/public/uploads/bilder'
    'BILDER_BASE_PATH' => '/var/www/html/web/public/uploads/bilder'
] {"environment":"dev","userId":1} 
2026-05-27 16:24:22 [queue.INFO] [yii\db\Connection::open] Opening DB connection: mysql:host=db;dbname=db;port=3306 {"memory":1102160} 
2026-05-27 16:24:22 [queue.INFO] [yii\web\Session::open] Session started {"memory":1527136} 
2026-05-27 16:24:22 [queue.INFO] [nystudio107\codeeditor\CodeEditor::bootstrap] CodeEditor module bootstrapped {"memory":1551472} 
2026-05-27 16:24:22 [queue.INFO] [adigital\cookieconsentbanner\CookieConsentBanner::init] Cookie Consent Banner plugin loaded {"memory":1769336} 
2026-05-27 16:24:22 [queue.INFO] [miranj\obfuscator\Obfuscator::init] Obfuscator plugin loaded {"memory":2730192} 
2026-05-27 16:24:22 [queue.INFO] [yii\db\Connection::open] Opening DB connection: mysql:host=db;dbname=db;port=3306 {"memory":2998536} 
2026-05-27 16:24:22 [queue.INFO] [craft\queue\QueueLogBehavior::beforeExec]  [40901] t9n:["app","Updating search indexes"] (attempt: 1, pid: 2099) - Started {"memory":3057320} 
2026-05-27 16:24:22 [queue.INFO] [craft\queue\QueueLogBehavior::afterExec]  [40901] t9n:["app","Updating search indexes"] (attempt: 1, pid: 2099) - Done (time: 0.012s) {"memory":3656544} 
2026-05-27 16:24:22 [queue.INFO] [craft\queue\QueueLogBehavior::beforeExec]  [40902] t9n:["app","Updating search indexes"] (attempt: 1, pid: 2099) - Started {"memory":3664576} 
2026-05-27 16:24:22 [queue.INFO] [craft\queue\QueueLogBehavior::afterExec]  [40902] t9n:["app","Updating search indexes"] (attempt: 1, pid: 2099) - Done (time: 0.002s) {"memory":3767408} 
2026-05-27 16:24:22 [queue.INFO] [craft\queue\QueueLogBehavior::beforeExec]  [40903] t9n:["app","Updating search indexes"] (attempt: 1, pid: 2099) - Started {"memory":3775392} 
2026-05-27 16:24:22 [queue.INFO] [craft\queue\QueueLogBehavior::afterExec]  [40903] t9n:["app","Updating search indexes"] (attempt: 1, pid: 2099) - Done (time: 0.007s) {"memory":4279288} 
2026-05-27 16:24:22 [queue.INFO] [craft\queue\QueueLogBehavior::beforeExec]  [40904] t9n:["app","Updating search indexes"] (attempt: 1, pid: 2099) - Started {"memory":4287272} 
2026-05-27 16:24:22 [queue.INFO] [craft\queue\QueueLogBehavior::afterExec]  [40904] t9n:["app","Updating search indexes"] (attempt: 1, pid: 2099) - Done (time: 0.004s) {"memory":4550736} 
2026-05-27 16:24:22 [queue.INFO] [craft\queue\QueueLogBehavior::beforeExec]  [40905] t9n:["app","Pruning extra revisions"] (attempt: 1, pid: 2099) - Started {"memory":4558720} 
2026-05-27 16:24:22 [queue.INFO] [craft\queue\QueueLogBehavior::afterExec]  [40905] t9n:["app","Pruning extra revisions"] (attempt: 1, pid: 2099) - Done (time: 0.001s) {"memory":4651368} 
2026-05-27 16:24:22 [queue.INFO] [craft\queue\QueueLogBehavior::beforeExec]  [40906] t9n:["app","Pruning extra revisions"] (attempt: 1, pid: 2099) - Started {"memory":4659352} 
2026-05-27 16:24:22 [queue.INFO] [craft\queue\QueueLogBehavior::afterExec]  [40906] t9n:["app","Pruning extra revisions"] (attempt: 1, pid: 2099) - Done (time: 0.001s) {"memory":4751968} 
2026-05-27 16:24:22 [queue.INFO] [application] Request context:
$_GET = [
    'p' => 'dW2axQ3b/actions/queue/run'
    'v' => '1779891862026'
]

$_POST = []

$_FILES = []

$_COOKIE = [
    'a8b7b1ec9ffb8baf2c6eaa253fe57112_username' => '26b9ec8568da68d3882e55afaa5d203483c6c5810ee05b5a55c8a0eb10cab93ea:2:{i:0;s:41:\"a8b7b1ec9ffb8baf2c6eaa253fe57112_username\";i:1;s:8:\"odegiuli\";}'
    'CraftSessionId' => 'biudticgnvahpvc8nukk8ac1vc'
    'CRAFT_CSRF_TOKEN' => '••••••••••••••••••••••••••••••••••••••••••••••••••••••••••••••••••••••••••••••••••••••••••••••••••••••••••••••••••••••••••••••••••••••••••••••••••••••••••••••••••••••••••••••••••••••••••••••••••••••••••••••••••••••••••••••••••••••••••••••••••••••••••••••••••'
    'a8b7b1ec9ffb8baf2c6eaa253fe57112_identity' => 'c05e269f9a86048999710c6067062a4ab8b9b72b60032bdd4aede461abe99f6aa:2:{i:0;s:41:\"a8b7b1ec9ffb8baf2c6eaa253fe57112_identity\";i:1;s:159:\"[1,\"[\\\"y9F6YHmR9qC8Xsvv_urYFspDlXSsXsFbHDHDiokNRXLEUFEEKTo2W7iJ97zgt_AgvxoJgpgTjLnE5pS-azRIHVI1lD_VNxCU5lGK\\\",null,\\\"fd3cbf9ed3a1f5fe86c1a53cec2d55ae\\\"]\",3600]\";}'
    'Craft-3626ffc1-d0a3-42e3-98aa-37e8aa759561_sidebar' => 'expanded'
    'Craft-3626ffc1-d0a3-42e3-98aa-37e8aa759561_sidebar-details' => 'expanded'
    'cookieconsent_status' => 'allow'
]

$_SESSION = [
    '22b6a59deafcfb2ffb13c3adf3d98a3b__flash' => []
    'a8b7b1ec9ffb8baf2c6eaa253fe57112__token' => '••••••••••••••••••••••••••••••••••••••••••••••••••••••••••••••••••••••••••••••••••••••••••••••••••••'
    'a8b7b1ec9ffb8baf2c6eaa253fe57112__id' => 1
    '__authKey' => '••••••••••••••••••••••••••••••••••••••••••••••••••••••••••••••••••••••••••••••••••••••••••••••••••••••••••••••••••••••••••••••••••••••••••••••••'
    'a8b7b1ec9ffb8baf2c6eaa253fe57112__expire' => 1779895462
    '__duration' => 3600
    '__elevated_timeout' => 1779891115
    '22b6a59deafcfb2ffb13c3adf3d98a3b__auth_access' => [
        0 => 'previewElement:7186'
        1 => 'saveAssets:856a3aeb-b21b-4d41-af3f-0a23db430323'
        2 => 'previewDraft:1050'
        3 => 'previewDraft:1052'
        4 => 'previewDraft:1054'
        5 => 'previewDraft:1056'
        6 => 'previewDraft:1058'
        7 => 'previewDraft:1060'
        8 => 'previewDraft:1062'
        9 => 'previewDraft:1064'
        10 => 'previewDraft:1066'
        11 => 'previewDraft:1068'
    ]
]

$_SERVER = [
    'DEPLOY_NAME' => 'local'
    'DDEV_WEBSERVER_TYPE' => 'nginx-fpm'
    'npm_config_cache' => '/mnt/ddev-global-cache/npm'
    'COREPACK_ENABLE_DOWNLOAD_PROMPT' => '0'
    'DDEV_GOOS' => 'darwin'
    'IS_DDEV_PROJECT' => 'true'
    'PHP_DEFAULT_VERSION' => '8.3'
    'HOSTNAME' => 'derschmuckmacher-v3-web'
    'MAILPIT_SMTP_PORT' => '1025'
    'MH_SMTP_BIND_ADDR' => '127.0.0.1:1025'
    'DDEV_PRIMARY_URL_WITHOUT_PORT' => 'https://derschmuckmacher-v3.ddev.site'
    'CRAFT_DB_PORT' => '3306'
    'SSH_AUTH_SOCK' => '/home/.ssh-agent/socket'
    'DDEV_GID' => '20'
    'NODE_EXTRA_CA_CERTS' => '/mnt/ddev-global-cache/mkcert/rootCA.pem'
    'DOCKER_IP' => '127.0.0.1'
    'PGPASSWORD' => 'db'
    'CRAFT_WEB_ROOT' => '/var/www/html/web'
    'DDEV_DOCROOT' => 'web'
    'PWD' => '/var/www/html'
    'PLATFORMSH_CLI_UPDATES_CHECK' => '0'
    'DDEV_APPROOT' => '/var/www/html'
    'DDEV_FILES_DIR' => ''
    'START_SCRIPT_TIMEOUT' => '57'
    'APACHE_SITE_TEMPLATE' => '/etc/apache2/apache-site.conf'
    'PHP_INI' => '/etc/php/8.3/fpm/php.ini'
    'DDEV_VERSION' => 'v1.24.10'
    'PRIMARY_SITE_URL' => 'https://derschmuckmacher-v3.ddev.site'
    'TZ' => 'Europe/Zurich'
    'DDEV_XHPROF_MODE' => 'prepend'
    'HTTPS_EXPOSE' => '443:80,8026:8025'
    'COREPACK_HOME' => '/mnt/ddev-global-cache/corepack'
    'CRAFT_DB_DATABASE' => 'db'
    'DDEV_PRIMARY_URL' => 'https://derschmuckmacher-v3.ddev.site'
    'LINES' => '6'
    'DDEV_SITENAME' => 'derschmuckmacher-v3'
    'HOME' => '/home/omar'
    'DRUSH_OPTIONS_URI' => 'https://derschmuckmacher-v3.ddev.site'
    'LANG' => 'C.UTF-8'
    'COLUMNS' => '371'
    'DDEV_MUTAGEN_ENABLED' => 'true'
    'DDEV_USER' => 'omar'
    'PGUSER' => 'db'
    'TERMINUS_CACHE_DIR' => '/mnt/ddev-global-cache/terminus/cache'
    'DDEV_PRIMARY_URL_PORT' => '443'
    'DDEV_ROUTER_HTTP_PORT' => '80'
    'MAILPIT_SMTP_HOSTNAME' => '127.0.0.1'
    'CRAFT_DB_DRIVER' => 'mysql'
    'COMPOSER_PROCESS_TIMEOUT' => '2000'
    'NGINX_SITE_TEMPLATE' => '/etc/nginx/nginx-site.conf'
    'DDEV_FILES_DIRS' => ''
    'CRAFT_DB_SERVER' => 'db'
    'HTTP_EXPOSE' => '80:80,8025:8025'
    'NVM_DIR' => '/home/omar/.nvm'
    'DDEV_PHP_VERSION' => '8.3'
    'DDEV_TLD' => 'ddev.site'
    'DDEV_HOSTNAME' => 'derschmuckmacher-v3.ddev.site'
    'DDEV_PROJECT' => 'derschmuckmacher-v3'
    'DDEV_GOARCH' => 'arm64'
    'VIRTUAL_HOST' => 'derschmuckmacher-v3.ddev.site'
    'TERM' => 'xterm'
    'USER' => 'omar'
    'MYSQL_HISTFILE' => '/mnt/ddev-global-cache/mysqlhistory/derschmuckmacher-v3-web/mysql_history'
    'DDEV_WEB_ENTRYPOINT' => '/mnt/ddev_config/web-entrypoint.d'
    'DDEV_UID' => '501'
    'CAROOT' => '/mnt/ddev-global-cache/mkcert'
    'SHLVL' => '1'
    'COMPOSER_ALLOW_SUPERUSER' => '1'
    'BASH_ENV' => '/etc/bash.nointeractive.bashrc'
    'DDEV_DATABASE' => 'mysql:8.0'
    'PGDATABASE' => 'db'
    'CRAFT_DB_USER' => 'db'
    'DDEV_SCHEME' => 'https'
    'XHPROF_OUTPUT_DIR' => '/tmp/xhprof'
    'COMPOSER_CACHE_DIR' => '/mnt/ddev-global-cache/composer'
    'DDEV_XDEBUG_ENABLED' => 'false'
    'DDEV_DATABASE_FAMILY' => 'mysql'
    'PGHOST' => 'db'
    'DDEV_COMPOSER_ROOT' => '/var/www/html'
    'CRAFT_DB_PASSWORD' => '••'
    'DOCROOT' => 'web'
    'TERMINUS_HIDE_UPDATE_MESSAGE' => '1'
    'PATH' => '/home/omar/bin:/var/www/html/vendor/bin:/usr/local/sbin:/usr/local/bin:/usr/sbin:/usr/bin:/sbin:/bin:/var/www/html/bin:/mnt/ddev-global-cache/global-commands/web'
    'HOST_DOCKER_INTERNAL_IP' => ''
    'DDEV_PROJECT_TYPE' => 'craftcms'
    'DEBIAN_FRONTEND' => 'noninteractive'
    'DDEV_ROUTER_HTTPS_PORT' => '443'
    'EXECIGNORE' => '/var/www/html/vendor/bin/composer'
    'SUPERVISOR_ENABLED' => '1'
    'SUPERVISOR_SERVER_URL' => 'unix:///var/run/supervisor.sock'
    'SUPERVISOR_PROCESS_NAME' => 'php-fpm'
    'SUPERVISOR_GROUP_NAME' => 'php-fpm'
    'HTTP_X_REQUESTED_WITH' => 'XMLHttpRequest'
    'HTTP_X_REGISTERED_JS_FILES' => '6276b818'
    'HTTP_X_REGISTERED_ASSET_BUNDLES' => '815d39ea,92d8701,22e517a2,aee7f8dc,26c46c25,e505ffd6,6b4d7555,bb2f10a0,e5e48399,fc0bc163,1ccab40d,1e21896b,54698ee0,b842675b,1c3c9add,4b1fd285,d8d08e47,8f00ce04,8768f48b,cf3018d6,ec6d0256,e7c1329,7b7669ac,75f47f25'
    'HTTP_X_REAL_IP' => '172.18.0.1'
    'HTTP_X_FORWARDED_SERVER' => 'e6a50fd17528'
    'HTTP_X_FORWARDED_PROTO' => 'https'
    'HTTP_X_FORWARDED_PORT' => '443'
    'HTTP_X_FORWARDED_HOST' => 'derschmuckmacher-v3.ddev.site'
    'HTTP_X_FORWARDED_FOR' => '172.18.0.1'
    'HTTP_X_CSRF_TOKEN' => '••••••••••••••••••••••••••••••••••••••••••••••••••••••••••••••••••••••••••••••••••••••••••••••••••••••••••••••••••••••••••••••••••••••••••••••••••••••••••••••••••••••••••••••••••••••••••••••••••••••••••••••••••••••••••••••••••••••••••••••••••••••••••••••••••••••••••••••••••••••••••••••••••••••••••••••••••••••••••••••••••••••••••••••••••••••••••••••••••••••••••••••••••••••••••••••••••••••••'
    'HTTP_TE' => 'trailers'
    'HTTP_SEC_GPC' => '1'
    'HTTP_SEC_FETCH_SITE' => 'same-origin'
    'HTTP_SEC_FETCH_MODE' => 'cors'
    'HTTP_SEC_FETCH_DEST' => 'empty'
    'HTTP_REFERER' => 'https://derschmuckmacher-v3.ddev.site/dW2axQ3b/content/entries/singles/7186-impressum?returnUrl=https%3A//derschmuckmacher-v3.ddev.site/dW2axQ3b/content/entries/singles%3AQS%3Asource%3Dsingles'
    'HTTP_ORIGIN' => 'https://derschmuckmacher-v3.ddev.site'
    'HTTP_COOKIE' => 'a8b7b1ec9ffb8baf2c6eaa253fe57112_username=26b9ec8568da68d3882e55afaa5d203483c6c5810ee05b5a55c8a0eb10cab93ea%3A2%3A%7Bi%3A0%3Bs%3A41%3A%22a8b7b1ec9ffb8baf2c6eaa253fe57112_username%22%3Bi%3A1%3Bs%3A8%3A%22odegiuli%22%3B%7D; CraftSessionId=biudticgnvahpvc8nukk8ac1vc; CRAFT_CSRF_TOKEN=f24bdf1e9b1a034ee7b31fc7240bdef700af95a681404c14421efa33013a169ca%3A2%3A%7Bi%3A0%3Bs%3A16%3A%22CRAFT_CSRF_TOKEN%22%3Bi%3A1%3Bs%3A147%3A%22o35JaTMOK5SlzzOXxon1Bn7gy1-9PEHqnAYwYjz9%7C89e454564122d06c6a70a599ac0d3b19a34e4201342f82ce4b9247f607434cc9o35JaTMOK5SlzzOXxon1Bn7gy1-9PEHqnAYwYjz9%7C1%22%3B%7D; a8b7b1ec9ffb8baf2c6eaa253fe57112_identity=c05e269f9a86048999710c6067062a4ab8b9b72b60032bdd4aede461abe99f6aa%3A2%3A%7Bi%3A0%3Bs%3A41%3A%22a8b7b1ec9ffb8baf2c6eaa253fe57112_identity%22%3Bi%3A1%3Bs%3A159%3A%22%5B1%2C%22%5B%5C%22y9F6YHmR9qC8Xsvv_urYFspDlXSsXsFbHDHDiokNRXLEUFEEKTo2W7iJ97zgt_AgvxoJgpgTjLnE5pS-azRIHVI1lD_VNxCU5lGK%5C%22%2Cnull%2C%5C%22fd3cbf9ed3a1f5fe86c1a53cec2d55ae%5C%22%5D%22%2C3600%5D%22%3B%7D; Craft-3626ffc1-d0a3-42e3-98aa-37e8aa759561_sidebar=expanded; Craft-3626ffc1-d0a3-42e3-98aa-37e8aa759561_sidebar-details=expanded; cookieconsent_status=allow'
    'HTTP_ACCEPT_LANGUAGE' => 'de,en-US;q=0.9,en;q=0.8'
    'HTTP_ACCEPT_ENCODING' => 'gzip, deflate, br, zstd'
    'HTTP_ACCEPT' => 'application/json, text/plain, */*'
    'HTTP_CONTENT_LENGTH' => '0'
    'HTTP_USER_AGENT' => 'Mozilla/5.0 (Macintosh; Intel Mac OS X 10.15; rv:151.0) Gecko/20100101 Firefox/151.0'
    'HTTP_HOST' => 'derschmuckmacher-v3.ddev.site'
    'HTTPS' => 'on'
    'REDIRECT_STATUS' => '200'
    'SERVER_NAME' => 'derschmuckmacher-v3.ddev.site'
    'SERVER_PORT' => '80'
    'SERVER_ADDR' => '172.18.0.4'
    'REMOTE_PORT' => '43352'
    'REMOTE_ADDR' => '172.18.0.5'
    'SERVER_SOFTWARE' => 'nginx/1.28.0'
    'GATEWAY_INTERFACE' => 'CGI/1.1'
    'REQUEST_SCHEME' => 'http'
    'SERVER_PROTOCOL' => 'HTTP/1.1'
    'DOCUMENT_ROOT' => '/var/www/html/web'
    'DOCUMENT_URI' => '/index.php'
    'REQUEST_URI' => '/index.php?p=dW2axQ3b%2Factions%2Fqueue%2Frun&v=1779891862026'
    'CONTENT_LENGTH' => '0'
    'CONTENT_TYPE' => ''
    'REQUEST_METHOD' => 'POST'
    'QUERY_STRING' => 'p=dW2axQ3b%2Factions%2Fqueue%2Frun&v=1779891862026'
    'SCRIPT_NAME' => '/index.php'
    'SCRIPT_FILENAME' => '/var/www/html/web/index.php'
    'FCGI_ROLE' => 'RESPONDER'
    'PHP_SELF' => '/index.php'
    'REQUEST_TIME_FLOAT' => 1779891862.0329
    'REQUEST_TIME' => 1779891862
    'CRAFT_APP_ID' => 'CraftCMS--3933bc78-29f5-4b79-bcc5-c31faf0fcd20'
    'CRAFT_ENVIRONMENT' => 'dev'
    'ENVIRONMENT' => 'dev'
    'CRAFT_SECURITY_KEY' => '••••••••••••••••••••••••••••••••'
    'CP_TRIGGER' => 'dW2axQ3b'
    'CRAFT_DB_SCHEMA' => 'public'
    'CRAFT_DB_TABLE_PREFIX' => ''
    'CRAFT_DB_CHARSET' => 'utf8mb4'
    'CRAFT_DB_COLLATION' => 'utf8mb4_unicode_ci'
    'DEV_MODE' => 'true'
    'ALLOW_ADMIN_CHANGES' => 'true'
    'DISALLOW_ROBOTS' => 'true'
    'TIMEZONE' => 'Europe/Zurich'
    'CAPTCHA_SITE_KEY' => '••••••••••••••••••••••••••••••••••••••••'
    'CAPTCHA_SECRET_KEY' => '••••••••••••••••••••••••••••••••••••••••'
    'WEB_URL' => 'https://derschmuckmacher-v3.ddev.site'
    'WEB_ROOT' => '/var/www/html/web'
    'ASSETS_BASE_URL' => 'https://derschmuckmacher-v3.ddev.site/public'
    'ASSETS_BASE_PATH' => '/var/www/html/web/public'
    'SCHMUCK_BASE_URL' => 'https://derschmuckmacher-v3.ddev.site/public/uploads/schmuck'
    'SCHMUCK_BASE_PATH' => '/var/www/html/web/public/uploads/schmuck'
    'BILDER_BASE_URL' => 'https://derschmuckmacher-v3.ddev.site/public/uploads/bilder'
    'BILDER_BASE_PATH' => '/var/www/html/web/public/uploads/bilder'
] {"environment":"dev","userId":1} 
2026-05-27 16:24:47 [queue.INFO] [yii\db\Connection::open] Opening DB connection: mysql:host=db;dbname=db;port=3306 {"memory":1102160} 
2026-05-27 16:24:47 [queue.INFO] [yii\web\Session::open] Session started {"memory":1527184} 
2026-05-27 16:24:47 [queue.INFO] [nystudio107\codeeditor\CodeEditor::bootstrap] CodeEditor module bootstrapped {"memory":1551520} 
2026-05-27 16:24:47 [queue.INFO] [adigital\cookieconsentbanner\CookieConsentBanner::init] Cookie Consent Banner plugin loaded {"memory":1769384} 
2026-05-27 16:24:47 [queue.INFO] [miranj\obfuscator\Obfuscator::init] Obfuscator plugin loaded {"memory":2730240} 
2026-05-27 16:24:47 [queue.INFO] [yii\db\Connection::open] Opening DB connection: mysql:host=db;dbname=db;port=3306 {"memory":2998584} 
2026-05-27 16:24:47 [queue.INFO] [craft\queue\QueueLogBehavior::beforeExec]  [40907] t9n:["app","Updating search indexes"] (attempt: 1, pid: 1736) - Started {"memory":3057368} 
2026-05-27 16:24:47 [queue.INFO] [craft\queue\QueueLogBehavior::afterExec]  [40907] t9n:["app","Updating search indexes"] (attempt: 1, pid: 1736) - Done (time: 0.011s) {"memory":3656592} 
2026-05-27 16:24:47 [queue.INFO] [craft\queue\QueueLogBehavior::beforeExec]  [40908] t9n:["app","Updating search indexes"] (attempt: 1, pid: 1736) - Started {"memory":3664624} 
2026-05-27 16:24:47 [queue.INFO] [craft\queue\QueueLogBehavior::afterExec]  [40908] t9n:["app","Updating search indexes"] (attempt: 1, pid: 1736) - Done (time: 0.001s) {"memory":3767456} 
2026-05-27 16:24:47 [queue.INFO] [craft\queue\QueueLogBehavior::beforeExec]  [40909] t9n:["app","Updating search indexes"] (attempt: 1, pid: 1736) - Started {"memory":3775440} 
2026-05-27 16:24:47 [queue.INFO] [craft\queue\QueueLogBehavior::afterExec]  [40909] t9n:["app","Updating search indexes"] (attempt: 1, pid: 1736) - Done (time: 0.000s) {"memory":3776864} 
2026-05-27 16:24:47 [queue.INFO] [craft\queue\QueueLogBehavior::beforeExec]  [40910] t9n:["app","Updating search indexes"] (attempt: 1, pid: 1736) - Started {"memory":3789264} 
2026-05-27 16:24:47 [queue.INFO] [craft\queue\QueueLogBehavior::afterExec]  [40910] t9n:["app","Updating search indexes"] (attempt: 1, pid: 1736) - Done (time: 0.000s) {"memory":3790688} 
2026-05-27 16:24:47 [queue.INFO] [craft\queue\QueueLogBehavior::beforeExec]  [40911] t9n:["app","Updating search indexes"] (attempt: 1, pid: 1736) - Started {"memory":3798672} 
2026-05-27 16:24:47 [queue.INFO] [craft\queue\QueueLogBehavior::afterExec]  [40911] t9n:["app","Updating search indexes"] (attempt: 1, pid: 1736) - Done (time: 0.000s) {"memory":3800096} 
2026-05-27 16:24:47 [queue.INFO] [craft\queue\QueueLogBehavior::beforeExec]  [40912] t9n:["app","Updating search indexes"] (attempt: 1, pid: 1736) - Started {"memory":3808080} 
2026-05-27 16:24:47 [queue.INFO] [craft\queue\QueueLogBehavior::afterExec]  [40912] t9n:["app","Updating search indexes"] (attempt: 1, pid: 1736) - Done (time: 0.016s) {"memory":4307560} 
2026-05-27 16:24:47 [queue.INFO] [craft\queue\QueueLogBehavior::beforeExec]  [40913] t9n:["app","Updating search indexes"] (attempt: 1, pid: 1736) - Started {"memory":4315544} 
2026-05-27 16:24:47 [queue.INFO] [craft\queue\QueueLogBehavior::afterExec]  [40913] t9n:["app","Updating search indexes"] (attempt: 1, pid: 1736) - Done (time: 0.006s) {"memory":4579008} 
2026-05-27 16:24:47 [queue.INFO] [craft\queue\QueueLogBehavior::beforeExec]  [40914] t9n:["app","Pruning extra revisions"] (attempt: 1, pid: 1736) - Started {"memory":4586992} 
2026-05-27 16:24:47 [queue.INFO] [craft\queue\QueueLogBehavior::afterExec]  [40914] t9n:["app","Pruning extra revisions"] (attempt: 1, pid: 1736) - Done (time: 0.001s) {"memory":4679640} 
2026-05-27 16:24:47 [queue.INFO] [craft\queue\QueueLogBehavior::beforeExec]  [40915] t9n:["app","Pruning extra revisions"] (attempt: 1, pid: 1736) - Started {"memory":4687624} 
2026-05-27 16:24:47 [queue.INFO] [craft\queue\QueueLogBehavior::afterExec]  [40915] t9n:["app","Pruning extra revisions"] (attempt: 1, pid: 1736) - Done (time: 0.001s) {"memory":4780240} 
2026-05-27 16:24:47 [queue.INFO] [application] Request context:
$_GET = [
    'p' => 'dW2axQ3b/actions/queue/run'
    'v' => '1779891887524'
]

$_POST = []

$_FILES = []

$_COOKIE = [
    'a8b7b1ec9ffb8baf2c6eaa253fe57112_username' => '26b9ec8568da68d3882e55afaa5d203483c6c5810ee05b5a55c8a0eb10cab93ea:2:{i:0;s:41:\"a8b7b1ec9ffb8baf2c6eaa253fe57112_username\";i:1;s:8:\"odegiuli\";}'
    'CraftSessionId' => 'biudticgnvahpvc8nukk8ac1vc'
    'CRAFT_CSRF_TOKEN' => '••••••••••••••••••••••••••••••••••••••••••••••••••••••••••••••••••••••••••••••••••••••••••••••••••••••••••••••••••••••••••••••••••••••••••••••••••••••••••••••••••••••••••••••••••••••••••••••••••••••••••••••••••••••••••••••••••••••••••••••••••••••••••••••••••'
    'a8b7b1ec9ffb8baf2c6eaa253fe57112_identity' => 'c05e269f9a86048999710c6067062a4ab8b9b72b60032bdd4aede461abe99f6aa:2:{i:0;s:41:\"a8b7b1ec9ffb8baf2c6eaa253fe57112_identity\";i:1;s:159:\"[1,\"[\\\"y9F6YHmR9qC8Xsvv_urYFspDlXSsXsFbHDHDiokNRXLEUFEEKTo2W7iJ97zgt_AgvxoJgpgTjLnE5pS-azRIHVI1lD_VNxCU5lGK\\\",null,\\\"fd3cbf9ed3a1f5fe86c1a53cec2d55ae\\\"]\",3600]\";}'
    'Craft-3626ffc1-d0a3-42e3-98aa-37e8aa759561_sidebar' => 'expanded'
    'Craft-3626ffc1-d0a3-42e3-98aa-37e8aa759561_sidebar-details' => 'expanded'
    'cookieconsent_status' => 'allow'
]

$_SESSION = [
    '22b6a59deafcfb2ffb13c3adf3d98a3b__flash' => []
    'a8b7b1ec9ffb8baf2c6eaa253fe57112__token' => '••••••••••••••••••••••••••••••••••••••••••••••••••••••••••••••••••••••••••••••••••••••••••••••••••••'
    'a8b7b1ec9ffb8baf2c6eaa253fe57112__id' => 1
    '__authKey' => '••••••••••••••••••••••••••••••••••••••••••••••••••••••••••••••••••••••••••••••••••••••••••••••••••••••••••••••••••••••••••••••••••••••••••••••••'
    'a8b7b1ec9ffb8baf2c6eaa253fe57112__expire' => 1779895487
    '__duration' => 3600
    '__elevated_timeout' => 1779891115
    '22b6a59deafcfb2ffb13c3adf3d98a3b__auth_access' => [
        0 => 'previewElement:7186'
        1 => 'saveAssets:856a3aeb-b21b-4d41-af3f-0a23db430323'
        2 => 'previewDraft:1050'
        3 => 'previewDraft:1052'
        4 => 'previewDraft:1054'
        5 => 'previewDraft:1056'
        6 => 'previewDraft:1058'
        7 => 'previewDraft:1060'
        8 => 'previewDraft:1062'
        9 => 'previewDraft:1064'
        10 => 'previewDraft:1066'
        11 => 'previewDraft:1068'
        12 => 'previewDraft:1070'
    ]
]

$_SERVER = [
    'DEPLOY_NAME' => 'local'
    'DDEV_WEBSERVER_TYPE' => 'nginx-fpm'
    'npm_config_cache' => '/mnt/ddev-global-cache/npm'
    'COREPACK_ENABLE_DOWNLOAD_PROMPT' => '0'
    'DDEV_GOOS' => 'darwin'
    'IS_DDEV_PROJECT' => 'true'
    'PHP_DEFAULT_VERSION' => '8.3'
    'HOSTNAME' => 'derschmuckmacher-v3-web'
    'MAILPIT_SMTP_PORT' => '1025'
    'MH_SMTP_BIND_ADDR' => '127.0.0.1:1025'
    'DDEV_PRIMARY_URL_WITHOUT_PORT' => 'https://derschmuckmacher-v3.ddev.site'
    'CRAFT_DB_PORT' => '3306'
    'SSH_AUTH_SOCK' => '/home/.ssh-agent/socket'
    'DDEV_GID' => '20'
    'NODE_EXTRA_CA_CERTS' => '/mnt/ddev-global-cache/mkcert/rootCA.pem'
    'DOCKER_IP' => '127.0.0.1'
    'PGPASSWORD' => 'db'
    'CRAFT_WEB_ROOT' => '/var/www/html/web'
    'DDEV_DOCROOT' => 'web'
    'PWD' => '/var/www/html'
    'PLATFORMSH_CLI_UPDATES_CHECK' => '0'
    'DDEV_APPROOT' => '/var/www/html'
    'DDEV_FILES_DIR' => ''
    'START_SCRIPT_TIMEOUT' => '57'
    'APACHE_SITE_TEMPLATE' => '/etc/apache2/apache-site.conf'
    'PHP_INI' => '/etc/php/8.3/fpm/php.ini'
    'DDEV_VERSION' => 'v1.24.10'
    'PRIMARY_SITE_URL' => 'https://derschmuckmacher-v3.ddev.site'
    'TZ' => 'Europe/Zurich'
    'DDEV_XHPROF_MODE' => 'prepend'
    'HTTPS_EXPOSE' => '443:80,8026:8025'
    'COREPACK_HOME' => '/mnt/ddev-global-cache/corepack'
    'CRAFT_DB_DATABASE' => 'db'
    'DDEV_PRIMARY_URL' => 'https://derschmuckmacher-v3.ddev.site'
    'LINES' => '6'
    'DDEV_SITENAME' => 'derschmuckmacher-v3'
    'HOME' => '/home/omar'
    'DRUSH_OPTIONS_URI' => 'https://derschmuckmacher-v3.ddev.site'
    'LANG' => 'C.UTF-8'
    'COLUMNS' => '371'
    'DDEV_MUTAGEN_ENABLED' => 'true'
    'DDEV_USER' => 'omar'
    'PGUSER' => 'db'
    'TERMINUS_CACHE_DIR' => '/mnt/ddev-global-cache/terminus/cache'
    'DDEV_PRIMARY_URL_PORT' => '443'
    'DDEV_ROUTER_HTTP_PORT' => '80'
    'MAILPIT_SMTP_HOSTNAME' => '127.0.0.1'
    'CRAFT_DB_DRIVER' => 'mysql'
    'COMPOSER_PROCESS_TIMEOUT' => '2000'
    'NGINX_SITE_TEMPLATE' => '/etc/nginx/nginx-site.conf'
    'DDEV_FILES_DIRS' => ''
    'CRAFT_DB_SERVER' => 'db'
    'HTTP_EXPOSE' => '80:80,8025:8025'
    'NVM_DIR' => '/home/omar/.nvm'
    'DDEV_PHP_VERSION' => '8.3'
    'DDEV_TLD' => 'ddev.site'
    'DDEV_HOSTNAME' => 'derschmuckmacher-v3.ddev.site'
    'DDEV_PROJECT' => 'derschmuckmacher-v3'
    'DDEV_GOARCH' => 'arm64'
    'VIRTUAL_HOST' => 'derschmuckmacher-v3.ddev.site'
    'TERM' => 'xterm'
    'USER' => 'omar'
    'MYSQL_HISTFILE' => '/mnt/ddev-global-cache/mysqlhistory/derschmuckmacher-v3-web/mysql_history'
    'DDEV_WEB_ENTRYPOINT' => '/mnt/ddev_config/web-entrypoint.d'
    'DDEV_UID' => '501'
    'CAROOT' => '/mnt/ddev-global-cache/mkcert'
    'SHLVL' => '1'
    'COMPOSER_ALLOW_SUPERUSER' => '1'
    'BASH_ENV' => '/etc/bash.nointeractive.bashrc'
    'DDEV_DATABASE' => 'mysql:8.0'
    'PGDATABASE' => 'db'
    'CRAFT_DB_USER' => 'db'
    'DDEV_SCHEME' => 'https'
    'XHPROF_OUTPUT_DIR' => '/tmp/xhprof'
    'COMPOSER_CACHE_DIR' => '/mnt/ddev-global-cache/composer'
    'DDEV_XDEBUG_ENABLED' => 'false'
    'DDEV_DATABASE_FAMILY' => 'mysql'
    'PGHOST' => 'db'
    'DDEV_COMPOSER_ROOT' => '/var/www/html'
    'CRAFT_DB_PASSWORD' => '••'
    'DOCROOT' => 'web'
    'TERMINUS_HIDE_UPDATE_MESSAGE' => '1'
    'PATH' => '/home/omar/bin:/var/www/html/vendor/bin:/usr/local/sbin:/usr/local/bin:/usr/sbin:/usr/bin:/sbin:/bin:/var/www/html/bin:/mnt/ddev-global-cache/global-commands/web'
    'HOST_DOCKER_INTERNAL_IP' => ''
    'DDEV_PROJECT_TYPE' => 'craftcms'
    'DEBIAN_FRONTEND' => 'noninteractive'
    'DDEV_ROUTER_HTTPS_PORT' => '443'
    'EXECIGNORE' => '/var/www/html/vendor/bin/composer'
    'SUPERVISOR_ENABLED' => '1'
    'SUPERVISOR_SERVER_URL' => 'unix:///var/run/supervisor.sock'
    'SUPERVISOR_PROCESS_NAME' => 'php-fpm'
    'SUPERVISOR_GROUP_NAME' => 'php-fpm'
    'HTTP_X_REQUESTED_WITH' => 'XMLHttpRequest'
    'HTTP_X_REGISTERED_JS_FILES' => '6276b818'
    'HTTP_X_REGISTERED_ASSET_BUNDLES' => '815d39ea,92d8701,22e517a2,aee7f8dc,26c46c25,e505ffd6,6b4d7555,bb2f10a0,e5e48399,fc0bc163,1ccab40d,1e21896b,54698ee0,b842675b,1c3c9add,4b1fd285,d8d08e47,8f00ce04,8768f48b,cf3018d6,ec6d0256,e7c1329,7b7669ac,75f47f25'
    'HTTP_X_REAL_IP' => '172.18.0.1'
    'HTTP_X_FORWARDED_SERVER' => 'e6a50fd17528'
    'HTTP_X_FORWARDED_PROTO' => 'https'
    'HTTP_X_FORWARDED_PORT' => '443'
    'HTTP_X_FORWARDED_HOST' => 'derschmuckmacher-v3.ddev.site'
    'HTTP_X_FORWARDED_FOR' => '172.18.0.1'
    'HTTP_X_CSRF_TOKEN' => '••••••••••••••••••••••••••••••••••••••••••••••••••••••••••••••••••••••••••••••••••••••••••••••••••••••••••••••••••••••••••••••••••••••••••••••••••••••••••••••••••••••••••••••••••••••••••••••••••••••••••••••••••••••••••••••••••••••••••••••••••••••••••••••••••••••••••••••••••••••••••••••••••••••••••••••••••••••••••••••••••••••••••••••••••••••••••••••••••••••••••••••••••••••••••••••••••••••••'
    'HTTP_TE' => 'trailers'
    'HTTP_SEC_GPC' => '1'
    'HTTP_SEC_FETCH_SITE' => 'same-origin'
    'HTTP_SEC_FETCH_MODE' => 'cors'
    'HTTP_SEC_FETCH_DEST' => 'empty'
    'HTTP_REFERER' => 'https://derschmuckmacher-v3.ddev.site/dW2axQ3b/content/entries/singles/7186-impressum?returnUrl=https%3A//derschmuckmacher-v3.ddev.site/dW2axQ3b/content/entries/singles%3AQS%3Asource%3Dsingles'
    'HTTP_ORIGIN' => 'https://derschmuckmacher-v3.ddev.site'
    'HTTP_COOKIE' => 'a8b7b1ec9ffb8baf2c6eaa253fe57112_username=26b9ec8568da68d3882e55afaa5d203483c6c5810ee05b5a55c8a0eb10cab93ea%3A2%3A%7Bi%3A0%3Bs%3A41%3A%22a8b7b1ec9ffb8baf2c6eaa253fe57112_username%22%3Bi%3A1%3Bs%3A8%3A%22odegiuli%22%3B%7D; CraftSessionId=biudticgnvahpvc8nukk8ac1vc; CRAFT_CSRF_TOKEN=f24bdf1e9b1a034ee7b31fc7240bdef700af95a681404c14421efa33013a169ca%3A2%3A%7Bi%3A0%3Bs%3A16%3A%22CRAFT_CSRF_TOKEN%22%3Bi%3A1%3Bs%3A147%3A%22o35JaTMOK5SlzzOXxon1Bn7gy1-9PEHqnAYwYjz9%7C89e454564122d06c6a70a599ac0d3b19a34e4201342f82ce4b9247f607434cc9o35JaTMOK5SlzzOXxon1Bn7gy1-9PEHqnAYwYjz9%7C1%22%3B%7D; a8b7b1ec9ffb8baf2c6eaa253fe57112_identity=c05e269f9a86048999710c6067062a4ab8b9b72b60032bdd4aede461abe99f6aa%3A2%3A%7Bi%3A0%3Bs%3A41%3A%22a8b7b1ec9ffb8baf2c6eaa253fe57112_identity%22%3Bi%3A1%3Bs%3A159%3A%22%5B1%2C%22%5B%5C%22y9F6YHmR9qC8Xsvv_urYFspDlXSsXsFbHDHDiokNRXLEUFEEKTo2W7iJ97zgt_AgvxoJgpgTjLnE5pS-azRIHVI1lD_VNxCU5lGK%5C%22%2Cnull%2C%5C%22fd3cbf9ed3a1f5fe86c1a53cec2d55ae%5C%22%5D%22%2C3600%5D%22%3B%7D; Craft-3626ffc1-d0a3-42e3-98aa-37e8aa759561_sidebar=expanded; Craft-3626ffc1-d0a3-42e3-98aa-37e8aa759561_sidebar-details=expanded; cookieconsent_status=allow'
    'HTTP_ACCEPT_LANGUAGE' => 'de,en-US;q=0.9,en;q=0.8'
    'HTTP_ACCEPT_ENCODING' => 'gzip, deflate, br, zstd'
    'HTTP_ACCEPT' => 'application/json, text/plain, */*'
    'HTTP_CONTENT_LENGTH' => '0'
    'HTTP_USER_AGENT' => 'Mozilla/5.0 (Macintosh; Intel Mac OS X 10.15; rv:151.0) Gecko/20100101 Firefox/151.0'
    'HTTP_HOST' => 'derschmuckmacher-v3.ddev.site'
    'HTTPS' => 'on'
    'REDIRECT_STATUS' => '200'
    'SERVER_NAME' => 'derschmuckmacher-v3.ddev.site'
    'SERVER_PORT' => '80'
    'SERVER_ADDR' => '172.18.0.4'
    'REMOTE_PORT' => '48846'
    'REMOTE_ADDR' => '172.18.0.5'
    'SERVER_SOFTWARE' => 'nginx/1.28.0'
    'GATEWAY_INTERFACE' => 'CGI/1.1'
    'REQUEST_SCHEME' => 'http'
    'SERVER_PROTOCOL' => 'HTTP/1.1'
    'DOCUMENT_ROOT' => '/var/www/html/web'
    'DOCUMENT_URI' => '/index.php'
    'REQUEST_URI' => '/index.php?p=dW2axQ3b%2Factions%2Fqueue%2Frun&v=1779891887524'
    'CONTENT_LENGTH' => '0'
    'CONTENT_TYPE' => ''
    'REQUEST_METHOD' => 'POST'
    'QUERY_STRING' => 'p=dW2axQ3b%2Factions%2Fqueue%2Frun&v=1779891887524'
    'SCRIPT_NAME' => '/index.php'
    'SCRIPT_FILENAME' => '/var/www/html/web/index.php'
    'FCGI_ROLE' => 'RESPONDER'
    'PHP_SELF' => '/index.php'
    'REQUEST_TIME_FLOAT' => 1779891887.5312
    'REQUEST_TIME' => 1779891887
    'CRAFT_APP_ID' => 'CraftCMS--3933bc78-29f5-4b79-bcc5-c31faf0fcd20'
    'CRAFT_ENVIRONMENT' => 'dev'
    'ENVIRONMENT' => 'dev'
    'CRAFT_SECURITY_KEY' => '••••••••••••••••••••••••••••••••'
    'CP_TRIGGER' => 'dW2axQ3b'
    'CRAFT_DB_SCHEMA' => 'public'
    'CRAFT_DB_TABLE_PREFIX' => ''
    'CRAFT_DB_CHARSET' => 'utf8mb4'
    'CRAFT_DB_COLLATION' => 'utf8mb4_unicode_ci'
    'DEV_MODE' => 'true'
    'ALLOW_ADMIN_CHANGES' => 'true'
    'DISALLOW_ROBOTS' => 'true'
    'TIMEZONE' => 'Europe/Zurich'
    'CAPTCHA_SITE_KEY' => '••••••••••••••••••••••••••••••••••••••••'
    'CAPTCHA_SECRET_KEY' => '••••••••••••••••••••••••••••••••••••••••'
    'WEB_URL' => 'https://derschmuckmacher-v3.ddev.site'
    'WEB_ROOT' => '/var/www/html/web'
    'ASSETS_BASE_URL' => 'https://derschmuckmacher-v3.ddev.site/public'
    'ASSETS_BASE_PATH' => '/var/www/html/web/public'
    'SCHMUCK_BASE_URL' => 'https://derschmuckmacher-v3.ddev.site/public/uploads/schmuck'
    'SCHMUCK_BASE_PATH' => '/var/www/html/web/public/uploads/schmuck'
    'BILDER_BASE_URL' => 'https://derschmuckmacher-v3.ddev.site/public/uploads/bilder'
    'BILDER_BASE_PATH' => '/var/www/html/web/public/uploads/bilder'
] {"environment":"dev","userId":1} 
2026-05-27 16:29:34 [queue.INFO] [yii\db\Connection::open] Opening DB connection: mysql:host=db;dbname=db;port=3306 {"memory":1101824} 
2026-05-27 16:29:34 [queue.INFO] [yii\web\Session::open] Session started {"memory":1526744} 
2026-05-27 16:29:34 [queue.INFO] [nystudio107\codeeditor\CodeEditor::bootstrap] CodeEditor module bootstrapped {"memory":1551080} 
2026-05-27 16:29:34 [queue.INFO] [adigital\cookieconsentbanner\CookieConsentBanner::init] Cookie Consent Banner plugin loaded {"memory":1768480} 
2026-05-27 16:29:34 [queue.INFO] [miranj\obfuscator\Obfuscator::init] Obfuscator plugin loaded {"memory":2729336} 
2026-05-27 16:29:34 [queue.INFO] [yii\db\Connection::open] Opening DB connection: mysql:host=db;dbname=db;port=3306 {"memory":2997680} 
2026-05-27 16:29:34 [queue.INFO] [craft\queue\QueueLogBehavior::beforeExec]  [40916] t9n:["app","Updating search indexes"] (attempt: 1, pid: 1735) - Started {"memory":3057432} 
2026-05-27 16:29:34 [queue.INFO] [craft\queue\QueueLogBehavior::afterExec]  [40916] t9n:["app","Updating search indexes"] (attempt: 1, pid: 1735) - Done (time: 0.011s) {"memory":3656656} 
2026-05-27 16:29:34 [queue.INFO] [craft\queue\QueueLogBehavior::beforeExec]  [40917] t9n:["app","Updating search indexes"] (attempt: 1, pid: 1735) - Started {"memory":3664688} 
2026-05-27 16:29:34 [queue.INFO] [craft\queue\QueueLogBehavior::afterExec]  [40917] t9n:["app","Updating search indexes"] (attempt: 1, pid: 1735) - Done (time: 0.001s) {"memory":3767520} 
2026-05-27 16:29:34 [queue.INFO] [craft\queue\QueueLogBehavior::beforeExec]  [40918] t9n:["app","Updating search indexes"] (attempt: 1, pid: 1735) - Started {"memory":3775504} 
2026-05-27 16:29:34 [queue.INFO] [craft\queue\QueueLogBehavior::afterExec]  [40918] t9n:["app","Updating search indexes"] (attempt: 1, pid: 1735) - Done (time: 0.000s) {"memory":3776928} 
2026-05-27 16:29:34 [queue.INFO] [craft\queue\QueueLogBehavior::beforeExec]  [40919] t9n:["app","Updating search indexes"] (attempt: 1, pid: 1735) - Started {"memory":3789328} 
2026-05-27 16:29:34 [queue.INFO] [craft\queue\QueueLogBehavior::afterExec]  [40919] t9n:["app","Updating search indexes"] (attempt: 1, pid: 1735) - Done (time: 0.007s) {"memory":4288808} 
2026-05-27 16:29:34 [queue.INFO] [craft\queue\QueueLogBehavior::beforeExec]  [40920] t9n:["app","Updating search indexes"] (attempt: 1, pid: 1735) - Started {"memory":4296792} 
2026-05-27 16:29:34 [queue.INFO] [craft\queue\QueueLogBehavior::afterExec]  [40920] t9n:["app","Updating search indexes"] (attempt: 1, pid: 1735) - Done (time: 0.003s) {"memory":4560256} 
2026-05-27 16:29:34 [queue.INFO] [craft\queue\QueueLogBehavior::beforeExec]  [40921] t9n:["app","Pruning extra revisions"] (attempt: 1, pid: 1735) - Started {"memory":4568240} 
2026-05-27 16:29:34 [queue.INFO] [craft\queue\QueueLogBehavior::afterExec]  [40921] t9n:["app","Pruning extra revisions"] (attempt: 1, pid: 1735) - Done (time: 0.001s) {"memory":4660888} 
2026-05-27 16:29:34 [queue.INFO] [craft\queue\QueueLogBehavior::beforeExec]  [40922] t9n:["app","Pruning extra revisions"] (attempt: 1, pid: 1735) - Started {"memory":4668872} 
2026-05-27 16:29:34 [queue.INFO] [craft\queue\QueueLogBehavior::afterExec]  [40922] t9n:["app","Pruning extra revisions"] (attempt: 1, pid: 1735) - Done (time: 0.001s) {"memory":4761488} 
2026-05-27 16:29:34 [queue.INFO] [application] Request context:
$_GET = [
    'p' => 'dW2axQ3b/actions/queue/run'
    'v' => '1779892173937'
]

$_POST = []

$_FILES = []

$_COOKIE = [
    'a8b7b1ec9ffb8baf2c6eaa253fe57112_username' => '26b9ec8568da68d3882e55afaa5d203483c6c5810ee05b5a55c8a0eb10cab93ea:2:{i:0;s:41:\"a8b7b1ec9ffb8baf2c6eaa253fe57112_username\";i:1;s:8:\"odegiuli\";}'
    'CraftSessionId' => 'biudticgnvahpvc8nukk8ac1vc'
    'CRAFT_CSRF_TOKEN' => '••••••••••••••••••••••••••••••••••••••••••••••••••••••••••••••••••••••••••••••••••••••••••••••••••••••••••••••••••••••••••••••••••••••••••••••••••••••••••••••••••••••••••••••••••••••••••••••••••••••••••••••••••••••••••••••••••••••••••••••••••••••••••••••••••'
    'a8b7b1ec9ffb8baf2c6eaa253fe57112_identity' => 'c05e269f9a86048999710c6067062a4ab8b9b72b60032bdd4aede461abe99f6aa:2:{i:0;s:41:\"a8b7b1ec9ffb8baf2c6eaa253fe57112_identity\";i:1;s:159:\"[1,\"[\\\"y9F6YHmR9qC8Xsvv_urYFspDlXSsXsFbHDHDiokNRXLEUFEEKTo2W7iJ97zgt_AgvxoJgpgTjLnE5pS-azRIHVI1lD_VNxCU5lGK\\\",null,\\\"fd3cbf9ed3a1f5fe86c1a53cec2d55ae\\\"]\",3600]\";}'
    'Craft-3626ffc1-d0a3-42e3-98aa-37e8aa759561_sidebar' => 'expanded'
    'Craft-3626ffc1-d0a3-42e3-98aa-37e8aa759561_sidebar-details' => 'expanded'
    'cookieconsent_status' => 'allow'
]

$_SESSION = [
    '22b6a59deafcfb2ffb13c3adf3d98a3b__flash' => []
    'a8b7b1ec9ffb8baf2c6eaa253fe57112__token' => '••••••••••••••••••••••••••••••••••••••••••••••••••••••••••••••••••••••••••••••••••••••••••••••••••••'
    'a8b7b1ec9ffb8baf2c6eaa253fe57112__id' => 1
    '__authKey' => '••••••••••••••••••••••••••••••••••••••••••••••••••••••••••••••••••••••••••••••••••••••••••••••••••••••••••••••••••••••••••••••••••••••••••••••••'
    'a8b7b1ec9ffb8baf2c6eaa253fe57112__expire' => 1779895773
    '__duration' => 3600
    '__elevated_timeout' => 1779891115
    '22b6a59deafcfb2ffb13c3adf3d98a3b__auth_access' => [
        0 => 'previewElement:7186'
        1 => 'saveAssets:856a3aeb-b21b-4d41-af3f-0a23db430323'
        2 => 'previewDraft:1050'
        3 => 'previewDraft:1052'
        4 => 'previewDraft:1054'
        5 => 'previewDraft:1056'
        6 => 'previewDraft:1058'
        7 => 'previewDraft:1060'
        8 => 'previewDraft:1062'
        9 => 'previewDraft:1064'
        10 => 'previewDraft:1066'
        11 => 'previewDraft:1068'
        12 => 'previewDraft:1070'
        13 => 'previewDraft:1072'
    ]
]

$_SERVER = [
    'DEPLOY_NAME' => 'local'
    'DDEV_WEBSERVER_TYPE' => 'nginx-fpm'
    'npm_config_cache' => '/mnt/ddev-global-cache/npm'
    'COREPACK_ENABLE_DOWNLOAD_PROMPT' => '0'
    'DDEV_GOOS' => 'darwin'
    'IS_DDEV_PROJECT' => 'true'
    'PHP_DEFAULT_VERSION' => '8.3'
    'HOSTNAME' => 'derschmuckmacher-v3-web'
    'MAILPIT_SMTP_PORT' => '1025'
    'MH_SMTP_BIND_ADDR' => '127.0.0.1:1025'
    'DDEV_PRIMARY_URL_WITHOUT_PORT' => 'https://derschmuckmacher-v3.ddev.site'
    'CRAFT_DB_PORT' => '3306'
    'SSH_AUTH_SOCK' => '/home/.ssh-agent/socket'
    'DDEV_GID' => '20'
    'NODE_EXTRA_CA_CERTS' => '/mnt/ddev-global-cache/mkcert/rootCA.pem'
    'DOCKER_IP' => '127.0.0.1'
    'PGPASSWORD' => 'db'
    'CRAFT_WEB_ROOT' => '/var/www/html/web'
    'DDEV_DOCROOT' => 'web'
    'PWD' => '/var/www/html'
    'PLATFORMSH_CLI_UPDATES_CHECK' => '0'
    'DDEV_APPROOT' => '/var/www/html'
    'DDEV_FILES_DIR' => ''
    'START_SCRIPT_TIMEOUT' => '57'
    'APACHE_SITE_TEMPLATE' => '/etc/apache2/apache-site.conf'
    'PHP_INI' => '/etc/php/8.3/fpm/php.ini'
    'DDEV_VERSION' => 'v1.24.10'
    'PRIMARY_SITE_URL' => 'https://derschmuckmacher-v3.ddev.site'
    'TZ' => 'Europe/Zurich'
    'DDEV_XHPROF_MODE' => 'prepend'
    'HTTPS_EXPOSE' => '443:80,8026:8025'
    'COREPACK_HOME' => '/mnt/ddev-global-cache/corepack'
    'CRAFT_DB_DATABASE' => 'db'
    'DDEV_PRIMARY_URL' => 'https://derschmuckmacher-v3.ddev.site'
    'LINES' => '6'
    'DDEV_SITENAME' => 'derschmuckmacher-v3'
    'HOME' => '/home/omar'
    'DRUSH_OPTIONS_URI' => 'https://derschmuckmacher-v3.ddev.site'
    'LANG' => 'C.UTF-8'
    'COLUMNS' => '371'
    'DDEV_MUTAGEN_ENABLED' => 'true'
    'DDEV_USER' => 'omar'
    'PGUSER' => 'db'
    'TERMINUS_CACHE_DIR' => '/mnt/ddev-global-cache/terminus/cache'
    'DDEV_PRIMARY_URL_PORT' => '443'
    'DDEV_ROUTER_HTTP_PORT' => '80'
    'MAILPIT_SMTP_HOSTNAME' => '127.0.0.1'
    'CRAFT_DB_DRIVER' => 'mysql'
    'COMPOSER_PROCESS_TIMEOUT' => '2000'
    'NGINX_SITE_TEMPLATE' => '/etc/nginx/nginx-site.conf'
    'DDEV_FILES_DIRS' => ''
    'CRAFT_DB_SERVER' => 'db'
    'HTTP_EXPOSE' => '80:80,8025:8025'
    'NVM_DIR' => '/home/omar/.nvm'
    'DDEV_PHP_VERSION' => '8.3'
    'DDEV_TLD' => 'ddev.site'
    'DDEV_HOSTNAME' => 'derschmuckmacher-v3.ddev.site'
    'DDEV_PROJECT' => 'derschmuckmacher-v3'
    'DDEV_GOARCH' => 'arm64'
    'VIRTUAL_HOST' => 'derschmuckmacher-v3.ddev.site'
    'TERM' => 'xterm'
    'USER' => 'omar'
    'MYSQL_HISTFILE' => '/mnt/ddev-global-cache/mysqlhistory/derschmuckmacher-v3-web/mysql_history'
    'DDEV_WEB_ENTRYPOINT' => '/mnt/ddev_config/web-entrypoint.d'
    'DDEV_UID' => '501'
    'CAROOT' => '/mnt/ddev-global-cache/mkcert'
    'SHLVL' => '1'
    'COMPOSER_ALLOW_SUPERUSER' => '1'
    'BASH_ENV' => '/etc/bash.nointeractive.bashrc'
    'DDEV_DATABASE' => 'mysql:8.0'
    'PGDATABASE' => 'db'
    'CRAFT_DB_USER' => 'db'
    'DDEV_SCHEME' => 'https'
    'XHPROF_OUTPUT_DIR' => '/tmp/xhprof'
    'COMPOSER_CACHE_DIR' => '/mnt/ddev-global-cache/composer'
    'DDEV_XDEBUG_ENABLED' => 'false'
    'DDEV_DATABASE_FAMILY' => 'mysql'
    'PGHOST' => 'db'
    'DDEV_COMPOSER_ROOT' => '/var/www/html'
    'CRAFT_DB_PASSWORD' => '••'
    'DOCROOT' => 'web'
    'TERMINUS_HIDE_UPDATE_MESSAGE' => '1'
    'PATH' => '/home/omar/bin:/var/www/html/vendor/bin:/usr/local/sbin:/usr/local/bin:/usr/sbin:/usr/bin:/sbin:/bin:/var/www/html/bin:/mnt/ddev-global-cache/global-commands/web'
    'HOST_DOCKER_INTERNAL_IP' => ''
    'DDEV_PROJECT_TYPE' => 'craftcms'
    'DEBIAN_FRONTEND' => 'noninteractive'
    'DDEV_ROUTER_HTTPS_PORT' => '443'
    'EXECIGNORE' => '/var/www/html/vendor/bin/composer'
    'SUPERVISOR_ENABLED' => '1'
    'SUPERVISOR_SERVER_URL' => 'unix:///var/run/supervisor.sock'
    'SUPERVISOR_PROCESS_NAME' => 'php-fpm'
    'SUPERVISOR_GROUP_NAME' => 'php-fpm'
    'HTTP_X_REQUESTED_WITH' => 'XMLHttpRequest'
    'HTTP_X_REGISTERED_JS_FILES' => ''
    'HTTP_X_REGISTERED_ASSET_BUNDLES' => '22e517a2,aee7f8dc,26c46c25,e505ffd6,6b4d7555,bb2f10a0,e5e48399,815d39ea,fc0bc163,1ccab40d,1e21896b,54698ee0,b842675b,1c3c9add,4b1fd285,d8d08e47,8f00ce04,8768f48b,cf3018d6,ec6d0256'
    'HTTP_X_REAL_IP' => '172.18.0.1'
    'HTTP_X_FORWARDED_SERVER' => 'e6a50fd17528'
    'HTTP_X_FORWARDED_PROTO' => 'https'
    'HTTP_X_FORWARDED_PORT' => '443'
    'HTTP_X_FORWARDED_HOST' => 'derschmuckmacher-v3.ddev.site'
    'HTTP_X_FORWARDED_FOR' => '172.18.0.1'
    'HTTP_X_CSRF_TOKEN' => '••••••••••••••••••••••••••••••••••••••••••••••••••••••••••••••••••••••••••••••••••••••••••••••••••••••••••••••••••••••••••••••••••••••••••••••••••••••••••••••••••••••••••••••••••••••••••••••••••••••••••••••••••••••••••••••••••••••••••••••••••••••••••••••••••••••••••••••••••••••••••••••••••••••••••••••••••••••••••••••••••••••••••••••••••••••••••••••••••••••••••••••••••••••••••••••••••••••••'
    'HTTP_TE' => 'trailers'
    'HTTP_SEC_GPC' => '1'
    'HTTP_SEC_FETCH_SITE' => 'same-origin'
    'HTTP_SEC_FETCH_MODE' => 'cors'
    'HTTP_SEC_FETCH_DEST' => 'empty'
    'HTTP_REFERER' => 'https://derschmuckmacher-v3.ddev.site/dW2axQ3b/content/entries/singles?source=singles'
    'HTTP_ORIGIN' => 'https://derschmuckmacher-v3.ddev.site'
    'HTTP_COOKIE' => 'a8b7b1ec9ffb8baf2c6eaa253fe57112_username=26b9ec8568da68d3882e55afaa5d203483c6c5810ee05b5a55c8a0eb10cab93ea%3A2%3A%7Bi%3A0%3Bs%3A41%3A%22a8b7b1ec9ffb8baf2c6eaa253fe57112_username%22%3Bi%3A1%3Bs%3A8%3A%22odegiuli%22%3B%7D; CraftSessionId=biudticgnvahpvc8nukk8ac1vc; CRAFT_CSRF_TOKEN=f24bdf1e9b1a034ee7b31fc7240bdef700af95a681404c14421efa33013a169ca%3A2%3A%7Bi%3A0%3Bs%3A16%3A%22CRAFT_CSRF_TOKEN%22%3Bi%3A1%3Bs%3A147%3A%22o35JaTMOK5SlzzOXxon1Bn7gy1-9PEHqnAYwYjz9%7C89e454564122d06c6a70a599ac0d3b19a34e4201342f82ce4b9247f607434cc9o35JaTMOK5SlzzOXxon1Bn7gy1-9PEHqnAYwYjz9%7C1%22%3B%7D; a8b7b1ec9ffb8baf2c6eaa253fe57112_identity=c05e269f9a86048999710c6067062a4ab8b9b72b60032bdd4aede461abe99f6aa%3A2%3A%7Bi%3A0%3Bs%3A41%3A%22a8b7b1ec9ffb8baf2c6eaa253fe57112_identity%22%3Bi%3A1%3Bs%3A159%3A%22%5B1%2C%22%5B%5C%22y9F6YHmR9qC8Xsvv_urYFspDlXSsXsFbHDHDiokNRXLEUFEEKTo2W7iJ97zgt_AgvxoJgpgTjLnE5pS-azRIHVI1lD_VNxCU5lGK%5C%22%2Cnull%2C%5C%22fd3cbf9ed3a1f5fe86c1a53cec2d55ae%5C%22%5D%22%2C3600%5D%22%3B%7D; Craft-3626ffc1-d0a3-42e3-98aa-37e8aa759561_sidebar=expanded; Craft-3626ffc1-d0a3-42e3-98aa-37e8aa759561_sidebar-details=expanded; cookieconsent_status=allow'
    'HTTP_ACCEPT_LANGUAGE' => 'de,en-US;q=0.9,en;q=0.8'
    'HTTP_ACCEPT_ENCODING' => 'gzip, deflate, br, zstd'
    'HTTP_ACCEPT' => 'application/json, text/plain, */*'
    'HTTP_CONTENT_LENGTH' => '0'
    'HTTP_USER_AGENT' => 'Mozilla/5.0 (Macintosh; Intel Mac OS X 10.15; rv:151.0) Gecko/20100101 Firefox/151.0'
    'HTTP_HOST' => 'derschmuckmacher-v3.ddev.site'
    'HTTPS' => 'on'
    'REDIRECT_STATUS' => '200'
    'SERVER_NAME' => 'derschmuckmacher-v3.ddev.site'
    'SERVER_PORT' => '80'
    'SERVER_ADDR' => '172.18.0.4'
    'REMOTE_PORT' => '47576'
    'REMOTE_ADDR' => '172.18.0.5'
    'SERVER_SOFTWARE' => 'nginx/1.28.0'
    'GATEWAY_INTERFACE' => 'CGI/1.1'
    'REQUEST_SCHEME' => 'http'
    'SERVER_PROTOCOL' => 'HTTP/1.1'
    'DOCUMENT_ROOT' => '/var/www/html/web'
    'DOCUMENT_URI' => '/index.php'
    'REQUEST_URI' => '/index.php?p=dW2axQ3b%2Factions%2Fqueue%2Frun&v=1779892173937'
    'CONTENT_LENGTH' => '0'
    'CONTENT_TYPE' => ''
    'REQUEST_METHOD' => 'POST'
    'QUERY_STRING' => 'p=dW2axQ3b%2Factions%2Fqueue%2Frun&v=1779892173937'
    'SCRIPT_NAME' => '/index.php'
    'SCRIPT_FILENAME' => '/var/www/html/web/index.php'
    'FCGI_ROLE' => 'RESPONDER'
    'PHP_SELF' => '/index.php'
    'REQUEST_TIME_FLOAT' => 1779892173.9398
    'REQUEST_TIME' => 1779892173
    'CRAFT_APP_ID' => 'CraftCMS--3933bc78-29f5-4b79-bcc5-c31faf0fcd20'
    'CRAFT_ENVIRONMENT' => 'dev'
    'ENVIRONMENT' => 'dev'
    'CRAFT_SECURITY_KEY' => '••••••••••••••••••••••••••••••••'
    'CP_TRIGGER' => 'dW2axQ3b'
    'CRAFT_DB_SCHEMA' => 'public'
    'CRAFT_DB_TABLE_PREFIX' => ''
    'CRAFT_DB_CHARSET' => 'utf8mb4'
    'CRAFT_DB_COLLATION' => 'utf8mb4_unicode_ci'
    'DEV_MODE' => 'true'
    'ALLOW_ADMIN_CHANGES' => 'true'
    'DISALLOW_ROBOTS' => 'true'
    'TIMEZONE' => 'Europe/Zurich'
    'CAPTCHA_SITE_KEY' => '••••••••••••••••••••••••••••••••••••••••'
    'CAPTCHA_SECRET_KEY' => '••••••••••••••••••••••••••••••••••••••••'
    'WEB_URL' => 'https://derschmuckmacher-v3.ddev.site'
    'WEB_ROOT' => '/var/www/html/web'
    'ASSETS_BASE_URL' => 'https://derschmuckmacher-v3.ddev.site/public'
    'ASSETS_BASE_PATH' => '/var/www/html/web/public'
    'SCHMUCK_BASE_URL' => 'https://derschmuckmacher-v3.ddev.site/public/uploads/schmuck'
    'SCHMUCK_BASE_PATH' => '/var/www/html/web/public/uploads/schmuck'
    'BILDER_BASE_URL' => 'https://derschmuckmacher-v3.ddev.site/public/uploads/bilder'
    'BILDER_BASE_PATH' => '/var/www/html/web/public/uploads/bilder'
] {"environment":"dev","userId":1} 
2026-05-27 16:31:16 [queue.INFO] [yii\db\Connection::open] Opening DB connection: mysql:host=db;dbname=db;port=3306 {"memory":1102160} 
2026-05-27 16:31:16 [queue.INFO] [yii\web\Session::open] Session started {"memory":1527536} 
2026-05-27 16:31:16 [queue.INFO] [nystudio107\codeeditor\CodeEditor::bootstrap] CodeEditor module bootstrapped {"memory":1551872} 
2026-05-27 16:31:16 [queue.INFO] [adigital\cookieconsentbanner\CookieConsentBanner::init] Cookie Consent Banner plugin loaded {"memory":1769736} 
2026-05-27 16:31:16 [queue.INFO] [miranj\obfuscator\Obfuscator::init] Obfuscator plugin loaded {"memory":2730592} 
2026-05-27 16:31:16 [queue.INFO] [yii\db\Connection::open] Opening DB connection: mysql:host=db;dbname=db;port=3306 {"memory":2998936} 
2026-05-27 16:31:16 [queue.INFO] [craft\queue\QueueLogBehavior::beforeExec]  [40923] t9n:["app","Updating search indexes"] (attempt: 1, pid: 1734) - Started {"memory":3057720} 
2026-05-27 16:31:16 [queue.INFO] [craft\queue\QueueLogBehavior::afterExec]  [40923] t9n:["app","Updating search indexes"] (attempt: 1, pid: 1734) - Done (time: 0.011s) {"memory":3656944} 
2026-05-27 16:31:16 [queue.INFO] [craft\queue\QueueLogBehavior::beforeExec]  [40924] t9n:["app","Updating search indexes"] (attempt: 1, pid: 1734) - Started {"memory":3664976} 
2026-05-27 16:31:16 [queue.INFO] [craft\queue\QueueLogBehavior::afterExec]  [40924] t9n:["app","Updating search indexes"] (attempt: 1, pid: 1734) - Done (time: 0.001s) {"memory":3767808} 
2026-05-27 16:31:16 [queue.INFO] [craft\queue\QueueLogBehavior::beforeExec]  [40925] t9n:["app","Updating search indexes"] (attempt: 1, pid: 1734) - Started {"memory":3775792} 
2026-05-27 16:31:16 [queue.INFO] [craft\queue\QueueLogBehavior::afterExec]  [40925] t9n:["app","Updating search indexes"] (attempt: 1, pid: 1734) - Done (time: 0.000s) {"memory":3777216} 
2026-05-27 16:31:16 [queue.INFO] [craft\queue\QueueLogBehavior::beforeExec]  [40926] t9n:["app","Updating search indexes"] (attempt: 1, pid: 1734) - Started {"memory":3789616} 
2026-05-27 16:31:16 [queue.INFO] [craft\queue\QueueLogBehavior::afterExec]  [40926] t9n:["app","Updating search indexes"] (attempt: 1, pid: 1734) - Done (time: 0.000s) {"memory":3791040} 
2026-05-27 16:31:16 [queue.INFO] [craft\queue\QueueLogBehavior::beforeExec]  [40927] t9n:["app","Updating search indexes"] (attempt: 1, pid: 1734) - Started {"memory":3799024} 
2026-05-27 16:31:16 [queue.INFO] [craft\queue\QueueLogBehavior::afterExec]  [40927] t9n:["app","Updating search indexes"] (attempt: 1, pid: 1734) - Done (time: 0.000s) {"memory":3800448} 
2026-05-27 16:31:16 [queue.INFO] [craft\queue\QueueLogBehavior::beforeExec]  [40928] t9n:["app","Updating search indexes"] (attempt: 1, pid: 1734) - Started {"memory":3808432} 
2026-05-27 16:31:16 [queue.INFO] [craft\queue\QueueLogBehavior::afterExec]  [40928] t9n:["app","Updating search indexes"] (attempt: 1, pid: 1734) - Done (time: 0.000s) {"memory":3809856} 
2026-05-27 16:31:16 [queue.INFO] [craft\queue\QueueLogBehavior::beforeExec]  [40929] t9n:["app","Updating search indexes"] (attempt: 1, pid: 1734) - Started {"memory":3817840} 
2026-05-27 16:31:16 [queue.INFO] [craft\queue\QueueLogBehavior::afterExec]  [40929] t9n:["app","Updating search indexes"] (attempt: 1, pid: 1734) - Done (time: 0.000s) {"memory":3819264} 
2026-05-27 16:31:16 [queue.INFO] [craft\queue\QueueLogBehavior::beforeExec]  [40930] t9n:["app","Updating search indexes"] (attempt: 1, pid: 1734) - Started {"memory":3827248} 
2026-05-27 16:31:16 [queue.INFO] [craft\queue\QueueLogBehavior::afterExec]  [40930] t9n:["app","Updating search indexes"] (attempt: 1, pid: 1734) - Done (time: 0.007s) {"memory":4326728} 
2026-05-27 16:31:16 [queue.INFO] [craft\queue\QueueLogBehavior::beforeExec]  [40931] t9n:["app","Updating search indexes"] (attempt: 1, pid: 1734) - Started {"memory":4334712} 
2026-05-27 16:31:16 [queue.INFO] [craft\queue\QueueLogBehavior::afterExec]  [40931] t9n:["app","Updating search indexes"] (attempt: 1, pid: 1734) - Done (time: 0.003s) {"memory":4598176} 
2026-05-27 16:31:16 [queue.INFO] [craft\queue\QueueLogBehavior::beforeExec]  [40932] t9n:["app","Pruning extra revisions"] (attempt: 1, pid: 1734) - Started {"memory":4614352} 
2026-05-27 16:31:16 [queue.INFO] [craft\queue\QueueLogBehavior::afterExec]  [40932] t9n:["app","Pruning extra revisions"] (attempt: 1, pid: 1734) - Done (time: 0.001s) {"memory":4707000} 
2026-05-27 16:31:16 [queue.INFO] [craft\queue\QueueLogBehavior::beforeExec]  [40933] t9n:["app","Pruning extra revisions"] (attempt: 1, pid: 1734) - Started {"memory":4714984} 
2026-05-27 16:31:16 [queue.INFO] [craft\queue\QueueLogBehavior::afterExec]  [40933] t9n:["app","Pruning extra revisions"] (attempt: 1, pid: 1734) - Done (time: 0.001s) {"memory":4807600} 
2026-05-27 16:31:16 [queue.INFO] [application] Request context:
$_GET = [
    'p' => 'dW2axQ3b/actions/queue/run'
    'v' => '1779892276289'
]

$_POST = []

$_FILES = []

$_COOKIE = [
    'a8b7b1ec9ffb8baf2c6eaa253fe57112_username' => '26b9ec8568da68d3882e55afaa5d203483c6c5810ee05b5a55c8a0eb10cab93ea:2:{i:0;s:41:\"a8b7b1ec9ffb8baf2c6eaa253fe57112_username\";i:1;s:8:\"odegiuli\";}'
    'CraftSessionId' => 'biudticgnvahpvc8nukk8ac1vc'
    'CRAFT_CSRF_TOKEN' => '••••••••••••••••••••••••••••••••••••••••••••••••••••••••••••••••••••••••••••••••••••••••••••••••••••••••••••••••••••••••••••••••••••••••••••••••••••••••••••••••••••••••••••••••••••••••••••••••••••••••••••••••••••••••••••••••••••••••••••••••••••••••••••••••••'
    'a8b7b1ec9ffb8baf2c6eaa253fe57112_identity' => 'c05e269f9a86048999710c6067062a4ab8b9b72b60032bdd4aede461abe99f6aa:2:{i:0;s:41:\"a8b7b1ec9ffb8baf2c6eaa253fe57112_identity\";i:1;s:159:\"[1,\"[\\\"y9F6YHmR9qC8Xsvv_urYFspDlXSsXsFbHDHDiokNRXLEUFEEKTo2W7iJ97zgt_AgvxoJgpgTjLnE5pS-azRIHVI1lD_VNxCU5lGK\\\",null,\\\"fd3cbf9ed3a1f5fe86c1a53cec2d55ae\\\"]\",3600]\";}'
    'Craft-3626ffc1-d0a3-42e3-98aa-37e8aa759561_sidebar' => 'expanded'
    'Craft-3626ffc1-d0a3-42e3-98aa-37e8aa759561_sidebar-details' => 'expanded'
    'cookieconsent_status' => 'allow'
]

$_SESSION = [
    '22b6a59deafcfb2ffb13c3adf3d98a3b__flash' => []
    'a8b7b1ec9ffb8baf2c6eaa253fe57112__token' => '••••••••••••••••••••••••••••••••••••••••••••••••••••••••••••••••••••••••••••••••••••••••••••••••••••'
    'a8b7b1ec9ffb8baf2c6eaa253fe57112__id' => 1
    '__authKey' => '••••••••••••••••••••••••••••••••••••••••••••••••••••••••••••••••••••••••••••••••••••••••••••••••••••••••••••••••••••••••••••••••••••••••••••••••'
    'a8b7b1ec9ffb8baf2c6eaa253fe57112__expire' => 1779895876
    '__duration' => 3600
    '__elevated_timeout' => 1779891115
    '22b6a59deafcfb2ffb13c3adf3d98a3b__auth_access' => [
        0 => 'previewElement:7186'
        1 => 'saveAssets:856a3aeb-b21b-4d41-af3f-0a23db430323'
        2 => 'previewDraft:1050'
        3 => 'previewDraft:1052'
        4 => 'previewDraft:1054'
        5 => 'previewDraft:1056'
        6 => 'previewDraft:1058'
        7 => 'previewDraft:1060'
        8 => 'previewDraft:1062'
        9 => 'previewDraft:1064'
        10 => 'previewDraft:1066'
        11 => 'previewDraft:1068'
        12 => 'previewDraft:1070'
        13 => 'previewDraft:1072'
        14 => 'previewDraft:1074'
    ]
]

$_SERVER = [
    'DEPLOY_NAME' => 'local'
    'DDEV_WEBSERVER_TYPE' => 'nginx-fpm'
    'npm_config_cache' => '/mnt/ddev-global-cache/npm'
    'COREPACK_ENABLE_DOWNLOAD_PROMPT' => '0'
    'DDEV_GOOS' => 'darwin'
    'IS_DDEV_PROJECT' => 'true'
    'PHP_DEFAULT_VERSION' => '8.3'
    'HOSTNAME' => 'derschmuckmacher-v3-web'
    'MAILPIT_SMTP_PORT' => '1025'
    'MH_SMTP_BIND_ADDR' => '127.0.0.1:1025'
    'DDEV_PRIMARY_URL_WITHOUT_PORT' => 'https://derschmuckmacher-v3.ddev.site'
    'CRAFT_DB_PORT' => '3306'
    'SSH_AUTH_SOCK' => '/home/.ssh-agent/socket'
    'DDEV_GID' => '20'
    'NODE_EXTRA_CA_CERTS' => '/mnt/ddev-global-cache/mkcert/rootCA.pem'
    'DOCKER_IP' => '127.0.0.1'
    'PGPASSWORD' => 'db'
    'CRAFT_WEB_ROOT' => '/var/www/html/web'
    'DDEV_DOCROOT' => 'web'
    'PWD' => '/var/www/html'
    'PLATFORMSH_CLI_UPDATES_CHECK' => '0'
    'DDEV_APPROOT' => '/var/www/html'
    'DDEV_FILES_DIR' => ''
    'START_SCRIPT_TIMEOUT' => '57'
    'APACHE_SITE_TEMPLATE' => '/etc/apache2/apache-site.conf'
    'PHP_INI' => '/etc/php/8.3/fpm/php.ini'
    'DDEV_VERSION' => 'v1.24.10'
    'PRIMARY_SITE_URL' => 'https://derschmuckmacher-v3.ddev.site'
    'TZ' => 'Europe/Zurich'
    'DDEV_XHPROF_MODE' => 'prepend'
    'HTTPS_EXPOSE' => '443:80,8026:8025'
    'COREPACK_HOME' => '/mnt/ddev-global-cache/corepack'
    'CRAFT_DB_DATABASE' => 'db'
    'DDEV_PRIMARY_URL' => 'https://derschmuckmacher-v3.ddev.site'
    'LINES' => '6'
    'DDEV_SITENAME' => 'derschmuckmacher-v3'
    'HOME' => '/home/omar'
    'DRUSH_OPTIONS_URI' => 'https://derschmuckmacher-v3.ddev.site'
    'LANG' => 'C.UTF-8'
    'COLUMNS' => '371'
    'DDEV_MUTAGEN_ENABLED' => 'true'
    'DDEV_USER' => 'omar'
    'PGUSER' => 'db'
    'TERMINUS_CACHE_DIR' => '/mnt/ddev-global-cache/terminus/cache'
    'DDEV_PRIMARY_URL_PORT' => '443'
    'DDEV_ROUTER_HTTP_PORT' => '80'
    'MAILPIT_SMTP_HOSTNAME' => '127.0.0.1'
    'CRAFT_DB_DRIVER' => 'mysql'
    'COMPOSER_PROCESS_TIMEOUT' => '2000'
    'NGINX_SITE_TEMPLATE' => '/etc/nginx/nginx-site.conf'
    'DDEV_FILES_DIRS' => ''
    'CRAFT_DB_SERVER' => 'db'
    'HTTP_EXPOSE' => '80:80,8025:8025'
    'NVM_DIR' => '/home/omar/.nvm'
    'DDEV_PHP_VERSION' => '8.3'
    'DDEV_TLD' => 'ddev.site'
    'DDEV_HOSTNAME' => 'derschmuckmacher-v3.ddev.site'
    'DDEV_PROJECT' => 'derschmuckmacher-v3'
    'DDEV_GOARCH' => 'arm64'
    'VIRTUAL_HOST' => 'derschmuckmacher-v3.ddev.site'
    'TERM' => 'xterm'
    'USER' => 'omar'
    'MYSQL_HISTFILE' => '/mnt/ddev-global-cache/mysqlhistory/derschmuckmacher-v3-web/mysql_history'
    'DDEV_WEB_ENTRYPOINT' => '/mnt/ddev_config/web-entrypoint.d'
    'DDEV_UID' => '501'
    'CAROOT' => '/mnt/ddev-global-cache/mkcert'
    'SHLVL' => '1'
    'COMPOSER_ALLOW_SUPERUSER' => '1'
    'BASH_ENV' => '/etc/bash.nointeractive.bashrc'
    'DDEV_DATABASE' => 'mysql:8.0'
    'PGDATABASE' => 'db'
    'CRAFT_DB_USER' => 'db'
    'DDEV_SCHEME' => 'https'
    'XHPROF_OUTPUT_DIR' => '/tmp/xhprof'
    'COMPOSER_CACHE_DIR' => '/mnt/ddev-global-cache/composer'
    'DDEV_XDEBUG_ENABLED' => 'false'
    'DDEV_DATABASE_FAMILY' => 'mysql'
    'PGHOST' => 'db'
    'DDEV_COMPOSER_ROOT' => '/var/www/html'
    'CRAFT_DB_PASSWORD' => '••'
    'DOCROOT' => 'web'
    'TERMINUS_HIDE_UPDATE_MESSAGE' => '1'
    'PATH' => '/home/omar/bin:/var/www/html/vendor/bin:/usr/local/sbin:/usr/local/bin:/usr/sbin:/usr/bin:/sbin:/bin:/var/www/html/bin:/mnt/ddev-global-cache/global-commands/web'
    'HOST_DOCKER_INTERNAL_IP' => ''
    'DDEV_PROJECT_TYPE' => 'craftcms'
    'DEBIAN_FRONTEND' => 'noninteractive'
    'DDEV_ROUTER_HTTPS_PORT' => '443'
    'EXECIGNORE' => '/var/www/html/vendor/bin/composer'
    'SUPERVISOR_ENABLED' => '1'
    'SUPERVISOR_SERVER_URL' => 'unix:///var/run/supervisor.sock'
    'SUPERVISOR_PROCESS_NAME' => 'php-fpm'
    'SUPERVISOR_GROUP_NAME' => 'php-fpm'
    'HTTP_X_REQUESTED_WITH' => 'XMLHttpRequest'
    'HTTP_X_REGISTERED_JS_FILES' => '6276b818'
    'HTTP_X_REGISTERED_ASSET_BUNDLES' => '815d39ea,92d8701,22e517a2,aee7f8dc,26c46c25,e505ffd6,6b4d7555,bb2f10a0,e5e48399,fc0bc163,1ccab40d,1e21896b,54698ee0,b842675b,1c3c9add,4b1fd285,d8d08e47,8f00ce04,8768f48b,cf3018d6,ec6d0256,e7c1329,7b7669ac,75f47f25'
    'HTTP_X_REAL_IP' => '172.18.0.1'
    'HTTP_X_FORWARDED_SERVER' => 'e6a50fd17528'
    'HTTP_X_FORWARDED_PROTO' => 'https'
    'HTTP_X_FORWARDED_PORT' => '443'
    'HTTP_X_FORWARDED_HOST' => 'derschmuckmacher-v3.ddev.site'
    'HTTP_X_FORWARDED_FOR' => '172.18.0.1'
    'HTTP_X_CSRF_TOKEN' => '••••••••••••••••••••••••••••••••••••••••••••••••••••••••••••••••••••••••••••••••••••••••••••••••••••••••••••••••••••••••••••••••••••••••••••••••••••••••••••••••••••••••••••••••••••••••••••••••••••••••••••••••••••••••••••••••••••••••••••••••••••••••••••••••••••••••••••••••••••••••••••••••••••••••••••••••••••••••••••••••••••••••••••••••••••••••••••••••••••••••••••••••••••••••••••••••••••••••'
    'HTTP_TE' => 'trailers'
    'HTTP_SEC_GPC' => '1'
    'HTTP_SEC_FETCH_SITE' => 'same-origin'
    'HTTP_SEC_FETCH_MODE' => 'cors'
    'HTTP_SEC_FETCH_DEST' => 'empty'
    'HTTP_REFERER' => 'https://derschmuckmacher-v3.ddev.site/dW2axQ3b/content/entries/singles/7186-impressum?returnUrl=https%3A//derschmuckmacher-v3.ddev.site/dW2axQ3b/content/entries/singles%3AQS%3Asource%3Dsingles'
    'HTTP_ORIGIN' => 'https://derschmuckmacher-v3.ddev.site'
    'HTTP_COOKIE' => 'a8b7b1ec9ffb8baf2c6eaa253fe57112_username=26b9ec8568da68d3882e55afaa5d203483c6c5810ee05b5a55c8a0eb10cab93ea%3A2%3A%7Bi%3A0%3Bs%3A41%3A%22a8b7b1ec9ffb8baf2c6eaa253fe57112_username%22%3Bi%3A1%3Bs%3A8%3A%22odegiuli%22%3B%7D; CraftSessionId=biudticgnvahpvc8nukk8ac1vc; CRAFT_CSRF_TOKEN=f24bdf1e9b1a034ee7b31fc7240bdef700af95a681404c14421efa33013a169ca%3A2%3A%7Bi%3A0%3Bs%3A16%3A%22CRAFT_CSRF_TOKEN%22%3Bi%3A1%3Bs%3A147%3A%22o35JaTMOK5SlzzOXxon1Bn7gy1-9PEHqnAYwYjz9%7C89e454564122d06c6a70a599ac0d3b19a34e4201342f82ce4b9247f607434cc9o35JaTMOK5SlzzOXxon1Bn7gy1-9PEHqnAYwYjz9%7C1%22%3B%7D; a8b7b1ec9ffb8baf2c6eaa253fe57112_identity=c05e269f9a86048999710c6067062a4ab8b9b72b60032bdd4aede461abe99f6aa%3A2%3A%7Bi%3A0%3Bs%3A41%3A%22a8b7b1ec9ffb8baf2c6eaa253fe57112_identity%22%3Bi%3A1%3Bs%3A159%3A%22%5B1%2C%22%5B%5C%22y9F6YHmR9qC8Xsvv_urYFspDlXSsXsFbHDHDiokNRXLEUFEEKTo2W7iJ97zgt_AgvxoJgpgTjLnE5pS-azRIHVI1lD_VNxCU5lGK%5C%22%2Cnull%2C%5C%22fd3cbf9ed3a1f5fe86c1a53cec2d55ae%5C%22%5D%22%2C3600%5D%22%3B%7D; Craft-3626ffc1-d0a3-42e3-98aa-37e8aa759561_sidebar=expanded; Craft-3626ffc1-d0a3-42e3-98aa-37e8aa759561_sidebar-details=expanded; cookieconsent_status=allow'
    'HTTP_ACCEPT_LANGUAGE' => 'de,en-US;q=0.9,en;q=0.8'
    'HTTP_ACCEPT_ENCODING' => 'gzip, deflate, br, zstd'
    'HTTP_ACCEPT' => 'application/json, text/plain, */*'
    'HTTP_CONTENT_LENGTH' => '0'
    'HTTP_USER_AGENT' => 'Mozilla/5.0 (Macintosh; Intel Mac OS X 10.15; rv:151.0) Gecko/20100101 Firefox/151.0'
    'HTTP_HOST' => 'derschmuckmacher-v3.ddev.site'
    'HTTPS' => 'on'
    'REDIRECT_STATUS' => '200'
    'SERVER_NAME' => 'derschmuckmacher-v3.ddev.site'
    'SERVER_PORT' => '80'
    'SERVER_ADDR' => '172.18.0.4'
    'REMOTE_PORT' => '44470'
    'REMOTE_ADDR' => '172.18.0.5'
    'SERVER_SOFTWARE' => 'nginx/1.28.0'
    'GATEWAY_INTERFACE' => 'CGI/1.1'
    'REQUEST_SCHEME' => 'http'
    'SERVER_PROTOCOL' => 'HTTP/1.1'
    'DOCUMENT_ROOT' => '/var/www/html/web'
    'DOCUMENT_URI' => '/index.php'
    'REQUEST_URI' => '/index.php?p=dW2axQ3b%2Factions%2Fqueue%2Frun&v=1779892276289'
    'CONTENT_LENGTH' => '0'
    'CONTENT_TYPE' => ''
    'REQUEST_METHOD' => 'POST'
    'QUERY_STRING' => 'p=dW2axQ3b%2Factions%2Fqueue%2Frun&v=1779892276289'
    'SCRIPT_NAME' => '/index.php'
    'SCRIPT_FILENAME' => '/var/www/html/web/index.php'
    'FCGI_ROLE' => 'RESPONDER'
    'PHP_SELF' => '/index.php'
    'REQUEST_TIME_FLOAT' => 1779892276.2987
    'REQUEST_TIME' => 1779892276
    'CRAFT_APP_ID' => 'CraftCMS--3933bc78-29f5-4b79-bcc5-c31faf0fcd20'
    'CRAFT_ENVIRONMENT' => 'dev'
    'ENVIRONMENT' => 'dev'
    'CRAFT_SECURITY_KEY' => '••••••••••••••••••••••••••••••••'
    'CP_TRIGGER' => 'dW2axQ3b'
    'CRAFT_DB_SCHEMA' => 'public'
    'CRAFT_DB_TABLE_PREFIX' => ''
    'CRAFT_DB_CHARSET' => 'utf8mb4'
    'CRAFT_DB_COLLATION' => 'utf8mb4_unicode_ci'
    'DEV_MODE' => 'true'
    'ALLOW_ADMIN_CHANGES' => 'true'
    'DISALLOW_ROBOTS' => 'true'
    'TIMEZONE' => 'Europe/Zurich'
    'CAPTCHA_SITE_KEY' => '••••••••••••••••••••••••••••••••••••••••'
    'CAPTCHA_SECRET_KEY' => '••••••••••••••••••••••••••••••••••••••••'
    'WEB_URL' => 'https://derschmuckmacher-v3.ddev.site'
    'WEB_ROOT' => '/var/www/html/web'
    'ASSETS_BASE_URL' => 'https://derschmuckmacher-v3.ddev.site/public'
    'ASSETS_BASE_PATH' => '/var/www/html/web/public'
    'SCHMUCK_BASE_URL' => 'https://derschmuckmacher-v3.ddev.site/public/uploads/schmuck'
    'SCHMUCK_BASE_PATH' => '/var/www/html/web/public/uploads/schmuck'
    'BILDER_BASE_URL' => 'https://derschmuckmacher-v3.ddev.site/public/uploads/bilder'
    'BILDER_BASE_PATH' => '/var/www/html/web/public/uploads/bilder'
] {"environment":"dev","userId":1} 
2026-05-27 16:31:57 [queue.INFO] [yii\db\Connection::open] Opening DB connection: mysql:host=db;dbname=db;port=3306 {"memory":1101824} 
2026-05-27 16:31:57 [queue.INFO] [yii\web\Session::open] Session started {"memory":1531264} 
2026-05-27 16:31:57 [queue.INFO] [nystudio107\codeeditor\CodeEditor::bootstrap] CodeEditor module bootstrapped {"memory":1553360} 
2026-05-27 16:31:57 [queue.INFO] [adigital\cookieconsentbanner\CookieConsentBanner::init] Cookie Consent Banner plugin loaded {"memory":1770760} 
2026-05-27 16:31:57 [queue.INFO] [miranj\obfuscator\Obfuscator::init] Obfuscator plugin loaded {"memory":2731616} 
2026-05-27 16:31:57 [queue.INFO] [yii\db\Connection::open] Opening DB connection: mysql:host=db;dbname=db;port=3306 {"memory":2999960} 
2026-05-27 16:31:57 [queue.INFO] [craft\queue\QueueLogBehavior::beforeExec]  [40934] t9n:["app","Pruning extra revisions"] (attempt: 1, pid: 1735) - Started {"memory":3058744} 
2026-05-27 16:31:57 [queue.INFO] [craft\queue\QueueLogBehavior::afterExec]  [40934] t9n:["app","Pruning extra revisions"] (attempt: 1, pid: 1735) - Done (time: 0.008s) {"memory":3637368} 
2026-05-27 16:31:57 [queue.INFO] [application] Request context:
$_GET = [
    'p' => 'dW2axQ3b/actions/queue/run'
    'v' => '1779892317413'
]

$_POST = []

$_FILES = []

$_COOKIE = [
    'a8b7b1ec9ffb8baf2c6eaa253fe57112_username' => '26b9ec8568da68d3882e55afaa5d203483c6c5810ee05b5a55c8a0eb10cab93ea:2:{i:0;s:41:\"a8b7b1ec9ffb8baf2c6eaa253fe57112_username\";i:1;s:8:\"odegiuli\";}'
    'CraftSessionId' => 'biudticgnvahpvc8nukk8ac1vc'
    'CRAFT_CSRF_TOKEN' => '••••••••••••••••••••••••••••••••••••••••••••••••••••••••••••••••••••••••••••••••••••••••••••••••••••••••••••••••••••••••••••••••••••••••••••••••••••••••••••••••••••••••••••••••••••••••••••••••••••••••••••••••••••••••••••••••••••••••••••••••••••••••••••••••••'
    'a8b7b1ec9ffb8baf2c6eaa253fe57112_identity' => 'c05e269f9a86048999710c6067062a4ab8b9b72b60032bdd4aede461abe99f6aa:2:{i:0;s:41:\"a8b7b1ec9ffb8baf2c6eaa253fe57112_identity\";i:1;s:159:\"[1,\"[\\\"y9F6YHmR9qC8Xsvv_urYFspDlXSsXsFbHDHDiokNRXLEUFEEKTo2W7iJ97zgt_AgvxoJgpgTjLnE5pS-azRIHVI1lD_VNxCU5lGK\\\",null,\\\"fd3cbf9ed3a1f5fe86c1a53cec2d55ae\\\"]\",3600]\";}'
    'Craft-3626ffc1-d0a3-42e3-98aa-37e8aa759561_sidebar' => 'expanded'
    'Craft-3626ffc1-d0a3-42e3-98aa-37e8aa759561_sidebar-details' => 'expanded'
    'cookieconsent_status' => 'allow'
]

$_SESSION = [
    '22b6a59deafcfb2ffb13c3adf3d98a3b__flash' => []
    'a8b7b1ec9ffb8baf2c6eaa253fe57112__token' => '••••••••••••••••••••••••••••••••••••••••••••••••••••••••••••••••••••••••••••••••••••••••••••••••••••'
    'a8b7b1ec9ffb8baf2c6eaa253fe57112__id' => 1
    '__authKey' => '••••••••••••••••••••••••••••••••••••••••••••••••••••••••••••••••••••••••••••••••••••••••••••••••••••••••••••••••••••••••••••••••••••••••••••••••'
    'a8b7b1ec9ffb8baf2c6eaa253fe57112__expire' => 1779895917
    '__duration' => 3600
    '__elevated_timeout' => 1779891115
    '22b6a59deafcfb2ffb13c3adf3d98a3b__auth_access' => [
        0 => 'previewElement:7186'
        1 => 'saveAssets:856a3aeb-b21b-4d41-af3f-0a23db430323'
        2 => 'previewDraft:1050'
        3 => 'previewDraft:1052'
        4 => 'previewDraft:1054'
        5 => 'previewDraft:1056'
        6 => 'previewDraft:1058'
        7 => 'previewDraft:1060'
        8 => 'previewDraft:1062'
        9 => 'previewDraft:1064'
        10 => 'previewDraft:1066'
        11 => 'previewDraft:1068'
        12 => 'previewDraft:1070'
        13 => 'previewDraft:1072'
        14 => 'previewDraft:1074'
    ]
]

$_SERVER = [
    'DEPLOY_NAME' => 'local'
    'DDEV_WEBSERVER_TYPE' => 'nginx-fpm'
    'npm_config_cache' => '/mnt/ddev-global-cache/npm'
    'COREPACK_ENABLE_DOWNLOAD_PROMPT' => '0'
    'DDEV_GOOS' => 'darwin'
    'IS_DDEV_PROJECT' => 'true'
    'PHP_DEFAULT_VERSION' => '8.3'
    'HOSTNAME' => 'derschmuckmacher-v3-web'
    'MAILPIT_SMTP_PORT' => '1025'
    'MH_SMTP_BIND_ADDR' => '127.0.0.1:1025'
    'DDEV_PRIMARY_URL_WITHOUT_PORT' => 'https://derschmuckmacher-v3.ddev.site'
    'CRAFT_DB_PORT' => '3306'
    'SSH_AUTH_SOCK' => '/home/.ssh-agent/socket'
    'DDEV_GID' => '20'
    'NODE_EXTRA_CA_CERTS' => '/mnt/ddev-global-cache/mkcert/rootCA.pem'
    'DOCKER_IP' => '127.0.0.1'
    'PGPASSWORD' => 'db'
    'CRAFT_WEB_ROOT' => '/var/www/html/web'
    'DDEV_DOCROOT' => 'web'
    'PWD' => '/var/www/html'
    'PLATFORMSH_CLI_UPDATES_CHECK' => '0'
    'DDEV_APPROOT' => '/var/www/html'
    'DDEV_FILES_DIR' => ''
    'START_SCRIPT_TIMEOUT' => '57'
    'APACHE_SITE_TEMPLATE' => '/etc/apache2/apache-site.conf'
    'PHP_INI' => '/etc/php/8.3/fpm/php.ini'
    'DDEV_VERSION' => 'v1.24.10'
    'PRIMARY_SITE_URL' => 'https://derschmuckmacher-v3.ddev.site'
    'TZ' => 'Europe/Zurich'
    'DDEV_XHPROF_MODE' => 'prepend'
    'HTTPS_EXPOSE' => '443:80,8026:8025'
    'COREPACK_HOME' => '/mnt/ddev-global-cache/corepack'
    'CRAFT_DB_DATABASE' => 'db'
    'DDEV_PRIMARY_URL' => 'https://derschmuckmacher-v3.ddev.site'
    'LINES' => '6'
    'DDEV_SITENAME' => 'derschmuckmacher-v3'
    'HOME' => '/home/omar'
    'DRUSH_OPTIONS_URI' => 'https://derschmuckmacher-v3.ddev.site'
    'LANG' => 'C.UTF-8'
    'COLUMNS' => '371'
    'DDEV_MUTAGEN_ENABLED' => 'true'
    'DDEV_USER' => 'omar'
    'PGUSER' => 'db'
    'TERMINUS_CACHE_DIR' => '/mnt/ddev-global-cache/terminus/cache'
    'DDEV_PRIMARY_URL_PORT' => '443'
    'DDEV_ROUTER_HTTP_PORT' => '80'
    'MAILPIT_SMTP_HOSTNAME' => '127.0.0.1'
    'CRAFT_DB_DRIVER' => 'mysql'
    'COMPOSER_PROCESS_TIMEOUT' => '2000'
    'NGINX_SITE_TEMPLATE' => '/etc/nginx/nginx-site.conf'
    'DDEV_FILES_DIRS' => ''
    'CRAFT_DB_SERVER' => 'db'
    'HTTP_EXPOSE' => '80:80,8025:8025'
    'NVM_DIR' => '/home/omar/.nvm'
    'DDEV_PHP_VERSION' => '8.3'
    'DDEV_TLD' => 'ddev.site'
    'DDEV_HOSTNAME' => 'derschmuckmacher-v3.ddev.site'
    'DDEV_PROJECT' => 'derschmuckmacher-v3'
    'DDEV_GOARCH' => 'arm64'
    'VIRTUAL_HOST' => 'derschmuckmacher-v3.ddev.site'
    'TERM' => 'xterm'
    'USER' => 'omar'
    'MYSQL_HISTFILE' => '/mnt/ddev-global-cache/mysqlhistory/derschmuckmacher-v3-web/mysql_history'
    'DDEV_WEB_ENTRYPOINT' => '/mnt/ddev_config/web-entrypoint.d'
    'DDEV_UID' => '501'
    'CAROOT' => '/mnt/ddev-global-cache/mkcert'
    'SHLVL' => '1'
    'COMPOSER_ALLOW_SUPERUSER' => '1'
    'BASH_ENV' => '/etc/bash.nointeractive.bashrc'
    'DDEV_DATABASE' => 'mysql:8.0'
    'PGDATABASE' => 'db'
    'CRAFT_DB_USER' => 'db'
    'DDEV_SCHEME' => 'https'
    'XHPROF_OUTPUT_DIR' => '/tmp/xhprof'
    'COMPOSER_CACHE_DIR' => '/mnt/ddev-global-cache/composer'
    'DDEV_XDEBUG_ENABLED' => 'false'
    'DDEV_DATABASE_FAMILY' => 'mysql'
    'PGHOST' => 'db'
    'DDEV_COMPOSER_ROOT' => '/var/www/html'
    'CRAFT_DB_PASSWORD' => '••'
    'DOCROOT' => 'web'
    'TERMINUS_HIDE_UPDATE_MESSAGE' => '1'
    'PATH' => '/home/omar/bin:/var/www/html/vendor/bin:/usr/local/sbin:/usr/local/bin:/usr/sbin:/usr/bin:/sbin:/bin:/var/www/html/bin:/mnt/ddev-global-cache/global-commands/web'
    'HOST_DOCKER_INTERNAL_IP' => ''
    'DDEV_PROJECT_TYPE' => 'craftcms'
    'DEBIAN_FRONTEND' => 'noninteractive'
    'DDEV_ROUTER_HTTPS_PORT' => '443'
    'EXECIGNORE' => '/var/www/html/vendor/bin/composer'
    'SUPERVISOR_ENABLED' => '1'
    'SUPERVISOR_SERVER_URL' => 'unix:///var/run/supervisor.sock'
    'SUPERVISOR_PROCESS_NAME' => 'php-fpm'
    'SUPERVISOR_GROUP_NAME' => 'php-fpm'
    'HTTP_X_REQUESTED_WITH' => 'XMLHttpRequest'
    'HTTP_X_REGISTERED_JS_FILES' => ''
    'HTTP_X_REGISTERED_ASSET_BUNDLES' => '22e517a2,aee7f8dc,26c46c25,e505ffd6,6b4d7555,bb2f10a0,e5e48399,815d39ea,fc0bc163,1ccab40d,1e21896b,54698ee0,b842675b,1c3c9add,4b1fd285,d8d08e47,8f00ce04,8768f48b,cf3018d6,ec6d0256'
    'HTTP_X_REAL_IP' => '172.18.0.1'
    'HTTP_X_FORWARDED_SERVER' => 'e6a50fd17528'
    'HTTP_X_FORWARDED_PROTO' => 'https'
    'HTTP_X_FORWARDED_PORT' => '443'
    'HTTP_X_FORWARDED_HOST' => 'derschmuckmacher-v3.ddev.site'
    'HTTP_X_FORWARDED_FOR' => '172.18.0.1'
    'HTTP_X_CSRF_TOKEN' => '••••••••••••••••••••••••••••••••••••••••••••••••••••••••••••••••••••••••••••••••••••••••••••••••••••••••••••••••••••••••••••••••••••••••••••••••••••••••••••••••••••••••••••••••••••••••••••••••••••••••••••••••••••••••••••••••••••••••••••••••••••••••••••••••••••••••••••••••••••••••••••••••••••••••••••••••••••••••••••••••••••••••••••••••••••••••••••••••••••••••••••••••••••••••••••••••••••••••'
    'HTTP_TE' => 'trailers'
    'HTTP_SEC_GPC' => '1'
    'HTTP_SEC_FETCH_SITE' => 'same-origin'
    'HTTP_SEC_FETCH_MODE' => 'cors'
    'HTTP_SEC_FETCH_DEST' => 'empty'
    'HTTP_REFERER' => 'https://derschmuckmacher-v3.ddev.site/dW2axQ3b/content/entries/singles?source=singles'
    'HTTP_ORIGIN' => 'https://derschmuckmacher-v3.ddev.site'
    'HTTP_COOKIE' => 'a8b7b1ec9ffb8baf2c6eaa253fe57112_username=26b9ec8568da68d3882e55afaa5d203483c6c5810ee05b5a55c8a0eb10cab93ea%3A2%3A%7Bi%3A0%3Bs%3A41%3A%22a8b7b1ec9ffb8baf2c6eaa253fe57112_username%22%3Bi%3A1%3Bs%3A8%3A%22odegiuli%22%3B%7D; CraftSessionId=biudticgnvahpvc8nukk8ac1vc; CRAFT_CSRF_TOKEN=f24bdf1e9b1a034ee7b31fc7240bdef700af95a681404c14421efa33013a169ca%3A2%3A%7Bi%3A0%3Bs%3A16%3A%22CRAFT_CSRF_TOKEN%22%3Bi%3A1%3Bs%3A147%3A%22o35JaTMOK5SlzzOXxon1Bn7gy1-9PEHqnAYwYjz9%7C89e454564122d06c6a70a599ac0d3b19a34e4201342f82ce4b9247f607434cc9o35JaTMOK5SlzzOXxon1Bn7gy1-9PEHqnAYwYjz9%7C1%22%3B%7D; a8b7b1ec9ffb8baf2c6eaa253fe57112_identity=c05e269f9a86048999710c6067062a4ab8b9b72b60032bdd4aede461abe99f6aa%3A2%3A%7Bi%3A0%3Bs%3A41%3A%22a8b7b1ec9ffb8baf2c6eaa253fe57112_identity%22%3Bi%3A1%3Bs%3A159%3A%22%5B1%2C%22%5B%5C%22y9F6YHmR9qC8Xsvv_urYFspDlXSsXsFbHDHDiokNRXLEUFEEKTo2W7iJ97zgt_AgvxoJgpgTjLnE5pS-azRIHVI1lD_VNxCU5lGK%5C%22%2Cnull%2C%5C%22fd3cbf9ed3a1f5fe86c1a53cec2d55ae%5C%22%5D%22%2C3600%5D%22%3B%7D; Craft-3626ffc1-d0a3-42e3-98aa-37e8aa759561_sidebar=expanded; Craft-3626ffc1-d0a3-42e3-98aa-37e8aa759561_sidebar-details=expanded; cookieconsent_status=allow'
    'HTTP_ACCEPT_LANGUAGE' => 'de,en-US;q=0.9,en;q=0.8'
    'HTTP_ACCEPT_ENCODING' => 'gzip, deflate, br, zstd'
    'HTTP_ACCEPT' => 'application/json, text/plain, */*'
    'HTTP_CONTENT_LENGTH' => '0'
    'HTTP_USER_AGENT' => 'Mozilla/5.0 (Macintosh; Intel Mac OS X 10.15; rv:151.0) Gecko/20100101 Firefox/151.0'
    'HTTP_HOST' => 'derschmuckmacher-v3.ddev.site'
    'HTTPS' => 'on'
    'REDIRECT_STATUS' => '200'
    'SERVER_NAME' => 'derschmuckmacher-v3.ddev.site'
    'SERVER_PORT' => '80'
    'SERVER_ADDR' => '172.18.0.4'
    'REMOTE_PORT' => '49392'
    'REMOTE_ADDR' => '172.18.0.5'
    'SERVER_SOFTWARE' => 'nginx/1.28.0'
    'GATEWAY_INTERFACE' => 'CGI/1.1'
    'REQUEST_SCHEME' => 'http'
    'SERVER_PROTOCOL' => 'HTTP/1.1'
    'DOCUMENT_ROOT' => '/var/www/html/web'
    'DOCUMENT_URI' => '/index.php'
    'REQUEST_URI' => '/index.php?p=dW2axQ3b%2Factions%2Fqueue%2Frun&v=1779892317413'
    'CONTENT_LENGTH' => '0'
    'CONTENT_TYPE' => ''
    'REQUEST_METHOD' => 'POST'
    'QUERY_STRING' => 'p=dW2axQ3b%2Factions%2Fqueue%2Frun&v=1779892317413'
    'SCRIPT_NAME' => '/index.php'
    'SCRIPT_FILENAME' => '/var/www/html/web/index.php'
    'FCGI_ROLE' => 'RESPONDER'
    'PHP_SELF' => '/index.php'
    'REQUEST_TIME_FLOAT' => 1779892317.4158
    'REQUEST_TIME' => 1779892317
    'CRAFT_APP_ID' => 'CraftCMS--3933bc78-29f5-4b79-bcc5-c31faf0fcd20'
    'CRAFT_ENVIRONMENT' => 'dev'
    'ENVIRONMENT' => 'dev'
    'CRAFT_SECURITY_KEY' => '••••••••••••••••••••••••••••••••'
    'CP_TRIGGER' => 'dW2axQ3b'
    'CRAFT_DB_SCHEMA' => 'public'
    'CRAFT_DB_TABLE_PREFIX' => ''
    'CRAFT_DB_CHARSET' => 'utf8mb4'
    'CRAFT_DB_COLLATION' => 'utf8mb4_unicode_ci'
    'DEV_MODE' => 'true'
    'ALLOW_ADMIN_CHANGES' => 'true'
    'DISALLOW_ROBOTS' => 'true'
    'TIMEZONE' => 'Europe/Zurich'
    'CAPTCHA_SITE_KEY' => '••••••••••••••••••••••••••••••••••••••••'
    'CAPTCHA_SECRET_KEY' => '••••••••••••••••••••••••••••••••••••••••'
    'WEB_URL' => 'https://derschmuckmacher-v3.ddev.site'
    'WEB_ROOT' => '/var/www/html/web'
    'ASSETS_BASE_URL' => 'https://derschmuckmacher-v3.ddev.site/public'
    'ASSETS_BASE_PATH' => '/var/www/html/web/public'
    'SCHMUCK_BASE_URL' => 'https://derschmuckmacher-v3.ddev.site/public/uploads/schmuck'
    'SCHMUCK_BASE_PATH' => '/var/www/html/web/public/uploads/schmuck'
    'BILDER_BASE_URL' => 'https://derschmuckmacher-v3.ddev.site/public/uploads/bilder'
    'BILDER_BASE_PATH' => '/var/www/html/web/public/uploads/bilder'
] {"environment":"dev","userId":1} 
2026-05-27 16:35:53 [queue.INFO] [yii\db\Connection::open] Opening DB connection: mysql:host=db;dbname=db;port=3306 {"memory":1102176} 
2026-05-27 16:35:53 [queue.INFO] [yii\web\Session::open] Session started {"memory":1528272} 
2026-05-27 16:35:53 [queue.INFO] [nystudio107\codeeditor\CodeEditor::bootstrap] CodeEditor module bootstrapped {"memory":1552608} 
2026-05-27 16:35:53 [queue.INFO] [adigital\cookieconsentbanner\CookieConsentBanner::init] Cookie Consent Banner plugin loaded {"memory":1770472} 
2026-05-27 16:35:53 [queue.INFO] [miranj\obfuscator\Obfuscator::init] Obfuscator plugin loaded {"memory":2731328} 
2026-05-27 16:35:53 [queue.INFO] [yii\db\Connection::open] Opening DB connection: mysql:host=db;dbname=db;port=3306 {"memory":2999672} 
2026-05-27 16:35:53 [queue.INFO] [craft\queue\QueueLogBehavior::beforeExec]  [40935] t9n:["app","Updating search indexes"] (attempt: 1, pid: 2476) - Started {"memory":3058456} 
2026-05-27 16:35:53 [queue.INFO] [craft\queue\QueueLogBehavior::afterExec]  [40935] t9n:["app","Updating search indexes"] (attempt: 1, pid: 2476) - Done (time: 0.009s) {"memory":3473592} 
2026-05-27 16:35:53 [queue.INFO] [craft\queue\QueueLogBehavior::beforeExec]  [40936] t9n:["app","Generating image transform for {file}",{"file":"Impressum.jpg"}] (attempt: 1, pid: 2476) - Started {"memory":3481352} 
2026-05-27 16:35:53 [queue.INFO] [craft\queue\QueueLogBehavior::afterExec]  [40936] t9n:["app","Generating image transform for {file}",{"file":"Impressum.jpg"}] (attempt: 1, pid: 2476) - Done (time: 0.053s) {"memory":3614672} 
2026-05-27 16:35:53 [queue.INFO] [craft\queue\QueueLogBehavior::beforeExec]  [40937] t9n:["app","Generating image transform for {file}",{"file":"Impressum.jpg"}] (attempt: 1, pid: 2476) - Started {"memory":3626704} 
2026-05-27 16:35:53 [queue.INFO] [craft\queue\QueueLogBehavior::afterExec]  [40937] t9n:["app","Generating image transform for {file}",{"file":"Impressum.jpg"}] (attempt: 1, pid: 2476) - Done (time: 0.018s) {"memory":3659560} 
2026-05-27 16:35:53 [queue.INFO] [application] Request context:
$_GET = [
    'p' => 'dW2axQ3b/actions/queue/run'
    'v' => '1779892553550'
]

$_POST = []

$_FILES = []

$_COOKIE = [
    'a8b7b1ec9ffb8baf2c6eaa253fe57112_username' => '26b9ec8568da68d3882e55afaa5d203483c6c5810ee05b5a55c8a0eb10cab93ea:2:{i:0;s:41:\"a8b7b1ec9ffb8baf2c6eaa253fe57112_username\";i:1;s:8:\"odegiuli\";}'
    'CraftSessionId' => 'biudticgnvahpvc8nukk8ac1vc'
    'CRAFT_CSRF_TOKEN' => '••••••••••••••••••••••••••••••••••••••••••••••••••••••••••••••••••••••••••••••••••••••••••••••••••••••••••••••••••••••••••••••••••••••••••••••••••••••••••••••••••••••••••••••••••••••••••••••••••••••••••••••••••••••••••••••••••••••••••••••••••••••••••••••••••'
    'a8b7b1ec9ffb8baf2c6eaa253fe57112_identity' => 'c05e269f9a86048999710c6067062a4ab8b9b72b60032bdd4aede461abe99f6aa:2:{i:0;s:41:\"a8b7b1ec9ffb8baf2c6eaa253fe57112_identity\";i:1;s:159:\"[1,\"[\\\"y9F6YHmR9qC8Xsvv_urYFspDlXSsXsFbHDHDiokNRXLEUFEEKTo2W7iJ97zgt_AgvxoJgpgTjLnE5pS-azRIHVI1lD_VNxCU5lGK\\\",null,\\\"fd3cbf9ed3a1f5fe86c1a53cec2d55ae\\\"]\",3600]\";}'
    'Craft-3626ffc1-d0a3-42e3-98aa-37e8aa759561_sidebar' => 'expanded'
    'Craft-3626ffc1-d0a3-42e3-98aa-37e8aa759561_sidebar-details' => 'expanded'
    'cookieconsent_status' => 'allow'
]

$_SESSION = [
    'a8b7b1ec9ffb8baf2c6eaa253fe57112__token' => '••••••••••••••••••••••••••••••••••••••••••••••••••••••••••••••••••••••••••••••••••••••••••••••••••••'
    'a8b7b1ec9ffb8baf2c6eaa253fe57112__id' => 1
    '__authKey' => '••••••••••••••••••••••••••••••••••••••••••••••••••••••••••••••••••••••••••••••••••••••••••••••••••••••••••••••••••••••••••••••••••••••••••••••••'
    'a8b7b1ec9ffb8baf2c6eaa253fe57112__expire' => 1779896153
    '__duration' => 3600
    '__elevated_timeout' => 1779891115
    '22b6a59deafcfb2ffb13c3adf3d98a3b__auth_access' => [
        0 => 'previewElement:7186'
        1 => 'saveAssets:856a3aeb-b21b-4d41-af3f-0a23db430323'
        2 => 'previewDraft:1050'
        3 => 'previewDraft:1052'
        4 => 'previewDraft:1054'
        5 => 'previewDraft:1056'
        6 => 'previewDraft:1058'
        7 => 'previewDraft:1060'
        8 => 'previewDraft:1062'
        9 => 'previewDraft:1064'
        10 => 'previewDraft:1066'
        11 => 'previewDraft:1068'
        12 => 'previewDraft:1070'
        13 => 'previewDraft:1072'
        14 => 'previewDraft:1074'
        15 => 'editStructure:1'
        16 => 'editStructure:2'
    ]
    '22b6a59deafcfb2ffb13c3adf3d98a3b__flash' => []
]

$_SERVER = [
    'DEPLOY_NAME' => 'local'
    'DDEV_WEBSERVER_TYPE' => 'nginx-fpm'
    'npm_config_cache' => '/mnt/ddev-global-cache/npm'
    'COREPACK_ENABLE_DOWNLOAD_PROMPT' => '0'
    'DDEV_GOOS' => 'darwin'
    'IS_DDEV_PROJECT' => 'true'
    'PHP_DEFAULT_VERSION' => '8.3'
    'HOSTNAME' => 'derschmuckmacher-v3-web'
    'MAILPIT_SMTP_PORT' => '1025'
    'MH_SMTP_BIND_ADDR' => '127.0.0.1:1025'
    'DDEV_PRIMARY_URL_WITHOUT_PORT' => 'https://derschmuckmacher-v3.ddev.site'
    'CRAFT_DB_PORT' => '3306'
    'SSH_AUTH_SOCK' => '/home/.ssh-agent/socket'
    'DDEV_GID' => '20'
    'NODE_EXTRA_CA_CERTS' => '/mnt/ddev-global-cache/mkcert/rootCA.pem'
    'DOCKER_IP' => '127.0.0.1'
    'PGPASSWORD' => 'db'
    'CRAFT_WEB_ROOT' => '/var/www/html/web'
    'DDEV_DOCROOT' => 'web'
    'PWD' => '/var/www/html'
    'PLATFORMSH_CLI_UPDATES_CHECK' => '0'
    'DDEV_APPROOT' => '/var/www/html'
    'DDEV_FILES_DIR' => ''
    'START_SCRIPT_TIMEOUT' => '57'
    'APACHE_SITE_TEMPLATE' => '/etc/apache2/apache-site.conf'
    'PHP_INI' => '/etc/php/8.3/fpm/php.ini'
    'DDEV_VERSION' => 'v1.24.10'
    'PRIMARY_SITE_URL' => 'https://derschmuckmacher-v3.ddev.site'
    'TZ' => 'Europe/Zurich'
    'DDEV_XHPROF_MODE' => 'prepend'
    'HTTPS_EXPOSE' => '443:80,8026:8025'
    'COREPACK_HOME' => '/mnt/ddev-global-cache/corepack'
    'CRAFT_DB_DATABASE' => 'db'
    'DDEV_PRIMARY_URL' => 'https://derschmuckmacher-v3.ddev.site'
    'LINES' => '6'
    'DDEV_SITENAME' => 'derschmuckmacher-v3'
    'HOME' => '/home/omar'
    'DRUSH_OPTIONS_URI' => 'https://derschmuckmacher-v3.ddev.site'
    'LANG' => 'C.UTF-8'
    'COLUMNS' => '371'
    'DDEV_MUTAGEN_ENABLED' => 'true'
    'DDEV_USER' => 'omar'
    'PGUSER' => 'db'
    'TERMINUS_CACHE_DIR' => '/mnt/ddev-global-cache/terminus/cache'
    'DDEV_PRIMARY_URL_PORT' => '443'
    'DDEV_ROUTER_HTTP_PORT' => '80'
    'MAILPIT_SMTP_HOSTNAME' => '127.0.0.1'
    'CRAFT_DB_DRIVER' => 'mysql'
    'COMPOSER_PROCESS_TIMEOUT' => '2000'
    'NGINX_SITE_TEMPLATE' => '/etc/nginx/nginx-site.conf'
    'DDEV_FILES_DIRS' => ''
    'CRAFT_DB_SERVER' => 'db'
    'HTTP_EXPOSE' => '80:80,8025:8025'
    'NVM_DIR' => '/home/omar/.nvm'
    'DDEV_PHP_VERSION' => '8.3'
    'DDEV_TLD' => 'ddev.site'
    'DDEV_HOSTNAME' => 'derschmuckmacher-v3.ddev.site'
    'DDEV_PROJECT' => 'derschmuckmacher-v3'
    'DDEV_GOARCH' => 'arm64'
    'VIRTUAL_HOST' => 'derschmuckmacher-v3.ddev.site'
    'TERM' => 'xterm'
    'USER' => 'omar'
    'MYSQL_HISTFILE' => '/mnt/ddev-global-cache/mysqlhistory/derschmuckmacher-v3-web/mysql_history'
    'DDEV_WEB_ENTRYPOINT' => '/mnt/ddev_config/web-entrypoint.d'
    'DDEV_UID' => '501'
    'CAROOT' => '/mnt/ddev-global-cache/mkcert'
    'SHLVL' => '1'
    'COMPOSER_ALLOW_SUPERUSER' => '1'
    'BASH_ENV' => '/etc/bash.nointeractive.bashrc'
    'DDEV_DATABASE' => 'mysql:8.0'
    'PGDATABASE' => 'db'
    'CRAFT_DB_USER' => 'db'
    'DDEV_SCHEME' => 'https'
    'XHPROF_OUTPUT_DIR' => '/tmp/xhprof'
    'COMPOSER_CACHE_DIR' => '/mnt/ddev-global-cache/composer'
    'DDEV_XDEBUG_ENABLED' => 'false'
    'DDEV_DATABASE_FAMILY' => 'mysql'
    'PGHOST' => 'db'
    'DDEV_COMPOSER_ROOT' => '/var/www/html'
    'CRAFT_DB_PASSWORD' => '••'
    'DOCROOT' => 'web'
    'TERMINUS_HIDE_UPDATE_MESSAGE' => '1'
    'PATH' => '/home/omar/bin:/var/www/html/vendor/bin:/usr/local/sbin:/usr/local/bin:/usr/sbin:/usr/bin:/sbin:/bin:/var/www/html/bin:/mnt/ddev-global-cache/global-commands/web'
    'HOST_DOCKER_INTERNAL_IP' => ''
    'DDEV_PROJECT_TYPE' => 'craftcms'
    'DEBIAN_FRONTEND' => 'noninteractive'
    'DDEV_ROUTER_HTTPS_PORT' => '443'
    'EXECIGNORE' => '/var/www/html/vendor/bin/composer'
    'SUPERVISOR_ENABLED' => '1'
    'SUPERVISOR_SERVER_URL' => 'unix:///var/run/supervisor.sock'
    'SUPERVISOR_PROCESS_NAME' => 'php-fpm'
    'SUPERVISOR_GROUP_NAME' => 'php-fpm'
    'HTTP_X_REQUESTED_WITH' => 'XMLHttpRequest'
    'HTTP_X_REGISTERED_JS_FILES' => '6276b818'
    'HTTP_X_REGISTERED_ASSET_BUNDLES' => '815d39ea,92d8701,22e517a2,aee7f8dc,26c46c25,e505ffd6,6b4d7555,bb2f10a0,e5e48399,fc0bc163,1ccab40d,1e21896b,54698ee0,b842675b,1c3c9add,4b1fd285,d8d08e47,8f00ce04,8768f48b,cf3018d6,ec6d0256,e7c1329,7b7669ac,75f47f25'
    'HTTP_X_REAL_IP' => '172.18.0.1'
    'HTTP_X_FORWARDED_SERVER' => 'e6a50fd17528'
    'HTTP_X_FORWARDED_PROTO' => 'https'
    'HTTP_X_FORWARDED_PORT' => '443'
    'HTTP_X_FORWARDED_HOST' => 'derschmuckmacher-v3.ddev.site'
    'HTTP_X_FORWARDED_FOR' => '172.18.0.1'
    'HTTP_X_CSRF_TOKEN' => '••••••••••••••••••••••••••••••••••••••••••••••••••••••••••••••••••••••••••••••••••••••••••••••••••••••••••••••••••••••••••••••••••••••••••••••••••••••••••••••••••••••••••••••••••••••••••••••••••••••••••••••••••••••••••••••••••••••••••••••••••••••••••••••••••••••••••••••••••••••••••••••••••••••••••••••••••••••••••••••••••••••••••••••••••••••••••••••••••••••••••••••••••••••••••••••••••••••••'
    'HTTP_TE' => 'trailers'
    'HTTP_SEC_GPC' => '1'
    'HTTP_SEC_FETCH_SITE' => 'same-origin'
    'HTTP_SEC_FETCH_MODE' => 'cors'
    'HTTP_SEC_FETCH_DEST' => 'empty'
    'HTTP_REFERER' => 'https://derschmuckmacher-v3.ddev.site/dW2axQ3b/content/entries/singles/7186-impressum?returnUrl=https%3A//derschmuckmacher-v3.ddev.site/dW2axQ3b/content/entries/singles%3AQS%3Asource%3Dsingles'
    'HTTP_ORIGIN' => 'https://derschmuckmacher-v3.ddev.site'
    'HTTP_COOKIE' => 'a8b7b1ec9ffb8baf2c6eaa253fe57112_username=26b9ec8568da68d3882e55afaa5d203483c6c5810ee05b5a55c8a0eb10cab93ea%3A2%3A%7Bi%3A0%3Bs%3A41%3A%22a8b7b1ec9ffb8baf2c6eaa253fe57112_username%22%3Bi%3A1%3Bs%3A8%3A%22odegiuli%22%3B%7D; CraftSessionId=biudticgnvahpvc8nukk8ac1vc; CRAFT_CSRF_TOKEN=f24bdf1e9b1a034ee7b31fc7240bdef700af95a681404c14421efa33013a169ca%3A2%3A%7Bi%3A0%3Bs%3A16%3A%22CRAFT_CSRF_TOKEN%22%3Bi%3A1%3Bs%3A147%3A%22o35JaTMOK5SlzzOXxon1Bn7gy1-9PEHqnAYwYjz9%7C89e454564122d06c6a70a599ac0d3b19a34e4201342f82ce4b9247f607434cc9o35JaTMOK5SlzzOXxon1Bn7gy1-9PEHqnAYwYjz9%7C1%22%3B%7D; a8b7b1ec9ffb8baf2c6eaa253fe57112_identity=c05e269f9a86048999710c6067062a4ab8b9b72b60032bdd4aede461abe99f6aa%3A2%3A%7Bi%3A0%3Bs%3A41%3A%22a8b7b1ec9ffb8baf2c6eaa253fe57112_identity%22%3Bi%3A1%3Bs%3A159%3A%22%5B1%2C%22%5B%5C%22y9F6YHmR9qC8Xsvv_urYFspDlXSsXsFbHDHDiokNRXLEUFEEKTo2W7iJ97zgt_AgvxoJgpgTjLnE5pS-azRIHVI1lD_VNxCU5lGK%5C%22%2Cnull%2C%5C%22fd3cbf9ed3a1f5fe86c1a53cec2d55ae%5C%22%5D%22%2C3600%5D%22%3B%7D; Craft-3626ffc1-d0a3-42e3-98aa-37e8aa759561_sidebar=expanded; Craft-3626ffc1-d0a3-42e3-98aa-37e8aa759561_sidebar-details=expanded; cookieconsent_status=allow'
    'HTTP_ACCEPT_LANGUAGE' => 'de,en-US;q=0.9,en;q=0.8'
    'HTTP_ACCEPT_ENCODING' => 'gzip, deflate, br, zstd'
    'HTTP_ACCEPT' => 'application/json, text/plain, */*'
    'HTTP_CONTENT_LENGTH' => '0'
    'HTTP_USER_AGENT' => 'Mozilla/5.0 (Macintosh; Intel Mac OS X 10.15; rv:151.0) Gecko/20100101 Firefox/151.0'
    'HTTP_HOST' => 'derschmuckmacher-v3.ddev.site'
    'HTTPS' => 'on'
    'REDIRECT_STATUS' => '200'
    'SERVER_NAME' => 'derschmuckmacher-v3.ddev.site'
    'SERVER_PORT' => '80'
    'SERVER_ADDR' => '172.18.0.4'
    'REMOTE_PORT' => '41180'
    'REMOTE_ADDR' => '172.18.0.5'
    'SERVER_SOFTWARE' => 'nginx/1.28.0'
    'GATEWAY_INTERFACE' => 'CGI/1.1'
    'REQUEST_SCHEME' => 'http'
    'SERVER_PROTOCOL' => 'HTTP/1.1'
    'DOCUMENT_ROOT' => '/var/www/html/web'
    'DOCUMENT_URI' => '/index.php'
    'REQUEST_URI' => '/index.php?p=dW2axQ3b%2Factions%2Fqueue%2Frun&v=1779892553550'
    'CONTENT_LENGTH' => '0'
    'CONTENT_TYPE' => ''
    'REQUEST_METHOD' => 'POST'
    'QUERY_STRING' => 'p=dW2axQ3b%2Factions%2Fqueue%2Frun&v=1779892553550'
    'SCRIPT_NAME' => '/index.php'
    'SCRIPT_FILENAME' => '/var/www/html/web/index.php'
    'FCGI_ROLE' => 'RESPONDER'
    'PHP_SELF' => '/index.php'
    'REQUEST_TIME_FLOAT' => 1779892553.5543
    'REQUEST_TIME' => 1779892553
    'CRAFT_APP_ID' => 'CraftCMS--3933bc78-29f5-4b79-bcc5-c31faf0fcd20'
    'CRAFT_ENVIRONMENT' => 'dev'
    'ENVIRONMENT' => 'dev'
    'CRAFT_SECURITY_KEY' => '••••••••••••••••••••••••••••••••'
    'CP_TRIGGER' => 'dW2axQ3b'
    'CRAFT_DB_SCHEMA' => 'public'
    'CRAFT_DB_TABLE_PREFIX' => ''
    'CRAFT_DB_CHARSET' => 'utf8mb4'
    'CRAFT_DB_COLLATION' => 'utf8mb4_unicode_ci'
    'DEV_MODE' => 'true'
    'ALLOW_ADMIN_CHANGES' => 'true'
    'DISALLOW_ROBOTS' => 'true'
    'TIMEZONE' => 'Europe/Zurich'
    'CAPTCHA_SITE_KEY' => '••••••••••••••••••••••••••••••••••••••••'
    'CAPTCHA_SECRET_KEY' => '••••••••••••••••••••••••••••••••••••••••'
    'WEB_URL' => 'https://derschmuckmacher-v3.ddev.site'
    'WEB_ROOT' => '/var/www/html/web'
    'ASSETS_BASE_URL' => 'https://derschmuckmacher-v3.ddev.site/public'
    'ASSETS_BASE_PATH' => '/var/www/html/web/public'
    'SCHMUCK_BASE_URL' => 'https://derschmuckmacher-v3.ddev.site/public/uploads/schmuck'
    'SCHMUCK_BASE_PATH' => '/var/www/html/web/public/uploads/schmuck'
    'BILDER_BASE_URL' => 'https://derschmuckmacher-v3.ddev.site/public/uploads/bilder'
    'BILDER_BASE_PATH' => '/var/www/html/web/public/uploads/bilder'
] {"environment":"dev","userId":1} 
2026-05-27 16:35:57 [queue.INFO] [yii\db\Connection::open] Opening DB connection: mysql:host=db;dbname=db;port=3306 {"memory":1101824} 
2026-05-27 16:35:57 [queue.INFO] [yii\web\Session::open] Session started {"memory":1527816} 
2026-05-27 16:35:57 [queue.INFO] [nystudio107\codeeditor\CodeEditor::bootstrap] CodeEditor module bootstrapped {"memory":1552152} 
2026-05-27 16:35:57 [queue.INFO] [adigital\cookieconsentbanner\CookieConsentBanner::init] Cookie Consent Banner plugin loaded {"memory":1769552} 
2026-05-27 16:35:57 [queue.INFO] [miranj\obfuscator\Obfuscator::init] Obfuscator plugin loaded {"memory":2730408} 
2026-05-27 16:35:57 [queue.INFO] [yii\db\Connection::open] Opening DB connection: mysql:host=db;dbname=db;port=3306 {"memory":2998752} 
2026-05-27 16:35:57 [queue.INFO] [craft\queue\QueueLogBehavior::beforeExec]  [40938] t9n:["app","Updating search indexes"] (attempt: 1, pid: 2477) - Started {"memory":3057536} 
2026-05-27 16:35:57 [queue.INFO] [craft\queue\QueueLogBehavior::afterExec]  [40938] t9n:["app","Updating search indexes"] (attempt: 1, pid: 2477) - Done (time: 0.011s) {"memory":3656760} 
2026-05-27 16:35:57 [queue.INFO] [craft\queue\QueueLogBehavior::beforeExec]  [40939] t9n:["app","Updating search indexes"] (attempt: 1, pid: 2477) - Started {"memory":3664792} 
2026-05-27 16:35:57 [queue.INFO] [craft\queue\QueueLogBehavior::afterExec]  [40939] t9n:["app","Updating search indexes"] (attempt: 1, pid: 2477) - Done (time: 0.001s) {"memory":3767624} 
2026-05-27 16:35:57 [queue.INFO] [craft\queue\QueueLogBehavior::beforeExec]  [40940] t9n:["app","Updating search indexes"] (attempt: 1, pid: 2477) - Started {"memory":3775608} 
2026-05-27 16:35:57 [queue.INFO] [craft\queue\QueueLogBehavior::afterExec]  [40940] t9n:["app","Updating search indexes"] (attempt: 1, pid: 2477) - Done (time: 0.007s) {"memory":4279504} 
2026-05-27 16:35:57 [queue.INFO] [craft\queue\QueueLogBehavior::beforeExec]  [40941] t9n:["app","Updating search indexes"] (attempt: 1, pid: 2477) - Started {"memory":4287488} 
2026-05-27 16:35:57 [queue.INFO] [craft\queue\QueueLogBehavior::afterExec]  [40941] t9n:["app","Updating search indexes"] (attempt: 1, pid: 2477) - Done (time: 0.003s) {"memory":4548608} 
2026-05-27 16:35:57 [queue.INFO] [craft\queue\QueueLogBehavior::beforeExec]  [40942] t9n:["app","Pruning extra revisions"] (attempt: 1, pid: 2477) - Started {"memory":4556592} 
2026-05-27 16:35:57 [queue.INFO] [craft\queue\QueueLogBehavior::afterExec]  [40942] t9n:["app","Pruning extra revisions"] (attempt: 1, pid: 2477) - Done (time: 0.001s) {"memory":4649240} 
2026-05-27 16:35:57 [queue.INFO] [craft\queue\QueueLogBehavior::beforeExec]  [40943] t9n:["app","Pruning extra revisions"] (attempt: 1, pid: 2477) - Started {"memory":4657224} 
2026-05-27 16:35:57 [queue.INFO] [craft\queue\QueueLogBehavior::afterExec]  [40943] t9n:["app","Pruning extra revisions"] (attempt: 1, pid: 2477) - Done (time: 0.001s) {"memory":4749840} 
2026-05-27 16:35:57 [queue.INFO] [application] Request context:
$_GET = [
    'p' => 'dW2axQ3b/actions/queue/run'
    'v' => '1779892557623'
]

$_POST = []

$_FILES = []

$_COOKIE = [
    'a8b7b1ec9ffb8baf2c6eaa253fe57112_username' => '26b9ec8568da68d3882e55afaa5d203483c6c5810ee05b5a55c8a0eb10cab93ea:2:{i:0;s:41:\"a8b7b1ec9ffb8baf2c6eaa253fe57112_username\";i:1;s:8:\"odegiuli\";}'
    'CraftSessionId' => 'biudticgnvahpvc8nukk8ac1vc'
    'CRAFT_CSRF_TOKEN' => '••••••••••••••••••••••••••••••••••••••••••••••••••••••••••••••••••••••••••••••••••••••••••••••••••••••••••••••••••••••••••••••••••••••••••••••••••••••••••••••••••••••••••••••••••••••••••••••••••••••••••••••••••••••••••••••••••••••••••••••••••••••••••••••••••'
    'a8b7b1ec9ffb8baf2c6eaa253fe57112_identity' => 'c05e269f9a86048999710c6067062a4ab8b9b72b60032bdd4aede461abe99f6aa:2:{i:0;s:41:\"a8b7b1ec9ffb8baf2c6eaa253fe57112_identity\";i:1;s:159:\"[1,\"[\\\"y9F6YHmR9qC8Xsvv_urYFspDlXSsXsFbHDHDiokNRXLEUFEEKTo2W7iJ97zgt_AgvxoJgpgTjLnE5pS-azRIHVI1lD_VNxCU5lGK\\\",null,\\\"fd3cbf9ed3a1f5fe86c1a53cec2d55ae\\\"]\",3600]\";}'
    'Craft-3626ffc1-d0a3-42e3-98aa-37e8aa759561_sidebar' => 'expanded'
    'Craft-3626ffc1-d0a3-42e3-98aa-37e8aa759561_sidebar-details' => 'expanded'
    'cookieconsent_status' => 'allow'
]

$_SESSION = [
    'a8b7b1ec9ffb8baf2c6eaa253fe57112__token' => '••••••••••••••••••••••••••••••••••••••••••••••••••••••••••••••••••••••••••••••••••••••••••••••••••••'
    'a8b7b1ec9ffb8baf2c6eaa253fe57112__id' => 1
    '__authKey' => '••••••••••••••••••••••••••••••••••••••••••••••••••••••••••••••••••••••••••••••••••••••••••••••••••••••••••••••••••••••••••••••••••••••••••••••••'
    'a8b7b1ec9ffb8baf2c6eaa253fe57112__expire' => 1779896157
    '__duration' => 3600
    '__elevated_timeout' => 1779891115
    '22b6a59deafcfb2ffb13c3adf3d98a3b__auth_access' => [
        0 => 'previewElement:7186'
        1 => 'saveAssets:856a3aeb-b21b-4d41-af3f-0a23db430323'
        2 => 'previewDraft:1050'
        3 => 'previewDraft:1052'
        4 => 'previewDraft:1054'
        5 => 'previewDraft:1056'
        6 => 'previewDraft:1058'
        7 => 'previewDraft:1060'
        8 => 'previewDraft:1062'
        9 => 'previewDraft:1064'
        10 => 'previewDraft:1066'
        11 => 'previewDraft:1068'
        12 => 'previewDraft:1070'
        13 => 'previewDraft:1072'
        14 => 'previewDraft:1074'
        15 => 'editStructure:1'
        16 => 'editStructure:2'
        17 => 'previewDraft:1076'
    ]
    '22b6a59deafcfb2ffb13c3adf3d98a3b__flash' => []
]

$_SERVER = [
    'DEPLOY_NAME' => 'local'
    'DDEV_WEBSERVER_TYPE' => 'nginx-fpm'
    'npm_config_cache' => '/mnt/ddev-global-cache/npm'
    'COREPACK_ENABLE_DOWNLOAD_PROMPT' => '0'
    'DDEV_GOOS' => 'darwin'
    'IS_DDEV_PROJECT' => 'true'
    'PHP_DEFAULT_VERSION' => '8.3'
    'HOSTNAME' => 'derschmuckmacher-v3-web'
    'MAILPIT_SMTP_PORT' => '1025'
    'MH_SMTP_BIND_ADDR' => '127.0.0.1:1025'
    'DDEV_PRIMARY_URL_WITHOUT_PORT' => 'https://derschmuckmacher-v3.ddev.site'
    'CRAFT_DB_PORT' => '3306'
    'SSH_AUTH_SOCK' => '/home/.ssh-agent/socket'
    'DDEV_GID' => '20'
    'NODE_EXTRA_CA_CERTS' => '/mnt/ddev-global-cache/mkcert/rootCA.pem'
    'DOCKER_IP' => '127.0.0.1'
    'PGPASSWORD' => 'db'
    'CRAFT_WEB_ROOT' => '/var/www/html/web'
    'DDEV_DOCROOT' => 'web'
    'PWD' => '/var/www/html'
    'PLATFORMSH_CLI_UPDATES_CHECK' => '0'
    'DDEV_APPROOT' => '/var/www/html'
    'DDEV_FILES_DIR' => ''
    'START_SCRIPT_TIMEOUT' => '57'
    'APACHE_SITE_TEMPLATE' => '/etc/apache2/apache-site.conf'
    'PHP_INI' => '/etc/php/8.3/fpm/php.ini'
    'DDEV_VERSION' => 'v1.24.10'
    'PRIMARY_SITE_URL' => 'https://derschmuckmacher-v3.ddev.site'
    'TZ' => 'Europe/Zurich'
    'DDEV_XHPROF_MODE' => 'prepend'
    'HTTPS_EXPOSE' => '443:80,8026:8025'
    'COREPACK_HOME' => '/mnt/ddev-global-cache/corepack'
    'CRAFT_DB_DATABASE' => 'db'
    'DDEV_PRIMARY_URL' => 'https://derschmuckmacher-v3.ddev.site'
    'LINES' => '6'
    'DDEV_SITENAME' => 'derschmuckmacher-v3'
    'HOME' => '/home/omar'
    'DRUSH_OPTIONS_URI' => 'https://derschmuckmacher-v3.ddev.site'
    'LANG' => 'C.UTF-8'
    'COLUMNS' => '371'
    'DDEV_MUTAGEN_ENABLED' => 'true'
    'DDEV_USER' => 'omar'
    'PGUSER' => 'db'
    'TERMINUS_CACHE_DIR' => '/mnt/ddev-global-cache/terminus/cache'
    'DDEV_PRIMARY_URL_PORT' => '443'
    'DDEV_ROUTER_HTTP_PORT' => '80'
    'MAILPIT_SMTP_HOSTNAME' => '127.0.0.1'
    'CRAFT_DB_DRIVER' => 'mysql'
    'COMPOSER_PROCESS_TIMEOUT' => '2000'
    'NGINX_SITE_TEMPLATE' => '/etc/nginx/nginx-site.conf'
    'DDEV_FILES_DIRS' => ''
    'CRAFT_DB_SERVER' => 'db'
    'HTTP_EXPOSE' => '80:80,8025:8025'
    'NVM_DIR' => '/home/omar/.nvm'
    'DDEV_PHP_VERSION' => '8.3'
    'DDEV_TLD' => 'ddev.site'
    'DDEV_HOSTNAME' => 'derschmuckmacher-v3.ddev.site'
    'DDEV_PROJECT' => 'derschmuckmacher-v3'
    'DDEV_GOARCH' => 'arm64'
    'VIRTUAL_HOST' => 'derschmuckmacher-v3.ddev.site'
    'TERM' => 'xterm'
    'USER' => 'omar'
    'MYSQL_HISTFILE' => '/mnt/ddev-global-cache/mysqlhistory/derschmuckmacher-v3-web/mysql_history'
    'DDEV_WEB_ENTRYPOINT' => '/mnt/ddev_config/web-entrypoint.d'
    'DDEV_UID' => '501'
    'CAROOT' => '/mnt/ddev-global-cache/mkcert'
    'SHLVL' => '1'
    'COMPOSER_ALLOW_SUPERUSER' => '1'
    'BASH_ENV' => '/etc/bash.nointeractive.bashrc'
    'DDEV_DATABASE' => 'mysql:8.0'
    'PGDATABASE' => 'db'
    'CRAFT_DB_USER' => 'db'
    'DDEV_SCHEME' => 'https'
    'XHPROF_OUTPUT_DIR' => '/tmp/xhprof'
    'COMPOSER_CACHE_DIR' => '/mnt/ddev-global-cache/composer'
    'DDEV_XDEBUG_ENABLED' => 'false'
    'DDEV_DATABASE_FAMILY' => 'mysql'
    'PGHOST' => 'db'
    'DDEV_COMPOSER_ROOT' => '/var/www/html'
    'CRAFT_DB_PASSWORD' => '••'
    'DOCROOT' => 'web'
    'TERMINUS_HIDE_UPDATE_MESSAGE' => '1'
    'PATH' => '/home/omar/bin:/var/www/html/vendor/bin:/usr/local/sbin:/usr/local/bin:/usr/sbin:/usr/bin:/sbin:/bin:/var/www/html/bin:/mnt/ddev-global-cache/global-commands/web'
    'HOST_DOCKER_INTERNAL_IP' => ''
    'DDEV_PROJECT_TYPE' => 'craftcms'
    'DEBIAN_FRONTEND' => 'noninteractive'
    'DDEV_ROUTER_HTTPS_PORT' => '443'
    'EXECIGNORE' => '/var/www/html/vendor/bin/composer'
    'SUPERVISOR_ENABLED' => '1'
    'SUPERVISOR_SERVER_URL' => 'unix:///var/run/supervisor.sock'
    'SUPERVISOR_PROCESS_NAME' => 'php-fpm'
    'SUPERVISOR_GROUP_NAME' => 'php-fpm'
    'HTTP_X_REQUESTED_WITH' => 'XMLHttpRequest'
    'HTTP_X_REGISTERED_JS_FILES' => ''
    'HTTP_X_REGISTERED_ASSET_BUNDLES' => '22e517a2,aee7f8dc,26c46c25,e505ffd6,6b4d7555,bb2f10a0,e5e48399,815d39ea,fc0bc163,1ccab40d,1e21896b,54698ee0,b842675b,1c3c9add,4b1fd285,d8d08e47,8f00ce04,8768f48b,cf3018d6,ec6d0256'
    'HTTP_X_REAL_IP' => '172.18.0.1'
    'HTTP_X_FORWARDED_SERVER' => 'e6a50fd17528'
    'HTTP_X_FORWARDED_PROTO' => 'https'
    'HTTP_X_FORWARDED_PORT' => '443'
    'HTTP_X_FORWARDED_HOST' => 'derschmuckmacher-v3.ddev.site'
    'HTTP_X_FORWARDED_FOR' => '172.18.0.1'
    'HTTP_X_CSRF_TOKEN' => '••••••••••••••••••••••••••••••••••••••••••••••••••••••••••••••••••••••••••••••••••••••••••••••••••••••••••••••••••••••••••••••••••••••••••••••••••••••••••••••••••••••••••••••••••••••••••••••••••••••••••••••••••••••••••••••••••••••••••••••••••••••••••••••••••••••••••••••••••••••••••••••••••••••••••••••••••••••••••••••••••••••••••••••••••••••••••••••••••••••••••••••••••••••••••••••••••••••••'
    'HTTP_TE' => 'trailers'
    'HTTP_SEC_GPC' => '1'
    'HTTP_SEC_FETCH_SITE' => 'same-origin'
    'HTTP_SEC_FETCH_MODE' => 'cors'
    'HTTP_SEC_FETCH_DEST' => 'empty'
    'HTTP_REFERER' => 'https://derschmuckmacher-v3.ddev.site/dW2axQ3b/content/entries/singles?source=singles'
    'HTTP_ORIGIN' => 'https://derschmuckmacher-v3.ddev.site'
    'HTTP_COOKIE' => 'a8b7b1ec9ffb8baf2c6eaa253fe57112_username=26b9ec8568da68d3882e55afaa5d203483c6c5810ee05b5a55c8a0eb10cab93ea%3A2%3A%7Bi%3A0%3Bs%3A41%3A%22a8b7b1ec9ffb8baf2c6eaa253fe57112_username%22%3Bi%3A1%3Bs%3A8%3A%22odegiuli%22%3B%7D; CraftSessionId=biudticgnvahpvc8nukk8ac1vc; CRAFT_CSRF_TOKEN=f24bdf1e9b1a034ee7b31fc7240bdef700af95a681404c14421efa33013a169ca%3A2%3A%7Bi%3A0%3Bs%3A16%3A%22CRAFT_CSRF_TOKEN%22%3Bi%3A1%3Bs%3A147%3A%22o35JaTMOK5SlzzOXxon1Bn7gy1-9PEHqnAYwYjz9%7C89e454564122d06c6a70a599ac0d3b19a34e4201342f82ce4b9247f607434cc9o35JaTMOK5SlzzOXxon1Bn7gy1-9PEHqnAYwYjz9%7C1%22%3B%7D; a8b7b1ec9ffb8baf2c6eaa253fe57112_identity=c05e269f9a86048999710c6067062a4ab8b9b72b60032bdd4aede461abe99f6aa%3A2%3A%7Bi%3A0%3Bs%3A41%3A%22a8b7b1ec9ffb8baf2c6eaa253fe57112_identity%22%3Bi%3A1%3Bs%3A159%3A%22%5B1%2C%22%5B%5C%22y9F6YHmR9qC8Xsvv_urYFspDlXSsXsFbHDHDiokNRXLEUFEEKTo2W7iJ97zgt_AgvxoJgpgTjLnE5pS-azRIHVI1lD_VNxCU5lGK%5C%22%2Cnull%2C%5C%22fd3cbf9ed3a1f5fe86c1a53cec2d55ae%5C%22%5D%22%2C3600%5D%22%3B%7D; Craft-3626ffc1-d0a3-42e3-98aa-37e8aa759561_sidebar=expanded; Craft-3626ffc1-d0a3-42e3-98aa-37e8aa759561_sidebar-details=expanded; cookieconsent_status=allow'
    'HTTP_ACCEPT_LANGUAGE' => 'de,en-US;q=0.9,en;q=0.8'
    'HTTP_ACCEPT_ENCODING' => 'gzip, deflate, br, zstd'
    'HTTP_ACCEPT' => 'application/json, text/plain, */*'
    'HTTP_CONTENT_LENGTH' => '0'
    'HTTP_USER_AGENT' => 'Mozilla/5.0 (Macintosh; Intel Mac OS X 10.15; rv:151.0) Gecko/20100101 Firefox/151.0'
    'HTTP_HOST' => 'derschmuckmacher-v3.ddev.site'
    'HTTPS' => 'on'
    'REDIRECT_STATUS' => '200'
    'SERVER_NAME' => 'derschmuckmacher-v3.ddev.site'
    'SERVER_PORT' => '80'
    'SERVER_ADDR' => '172.18.0.4'
    'REMOTE_PORT' => '43914'
    'REMOTE_ADDR' => '172.18.0.5'
    'SERVER_SOFTWARE' => 'nginx/1.28.0'
    'GATEWAY_INTERFACE' => 'CGI/1.1'
    'REQUEST_SCHEME' => 'http'
    'SERVER_PROTOCOL' => 'HTTP/1.1'
    'DOCUMENT_ROOT' => '/var/www/html/web'
    'DOCUMENT_URI' => '/index.php'
    'REQUEST_URI' => '/index.php?p=dW2axQ3b%2Factions%2Fqueue%2Frun&v=1779892557623'
    'CONTENT_LENGTH' => '0'
    'CONTENT_TYPE' => ''
    'REQUEST_METHOD' => 'POST'
    'QUERY_STRING' => 'p=dW2axQ3b%2Factions%2Fqueue%2Frun&v=1779892557623'
    'SCRIPT_NAME' => '/index.php'
    'SCRIPT_FILENAME' => '/var/www/html/web/index.php'
    'FCGI_ROLE' => 'RESPONDER'
    'PHP_SELF' => '/index.php'
    'REQUEST_TIME_FLOAT' => 1779892557.6259
    'REQUEST_TIME' => 1779892557
    'CRAFT_APP_ID' => 'CraftCMS--3933bc78-29f5-4b79-bcc5-c31faf0fcd20'
    'CRAFT_ENVIRONMENT' => 'dev'
    'ENVIRONMENT' => 'dev'
    'CRAFT_SECURITY_KEY' => '••••••••••••••••••••••••••••••••'
    'CP_TRIGGER' => 'dW2axQ3b'
    'CRAFT_DB_SCHEMA' => 'public'
    'CRAFT_DB_TABLE_PREFIX' => ''
    'CRAFT_DB_CHARSET' => 'utf8mb4'
    'CRAFT_DB_COLLATION' => 'utf8mb4_unicode_ci'
    'DEV_MODE' => 'true'
    'ALLOW_ADMIN_CHANGES' => 'true'
    'DISALLOW_ROBOTS' => 'true'
    'TIMEZONE' => 'Europe/Zurich'
    'CAPTCHA_SITE_KEY' => '••••••••••••••••••••••••••••••••••••••••'
    'CAPTCHA_SECRET_KEY' => '••••••••••••••••••••••••••••••••••••••••'
    'WEB_URL' => 'https://derschmuckmacher-v3.ddev.site'
    'WEB_ROOT' => '/var/www/html/web'
    'ASSETS_BASE_URL' => 'https://derschmuckmacher-v3.ddev.site/public'
    'ASSETS_BASE_PATH' => '/var/www/html/web/public'
    'SCHMUCK_BASE_URL' => 'https://derschmuckmacher-v3.ddev.site/public/uploads/schmuck'
    'SCHMUCK_BASE_PATH' => '/var/www/html/web/public/uploads/schmuck'
    'BILDER_BASE_URL' => 'https://derschmuckmacher-v3.ddev.site/public/uploads/bilder'
    'BILDER_BASE_PATH' => '/var/www/html/web/public/uploads/bilder'
] {"environment":"dev","userId":1} 
2026-05-27 16:36:06 [queue.INFO] [yii\db\Connection::open] Opening DB connection: mysql:host=db;dbname=db;port=3306 {"memory":1102160} 
2026-05-27 16:36:06 [queue.INFO] [yii\web\Session::open] Session started {"memory":1528352} 
2026-05-27 16:36:06 [queue.INFO] [nystudio107\codeeditor\CodeEditor::bootstrap] CodeEditor module bootstrapped {"memory":1552688} 
2026-05-27 16:36:06 [queue.INFO] [adigital\cookieconsentbanner\CookieConsentBanner::init] Cookie Consent Banner plugin loaded {"memory":1770552} 
2026-05-27 16:36:06 [queue.INFO] [miranj\obfuscator\Obfuscator::init] Obfuscator plugin loaded {"memory":2731408} 
2026-05-27 16:36:06 [queue.INFO] [yii\db\Connection::open] Opening DB connection: mysql:host=db;dbname=db;port=3306 {"memory":2999752} 
2026-05-27 16:36:06 [queue.INFO] [craft\queue\QueueLogBehavior::beforeExec]  [40944] t9n:["app","Updating search indexes"] (attempt: 1, pid: 2099) - Started {"memory":3058536} 
2026-05-27 16:36:06 [queue.INFO] [craft\queue\QueueLogBehavior::afterExec]  [40944] t9n:["app","Updating search indexes"] (attempt: 1, pid: 2099) - Done (time: 0.011s) {"memory":3473672} 
2026-05-27 16:36:06 [queue.INFO] [application] Request context:
$_GET = [
    'p' => 'dW2axQ3b/actions/queue/run'
    'v' => '1779892566280'
]

$_POST = []

$_FILES = []

$_COOKIE = [
    'a8b7b1ec9ffb8baf2c6eaa253fe57112_username' => '26b9ec8568da68d3882e55afaa5d203483c6c5810ee05b5a55c8a0eb10cab93ea:2:{i:0;s:41:\"a8b7b1ec9ffb8baf2c6eaa253fe57112_username\";i:1;s:8:\"odegiuli\";}'
    'CraftSessionId' => 'biudticgnvahpvc8nukk8ac1vc'
    'CRAFT_CSRF_TOKEN' => '••••••••••••••••••••••••••••••••••••••••••••••••••••••••••••••••••••••••••••••••••••••••••••••••••••••••••••••••••••••••••••••••••••••••••••••••••••••••••••••••••••••••••••••••••••••••••••••••••••••••••••••••••••••••••••••••••••••••••••••••••••••••••••••••••'
    'a8b7b1ec9ffb8baf2c6eaa253fe57112_identity' => 'c05e269f9a86048999710c6067062a4ab8b9b72b60032bdd4aede461abe99f6aa:2:{i:0;s:41:\"a8b7b1ec9ffb8baf2c6eaa253fe57112_identity\";i:1;s:159:\"[1,\"[\\\"y9F6YHmR9qC8Xsvv_urYFspDlXSsXsFbHDHDiokNRXLEUFEEKTo2W7iJ97zgt_AgvxoJgpgTjLnE5pS-azRIHVI1lD_VNxCU5lGK\\\",null,\\\"fd3cbf9ed3a1f5fe86c1a53cec2d55ae\\\"]\",3600]\";}'
    'Craft-3626ffc1-d0a3-42e3-98aa-37e8aa759561_sidebar' => 'expanded'
    'Craft-3626ffc1-d0a3-42e3-98aa-37e8aa759561_sidebar-details' => 'expanded'
    'cookieconsent_status' => 'allow'
]

$_SESSION = [
    'a8b7b1ec9ffb8baf2c6eaa253fe57112__token' => '••••••••••••••••••••••••••••••••••••••••••••••••••••••••••••••••••••••••••••••••••••••••••••••••••••'
    'a8b7b1ec9ffb8baf2c6eaa253fe57112__id' => 1
    '__authKey' => '••••••••••••••••••••••••••••••••••••••••••••••••••••••••••••••••••••••••••••••••••••••••••••••••••••••••••••••••••••••••••••••••••••••••••••••••'
    'a8b7b1ec9ffb8baf2c6eaa253fe57112__expire' => 1779896166
    '__duration' => 3600
    '__elevated_timeout' => 1779891115
    '22b6a59deafcfb2ffb13c3adf3d98a3b__auth_access' => [
        0 => 'previewElement:7186'
        1 => 'saveAssets:856a3aeb-b21b-4d41-af3f-0a23db430323'
        2 => 'previewDraft:1050'
        3 => 'previewDraft:1052'
        4 => 'previewDraft:1054'
        5 => 'previewDraft:1056'
        6 => 'previewDraft:1058'
        7 => 'previewDraft:1060'
        8 => 'previewDraft:1062'
        9 => 'previewDraft:1064'
        10 => 'previewDraft:1066'
        11 => 'previewDraft:1068'
        12 => 'previewDraft:1070'
        13 => 'previewDraft:1072'
        14 => 'previewDraft:1074'
        15 => 'editStructure:1'
        16 => 'editStructure:2'
        17 => 'previewDraft:1076'
        18 => 'previewElement:7158'
    ]
    '22b6a59deafcfb2ffb13c3adf3d98a3b__flash' => []
]

$_SERVER = [
    'DEPLOY_NAME' => 'local'
    'DDEV_WEBSERVER_TYPE' => 'nginx-fpm'
    'npm_config_cache' => '/mnt/ddev-global-cache/npm'
    'COREPACK_ENABLE_DOWNLOAD_PROMPT' => '0'
    'DDEV_GOOS' => 'darwin'
    'IS_DDEV_PROJECT' => 'true'
    'PHP_DEFAULT_VERSION' => '8.3'
    'HOSTNAME' => 'derschmuckmacher-v3-web'
    'MAILPIT_SMTP_PORT' => '1025'
    'MH_SMTP_BIND_ADDR' => '127.0.0.1:1025'
    'DDEV_PRIMARY_URL_WITHOUT_PORT' => 'https://derschmuckmacher-v3.ddev.site'
    'CRAFT_DB_PORT' => '3306'
    'SSH_AUTH_SOCK' => '/home/.ssh-agent/socket'
    'DDEV_GID' => '20'
    'NODE_EXTRA_CA_CERTS' => '/mnt/ddev-global-cache/mkcert/rootCA.pem'
    'DOCKER_IP' => '127.0.0.1'
    'PGPASSWORD' => 'db'
    'CRAFT_WEB_ROOT' => '/var/www/html/web'
    'DDEV_DOCROOT' => 'web'
    'PWD' => '/var/www/html'
    'PLATFORMSH_CLI_UPDATES_CHECK' => '0'
    'DDEV_APPROOT' => '/var/www/html'
    'DDEV_FILES_DIR' => ''
    'START_SCRIPT_TIMEOUT' => '57'
    'APACHE_SITE_TEMPLATE' => '/etc/apache2/apache-site.conf'
    'PHP_INI' => '/etc/php/8.3/fpm/php.ini'
    'DDEV_VERSION' => 'v1.24.10'
    'PRIMARY_SITE_URL' => 'https://derschmuckmacher-v3.ddev.site'
    'TZ' => 'Europe/Zurich'
    'DDEV_XHPROF_MODE' => 'prepend'
    'HTTPS_EXPOSE' => '443:80,8026:8025'
    'COREPACK_HOME' => '/mnt/ddev-global-cache/corepack'
    'CRAFT_DB_DATABASE' => 'db'
    'DDEV_PRIMARY_URL' => 'https://derschmuckmacher-v3.ddev.site'
    'LINES' => '6'
    'DDEV_SITENAME' => 'derschmuckmacher-v3'
    'HOME' => '/home/omar'
    'DRUSH_OPTIONS_URI' => 'https://derschmuckmacher-v3.ddev.site'
    'LANG' => 'C.UTF-8'
    'COLUMNS' => '371'
    'DDEV_MUTAGEN_ENABLED' => 'true'
    'DDEV_USER' => 'omar'
    'PGUSER' => 'db'
    'TERMINUS_CACHE_DIR' => '/mnt/ddev-global-cache/terminus/cache'
    'DDEV_PRIMARY_URL_PORT' => '443'
    'DDEV_ROUTER_HTTP_PORT' => '80'
    'MAILPIT_SMTP_HOSTNAME' => '127.0.0.1'
    'CRAFT_DB_DRIVER' => 'mysql'
    'COMPOSER_PROCESS_TIMEOUT' => '2000'
    'NGINX_SITE_TEMPLATE' => '/etc/nginx/nginx-site.conf'
    'DDEV_FILES_DIRS' => ''
    'CRAFT_DB_SERVER' => 'db'
    'HTTP_EXPOSE' => '80:80,8025:8025'
    'NVM_DIR' => '/home/omar/.nvm'
    'DDEV_PHP_VERSION' => '8.3'
    'DDEV_TLD' => 'ddev.site'
    'DDEV_HOSTNAME' => 'derschmuckmacher-v3.ddev.site'
    'DDEV_PROJECT' => 'derschmuckmacher-v3'
    'DDEV_GOARCH' => 'arm64'
    'VIRTUAL_HOST' => 'derschmuckmacher-v3.ddev.site'
    'TERM' => 'xterm'
    'USER' => 'omar'
    'MYSQL_HISTFILE' => '/mnt/ddev-global-cache/mysqlhistory/derschmuckmacher-v3-web/mysql_history'
    'DDEV_WEB_ENTRYPOINT' => '/mnt/ddev_config/web-entrypoint.d'
    'DDEV_UID' => '501'
    'CAROOT' => '/mnt/ddev-global-cache/mkcert'
    'SHLVL' => '1'
    'COMPOSER_ALLOW_SUPERUSER' => '1'
    'BASH_ENV' => '/etc/bash.nointeractive.bashrc'
    'DDEV_DATABASE' => 'mysql:8.0'
    'PGDATABASE' => 'db'
    'CRAFT_DB_USER' => 'db'
    'DDEV_SCHEME' => 'https'
    'XHPROF_OUTPUT_DIR' => '/tmp/xhprof'
    'COMPOSER_CACHE_DIR' => '/mnt/ddev-global-cache/composer'
    'DDEV_XDEBUG_ENABLED' => 'false'
    'DDEV_DATABASE_FAMILY' => 'mysql'
    'PGHOST' => 'db'
    'DDEV_COMPOSER_ROOT' => '/var/www/html'
    'CRAFT_DB_PASSWORD' => '••'
    'DOCROOT' => 'web'
    'TERMINUS_HIDE_UPDATE_MESSAGE' => '1'
    'PATH' => '/home/omar/bin:/var/www/html/vendor/bin:/usr/local/sbin:/usr/local/bin:/usr/sbin:/usr/bin:/sbin:/bin:/var/www/html/bin:/mnt/ddev-global-cache/global-commands/web'
    'HOST_DOCKER_INTERNAL_IP' => ''
    'DDEV_PROJECT_TYPE' => 'craftcms'
    'DEBIAN_FRONTEND' => 'noninteractive'
    'DDEV_ROUTER_HTTPS_PORT' => '443'
    'EXECIGNORE' => '/var/www/html/vendor/bin/composer'
    'SUPERVISOR_ENABLED' => '1'
    'SUPERVISOR_SERVER_URL' => 'unix:///var/run/supervisor.sock'
    'SUPERVISOR_PROCESS_NAME' => 'php-fpm'
    'SUPERVISOR_GROUP_NAME' => 'php-fpm'
    'HTTP_X_REQUESTED_WITH' => 'XMLHttpRequest'
    'HTTP_X_REGISTERED_JS_FILES' => '6276b818'
    'HTTP_X_REGISTERED_ASSET_BUNDLES' => '815d39ea,92d8701,22e517a2,aee7f8dc,26c46c25,e505ffd6,6b4d7555,bb2f10a0,e5e48399,fc0bc163,1ccab40d,1e21896b,54698ee0,b842675b,1c3c9add,4b1fd285,d8d08e47,8f00ce04,8768f48b,cf3018d6,ec6d0256,e7c1329,7b7669ac,75f47f25'
    'HTTP_X_REAL_IP' => '172.18.0.1'
    'HTTP_X_FORWARDED_SERVER' => 'e6a50fd17528'
    'HTTP_X_FORWARDED_PROTO' => 'https'
    'HTTP_X_FORWARDED_PORT' => '443'
    'HTTP_X_FORWARDED_HOST' => 'derschmuckmacher-v3.ddev.site'
    'HTTP_X_FORWARDED_FOR' => '172.18.0.1'
    'HTTP_X_CSRF_TOKEN' => '••••••••••••••••••••••••••••••••••••••••••••••••••••••••••••••••••••••••••••••••••••••••••••••••••••••••••••••••••••••••••••••••••••••••••••••••••••••••••••••••••••••••••••••••••••••••••••••••••••••••••••••••••••••••••••••••••••••••••••••••••••••••••••••••••••••••••••••••••••••••••••••••••••••••••••••••••••••••••••••••••••••••••••••••••••••••••••••••••••••••••••••••••••••••••••••••••••••••'
    'HTTP_TE' => 'trailers'
    'HTTP_SEC_GPC' => '1'
    'HTTP_SEC_FETCH_SITE' => 'same-origin'
    'HTTP_SEC_FETCH_MODE' => 'cors'
    'HTTP_SEC_FETCH_DEST' => 'empty'
    'HTTP_REFERER' => 'https://derschmuckmacher-v3.ddev.site/dW2axQ3b/content/entries/singles/7158-datenschutz?returnUrl=https%3A//derschmuckmacher-v3.ddev.site/dW2axQ3b/content/entries/singles%3AQS%3Asource%3Dsingles'
    'HTTP_ORIGIN' => 'https://derschmuckmacher-v3.ddev.site'
    'HTTP_COOKIE' => 'a8b7b1ec9ffb8baf2c6eaa253fe57112_username=26b9ec8568da68d3882e55afaa5d203483c6c5810ee05b5a55c8a0eb10cab93ea%3A2%3A%7Bi%3A0%3Bs%3A41%3A%22a8b7b1ec9ffb8baf2c6eaa253fe57112_username%22%3Bi%3A1%3Bs%3A8%3A%22odegiuli%22%3B%7D; CraftSessionId=biudticgnvahpvc8nukk8ac1vc; CRAFT_CSRF_TOKEN=f24bdf1e9b1a034ee7b31fc7240bdef700af95a681404c14421efa33013a169ca%3A2%3A%7Bi%3A0%3Bs%3A16%3A%22CRAFT_CSRF_TOKEN%22%3Bi%3A1%3Bs%3A147%3A%22o35JaTMOK5SlzzOXxon1Bn7gy1-9PEHqnAYwYjz9%7C89e454564122d06c6a70a599ac0d3b19a34e4201342f82ce4b9247f607434cc9o35JaTMOK5SlzzOXxon1Bn7gy1-9PEHqnAYwYjz9%7C1%22%3B%7D; a8b7b1ec9ffb8baf2c6eaa253fe57112_identity=c05e269f9a86048999710c6067062a4ab8b9b72b60032bdd4aede461abe99f6aa%3A2%3A%7Bi%3A0%3Bs%3A41%3A%22a8b7b1ec9ffb8baf2c6eaa253fe57112_identity%22%3Bi%3A1%3Bs%3A159%3A%22%5B1%2C%22%5B%5C%22y9F6YHmR9qC8Xsvv_urYFspDlXSsXsFbHDHDiokNRXLEUFEEKTo2W7iJ97zgt_AgvxoJgpgTjLnE5pS-azRIHVI1lD_VNxCU5lGK%5C%22%2Cnull%2C%5C%22fd3cbf9ed3a1f5fe86c1a53cec2d55ae%5C%22%5D%22%2C3600%5D%22%3B%7D; Craft-3626ffc1-d0a3-42e3-98aa-37e8aa759561_sidebar=expanded; Craft-3626ffc1-d0a3-42e3-98aa-37e8aa759561_sidebar-details=expanded; cookieconsent_status=allow'
    'HTTP_ACCEPT_LANGUAGE' => 'de,en-US;q=0.9,en;q=0.8'
    'HTTP_ACCEPT_ENCODING' => 'gzip, deflate, br, zstd'
    'HTTP_ACCEPT' => 'application/json, text/plain, */*'
    'HTTP_CONTENT_LENGTH' => '0'
    'HTTP_USER_AGENT' => 'Mozilla/5.0 (Macintosh; Intel Mac OS X 10.15; rv:151.0) Gecko/20100101 Firefox/151.0'
    'HTTP_HOST' => 'derschmuckmacher-v3.ddev.site'
    'HTTPS' => 'on'
    'REDIRECT_STATUS' => '200'
    'SERVER_NAME' => 'derschmuckmacher-v3.ddev.site'
    'SERVER_PORT' => '80'
    'SERVER_ADDR' => '172.18.0.4'
    'REMOTE_PORT' => '57234'
    'REMOTE_ADDR' => '172.18.0.5'
    'SERVER_SOFTWARE' => 'nginx/1.28.0'
    'GATEWAY_INTERFACE' => 'CGI/1.1'
    'REQUEST_SCHEME' => 'http'
    'SERVER_PROTOCOL' => 'HTTP/1.1'
    'DOCUMENT_ROOT' => '/var/www/html/web'
    'DOCUMENT_URI' => '/index.php'
    'REQUEST_URI' => '/index.php?p=dW2axQ3b%2Factions%2Fqueue%2Frun&v=1779892566280'
    'CONTENT_LENGTH' => '0'
    'CONTENT_TYPE' => ''
    'REQUEST_METHOD' => 'POST'
    'QUERY_STRING' => 'p=dW2axQ3b%2Factions%2Fqueue%2Frun&v=1779892566280'
    'SCRIPT_NAME' => '/index.php'
    'SCRIPT_FILENAME' => '/var/www/html/web/index.php'
    'FCGI_ROLE' => 'RESPONDER'
    'PHP_SELF' => '/index.php'
    'REQUEST_TIME_FLOAT' => 1779892566.2852
    'REQUEST_TIME' => 1779892566
    'CRAFT_APP_ID' => 'CraftCMS--3933bc78-29f5-4b79-bcc5-c31faf0fcd20'
    'CRAFT_ENVIRONMENT' => 'dev'
    'ENVIRONMENT' => 'dev'
    'CRAFT_SECURITY_KEY' => '••••••••••••••••••••••••••••••••'
    'CP_TRIGGER' => 'dW2axQ3b'
    'CRAFT_DB_SCHEMA' => 'public'
    'CRAFT_DB_TABLE_PREFIX' => ''
    'CRAFT_DB_CHARSET' => 'utf8mb4'
    'CRAFT_DB_COLLATION' => 'utf8mb4_unicode_ci'
    'DEV_MODE' => 'true'
    'ALLOW_ADMIN_CHANGES' => 'true'
    'DISALLOW_ROBOTS' => 'true'
    'TIMEZONE' => 'Europe/Zurich'
    'CAPTCHA_SITE_KEY' => '••••••••••••••••••••••••••••••••••••••••'
    'CAPTCHA_SECRET_KEY' => '••••••••••••••••••••••••••••••••••••••••'
    'WEB_URL' => 'https://derschmuckmacher-v3.ddev.site'
    'WEB_ROOT' => '/var/www/html/web'
    'ASSETS_BASE_URL' => 'https://derschmuckmacher-v3.ddev.site/public'
    'ASSETS_BASE_PATH' => '/var/www/html/web/public'
    'SCHMUCK_BASE_URL' => 'https://derschmuckmacher-v3.ddev.site/public/uploads/schmuck'
    'SCHMUCK_BASE_PATH' => '/var/www/html/web/public/uploads/schmuck'
    'BILDER_BASE_URL' => 'https://derschmuckmacher-v3.ddev.site/public/uploads/bilder'
    'BILDER_BASE_PATH' => '/var/www/html/web/public/uploads/bilder'
] {"environment":"dev","userId":1} 
2026-05-27 16:36:09 [queue.INFO] [yii\db\Connection::open] Opening DB connection: mysql:host=db;dbname=db;port=3306 {"memory":1101824} 
2026-05-27 16:36:09 [queue.INFO] [yii\web\Session::open] Session started {"memory":1527912} 
2026-05-27 16:36:09 [queue.INFO] [nystudio107\codeeditor\CodeEditor::bootstrap] CodeEditor module bootstrapped {"memory":1552248} 
2026-05-27 16:36:09 [queue.INFO] [adigital\cookieconsentbanner\CookieConsentBanner::init] Cookie Consent Banner plugin loaded {"memory":1769648} 
2026-05-27 16:36:09 [queue.INFO] [miranj\obfuscator\Obfuscator::init] Obfuscator plugin loaded {"memory":2730504} 
2026-05-27 16:36:09 [queue.INFO] [yii\db\Connection::open] Opening DB connection: mysql:host=db;dbname=db;port=3306 {"memory":2998848} 
2026-05-27 16:36:09 [queue.INFO] [craft\queue\QueueLogBehavior::beforeExec]  [40945] t9n:["app","Generating image transform for {file}",{"file":"Datenschutz.jpg"}] (attempt: 1, pid: 2477) - Started {"memory":3057216} 
2026-05-27 16:36:09 [queue.INFO] [craft\queue\QueueLogBehavior::afterExec]  [40945] t9n:["app","Generating image transform for {file}",{"file":"Datenschutz.jpg"}] (attempt: 1, pid: 2477) - Done (time: 0.000s) {"memory":3064528} 
2026-05-27 16:36:09 [queue.INFO] [craft\queue\QueueLogBehavior::beforeExec]  [40946] t9n:["app","Generating image transform for {file}",{"file":"Datenschutz.jpg"}] (attempt: 1, pid: 2477) - Started {"memory":3078144} 
2026-05-27 16:36:09 [queue.INFO] [craft\queue\QueueLogBehavior::afterExec]  [40946] t9n:["app","Generating image transform for {file}",{"file":"Datenschutz.jpg"}] (attempt: 1, pid: 2477) - Done (time: 0.032s) {"memory":3239880} 
2026-05-27 16:36:09 [queue.INFO] [craft\queue\QueueLogBehavior::beforeExec]  [40947] t9n:["app","Generating image transform for {file}",{"file":"Datenschutz.jpg"}] (attempt: 1, pid: 2477) - Started {"memory":3247816} 
2026-05-27 16:36:09 [queue.INFO] [craft\queue\QueueLogBehavior::afterExec]  [40947] t9n:["app","Generating image transform for {file}",{"file":"Datenschutz.jpg"}] (attempt: 1, pid: 2477) - Done (time: 0.000s) {"memory":3249400} 
2026-05-27 16:36:09 [queue.INFO] [craft\queue\QueueLogBehavior::beforeExec]  [40948] t9n:["app","Updating search indexes"] (attempt: 1, pid: 2477) - Started {"memory":3257800} 
2026-05-27 16:36:09 [queue.INFO] [craft\queue\QueueLogBehavior::afterExec]  [40948] t9n:["app","Updating search indexes"] (attempt: 1, pid: 2477) - Done (time: 0.015s) {"memory":3911656} 
2026-05-27 16:36:09 [queue.INFO] [craft\queue\QueueLogBehavior::beforeExec]  [40949] t9n:["app","Updating search indexes"] (attempt: 1, pid: 2477) - Started {"memory":3920008} 
2026-05-27 16:36:09 [queue.INFO] [craft\queue\QueueLogBehavior::afterExec]  [40949] t9n:["app","Updating search indexes"] (attempt: 1, pid: 2477) - Done (time: 0.003s) {"memory":4022840} 
2026-05-27 16:36:09 [queue.INFO] [craft\queue\QueueLogBehavior::beforeExec]  [40950] t9n:["app","Updating search indexes"] (attempt: 1, pid: 2477) - Started {"memory":4030824} 
2026-05-27 16:36:09 [queue.INFO] [craft\queue\QueueLogBehavior::afterExec]  [40950] t9n:["app","Updating search indexes"] (attempt: 1, pid: 2477) - Done (time: 0.014s) {"memory":4470608} 
2026-05-27 16:36:09 [queue.INFO] [craft\queue\QueueLogBehavior::beforeExec]  [40951] t9n:["app","Updating search indexes"] (attempt: 1, pid: 2477) - Started {"memory":4478592} 
2026-05-27 16:36:09 [queue.INFO] [craft\queue\QueueLogBehavior::afterExec]  [40951] t9n:["app","Updating search indexes"] (attempt: 1, pid: 2477) - Done (time: 0.006s) {"memory":4734384} 
2026-05-27 16:36:09 [queue.INFO] [craft\queue\QueueLogBehavior::beforeExec]  [40952] t9n:["app","Pruning extra revisions"] (attempt: 1, pid: 2477) - Started {"memory":4750560} 
2026-05-27 16:36:09 [queue.INFO] [craft\queue\QueueLogBehavior::afterExec]  [40952] t9n:["app","Pruning extra revisions"] (attempt: 1, pid: 2477) - Done (time: 0.001s) {"memory":4843208} 
2026-05-27 16:36:09 [queue.INFO] [craft\queue\QueueLogBehavior::beforeExec]  [40953] t9n:["app","Pruning extra revisions"] (attempt: 1, pid: 2477) - Started {"memory":4851192} 
2026-05-27 16:36:09 [queue.INFO] [craft\queue\QueueLogBehavior::afterExec]  [40953] t9n:["app","Pruning extra revisions"] (attempt: 1, pid: 2477) - Done (time: 0.001s) {"memory":4943808} 
2026-05-27 16:36:09 [queue.INFO] [application] Request context:
$_GET = [
    'p' => 'dW2axQ3b/actions/queue/run'
    'v' => '1779892569483'
]

$_POST = []

$_FILES = []

$_COOKIE = [
    'a8b7b1ec9ffb8baf2c6eaa253fe57112_username' => '26b9ec8568da68d3882e55afaa5d203483c6c5810ee05b5a55c8a0eb10cab93ea:2:{i:0;s:41:\"a8b7b1ec9ffb8baf2c6eaa253fe57112_username\";i:1;s:8:\"odegiuli\";}'
    'CraftSessionId' => 'biudticgnvahpvc8nukk8ac1vc'
    'CRAFT_CSRF_TOKEN' => '••••••••••••••••••••••••••••••••••••••••••••••••••••••••••••••••••••••••••••••••••••••••••••••••••••••••••••••••••••••••••••••••••••••••••••••••••••••••••••••••••••••••••••••••••••••••••••••••••••••••••••••••••••••••••••••••••••••••••••••••••••••••••••••••••'
    'a8b7b1ec9ffb8baf2c6eaa253fe57112_identity' => 'c05e269f9a86048999710c6067062a4ab8b9b72b60032bdd4aede461abe99f6aa:2:{i:0;s:41:\"a8b7b1ec9ffb8baf2c6eaa253fe57112_identity\";i:1;s:159:\"[1,\"[\\\"y9F6YHmR9qC8Xsvv_urYFspDlXSsXsFbHDHDiokNRXLEUFEEKTo2W7iJ97zgt_AgvxoJgpgTjLnE5pS-azRIHVI1lD_VNxCU5lGK\\\",null,\\\"fd3cbf9ed3a1f5fe86c1a53cec2d55ae\\\"]\",3600]\";}'
    'Craft-3626ffc1-d0a3-42e3-98aa-37e8aa759561_sidebar' => 'expanded'
    'Craft-3626ffc1-d0a3-42e3-98aa-37e8aa759561_sidebar-details' => 'expanded'
    'cookieconsent_status' => 'allow'
]

$_SESSION = [
    'a8b7b1ec9ffb8baf2c6eaa253fe57112__token' => '••••••••••••••••••••••••••••••••••••••••••••••••••••••••••••••••••••••••••••••••••••••••••••••••••••'
    'a8b7b1ec9ffb8baf2c6eaa253fe57112__id' => 1
    '__authKey' => '••••••••••••••••••••••••••••••••••••••••••••••••••••••••••••••••••••••••••••••••••••••••••••••••••••••••••••••••••••••••••••••••••••••••••••••••'
    'a8b7b1ec9ffb8baf2c6eaa253fe57112__expire' => 1779896169
    '__duration' => 3600
    '__elevated_timeout' => 1779891115
    '22b6a59deafcfb2ffb13c3adf3d98a3b__auth_access' => [
        0 => 'previewElement:7186'
        1 => 'saveAssets:856a3aeb-b21b-4d41-af3f-0a23db430323'
        2 => 'previewDraft:1050'
        3 => 'previewDraft:1052'
        4 => 'previewDraft:1054'
        5 => 'previewDraft:1056'
        6 => 'previewDraft:1058'
        7 => 'previewDraft:1060'
        8 => 'previewDraft:1062'
        9 => 'previewDraft:1064'
        10 => 'previewDraft:1066'
        11 => 'previewDraft:1068'
        12 => 'previewDraft:1070'
        13 => 'previewDraft:1072'
        14 => 'previewDraft:1074'
        15 => 'editStructure:1'
        16 => 'editStructure:2'
        17 => 'previewDraft:1076'
        18 => 'previewElement:7158'
        19 => 'previewDraft:1078'
    ]
    '22b6a59deafcfb2ffb13c3adf3d98a3b__flash' => []
]

$_SERVER = [
    'DEPLOY_NAME' => 'local'
    'DDEV_WEBSERVER_TYPE' => 'nginx-fpm'
    'npm_config_cache' => '/mnt/ddev-global-cache/npm'
    'COREPACK_ENABLE_DOWNLOAD_PROMPT' => '0'
    'DDEV_GOOS' => 'darwin'
    'IS_DDEV_PROJECT' => 'true'
    'PHP_DEFAULT_VERSION' => '8.3'
    'HOSTNAME' => 'derschmuckmacher-v3-web'
    'MAILPIT_SMTP_PORT' => '1025'
    'MH_SMTP_BIND_ADDR' => '127.0.0.1:1025'
    'DDEV_PRIMARY_URL_WITHOUT_PORT' => 'https://derschmuckmacher-v3.ddev.site'
    'CRAFT_DB_PORT' => '3306'
    'SSH_AUTH_SOCK' => '/home/.ssh-agent/socket'
    'DDEV_GID' => '20'
    'NODE_EXTRA_CA_CERTS' => '/mnt/ddev-global-cache/mkcert/rootCA.pem'
    'DOCKER_IP' => '127.0.0.1'
    'PGPASSWORD' => 'db'
    'CRAFT_WEB_ROOT' => '/var/www/html/web'
    'DDEV_DOCROOT' => 'web'
    'PWD' => '/var/www/html'
    'PLATFORMSH_CLI_UPDATES_CHECK' => '0'
    'DDEV_APPROOT' => '/var/www/html'
    'DDEV_FILES_DIR' => ''
    'START_SCRIPT_TIMEOUT' => '57'
    'APACHE_SITE_TEMPLATE' => '/etc/apache2/apache-site.conf'
    'PHP_INI' => '/etc/php/8.3/fpm/php.ini'
    'DDEV_VERSION' => 'v1.24.10'
    'PRIMARY_SITE_URL' => 'https://derschmuckmacher-v3.ddev.site'
    'TZ' => 'Europe/Zurich'
    'DDEV_XHPROF_MODE' => 'prepend'
    'HTTPS_EXPOSE' => '443:80,8026:8025'
    'COREPACK_HOME' => '/mnt/ddev-global-cache/corepack'
    'CRAFT_DB_DATABASE' => 'db'
    'DDEV_PRIMARY_URL' => 'https://derschmuckmacher-v3.ddev.site'
    'LINES' => '6'
    'DDEV_SITENAME' => 'derschmuckmacher-v3'
    'HOME' => '/home/omar'
    'DRUSH_OPTIONS_URI' => 'https://derschmuckmacher-v3.ddev.site'
    'LANG' => 'C.UTF-8'
    'COLUMNS' => '371'
    'DDEV_MUTAGEN_ENABLED' => 'true'
    'DDEV_USER' => 'omar'
    'PGUSER' => 'db'
    'TERMINUS_CACHE_DIR' => '/mnt/ddev-global-cache/terminus/cache'
    'DDEV_PRIMARY_URL_PORT' => '443'
    'DDEV_ROUTER_HTTP_PORT' => '80'
    'MAILPIT_SMTP_HOSTNAME' => '127.0.0.1'
    'CRAFT_DB_DRIVER' => 'mysql'
    'COMPOSER_PROCESS_TIMEOUT' => '2000'
    'NGINX_SITE_TEMPLATE' => '/etc/nginx/nginx-site.conf'
    'DDEV_FILES_DIRS' => ''
    'CRAFT_DB_SERVER' => 'db'
    'HTTP_EXPOSE' => '80:80,8025:8025'
    'NVM_DIR' => '/home/omar/.nvm'
    'DDEV_PHP_VERSION' => '8.3'
    'DDEV_TLD' => 'ddev.site'
    'DDEV_HOSTNAME' => 'derschmuckmacher-v3.ddev.site'
    'DDEV_PROJECT' => 'derschmuckmacher-v3'
    'DDEV_GOARCH' => 'arm64'
    'VIRTUAL_HOST' => 'derschmuckmacher-v3.ddev.site'
    'TERM' => 'xterm'
    'USER' => 'omar'
    'MYSQL_HISTFILE' => '/mnt/ddev-global-cache/mysqlhistory/derschmuckmacher-v3-web/mysql_history'
    'DDEV_WEB_ENTRYPOINT' => '/mnt/ddev_config/web-entrypoint.d'
    'DDEV_UID' => '501'
    'CAROOT' => '/mnt/ddev-global-cache/mkcert'
    'SHLVL' => '1'
    'COMPOSER_ALLOW_SUPERUSER' => '1'
    'BASH_ENV' => '/etc/bash.nointeractive.bashrc'
    'DDEV_DATABASE' => 'mysql:8.0'
    'PGDATABASE' => 'db'
    'CRAFT_DB_USER' => 'db'
    'DDEV_SCHEME' => 'https'
    'XHPROF_OUTPUT_DIR' => '/tmp/xhprof'
    'COMPOSER_CACHE_DIR' => '/mnt/ddev-global-cache/composer'
    'DDEV_XDEBUG_ENABLED' => 'false'
    'DDEV_DATABASE_FAMILY' => 'mysql'
    'PGHOST' => 'db'
    'DDEV_COMPOSER_ROOT' => '/var/www/html'
    'CRAFT_DB_PASSWORD' => '••'
    'DOCROOT' => 'web'
    'TERMINUS_HIDE_UPDATE_MESSAGE' => '1'
    'PATH' => '/home/omar/bin:/var/www/html/vendor/bin:/usr/local/sbin:/usr/local/bin:/usr/sbin:/usr/bin:/sbin:/bin:/var/www/html/bin:/mnt/ddev-global-cache/global-commands/web'
    'HOST_DOCKER_INTERNAL_IP' => ''
    'DDEV_PROJECT_TYPE' => 'craftcms'
    'DEBIAN_FRONTEND' => 'noninteractive'
    'DDEV_ROUTER_HTTPS_PORT' => '443'
    'EXECIGNORE' => '/var/www/html/vendor/bin/composer'
    'SUPERVISOR_ENABLED' => '1'
    'SUPERVISOR_SERVER_URL' => 'unix:///var/run/supervisor.sock'
    'SUPERVISOR_PROCESS_NAME' => 'php-fpm'
    'SUPERVISOR_GROUP_NAME' => 'php-fpm'
    'HTTP_X_REQUESTED_WITH' => 'XMLHttpRequest'
    'HTTP_X_REGISTERED_JS_FILES' => ''
    'HTTP_X_REGISTERED_ASSET_BUNDLES' => '22e517a2,aee7f8dc,26c46c25,e505ffd6,6b4d7555,bb2f10a0,e5e48399,815d39ea,fc0bc163,1ccab40d,1e21896b,54698ee0,b842675b,1c3c9add,4b1fd285,d8d08e47,8f00ce04,8768f48b,cf3018d6,ec6d0256'
    'HTTP_X_REAL_IP' => '172.18.0.1'
    'HTTP_X_FORWARDED_SERVER' => 'e6a50fd17528'
    'HTTP_X_FORWARDED_PROTO' => 'https'
    'HTTP_X_FORWARDED_PORT' => '443'
    'HTTP_X_FORWARDED_HOST' => 'derschmuckmacher-v3.ddev.site'
    'HTTP_X_FORWARDED_FOR' => '172.18.0.1'
    'HTTP_X_CSRF_TOKEN' => '••••••••••••••••••••••••••••••••••••••••••••••••••••••••••••••••••••••••••••••••••••••••••••••••••••••••••••••••••••••••••••••••••••••••••••••••••••••••••••••••••••••••••••••••••••••••••••••••••••••••••••••••••••••••••••••••••••••••••••••••••••••••••••••••••••••••••••••••••••••••••••••••••••••••••••••••••••••••••••••••••••••••••••••••••••••••••••••••••••••••••••••••••••••••••••••••••••••••'
    'HTTP_TE' => 'trailers'
    'HTTP_SEC_GPC' => '1'
    'HTTP_SEC_FETCH_SITE' => 'same-origin'
    'HTTP_SEC_FETCH_MODE' => 'cors'
    'HTTP_SEC_FETCH_DEST' => 'empty'
    'HTTP_REFERER' => 'https://derschmuckmacher-v3.ddev.site/dW2axQ3b/content/entries/singles?source=singles'
    'HTTP_ORIGIN' => 'https://derschmuckmacher-v3.ddev.site'
    'HTTP_COOKIE' => 'a8b7b1ec9ffb8baf2c6eaa253fe57112_username=26b9ec8568da68d3882e55afaa5d203483c6c5810ee05b5a55c8a0eb10cab93ea%3A2%3A%7Bi%3A0%3Bs%3A41%3A%22a8b7b1ec9ffb8baf2c6eaa253fe57112_username%22%3Bi%3A1%3Bs%3A8%3A%22odegiuli%22%3B%7D; CraftSessionId=biudticgnvahpvc8nukk8ac1vc; CRAFT_CSRF_TOKEN=f24bdf1e9b1a034ee7b31fc7240bdef700af95a681404c14421efa33013a169ca%3A2%3A%7Bi%3A0%3Bs%3A16%3A%22CRAFT_CSRF_TOKEN%22%3Bi%3A1%3Bs%3A147%3A%22o35JaTMOK5SlzzOXxon1Bn7gy1-9PEHqnAYwYjz9%7C89e454564122d06c6a70a599ac0d3b19a34e4201342f82ce4b9247f607434cc9o35JaTMOK5SlzzOXxon1Bn7gy1-9PEHqnAYwYjz9%7C1%22%3B%7D; a8b7b1ec9ffb8baf2c6eaa253fe57112_identity=c05e269f9a86048999710c6067062a4ab8b9b72b60032bdd4aede461abe99f6aa%3A2%3A%7Bi%3A0%3Bs%3A41%3A%22a8b7b1ec9ffb8baf2c6eaa253fe57112_identity%22%3Bi%3A1%3Bs%3A159%3A%22%5B1%2C%22%5B%5C%22y9F6YHmR9qC8Xsvv_urYFspDlXSsXsFbHDHDiokNRXLEUFEEKTo2W7iJ97zgt_AgvxoJgpgTjLnE5pS-azRIHVI1lD_VNxCU5lGK%5C%22%2Cnull%2C%5C%22fd3cbf9ed3a1f5fe86c1a53cec2d55ae%5C%22%5D%22%2C3600%5D%22%3B%7D; Craft-3626ffc1-d0a3-42e3-98aa-37e8aa759561_sidebar=expanded; Craft-3626ffc1-d0a3-42e3-98aa-37e8aa759561_sidebar-details=expanded; cookieconsent_status=allow'
    'HTTP_ACCEPT_LANGUAGE' => 'de,en-US;q=0.9,en;q=0.8'
    'HTTP_ACCEPT_ENCODING' => 'gzip, deflate, br, zstd'
    'HTTP_ACCEPT' => 'application/json, text/plain, */*'
    'HTTP_CONTENT_LENGTH' => '0'
    'HTTP_USER_AGENT' => 'Mozilla/5.0 (Macintosh; Intel Mac OS X 10.15; rv:151.0) Gecko/20100101 Firefox/151.0'
    'HTTP_HOST' => 'derschmuckmacher-v3.ddev.site'
    'HTTPS' => 'on'
    'REDIRECT_STATUS' => '200'
    'SERVER_NAME' => 'derschmuckmacher-v3.ddev.site'
    'SERVER_PORT' => '80'
    'SERVER_ADDR' => '172.18.0.4'
    'REMOTE_PORT' => '57234'
    'REMOTE_ADDR' => '172.18.0.5'
    'SERVER_SOFTWARE' => 'nginx/1.28.0'
    'GATEWAY_INTERFACE' => 'CGI/1.1'
    'REQUEST_SCHEME' => 'http'
    'SERVER_PROTOCOL' => 'HTTP/1.1'
    'DOCUMENT_ROOT' => '/var/www/html/web'
    'DOCUMENT_URI' => '/index.php'
    'REQUEST_URI' => '/index.php?p=dW2axQ3b%2Factions%2Fqueue%2Frun&v=1779892569483'
    'CONTENT_LENGTH' => '0'
    'CONTENT_TYPE' => ''
    'REQUEST_METHOD' => 'POST'
    'QUERY_STRING' => 'p=dW2axQ3b%2Factions%2Fqueue%2Frun&v=1779892569483'
    'SCRIPT_NAME' => '/index.php'
    'SCRIPT_FILENAME' => '/var/www/html/web/index.php'
    'FCGI_ROLE' => 'RESPONDER'
    'PHP_SELF' => '/index.php'
    'REQUEST_TIME_FLOAT' => 1779892569.4867
    'REQUEST_TIME' => 1779892569
    'CRAFT_APP_ID' => 'CraftCMS--3933bc78-29f5-4b79-bcc5-c31faf0fcd20'
    'CRAFT_ENVIRONMENT' => 'dev'
    'ENVIRONMENT' => 'dev'
    'CRAFT_SECURITY_KEY' => '••••••••••••••••••••••••••••••••'
    'CP_TRIGGER' => 'dW2axQ3b'
    'CRAFT_DB_SCHEMA' => 'public'
    'CRAFT_DB_TABLE_PREFIX' => ''
    'CRAFT_DB_CHARSET' => 'utf8mb4'
    'CRAFT_DB_COLLATION' => 'utf8mb4_unicode_ci'
    'DEV_MODE' => 'true'
    'ALLOW_ADMIN_CHANGES' => 'true'
    'DISALLOW_ROBOTS' => 'true'
    'TIMEZONE' => 'Europe/Zurich'
    'CAPTCHA_SITE_KEY' => '••••••••••••••••••••••••••••••••••••••••'
    'CAPTCHA_SECRET_KEY' => '••••••••••••••••••••••••••••••••••••••••'
    'WEB_URL' => 'https://derschmuckmacher-v3.ddev.site'
    'WEB_ROOT' => '/var/www/html/web'
    'ASSETS_BASE_URL' => 'https://derschmuckmacher-v3.ddev.site/public'
    'ASSETS_BASE_PATH' => '/var/www/html/web/public'
    'SCHMUCK_BASE_URL' => 'https://derschmuckmacher-v3.ddev.site/public/uploads/schmuck'
    'SCHMUCK_BASE_PATH' => '/var/www/html/web/public/uploads/schmuck'
    'BILDER_BASE_URL' => 'https://derschmuckmacher-v3.ddev.site/public/uploads/bilder'
    'BILDER_BASE_PATH' => '/var/www/html/web/public/uploads/bilder'
] {"environment":"dev","userId":1} 
2026-05-27 16:46:33 [queue.INFO] [yii\db\Connection::open] Opening DB connection: mysql:host=db;dbname=db;port=3306 {"memory":1101920} 
2026-05-27 16:46:33 [queue.INFO] [yii\web\Session::open] Session started {"memory":1533840} 
2026-05-27 16:46:33 [queue.INFO] [nystudio107\codeeditor\CodeEditor::bootstrap] CodeEditor module bootstrapped {"memory":1555936} 
2026-05-27 16:46:33 [queue.INFO] [adigital\cookieconsentbanner\CookieConsentBanner::init] Cookie Consent Banner plugin loaded {"memory":1773336} 
2026-05-27 16:46:33 [queue.INFO] [miranj\obfuscator\Obfuscator::init] Obfuscator plugin loaded {"memory":2734192} 
2026-05-27 16:46:33 [queue.INFO] [yii\db\Connection::open] Opening DB connection: mysql:host=db;dbname=db;port=3306 {"memory":3028472} 
2026-05-27 16:46:33 [queue.INFO] [craft\queue\QueueLogBehavior::beforeExec]  [40954] t9n:["app","Pruning extra revisions"] (attempt: 1, pid: 2099) - Started {"memory":3087256} 
2026-05-27 16:46:33 [queue.INFO] [craft\queue\QueueLogBehavior::afterExec]  [40954] t9n:["app","Pruning extra revisions"] (attempt: 1, pid: 2099) - Done (time: 0.008s) {"memory":3733784} 
2026-05-27 16:46:33 [queue.INFO] [application] Request context:
$_GET = [
    'p' => 'dW2axQ3b/actions/queue/run'
    'v' => '1779893193753'
]

$_POST = []

$_FILES = []

$_COOKIE = [
    'a8b7b1ec9ffb8baf2c6eaa253fe57112_username' => '26b9ec8568da68d3882e55afaa5d203483c6c5810ee05b5a55c8a0eb10cab93ea:2:{i:0;s:41:\"a8b7b1ec9ffb8baf2c6eaa253fe57112_username\";i:1;s:8:\"odegiuli\";}'
    'CraftSessionId' => 'biudticgnvahpvc8nukk8ac1vc'
    'CRAFT_CSRF_TOKEN' => '••••••••••••••••••••••••••••••••••••••••••••••••••••••••••••••••••••••••••••••••••••••••••••••••••••••••••••••••••••••••••••••••••••••••••••••••••••••••••••••••••••••••••••••••••••••••••••••••••••••••••••••••••••••••••••••••••••••••••••••••••••••••••••••••••'
    'a8b7b1ec9ffb8baf2c6eaa253fe57112_identity' => 'c05e269f9a86048999710c6067062a4ab8b9b72b60032bdd4aede461abe99f6aa:2:{i:0;s:41:\"a8b7b1ec9ffb8baf2c6eaa253fe57112_identity\";i:1;s:159:\"[1,\"[\\\"y9F6YHmR9qC8Xsvv_urYFspDlXSsXsFbHDHDiokNRXLEUFEEKTo2W7iJ97zgt_AgvxoJgpgTjLnE5pS-azRIHVI1lD_VNxCU5lGK\\\",null,\\\"fd3cbf9ed3a1f5fe86c1a53cec2d55ae\\\"]\",3600]\";}'
    'Craft-3626ffc1-d0a3-42e3-98aa-37e8aa759561_sidebar' => 'expanded'
    'Craft-3626ffc1-d0a3-42e3-98aa-37e8aa759561_sidebar-details' => 'expanded'
    'cookieconsent_status' => 'allow'
]

$_SESSION = [
    'a8b7b1ec9ffb8baf2c6eaa253fe57112__token' => '••••••••••••••••••••••••••••••••••••••••••••••••••••••••••••••••••••••••••••••••••••••••••••••••••••'
    'a8b7b1ec9ffb8baf2c6eaa253fe57112__id' => 1
    '__authKey' => '••••••••••••••••••••••••••••••••••••••••••••••••••••••••••••••••••••••••••••••••••••••••••••••••••••••••••••••••••••••••••••••••••••••••••••••••'
    'a8b7b1ec9ffb8baf2c6eaa253fe57112__expire' => 1779896793
    '__duration' => 3600
    '__elevated_timeout' => 1779891115
    '22b6a59deafcfb2ffb13c3adf3d98a3b__auth_access' => [
        0 => 'previewElement:7186'
        1 => 'saveAssets:856a3aeb-b21b-4d41-af3f-0a23db430323'
        2 => 'previewDraft:1050'
        3 => 'previewDraft:1052'
        4 => 'previewDraft:1054'
        5 => 'previewDraft:1056'
        6 => 'previewDraft:1058'
        7 => 'previewDraft:1060'
        8 => 'previewDraft:1062'
        9 => 'previewDraft:1064'
        10 => 'previewDraft:1066'
        11 => 'previewDraft:1068'
        12 => 'previewDraft:1070'
        13 => 'previewDraft:1072'
        14 => 'previewDraft:1074'
        15 => 'editStructure:1'
        16 => 'editStructure:2'
        17 => 'previewDraft:1076'
        18 => 'previewElement:7158'
        19 => 'previewDraft:1078'
        20 => 'previewElement:8582'
    ]
    '22b6a59deafcfb2ffb13c3adf3d98a3b__flash' => []
]

$_SERVER = [
    'DEPLOY_NAME' => 'local'
    'DDEV_WEBSERVER_TYPE' => 'nginx-fpm'
    'npm_config_cache' => '/mnt/ddev-global-cache/npm'
    'COREPACK_ENABLE_DOWNLOAD_PROMPT' => '0'
    'DDEV_GOOS' => 'darwin'
    'IS_DDEV_PROJECT' => 'true'
    'PHP_DEFAULT_VERSION' => '8.3'
    'HOSTNAME' => 'derschmuckmacher-v3-web'
    'MAILPIT_SMTP_PORT' => '1025'
    'MH_SMTP_BIND_ADDR' => '127.0.0.1:1025'
    'DDEV_PRIMARY_URL_WITHOUT_PORT' => 'https://derschmuckmacher-v3.ddev.site'
    'CRAFT_DB_PORT' => '3306'
    'SSH_AUTH_SOCK' => '/home/.ssh-agent/socket'
    'DDEV_GID' => '20'
    'NODE_EXTRA_CA_CERTS' => '/mnt/ddev-global-cache/mkcert/rootCA.pem'
    'DOCKER_IP' => '127.0.0.1'
    'PGPASSWORD' => 'db'
    'CRAFT_WEB_ROOT' => '/var/www/html/web'
    'DDEV_DOCROOT' => 'web'
    'PWD' => '/var/www/html'
    'PLATFORMSH_CLI_UPDATES_CHECK' => '0'
    'DDEV_APPROOT' => '/var/www/html'
    'DDEV_FILES_DIR' => ''
    'START_SCRIPT_TIMEOUT' => '57'
    'APACHE_SITE_TEMPLATE' => '/etc/apache2/apache-site.conf'
    'PHP_INI' => '/etc/php/8.3/fpm/php.ini'
    'DDEV_VERSION' => 'v1.24.10'
    'PRIMARY_SITE_URL' => 'https://derschmuckmacher-v3.ddev.site'
    'TZ' => 'Europe/Zurich'
    'DDEV_XHPROF_MODE' => 'prepend'
    'HTTPS_EXPOSE' => '443:80,8026:8025'
    'COREPACK_HOME' => '/mnt/ddev-global-cache/corepack'
    'CRAFT_DB_DATABASE' => 'db'
    'DDEV_PRIMARY_URL' => 'https://derschmuckmacher-v3.ddev.site'
    'LINES' => '6'
    'DDEV_SITENAME' => 'derschmuckmacher-v3'
    'HOME' => '/home/omar'
    'DRUSH_OPTIONS_URI' => 'https://derschmuckmacher-v3.ddev.site'
    'LANG' => 'C.UTF-8'
    'COLUMNS' => '371'
    'DDEV_MUTAGEN_ENABLED' => 'true'
    'DDEV_USER' => 'omar'
    'PGUSER' => 'db'
    'TERMINUS_CACHE_DIR' => '/mnt/ddev-global-cache/terminus/cache'
    'DDEV_PRIMARY_URL_PORT' => '443'
    'DDEV_ROUTER_HTTP_PORT' => '80'
    'MAILPIT_SMTP_HOSTNAME' => '127.0.0.1'
    'CRAFT_DB_DRIVER' => 'mysql'
    'COMPOSER_PROCESS_TIMEOUT' => '2000'
    'NGINX_SITE_TEMPLATE' => '/etc/nginx/nginx-site.conf'
    'DDEV_FILES_DIRS' => ''
    'CRAFT_DB_SERVER' => 'db'
    'HTTP_EXPOSE' => '80:80,8025:8025'
    'NVM_DIR' => '/home/omar/.nvm'
    'DDEV_PHP_VERSION' => '8.3'
    'DDEV_TLD' => 'ddev.site'
    'DDEV_HOSTNAME' => 'derschmuckmacher-v3.ddev.site'
    'DDEV_PROJECT' => 'derschmuckmacher-v3'
    'DDEV_GOARCH' => 'arm64'
    'VIRTUAL_HOST' => 'derschmuckmacher-v3.ddev.site'
    'TERM' => 'xterm'
    'USER' => 'omar'
    'MYSQL_HISTFILE' => '/mnt/ddev-global-cache/mysqlhistory/derschmuckmacher-v3-web/mysql_history'
    'DDEV_WEB_ENTRYPOINT' => '/mnt/ddev_config/web-entrypoint.d'
    'DDEV_UID' => '501'
    'CAROOT' => '/mnt/ddev-global-cache/mkcert'
    'SHLVL' => '1'
    'COMPOSER_ALLOW_SUPERUSER' => '1'
    'BASH_ENV' => '/etc/bash.nointeractive.bashrc'
    'DDEV_DATABASE' => 'mysql:8.0'
    'PGDATABASE' => 'db'
    'CRAFT_DB_USER' => 'db'
    'DDEV_SCHEME' => 'https'
    'XHPROF_OUTPUT_DIR' => '/tmp/xhprof'
    'COMPOSER_CACHE_DIR' => '/mnt/ddev-global-cache/composer'
    'DDEV_XDEBUG_ENABLED' => 'false'
    'DDEV_DATABASE_FAMILY' => 'mysql'
    'PGHOST' => 'db'
    'DDEV_COMPOSER_ROOT' => '/var/www/html'
    'CRAFT_DB_PASSWORD' => '••'
    'DOCROOT' => 'web'
    'TERMINUS_HIDE_UPDATE_MESSAGE' => '1'
    'PATH' => '/home/omar/bin:/var/www/html/vendor/bin:/usr/local/sbin:/usr/local/bin:/usr/sbin:/usr/bin:/sbin:/bin:/var/www/html/bin:/mnt/ddev-global-cache/global-commands/web'
    'HOST_DOCKER_INTERNAL_IP' => ''
    'DDEV_PROJECT_TYPE' => 'craftcms'
    'DEBIAN_FRONTEND' => 'noninteractive'
    'DDEV_ROUTER_HTTPS_PORT' => '443'
    'EXECIGNORE' => '/var/www/html/vendor/bin/composer'
    'SUPERVISOR_ENABLED' => '1'
    'SUPERVISOR_SERVER_URL' => 'unix:///var/run/supervisor.sock'
    'SUPERVISOR_PROCESS_NAME' => 'php-fpm'
    'SUPERVISOR_GROUP_NAME' => 'php-fpm'
    'HTTP_X_REQUESTED_WITH' => 'XMLHttpRequest'
    'HTTP_X_REGISTERED_JS_FILES' => ''
    'HTTP_X_REGISTERED_ASSET_BUNDLES' => '22e517a2,aee7f8dc,26c46c25,e505ffd6,6b4d7555,bb2f10a0,e5e48399,815d39ea,fc0bc163,1ccab40d,1e21896b,54698ee0,b842675b,1c3c9add,4b1fd285,d8d08e47,8f00ce04,8768f48b,cf3018d6,ec6d0256'
    'HTTP_X_REAL_IP' => '172.18.0.1'
    'HTTP_X_FORWARDED_SERVER' => 'e6a50fd17528'
    'HTTP_X_FORWARDED_PROTO' => 'https'
    'HTTP_X_FORWARDED_PORT' => '443'
    'HTTP_X_FORWARDED_HOST' => 'derschmuckmacher-v3.ddev.site'
    'HTTP_X_FORWARDED_FOR' => '172.18.0.1'
    'HTTP_X_CSRF_TOKEN' => '••••••••••••••••••••••••••••••••••••••••••••••••••••••••••••••••••••••••••••••••••••••••••••••••••••••••••••••••••••••••••••••••••••••••••••••••••••••••••••••••••••••••••••••••••••••••••••••••••••••••••••••••••••••••••••••••••••••••••••••••••••••••••••••••••••••••••••••••••••••••••••••••••••••••••••••••••••••••••••••••••••••••••••••••••••••••••••••••••••••••••••••••••••••••••••••••••••••••'
    'HTTP_TE' => 'trailers'
    'HTTP_SEC_GPC' => '1'
    'HTTP_SEC_FETCH_SITE' => 'same-origin'
    'HTTP_SEC_FETCH_MODE' => 'cors'
    'HTTP_SEC_FETCH_DEST' => 'empty'
    'HTTP_REFERER' => 'https://derschmuckmacher-v3.ddev.site/dW2axQ3b/content/entries/aktuelles?source=section%3Aabbf7c18-fd88-4baf-9a5e-dbccf55f4b56'
    'HTTP_ORIGIN' => 'https://derschmuckmacher-v3.ddev.site'
    'HTTP_COOKIE' => 'a8b7b1ec9ffb8baf2c6eaa253fe57112_username=26b9ec8568da68d3882e55afaa5d203483c6c5810ee05b5a55c8a0eb10cab93ea%3A2%3A%7Bi%3A0%3Bs%3A41%3A%22a8b7b1ec9ffb8baf2c6eaa253fe57112_username%22%3Bi%3A1%3Bs%3A8%3A%22odegiuli%22%3B%7D; CraftSessionId=biudticgnvahpvc8nukk8ac1vc; CRAFT_CSRF_TOKEN=f24bdf1e9b1a034ee7b31fc7240bdef700af95a681404c14421efa33013a169ca%3A2%3A%7Bi%3A0%3Bs%3A16%3A%22CRAFT_CSRF_TOKEN%22%3Bi%3A1%3Bs%3A147%3A%22o35JaTMOK5SlzzOXxon1Bn7gy1-9PEHqnAYwYjz9%7C89e454564122d06c6a70a599ac0d3b19a34e4201342f82ce4b9247f607434cc9o35JaTMOK5SlzzOXxon1Bn7gy1-9PEHqnAYwYjz9%7C1%22%3B%7D; a8b7b1ec9ffb8baf2c6eaa253fe57112_identity=c05e269f9a86048999710c6067062a4ab8b9b72b60032bdd4aede461abe99f6aa%3A2%3A%7Bi%3A0%3Bs%3A41%3A%22a8b7b1ec9ffb8baf2c6eaa253fe57112_identity%22%3Bi%3A1%3Bs%3A159%3A%22%5B1%2C%22%5B%5C%22y9F6YHmR9qC8Xsvv_urYFspDlXSsXsFbHDHDiokNRXLEUFEEKTo2W7iJ97zgt_AgvxoJgpgTjLnE5pS-azRIHVI1lD_VNxCU5lGK%5C%22%2Cnull%2C%5C%22fd3cbf9ed3a1f5fe86c1a53cec2d55ae%5C%22%5D%22%2C3600%5D%22%3B%7D; Craft-3626ffc1-d0a3-42e3-98aa-37e8aa759561_sidebar=expanded; Craft-3626ffc1-d0a3-42e3-98aa-37e8aa759561_sidebar-details=expanded; cookieconsent_status=allow'
    'HTTP_ACCEPT_LANGUAGE' => 'de,en-US;q=0.9,en;q=0.8'
    'HTTP_ACCEPT_ENCODING' => 'gzip, deflate, br, zstd'
    'HTTP_ACCEPT' => 'application/json, text/plain, */*'
    'HTTP_CONTENT_LENGTH' => '0'
    'HTTP_USER_AGENT' => 'Mozilla/5.0 (Macintosh; Intel Mac OS X 10.15; rv:151.0) Gecko/20100101 Firefox/151.0'
    'HTTP_HOST' => 'derschmuckmacher-v3.ddev.site'
    'HTTPS' => 'on'
    'REDIRECT_STATUS' => '200'
    'SERVER_NAME' => 'derschmuckmacher-v3.ddev.site'
    'SERVER_PORT' => '80'
    'SERVER_ADDR' => '172.18.0.4'
    'REMOTE_PORT' => '48296'
    'REMOTE_ADDR' => '172.18.0.5'
    'SERVER_SOFTWARE' => 'nginx/1.28.0'
    'GATEWAY_INTERFACE' => 'CGI/1.1'
    'REQUEST_SCHEME' => 'http'
    'SERVER_PROTOCOL' => 'HTTP/1.1'
    'DOCUMENT_ROOT' => '/var/www/html/web'
    'DOCUMENT_URI' => '/index.php'
    'REQUEST_URI' => '/index.php?p=dW2axQ3b%2Factions%2Fqueue%2Frun&v=1779893193753'
    'CONTENT_LENGTH' => '0'
    'CONTENT_TYPE' => ''
    'REQUEST_METHOD' => 'POST'
    'QUERY_STRING' => 'p=dW2axQ3b%2Factions%2Fqueue%2Frun&v=1779893193753'
    'SCRIPT_NAME' => '/index.php'
    'SCRIPT_FILENAME' => '/var/www/html/web/index.php'
    'FCGI_ROLE' => 'RESPONDER'
    'PHP_SELF' => '/index.php'
    'REQUEST_TIME_FLOAT' => 1779893193.76
    'REQUEST_TIME' => 1779893193
    'CRAFT_APP_ID' => 'CraftCMS--3933bc78-29f5-4b79-bcc5-c31faf0fcd20'
    'CRAFT_ENVIRONMENT' => 'dev'
    'ENVIRONMENT' => 'dev'
    'CRAFT_SECURITY_KEY' => '••••••••••••••••••••••••••••••••'
    'CP_TRIGGER' => 'dW2axQ3b'
    'CRAFT_DB_SCHEMA' => 'public'
    'CRAFT_DB_TABLE_PREFIX' => ''
    'CRAFT_DB_CHARSET' => 'utf8mb4'
    'CRAFT_DB_COLLATION' => 'utf8mb4_unicode_ci'
    'DEV_MODE' => 'true'
    'ALLOW_ADMIN_CHANGES' => 'true'
    'DISALLOW_ROBOTS' => 'true'
    'TIMEZONE' => 'Europe/Zurich'
    'CAPTCHA_SITE_KEY' => '••••••••••••••••••••••••••••••••••••••••'
    'CAPTCHA_SECRET_KEY' => '••••••••••••••••••••••••••••••••••••••••'
    'WEB_URL' => 'https://derschmuckmacher-v3.ddev.site'
    'WEB_ROOT' => '/var/www/html/web'
    'ASSETS_BASE_URL' => 'https://derschmuckmacher-v3.ddev.site/public'
    'ASSETS_BASE_PATH' => '/var/www/html/web/public'
    'SCHMUCK_BASE_URL' => 'https://derschmuckmacher-v3.ddev.site/public/uploads/schmuck'
    'SCHMUCK_BASE_PATH' => '/var/www/html/web/public/uploads/schmuck'
    'BILDER_BASE_URL' => 'https://derschmuckmacher-v3.ddev.site/public/uploads/bilder'
    'BILDER_BASE_PATH' => '/var/www/html/web/public/uploads/bilder'
] {"environment":"dev","userId":1} 
2026-05-27 16:46:55 [queue.INFO] [yii\db\Connection::open] Opening DB connection: mysql:host=db;dbname=db;port=3306 {"memory":1101920} 
2026-05-27 16:46:55 [queue.INFO] [yii\web\Session::open] Session started {"memory":1529160} 
2026-05-27 16:46:55 [queue.INFO] [nystudio107\codeeditor\CodeEditor::bootstrap] CodeEditor module bootstrapped {"memory":1553496} 
2026-05-27 16:46:55 [queue.INFO] [adigital\cookieconsentbanner\CookieConsentBanner::init] Cookie Consent Banner plugin loaded {"memory":1770896} 
2026-05-27 16:46:55 [queue.INFO] [miranj\obfuscator\Obfuscator::init] Obfuscator plugin loaded {"memory":2731752} 
2026-05-27 16:46:55 [queue.INFO] [yii\db\Connection::open] Opening DB connection: mysql:host=db;dbname=db;port=3306 {"memory":3004192} 
2026-05-27 16:46:55 [queue.INFO] [craft\queue\QueueLogBehavior::beforeExec]  [40955] t9n:["app","Updating search indexes"] (attempt: 1, pid: 2478) - Started {"memory":3062976} 
2026-05-27 16:46:55 [queue.INFO] [craft\queue\QueueLogBehavior::afterExec]  [40955] t9n:["app","Updating search indexes"] (attempt: 1, pid: 2478) - Done (time: 0.012s) {"memory":3664568} 
2026-05-27 16:46:55 [queue.INFO] [craft\queue\QueueLogBehavior::beforeExec]  [40956] t9n:["app","Updating search indexes"] (attempt: 1, pid: 2478) - Started {"memory":3672600} 
2026-05-27 16:46:55 [queue.INFO] [craft\queue\QueueLogBehavior::afterExec]  [40956] t9n:["app","Updating search indexes"] (attempt: 1, pid: 2478) - Done (time: 0.000s) {"memory":3674024} 
2026-05-27 16:46:55 [queue.INFO] [craft\queue\QueueLogBehavior::beforeExec]  [40957] t9n:["app","Updating search indexes"] (attempt: 1, pid: 2478) - Started {"memory":3682008} 
2026-05-27 16:46:55 [queue.INFO] [craft\queue\QueueLogBehavior::afterExec]  [40957] t9n:["app","Updating search indexes"] (attempt: 1, pid: 2478) - Done (time: 0.000s) {"memory":3683432} 
2026-05-27 16:46:55 [queue.INFO] [craft\queue\QueueLogBehavior::beforeExec]  [40958] t9n:["app","Updating search indexes"] (attempt: 1, pid: 2478) - Started {"memory":3691416} 
2026-05-27 16:46:55 [queue.INFO] [craft\queue\QueueLogBehavior::afterExec]  [40958] t9n:["app","Updating search indexes"] (attempt: 1, pid: 2478) - Done (time: 0.000s) {"memory":3696936} 
2026-05-27 16:46:55 [queue.INFO] [craft\queue\QueueLogBehavior::beforeExec]  [40959] t9n:["app","Updating search indexes"] (attempt: 1, pid: 2478) - Started {"memory":3705240} 
2026-05-27 16:46:55 [queue.INFO] [craft\queue\QueueLogBehavior::afterExec]  [40959] t9n:["app","Updating search indexes"] (attempt: 1, pid: 2478) - Done (time: 0.000s) {"memory":3706664} 
2026-05-27 16:46:55 [queue.INFO] [craft\queue\QueueLogBehavior::beforeExec]  [40960] t9n:["app","Updating search indexes"] (attempt: 1, pid: 2478) - Started {"memory":3714648} 
2026-05-27 16:46:55 [queue.INFO] [craft\queue\QueueLogBehavior::afterExec]  [40960] t9n:["app","Updating search indexes"] (attempt: 1, pid: 2478) - Done (time: 0.000s) {"memory":3716072} 
2026-05-27 16:46:55 [queue.INFO] [craft\queue\QueueLogBehavior::beforeExec]  [40961] t9n:["app","Updating search indexes"] (attempt: 1, pid: 2478) - Started {"memory":3724056} 
2026-05-27 16:46:55 [queue.INFO] [craft\queue\QueueLogBehavior::afterExec]  [40961] t9n:["app","Updating search indexes"] (attempt: 1, pid: 2478) - Done (time: 0.010s) {"memory":5200352} 
2026-05-27 16:46:55 [queue.INFO] [craft\queue\QueueLogBehavior::beforeExec]  [40962] t9n:["app","Pruning extra revisions"] (attempt: 1, pid: 2478) - Started {"memory":5208336} 
2026-05-27 16:46:55 [queue.INFO] [craft\queue\QueueLogBehavior::afterExec]  [40962] t9n:["app","Pruning extra revisions"] (attempt: 1, pid: 2478) - Done (time: 0.001s) {"memory":5307872} 
2026-05-27 16:46:55 [queue.INFO] [application] Request context:
$_GET = [
    'p' => 'dW2axQ3b/actions/queue/run'
    'v' => '1779893214945'
]

$_POST = []

$_FILES = []

$_COOKIE = [
    'a8b7b1ec9ffb8baf2c6eaa253fe57112_username' => '26b9ec8568da68d3882e55afaa5d203483c6c5810ee05b5a55c8a0eb10cab93ea:2:{i:0;s:41:\"a8b7b1ec9ffb8baf2c6eaa253fe57112_username\";i:1;s:8:\"odegiuli\";}'
    'CraftSessionId' => 'biudticgnvahpvc8nukk8ac1vc'
    'CRAFT_CSRF_TOKEN' => '••••••••••••••••••••••••••••••••••••••••••••••••••••••••••••••••••••••••••••••••••••••••••••••••••••••••••••••••••••••••••••••••••••••••••••••••••••••••••••••••••••••••••••••••••••••••••••••••••••••••••••••••••••••••••••••••••••••••••••••••••••••••••••••••••'
    'a8b7b1ec9ffb8baf2c6eaa253fe57112_identity' => 'c05e269f9a86048999710c6067062a4ab8b9b72b60032bdd4aede461abe99f6aa:2:{i:0;s:41:\"a8b7b1ec9ffb8baf2c6eaa253fe57112_identity\";i:1;s:159:\"[1,\"[\\\"y9F6YHmR9qC8Xsvv_urYFspDlXSsXsFbHDHDiokNRXLEUFEEKTo2W7iJ97zgt_AgvxoJgpgTjLnE5pS-azRIHVI1lD_VNxCU5lGK\\\",null,\\\"fd3cbf9ed3a1f5fe86c1a53cec2d55ae\\\"]\",3600]\";}'
    'Craft-3626ffc1-d0a3-42e3-98aa-37e8aa759561_sidebar' => 'expanded'
    'Craft-3626ffc1-d0a3-42e3-98aa-37e8aa759561_sidebar-details' => 'expanded'
    'cookieconsent_status' => 'allow'
]

$_SESSION = [
    'a8b7b1ec9ffb8baf2c6eaa253fe57112__token' => '••••••••••••••••••••••••••••••••••••••••••••••••••••••••••••••••••••••••••••••••••••••••••••••••••••'
    'a8b7b1ec9ffb8baf2c6eaa253fe57112__id' => 1
    '__authKey' => '••••••••••••••••••••••••••••••••••••••••••••••••••••••••••••••••••••••••••••••••••••••••••••••••••••••••••••••••••••••••••••••••••••••••••••••••'
    'a8b7b1ec9ffb8baf2c6eaa253fe57112__expire' => 1779896815
    '__duration' => 3600
    '__elevated_timeout' => 1779891115
    '22b6a59deafcfb2ffb13c3adf3d98a3b__auth_access' => [
        0 => 'previewElement:7186'
        1 => 'saveAssets:856a3aeb-b21b-4d41-af3f-0a23db430323'
        2 => 'previewDraft:1050'
        3 => 'previewDraft:1052'
        4 => 'previewDraft:1054'
        5 => 'previewDraft:1056'
        6 => 'previewDraft:1058'
        7 => 'previewDraft:1060'
        8 => 'previewDraft:1062'
        9 => 'previewDraft:1064'
        10 => 'previewDraft:1066'
        11 => 'previewDraft:1068'
        12 => 'previewDraft:1070'
        13 => 'previewDraft:1072'
        14 => 'previewDraft:1074'
        15 => 'editStructure:1'
        16 => 'editStructure:2'
        17 => 'previewDraft:1076'
        18 => 'previewElement:7158'
        19 => 'previewDraft:1078'
        20 => 'previewElement:8582'
        21 => 'previewDraft:1080'
    ]
    '22b6a59deafcfb2ffb13c3adf3d98a3b__flash' => []
]

$_SERVER = [
    'DEPLOY_NAME' => 'local'
    'DDEV_WEBSERVER_TYPE' => 'nginx-fpm'
    'npm_config_cache' => '/mnt/ddev-global-cache/npm'
    'COREPACK_ENABLE_DOWNLOAD_PROMPT' => '0'
    'DDEV_GOOS' => 'darwin'
    'IS_DDEV_PROJECT' => 'true'
    'PHP_DEFAULT_VERSION' => '8.3'
    'HOSTNAME' => 'derschmuckmacher-v3-web'
    'MAILPIT_SMTP_PORT' => '1025'
    'MH_SMTP_BIND_ADDR' => '127.0.0.1:1025'
    'DDEV_PRIMARY_URL_WITHOUT_PORT' => 'https://derschmuckmacher-v3.ddev.site'
    'CRAFT_DB_PORT' => '3306'
    'SSH_AUTH_SOCK' => '/home/.ssh-agent/socket'
    'DDEV_GID' => '20'
    'NODE_EXTRA_CA_CERTS' => '/mnt/ddev-global-cache/mkcert/rootCA.pem'
    'DOCKER_IP' => '127.0.0.1'
    'PGPASSWORD' => 'db'
    'CRAFT_WEB_ROOT' => '/var/www/html/web'
    'DDEV_DOCROOT' => 'web'
    'PWD' => '/var/www/html'
    'PLATFORMSH_CLI_UPDATES_CHECK' => '0'
    'DDEV_APPROOT' => '/var/www/html'
    'DDEV_FILES_DIR' => ''
    'START_SCRIPT_TIMEOUT' => '57'
    'APACHE_SITE_TEMPLATE' => '/etc/apache2/apache-site.conf'
    'PHP_INI' => '/etc/php/8.3/fpm/php.ini'
    'DDEV_VERSION' => 'v1.24.10'
    'PRIMARY_SITE_URL' => 'https://derschmuckmacher-v3.ddev.site'
    'TZ' => 'Europe/Zurich'
    'DDEV_XHPROF_MODE' => 'prepend'
    'HTTPS_EXPOSE' => '443:80,8026:8025'
    'COREPACK_HOME' => '/mnt/ddev-global-cache/corepack'
    'CRAFT_DB_DATABASE' => 'db'
    'DDEV_PRIMARY_URL' => 'https://derschmuckmacher-v3.ddev.site'
    'LINES' => '6'
    'DDEV_SITENAME' => 'derschmuckmacher-v3'
    'HOME' => '/home/omar'
    'DRUSH_OPTIONS_URI' => 'https://derschmuckmacher-v3.ddev.site'
    'LANG' => 'C.UTF-8'
    'COLUMNS' => '371'
    'DDEV_MUTAGEN_ENABLED' => 'true'
    'DDEV_USER' => 'omar'
    'PGUSER' => 'db'
    'TERMINUS_CACHE_DIR' => '/mnt/ddev-global-cache/terminus/cache'
    'DDEV_PRIMARY_URL_PORT' => '443'
    'DDEV_ROUTER_HTTP_PORT' => '80'
    'MAILPIT_SMTP_HOSTNAME' => '127.0.0.1'
    'CRAFT_DB_DRIVER' => 'mysql'
    'COMPOSER_PROCESS_TIMEOUT' => '2000'
    'NGINX_SITE_TEMPLATE' => '/etc/nginx/nginx-site.conf'
    'DDEV_FILES_DIRS' => ''
    'CRAFT_DB_SERVER' => 'db'
    'HTTP_EXPOSE' => '80:80,8025:8025'
    'NVM_DIR' => '/home/omar/.nvm'
    'DDEV_PHP_VERSION' => '8.3'
    'DDEV_TLD' => 'ddev.site'
    'DDEV_HOSTNAME' => 'derschmuckmacher-v3.ddev.site'
    'DDEV_PROJECT' => 'derschmuckmacher-v3'
    'DDEV_GOARCH' => 'arm64'
    'VIRTUAL_HOST' => 'derschmuckmacher-v3.ddev.site'
    'TERM' => 'xterm'
    'USER' => 'omar'
    'MYSQL_HISTFILE' => '/mnt/ddev-global-cache/mysqlhistory/derschmuckmacher-v3-web/mysql_history'
    'DDEV_WEB_ENTRYPOINT' => '/mnt/ddev_config/web-entrypoint.d'
    'DDEV_UID' => '501'
    'CAROOT' => '/mnt/ddev-global-cache/mkcert'
    'SHLVL' => '1'
    'COMPOSER_ALLOW_SUPERUSER' => '1'
    'BASH_ENV' => '/etc/bash.nointeractive.bashrc'
    'DDEV_DATABASE' => 'mysql:8.0'
    'PGDATABASE' => 'db'
    'CRAFT_DB_USER' => 'db'
    'DDEV_SCHEME' => 'https'
    'XHPROF_OUTPUT_DIR' => '/tmp/xhprof'
    'COMPOSER_CACHE_DIR' => '/mnt/ddev-global-cache/composer'
    'DDEV_XDEBUG_ENABLED' => 'false'
    'DDEV_DATABASE_FAMILY' => 'mysql'
    'PGHOST' => 'db'
    'DDEV_COMPOSER_ROOT' => '/var/www/html'
    'CRAFT_DB_PASSWORD' => '••'
    'DOCROOT' => 'web'
    'TERMINUS_HIDE_UPDATE_MESSAGE' => '1'
    'PATH' => '/home/omar/bin:/var/www/html/vendor/bin:/usr/local/sbin:/usr/local/bin:/usr/sbin:/usr/bin:/sbin:/bin:/var/www/html/bin:/mnt/ddev-global-cache/global-commands/web'
    'HOST_DOCKER_INTERNAL_IP' => ''
    'DDEV_PROJECT_TYPE' => 'craftcms'
    'DEBIAN_FRONTEND' => 'noninteractive'
    'DDEV_ROUTER_HTTPS_PORT' => '443'
    'EXECIGNORE' => '/var/www/html/vendor/bin/composer'
    'SUPERVISOR_ENABLED' => '1'
    'SUPERVISOR_SERVER_URL' => 'unix:///var/run/supervisor.sock'
    'SUPERVISOR_PROCESS_NAME' => 'php-fpm'
    'SUPERVISOR_GROUP_NAME' => 'php-fpm'
    'HTTP_X_REQUESTED_WITH' => 'XMLHttpRequest'
    'HTTP_X_REGISTERED_JS_FILES' => ''
    'HTTP_X_REGISTERED_ASSET_BUNDLES' => '22e517a2,aee7f8dc,26c46c25,e505ffd6,6b4d7555,bb2f10a0,e5e48399,815d39ea,fc0bc163,1ccab40d,1e21896b,54698ee0,b842675b,1c3c9add,4b1fd285,d8d08e47,8f00ce04,8768f48b,cf3018d6,ec6d0256'
    'HTTP_X_REAL_IP' => '172.18.0.1'
    'HTTP_X_FORWARDED_SERVER' => 'e6a50fd17528'
    'HTTP_X_FORWARDED_PROTO' => 'https'
    'HTTP_X_FORWARDED_PORT' => '443'
    'HTTP_X_FORWARDED_HOST' => 'derschmuckmacher-v3.ddev.site'
    'HTTP_X_FORWARDED_FOR' => '172.18.0.1'
    'HTTP_X_CSRF_TOKEN' => '••••••••••••••••••••••••••••••••••••••••••••••••••••••••••••••••••••••••••••••••••••••••••••••••••••••••••••••••••••••••••••••••••••••••••••••••••••••••••••••••••••••••••••••••••••••••••••••••••••••••••••••••••••••••••••••••••••••••••••••••••••••••••••••••••••••••••••••••••••••••••••••••••••••••••••••••••••••••••••••••••••••••••••••••••••••••••••••••••••••••••••••••••••••••••••••••••••••••'
    'HTTP_TE' => 'trailers'
    'HTTP_SEC_GPC' => '1'
    'HTTP_SEC_FETCH_SITE' => 'same-origin'
    'HTTP_SEC_FETCH_MODE' => 'cors'
    'HTTP_SEC_FETCH_DEST' => 'empty'
    'HTTP_REFERER' => 'https://derschmuckmacher-v3.ddev.site/dW2axQ3b/content/entries/aktuelles?source=section%3Aabbf7c18-fd88-4baf-9a5e-dbccf55f4b56'
    'HTTP_ORIGIN' => 'https://derschmuckmacher-v3.ddev.site'
    'HTTP_COOKIE' => 'a8b7b1ec9ffb8baf2c6eaa253fe57112_username=26b9ec8568da68d3882e55afaa5d203483c6c5810ee05b5a55c8a0eb10cab93ea%3A2%3A%7Bi%3A0%3Bs%3A41%3A%22a8b7b1ec9ffb8baf2c6eaa253fe57112_username%22%3Bi%3A1%3Bs%3A8%3A%22odegiuli%22%3B%7D; CraftSessionId=biudticgnvahpvc8nukk8ac1vc; CRAFT_CSRF_TOKEN=f24bdf1e9b1a034ee7b31fc7240bdef700af95a681404c14421efa33013a169ca%3A2%3A%7Bi%3A0%3Bs%3A16%3A%22CRAFT_CSRF_TOKEN%22%3Bi%3A1%3Bs%3A147%3A%22o35JaTMOK5SlzzOXxon1Bn7gy1-9PEHqnAYwYjz9%7C89e454564122d06c6a70a599ac0d3b19a34e4201342f82ce4b9247f607434cc9o35JaTMOK5SlzzOXxon1Bn7gy1-9PEHqnAYwYjz9%7C1%22%3B%7D; a8b7b1ec9ffb8baf2c6eaa253fe57112_identity=c05e269f9a86048999710c6067062a4ab8b9b72b60032bdd4aede461abe99f6aa%3A2%3A%7Bi%3A0%3Bs%3A41%3A%22a8b7b1ec9ffb8baf2c6eaa253fe57112_identity%22%3Bi%3A1%3Bs%3A159%3A%22%5B1%2C%22%5B%5C%22y9F6YHmR9qC8Xsvv_urYFspDlXSsXsFbHDHDiokNRXLEUFEEKTo2W7iJ97zgt_AgvxoJgpgTjLnE5pS-azRIHVI1lD_VNxCU5lGK%5C%22%2Cnull%2C%5C%22fd3cbf9ed3a1f5fe86c1a53cec2d55ae%5C%22%5D%22%2C3600%5D%22%3B%7D; Craft-3626ffc1-d0a3-42e3-98aa-37e8aa759561_sidebar=expanded; Craft-3626ffc1-d0a3-42e3-98aa-37e8aa759561_sidebar-details=expanded; cookieconsent_status=allow'
    'HTTP_ACCEPT_LANGUAGE' => 'de,en-US;q=0.9,en;q=0.8'
    'HTTP_ACCEPT_ENCODING' => 'gzip, deflate, br, zstd'
    'HTTP_ACCEPT' => 'application/json, text/plain, */*'
    'HTTP_CONTENT_LENGTH' => '0'
    'HTTP_USER_AGENT' => 'Mozilla/5.0 (Macintosh; Intel Mac OS X 10.15; rv:151.0) Gecko/20100101 Firefox/151.0'
    'HTTP_HOST' => 'derschmuckmacher-v3.ddev.site'
    'HTTPS' => 'on'
    'REDIRECT_STATUS' => '200'
    'SERVER_NAME' => 'derschmuckmacher-v3.ddev.site'
    'SERVER_PORT' => '80'
    'SERVER_ADDR' => '172.18.0.4'
    'REMOTE_PORT' => '40004'
    'REMOTE_ADDR' => '172.18.0.5'
    'SERVER_SOFTWARE' => 'nginx/1.28.0'
    'GATEWAY_INTERFACE' => 'CGI/1.1'
    'REQUEST_SCHEME' => 'http'
    'SERVER_PROTOCOL' => 'HTTP/1.1'
    'DOCUMENT_ROOT' => '/var/www/html/web'
    'DOCUMENT_URI' => '/index.php'
    'REQUEST_URI' => '/index.php?p=dW2axQ3b%2Factions%2Fqueue%2Frun&v=1779893214945'
    'CONTENT_LENGTH' => '0'
    'CONTENT_TYPE' => ''
    'REQUEST_METHOD' => 'POST'
    'QUERY_STRING' => 'p=dW2axQ3b%2Factions%2Fqueue%2Frun&v=1779893214945'
    'SCRIPT_NAME' => '/index.php'
    'SCRIPT_FILENAME' => '/var/www/html/web/index.php'
    'FCGI_ROLE' => 'RESPONDER'
    'PHP_SELF' => '/index.php'
    'REQUEST_TIME_FLOAT' => 1779893214.954
    'REQUEST_TIME' => 1779893214
    'CRAFT_APP_ID' => 'CraftCMS--3933bc78-29f5-4b79-bcc5-c31faf0fcd20'
    'CRAFT_ENVIRONMENT' => 'dev'
    'ENVIRONMENT' => 'dev'
    'CRAFT_SECURITY_KEY' => '••••••••••••••••••••••••••••••••'
    'CP_TRIGGER' => 'dW2axQ3b'
    'CRAFT_DB_SCHEMA' => 'public'
    'CRAFT_DB_TABLE_PREFIX' => ''
    'CRAFT_DB_CHARSET' => 'utf8mb4'
    'CRAFT_DB_COLLATION' => 'utf8mb4_unicode_ci'
    'DEV_MODE' => 'true'
    'ALLOW_ADMIN_CHANGES' => 'true'
    'DISALLOW_ROBOTS' => 'true'
    'TIMEZONE' => 'Europe/Zurich'
    'CAPTCHA_SITE_KEY' => '••••••••••••••••••••••••••••••••••••••••'
    'CAPTCHA_SECRET_KEY' => '••••••••••••••••••••••••••••••••••••••••'
    'WEB_URL' => 'https://derschmuckmacher-v3.ddev.site'
    'WEB_ROOT' => '/var/www/html/web'
    'ASSETS_BASE_URL' => 'https://derschmuckmacher-v3.ddev.site/public'
    'ASSETS_BASE_PATH' => '/var/www/html/web/public'
    'SCHMUCK_BASE_URL' => 'https://derschmuckmacher-v3.ddev.site/public/uploads/schmuck'
    'SCHMUCK_BASE_PATH' => '/var/www/html/web/public/uploads/schmuck'
    'BILDER_BASE_URL' => 'https://derschmuckmacher-v3.ddev.site/public/uploads/bilder'
    'BILDER_BASE_PATH' => '/var/www/html/web/public/uploads/bilder'
] {"environment":"dev","userId":1} 
2026-05-27 16:49:07 [queue.INFO] [yii\db\Connection::open] Opening DB connection: mysql:host=db;dbname=db;port=3306 {"memory":1102304} 
2026-05-27 16:49:07 [queue.INFO] [yii\web\Session::open] Session started {"memory":1531072} 
2026-05-27 16:49:07 [queue.INFO] [nystudio107\codeeditor\CodeEditor::bootstrap] CodeEditor module bootstrapped {"memory":1555408} 
2026-05-27 16:49:07 [queue.INFO] [adigital\cookieconsentbanner\CookieConsentBanner::init] Cookie Consent Banner plugin loaded {"memory":1772952} 
2026-05-27 16:49:07 [queue.INFO] [miranj\obfuscator\Obfuscator::init] Obfuscator plugin loaded {"memory":2733808} 
2026-05-27 16:49:07 [queue.INFO] [yii\db\Connection::open] Opening DB connection: mysql:host=db;dbname=db;port=3306 {"memory":3028296} 
2026-05-27 16:49:07 [queue.INFO] [craft\queue\QueueLogBehavior::beforeExec]  [40963] t9n:["app","Pruning extra revisions"] (attempt: 1, pid: 2478) - Started {"memory":3087080} 
2026-05-27 16:49:07 [queue.INFO] [craft\queue\QueueLogBehavior::afterExec]  [40963] t9n:["app","Pruning extra revisions"] (attempt: 1, pid: 2478) - Done (time: 0.009s) {"memory":3746184} 
2026-05-27 16:49:07 [queue.INFO] [application] Request context:
$_GET = [
    'p' => 'dW2axQ3b/actions/queue/run'
    'v' => '1779893347197'
]

$_POST = []

$_FILES = []

$_COOKIE = [
    'a8b7b1ec9ffb8baf2c6eaa253fe57112_username' => '26b9ec8568da68d3882e55afaa5d203483c6c5810ee05b5a55c8a0eb10cab93ea:2:{i:0;s:41:\"a8b7b1ec9ffb8baf2c6eaa253fe57112_username\";i:1;s:8:\"odegiuli\";}'
    'CraftSessionId' => 'biudticgnvahpvc8nukk8ac1vc'
    'CRAFT_CSRF_TOKEN' => '••••••••••••••••••••••••••••••••••••••••••••••••••••••••••••••••••••••••••••••••••••••••••••••••••••••••••••••••••••••••••••••••••••••••••••••••••••••••••••••••••••••••••••••••••••••••••••••••••••••••••••••••••••••••••••••••••••••••••••••••••••••••••••••••••'
    'a8b7b1ec9ffb8baf2c6eaa253fe57112_identity' => 'c05e269f9a86048999710c6067062a4ab8b9b72b60032bdd4aede461abe99f6aa:2:{i:0;s:41:\"a8b7b1ec9ffb8baf2c6eaa253fe57112_identity\";i:1;s:159:\"[1,\"[\\\"y9F6YHmR9qC8Xsvv_urYFspDlXSsXsFbHDHDiokNRXLEUFEEKTo2W7iJ97zgt_AgvxoJgpgTjLnE5pS-azRIHVI1lD_VNxCU5lGK\\\",null,\\\"fd3cbf9ed3a1f5fe86c1a53cec2d55ae\\\"]\",3600]\";}'
    'Craft-3626ffc1-d0a3-42e3-98aa-37e8aa759561_sidebar' => 'expanded'
    'Craft-3626ffc1-d0a3-42e3-98aa-37e8aa759561_sidebar-details' => 'expanded'
    'cookieconsent_status' => 'allow'
]

$_SESSION = [
    'a8b7b1ec9ffb8baf2c6eaa253fe57112__token' => '••••••••••••••••••••••••••••••••••••••••••••••••••••••••••••••••••••••••••••••••••••••••••••••••••••'
    'a8b7b1ec9ffb8baf2c6eaa253fe57112__id' => 1
    '__authKey' => '••••••••••••••••••••••••••••••••••••••••••••••••••••••••••••••••••••••••••••••••••••••••••••••••••••••••••••••••••••••••••••••••••••••••••••••••'
    'a8b7b1ec9ffb8baf2c6eaa253fe57112__expire' => 1779896947
    '__duration' => 3600
    '__elevated_timeout' => 1779891115
    '22b6a59deafcfb2ffb13c3adf3d98a3b__auth_access' => [
        0 => 'previewElement:7186'
        1 => 'saveAssets:856a3aeb-b21b-4d41-af3f-0a23db430323'
        2 => 'previewDraft:1050'
        3 => 'previewDraft:1052'
        4 => 'previewDraft:1054'
        5 => 'previewDraft:1056'
        6 => 'previewDraft:1058'
        7 => 'previewDraft:1060'
        8 => 'previewDraft:1062'
        9 => 'previewDraft:1064'
        10 => 'previewDraft:1066'
        11 => 'previewDraft:1068'
        12 => 'previewDraft:1070'
        13 => 'previewDraft:1072'
        14 => 'previewDraft:1074'
        15 => 'editStructure:1'
        16 => 'editStructure:2'
        17 => 'previewDraft:1076'
        18 => 'previewElement:7158'
        19 => 'previewDraft:1078'
        20 => 'previewElement:8582'
        21 => 'previewDraft:1080'
    ]
    '22b6a59deafcfb2ffb13c3adf3d98a3b__flash' => []
]

$_SERVER = [
    'DEPLOY_NAME' => 'local'
    'DDEV_WEBSERVER_TYPE' => 'nginx-fpm'
    'npm_config_cache' => '/mnt/ddev-global-cache/npm'
    'COREPACK_ENABLE_DOWNLOAD_PROMPT' => '0'
    'DDEV_GOOS' => 'darwin'
    'IS_DDEV_PROJECT' => 'true'
    'PHP_DEFAULT_VERSION' => '8.3'
    'HOSTNAME' => 'derschmuckmacher-v3-web'
    'MAILPIT_SMTP_PORT' => '1025'
    'MH_SMTP_BIND_ADDR' => '127.0.0.1:1025'
    'DDEV_PRIMARY_URL_WITHOUT_PORT' => 'https://derschmuckmacher-v3.ddev.site'
    'CRAFT_DB_PORT' => '3306'
    'SSH_AUTH_SOCK' => '/home/.ssh-agent/socket'
    'DDEV_GID' => '20'
    'NODE_EXTRA_CA_CERTS' => '/mnt/ddev-global-cache/mkcert/rootCA.pem'
    'DOCKER_IP' => '127.0.0.1'
    'PGPASSWORD' => 'db'
    'CRAFT_WEB_ROOT' => '/var/www/html/web'
    'DDEV_DOCROOT' => 'web'
    'PWD' => '/var/www/html'
    'PLATFORMSH_CLI_UPDATES_CHECK' => '0'
    'DDEV_APPROOT' => '/var/www/html'
    'DDEV_FILES_DIR' => ''
    'START_SCRIPT_TIMEOUT' => '57'
    'APACHE_SITE_TEMPLATE' => '/etc/apache2/apache-site.conf'
    'PHP_INI' => '/etc/php/8.3/fpm/php.ini'
    'DDEV_VERSION' => 'v1.24.10'
    'PRIMARY_SITE_URL' => 'https://derschmuckmacher-v3.ddev.site'
    'TZ' => 'Europe/Zurich'
    'DDEV_XHPROF_MODE' => 'prepend'
    'HTTPS_EXPOSE' => '443:80,8026:8025'
    'COREPACK_HOME' => '/mnt/ddev-global-cache/corepack'
    'CRAFT_DB_DATABASE' => 'db'
    'DDEV_PRIMARY_URL' => 'https://derschmuckmacher-v3.ddev.site'
    'LINES' => '6'
    'DDEV_SITENAME' => 'derschmuckmacher-v3'
    'HOME' => '/home/omar'
    'DRUSH_OPTIONS_URI' => 'https://derschmuckmacher-v3.ddev.site'
    'LANG' => 'C.UTF-8'
    'COLUMNS' => '371'
    'DDEV_MUTAGEN_ENABLED' => 'true'
    'DDEV_USER' => 'omar'
    'PGUSER' => 'db'
    'TERMINUS_CACHE_DIR' => '/mnt/ddev-global-cache/terminus/cache'
    'DDEV_PRIMARY_URL_PORT' => '443'
    'DDEV_ROUTER_HTTP_PORT' => '80'
    'MAILPIT_SMTP_HOSTNAME' => '127.0.0.1'
    'CRAFT_DB_DRIVER' => 'mysql'
    'COMPOSER_PROCESS_TIMEOUT' => '2000'
    'NGINX_SITE_TEMPLATE' => '/etc/nginx/nginx-site.conf'
    'DDEV_FILES_DIRS' => ''
    'CRAFT_DB_SERVER' => 'db'
    'HTTP_EXPOSE' => '80:80,8025:8025'
    'NVM_DIR' => '/home/omar/.nvm'
    'DDEV_PHP_VERSION' => '8.3'
    'DDEV_TLD' => 'ddev.site'
    'DDEV_HOSTNAME' => 'derschmuckmacher-v3.ddev.site'
    'DDEV_PROJECT' => 'derschmuckmacher-v3'
    'DDEV_GOARCH' => 'arm64'
    'VIRTUAL_HOST' => 'derschmuckmacher-v3.ddev.site'
    'TERM' => 'xterm'
    'USER' => 'omar'
    'MYSQL_HISTFILE' => '/mnt/ddev-global-cache/mysqlhistory/derschmuckmacher-v3-web/mysql_history'
    'DDEV_WEB_ENTRYPOINT' => '/mnt/ddev_config/web-entrypoint.d'
    'DDEV_UID' => '501'
    'CAROOT' => '/mnt/ddev-global-cache/mkcert'
    'SHLVL' => '1'
    'COMPOSER_ALLOW_SUPERUSER' => '1'
    'BASH_ENV' => '/etc/bash.nointeractive.bashrc'
    'DDEV_DATABASE' => 'mysql:8.0'
    'PGDATABASE' => 'db'
    'CRAFT_DB_USER' => 'db'
    'DDEV_SCHEME' => 'https'
    'XHPROF_OUTPUT_DIR' => '/tmp/xhprof'
    'COMPOSER_CACHE_DIR' => '/mnt/ddev-global-cache/composer'
    'DDEV_XDEBUG_ENABLED' => 'false'
    'DDEV_DATABASE_FAMILY' => 'mysql'
    'PGHOST' => 'db'
    'DDEV_COMPOSER_ROOT' => '/var/www/html'
    'CRAFT_DB_PASSWORD' => '••'
    'DOCROOT' => 'web'
    'TERMINUS_HIDE_UPDATE_MESSAGE' => '1'
    'PATH' => '/home/omar/bin:/var/www/html/vendor/bin:/usr/local/sbin:/usr/local/bin:/usr/sbin:/usr/bin:/sbin:/bin:/var/www/html/bin:/mnt/ddev-global-cache/global-commands/web'
    'HOST_DOCKER_INTERNAL_IP' => ''
    'DDEV_PROJECT_TYPE' => 'craftcms'
    'DEBIAN_FRONTEND' => 'noninteractive'
    'DDEV_ROUTER_HTTPS_PORT' => '443'
    'EXECIGNORE' => '/var/www/html/vendor/bin/composer'
    'SUPERVISOR_ENABLED' => '1'
    'SUPERVISOR_SERVER_URL' => 'unix:///var/run/supervisor.sock'
    'SUPERVISOR_PROCESS_NAME' => 'php-fpm'
    'SUPERVISOR_GROUP_NAME' => 'php-fpm'
    'HTTP_X_REQUESTED_WITH' => 'XMLHttpRequest'
    'HTTP_X_REGISTERED_JS_FILES' => ''
    'HTTP_X_REGISTERED_ASSET_BUNDLES' => '815d39ea,e7c1329,92d8701,22e517a2,aee7f8dc,26c46c25,e505ffd6,6b4d7555,bb2f10a0,e5e48399,fc0bc163,1ccab40d,1e21896b,54698ee0,b842675b,1c3c9add,4b1fd285,d8d08e47,8f00ce04,8768f48b,cf3018d6,ec6d0256,75f47f25,15a36a51'
    'HTTP_X_REAL_IP' => '172.18.0.1'
    'HTTP_X_FORWARDED_SERVER' => 'e6a50fd17528'
    'HTTP_X_FORWARDED_PROTO' => 'https'
    'HTTP_X_FORWARDED_PORT' => '443'
    'HTTP_X_FORWARDED_HOST' => 'derschmuckmacher-v3.ddev.site'
    'HTTP_X_FORWARDED_FOR' => '172.18.0.1'
    'HTTP_X_CSRF_TOKEN' => '••••••••••••••••••••••••••••••••••••••••••••••••••••••••••••••••••••••••••••••••••••••••••••••••••••••••••••••••••••••••••••••••••••••••••••••••••••••••••••••••••••••••••••••••••••••••••••••••••••••••••••••••••••••••••••••••••••••••••••••••••••••••••••••••••••••••••••••••••••••••••••••••••••••••••••••••••••••••••••••••••••••••••••••••••••••••••••••••••••••••••••••••••••••••••••••••••••••••'
    'HTTP_TE' => 'trailers'
    'HTTP_SEC_GPC' => '1'
    'HTTP_SEC_FETCH_SITE' => 'same-origin'
    'HTTP_SEC_FETCH_MODE' => 'cors'
    'HTTP_SEC_FETCH_DEST' => 'empty'
    'HTTP_REFERER' => 'https://derschmuckmacher-v3.ddev.site/dW2axQ3b/content/entries/aktuelles/8582-offenes-atelier?returnUrl=https%3A//derschmuckmacher-v3.ddev.site/dW2axQ3b/content/entries/aktuelles%3AQS%3Asource%3Dsection%253Aabbf7c18-fd88-4baf-9a5e-dbccf55f4b56'
    'HTTP_ORIGIN' => 'https://derschmuckmacher-v3.ddev.site'
    'HTTP_COOKIE' => 'a8b7b1ec9ffb8baf2c6eaa253fe57112_username=26b9ec8568da68d3882e55afaa5d203483c6c5810ee05b5a55c8a0eb10cab93ea%3A2%3A%7Bi%3A0%3Bs%3A41%3A%22a8b7b1ec9ffb8baf2c6eaa253fe57112_username%22%3Bi%3A1%3Bs%3A8%3A%22odegiuli%22%3B%7D; CraftSessionId=biudticgnvahpvc8nukk8ac1vc; CRAFT_CSRF_TOKEN=f24bdf1e9b1a034ee7b31fc7240bdef700af95a681404c14421efa33013a169ca%3A2%3A%7Bi%3A0%3Bs%3A16%3A%22CRAFT_CSRF_TOKEN%22%3Bi%3A1%3Bs%3A147%3A%22o35JaTMOK5SlzzOXxon1Bn7gy1-9PEHqnAYwYjz9%7C89e454564122d06c6a70a599ac0d3b19a34e4201342f82ce4b9247f607434cc9o35JaTMOK5SlzzOXxon1Bn7gy1-9PEHqnAYwYjz9%7C1%22%3B%7D; a8b7b1ec9ffb8baf2c6eaa253fe57112_identity=c05e269f9a86048999710c6067062a4ab8b9b72b60032bdd4aede461abe99f6aa%3A2%3A%7Bi%3A0%3Bs%3A41%3A%22a8b7b1ec9ffb8baf2c6eaa253fe57112_identity%22%3Bi%3A1%3Bs%3A159%3A%22%5B1%2C%22%5B%5C%22y9F6YHmR9qC8Xsvv_urYFspDlXSsXsFbHDHDiokNRXLEUFEEKTo2W7iJ97zgt_AgvxoJgpgTjLnE5pS-azRIHVI1lD_VNxCU5lGK%5C%22%2Cnull%2C%5C%22fd3cbf9ed3a1f5fe86c1a53cec2d55ae%5C%22%5D%22%2C3600%5D%22%3B%7D; Craft-3626ffc1-d0a3-42e3-98aa-37e8aa759561_sidebar=expanded; Craft-3626ffc1-d0a3-42e3-98aa-37e8aa759561_sidebar-details=expanded; cookieconsent_status=allow'
    'HTTP_ACCEPT_LANGUAGE' => 'de,en-US;q=0.9,en;q=0.8'
    'HTTP_ACCEPT_ENCODING' => 'gzip, deflate, br, zstd'
    'HTTP_ACCEPT' => 'application/json, text/plain, */*'
    'HTTP_CONTENT_LENGTH' => '0'
    'HTTP_USER_AGENT' => 'Mozilla/5.0 (Macintosh; Intel Mac OS X 10.15; rv:151.0) Gecko/20100101 Firefox/151.0'
    'HTTP_HOST' => 'derschmuckmacher-v3.ddev.site'
    'HTTPS' => 'on'
    'REDIRECT_STATUS' => '200'
    'SERVER_NAME' => 'derschmuckmacher-v3.ddev.site'
    'SERVER_PORT' => '80'
    'SERVER_ADDR' => '172.18.0.4'
    'REMOTE_PORT' => '35112'
    'REMOTE_ADDR' => '172.18.0.5'
    'SERVER_SOFTWARE' => 'nginx/1.28.0'
    'GATEWAY_INTERFACE' => 'CGI/1.1'
    'REQUEST_SCHEME' => 'http'
    'SERVER_PROTOCOL' => 'HTTP/1.1'
    'DOCUMENT_ROOT' => '/var/www/html/web'
    'DOCUMENT_URI' => '/index.php'
    'REQUEST_URI' => '/index.php?p=dW2axQ3b%2Factions%2Fqueue%2Frun&v=1779893347197'
    'CONTENT_LENGTH' => '0'
    'CONTENT_TYPE' => ''
    'REQUEST_METHOD' => 'POST'
    'QUERY_STRING' => 'p=dW2axQ3b%2Factions%2Fqueue%2Frun&v=1779893347197'
    'SCRIPT_NAME' => '/index.php'
    'SCRIPT_FILENAME' => '/var/www/html/web/index.php'
    'FCGI_ROLE' => 'RESPONDER'
    'PHP_SELF' => '/index.php'
    'REQUEST_TIME_FLOAT' => 1779893347.1994
    'REQUEST_TIME' => 1779893347
    'CRAFT_APP_ID' => 'CraftCMS--3933bc78-29f5-4b79-bcc5-c31faf0fcd20'
    'CRAFT_ENVIRONMENT' => 'dev'
    'ENVIRONMENT' => 'dev'
    'CRAFT_SECURITY_KEY' => '••••••••••••••••••••••••••••••••'
    'CP_TRIGGER' => 'dW2axQ3b'
    'CRAFT_DB_SCHEMA' => 'public'
    'CRAFT_DB_TABLE_PREFIX' => ''
    'CRAFT_DB_CHARSET' => 'utf8mb4'
    'CRAFT_DB_COLLATION' => 'utf8mb4_unicode_ci'
    'DEV_MODE' => 'true'
    'ALLOW_ADMIN_CHANGES' => 'true'
    'DISALLOW_ROBOTS' => 'true'
    'TIMEZONE' => 'Europe/Zurich'
    'CAPTCHA_SITE_KEY' => '••••••••••••••••••••••••••••••••••••••••'
    'CAPTCHA_SECRET_KEY' => '••••••••••••••••••••••••••••••••••••••••'
    'WEB_URL' => 'https://derschmuckmacher-v3.ddev.site'
    'WEB_ROOT' => '/var/www/html/web'
    'ASSETS_BASE_URL' => 'https://derschmuckmacher-v3.ddev.site/public'
    'ASSETS_BASE_PATH' => '/var/www/html/web/public'
    'SCHMUCK_BASE_URL' => 'https://derschmuckmacher-v3.ddev.site/public/uploads/schmuck'
    'SCHMUCK_BASE_PATH' => '/var/www/html/web/public/uploads/schmuck'
    'BILDER_BASE_URL' => 'https://derschmuckmacher-v3.ddev.site/public/uploads/bilder'
    'BILDER_BASE_PATH' => '/var/www/html/web/public/uploads/bilder'
] {"environment":"dev","userId":1} 
2026-05-27 16:49:28 [queue.INFO] [yii\db\Connection::open] Opening DB connection: mysql:host=db;dbname=db;port=3306 {"memory":1101840} 
2026-05-27 16:49:28 [queue.INFO] [yii\web\Session::open] Session started {"memory":1530720} 
2026-05-27 16:49:28 [queue.INFO] [nystudio107\codeeditor\CodeEditor::bootstrap] CodeEditor module bootstrapped {"memory":1555056} 
2026-05-27 16:49:28 [queue.INFO] [adigital\cookieconsentbanner\CookieConsentBanner::init] Cookie Consent Banner plugin loaded {"memory":1772456} 
2026-05-27 16:49:28 [queue.INFO] [miranj\obfuscator\Obfuscator::init] Obfuscator plugin loaded {"memory":2733312} 
2026-05-27 16:49:28 [queue.INFO] [yii\db\Connection::open] Opening DB connection: mysql:host=db;dbname=db;port=3306 {"memory":3005752} 
2026-05-27 16:49:28 [queue.INFO] [craft\queue\QueueLogBehavior::beforeExec]  [40964] t9n:["app","Updating search indexes"] (attempt: 1, pid: 2476) - Started {"memory":3064536} 
2026-05-27 16:49:28 [queue.INFO] [craft\queue\QueueLogBehavior::afterExec]  [40964] t9n:["app","Updating search indexes"] (attempt: 1, pid: 2476) - Done (time: 0.011s) {"memory":3678704} 
2026-05-27 16:49:28 [queue.INFO] [craft\queue\QueueLogBehavior::beforeExec]  [40965] t9n:["app","Updating search indexes"] (attempt: 1, pid: 2476) - Started {"memory":3686736} 
2026-05-27 16:49:28 [queue.INFO] [craft\queue\QueueLogBehavior::afterExec]  [40965] t9n:["app","Updating search indexes"] (attempt: 1, pid: 2476) - Done (time: 0.000s) {"memory":3688160} 
2026-05-27 16:49:28 [queue.INFO] [craft\queue\QueueLogBehavior::beforeExec]  [40966] t9n:["app","Updating search indexes"] (attempt: 1, pid: 2476) - Started {"memory":3696144} 
2026-05-27 16:49:28 [queue.INFO] [craft\queue\QueueLogBehavior::afterExec]  [40966] t9n:["app","Updating search indexes"] (attempt: 1, pid: 2476) - Done (time: 0.000s) {"memory":3697568} 
2026-05-27 16:49:28 [queue.INFO] [craft\queue\QueueLogBehavior::beforeExec]  [40967] t9n:["app","Updating search indexes"] (attempt: 1, pid: 2476) - Started {"memory":3705552} 
2026-05-27 16:49:28 [queue.INFO] [craft\queue\QueueLogBehavior::afterExec]  [40967] t9n:["app","Updating search indexes"] (attempt: 1, pid: 2476) - Done (time: 0.009s) {"memory":4225032} 
2026-05-27 16:49:28 [queue.INFO] [craft\queue\QueueLogBehavior::beforeExec]  [40968] t9n:["app","Pruning extra revisions"] (attempt: 1, pid: 2476) - Started {"memory":4233016} 
2026-05-27 16:49:28 [queue.INFO] [craft\queue\QueueLogBehavior::afterExec]  [40968] t9n:["app","Pruning extra revisions"] (attempt: 1, pid: 2476) - Done (time: 0.001s) {"memory":4343208} 
2026-05-27 16:49:28 [queue.INFO] [application] Request context:
$_GET = [
    'p' => 'dW2axQ3b/actions/queue/run'
    'v' => '1779893368496'
]

$_POST = []

$_FILES = []

$_COOKIE = [
    'a8b7b1ec9ffb8baf2c6eaa253fe57112_username' => '26b9ec8568da68d3882e55afaa5d203483c6c5810ee05b5a55c8a0eb10cab93ea:2:{i:0;s:41:\"a8b7b1ec9ffb8baf2c6eaa253fe57112_username\";i:1;s:8:\"odegiuli\";}'
    'CraftSessionId' => 'biudticgnvahpvc8nukk8ac1vc'
    'CRAFT_CSRF_TOKEN' => '••••••••••••••••••••••••••••••••••••••••••••••••••••••••••••••••••••••••••••••••••••••••••••••••••••••••••••••••••••••••••••••••••••••••••••••••••••••••••••••••••••••••••••••••••••••••••••••••••••••••••••••••••••••••••••••••••••••••••••••••••••••••••••••••••'
    'a8b7b1ec9ffb8baf2c6eaa253fe57112_identity' => 'c05e269f9a86048999710c6067062a4ab8b9b72b60032bdd4aede461abe99f6aa:2:{i:0;s:41:\"a8b7b1ec9ffb8baf2c6eaa253fe57112_identity\";i:1;s:159:\"[1,\"[\\\"y9F6YHmR9qC8Xsvv_urYFspDlXSsXsFbHDHDiokNRXLEUFEEKTo2W7iJ97zgt_AgvxoJgpgTjLnE5pS-azRIHVI1lD_VNxCU5lGK\\\",null,\\\"fd3cbf9ed3a1f5fe86c1a53cec2d55ae\\\"]\",3600]\";}'
    'Craft-3626ffc1-d0a3-42e3-98aa-37e8aa759561_sidebar' => 'expanded'
    'Craft-3626ffc1-d0a3-42e3-98aa-37e8aa759561_sidebar-details' => 'expanded'
    'cookieconsent_status' => 'allow'
]

$_SESSION = [
    'a8b7b1ec9ffb8baf2c6eaa253fe57112__token' => '••••••••••••••••••••••••••••••••••••••••••••••••••••••••••••••••••••••••••••••••••••••••••••••••••••'
    'a8b7b1ec9ffb8baf2c6eaa253fe57112__id' => 1
    '__authKey' => '••••••••••••••••••••••••••••••••••••••••••••••••••••••••••••••••••••••••••••••••••••••••••••••••••••••••••••••••••••••••••••••••••••••••••••••••'
    'a8b7b1ec9ffb8baf2c6eaa253fe57112__expire' => 1779896968
    '__duration' => 3600
    '__elevated_timeout' => 1779891115
    '22b6a59deafcfb2ffb13c3adf3d98a3b__auth_access' => [
        0 => 'previewElement:7186'
        1 => 'saveAssets:856a3aeb-b21b-4d41-af3f-0a23db430323'
        2 => 'previewDraft:1050'
        3 => 'previewDraft:1052'
        4 => 'previewDraft:1054'
        5 => 'previewDraft:1056'
        6 => 'previewDraft:1058'
        7 => 'previewDraft:1060'
        8 => 'previewDraft:1062'
        9 => 'previewDraft:1064'
        10 => 'previewDraft:1066'
        11 => 'previewDraft:1068'
        12 => 'previewDraft:1070'
        13 => 'previewDraft:1072'
        14 => 'previewDraft:1074'
        15 => 'editStructure:1'
        16 => 'editStructure:2'
        17 => 'previewDraft:1076'
        18 => 'previewElement:7158'
        19 => 'previewDraft:1078'
        20 => 'previewElement:8582'
        21 => 'previewDraft:1080'
        22 => 'previewDraft:1081'
    ]
    '22b6a59deafcfb2ffb13c3adf3d98a3b__flash' => []
]

$_SERVER = [
    'DEPLOY_NAME' => 'local'
    'DDEV_WEBSERVER_TYPE' => 'nginx-fpm'
    'npm_config_cache' => '/mnt/ddev-global-cache/npm'
    'COREPACK_ENABLE_DOWNLOAD_PROMPT' => '0'
    'DDEV_GOOS' => 'darwin'
    'IS_DDEV_PROJECT' => 'true'
    'PHP_DEFAULT_VERSION' => '8.3'
    'HOSTNAME' => 'derschmuckmacher-v3-web'
    'MAILPIT_SMTP_PORT' => '1025'
    'MH_SMTP_BIND_ADDR' => '127.0.0.1:1025'
    'DDEV_PRIMARY_URL_WITHOUT_PORT' => 'https://derschmuckmacher-v3.ddev.site'
    'CRAFT_DB_PORT' => '3306'
    'SSH_AUTH_SOCK' => '/home/.ssh-agent/socket'
    'DDEV_GID' => '20'
    'NODE_EXTRA_CA_CERTS' => '/mnt/ddev-global-cache/mkcert/rootCA.pem'
    'DOCKER_IP' => '127.0.0.1'
    'PGPASSWORD' => 'db'
    'CRAFT_WEB_ROOT' => '/var/www/html/web'
    'DDEV_DOCROOT' => 'web'
    'PWD' => '/var/www/html'
    'PLATFORMSH_CLI_UPDATES_CHECK' => '0'
    'DDEV_APPROOT' => '/var/www/html'
    'DDEV_FILES_DIR' => ''
    'START_SCRIPT_TIMEOUT' => '57'
    'APACHE_SITE_TEMPLATE' => '/etc/apache2/apache-site.conf'
    'PHP_INI' => '/etc/php/8.3/fpm/php.ini'
    'DDEV_VERSION' => 'v1.24.10'
    'PRIMARY_SITE_URL' => 'https://derschmuckmacher-v3.ddev.site'
    'TZ' => 'Europe/Zurich'
    'DDEV_XHPROF_MODE' => 'prepend'
    'HTTPS_EXPOSE' => '443:80,8026:8025'
    'COREPACK_HOME' => '/mnt/ddev-global-cache/corepack'
    'CRAFT_DB_DATABASE' => 'db'
    'DDEV_PRIMARY_URL' => 'https://derschmuckmacher-v3.ddev.site'
    'LINES' => '6'
    'DDEV_SITENAME' => 'derschmuckmacher-v3'
    'HOME' => '/home/omar'
    'DRUSH_OPTIONS_URI' => 'https://derschmuckmacher-v3.ddev.site'
    'LANG' => 'C.UTF-8'
    'COLUMNS' => '371'
    'DDEV_MUTAGEN_ENABLED' => 'true'
    'DDEV_USER' => 'omar'
    'PGUSER' => 'db'
    'TERMINUS_CACHE_DIR' => '/mnt/ddev-global-cache/terminus/cache'
    'DDEV_PRIMARY_URL_PORT' => '443'
    'DDEV_ROUTER_HTTP_PORT' => '80'
    'MAILPIT_SMTP_HOSTNAME' => '127.0.0.1'
    'CRAFT_DB_DRIVER' => 'mysql'
    'COMPOSER_PROCESS_TIMEOUT' => '2000'
    'NGINX_SITE_TEMPLATE' => '/etc/nginx/nginx-site.conf'
    'DDEV_FILES_DIRS' => ''
    'CRAFT_DB_SERVER' => 'db'
    'HTTP_EXPOSE' => '80:80,8025:8025'
    'NVM_DIR' => '/home/omar/.nvm'
    'DDEV_PHP_VERSION' => '8.3'
    'DDEV_TLD' => 'ddev.site'
    'DDEV_HOSTNAME' => 'derschmuckmacher-v3.ddev.site'
    'DDEV_PROJECT' => 'derschmuckmacher-v3'
    'DDEV_GOARCH' => 'arm64'
    'VIRTUAL_HOST' => 'derschmuckmacher-v3.ddev.site'
    'TERM' => 'xterm'
    'USER' => 'omar'
    'MYSQL_HISTFILE' => '/mnt/ddev-global-cache/mysqlhistory/derschmuckmacher-v3-web/mysql_history'
    'DDEV_WEB_ENTRYPOINT' => '/mnt/ddev_config/web-entrypoint.d'
    'DDEV_UID' => '501'
    'CAROOT' => '/mnt/ddev-global-cache/mkcert'
    'SHLVL' => '1'
    'COMPOSER_ALLOW_SUPERUSER' => '1'
    'BASH_ENV' => '/etc/bash.nointeractive.bashrc'
    'DDEV_DATABASE' => 'mysql:8.0'
    'PGDATABASE' => 'db'
    'CRAFT_DB_USER' => 'db'
    'DDEV_SCHEME' => 'https'
    'XHPROF_OUTPUT_DIR' => '/tmp/xhprof'
    'COMPOSER_CACHE_DIR' => '/mnt/ddev-global-cache/composer'
    'DDEV_XDEBUG_ENABLED' => 'false'
    'DDEV_DATABASE_FAMILY' => 'mysql'
    'PGHOST' => 'db'
    'DDEV_COMPOSER_ROOT' => '/var/www/html'
    'CRAFT_DB_PASSWORD' => '••'
    'DOCROOT' => 'web'
    'TERMINUS_HIDE_UPDATE_MESSAGE' => '1'
    'PATH' => '/home/omar/bin:/var/www/html/vendor/bin:/usr/local/sbin:/usr/local/bin:/usr/sbin:/usr/bin:/sbin:/bin:/var/www/html/bin:/mnt/ddev-global-cache/global-commands/web'
    'HOST_DOCKER_INTERNAL_IP' => ''
    'DDEV_PROJECT_TYPE' => 'craftcms'
    'DEBIAN_FRONTEND' => 'noninteractive'
    'DDEV_ROUTER_HTTPS_PORT' => '443'
    'EXECIGNORE' => '/var/www/html/vendor/bin/composer'
    'SUPERVISOR_ENABLED' => '1'
    'SUPERVISOR_SERVER_URL' => 'unix:///var/run/supervisor.sock'
    'SUPERVISOR_PROCESS_NAME' => 'php-fpm'
    'SUPERVISOR_GROUP_NAME' => 'php-fpm'
    'HTTP_X_REQUESTED_WITH' => 'XMLHttpRequest'
    'HTTP_X_REGISTERED_JS_FILES' => ''
    'HTTP_X_REGISTERED_ASSET_BUNDLES' => '22e517a2,aee7f8dc,26c46c25,e505ffd6,6b4d7555,bb2f10a0,e5e48399,815d39ea,fc0bc163,1ccab40d,1e21896b,54698ee0,b842675b,1c3c9add,4b1fd285,d8d08e47,8f00ce04,8768f48b,cf3018d6,ec6d0256'
    'HTTP_X_REAL_IP' => '172.18.0.1'
    'HTTP_X_FORWARDED_SERVER' => 'e6a50fd17528'
    'HTTP_X_FORWARDED_PROTO' => 'https'
    'HTTP_X_FORWARDED_PORT' => '443'
    'HTTP_X_FORWARDED_HOST' => 'derschmuckmacher-v3.ddev.site'
    'HTTP_X_FORWARDED_FOR' => '172.18.0.1'
    'HTTP_X_CSRF_TOKEN' => '••••••••••••••••••••••••••••••••••••••••••••••••••••••••••••••••••••••••••••••••••••••••••••••••••••••••••••••••••••••••••••••••••••••••••••••••••••••••••••••••••••••••••••••••••••••••••••••••••••••••••••••••••••••••••••••••••••••••••••••••••••••••••••••••••••••••••••••••••••••••••••••••••••••••••••••••••••••••••••••••••••••••••••••••••••••••••••••••••••••••••••••••••••••••••••••••••••••••'
    'HTTP_TE' => 'trailers'
    'HTTP_SEC_GPC' => '1'
    'HTTP_SEC_FETCH_SITE' => 'same-origin'
    'HTTP_SEC_FETCH_MODE' => 'cors'
    'HTTP_SEC_FETCH_DEST' => 'empty'
    'HTTP_REFERER' => 'https://derschmuckmacher-v3.ddev.site/dW2axQ3b/content/entries/aktuelles?source=section%3Aabbf7c18-fd88-4baf-9a5e-dbccf55f4b56'
    'HTTP_ORIGIN' => 'https://derschmuckmacher-v3.ddev.site'
    'HTTP_COOKIE' => 'a8b7b1ec9ffb8baf2c6eaa253fe57112_username=26b9ec8568da68d3882e55afaa5d203483c6c5810ee05b5a55c8a0eb10cab93ea%3A2%3A%7Bi%3A0%3Bs%3A41%3A%22a8b7b1ec9ffb8baf2c6eaa253fe57112_username%22%3Bi%3A1%3Bs%3A8%3A%22odegiuli%22%3B%7D; CraftSessionId=biudticgnvahpvc8nukk8ac1vc; CRAFT_CSRF_TOKEN=f24bdf1e9b1a034ee7b31fc7240bdef700af95a681404c14421efa33013a169ca%3A2%3A%7Bi%3A0%3Bs%3A16%3A%22CRAFT_CSRF_TOKEN%22%3Bi%3A1%3Bs%3A147%3A%22o35JaTMOK5SlzzOXxon1Bn7gy1-9PEHqnAYwYjz9%7C89e454564122d06c6a70a599ac0d3b19a34e4201342f82ce4b9247f607434cc9o35JaTMOK5SlzzOXxon1Bn7gy1-9PEHqnAYwYjz9%7C1%22%3B%7D; a8b7b1ec9ffb8baf2c6eaa253fe57112_identity=c05e269f9a86048999710c6067062a4ab8b9b72b60032bdd4aede461abe99f6aa%3A2%3A%7Bi%3A0%3Bs%3A41%3A%22a8b7b1ec9ffb8baf2c6eaa253fe57112_identity%22%3Bi%3A1%3Bs%3A159%3A%22%5B1%2C%22%5B%5C%22y9F6YHmR9qC8Xsvv_urYFspDlXSsXsFbHDHDiokNRXLEUFEEKTo2W7iJ97zgt_AgvxoJgpgTjLnE5pS-azRIHVI1lD_VNxCU5lGK%5C%22%2Cnull%2C%5C%22fd3cbf9ed3a1f5fe86c1a53cec2d55ae%5C%22%5D%22%2C3600%5D%22%3B%7D; Craft-3626ffc1-d0a3-42e3-98aa-37e8aa759561_sidebar=expanded; Craft-3626ffc1-d0a3-42e3-98aa-37e8aa759561_sidebar-details=expanded; cookieconsent_status=allow'
    'HTTP_ACCEPT_LANGUAGE' => 'de,en-US;q=0.9,en;q=0.8'
    'HTTP_ACCEPT_ENCODING' => 'gzip, deflate, br, zstd'
    'HTTP_ACCEPT' => 'application/json, text/plain, */*'
    'HTTP_CONTENT_LENGTH' => '0'
    'HTTP_USER_AGENT' => 'Mozilla/5.0 (Macintosh; Intel Mac OS X 10.15; rv:151.0) Gecko/20100101 Firefox/151.0'
    'HTTP_HOST' => 'derschmuckmacher-v3.ddev.site'
    'HTTPS' => 'on'
    'REDIRECT_STATUS' => '200'
    'SERVER_NAME' => 'derschmuckmacher-v3.ddev.site'
    'SERVER_PORT' => '80'
    'SERVER_ADDR' => '172.18.0.4'
    'REMOTE_PORT' => '51972'
    'REMOTE_ADDR' => '172.18.0.5'
    'SERVER_SOFTWARE' => 'nginx/1.28.0'
    'GATEWAY_INTERFACE' => 'CGI/1.1'
    'REQUEST_SCHEME' => 'http'
    'SERVER_PROTOCOL' => 'HTTP/1.1'
    'DOCUMENT_ROOT' => '/var/www/html/web'
    'DOCUMENT_URI' => '/index.php'
    'REQUEST_URI' => '/index.php?p=dW2axQ3b%2Factions%2Fqueue%2Frun&v=1779893368496'
    'CONTENT_LENGTH' => '0'
    'CONTENT_TYPE' => ''
    'REQUEST_METHOD' => 'POST'
    'QUERY_STRING' => 'p=dW2axQ3b%2Factions%2Fqueue%2Frun&v=1779893368496'
    'SCRIPT_NAME' => '/index.php'
    'SCRIPT_FILENAME' => '/var/www/html/web/index.php'
    'FCGI_ROLE' => 'RESPONDER'
    'PHP_SELF' => '/index.php'
    'REQUEST_TIME_FLOAT' => 1779893368.5003
    'REQUEST_TIME' => 1779893368
    'CRAFT_APP_ID' => 'CraftCMS--3933bc78-29f5-4b79-bcc5-c31faf0fcd20'
    'CRAFT_ENVIRONMENT' => 'dev'
    'ENVIRONMENT' => 'dev'
    'CRAFT_SECURITY_KEY' => '••••••••••••••••••••••••••••••••'
    'CP_TRIGGER' => 'dW2axQ3b'
    'CRAFT_DB_SCHEMA' => 'public'
    'CRAFT_DB_TABLE_PREFIX' => ''
    'CRAFT_DB_CHARSET' => 'utf8mb4'
    'CRAFT_DB_COLLATION' => 'utf8mb4_unicode_ci'
    'DEV_MODE' => 'true'
    'ALLOW_ADMIN_CHANGES' => 'true'
    'DISALLOW_ROBOTS' => 'true'
    'TIMEZONE' => 'Europe/Zurich'
    'CAPTCHA_SITE_KEY' => '••••••••••••••••••••••••••••••••••••••••'
    'CAPTCHA_SECRET_KEY' => '••••••••••••••••••••••••••••••••••••••••'
    'WEB_URL' => 'https://derschmuckmacher-v3.ddev.site'
    'WEB_ROOT' => '/var/www/html/web'
    'ASSETS_BASE_URL' => 'https://derschmuckmacher-v3.ddev.site/public'
    'ASSETS_BASE_PATH' => '/var/www/html/web/public'
    'SCHMUCK_BASE_URL' => 'https://derschmuckmacher-v3.ddev.site/public/uploads/schmuck'
    'SCHMUCK_BASE_PATH' => '/var/www/html/web/public/uploads/schmuck'
    'BILDER_BASE_URL' => 'https://derschmuckmacher-v3.ddev.site/public/uploads/bilder'
    'BILDER_BASE_PATH' => '/var/www/html/web/public/uploads/bilder'
] {"environment":"dev","userId":1} 
2026-05-27 16:53:56 [queue.INFO] [yii\db\Connection::open] Opening DB connection: mysql:host=db;dbname=db;port=3306 {"memory":1101840} 
2026-05-27 16:53:56 [queue.INFO] [yii\web\Session::open] Session started {"memory":1530720} 
2026-05-27 16:53:56 [queue.INFO] [nystudio107\codeeditor\CodeEditor::bootstrap] CodeEditor module bootstrapped {"memory":1555056} 
2026-05-27 16:53:56 [queue.INFO] [adigital\cookieconsentbanner\CookieConsentBanner::init] Cookie Consent Banner plugin loaded {"memory":1772456} 
2026-05-27 16:53:56 [queue.INFO] [miranj\obfuscator\Obfuscator::init] Obfuscator plugin loaded {"memory":2733312} 
2026-05-27 16:53:56 [queue.INFO] [yii\db\Connection::open] Opening DB connection: mysql:host=db;dbname=db;port=3306 {"memory":3005752} 
2026-05-27 16:53:56 [queue.INFO] [craft\queue\QueueLogBehavior::beforeExec]  [40969] t9n:["app","Pruning extra revisions"] (attempt: 1, pid: 2477) - Started {"memory":3064536} 
2026-05-27 16:53:56 [queue.INFO] [craft\queue\QueueLogBehavior::afterExec]  [40969] t9n:["app","Pruning extra revisions"] (attempt: 1, pid: 2477) - Done (time: 0.009s) {"memory":3658104} 
2026-05-27 16:53:56 [queue.INFO] [application] Request context:
$_GET = [
    'p' => 'dW2axQ3b/actions/queue/run'
    'v' => '1779893636141'
]

$_POST = []

$_FILES = []

$_COOKIE = [
    'a8b7b1ec9ffb8baf2c6eaa253fe57112_username' => '26b9ec8568da68d3882e55afaa5d203483c6c5810ee05b5a55c8a0eb10cab93ea:2:{i:0;s:41:\"a8b7b1ec9ffb8baf2c6eaa253fe57112_username\";i:1;s:8:\"odegiuli\";}'
    'CraftSessionId' => 'biudticgnvahpvc8nukk8ac1vc'
    'CRAFT_CSRF_TOKEN' => '••••••••••••••••••••••••••••••••••••••••••••••••••••••••••••••••••••••••••••••••••••••••••••••••••••••••••••••••••••••••••••••••••••••••••••••••••••••••••••••••••••••••••••••••••••••••••••••••••••••••••••••••••••••••••••••••••••••••••••••••••••••••••••••••••'
    'a8b7b1ec9ffb8baf2c6eaa253fe57112_identity' => 'c05e269f9a86048999710c6067062a4ab8b9b72b60032bdd4aede461abe99f6aa:2:{i:0;s:41:\"a8b7b1ec9ffb8baf2c6eaa253fe57112_identity\";i:1;s:159:\"[1,\"[\\\"y9F6YHmR9qC8Xsvv_urYFspDlXSsXsFbHDHDiokNRXLEUFEEKTo2W7iJ97zgt_AgvxoJgpgTjLnE5pS-azRIHVI1lD_VNxCU5lGK\\\",null,\\\"fd3cbf9ed3a1f5fe86c1a53cec2d55ae\\\"]\",3600]\";}'
    'Craft-3626ffc1-d0a3-42e3-98aa-37e8aa759561_sidebar' => 'expanded'
    'Craft-3626ffc1-d0a3-42e3-98aa-37e8aa759561_sidebar-details' => 'expanded'
    'cookieconsent_status' => 'allow'
]

$_SESSION = [
    'a8b7b1ec9ffb8baf2c6eaa253fe57112__token' => '••••••••••••••••••••••••••••••••••••••••••••••••••••••••••••••••••••••••••••••••••••••••••••••••••••'
    'a8b7b1ec9ffb8baf2c6eaa253fe57112__id' => 1
    '__authKey' => '••••••••••••••••••••••••••••••••••••••••••••••••••••••••••••••••••••••••••••••••••••••••••••••••••••••••••••••••••••••••••••••••••••••••••••••••'
    'a8b7b1ec9ffb8baf2c6eaa253fe57112__expire' => 1779897236
    '__duration' => 3600
    '__elevated_timeout' => 1779891115
    '22b6a59deafcfb2ffb13c3adf3d98a3b__auth_access' => [
        0 => 'previewElement:7186'
        1 => 'saveAssets:856a3aeb-b21b-4d41-af3f-0a23db430323'
        2 => 'previewDraft:1050'
        3 => 'previewDraft:1052'
        4 => 'previewDraft:1054'
        5 => 'previewDraft:1056'
        6 => 'previewDraft:1058'
        7 => 'previewDraft:1060'
        8 => 'previewDraft:1062'
        9 => 'previewDraft:1064'
        10 => 'previewDraft:1066'
        11 => 'previewDraft:1068'
        12 => 'previewDraft:1070'
        13 => 'previewDraft:1072'
        14 => 'previewDraft:1074'
        15 => 'editStructure:1'
        16 => 'editStructure:2'
        17 => 'previewDraft:1076'
        18 => 'previewElement:7158'
        19 => 'previewDraft:1078'
        20 => 'previewElement:8582'
        21 => 'previewDraft:1080'
        22 => 'previewDraft:1081'
    ]
    '22b6a59deafcfb2ffb13c3adf3d98a3b__flash' => []
]

$_SERVER = [
    'DEPLOY_NAME' => 'local'
    'DDEV_WEBSERVER_TYPE' => 'nginx-fpm'
    'npm_config_cache' => '/mnt/ddev-global-cache/npm'
    'COREPACK_ENABLE_DOWNLOAD_PROMPT' => '0'
    'DDEV_GOOS' => 'darwin'
    'IS_DDEV_PROJECT' => 'true'
    'PHP_DEFAULT_VERSION' => '8.3'
    'HOSTNAME' => 'derschmuckmacher-v3-web'
    'MAILPIT_SMTP_PORT' => '1025'
    'MH_SMTP_BIND_ADDR' => '127.0.0.1:1025'
    'DDEV_PRIMARY_URL_WITHOUT_PORT' => 'https://derschmuckmacher-v3.ddev.site'
    'CRAFT_DB_PORT' => '3306'
    'SSH_AUTH_SOCK' => '/home/.ssh-agent/socket'
    'DDEV_GID' => '20'
    'NODE_EXTRA_CA_CERTS' => '/mnt/ddev-global-cache/mkcert/rootCA.pem'
    'DOCKER_IP' => '127.0.0.1'
    'PGPASSWORD' => 'db'
    'CRAFT_WEB_ROOT' => '/var/www/html/web'
    'DDEV_DOCROOT' => 'web'
    'PWD' => '/var/www/html'
    'PLATFORMSH_CLI_UPDATES_CHECK' => '0'
    'DDEV_APPROOT' => '/var/www/html'
    'DDEV_FILES_DIR' => ''
    'START_SCRIPT_TIMEOUT' => '57'
    'APACHE_SITE_TEMPLATE' => '/etc/apache2/apache-site.conf'
    'PHP_INI' => '/etc/php/8.3/fpm/php.ini'
    'DDEV_VERSION' => 'v1.24.10'
    'PRIMARY_SITE_URL' => 'https://derschmuckmacher-v3.ddev.site'
    'TZ' => 'Europe/Zurich'
    'DDEV_XHPROF_MODE' => 'prepend'
    'HTTPS_EXPOSE' => '443:80,8026:8025'
    'COREPACK_HOME' => '/mnt/ddev-global-cache/corepack'
    'CRAFT_DB_DATABASE' => 'db'
    'DDEV_PRIMARY_URL' => 'https://derschmuckmacher-v3.ddev.site'
    'LINES' => '6'
    'DDEV_SITENAME' => 'derschmuckmacher-v3'
    'HOME' => '/home/omar'
    'DRUSH_OPTIONS_URI' => 'https://derschmuckmacher-v3.ddev.site'
    'LANG' => 'C.UTF-8'
    'COLUMNS' => '371'
    'DDEV_MUTAGEN_ENABLED' => 'true'
    'DDEV_USER' => 'omar'
    'PGUSER' => 'db'
    'TERMINUS_CACHE_DIR' => '/mnt/ddev-global-cache/terminus/cache'
    'DDEV_PRIMARY_URL_PORT' => '443'
    'DDEV_ROUTER_HTTP_PORT' => '80'
    'MAILPIT_SMTP_HOSTNAME' => '127.0.0.1'
    'CRAFT_DB_DRIVER' => 'mysql'
    'COMPOSER_PROCESS_TIMEOUT' => '2000'
    'NGINX_SITE_TEMPLATE' => '/etc/nginx/nginx-site.conf'
    'DDEV_FILES_DIRS' => ''
    'CRAFT_DB_SERVER' => 'db'
    'HTTP_EXPOSE' => '80:80,8025:8025'
    'NVM_DIR' => '/home/omar/.nvm'
    'DDEV_PHP_VERSION' => '8.3'
    'DDEV_TLD' => 'ddev.site'
    'DDEV_HOSTNAME' => 'derschmuckmacher-v3.ddev.site'
    'DDEV_PROJECT' => 'derschmuckmacher-v3'
    'DDEV_GOARCH' => 'arm64'
    'VIRTUAL_HOST' => 'derschmuckmacher-v3.ddev.site'
    'TERM' => 'xterm'
    'USER' => 'omar'
    'MYSQL_HISTFILE' => '/mnt/ddev-global-cache/mysqlhistory/derschmuckmacher-v3-web/mysql_history'
    'DDEV_WEB_ENTRYPOINT' => '/mnt/ddev_config/web-entrypoint.d'
    'DDEV_UID' => '501'
    'CAROOT' => '/mnt/ddev-global-cache/mkcert'
    'SHLVL' => '1'
    'COMPOSER_ALLOW_SUPERUSER' => '1'
    'BASH_ENV' => '/etc/bash.nointeractive.bashrc'
    'DDEV_DATABASE' => 'mysql:8.0'
    'PGDATABASE' => 'db'
    'CRAFT_DB_USER' => 'db'
    'DDEV_SCHEME' => 'https'
    'XHPROF_OUTPUT_DIR' => '/tmp/xhprof'
    'COMPOSER_CACHE_DIR' => '/mnt/ddev-global-cache/composer'
    'DDEV_XDEBUG_ENABLED' => 'false'
    'DDEV_DATABASE_FAMILY' => 'mysql'
    'PGHOST' => 'db'
    'DDEV_COMPOSER_ROOT' => '/var/www/html'
    'CRAFT_DB_PASSWORD' => '••'
    'DOCROOT' => 'web'
    'TERMINUS_HIDE_UPDATE_MESSAGE' => '1'
    'PATH' => '/home/omar/bin:/var/www/html/vendor/bin:/usr/local/sbin:/usr/local/bin:/usr/sbin:/usr/bin:/sbin:/bin:/var/www/html/bin:/mnt/ddev-global-cache/global-commands/web'
    'HOST_DOCKER_INTERNAL_IP' => ''
    'DDEV_PROJECT_TYPE' => 'craftcms'
    'DEBIAN_FRONTEND' => 'noninteractive'
    'DDEV_ROUTER_HTTPS_PORT' => '443'
    'EXECIGNORE' => '/var/www/html/vendor/bin/composer'
    'SUPERVISOR_ENABLED' => '1'
    'SUPERVISOR_SERVER_URL' => 'unix:///var/run/supervisor.sock'
    'SUPERVISOR_PROCESS_NAME' => 'php-fpm'
    'SUPERVISOR_GROUP_NAME' => 'php-fpm'
    'HTTP_X_REQUESTED_WITH' => 'XMLHttpRequest'
    'HTTP_X_REGISTERED_JS_FILES' => ''
    'HTTP_X_REGISTERED_ASSET_BUNDLES' => '22e517a2,aee7f8dc,26c46c25,e505ffd6,6b4d7555,bb2f10a0,e5e48399,815d39ea,fc0bc163,1ccab40d,1e21896b,54698ee0,b842675b,1c3c9add,4b1fd285,d8d08e47,8f00ce04,8768f48b,cf3018d6,ec6d0256'
    'HTTP_X_REAL_IP' => '172.18.0.1'
    'HTTP_X_FORWARDED_SERVER' => 'e6a50fd17528'
    'HTTP_X_FORWARDED_PROTO' => 'https'
    'HTTP_X_FORWARDED_PORT' => '443'
    'HTTP_X_FORWARDED_HOST' => 'derschmuckmacher-v3.ddev.site'
    'HTTP_X_FORWARDED_FOR' => '172.18.0.1'
    'HTTP_X_CSRF_TOKEN' => '••••••••••••••••••••••••••••••••••••••••••••••••••••••••••••••••••••••••••••••••••••••••••••••••••••••••••••••••••••••••••••••••••••••••••••••••••••••••••••••••••••••••••••••••••••••••••••••••••••••••••••••••••••••••••••••••••••••••••••••••••••••••••••••••••••••••••••••••••••••••••••••••••••••••••••••••••••••••••••••••••••••••••••••••••••••••••••••••••••••••••••••••••••••••••••••••••••••••'
    'HTTP_TE' => 'trailers'
    'HTTP_SEC_GPC' => '1'
    'HTTP_SEC_FETCH_SITE' => 'same-origin'
    'HTTP_SEC_FETCH_MODE' => 'cors'
    'HTTP_SEC_FETCH_DEST' => 'empty'
    'HTTP_REFERER' => 'https://derschmuckmacher-v3.ddev.site/dW2axQ3b/content/entries/aktuelles?source=section%3Aabbf7c18-fd88-4baf-9a5e-dbccf55f4b56'
    'HTTP_ORIGIN' => 'https://derschmuckmacher-v3.ddev.site'
    'HTTP_COOKIE' => 'a8b7b1ec9ffb8baf2c6eaa253fe57112_username=26b9ec8568da68d3882e55afaa5d203483c6c5810ee05b5a55c8a0eb10cab93ea%3A2%3A%7Bi%3A0%3Bs%3A41%3A%22a8b7b1ec9ffb8baf2c6eaa253fe57112_username%22%3Bi%3A1%3Bs%3A8%3A%22odegiuli%22%3B%7D; CraftSessionId=biudticgnvahpvc8nukk8ac1vc; CRAFT_CSRF_TOKEN=f24bdf1e9b1a034ee7b31fc7240bdef700af95a681404c14421efa33013a169ca%3A2%3A%7Bi%3A0%3Bs%3A16%3A%22CRAFT_CSRF_TOKEN%22%3Bi%3A1%3Bs%3A147%3A%22o35JaTMOK5SlzzOXxon1Bn7gy1-9PEHqnAYwYjz9%7C89e454564122d06c6a70a599ac0d3b19a34e4201342f82ce4b9247f607434cc9o35JaTMOK5SlzzOXxon1Bn7gy1-9PEHqnAYwYjz9%7C1%22%3B%7D; a8b7b1ec9ffb8baf2c6eaa253fe57112_identity=c05e269f9a86048999710c6067062a4ab8b9b72b60032bdd4aede461abe99f6aa%3A2%3A%7Bi%3A0%3Bs%3A41%3A%22a8b7b1ec9ffb8baf2c6eaa253fe57112_identity%22%3Bi%3A1%3Bs%3A159%3A%22%5B1%2C%22%5B%5C%22y9F6YHmR9qC8Xsvv_urYFspDlXSsXsFbHDHDiokNRXLEUFEEKTo2W7iJ97zgt_AgvxoJgpgTjLnE5pS-azRIHVI1lD_VNxCU5lGK%5C%22%2Cnull%2C%5C%22fd3cbf9ed3a1f5fe86c1a53cec2d55ae%5C%22%5D%22%2C3600%5D%22%3B%7D; Craft-3626ffc1-d0a3-42e3-98aa-37e8aa759561_sidebar=expanded; Craft-3626ffc1-d0a3-42e3-98aa-37e8aa759561_sidebar-details=expanded; cookieconsent_status=allow'
    'HTTP_ACCEPT_LANGUAGE' => 'de,en-US;q=0.9,en;q=0.8'
    'HTTP_ACCEPT_ENCODING' => 'gzip, deflate, br, zstd'
    'HTTP_ACCEPT' => 'application/json, text/plain, */*'
    'HTTP_CONTENT_LENGTH' => '0'
    'HTTP_USER_AGENT' => 'Mozilla/5.0 (Macintosh; Intel Mac OS X 10.15; rv:151.0) Gecko/20100101 Firefox/151.0'
    'HTTP_HOST' => 'derschmuckmacher-v3.ddev.site'
    'HTTPS' => 'on'
    'REDIRECT_STATUS' => '200'
    'SERVER_NAME' => 'derschmuckmacher-v3.ddev.site'
    'SERVER_PORT' => '80'
    'SERVER_ADDR' => '172.18.0.4'
    'REMOTE_PORT' => '59574'
    'REMOTE_ADDR' => '172.18.0.5'
    'SERVER_SOFTWARE' => 'nginx/1.28.0'
    'GATEWAY_INTERFACE' => 'CGI/1.1'
    'REQUEST_SCHEME' => 'http'
    'SERVER_PROTOCOL' => 'HTTP/1.1'
    'DOCUMENT_ROOT' => '/var/www/html/web'
    'DOCUMENT_URI' => '/index.php'
    'REQUEST_URI' => '/index.php?p=dW2axQ3b%2Factions%2Fqueue%2Frun&v=1779893636141'
    'CONTENT_LENGTH' => '0'
    'CONTENT_TYPE' => ''
    'REQUEST_METHOD' => 'POST'
    'QUERY_STRING' => 'p=dW2axQ3b%2Factions%2Fqueue%2Frun&v=1779893636141'
    'SCRIPT_NAME' => '/index.php'
    'SCRIPT_FILENAME' => '/var/www/html/web/index.php'
    'FCGI_ROLE' => 'RESPONDER'
    'PHP_SELF' => '/index.php'
    'REQUEST_TIME_FLOAT' => 1779893636.1432
    'REQUEST_TIME' => 1779893636
    'CRAFT_APP_ID' => 'CraftCMS--3933bc78-29f5-4b79-bcc5-c31faf0fcd20'
    'CRAFT_ENVIRONMENT' => 'dev'
    'ENVIRONMENT' => 'dev'
    'CRAFT_SECURITY_KEY' => '••••••••••••••••••••••••••••••••'
    'CP_TRIGGER' => 'dW2axQ3b'
    'CRAFT_DB_SCHEMA' => 'public'
    'CRAFT_DB_TABLE_PREFIX' => ''
    'CRAFT_DB_CHARSET' => 'utf8mb4'
    'CRAFT_DB_COLLATION' => 'utf8mb4_unicode_ci'
    'DEV_MODE' => 'true'
    'ALLOW_ADMIN_CHANGES' => 'true'
    'DISALLOW_ROBOTS' => 'true'
    'TIMEZONE' => 'Europe/Zurich'
    'CAPTCHA_SITE_KEY' => '••••••••••••••••••••••••••••••••••••••••'
    'CAPTCHA_SECRET_KEY' => '••••••••••••••••••••••••••••••••••••••••'
    'WEB_URL' => 'https://derschmuckmacher-v3.ddev.site'
    'WEB_ROOT' => '/var/www/html/web'
    'ASSETS_BASE_URL' => 'https://derschmuckmacher-v3.ddev.site/public'
    'ASSETS_BASE_PATH' => '/var/www/html/web/public'
    'SCHMUCK_BASE_URL' => 'https://derschmuckmacher-v3.ddev.site/public/uploads/schmuck'
    'SCHMUCK_BASE_PATH' => '/var/www/html/web/public/uploads/schmuck'
    'BILDER_BASE_URL' => 'https://derschmuckmacher-v3.ddev.site/public/uploads/bilder'
    'BILDER_BASE_PATH' => '/var/www/html/web/public/uploads/bilder'
] {"environment":"dev","userId":1} 
2026-05-27 16:56:38 [queue.INFO] [yii\db\Connection::open] Opening DB connection: mysql:host=db;dbname=db;port=3306 {"memory":1101840} 
2026-05-27 16:56:38 [queue.INFO] [yii\web\Session::open] Session started {"memory":1530768} 
2026-05-27 16:56:38 [queue.INFO] [nystudio107\codeeditor\CodeEditor::bootstrap] CodeEditor module bootstrapped {"memory":1555104} 
2026-05-27 16:56:38 [queue.INFO] [adigital\cookieconsentbanner\CookieConsentBanner::init] Cookie Consent Banner plugin loaded {"memory":1772648} 
2026-05-27 16:56:38 [queue.INFO] [miranj\obfuscator\Obfuscator::init] Obfuscator plugin loaded {"memory":2733504} 
2026-05-27 16:56:38 [queue.INFO] [yii\db\Connection::open] Opening DB connection: mysql:host=db;dbname=db;port=3306 {"memory":3005944} 
2026-05-27 16:56:38 [queue.INFO] [craft\queue\QueueLogBehavior::beforeExec]  [40970] t9n:["app","Updating search indexes"] (attempt: 1, pid: 2477) - Started {"memory":3064728} 
2026-05-27 16:56:38 [queue.INFO] [craft\queue\QueueLogBehavior::afterExec]  [40970] t9n:["app","Updating search indexes"] (attempt: 1, pid: 2477) - Done (time: 0.015s) {"memory":4077048} 
2026-05-27 16:56:38 [queue.INFO] [application] Request context:
$_GET = [
    'p' => 'dW2axQ3b/actions/queue/run'
    'v' => '1779893798132'
]

$_POST = []

$_FILES = []

$_COOKIE = [
    'a8b7b1ec9ffb8baf2c6eaa253fe57112_username' => '26b9ec8568da68d3882e55afaa5d203483c6c5810ee05b5a55c8a0eb10cab93ea:2:{i:0;s:41:\"a8b7b1ec9ffb8baf2c6eaa253fe57112_username\";i:1;s:8:\"odegiuli\";}'
    'CraftSessionId' => 'biudticgnvahpvc8nukk8ac1vc'
    'CRAFT_CSRF_TOKEN' => '••••••••••••••••••••••••••••••••••••••••••••••••••••••••••••••••••••••••••••••••••••••••••••••••••••••••••••••••••••••••••••••••••••••••••••••••••••••••••••••••••••••••••••••••••••••••••••••••••••••••••••••••••••••••••••••••••••••••••••••••••••••••••••••••••'
    'a8b7b1ec9ffb8baf2c6eaa253fe57112_identity' => 'c05e269f9a86048999710c6067062a4ab8b9b72b60032bdd4aede461abe99f6aa:2:{i:0;s:41:\"a8b7b1ec9ffb8baf2c6eaa253fe57112_identity\";i:1;s:159:\"[1,\"[\\\"y9F6YHmR9qC8Xsvv_urYFspDlXSsXsFbHDHDiokNRXLEUFEEKTo2W7iJ97zgt_AgvxoJgpgTjLnE5pS-azRIHVI1lD_VNxCU5lGK\\\",null,\\\"fd3cbf9ed3a1f5fe86c1a53cec2d55ae\\\"]\",3600]\";}'
    'Craft-3626ffc1-d0a3-42e3-98aa-37e8aa759561_sidebar' => 'expanded'
    'Craft-3626ffc1-d0a3-42e3-98aa-37e8aa759561_sidebar-details' => 'expanded'
    'cookieconsent_status' => 'allow'
]

$_SESSION = [
    'a8b7b1ec9ffb8baf2c6eaa253fe57112__token' => '••••••••••••••••••••••••••••••••••••••••••••••••••••••••••••••••••••••••••••••••••••••••••••••••••••'
    'a8b7b1ec9ffb8baf2c6eaa253fe57112__id' => 1
    '__authKey' => '••••••••••••••••••••••••••••••••••••••••••••••••••••••••••••••••••••••••••••••••••••••••••••••••••••••••••••••••••••••••••••••••••••••••••••••••'
    'a8b7b1ec9ffb8baf2c6eaa253fe57112__expire' => 1779897398
    '__duration' => 3600
    '__elevated_timeout' => 1779891115
    '22b6a59deafcfb2ffb13c3adf3d98a3b__auth_access' => [
        0 => 'previewElement:7186'
        1 => 'saveAssets:856a3aeb-b21b-4d41-af3f-0a23db430323'
        2 => 'previewDraft:1050'
        3 => 'previewDraft:1052'
        4 => 'previewDraft:1054'
        5 => 'previewDraft:1056'
        6 => 'previewDraft:1058'
        7 => 'previewDraft:1060'
        8 => 'previewDraft:1062'
        9 => 'previewDraft:1064'
        10 => 'previewDraft:1066'
        11 => 'previewDraft:1068'
        12 => 'previewDraft:1070'
        13 => 'previewDraft:1072'
        14 => 'previewDraft:1074'
        15 => 'editStructure:1'
        16 => 'editStructure:2'
        17 => 'previewDraft:1076'
        18 => 'previewElement:7158'
        19 => 'previewDraft:1078'
        20 => 'previewElement:8582'
        21 => 'previewDraft:1080'
        22 => 'previewDraft:1081'
        23 => 'previewDraft:1082'
    ]
    '22b6a59deafcfb2ffb13c3adf3d98a3b__flash' => []
]

$_SERVER = [
    'DEPLOY_NAME' => 'local'
    'DDEV_WEBSERVER_TYPE' => 'nginx-fpm'
    'npm_config_cache' => '/mnt/ddev-global-cache/npm'
    'COREPACK_ENABLE_DOWNLOAD_PROMPT' => '0'
    'DDEV_GOOS' => 'darwin'
    'IS_DDEV_PROJECT' => 'true'
    'PHP_DEFAULT_VERSION' => '8.3'
    'HOSTNAME' => 'derschmuckmacher-v3-web'
    'MAILPIT_SMTP_PORT' => '1025'
    'MH_SMTP_BIND_ADDR' => '127.0.0.1:1025'
    'DDEV_PRIMARY_URL_WITHOUT_PORT' => 'https://derschmuckmacher-v3.ddev.site'
    'CRAFT_DB_PORT' => '3306'
    'SSH_AUTH_SOCK' => '/home/.ssh-agent/socket'
    'DDEV_GID' => '20'
    'NODE_EXTRA_CA_CERTS' => '/mnt/ddev-global-cache/mkcert/rootCA.pem'
    'DOCKER_IP' => '127.0.0.1'
    'PGPASSWORD' => 'db'
    'CRAFT_WEB_ROOT' => '/var/www/html/web'
    'DDEV_DOCROOT' => 'web'
    'PWD' => '/var/www/html'
    'PLATFORMSH_CLI_UPDATES_CHECK' => '0'
    'DDEV_APPROOT' => '/var/www/html'
    'DDEV_FILES_DIR' => ''
    'START_SCRIPT_TIMEOUT' => '57'
    'APACHE_SITE_TEMPLATE' => '/etc/apache2/apache-site.conf'
    'PHP_INI' => '/etc/php/8.3/fpm/php.ini'
    'DDEV_VERSION' => 'v1.24.10'
    'PRIMARY_SITE_URL' => 'https://derschmuckmacher-v3.ddev.site'
    'TZ' => 'Europe/Zurich'
    'DDEV_XHPROF_MODE' => 'prepend'
    'HTTPS_EXPOSE' => '443:80,8026:8025'
    'COREPACK_HOME' => '/mnt/ddev-global-cache/corepack'
    'CRAFT_DB_DATABASE' => 'db'
    'DDEV_PRIMARY_URL' => 'https://derschmuckmacher-v3.ddev.site'
    'LINES' => '6'
    'DDEV_SITENAME' => 'derschmuckmacher-v3'
    'HOME' => '/home/omar'
    'DRUSH_OPTIONS_URI' => 'https://derschmuckmacher-v3.ddev.site'
    'LANG' => 'C.UTF-8'
    'COLUMNS' => '371'
    'DDEV_MUTAGEN_ENABLED' => 'true'
    'DDEV_USER' => 'omar'
    'PGUSER' => 'db'
    'TERMINUS_CACHE_DIR' => '/mnt/ddev-global-cache/terminus/cache'
    'DDEV_PRIMARY_URL_PORT' => '443'
    'DDEV_ROUTER_HTTP_PORT' => '80'
    'MAILPIT_SMTP_HOSTNAME' => '127.0.0.1'
    'CRAFT_DB_DRIVER' => 'mysql'
    'COMPOSER_PROCESS_TIMEOUT' => '2000'
    'NGINX_SITE_TEMPLATE' => '/etc/nginx/nginx-site.conf'
    'DDEV_FILES_DIRS' => ''
    'CRAFT_DB_SERVER' => 'db'
    'HTTP_EXPOSE' => '80:80,8025:8025'
    'NVM_DIR' => '/home/omar/.nvm'
    'DDEV_PHP_VERSION' => '8.3'
    'DDEV_TLD' => 'ddev.site'
    'DDEV_HOSTNAME' => 'derschmuckmacher-v3.ddev.site'
    'DDEV_PROJECT' => 'derschmuckmacher-v3'
    'DDEV_GOARCH' => 'arm64'
    'VIRTUAL_HOST' => 'derschmuckmacher-v3.ddev.site'
    'TERM' => 'xterm'
    'USER' => 'omar'
    'MYSQL_HISTFILE' => '/mnt/ddev-global-cache/mysqlhistory/derschmuckmacher-v3-web/mysql_history'
    'DDEV_WEB_ENTRYPOINT' => '/mnt/ddev_config/web-entrypoint.d'
    'DDEV_UID' => '501'
    'CAROOT' => '/mnt/ddev-global-cache/mkcert'
    'SHLVL' => '1'
    'COMPOSER_ALLOW_SUPERUSER' => '1'
    'BASH_ENV' => '/etc/bash.nointeractive.bashrc'
    'DDEV_DATABASE' => 'mysql:8.0'
    'PGDATABASE' => 'db'
    'CRAFT_DB_USER' => 'db'
    'DDEV_SCHEME' => 'https'
    'XHPROF_OUTPUT_DIR' => '/tmp/xhprof'
    'COMPOSER_CACHE_DIR' => '/mnt/ddev-global-cache/composer'
    'DDEV_XDEBUG_ENABLED' => 'false'
    'DDEV_DATABASE_FAMILY' => 'mysql'
    'PGHOST' => 'db'
    'DDEV_COMPOSER_ROOT' => '/var/www/html'
    'CRAFT_DB_PASSWORD' => '••'
    'DOCROOT' => 'web'
    'TERMINUS_HIDE_UPDATE_MESSAGE' => '1'
    'PATH' => '/home/omar/bin:/var/www/html/vendor/bin:/usr/local/sbin:/usr/local/bin:/usr/sbin:/usr/bin:/sbin:/bin:/var/www/html/bin:/mnt/ddev-global-cache/global-commands/web'
    'HOST_DOCKER_INTERNAL_IP' => ''
    'DDEV_PROJECT_TYPE' => 'craftcms'
    'DEBIAN_FRONTEND' => 'noninteractive'
    'DDEV_ROUTER_HTTPS_PORT' => '443'
    'EXECIGNORE' => '/var/www/html/vendor/bin/composer'
    'SUPERVISOR_ENABLED' => '1'
    'SUPERVISOR_SERVER_URL' => 'unix:///var/run/supervisor.sock'
    'SUPERVISOR_PROCESS_NAME' => 'php-fpm'
    'SUPERVISOR_GROUP_NAME' => 'php-fpm'
    'HTTP_X_REQUESTED_WITH' => 'XMLHttpRequest'
    'HTTP_X_REGISTERED_JS_FILES' => ''
    'HTTP_X_REGISTERED_ASSET_BUNDLES' => '815d39ea,e7c1329,92d8701,22e517a2,aee7f8dc,26c46c25,e505ffd6,6b4d7555,bb2f10a0,e5e48399,fc0bc163,1ccab40d,1e21896b,54698ee0,b842675b,1c3c9add,4b1fd285,d8d08e47,8f00ce04,8768f48b,cf3018d6,ec6d0256,75f47f25,15a36a51'
    'HTTP_X_REAL_IP' => '172.18.0.1'
    'HTTP_X_FORWARDED_SERVER' => 'e6a50fd17528'
    'HTTP_X_FORWARDED_PROTO' => 'https'
    'HTTP_X_FORWARDED_PORT' => '443'
    'HTTP_X_FORWARDED_HOST' => 'derschmuckmacher-v3.ddev.site'
    'HTTP_X_FORWARDED_FOR' => '172.18.0.1'
    'HTTP_X_CSRF_TOKEN' => '••••••••••••••••••••••••••••••••••••••••••••••••••••••••••••••••••••••••••••••••••••••••••••••••••••••••••••••••••••••••••••••••••••••••••••••••••••••••••••••••••••••••••••••••••••••••••••••••••••••••••••••••••••••••••••••••••••••••••••••••••••••••••••••••••••••••••••••••••••••••••••••••••••••••••••••••••••••••••••••••••••••••••••••••••••••••••••••••••••••••••••••••••••••••••••••••••••••••'
    'HTTP_TE' => 'trailers'
    'HTTP_SEC_GPC' => '1'
    'HTTP_SEC_FETCH_SITE' => 'same-origin'
    'HTTP_SEC_FETCH_MODE' => 'cors'
    'HTTP_SEC_FETCH_DEST' => 'empty'
    'HTTP_REFERER' => 'https://derschmuckmacher-v3.ddev.site/dW2axQ3b/content/entries/aktuelles/9139?draftId=1082&fresh=1'
    'HTTP_ORIGIN' => 'https://derschmuckmacher-v3.ddev.site'
    'HTTP_COOKIE' => 'a8b7b1ec9ffb8baf2c6eaa253fe57112_username=26b9ec8568da68d3882e55afaa5d203483c6c5810ee05b5a55c8a0eb10cab93ea%3A2%3A%7Bi%3A0%3Bs%3A41%3A%22a8b7b1ec9ffb8baf2c6eaa253fe57112_username%22%3Bi%3A1%3Bs%3A8%3A%22odegiuli%22%3B%7D; CraftSessionId=biudticgnvahpvc8nukk8ac1vc; CRAFT_CSRF_TOKEN=f24bdf1e9b1a034ee7b31fc7240bdef700af95a681404c14421efa33013a169ca%3A2%3A%7Bi%3A0%3Bs%3A16%3A%22CRAFT_CSRF_TOKEN%22%3Bi%3A1%3Bs%3A147%3A%22o35JaTMOK5SlzzOXxon1Bn7gy1-9PEHqnAYwYjz9%7C89e454564122d06c6a70a599ac0d3b19a34e4201342f82ce4b9247f607434cc9o35JaTMOK5SlzzOXxon1Bn7gy1-9PEHqnAYwYjz9%7C1%22%3B%7D; a8b7b1ec9ffb8baf2c6eaa253fe57112_identity=c05e269f9a86048999710c6067062a4ab8b9b72b60032bdd4aede461abe99f6aa%3A2%3A%7Bi%3A0%3Bs%3A41%3A%22a8b7b1ec9ffb8baf2c6eaa253fe57112_identity%22%3Bi%3A1%3Bs%3A159%3A%22%5B1%2C%22%5B%5C%22y9F6YHmR9qC8Xsvv_urYFspDlXSsXsFbHDHDiokNRXLEUFEEKTo2W7iJ97zgt_AgvxoJgpgTjLnE5pS-azRIHVI1lD_VNxCU5lGK%5C%22%2Cnull%2C%5C%22fd3cbf9ed3a1f5fe86c1a53cec2d55ae%5C%22%5D%22%2C3600%5D%22%3B%7D; Craft-3626ffc1-d0a3-42e3-98aa-37e8aa759561_sidebar=expanded; Craft-3626ffc1-d0a3-42e3-98aa-37e8aa759561_sidebar-details=expanded; cookieconsent_status=allow'
    'HTTP_ACCEPT_LANGUAGE' => 'de,en-US;q=0.9,en;q=0.8'
    'HTTP_ACCEPT_ENCODING' => 'gzip, deflate, br, zstd'
    'HTTP_ACCEPT' => 'application/json, text/plain, */*'
    'HTTP_CONTENT_LENGTH' => '0'
    'HTTP_USER_AGENT' => 'Mozilla/5.0 (Macintosh; Intel Mac OS X 10.15; rv:151.0) Gecko/20100101 Firefox/151.0'
    'HTTP_HOST' => 'derschmuckmacher-v3.ddev.site'
    'HTTPS' => 'on'
    'REDIRECT_STATUS' => '200'
    'SERVER_NAME' => 'derschmuckmacher-v3.ddev.site'
    'SERVER_PORT' => '80'
    'SERVER_ADDR' => '172.18.0.4'
    'REMOTE_PORT' => '35594'
    'REMOTE_ADDR' => '172.18.0.5'
    'SERVER_SOFTWARE' => 'nginx/1.28.0'
    'GATEWAY_INTERFACE' => 'CGI/1.1'
    'REQUEST_SCHEME' => 'http'
    'SERVER_PROTOCOL' => 'HTTP/1.1'
    'DOCUMENT_ROOT' => '/var/www/html/web'
    'DOCUMENT_URI' => '/index.php'
    'REQUEST_URI' => '/index.php?p=dW2axQ3b%2Factions%2Fqueue%2Frun&v=1779893798132'
    'CONTENT_LENGTH' => '0'
    'CONTENT_TYPE' => ''
    'REQUEST_METHOD' => 'POST'
    'QUERY_STRING' => 'p=dW2axQ3b%2Factions%2Fqueue%2Frun&v=1779893798132'
    'SCRIPT_NAME' => '/index.php'
    'SCRIPT_FILENAME' => '/var/www/html/web/index.php'
    'FCGI_ROLE' => 'RESPONDER'
    'PHP_SELF' => '/index.php'
    'REQUEST_TIME_FLOAT' => 1779893798.1344
    'REQUEST_TIME' => 1779893798
    'CRAFT_APP_ID' => 'CraftCMS--3933bc78-29f5-4b79-bcc5-c31faf0fcd20'
    'CRAFT_ENVIRONMENT' => 'dev'
    'ENVIRONMENT' => 'dev'
    'CRAFT_SECURITY_KEY' => '••••••••••••••••••••••••••••••••'
    'CP_TRIGGER' => 'dW2axQ3b'
    'CRAFT_DB_SCHEMA' => 'public'
    'CRAFT_DB_TABLE_PREFIX' => ''
    'CRAFT_DB_CHARSET' => 'utf8mb4'
    'CRAFT_DB_COLLATION' => 'utf8mb4_unicode_ci'
    'DEV_MODE' => 'true'
    'ALLOW_ADMIN_CHANGES' => 'true'
    'DISALLOW_ROBOTS' => 'true'
    'TIMEZONE' => 'Europe/Zurich'
    'CAPTCHA_SITE_KEY' => '••••••••••••••••••••••••••••••••••••••••'
    'CAPTCHA_SECRET_KEY' => '••••••••••••••••••••••••••••••••••••••••'
    'WEB_URL' => 'https://derschmuckmacher-v3.ddev.site'
    'WEB_ROOT' => '/var/www/html/web'
    'ASSETS_BASE_URL' => 'https://derschmuckmacher-v3.ddev.site/public'
    'ASSETS_BASE_PATH' => '/var/www/html/web/public'
    'SCHMUCK_BASE_URL' => 'https://derschmuckmacher-v3.ddev.site/public/uploads/schmuck'
    'SCHMUCK_BASE_PATH' => '/var/www/html/web/public/uploads/schmuck'
    'BILDER_BASE_URL' => 'https://derschmuckmacher-v3.ddev.site/public/uploads/bilder'
    'BILDER_BASE_PATH' => '/var/www/html/web/public/uploads/bilder'
] {"environment":"dev","userId":1} 
2026-05-27 16:58:00 [queue.INFO] [yii\db\Connection::open] Opening DB connection: mysql:host=db;dbname=db;port=3306 {"memory":1101712} 
2026-05-27 16:58:00 [queue.INFO] [yii\web\Session::open] Session started {"memory":1535048} 
2026-05-27 16:58:00 [queue.INFO] [nystudio107\codeeditor\CodeEditor::bootstrap] CodeEditor module bootstrapped {"memory":1557144} 
2026-05-27 16:58:00 [queue.INFO] [adigital\cookieconsentbanner\CookieConsentBanner::init] Cookie Consent Banner plugin loaded {"memory":1774544} 
2026-05-27 16:58:00 [queue.INFO] [miranj\obfuscator\Obfuscator::init] Obfuscator plugin loaded {"memory":2735400} 
2026-05-27 16:58:00 [queue.INFO] [yii\db\Connection::open] Opening DB connection: mysql:host=db;dbname=db;port=3306 {"memory":3007840} 
2026-05-27 16:58:00 [queue.INFO] [craft\queue\QueueLogBehavior::beforeExec]  [40971] t9n:["app","Updating search indexes"] (attempt: 1, pid: 2700) - Started {"memory":3066624} 
2026-05-27 16:58:00 [queue.INFO] [craft\queue\QueueLogBehavior::afterExec]  [40971] t9n:["app","Updating search indexes"] (attempt: 1, pid: 2700) - Done (time: 0.018s) {"memory":5056192} 
2026-05-27 16:58:00 [queue.INFO] [craft\queue\QueueLogBehavior::beforeExec]  [40972] t9n:["app","Updating search indexes"] (attempt: 1, pid: 2700) - Started {"memory":5064224} 
2026-05-27 16:58:00 [queue.INFO] [craft\queue\QueueLogBehavior::afterExec]  [40972] t9n:["app","Updating search indexes"] (attempt: 1, pid: 2700) - Done (time: 0.000s) {"memory":5065648} 
2026-05-27 16:58:00 [queue.INFO] [craft\queue\QueueLogBehavior::beforeExec]  [40973] t9n:["app","Updating search indexes"] (attempt: 1, pid: 2700) - Started {"memory":5077728} 
2026-05-27 16:58:00 [queue.INFO] [craft\queue\QueueLogBehavior::afterExec]  [40973] t9n:["app","Updating search indexes"] (attempt: 1, pid: 2700) - Done (time: 0.000s) {"memory":5079152} 
2026-05-27 16:58:00 [queue.INFO] [craft\queue\QueueLogBehavior::beforeExec]  [40974] t9n:["app","Updating search indexes"] (attempt: 1, pid: 2700) - Started {"memory":5087456} 
2026-05-27 16:58:00 [queue.INFO] [craft\queue\QueueLogBehavior::afterExec]  [40974] t9n:["app","Updating search indexes"] (attempt: 1, pid: 2700) - Done (time: 0.000s) {"memory":5088880} 
2026-05-27 16:58:00 [queue.INFO] [craft\queue\QueueLogBehavior::beforeExec]  [40975] t9n:["app","Updating search indexes"] (attempt: 1, pid: 2700) - Started {"memory":5096864} 
2026-05-27 16:58:00 [queue.INFO] [craft\queue\QueueLogBehavior::afterExec]  [40975] t9n:["app","Updating search indexes"] (attempt: 1, pid: 2700) - Done (time: 0.000s) {"memory":5098288} 
2026-05-27 16:58:00 [queue.INFO] [craft\queue\QueueLogBehavior::beforeExec]  [40976] t9n:["app","Updating search indexes"] (attempt: 1, pid: 2700) - Started {"memory":5106272} 
2026-05-27 16:58:00 [queue.INFO] [craft\queue\QueueLogBehavior::afterExec]  [40976] t9n:["app","Updating search indexes"] (attempt: 1, pid: 2700) - Done (time: 0.000s) {"memory":5107696} 
2026-05-27 16:58:00 [queue.INFO] [craft\queue\QueueLogBehavior::beforeExec]  [40977] t9n:["app","Updating search indexes"] (attempt: 1, pid: 2700) - Started {"memory":5115680} 
2026-05-27 16:58:00 [queue.INFO] [craft\queue\QueueLogBehavior::afterExec]  [40977] t9n:["app","Updating search indexes"] (attempt: 1, pid: 2700) - Done (time: 0.000s) {"memory":5117104} 
2026-05-27 16:58:00 [queue.INFO] [craft\queue\QueueLogBehavior::beforeExec]  [40978] t9n:["app","Updating search indexes"] (attempt: 1, pid: 2700) - Started {"memory":5125088} 
2026-05-27 16:58:00 [queue.INFO] [craft\queue\QueueLogBehavior::afterExec]  [40978] t9n:["app","Updating search indexes"] (attempt: 1, pid: 2700) - Done (time: 0.000s) {"memory":5126512} 
2026-05-27 16:58:00 [queue.INFO] [craft\queue\QueueLogBehavior::beforeExec]  [40979] t9n:["app","Updating search indexes"] (attempt: 1, pid: 2700) - Started {"memory":5134496} 
2026-05-27 16:58:00 [queue.INFO] [craft\queue\QueueLogBehavior::afterExec]  [40979] t9n:["app","Updating search indexes"] (attempt: 1, pid: 2700) - Done (time: 0.000s) {"memory":5135920} 
2026-05-27 16:58:00 [queue.INFO] [craft\queue\QueueLogBehavior::beforeExec]  [40980] t9n:["app","Updating search indexes"] (attempt: 1, pid: 2700) - Started {"memory":5143904} 
2026-05-27 16:58:00 [queue.INFO] [craft\queue\QueueLogBehavior::afterExec]  [40980] t9n:["app","Updating search indexes"] (attempt: 1, pid: 2700) - Done (time: 0.000s) {"memory":5145328} 
2026-05-27 16:58:00 [queue.INFO] [craft\queue\QueueLogBehavior::beforeExec]  [40981] t9n:["app","Updating search indexes"] (attempt: 1, pid: 2700) - Started {"memory":5153312} 
2026-05-27 16:58:00 [queue.INFO] [craft\queue\QueueLogBehavior::afterExec]  [40981] t9n:["app","Updating search indexes"] (attempt: 1, pid: 2700) - Done (time: 0.000s) {"memory":5154736} 
2026-05-27 16:58:00 [queue.INFO] [craft\queue\QueueLogBehavior::beforeExec]  [40982] t9n:["app","Updating search indexes"] (attempt: 1, pid: 2700) - Started {"memory":5162720} 
2026-05-27 16:58:00 [queue.INFO] [craft\queue\QueueLogBehavior::afterExec]  [40982] t9n:["app","Updating search indexes"] (attempt: 1, pid: 2700) - Done (time: 0.000s) {"memory":5172336} 
2026-05-27 16:58:00 [queue.INFO] [craft\queue\QueueLogBehavior::beforeExec]  [40983] t9n:["app","Updating search indexes"] (attempt: 1, pid: 2700) - Started {"memory":5180320} 
2026-05-27 16:58:00 [queue.INFO] [craft\queue\QueueLogBehavior::afterExec]  [40983] t9n:["app","Updating search indexes"] (attempt: 1, pid: 2700) - Done (time: 0.000s) {"memory":5181744} 
2026-05-27 16:58:00 [queue.INFO] [craft\queue\QueueLogBehavior::beforeExec]  [40984] t9n:["app","Updating search indexes"] (attempt: 1, pid: 2700) - Started {"memory":5189728} 
2026-05-27 16:58:00 [queue.INFO] [craft\queue\QueueLogBehavior::afterExec]  [40984] t9n:["app","Updating search indexes"] (attempt: 1, pid: 2700) - Done (time: 0.000s) {"memory":5191152} 
2026-05-27 16:58:00 [queue.INFO] [craft\queue\QueueLogBehavior::beforeExec]  [40985] t9n:["app","Pruning extra revisions"] (attempt: 1, pid: 2700) - Started {"memory":5199136} 
2026-05-27 16:58:00 [queue.INFO] [craft\queue\QueueLogBehavior::afterExec]  [40985] t9n:["app","Pruning extra revisions"] (attempt: 1, pid: 2700) - Done (time: 0.001s) {"memory":5309328} 
2026-05-27 16:58:00 [queue.INFO] [application] Request context:
$_GET = [
    'p' => 'dW2axQ3b/actions/queue/run'
    'v' => '1779893880827'
]

$_POST = []

$_FILES = []

$_COOKIE = [
    'a8b7b1ec9ffb8baf2c6eaa253fe57112_username' => '26b9ec8568da68d3882e55afaa5d203483c6c5810ee05b5a55c8a0eb10cab93ea:2:{i:0;s:41:\"a8b7b1ec9ffb8baf2c6eaa253fe57112_username\";i:1;s:8:\"odegiuli\";}'
    'CraftSessionId' => 'biudticgnvahpvc8nukk8ac1vc'
    'CRAFT_CSRF_TOKEN' => '••••••••••••••••••••••••••••••••••••••••••••••••••••••••••••••••••••••••••••••••••••••••••••••••••••••••••••••••••••••••••••••••••••••••••••••••••••••••••••••••••••••••••••••••••••••••••••••••••••••••••••••••••••••••••••••••••••••••••••••••••••••••••••••••••'
    'a8b7b1ec9ffb8baf2c6eaa253fe57112_identity' => 'c05e269f9a86048999710c6067062a4ab8b9b72b60032bdd4aede461abe99f6aa:2:{i:0;s:41:\"a8b7b1ec9ffb8baf2c6eaa253fe57112_identity\";i:1;s:159:\"[1,\"[\\\"y9F6YHmR9qC8Xsvv_urYFspDlXSsXsFbHDHDiokNRXLEUFEEKTo2W7iJ97zgt_AgvxoJgpgTjLnE5pS-azRIHVI1lD_VNxCU5lGK\\\",null,\\\"fd3cbf9ed3a1f5fe86c1a53cec2d55ae\\\"]\",3600]\";}'
    'Craft-3626ffc1-d0a3-42e3-98aa-37e8aa759561_sidebar' => 'expanded'
    'Craft-3626ffc1-d0a3-42e3-98aa-37e8aa759561_sidebar-details' => 'expanded'
    'cookieconsent_status' => 'allow'
]

$_SESSION = [
    'a8b7b1ec9ffb8baf2c6eaa253fe57112__token' => '••••••••••••••••••••••••••••••••••••••••••••••••••••••••••••••••••••••••••••••••••••••••••••••••••••'
    'a8b7b1ec9ffb8baf2c6eaa253fe57112__id' => 1
    '__authKey' => '••••••••••••••••••••••••••••••••••••••••••••••••••••••••••••••••••••••••••••••••••••••••••••••••••••••••••••••••••••••••••••••••••••••••••••••••'
    'a8b7b1ec9ffb8baf2c6eaa253fe57112__expire' => 1779897480
    '__duration' => 3600
    '__elevated_timeout' => 1779891115
    '22b6a59deafcfb2ffb13c3adf3d98a3b__auth_access' => [
        0 => 'previewElement:7186'
        1 => 'saveAssets:856a3aeb-b21b-4d41-af3f-0a23db430323'
        2 => 'previewDraft:1050'
        3 => 'previewDraft:1052'
        4 => 'previewDraft:1054'
        5 => 'previewDraft:1056'
        6 => 'previewDraft:1058'
        7 => 'previewDraft:1060'
        8 => 'previewDraft:1062'
        9 => 'previewDraft:1064'
        10 => 'previewDraft:1066'
        11 => 'previewDraft:1068'
        12 => 'previewDraft:1070'
        13 => 'previewDraft:1072'
        14 => 'previewDraft:1074'
        15 => 'editStructure:1'
        16 => 'editStructure:2'
        17 => 'previewDraft:1076'
        18 => 'previewElement:7158'
        19 => 'previewDraft:1078'
        20 => 'previewElement:8582'
        21 => 'previewDraft:1080'
        22 => 'previewDraft:1081'
        23 => 'previewDraft:1082'
    ]
    '22b6a59deafcfb2ffb13c3adf3d98a3b__flash' => []
]

$_SERVER = [
    'DEPLOY_NAME' => 'local'
    'DDEV_WEBSERVER_TYPE' => 'nginx-fpm'
    'npm_config_cache' => '/mnt/ddev-global-cache/npm'
    'COREPACK_ENABLE_DOWNLOAD_PROMPT' => '0'
    'DDEV_GOOS' => 'darwin'
    'IS_DDEV_PROJECT' => 'true'
    'PHP_DEFAULT_VERSION' => '8.3'
    'HOSTNAME' => 'derschmuckmacher-v3-web'
    'MAILPIT_SMTP_PORT' => '1025'
    'MH_SMTP_BIND_ADDR' => '127.0.0.1:1025'
    'DDEV_PRIMARY_URL_WITHOUT_PORT' => 'https://derschmuckmacher-v3.ddev.site'
    'CRAFT_DB_PORT' => '3306'
    'SSH_AUTH_SOCK' => '/home/.ssh-agent/socket'
    'DDEV_GID' => '20'
    'NODE_EXTRA_CA_CERTS' => '/mnt/ddev-global-cache/mkcert/rootCA.pem'
    'DOCKER_IP' => '127.0.0.1'
    'PGPASSWORD' => 'db'
    'CRAFT_WEB_ROOT' => '/var/www/html/web'
    'DDEV_DOCROOT' => 'web'
    'PWD' => '/var/www/html'
    'PLATFORMSH_CLI_UPDATES_CHECK' => '0'
    'DDEV_APPROOT' => '/var/www/html'
    'DDEV_FILES_DIR' => ''
    'START_SCRIPT_TIMEOUT' => '57'
    'APACHE_SITE_TEMPLATE' => '/etc/apache2/apache-site.conf'
    'PHP_INI' => '/etc/php/8.3/fpm/php.ini'
    'DDEV_VERSION' => 'v1.24.10'
    'PRIMARY_SITE_URL' => 'https://derschmuckmacher-v3.ddev.site'
    'TZ' => 'Europe/Zurich'
    'DDEV_XHPROF_MODE' => 'prepend'
    'HTTPS_EXPOSE' => '443:80,8026:8025'
    'COREPACK_HOME' => '/mnt/ddev-global-cache/corepack'
    'CRAFT_DB_DATABASE' => 'db'
    'DDEV_PRIMARY_URL' => 'https://derschmuckmacher-v3.ddev.site'
    'LINES' => '6'
    'DDEV_SITENAME' => 'derschmuckmacher-v3'
    'HOME' => '/home/omar'
    'DRUSH_OPTIONS_URI' => 'https://derschmuckmacher-v3.ddev.site'
    'LANG' => 'C.UTF-8'
    'COLUMNS' => '371'
    'DDEV_MUTAGEN_ENABLED' => 'true'
    'DDEV_USER' => 'omar'
    'PGUSER' => 'db'
    'TERMINUS_CACHE_DIR' => '/mnt/ddev-global-cache/terminus/cache'
    'DDEV_PRIMARY_URL_PORT' => '443'
    'DDEV_ROUTER_HTTP_PORT' => '80'
    'MAILPIT_SMTP_HOSTNAME' => '127.0.0.1'
    'CRAFT_DB_DRIVER' => 'mysql'
    'COMPOSER_PROCESS_TIMEOUT' => '2000'
    'NGINX_SITE_TEMPLATE' => '/etc/nginx/nginx-site.conf'
    'DDEV_FILES_DIRS' => ''
    'CRAFT_DB_SERVER' => 'db'
    'HTTP_EXPOSE' => '80:80,8025:8025'
    'NVM_DIR' => '/home/omar/.nvm'
    'DDEV_PHP_VERSION' => '8.3'
    'DDEV_TLD' => 'ddev.site'
    'DDEV_HOSTNAME' => 'derschmuckmacher-v3.ddev.site'
    'DDEV_PROJECT' => 'derschmuckmacher-v3'
    'DDEV_GOARCH' => 'arm64'
    'VIRTUAL_HOST' => 'derschmuckmacher-v3.ddev.site'
    'TERM' => 'xterm'
    'USER' => 'omar'
    'MYSQL_HISTFILE' => '/mnt/ddev-global-cache/mysqlhistory/derschmuckmacher-v3-web/mysql_history'
    'DDEV_WEB_ENTRYPOINT' => '/mnt/ddev_config/web-entrypoint.d'
    'DDEV_UID' => '501'
    'CAROOT' => '/mnt/ddev-global-cache/mkcert'
    'SHLVL' => '1'
    'COMPOSER_ALLOW_SUPERUSER' => '1'
    'BASH_ENV' => '/etc/bash.nointeractive.bashrc'
    'DDEV_DATABASE' => 'mysql:8.0'
    'PGDATABASE' => 'db'
    'CRAFT_DB_USER' => 'db'
    'DDEV_SCHEME' => 'https'
    'XHPROF_OUTPUT_DIR' => '/tmp/xhprof'
    'COMPOSER_CACHE_DIR' => '/mnt/ddev-global-cache/composer'
    'DDEV_XDEBUG_ENABLED' => 'false'
    'DDEV_DATABASE_FAMILY' => 'mysql'
    'PGHOST' => 'db'
    'DDEV_COMPOSER_ROOT' => '/var/www/html'
    'CRAFT_DB_PASSWORD' => '••'
    'DOCROOT' => 'web'
    'TERMINUS_HIDE_UPDATE_MESSAGE' => '1'
    'PATH' => '/home/omar/bin:/var/www/html/vendor/bin:/usr/local/sbin:/usr/local/bin:/usr/sbin:/usr/bin:/sbin:/bin:/var/www/html/bin:/mnt/ddev-global-cache/global-commands/web'
    'HOST_DOCKER_INTERNAL_IP' => ''
    'DDEV_PROJECT_TYPE' => 'craftcms'
    'DEBIAN_FRONTEND' => 'noninteractive'
    'DDEV_ROUTER_HTTPS_PORT' => '443'
    'EXECIGNORE' => '/var/www/html/vendor/bin/composer'
    'SUPERVISOR_ENABLED' => '1'
    'SUPERVISOR_SERVER_URL' => 'unix:///var/run/supervisor.sock'
    'SUPERVISOR_PROCESS_NAME' => 'php-fpm'
    'SUPERVISOR_GROUP_NAME' => 'php-fpm'
    'HTTP_X_REQUESTED_WITH' => 'XMLHttpRequest'
    'HTTP_X_REGISTERED_JS_FILES' => ''
    'HTTP_X_REGISTERED_ASSET_BUNDLES' => '22e517a2,aee7f8dc,26c46c25,e505ffd6,6b4d7555,bb2f10a0,e5e48399,815d39ea,fc0bc163,1ccab40d,1e21896b,54698ee0,b842675b,1c3c9add,4b1fd285,d8d08e47,8f00ce04,8768f48b,cf3018d6,ec6d0256'
    'HTTP_X_REAL_IP' => '172.18.0.1'
    'HTTP_X_FORWARDED_SERVER' => 'e6a50fd17528'
    'HTTP_X_FORWARDED_PROTO' => 'https'
    'HTTP_X_FORWARDED_PORT' => '443'
    'HTTP_X_FORWARDED_HOST' => 'derschmuckmacher-v3.ddev.site'
    'HTTP_X_FORWARDED_FOR' => '172.18.0.1'
    'HTTP_X_CSRF_TOKEN' => '••••••••••••••••••••••••••••••••••••••••••••••••••••••••••••••••••••••••••••••••••••••••••••••••••••••••••••••••••••••••••••••••••••••••••••••••••••••••••••••••••••••••••••••••••••••••••••••••••••••••••••••••••••••••••••••••••••••••••••••••••••••••••••••••••••••••••••••••••••••••••••••••••••••••••••••••••••••••••••••••••••••••••••••••••••••••••••••••••••••••••••••••••••••••••••••••••••••••'
    'HTTP_TE' => 'trailers'
    'HTTP_SEC_GPC' => '1'
    'HTTP_SEC_FETCH_SITE' => 'same-origin'
    'HTTP_SEC_FETCH_MODE' => 'cors'
    'HTTP_SEC_FETCH_DEST' => 'empty'
    'HTTP_REFERER' => 'https://derschmuckmacher-v3.ddev.site/dW2axQ3b/content/entries'
    'HTTP_ORIGIN' => 'https://derschmuckmacher-v3.ddev.site'
    'HTTP_COOKIE' => 'a8b7b1ec9ffb8baf2c6eaa253fe57112_username=26b9ec8568da68d3882e55afaa5d203483c6c5810ee05b5a55c8a0eb10cab93ea%3A2%3A%7Bi%3A0%3Bs%3A41%3A%22a8b7b1ec9ffb8baf2c6eaa253fe57112_username%22%3Bi%3A1%3Bs%3A8%3A%22odegiuli%22%3B%7D; CraftSessionId=biudticgnvahpvc8nukk8ac1vc; CRAFT_CSRF_TOKEN=f24bdf1e9b1a034ee7b31fc7240bdef700af95a681404c14421efa33013a169ca%3A2%3A%7Bi%3A0%3Bs%3A16%3A%22CRAFT_CSRF_TOKEN%22%3Bi%3A1%3Bs%3A147%3A%22o35JaTMOK5SlzzOXxon1Bn7gy1-9PEHqnAYwYjz9%7C89e454564122d06c6a70a599ac0d3b19a34e4201342f82ce4b9247f607434cc9o35JaTMOK5SlzzOXxon1Bn7gy1-9PEHqnAYwYjz9%7C1%22%3B%7D; a8b7b1ec9ffb8baf2c6eaa253fe57112_identity=c05e269f9a86048999710c6067062a4ab8b9b72b60032bdd4aede461abe99f6aa%3A2%3A%7Bi%3A0%3Bs%3A41%3A%22a8b7b1ec9ffb8baf2c6eaa253fe57112_identity%22%3Bi%3A1%3Bs%3A159%3A%22%5B1%2C%22%5B%5C%22y9F6YHmR9qC8Xsvv_urYFspDlXSsXsFbHDHDiokNRXLEUFEEKTo2W7iJ97zgt_AgvxoJgpgTjLnE5pS-azRIHVI1lD_VNxCU5lGK%5C%22%2Cnull%2C%5C%22fd3cbf9ed3a1f5fe86c1a53cec2d55ae%5C%22%5D%22%2C3600%5D%22%3B%7D; Craft-3626ffc1-d0a3-42e3-98aa-37e8aa759561_sidebar=expanded; Craft-3626ffc1-d0a3-42e3-98aa-37e8aa759561_sidebar-details=expanded; cookieconsent_status=allow'
    'HTTP_ACCEPT_LANGUAGE' => 'de,en-US;q=0.9,en;q=0.8'
    'HTTP_ACCEPT_ENCODING' => 'gzip, deflate, br, zstd'
    'HTTP_ACCEPT' => 'application/json, text/plain, */*'
    'HTTP_CONTENT_LENGTH' => '0'
    'HTTP_USER_AGENT' => 'Mozilla/5.0 (Macintosh; Intel Mac OS X 10.15; rv:151.0) Gecko/20100101 Firefox/151.0'
    'HTTP_HOST' => 'derschmuckmacher-v3.ddev.site'
    'HTTPS' => 'on'
    'REDIRECT_STATUS' => '200'
    'SERVER_NAME' => 'derschmuckmacher-v3.ddev.site'
    'SERVER_PORT' => '80'
    'SERVER_ADDR' => '172.18.0.4'
    'REMOTE_PORT' => '43868'
    'REMOTE_ADDR' => '172.18.0.5'
    'SERVER_SOFTWARE' => 'nginx/1.28.0'
    'GATEWAY_INTERFACE' => 'CGI/1.1'
    'REQUEST_SCHEME' => 'http'
    'SERVER_PROTOCOL' => 'HTTP/1.1'
    'DOCUMENT_ROOT' => '/var/www/html/web'
    'DOCUMENT_URI' => '/index.php'
    'REQUEST_URI' => '/index.php?p=dW2axQ3b%2Factions%2Fqueue%2Frun&v=1779893880827'
    'CONTENT_LENGTH' => '0'
    'CONTENT_TYPE' => ''
    'REQUEST_METHOD' => 'POST'
    'QUERY_STRING' => 'p=dW2axQ3b%2Factions%2Fqueue%2Frun&v=1779893880827'
    'SCRIPT_NAME' => '/index.php'
    'SCRIPT_FILENAME' => '/var/www/html/web/index.php'
    'FCGI_ROLE' => 'RESPONDER'
    'PHP_SELF' => '/index.php'
    'REQUEST_TIME_FLOAT' => 1779893880.8305
    'REQUEST_TIME' => 1779893880
    'CRAFT_APP_ID' => 'CraftCMS--3933bc78-29f5-4b79-bcc5-c31faf0fcd20'
    'CRAFT_ENVIRONMENT' => 'dev'
    'ENVIRONMENT' => 'dev'
    'CRAFT_SECURITY_KEY' => '••••••••••••••••••••••••••••••••'
    'CP_TRIGGER' => 'dW2axQ3b'
    'CRAFT_DB_SCHEMA' => 'public'
    'CRAFT_DB_TABLE_PREFIX' => ''
    'CRAFT_DB_CHARSET' => 'utf8mb4'
    'CRAFT_DB_COLLATION' => 'utf8mb4_unicode_ci'
    'DEV_MODE' => 'true'
    'ALLOW_ADMIN_CHANGES' => 'true'
    'DISALLOW_ROBOTS' => 'true'
    'TIMEZONE' => 'Europe/Zurich'
    'CAPTCHA_SITE_KEY' => '••••••••••••••••••••••••••••••••••••••••'
    'CAPTCHA_SECRET_KEY' => '••••••••••••••••••••••••••••••••••••••••'
    'WEB_URL' => 'https://derschmuckmacher-v3.ddev.site'
    'WEB_ROOT' => '/var/www/html/web'
    'ASSETS_BASE_URL' => 'https://derschmuckmacher-v3.ddev.site/public'
    'ASSETS_BASE_PATH' => '/var/www/html/web/public'
    'SCHMUCK_BASE_URL' => 'https://derschmuckmacher-v3.ddev.site/public/uploads/schmuck'
    'SCHMUCK_BASE_PATH' => '/var/www/html/web/public/uploads/schmuck'
    'BILDER_BASE_URL' => 'https://derschmuckmacher-v3.ddev.site/public/uploads/bilder'
    'BILDER_BASE_PATH' => '/var/www/html/web/public/uploads/bilder'
] {"environment":"dev","userId":1} 
2026-05-27 16:58:16 [queue.INFO] [yii\db\Connection::open] Opening DB connection: mysql:host=db;dbname=db;port=3306 {"memory":1101840} 
2026-05-27 16:58:16 [queue.INFO] [yii\web\Session::open] Session started {"memory":1530864} 
2026-05-27 16:58:16 [queue.INFO] [nystudio107\codeeditor\CodeEditor::bootstrap] CodeEditor module bootstrapped {"memory":1555200} 
2026-05-27 16:58:16 [queue.INFO] [adigital\cookieconsentbanner\CookieConsentBanner::init] Cookie Consent Banner plugin loaded {"memory":1772600} 
2026-05-27 16:58:16 [queue.INFO] [miranj\obfuscator\Obfuscator::init] Obfuscator plugin loaded {"memory":2733456} 
2026-05-27 16:58:16 [queue.INFO] [yii\db\Connection::open] Opening DB connection: mysql:host=db;dbname=db;port=3306 {"memory":3005896} 
2026-05-27 16:58:16 [queue.INFO] [craft\queue\QueueLogBehavior::beforeExec]  [40986] t9n:["app","Updating search indexes"] (attempt: 1, pid: 2477) - Started {"memory":3064680} 
2026-05-27 16:58:16 [queue.INFO] [craft\queue\QueueLogBehavior::afterExec]  [40986] t9n:["app","Updating search indexes"] (attempt: 1, pid: 2477) - Done (time: 0.010s) {"memory":3678848} 
2026-05-27 16:58:16 [queue.INFO] [craft\queue\QueueLogBehavior::beforeExec]  [40987] t9n:["app","Updating search indexes"] (attempt: 1, pid: 2477) - Started {"memory":3686880} 
2026-05-27 16:58:16 [queue.INFO] [craft\queue\QueueLogBehavior::afterExec]  [40987] t9n:["app","Updating search indexes"] (attempt: 1, pid: 2477) - Done (time: 0.007s) {"memory":4202136} 
2026-05-27 16:58:16 [queue.INFO] [craft\queue\QueueLogBehavior::beforeExec]  [40988] t9n:["app","Pruning extra revisions"] (attempt: 1, pid: 2477) - Started {"memory":4210120} 
2026-05-27 16:58:16 [queue.INFO] [craft\queue\QueueLogBehavior::afterExec]  [40988] t9n:["app","Pruning extra revisions"] (attempt: 1, pid: 2477) - Done (time: 0.000s) {"memory":4320312} 
2026-05-27 16:58:16 [queue.INFO] [application] Request context:
$_GET = [
    'p' => 'dW2axQ3b/actions/queue/run'
    'v' => '1779893896859'
]

$_POST = []

$_FILES = []

$_COOKIE = [
    'a8b7b1ec9ffb8baf2c6eaa253fe57112_username' => '26b9ec8568da68d3882e55afaa5d203483c6c5810ee05b5a55c8a0eb10cab93ea:2:{i:0;s:41:\"a8b7b1ec9ffb8baf2c6eaa253fe57112_username\";i:1;s:8:\"odegiuli\";}'
    'CraftSessionId' => 'biudticgnvahpvc8nukk8ac1vc'
    'CRAFT_CSRF_TOKEN' => '••••••••••••••••••••••••••••••••••••••••••••••••••••••••••••••••••••••••••••••••••••••••••••••••••••••••••••••••••••••••••••••••••••••••••••••••••••••••••••••••••••••••••••••••••••••••••••••••••••••••••••••••••••••••••••••••••••••••••••••••••••••••••••••••••'
    'a8b7b1ec9ffb8baf2c6eaa253fe57112_identity' => 'c05e269f9a86048999710c6067062a4ab8b9b72b60032bdd4aede461abe99f6aa:2:{i:0;s:41:\"a8b7b1ec9ffb8baf2c6eaa253fe57112_identity\";i:1;s:159:\"[1,\"[\\\"y9F6YHmR9qC8Xsvv_urYFspDlXSsXsFbHDHDiokNRXLEUFEEKTo2W7iJ97zgt_AgvxoJgpgTjLnE5pS-azRIHVI1lD_VNxCU5lGK\\\",null,\\\"fd3cbf9ed3a1f5fe86c1a53cec2d55ae\\\"]\",3600]\";}'
    'Craft-3626ffc1-d0a3-42e3-98aa-37e8aa759561_sidebar' => 'expanded'
    'Craft-3626ffc1-d0a3-42e3-98aa-37e8aa759561_sidebar-details' => 'expanded'
    'cookieconsent_status' => 'allow'
]

$_SESSION = [
    'a8b7b1ec9ffb8baf2c6eaa253fe57112__token' => '••••••••••••••••••••••••••••••••••••••••••••••••••••••••••••••••••••••••••••••••••••••••••••••••••••'
    'a8b7b1ec9ffb8baf2c6eaa253fe57112__id' => 1
    '__authKey' => '••••••••••••••••••••••••••••••••••••••••••••••••••••••••••••••••••••••••••••••••••••••••••••••••••••••••••••••••••••••••••••••••••••••••••••••••'
    'a8b7b1ec9ffb8baf2c6eaa253fe57112__expire' => 1779897496
    '__duration' => 3600
    '__elevated_timeout' => 1779891115
    '22b6a59deafcfb2ffb13c3adf3d98a3b__auth_access' => [
        0 => 'previewElement:7186'
        1 => 'saveAssets:856a3aeb-b21b-4d41-af3f-0a23db430323'
        2 => 'previewDraft:1050'
        3 => 'previewDraft:1052'
        4 => 'previewDraft:1054'
        5 => 'previewDraft:1056'
        6 => 'previewDraft:1058'
        7 => 'previewDraft:1060'
        8 => 'previewDraft:1062'
        9 => 'previewDraft:1064'
        10 => 'previewDraft:1066'
        11 => 'previewDraft:1068'
        12 => 'previewDraft:1070'
        13 => 'previewDraft:1072'
        14 => 'previewDraft:1074'
        15 => 'editStructure:1'
        16 => 'editStructure:2'
        17 => 'previewDraft:1076'
        18 => 'previewElement:7158'
        19 => 'previewDraft:1078'
        20 => 'previewElement:8582'
        21 => 'previewDraft:1080'
        22 => 'previewDraft:1081'
        23 => 'previewDraft:1082'
        24 => 'previewElement:9139'
        25 => 'previewDraft:1083'
    ]
    '22b6a59deafcfb2ffb13c3adf3d98a3b__flash' => []
]

$_SERVER = [
    'DEPLOY_NAME' => 'local'
    'DDEV_WEBSERVER_TYPE' => 'nginx-fpm'
    'npm_config_cache' => '/mnt/ddev-global-cache/npm'
    'COREPACK_ENABLE_DOWNLOAD_PROMPT' => '0'
    'DDEV_GOOS' => 'darwin'
    'IS_DDEV_PROJECT' => 'true'
    'PHP_DEFAULT_VERSION' => '8.3'
    'HOSTNAME' => 'derschmuckmacher-v3-web'
    'MAILPIT_SMTP_PORT' => '1025'
    'MH_SMTP_BIND_ADDR' => '127.0.0.1:1025'
    'DDEV_PRIMARY_URL_WITHOUT_PORT' => 'https://derschmuckmacher-v3.ddev.site'
    'CRAFT_DB_PORT' => '3306'
    'SSH_AUTH_SOCK' => '/home/.ssh-agent/socket'
    'DDEV_GID' => '20'
    'NODE_EXTRA_CA_CERTS' => '/mnt/ddev-global-cache/mkcert/rootCA.pem'
    'DOCKER_IP' => '127.0.0.1'
    'PGPASSWORD' => 'db'
    'CRAFT_WEB_ROOT' => '/var/www/html/web'
    'DDEV_DOCROOT' => 'web'
    'PWD' => '/var/www/html'
    'PLATFORMSH_CLI_UPDATES_CHECK' => '0'
    'DDEV_APPROOT' => '/var/www/html'
    'DDEV_FILES_DIR' => ''
    'START_SCRIPT_TIMEOUT' => '57'
    'APACHE_SITE_TEMPLATE' => '/etc/apache2/apache-site.conf'
    'PHP_INI' => '/etc/php/8.3/fpm/php.ini'
    'DDEV_VERSION' => 'v1.24.10'
    'PRIMARY_SITE_URL' => 'https://derschmuckmacher-v3.ddev.site'
    'TZ' => 'Europe/Zurich'
    'DDEV_XHPROF_MODE' => 'prepend'
    'HTTPS_EXPOSE' => '443:80,8026:8025'
    'COREPACK_HOME' => '/mnt/ddev-global-cache/corepack'
    'CRAFT_DB_DATABASE' => 'db'
    'DDEV_PRIMARY_URL' => 'https://derschmuckmacher-v3.ddev.site'
    'LINES' => '6'
    'DDEV_SITENAME' => 'derschmuckmacher-v3'
    'HOME' => '/home/omar'
    'DRUSH_OPTIONS_URI' => 'https://derschmuckmacher-v3.ddev.site'
    'LANG' => 'C.UTF-8'
    'COLUMNS' => '371'
    'DDEV_MUTAGEN_ENABLED' => 'true'
    'DDEV_USER' => 'omar'
    'PGUSER' => 'db'
    'TERMINUS_CACHE_DIR' => '/mnt/ddev-global-cache/terminus/cache'
    'DDEV_PRIMARY_URL_PORT' => '443'
    'DDEV_ROUTER_HTTP_PORT' => '80'
    'MAILPIT_SMTP_HOSTNAME' => '127.0.0.1'
    'CRAFT_DB_DRIVER' => 'mysql'
    'COMPOSER_PROCESS_TIMEOUT' => '2000'
    'NGINX_SITE_TEMPLATE' => '/etc/nginx/nginx-site.conf'
    'DDEV_FILES_DIRS' => ''
    'CRAFT_DB_SERVER' => 'db'
    'HTTP_EXPOSE' => '80:80,8025:8025'
    'NVM_DIR' => '/home/omar/.nvm'
    'DDEV_PHP_VERSION' => '8.3'
    'DDEV_TLD' => 'ddev.site'
    'DDEV_HOSTNAME' => 'derschmuckmacher-v3.ddev.site'
    'DDEV_PROJECT' => 'derschmuckmacher-v3'
    'DDEV_GOARCH' => 'arm64'
    'VIRTUAL_HOST' => 'derschmuckmacher-v3.ddev.site'
    'TERM' => 'xterm'
    'USER' => 'omar'
    'MYSQL_HISTFILE' => '/mnt/ddev-global-cache/mysqlhistory/derschmuckmacher-v3-web/mysql_history'
    'DDEV_WEB_ENTRYPOINT' => '/mnt/ddev_config/web-entrypoint.d'
    'DDEV_UID' => '501'
    'CAROOT' => '/mnt/ddev-global-cache/mkcert'
    'SHLVL' => '1'
    'COMPOSER_ALLOW_SUPERUSER' => '1'
    'BASH_ENV' => '/etc/bash.nointeractive.bashrc'
    'DDEV_DATABASE' => 'mysql:8.0'
    'PGDATABASE' => 'db'
    'CRAFT_DB_USER' => 'db'
    'DDEV_SCHEME' => 'https'
    'XHPROF_OUTPUT_DIR' => '/tmp/xhprof'
    'COMPOSER_CACHE_DIR' => '/mnt/ddev-global-cache/composer'
    'DDEV_XDEBUG_ENABLED' => 'false'
    'DDEV_DATABASE_FAMILY' => 'mysql'
    'PGHOST' => 'db'
    'DDEV_COMPOSER_ROOT' => '/var/www/html'
    'CRAFT_DB_PASSWORD' => '••'
    'DOCROOT' => 'web'
    'TERMINUS_HIDE_UPDATE_MESSAGE' => '1'
    'PATH' => '/home/omar/bin:/var/www/html/vendor/bin:/usr/local/sbin:/usr/local/bin:/usr/sbin:/usr/bin:/sbin:/bin:/var/www/html/bin:/mnt/ddev-global-cache/global-commands/web'
    'HOST_DOCKER_INTERNAL_IP' => ''
    'DDEV_PROJECT_TYPE' => 'craftcms'
    'DEBIAN_FRONTEND' => 'noninteractive'
    'DDEV_ROUTER_HTTPS_PORT' => '443'
    'EXECIGNORE' => '/var/www/html/vendor/bin/composer'
    'SUPERVISOR_ENABLED' => '1'
    'SUPERVISOR_SERVER_URL' => 'unix:///var/run/supervisor.sock'
    'SUPERVISOR_PROCESS_NAME' => 'php-fpm'
    'SUPERVISOR_GROUP_NAME' => 'php-fpm'
    'HTTP_X_REQUESTED_WITH' => 'XMLHttpRequest'
    'HTTP_X_REGISTERED_JS_FILES' => ''
    'HTTP_X_REGISTERED_ASSET_BUNDLES' => '22e517a2,aee7f8dc,26c46c25,e505ffd6,6b4d7555,bb2f10a0,e5e48399,815d39ea,fc0bc163,1ccab40d,1e21896b,54698ee0,b842675b,1c3c9add,4b1fd285,d8d08e47,8f00ce04,8768f48b,cf3018d6,ec6d0256'
    'HTTP_X_REAL_IP' => '172.18.0.1'
    'HTTP_X_FORWARDED_SERVER' => 'e6a50fd17528'
    'HTTP_X_FORWARDED_PROTO' => 'https'
    'HTTP_X_FORWARDED_PORT' => '443'
    'HTTP_X_FORWARDED_HOST' => 'derschmuckmacher-v3.ddev.site'
    'HTTP_X_FORWARDED_FOR' => '172.18.0.1'
    'HTTP_X_CSRF_TOKEN' => '••••••••••••••••••••••••••••••••••••••••••••••••••••••••••••••••••••••••••••••••••••••••••••••••••••••••••••••••••••••••••••••••••••••••••••••••••••••••••••••••••••••••••••••••••••••••••••••••••••••••••••••••••••••••••••••••••••••••••••••••••••••••••••••••••••••••••••••••••••••••••••••••••••••••••••••••••••••••••••••••••••••••••••••••••••••••••••••••••••••••••••••••••••••••••••••••••••••••'
    'HTTP_TE' => 'trailers'
    'HTTP_SEC_GPC' => '1'
    'HTTP_SEC_FETCH_SITE' => 'same-origin'
    'HTTP_SEC_FETCH_MODE' => 'cors'
    'HTTP_SEC_FETCH_DEST' => 'empty'
    'HTTP_REFERER' => 'https://derschmuckmacher-v3.ddev.site/dW2axQ3b/content/entries/aktuelles?source=section%3Aabbf7c18-fd88-4baf-9a5e-dbccf55f4b56'
    'HTTP_ORIGIN' => 'https://derschmuckmacher-v3.ddev.site'
    'HTTP_COOKIE' => 'a8b7b1ec9ffb8baf2c6eaa253fe57112_username=26b9ec8568da68d3882e55afaa5d203483c6c5810ee05b5a55c8a0eb10cab93ea%3A2%3A%7Bi%3A0%3Bs%3A41%3A%22a8b7b1ec9ffb8baf2c6eaa253fe57112_username%22%3Bi%3A1%3Bs%3A8%3A%22odegiuli%22%3B%7D; CraftSessionId=biudticgnvahpvc8nukk8ac1vc; CRAFT_CSRF_TOKEN=f24bdf1e9b1a034ee7b31fc7240bdef700af95a681404c14421efa33013a169ca%3A2%3A%7Bi%3A0%3Bs%3A16%3A%22CRAFT_CSRF_TOKEN%22%3Bi%3A1%3Bs%3A147%3A%22o35JaTMOK5SlzzOXxon1Bn7gy1-9PEHqnAYwYjz9%7C89e454564122d06c6a70a599ac0d3b19a34e4201342f82ce4b9247f607434cc9o35JaTMOK5SlzzOXxon1Bn7gy1-9PEHqnAYwYjz9%7C1%22%3B%7D; a8b7b1ec9ffb8baf2c6eaa253fe57112_identity=c05e269f9a86048999710c6067062a4ab8b9b72b60032bdd4aede461abe99f6aa%3A2%3A%7Bi%3A0%3Bs%3A41%3A%22a8b7b1ec9ffb8baf2c6eaa253fe57112_identity%22%3Bi%3A1%3Bs%3A159%3A%22%5B1%2C%22%5B%5C%22y9F6YHmR9qC8Xsvv_urYFspDlXSsXsFbHDHDiokNRXLEUFEEKTo2W7iJ97zgt_AgvxoJgpgTjLnE5pS-azRIHVI1lD_VNxCU5lGK%5C%22%2Cnull%2C%5C%22fd3cbf9ed3a1f5fe86c1a53cec2d55ae%5C%22%5D%22%2C3600%5D%22%3B%7D; Craft-3626ffc1-d0a3-42e3-98aa-37e8aa759561_sidebar=expanded; Craft-3626ffc1-d0a3-42e3-98aa-37e8aa759561_sidebar-details=expanded; cookieconsent_status=allow'
    'HTTP_ACCEPT_LANGUAGE' => 'de,en-US;q=0.9,en;q=0.8'
    'HTTP_ACCEPT_ENCODING' => 'gzip, deflate, br, zstd'
    'HTTP_ACCEPT' => 'application/json, text/plain, */*'
    'HTTP_CONTENT_LENGTH' => '0'
    'HTTP_USER_AGENT' => 'Mozilla/5.0 (Macintosh; Intel Mac OS X 10.15; rv:151.0) Gecko/20100101 Firefox/151.0'
    'HTTP_HOST' => 'derschmuckmacher-v3.ddev.site'
    'HTTPS' => 'on'
    'REDIRECT_STATUS' => '200'
    'SERVER_NAME' => 'derschmuckmacher-v3.ddev.site'
    'SERVER_PORT' => '80'
    'SERVER_ADDR' => '172.18.0.4'
    'REMOTE_PORT' => '38384'
    'REMOTE_ADDR' => '172.18.0.5'
    'SERVER_SOFTWARE' => 'nginx/1.28.0'
    'GATEWAY_INTERFACE' => 'CGI/1.1'
    'REQUEST_SCHEME' => 'http'
    'SERVER_PROTOCOL' => 'HTTP/1.1'
    'DOCUMENT_ROOT' => '/var/www/html/web'
    'DOCUMENT_URI' => '/index.php'
    'REQUEST_URI' => '/index.php?p=dW2axQ3b%2Factions%2Fqueue%2Frun&v=1779893896859'
    'CONTENT_LENGTH' => '0'
    'CONTENT_TYPE' => ''
    'REQUEST_METHOD' => 'POST'
    'QUERY_STRING' => 'p=dW2axQ3b%2Factions%2Fqueue%2Frun&v=1779893896859'
    'SCRIPT_NAME' => '/index.php'
    'SCRIPT_FILENAME' => '/var/www/html/web/index.php'
    'FCGI_ROLE' => 'RESPONDER'
    'PHP_SELF' => '/index.php'
    'REQUEST_TIME_FLOAT' => 1779893896.8627
    'REQUEST_TIME' => 1779893896
    'CRAFT_APP_ID' => 'CraftCMS--3933bc78-29f5-4b79-bcc5-c31faf0fcd20'
    'CRAFT_ENVIRONMENT' => 'dev'
    'ENVIRONMENT' => 'dev'
    'CRAFT_SECURITY_KEY' => '••••••••••••••••••••••••••••••••'
    'CP_TRIGGER' => 'dW2axQ3b'
    'CRAFT_DB_SCHEMA' => 'public'
    'CRAFT_DB_TABLE_PREFIX' => ''
    'CRAFT_DB_CHARSET' => 'utf8mb4'
    'CRAFT_DB_COLLATION' => 'utf8mb4_unicode_ci'
    'DEV_MODE' => 'true'
    'ALLOW_ADMIN_CHANGES' => 'true'
    'DISALLOW_ROBOTS' => 'true'
    'TIMEZONE' => 'Europe/Zurich'
    'CAPTCHA_SITE_KEY' => '••••••••••••••••••••••••••••••••••••••••'
    'CAPTCHA_SECRET_KEY' => '••••••••••••••••••••••••••••••••••••••••'
    'WEB_URL' => 'https://derschmuckmacher-v3.ddev.site'
    'WEB_ROOT' => '/var/www/html/web'
    'ASSETS_BASE_URL' => 'https://derschmuckmacher-v3.ddev.site/public'
    'ASSETS_BASE_PATH' => '/var/www/html/web/public'
    'SCHMUCK_BASE_URL' => 'https://derschmuckmacher-v3.ddev.site/public/uploads/schmuck'
    'SCHMUCK_BASE_PATH' => '/var/www/html/web/public/uploads/schmuck'
    'BILDER_BASE_URL' => 'https://derschmuckmacher-v3.ddev.site/public/uploads/bilder'
    'BILDER_BASE_PATH' => '/var/www/html/web/public/uploads/bilder'
] {"environment":"dev","userId":1} 
2026-05-27 16:59:41 [queue.INFO] [yii\db\Connection::open] Opening DB connection: mysql:host=db;dbname=db;port=3306 {"memory":1101840} 
2026-05-27 16:59:41 [queue.INFO] [yii\web\Session::open] Session started {"memory":1535384} 
2026-05-27 16:59:41 [queue.INFO] [nystudio107\codeeditor\CodeEditor::bootstrap] CodeEditor module bootstrapped {"memory":1557480} 
2026-05-27 16:59:41 [queue.INFO] [adigital\cookieconsentbanner\CookieConsentBanner::init] Cookie Consent Banner plugin loaded {"memory":1774880} 
2026-05-27 16:59:41 [queue.INFO] [miranj\obfuscator\Obfuscator::init] Obfuscator plugin loaded {"memory":2735736} 
2026-05-27 16:59:41 [queue.INFO] [yii\db\Connection::open] Opening DB connection: mysql:host=db;dbname=db;port=3306 {"memory":3008176} 
2026-05-27 16:59:41 [queue.INFO] [craft\queue\QueueLogBehavior::beforeExec]  [40989] t9n:["app","Updating search indexes"] (attempt: 1, pid: 2476) - Started {"memory":3066960} 
2026-05-27 16:59:41 [queue.INFO] [craft\queue\QueueLogBehavior::afterExec]  [40989] t9n:["app","Updating search indexes"] (attempt: 1, pid: 2476) - Done (time: 0.011s) {"memory":3681128} 
2026-05-27 16:59:41 [queue.INFO] [craft\queue\QueueLogBehavior::beforeExec]  [40990] t9n:["app","Updating search indexes"] (attempt: 1, pid: 2476) - Started {"memory":3689160} 
2026-05-27 16:59:41 [queue.INFO] [craft\queue\QueueLogBehavior::afterExec]  [40990] t9n:["app","Updating search indexes"] (attempt: 1, pid: 2476) - Done (time: 0.007s) {"memory":4204632} 
2026-05-27 16:59:41 [queue.INFO] [craft\queue\QueueLogBehavior::beforeExec]  [40991] t9n:["app","Pruning extra revisions"] (attempt: 1, pid: 2476) - Started {"memory":4212616} 
2026-05-27 16:59:41 [queue.INFO] [craft\queue\QueueLogBehavior::afterExec]  [40991] t9n:["app","Pruning extra revisions"] (attempt: 1, pid: 2476) - Done (time: 0.001s) {"memory":4322808} 
2026-05-27 16:59:41 [queue.INFO] [application] Request context:
$_GET = [
    'p' => 'dW2axQ3b/actions/queue/run'
    'v' => '1779893981784'
]

$_POST = []

$_FILES = []

$_COOKIE = [
    'a8b7b1ec9ffb8baf2c6eaa253fe57112_username' => '26b9ec8568da68d3882e55afaa5d203483c6c5810ee05b5a55c8a0eb10cab93ea:2:{i:0;s:41:\"a8b7b1ec9ffb8baf2c6eaa253fe57112_username\";i:1;s:8:\"odegiuli\";}'
    'CraftSessionId' => 'biudticgnvahpvc8nukk8ac1vc'
    'CRAFT_CSRF_TOKEN' => '••••••••••••••••••••••••••••••••••••••••••••••••••••••••••••••••••••••••••••••••••••••••••••••••••••••••••••••••••••••••••••••••••••••••••••••••••••••••••••••••••••••••••••••••••••••••••••••••••••••••••••••••••••••••••••••••••••••••••••••••••••••••••••••••••'
    'a8b7b1ec9ffb8baf2c6eaa253fe57112_identity' => 'c05e269f9a86048999710c6067062a4ab8b9b72b60032bdd4aede461abe99f6aa:2:{i:0;s:41:\"a8b7b1ec9ffb8baf2c6eaa253fe57112_identity\";i:1;s:159:\"[1,\"[\\\"y9F6YHmR9qC8Xsvv_urYFspDlXSsXsFbHDHDiokNRXLEUFEEKTo2W7iJ97zgt_AgvxoJgpgTjLnE5pS-azRIHVI1lD_VNxCU5lGK\\\",null,\\\"fd3cbf9ed3a1f5fe86c1a53cec2d55ae\\\"]\",3600]\";}'
    'Craft-3626ffc1-d0a3-42e3-98aa-37e8aa759561_sidebar' => 'expanded'
    'Craft-3626ffc1-d0a3-42e3-98aa-37e8aa759561_sidebar-details' => 'expanded'
    'cookieconsent_status' => 'allow'
]

$_SESSION = [
    'a8b7b1ec9ffb8baf2c6eaa253fe57112__token' => '••••••••••••••••••••••••••••••••••••••••••••••••••••••••••••••••••••••••••••••••••••••••••••••••••••'
    'a8b7b1ec9ffb8baf2c6eaa253fe57112__id' => 1
    '__authKey' => '••••••••••••••••••••••••••••••••••••••••••••••••••••••••••••••••••••••••••••••••••••••••••••••••••••••••••••••••••••••••••••••••••••••••••••••••'
    'a8b7b1ec9ffb8baf2c6eaa253fe57112__expire' => 1779897581
    '__duration' => 3600
    '__elevated_timeout' => 1779891115
    '22b6a59deafcfb2ffb13c3adf3d98a3b__auth_access' => [
        0 => 'previewElement:7186'
        1 => 'saveAssets:856a3aeb-b21b-4d41-af3f-0a23db430323'
        2 => 'previewDraft:1050'
        3 => 'previewDraft:1052'
        4 => 'previewDraft:1054'
        5 => 'previewDraft:1056'
        6 => 'previewDraft:1058'
        7 => 'previewDraft:1060'
        8 => 'previewDraft:1062'
        9 => 'previewDraft:1064'
        10 => 'previewDraft:1066'
        11 => 'previewDraft:1068'
        12 => 'previewDraft:1070'
        13 => 'previewDraft:1072'
        14 => 'previewDraft:1074'
        15 => 'editStructure:1'
        16 => 'editStructure:2'
        17 => 'previewDraft:1076'
        18 => 'previewElement:7158'
        19 => 'previewDraft:1078'
        20 => 'previewElement:8582'
        21 => 'previewDraft:1080'
        22 => 'previewDraft:1081'
        23 => 'previewDraft:1082'
        24 => 'previewElement:9139'
        25 => 'previewDraft:1083'
        26 => 'previewDraft:1084'
    ]
    '22b6a59deafcfb2ffb13c3adf3d98a3b__flash' => []
]

$_SERVER = [
    'DEPLOY_NAME' => 'local'
    'DDEV_WEBSERVER_TYPE' => 'nginx-fpm'
    'npm_config_cache' => '/mnt/ddev-global-cache/npm'
    'COREPACK_ENABLE_DOWNLOAD_PROMPT' => '0'
    'DDEV_GOOS' => 'darwin'
    'IS_DDEV_PROJECT' => 'true'
    'PHP_DEFAULT_VERSION' => '8.3'
    'HOSTNAME' => 'derschmuckmacher-v3-web'
    'MAILPIT_SMTP_PORT' => '1025'
    'MH_SMTP_BIND_ADDR' => '127.0.0.1:1025'
    'DDEV_PRIMARY_URL_WITHOUT_PORT' => 'https://derschmuckmacher-v3.ddev.site'
    'CRAFT_DB_PORT' => '3306'
    'SSH_AUTH_SOCK' => '/home/.ssh-agent/socket'
    'DDEV_GID' => '20'
    'NODE_EXTRA_CA_CERTS' => '/mnt/ddev-global-cache/mkcert/rootCA.pem'
    'DOCKER_IP' => '127.0.0.1'
    'PGPASSWORD' => 'db'
    'CRAFT_WEB_ROOT' => '/var/www/html/web'
    'DDEV_DOCROOT' => 'web'
    'PWD' => '/var/www/html'
    'PLATFORMSH_CLI_UPDATES_CHECK' => '0'
    'DDEV_APPROOT' => '/var/www/html'
    'DDEV_FILES_DIR' => ''
    'START_SCRIPT_TIMEOUT' => '57'
    'APACHE_SITE_TEMPLATE' => '/etc/apache2/apache-site.conf'
    'PHP_INI' => '/etc/php/8.3/fpm/php.ini'
    'DDEV_VERSION' => 'v1.24.10'
    'PRIMARY_SITE_URL' => 'https://derschmuckmacher-v3.ddev.site'
    'TZ' => 'Europe/Zurich'
    'DDEV_XHPROF_MODE' => 'prepend'
    'HTTPS_EXPOSE' => '443:80,8026:8025'
    'COREPACK_HOME' => '/mnt/ddev-global-cache/corepack'
    'CRAFT_DB_DATABASE' => 'db'
    'DDEV_PRIMARY_URL' => 'https://derschmuckmacher-v3.ddev.site'
    'LINES' => '6'
    'DDEV_SITENAME' => 'derschmuckmacher-v3'
    'HOME' => '/home/omar'
    'DRUSH_OPTIONS_URI' => 'https://derschmuckmacher-v3.ddev.site'
    'LANG' => 'C.UTF-8'
    'COLUMNS' => '371'
    'DDEV_MUTAGEN_ENABLED' => 'true'
    'DDEV_USER' => 'omar'
    'PGUSER' => 'db'
    'TERMINUS_CACHE_DIR' => '/mnt/ddev-global-cache/terminus/cache'
    'DDEV_PRIMARY_URL_PORT' => '443'
    'DDEV_ROUTER_HTTP_PORT' => '80'
    'MAILPIT_SMTP_HOSTNAME' => '127.0.0.1'
    'CRAFT_DB_DRIVER' => 'mysql'
    'COMPOSER_PROCESS_TIMEOUT' => '2000'
    'NGINX_SITE_TEMPLATE' => '/etc/nginx/nginx-site.conf'
    'DDEV_FILES_DIRS' => ''
    'CRAFT_DB_SERVER' => 'db'
    'HTTP_EXPOSE' => '80:80,8025:8025'
    'NVM_DIR' => '/home/omar/.nvm'
    'DDEV_PHP_VERSION' => '8.3'
    'DDEV_TLD' => 'ddev.site'
    'DDEV_HOSTNAME' => 'derschmuckmacher-v3.ddev.site'
    'DDEV_PROJECT' => 'derschmuckmacher-v3'
    'DDEV_GOARCH' => 'arm64'
    'VIRTUAL_HOST' => 'derschmuckmacher-v3.ddev.site'
    'TERM' => 'xterm'
    'USER' => 'omar'
    'MYSQL_HISTFILE' => '/mnt/ddev-global-cache/mysqlhistory/derschmuckmacher-v3-web/mysql_history'
    'DDEV_WEB_ENTRYPOINT' => '/mnt/ddev_config/web-entrypoint.d'
    'DDEV_UID' => '501'
    'CAROOT' => '/mnt/ddev-global-cache/mkcert'
    'SHLVL' => '1'
    'COMPOSER_ALLOW_SUPERUSER' => '1'
    'BASH_ENV' => '/etc/bash.nointeractive.bashrc'
    'DDEV_DATABASE' => 'mysql:8.0'
    'PGDATABASE' => 'db'
    'CRAFT_DB_USER' => 'db'
    'DDEV_SCHEME' => 'https'
    'XHPROF_OUTPUT_DIR' => '/tmp/xhprof'
    'COMPOSER_CACHE_DIR' => '/mnt/ddev-global-cache/composer'
    'DDEV_XDEBUG_ENABLED' => 'false'
    'DDEV_DATABASE_FAMILY' => 'mysql'
    'PGHOST' => 'db'
    'DDEV_COMPOSER_ROOT' => '/var/www/html'
    'CRAFT_DB_PASSWORD' => '••'
    'DOCROOT' => 'web'
    'TERMINUS_HIDE_UPDATE_MESSAGE' => '1'
    'PATH' => '/home/omar/bin:/var/www/html/vendor/bin:/usr/local/sbin:/usr/local/bin:/usr/sbin:/usr/bin:/sbin:/bin:/var/www/html/bin:/mnt/ddev-global-cache/global-commands/web'
    'HOST_DOCKER_INTERNAL_IP' => ''
    'DDEV_PROJECT_TYPE' => 'craftcms'
    'DEBIAN_FRONTEND' => 'noninteractive'
    'DDEV_ROUTER_HTTPS_PORT' => '443'
    'EXECIGNORE' => '/var/www/html/vendor/bin/composer'
    'SUPERVISOR_ENABLED' => '1'
    'SUPERVISOR_SERVER_URL' => 'unix:///var/run/supervisor.sock'
    'SUPERVISOR_PROCESS_NAME' => 'php-fpm'
    'SUPERVISOR_GROUP_NAME' => 'php-fpm'
    'HTTP_X_REQUESTED_WITH' => 'XMLHttpRequest'
    'HTTP_X_REGISTERED_JS_FILES' => ''
    'HTTP_X_REGISTERED_ASSET_BUNDLES' => '22e517a2,aee7f8dc,26c46c25,e505ffd6,6b4d7555,bb2f10a0,e5e48399,815d39ea,fc0bc163,1ccab40d,1e21896b,54698ee0,b842675b,1c3c9add,4b1fd285,d8d08e47,8f00ce04,8768f48b,cf3018d6,ec6d0256'
    'HTTP_X_REAL_IP' => '172.18.0.1'
    'HTTP_X_FORWARDED_SERVER' => 'e6a50fd17528'
    'HTTP_X_FORWARDED_PROTO' => 'https'
    'HTTP_X_FORWARDED_PORT' => '443'
    'HTTP_X_FORWARDED_HOST' => 'derschmuckmacher-v3.ddev.site'
    'HTTP_X_FORWARDED_FOR' => '172.18.0.1'
    'HTTP_X_CSRF_TOKEN' => '••••••••••••••••••••••••••••••••••••••••••••••••••••••••••••••••••••••••••••••••••••••••••••••••••••••••••••••••••••••••••••••••••••••••••••••••••••••••••••••••••••••••••••••••••••••••••••••••••••••••••••••••••••••••••••••••••••••••••••••••••••••••••••••••••••••••••••••••••••••••••••••••••••••••••••••••••••••••••••••••••••••••••••••••••••••••••••••••••••••••••••••••••••••••••••••••••••••••'
    'HTTP_TE' => 'trailers'
    'HTTP_SEC_GPC' => '1'
    'HTTP_SEC_FETCH_SITE' => 'same-origin'
    'HTTP_SEC_FETCH_MODE' => 'cors'
    'HTTP_SEC_FETCH_DEST' => 'empty'
    'HTTP_REFERER' => 'https://derschmuckmacher-v3.ddev.site/dW2axQ3b/content/entries/aktuelles?source=section%3Aabbf7c18-fd88-4baf-9a5e-dbccf55f4b56'
    'HTTP_ORIGIN' => 'https://derschmuckmacher-v3.ddev.site'
    'HTTP_COOKIE' => 'a8b7b1ec9ffb8baf2c6eaa253fe57112_username=26b9ec8568da68d3882e55afaa5d203483c6c5810ee05b5a55c8a0eb10cab93ea%3A2%3A%7Bi%3A0%3Bs%3A41%3A%22a8b7b1ec9ffb8baf2c6eaa253fe57112_username%22%3Bi%3A1%3Bs%3A8%3A%22odegiuli%22%3B%7D; CraftSessionId=biudticgnvahpvc8nukk8ac1vc; CRAFT_CSRF_TOKEN=f24bdf1e9b1a034ee7b31fc7240bdef700af95a681404c14421efa33013a169ca%3A2%3A%7Bi%3A0%3Bs%3A16%3A%22CRAFT_CSRF_TOKEN%22%3Bi%3A1%3Bs%3A147%3A%22o35JaTMOK5SlzzOXxon1Bn7gy1-9PEHqnAYwYjz9%7C89e454564122d06c6a70a599ac0d3b19a34e4201342f82ce4b9247f607434cc9o35JaTMOK5SlzzOXxon1Bn7gy1-9PEHqnAYwYjz9%7C1%22%3B%7D; a8b7b1ec9ffb8baf2c6eaa253fe57112_identity=c05e269f9a86048999710c6067062a4ab8b9b72b60032bdd4aede461abe99f6aa%3A2%3A%7Bi%3A0%3Bs%3A41%3A%22a8b7b1ec9ffb8baf2c6eaa253fe57112_identity%22%3Bi%3A1%3Bs%3A159%3A%22%5B1%2C%22%5B%5C%22y9F6YHmR9qC8Xsvv_urYFspDlXSsXsFbHDHDiokNRXLEUFEEKTo2W7iJ97zgt_AgvxoJgpgTjLnE5pS-azRIHVI1lD_VNxCU5lGK%5C%22%2Cnull%2C%5C%22fd3cbf9ed3a1f5fe86c1a53cec2d55ae%5C%22%5D%22%2C3600%5D%22%3B%7D; Craft-3626ffc1-d0a3-42e3-98aa-37e8aa759561_sidebar=expanded; Craft-3626ffc1-d0a3-42e3-98aa-37e8aa759561_sidebar-details=expanded; cookieconsent_status=allow'
    'HTTP_ACCEPT_LANGUAGE' => 'de,en-US;q=0.9,en;q=0.8'
    'HTTP_ACCEPT_ENCODING' => 'gzip, deflate, br, zstd'
    'HTTP_ACCEPT' => 'application/json, text/plain, */*'
    'HTTP_CONTENT_LENGTH' => '0'
    'HTTP_USER_AGENT' => 'Mozilla/5.0 (Macintosh; Intel Mac OS X 10.15; rv:151.0) Gecko/20100101 Firefox/151.0'
    'HTTP_HOST' => 'derschmuckmacher-v3.ddev.site'
    'HTTPS' => 'on'
    'REDIRECT_STATUS' => '200'
    'SERVER_NAME' => 'derschmuckmacher-v3.ddev.site'
    'SERVER_PORT' => '80'
    'SERVER_ADDR' => '172.18.0.4'
    'REMOTE_PORT' => '41648'
    'REMOTE_ADDR' => '172.18.0.5'
    'SERVER_SOFTWARE' => 'nginx/1.28.0'
    'GATEWAY_INTERFACE' => 'CGI/1.1'
    'REQUEST_SCHEME' => 'http'
    'SERVER_PROTOCOL' => 'HTTP/1.1'
    'DOCUMENT_ROOT' => '/var/www/html/web'
    'DOCUMENT_URI' => '/index.php'
    'REQUEST_URI' => '/index.php?p=dW2axQ3b%2Factions%2Fqueue%2Frun&v=1779893981784'
    'CONTENT_LENGTH' => '0'
    'CONTENT_TYPE' => ''
    'REQUEST_METHOD' => 'POST'
    'QUERY_STRING' => 'p=dW2axQ3b%2Factions%2Fqueue%2Frun&v=1779893981784'
    'SCRIPT_NAME' => '/index.php'
    'SCRIPT_FILENAME' => '/var/www/html/web/index.php'
    'FCGI_ROLE' => 'RESPONDER'
    'PHP_SELF' => '/index.php'
    'REQUEST_TIME_FLOAT' => 1779893981.7858
    'REQUEST_TIME' => 1779893981
    'CRAFT_APP_ID' => 'CraftCMS--3933bc78-29f5-4b79-bcc5-c31faf0fcd20'
    'CRAFT_ENVIRONMENT' => 'dev'
    'ENVIRONMENT' => 'dev'
    'CRAFT_SECURITY_KEY' => '••••••••••••••••••••••••••••••••'
    'CP_TRIGGER' => 'dW2axQ3b'
    'CRAFT_DB_SCHEMA' => 'public'
    'CRAFT_DB_TABLE_PREFIX' => ''
    'CRAFT_DB_CHARSET' => 'utf8mb4'
    'CRAFT_DB_COLLATION' => 'utf8mb4_unicode_ci'
    'DEV_MODE' => 'true'
    'ALLOW_ADMIN_CHANGES' => 'true'
    'DISALLOW_ROBOTS' => 'true'
    'TIMEZONE' => 'Europe/Zurich'
    'CAPTCHA_SITE_KEY' => '••••••••••••••••••••••••••••••••••••••••'
    'CAPTCHA_SECRET_KEY' => '••••••••••••••••••••••••••••••••••••••••'
    'WEB_URL' => 'https://derschmuckmacher-v3.ddev.site'
    'WEB_ROOT' => '/var/www/html/web'
    'ASSETS_BASE_URL' => 'https://derschmuckmacher-v3.ddev.site/public'
    'ASSETS_BASE_PATH' => '/var/www/html/web/public'
    'SCHMUCK_BASE_URL' => 'https://derschmuckmacher-v3.ddev.site/public/uploads/schmuck'
    'SCHMUCK_BASE_PATH' => '/var/www/html/web/public/uploads/schmuck'
    'BILDER_BASE_URL' => 'https://derschmuckmacher-v3.ddev.site/public/uploads/bilder'
    'BILDER_BASE_PATH' => '/var/www/html/web/public/uploads/bilder'
] {"environment":"dev","userId":1} 
2026-05-27 17:00:17 [queue.INFO] [yii\db\Connection::open] Opening DB connection: mysql:host=db;dbname=db;port=3306 {"memory":1101840} 
2026-05-27 17:00:17 [queue.INFO] [yii\web\Session::open] Session started {"memory":1530912} 
2026-05-27 17:00:17 [queue.INFO] [nystudio107\codeeditor\CodeEditor::bootstrap] CodeEditor module bootstrapped {"memory":1555248} 
2026-05-27 17:00:17 [queue.INFO] [adigital\cookieconsentbanner\CookieConsentBanner::init] Cookie Consent Banner plugin loaded {"memory":1772648} 
2026-05-27 17:00:17 [queue.INFO] [miranj\obfuscator\Obfuscator::init] Obfuscator plugin loaded {"memory":2733504} 
2026-05-27 17:00:17 [queue.INFO] [yii\db\Connection::open] Opening DB connection: mysql:host=db;dbname=db;port=3306 {"memory":3005944} 
2026-05-27 17:00:17 [queue.INFO] [craft\queue\QueueLogBehavior::beforeExec]  [40992] t9n:["app","Pruning extra revisions"] (attempt: 1, pid: 2888) - Started {"memory":3064728} 
2026-05-27 17:00:17 [queue.INFO] [craft\queue\QueueLogBehavior::afterExec]  [40992] t9n:["app","Pruning extra revisions"] (attempt: 1, pid: 2888) - Done (time: 0.008s) {"memory":3658296} 
2026-05-27 17:00:17 [queue.INFO] [application] Request context:
$_GET = [
    'p' => 'dW2axQ3b/actions/queue/run'
    'v' => '1779894017213'
]

$_POST = []

$_FILES = []

$_COOKIE = [
    'a8b7b1ec9ffb8baf2c6eaa253fe57112_username' => '26b9ec8568da68d3882e55afaa5d203483c6c5810ee05b5a55c8a0eb10cab93ea:2:{i:0;s:41:\"a8b7b1ec9ffb8baf2c6eaa253fe57112_username\";i:1;s:8:\"odegiuli\";}'
    'CraftSessionId' => 'biudticgnvahpvc8nukk8ac1vc'
    'CRAFT_CSRF_TOKEN' => '••••••••••••••••••••••••••••••••••••••••••••••••••••••••••••••••••••••••••••••••••••••••••••••••••••••••••••••••••••••••••••••••••••••••••••••••••••••••••••••••••••••••••••••••••••••••••••••••••••••••••••••••••••••••••••••••••••••••••••••••••••••••••••••••••'
    'a8b7b1ec9ffb8baf2c6eaa253fe57112_identity' => 'c05e269f9a86048999710c6067062a4ab8b9b72b60032bdd4aede461abe99f6aa:2:{i:0;s:41:\"a8b7b1ec9ffb8baf2c6eaa253fe57112_identity\";i:1;s:159:\"[1,\"[\\\"y9F6YHmR9qC8Xsvv_urYFspDlXSsXsFbHDHDiokNRXLEUFEEKTo2W7iJ97zgt_AgvxoJgpgTjLnE5pS-azRIHVI1lD_VNxCU5lGK\\\",null,\\\"fd3cbf9ed3a1f5fe86c1a53cec2d55ae\\\"]\",3600]\";}'
    'Craft-3626ffc1-d0a3-42e3-98aa-37e8aa759561_sidebar' => 'expanded'
    'Craft-3626ffc1-d0a3-42e3-98aa-37e8aa759561_sidebar-details' => 'expanded'
    'cookieconsent_status' => 'allow'
]

$_SESSION = [
    'a8b7b1ec9ffb8baf2c6eaa253fe57112__token' => '••••••••••••••••••••••••••••••••••••••••••••••••••••••••••••••••••••••••••••••••••••••••••••••••••••'
    'a8b7b1ec9ffb8baf2c6eaa253fe57112__id' => 1
    '__authKey' => '••••••••••••••••••••••••••••••••••••••••••••••••••••••••••••••••••••••••••••••••••••••••••••••••••••••••••••••••••••••••••••••••••••••••••••••••'
    'a8b7b1ec9ffb8baf2c6eaa253fe57112__expire' => 1779897617
    '__duration' => 3600
    '__elevated_timeout' => 1779891115
    '22b6a59deafcfb2ffb13c3adf3d98a3b__auth_access' => [
        0 => 'previewElement:7186'
        1 => 'saveAssets:856a3aeb-b21b-4d41-af3f-0a23db430323'
        2 => 'previewDraft:1050'
        3 => 'previewDraft:1052'
        4 => 'previewDraft:1054'
        5 => 'previewDraft:1056'
        6 => 'previewDraft:1058'
        7 => 'previewDraft:1060'
        8 => 'previewDraft:1062'
        9 => 'previewDraft:1064'
        10 => 'previewDraft:1066'
        11 => 'previewDraft:1068'
        12 => 'previewDraft:1070'
        13 => 'previewDraft:1072'
        14 => 'previewDraft:1074'
        15 => 'editStructure:1'
        16 => 'editStructure:2'
        17 => 'previewDraft:1076'
        18 => 'previewElement:7158'
        19 => 'previewDraft:1078'
        20 => 'previewElement:8582'
        21 => 'previewDraft:1080'
        22 => 'previewDraft:1081'
        23 => 'previewDraft:1082'
        24 => 'previewElement:9139'
        25 => 'previewDraft:1083'
        26 => 'previewDraft:1084'
    ]
    '22b6a59deafcfb2ffb13c3adf3d98a3b__flash' => []
]

$_SERVER = [
    'DEPLOY_NAME' => 'local'
    'DDEV_WEBSERVER_TYPE' => 'nginx-fpm'
    'npm_config_cache' => '/mnt/ddev-global-cache/npm'
    'COREPACK_ENABLE_DOWNLOAD_PROMPT' => '0'
    'DDEV_GOOS' => 'darwin'
    'IS_DDEV_PROJECT' => 'true'
    'PHP_DEFAULT_VERSION' => '8.3'
    'HOSTNAME' => 'derschmuckmacher-v3-web'
    'MAILPIT_SMTP_PORT' => '1025'
    'MH_SMTP_BIND_ADDR' => '127.0.0.1:1025'
    'DDEV_PRIMARY_URL_WITHOUT_PORT' => 'https://derschmuckmacher-v3.ddev.site'
    'CRAFT_DB_PORT' => '3306'
    'SSH_AUTH_SOCK' => '/home/.ssh-agent/socket'
    'DDEV_GID' => '20'
    'NODE_EXTRA_CA_CERTS' => '/mnt/ddev-global-cache/mkcert/rootCA.pem'
    'DOCKER_IP' => '127.0.0.1'
    'PGPASSWORD' => 'db'
    'CRAFT_WEB_ROOT' => '/var/www/html/web'
    'DDEV_DOCROOT' => 'web'
    'PWD' => '/var/www/html'
    'PLATFORMSH_CLI_UPDATES_CHECK' => '0'
    'DDEV_APPROOT' => '/var/www/html'
    'DDEV_FILES_DIR' => ''
    'START_SCRIPT_TIMEOUT' => '57'
    'APACHE_SITE_TEMPLATE' => '/etc/apache2/apache-site.conf'
    'PHP_INI' => '/etc/php/8.3/fpm/php.ini'
    'DDEV_VERSION' => 'v1.24.10'
    'PRIMARY_SITE_URL' => 'https://derschmuckmacher-v3.ddev.site'
    'TZ' => 'Europe/Zurich'
    'DDEV_XHPROF_MODE' => 'prepend'
    'HTTPS_EXPOSE' => '443:80,8026:8025'
    'COREPACK_HOME' => '/mnt/ddev-global-cache/corepack'
    'CRAFT_DB_DATABASE' => 'db'
    'DDEV_PRIMARY_URL' => 'https://derschmuckmacher-v3.ddev.site'
    'LINES' => '6'
    'DDEV_SITENAME' => 'derschmuckmacher-v3'
    'HOME' => '/home/omar'
    'DRUSH_OPTIONS_URI' => 'https://derschmuckmacher-v3.ddev.site'
    'LANG' => 'C.UTF-8'
    'COLUMNS' => '371'
    'DDEV_MUTAGEN_ENABLED' => 'true'
    'DDEV_USER' => 'omar'
    'PGUSER' => 'db'
    'TERMINUS_CACHE_DIR' => '/mnt/ddev-global-cache/terminus/cache'
    'DDEV_PRIMARY_URL_PORT' => '443'
    'DDEV_ROUTER_HTTP_PORT' => '80'
    'MAILPIT_SMTP_HOSTNAME' => '127.0.0.1'
    'CRAFT_DB_DRIVER' => 'mysql'
    'COMPOSER_PROCESS_TIMEOUT' => '2000'
    'NGINX_SITE_TEMPLATE' => '/etc/nginx/nginx-site.conf'
    'DDEV_FILES_DIRS' => ''
    'CRAFT_DB_SERVER' => 'db'
    'HTTP_EXPOSE' => '80:80,8025:8025'
    'NVM_DIR' => '/home/omar/.nvm'
    'DDEV_PHP_VERSION' => '8.3'
    'DDEV_TLD' => 'ddev.site'
    'DDEV_HOSTNAME' => 'derschmuckmacher-v3.ddev.site'
    'DDEV_PROJECT' => 'derschmuckmacher-v3'
    'DDEV_GOARCH' => 'arm64'
    'VIRTUAL_HOST' => 'derschmuckmacher-v3.ddev.site'
    'TERM' => 'xterm'
    'USER' => 'omar'
    'MYSQL_HISTFILE' => '/mnt/ddev-global-cache/mysqlhistory/derschmuckmacher-v3-web/mysql_history'
    'DDEV_WEB_ENTRYPOINT' => '/mnt/ddev_config/web-entrypoint.d'
    'DDEV_UID' => '501'
    'CAROOT' => '/mnt/ddev-global-cache/mkcert'
    'SHLVL' => '1'
    'COMPOSER_ALLOW_SUPERUSER' => '1'
    'BASH_ENV' => '/etc/bash.nointeractive.bashrc'
    'DDEV_DATABASE' => 'mysql:8.0'
    'PGDATABASE' => 'db'
    'CRAFT_DB_USER' => 'db'
    'DDEV_SCHEME' => 'https'
    'XHPROF_OUTPUT_DIR' => '/tmp/xhprof'
    'COMPOSER_CACHE_DIR' => '/mnt/ddev-global-cache/composer'
    'DDEV_XDEBUG_ENABLED' => 'false'
    'DDEV_DATABASE_FAMILY' => 'mysql'
    'PGHOST' => 'db'
    'DDEV_COMPOSER_ROOT' => '/var/www/html'
    'CRAFT_DB_PASSWORD' => '••'
    'DOCROOT' => 'web'
    'TERMINUS_HIDE_UPDATE_MESSAGE' => '1'
    'PATH' => '/home/omar/bin:/var/www/html/vendor/bin:/usr/local/sbin:/usr/local/bin:/usr/sbin:/usr/bin:/sbin:/bin:/var/www/html/bin:/mnt/ddev-global-cache/global-commands/web'
    'HOST_DOCKER_INTERNAL_IP' => ''
    'DDEV_PROJECT_TYPE' => 'craftcms'
    'DEBIAN_FRONTEND' => 'noninteractive'
    'DDEV_ROUTER_HTTPS_PORT' => '443'
    'EXECIGNORE' => '/var/www/html/vendor/bin/composer'
    'SUPERVISOR_ENABLED' => '1'
    'SUPERVISOR_SERVER_URL' => 'unix:///var/run/supervisor.sock'
    'SUPERVISOR_PROCESS_NAME' => 'php-fpm'
    'SUPERVISOR_GROUP_NAME' => 'php-fpm'
    'HTTP_X_REQUESTED_WITH' => 'XMLHttpRequest'
    'HTTP_X_REGISTERED_JS_FILES' => ''
    'HTTP_X_REGISTERED_ASSET_BUNDLES' => '22e517a2,aee7f8dc,26c46c25,e505ffd6,6b4d7555,bb2f10a0,e5e48399,815d39ea,fc0bc163,1ccab40d,1e21896b,54698ee0,b842675b,1c3c9add,4b1fd285,d8d08e47,8f00ce04,8768f48b,cf3018d6,ec6d0256'
    'HTTP_X_REAL_IP' => '172.18.0.1'
    'HTTP_X_FORWARDED_SERVER' => 'e6a50fd17528'
    'HTTP_X_FORWARDED_PROTO' => 'https'
    'HTTP_X_FORWARDED_PORT' => '443'
    'HTTP_X_FORWARDED_HOST' => 'derschmuckmacher-v3.ddev.site'
    'HTTP_X_FORWARDED_FOR' => '172.18.0.1'
    'HTTP_X_CSRF_TOKEN' => '••••••••••••••••••••••••••••••••••••••••••••••••••••••••••••••••••••••••••••••••••••••••••••••••••••••••••••••••••••••••••••••••••••••••••••••••••••••••••••••••••••••••••••••••••••••••••••••••••••••••••••••••••••••••••••••••••••••••••••••••••••••••••••••••••••••••••••••••••••••••••••••••••••••••••••••••••••••••••••••••••••••••••••••••••••••••••••••••••••••••••••••••••••••••••••••••••••••••'
    'HTTP_TE' => 'trailers'
    'HTTP_SEC_GPC' => '1'
    'HTTP_SEC_FETCH_SITE' => 'same-origin'
    'HTTP_SEC_FETCH_MODE' => 'cors'
    'HTTP_SEC_FETCH_DEST' => 'empty'
    'HTTP_REFERER' => 'https://derschmuckmacher-v3.ddev.site/dW2axQ3b/content/entries/aktuelles?source=section%3Aabbf7c18-fd88-4baf-9a5e-dbccf55f4b56'
    'HTTP_ORIGIN' => 'https://derschmuckmacher-v3.ddev.site'
    'HTTP_COOKIE' => 'a8b7b1ec9ffb8baf2c6eaa253fe57112_username=26b9ec8568da68d3882e55afaa5d203483c6c5810ee05b5a55c8a0eb10cab93ea%3A2%3A%7Bi%3A0%3Bs%3A41%3A%22a8b7b1ec9ffb8baf2c6eaa253fe57112_username%22%3Bi%3A1%3Bs%3A8%3A%22odegiuli%22%3B%7D; CraftSessionId=biudticgnvahpvc8nukk8ac1vc; CRAFT_CSRF_TOKEN=f24bdf1e9b1a034ee7b31fc7240bdef700af95a681404c14421efa33013a169ca%3A2%3A%7Bi%3A0%3Bs%3A16%3A%22CRAFT_CSRF_TOKEN%22%3Bi%3A1%3Bs%3A147%3A%22o35JaTMOK5SlzzOXxon1Bn7gy1-9PEHqnAYwYjz9%7C89e454564122d06c6a70a599ac0d3b19a34e4201342f82ce4b9247f607434cc9o35JaTMOK5SlzzOXxon1Bn7gy1-9PEHqnAYwYjz9%7C1%22%3B%7D; a8b7b1ec9ffb8baf2c6eaa253fe57112_identity=c05e269f9a86048999710c6067062a4ab8b9b72b60032bdd4aede461abe99f6aa%3A2%3A%7Bi%3A0%3Bs%3A41%3A%22a8b7b1ec9ffb8baf2c6eaa253fe57112_identity%22%3Bi%3A1%3Bs%3A159%3A%22%5B1%2C%22%5B%5C%22y9F6YHmR9qC8Xsvv_urYFspDlXSsXsFbHDHDiokNRXLEUFEEKTo2W7iJ97zgt_AgvxoJgpgTjLnE5pS-azRIHVI1lD_VNxCU5lGK%5C%22%2Cnull%2C%5C%22fd3cbf9ed3a1f5fe86c1a53cec2d55ae%5C%22%5D%22%2C3600%5D%22%3B%7D; Craft-3626ffc1-d0a3-42e3-98aa-37e8aa759561_sidebar=expanded; Craft-3626ffc1-d0a3-42e3-98aa-37e8aa759561_sidebar-details=expanded; cookieconsent_status=allow'
    'HTTP_ACCEPT_LANGUAGE' => 'de,en-US;q=0.9,en;q=0.8'
    'HTTP_ACCEPT_ENCODING' => 'gzip, deflate, br, zstd'
    'HTTP_ACCEPT' => 'application/json, text/plain, */*'
    'HTTP_CONTENT_LENGTH' => '0'
    'HTTP_USER_AGENT' => 'Mozilla/5.0 (Macintosh; Intel Mac OS X 10.15; rv:151.0) Gecko/20100101 Firefox/151.0'
    'HTTP_HOST' => 'derschmuckmacher-v3.ddev.site'
    'HTTPS' => 'on'
    'REDIRECT_STATUS' => '200'
    'SERVER_NAME' => 'derschmuckmacher-v3.ddev.site'
    'SERVER_PORT' => '80'
    'SERVER_ADDR' => '172.18.0.4'
    'REMOTE_PORT' => '33934'
    'REMOTE_ADDR' => '172.18.0.5'
    'SERVER_SOFTWARE' => 'nginx/1.28.0'
    'GATEWAY_INTERFACE' => 'CGI/1.1'
    'REQUEST_SCHEME' => 'http'
    'SERVER_PROTOCOL' => 'HTTP/1.1'
    'DOCUMENT_ROOT' => '/var/www/html/web'
    'DOCUMENT_URI' => '/index.php'
    'REQUEST_URI' => '/index.php?p=dW2axQ3b%2Factions%2Fqueue%2Frun&v=1779894017213'
    'CONTENT_LENGTH' => '0'
    'CONTENT_TYPE' => ''
    'REQUEST_METHOD' => 'POST'
    'QUERY_STRING' => 'p=dW2axQ3b%2Factions%2Fqueue%2Frun&v=1779894017213'
    'SCRIPT_NAME' => '/index.php'
    'SCRIPT_FILENAME' => '/var/www/html/web/index.php'
    'FCGI_ROLE' => 'RESPONDER'
    'PHP_SELF' => '/index.php'
    'REQUEST_TIME_FLOAT' => 1779894017.215
    'REQUEST_TIME' => 1779894017
    'CRAFT_APP_ID' => 'CraftCMS--3933bc78-29f5-4b79-bcc5-c31faf0fcd20'
    'CRAFT_ENVIRONMENT' => 'dev'
    'ENVIRONMENT' => 'dev'
    'CRAFT_SECURITY_KEY' => '••••••••••••••••••••••••••••••••'
    'CP_TRIGGER' => 'dW2axQ3b'
    'CRAFT_DB_SCHEMA' => 'public'
    'CRAFT_DB_TABLE_PREFIX' => ''
    'CRAFT_DB_CHARSET' => 'utf8mb4'
    'CRAFT_DB_COLLATION' => 'utf8mb4_unicode_ci'
    'DEV_MODE' => 'true'
    'ALLOW_ADMIN_CHANGES' => 'true'
    'DISALLOW_ROBOTS' => 'true'
    'TIMEZONE' => 'Europe/Zurich'
    'CAPTCHA_SITE_KEY' => '••••••••••••••••••••••••••••••••••••••••'
    'CAPTCHA_SECRET_KEY' => '••••••••••••••••••••••••••••••••••••••••'
    'WEB_URL' => 'https://derschmuckmacher-v3.ddev.site'
    'WEB_ROOT' => '/var/www/html/web'
    'ASSETS_BASE_URL' => 'https://derschmuckmacher-v3.ddev.site/public'
    'ASSETS_BASE_PATH' => '/var/www/html/web/public'
    'SCHMUCK_BASE_URL' => 'https://derschmuckmacher-v3.ddev.site/public/uploads/schmuck'
    'SCHMUCK_BASE_PATH' => '/var/www/html/web/public/uploads/schmuck'
    'BILDER_BASE_URL' => 'https://derschmuckmacher-v3.ddev.site/public/uploads/bilder'
    'BILDER_BASE_PATH' => '/var/www/html/web/public/uploads/bilder'
] {"environment":"dev","userId":1} 
2026-05-27 17:01:01 [queue.INFO] [yii\db\Connection::open] Opening DB connection: mysql:host=db;dbname=db;port=3306 {"memory":1102224} 
2026-05-27 17:01:01 [queue.INFO] [yii\web\Session::open] Session started {"memory":1531488} 
2026-05-27 17:01:01 [queue.INFO] [nystudio107\codeeditor\CodeEditor::bootstrap] CodeEditor module bootstrapped {"memory":1555824} 
2026-05-27 17:01:01 [queue.INFO] [adigital\cookieconsentbanner\CookieConsentBanner::init] Cookie Consent Banner plugin loaded {"memory":1773368} 
2026-05-27 17:01:01 [queue.INFO] [miranj\obfuscator\Obfuscator::init] Obfuscator plugin loaded {"memory":2734224} 
2026-05-27 17:01:01 [queue.INFO] [yii\db\Connection::open] Opening DB connection: mysql:host=db;dbname=db;port=3306 {"memory":3006664} 
2026-05-27 17:01:01 [queue.INFO] [craft\queue\QueueLogBehavior::beforeExec]  [40993] t9n:["app","Updating search indexes"] (attempt: 1, pid: 2888) - Started {"memory":3065448} 
2026-05-27 17:01:01 [queue.INFO] [craft\queue\QueueLogBehavior::afterExec]  [40993] t9n:["app","Updating search indexes"] (attempt: 1, pid: 2888) - Done (time: 0.009s) {"memory":3480688} 
2026-05-27 17:01:01 [queue.INFO] [application] Request context:
$_GET = [
    'p' => 'dW2axQ3b/actions/queue/run'
    'v' => '1779894061407'
]

$_POST = []

$_FILES = []

$_COOKIE = [
    'a8b7b1ec9ffb8baf2c6eaa253fe57112_username' => '26b9ec8568da68d3882e55afaa5d203483c6c5810ee05b5a55c8a0eb10cab93ea:2:{i:0;s:41:\"a8b7b1ec9ffb8baf2c6eaa253fe57112_username\";i:1;s:8:\"odegiuli\";}'
    'CraftSessionId' => 'biudticgnvahpvc8nukk8ac1vc'
    'CRAFT_CSRF_TOKEN' => '••••••••••••••••••••••••••••••••••••••••••••••••••••••••••••••••••••••••••••••••••••••••••••••••••••••••••••••••••••••••••••••••••••••••••••••••••••••••••••••••••••••••••••••••••••••••••••••••••••••••••••••••••••••••••••••••••••••••••••••••••••••••••••••••••'
    'a8b7b1ec9ffb8baf2c6eaa253fe57112_identity' => 'c05e269f9a86048999710c6067062a4ab8b9b72b60032bdd4aede461abe99f6aa:2:{i:0;s:41:\"a8b7b1ec9ffb8baf2c6eaa253fe57112_identity\";i:1;s:159:\"[1,\"[\\\"y9F6YHmR9qC8Xsvv_urYFspDlXSsXsFbHDHDiokNRXLEUFEEKTo2W7iJ97zgt_AgvxoJgpgTjLnE5pS-azRIHVI1lD_VNxCU5lGK\\\",null,\\\"fd3cbf9ed3a1f5fe86c1a53cec2d55ae\\\"]\",3600]\";}'
    'Craft-3626ffc1-d0a3-42e3-98aa-37e8aa759561_sidebar' => 'expanded'
    'Craft-3626ffc1-d0a3-42e3-98aa-37e8aa759561_sidebar-details' => 'expanded'
    'cookieconsent_status' => 'allow'
]

$_SESSION = [
    'a8b7b1ec9ffb8baf2c6eaa253fe57112__token' => '••••••••••••••••••••••••••••••••••••••••••••••••••••••••••••••••••••••••••••••••••••••••••••••••••••'
    'a8b7b1ec9ffb8baf2c6eaa253fe57112__id' => 1
    '__authKey' => '••••••••••••••••••••••••••••••••••••••••••••••••••••••••••••••••••••••••••••••••••••••••••••••••••••••••••••••••••••••••••••••••••••••••••••••••'
    'a8b7b1ec9ffb8baf2c6eaa253fe57112__expire' => 1779897661
    '__duration' => 3600
    '__elevated_timeout' => 1779891115
    '22b6a59deafcfb2ffb13c3adf3d98a3b__auth_access' => [
        0 => 'previewElement:7186'
        1 => 'saveAssets:856a3aeb-b21b-4d41-af3f-0a23db430323'
        2 => 'previewDraft:1050'
        3 => 'previewDraft:1052'
        4 => 'previewDraft:1054'
        5 => 'previewDraft:1056'
        6 => 'previewDraft:1058'
        7 => 'previewDraft:1060'
        8 => 'previewDraft:1062'
        9 => 'previewDraft:1064'
        10 => 'previewDraft:1066'
        11 => 'previewDraft:1068'
        12 => 'previewDraft:1070'
        13 => 'previewDraft:1072'
        14 => 'previewDraft:1074'
        15 => 'editStructure:1'
        16 => 'editStructure:2'
        17 => 'previewDraft:1076'
        18 => 'previewElement:7158'
        19 => 'previewDraft:1078'
        20 => 'previewElement:8582'
        21 => 'previewDraft:1080'
        22 => 'previewDraft:1081'
        23 => 'previewDraft:1082'
        24 => 'previewElement:9139'
        25 => 'previewDraft:1083'
        26 => 'previewDraft:1084'
    ]
    '22b6a59deafcfb2ffb13c3adf3d98a3b__flash' => []
]

$_SERVER = [
    'DEPLOY_NAME' => 'local'
    'DDEV_WEBSERVER_TYPE' => 'nginx-fpm'
    'npm_config_cache' => '/mnt/ddev-global-cache/npm'
    'COREPACK_ENABLE_DOWNLOAD_PROMPT' => '0'
    'DDEV_GOOS' => 'darwin'
    'IS_DDEV_PROJECT' => 'true'
    'PHP_DEFAULT_VERSION' => '8.3'
    'HOSTNAME' => 'derschmuckmacher-v3-web'
    'MAILPIT_SMTP_PORT' => '1025'
    'MH_SMTP_BIND_ADDR' => '127.0.0.1:1025'
    'DDEV_PRIMARY_URL_WITHOUT_PORT' => 'https://derschmuckmacher-v3.ddev.site'
    'CRAFT_DB_PORT' => '3306'
    'SSH_AUTH_SOCK' => '/home/.ssh-agent/socket'
    'DDEV_GID' => '20'
    'NODE_EXTRA_CA_CERTS' => '/mnt/ddev-global-cache/mkcert/rootCA.pem'
    'DOCKER_IP' => '127.0.0.1'
    'PGPASSWORD' => 'db'
    'CRAFT_WEB_ROOT' => '/var/www/html/web'
    'DDEV_DOCROOT' => 'web'
    'PWD' => '/var/www/html'
    'PLATFORMSH_CLI_UPDATES_CHECK' => '0'
    'DDEV_APPROOT' => '/var/www/html'
    'DDEV_FILES_DIR' => ''
    'START_SCRIPT_TIMEOUT' => '57'
    'APACHE_SITE_TEMPLATE' => '/etc/apache2/apache-site.conf'
    'PHP_INI' => '/etc/php/8.3/fpm/php.ini'
    'DDEV_VERSION' => 'v1.24.10'
    'PRIMARY_SITE_URL' => 'https://derschmuckmacher-v3.ddev.site'
    'TZ' => 'Europe/Zurich'
    'DDEV_XHPROF_MODE' => 'prepend'
    'HTTPS_EXPOSE' => '443:80,8026:8025'
    'COREPACK_HOME' => '/mnt/ddev-global-cache/corepack'
    'CRAFT_DB_DATABASE' => 'db'
    'DDEV_PRIMARY_URL' => 'https://derschmuckmacher-v3.ddev.site'
    'LINES' => '6'
    'DDEV_SITENAME' => 'derschmuckmacher-v3'
    'HOME' => '/home/omar'
    'DRUSH_OPTIONS_URI' => 'https://derschmuckmacher-v3.ddev.site'
    'LANG' => 'C.UTF-8'
    'COLUMNS' => '371'
    'DDEV_MUTAGEN_ENABLED' => 'true'
    'DDEV_USER' => 'omar'
    'PGUSER' => 'db'
    'TERMINUS_CACHE_DIR' => '/mnt/ddev-global-cache/terminus/cache'
    'DDEV_PRIMARY_URL_PORT' => '443'
    'DDEV_ROUTER_HTTP_PORT' => '80'
    'MAILPIT_SMTP_HOSTNAME' => '127.0.0.1'
    'CRAFT_DB_DRIVER' => 'mysql'
    'COMPOSER_PROCESS_TIMEOUT' => '2000'
    'NGINX_SITE_TEMPLATE' => '/etc/nginx/nginx-site.conf'
    'DDEV_FILES_DIRS' => ''
    'CRAFT_DB_SERVER' => 'db'
    'HTTP_EXPOSE' => '80:80,8025:8025'
    'NVM_DIR' => '/home/omar/.nvm'
    'DDEV_PHP_VERSION' => '8.3'
    'DDEV_TLD' => 'ddev.site'
    'DDEV_HOSTNAME' => 'derschmuckmacher-v3.ddev.site'
    'DDEV_PROJECT' => 'derschmuckmacher-v3'
    'DDEV_GOARCH' => 'arm64'
    'VIRTUAL_HOST' => 'derschmuckmacher-v3.ddev.site'
    'TERM' => 'xterm'
    'USER' => 'omar'
    'MYSQL_HISTFILE' => '/mnt/ddev-global-cache/mysqlhistory/derschmuckmacher-v3-web/mysql_history'
    'DDEV_WEB_ENTRYPOINT' => '/mnt/ddev_config/web-entrypoint.d'
    'DDEV_UID' => '501'
    'CAROOT' => '/mnt/ddev-global-cache/mkcert'
    'SHLVL' => '1'
    'COMPOSER_ALLOW_SUPERUSER' => '1'
    'BASH_ENV' => '/etc/bash.nointeractive.bashrc'
    'DDEV_DATABASE' => 'mysql:8.0'
    'PGDATABASE' => 'db'
    'CRAFT_DB_USER' => 'db'
    'DDEV_SCHEME' => 'https'
    'XHPROF_OUTPUT_DIR' => '/tmp/xhprof'
    'COMPOSER_CACHE_DIR' => '/mnt/ddev-global-cache/composer'
    'DDEV_XDEBUG_ENABLED' => 'false'
    'DDEV_DATABASE_FAMILY' => 'mysql'
    'PGHOST' => 'db'
    'DDEV_COMPOSER_ROOT' => '/var/www/html'
    'CRAFT_DB_PASSWORD' => '••'
    'DOCROOT' => 'web'
    'TERMINUS_HIDE_UPDATE_MESSAGE' => '1'
    'PATH' => '/home/omar/bin:/var/www/html/vendor/bin:/usr/local/sbin:/usr/local/bin:/usr/sbin:/usr/bin:/sbin:/bin:/var/www/html/bin:/mnt/ddev-global-cache/global-commands/web'
    'HOST_DOCKER_INTERNAL_IP' => ''
    'DDEV_PROJECT_TYPE' => 'craftcms'
    'DEBIAN_FRONTEND' => 'noninteractive'
    'DDEV_ROUTER_HTTPS_PORT' => '443'
    'EXECIGNORE' => '/var/www/html/vendor/bin/composer'
    'SUPERVISOR_ENABLED' => '1'
    'SUPERVISOR_SERVER_URL' => 'unix:///var/run/supervisor.sock'
    'SUPERVISOR_PROCESS_NAME' => 'php-fpm'
    'SUPERVISOR_GROUP_NAME' => 'php-fpm'
    'HTTP_X_REQUESTED_WITH' => 'XMLHttpRequest'
    'HTTP_X_REGISTERED_JS_FILES' => ''
    'HTTP_X_REGISTERED_ASSET_BUNDLES' => '815d39ea,e7c1329,92d8701,22e517a2,aee7f8dc,26c46c25,e505ffd6,6b4d7555,bb2f10a0,e5e48399,fc0bc163,1ccab40d,1e21896b,54698ee0,b842675b,1c3c9add,4b1fd285,d8d08e47,8f00ce04,8768f48b,cf3018d6,ec6d0256,75f47f25,15a36a51'
    'HTTP_X_REAL_IP' => '172.18.0.1'
    'HTTP_X_FORWARDED_SERVER' => 'e6a50fd17528'
    'HTTP_X_FORWARDED_PROTO' => 'https'
    'HTTP_X_FORWARDED_PORT' => '443'
    'HTTP_X_FORWARDED_HOST' => 'derschmuckmacher-v3.ddev.site'
    'HTTP_X_FORWARDED_FOR' => '172.18.0.1'
    'HTTP_X_CSRF_TOKEN' => '••••••••••••••••••••••••••••••••••••••••••••••••••••••••••••••••••••••••••••••••••••••••••••••••••••••••••••••••••••••••••••••••••••••••••••••••••••••••••••••••••••••••••••••••••••••••••••••••••••••••••••••••••••••••••••••••••••••••••••••••••••••••••••••••••••••••••••••••••••••••••••••••••••••••••••••••••••••••••••••••••••••••••••••••••••••••••••••••••••••••••••••••••••••••••••••••••••••••'
    'HTTP_TE' => 'trailers'
    'HTTP_SEC_GPC' => '1'
    'HTTP_SEC_FETCH_SITE' => 'same-origin'
    'HTTP_SEC_FETCH_MODE' => 'cors'
    'HTTP_SEC_FETCH_DEST' => 'empty'
    'HTTP_REFERER' => 'https://derschmuckmacher-v3.ddev.site/dW2axQ3b/content/entries/aktuelles/9139-wuhrplatzm%C3%A4rit?returnUrl=https%3A//derschmuckmacher-v3.ddev.site/dW2axQ3b/content/entries/aktuelles%3AQS%3Asource%3Dsection%253Aabbf7c18-fd88-4baf-9a5e-dbccf55f4b56'
    'HTTP_ORIGIN' => 'https://derschmuckmacher-v3.ddev.site'
    'HTTP_COOKIE' => 'a8b7b1ec9ffb8baf2c6eaa253fe57112_username=26b9ec8568da68d3882e55afaa5d203483c6c5810ee05b5a55c8a0eb10cab93ea%3A2%3A%7Bi%3A0%3Bs%3A41%3A%22a8b7b1ec9ffb8baf2c6eaa253fe57112_username%22%3Bi%3A1%3Bs%3A8%3A%22odegiuli%22%3B%7D; CraftSessionId=biudticgnvahpvc8nukk8ac1vc; CRAFT_CSRF_TOKEN=f24bdf1e9b1a034ee7b31fc7240bdef700af95a681404c14421efa33013a169ca%3A2%3A%7Bi%3A0%3Bs%3A16%3A%22CRAFT_CSRF_TOKEN%22%3Bi%3A1%3Bs%3A147%3A%22o35JaTMOK5SlzzOXxon1Bn7gy1-9PEHqnAYwYjz9%7C89e454564122d06c6a70a599ac0d3b19a34e4201342f82ce4b9247f607434cc9o35JaTMOK5SlzzOXxon1Bn7gy1-9PEHqnAYwYjz9%7C1%22%3B%7D; a8b7b1ec9ffb8baf2c6eaa253fe57112_identity=c05e269f9a86048999710c6067062a4ab8b9b72b60032bdd4aede461abe99f6aa%3A2%3A%7Bi%3A0%3Bs%3A41%3A%22a8b7b1ec9ffb8baf2c6eaa253fe57112_identity%22%3Bi%3A1%3Bs%3A159%3A%22%5B1%2C%22%5B%5C%22y9F6YHmR9qC8Xsvv_urYFspDlXSsXsFbHDHDiokNRXLEUFEEKTo2W7iJ97zgt_AgvxoJgpgTjLnE5pS-azRIHVI1lD_VNxCU5lGK%5C%22%2Cnull%2C%5C%22fd3cbf9ed3a1f5fe86c1a53cec2d55ae%5C%22%5D%22%2C3600%5D%22%3B%7D; Craft-3626ffc1-d0a3-42e3-98aa-37e8aa759561_sidebar=expanded; Craft-3626ffc1-d0a3-42e3-98aa-37e8aa759561_sidebar-details=expanded; cookieconsent_status=allow'
    'HTTP_ACCEPT_LANGUAGE' => 'de,en-US;q=0.9,en;q=0.8'
    'HTTP_ACCEPT_ENCODING' => 'gzip, deflate, br, zstd'
    'HTTP_ACCEPT' => 'application/json, text/plain, */*'
    'HTTP_CONTENT_LENGTH' => '0'
    'HTTP_USER_AGENT' => 'Mozilla/5.0 (Macintosh; Intel Mac OS X 10.15; rv:151.0) Gecko/20100101 Firefox/151.0'
    'HTTP_HOST' => 'derschmuckmacher-v3.ddev.site'
    'HTTPS' => 'on'
    'REDIRECT_STATUS' => '200'
    'SERVER_NAME' => 'derschmuckmacher-v3.ddev.site'
    'SERVER_PORT' => '80'
    'SERVER_ADDR' => '172.18.0.4'
    'REMOTE_PORT' => '49196'
    'REMOTE_ADDR' => '172.18.0.5'
    'SERVER_SOFTWARE' => 'nginx/1.28.0'
    'GATEWAY_INTERFACE' => 'CGI/1.1'
    'REQUEST_SCHEME' => 'http'
    'SERVER_PROTOCOL' => 'HTTP/1.1'
    'DOCUMENT_ROOT' => '/var/www/html/web'
    'DOCUMENT_URI' => '/index.php'
    'REQUEST_URI' => '/index.php?p=dW2axQ3b%2Factions%2Fqueue%2Frun&v=1779894061407'
    'CONTENT_LENGTH' => '0'
    'CONTENT_TYPE' => ''
    'REQUEST_METHOD' => 'POST'
    'QUERY_STRING' => 'p=dW2axQ3b%2Factions%2Fqueue%2Frun&v=1779894061407'
    'SCRIPT_NAME' => '/index.php'
    'SCRIPT_FILENAME' => '/var/www/html/web/index.php'
    'FCGI_ROLE' => 'RESPONDER'
    'PHP_SELF' => '/index.php'
    'REQUEST_TIME_FLOAT' => 1779894061.4099
    'REQUEST_TIME' => 1779894061
    'CRAFT_APP_ID' => 'CraftCMS--3933bc78-29f5-4b79-bcc5-c31faf0fcd20'
    'CRAFT_ENVIRONMENT' => 'dev'
    'ENVIRONMENT' => 'dev'
    'CRAFT_SECURITY_KEY' => '••••••••••••••••••••••••••••••••'
    'CP_TRIGGER' => 'dW2axQ3b'
    'CRAFT_DB_SCHEMA' => 'public'
    'CRAFT_DB_TABLE_PREFIX' => ''
    'CRAFT_DB_CHARSET' => 'utf8mb4'
    'CRAFT_DB_COLLATION' => 'utf8mb4_unicode_ci'
    'DEV_MODE' => 'true'
    'ALLOW_ADMIN_CHANGES' => 'true'
    'DISALLOW_ROBOTS' => 'true'
    'TIMEZONE' => 'Europe/Zurich'
    'CAPTCHA_SITE_KEY' => '••••••••••••••••••••••••••••••••••••••••'
    'CAPTCHA_SECRET_KEY' => '••••••••••••••••••••••••••••••••••••••••'
    'WEB_URL' => 'https://derschmuckmacher-v3.ddev.site'
    'WEB_ROOT' => '/var/www/html/web'
    'ASSETS_BASE_URL' => 'https://derschmuckmacher-v3.ddev.site/public'
    'ASSETS_BASE_PATH' => '/var/www/html/web/public'
    'SCHMUCK_BASE_URL' => 'https://derschmuckmacher-v3.ddev.site/public/uploads/schmuck'
    'SCHMUCK_BASE_PATH' => '/var/www/html/web/public/uploads/schmuck'
    'BILDER_BASE_URL' => 'https://derschmuckmacher-v3.ddev.site/public/uploads/bilder'
    'BILDER_BASE_PATH' => '/var/www/html/web/public/uploads/bilder'
] {"environment":"dev","userId":1} 
2026-05-27 17:01:04 [queue.INFO] [yii\db\Connection::open] Opening DB connection: mysql:host=db;dbname=db;port=3306 {"memory":1101840} 
2026-05-27 17:01:04 [queue.INFO] [yii\web\Session::open] Session started {"memory":1530960} 
2026-05-27 17:01:04 [queue.INFO] [nystudio107\codeeditor\CodeEditor::bootstrap] CodeEditor module bootstrapped {"memory":1555296} 
2026-05-27 17:01:04 [queue.INFO] [adigital\cookieconsentbanner\CookieConsentBanner::init] Cookie Consent Banner plugin loaded {"memory":1772696} 
2026-05-27 17:01:04 [queue.INFO] [miranj\obfuscator\Obfuscator::init] Obfuscator plugin loaded {"memory":2733552} 
2026-05-27 17:01:04 [queue.INFO] [yii\db\Connection::open] Opening DB connection: mysql:host=db;dbname=db;port=3306 {"memory":3005992} 
2026-05-27 17:01:04 [queue.INFO] [craft\queue\QueueLogBehavior::beforeExec]  [40994] t9n:["app","Generating image transform for {file}",{"file":"HW-Markt.2e16d0ba.fill-1200x800.png"}] (attempt: 1, pid: 2888) - Started {"memory":3064392} 
2026-05-27 17:01:04 [queue.INFO] [craft\queue\QueueLogBehavior::afterExec]  [40994] t9n:["app","Generating image transform for {file}",{"file":"HW-Markt.2e16d0ba.fill-1200x800.png"}] (attempt: 1, pid: 2888) - Done (time: 0.000s) {"memory":3071704} 
2026-05-27 17:01:04 [queue.INFO] [craft\queue\QueueLogBehavior::beforeExec]  [40995] t9n:["app","Generating image transform for {file}",{"file":"HW-Markt.2e16d0ba.fill-1200x800.png"}] (attempt: 1, pid: 2888) - Started {"memory":3085320} 
2026-05-27 17:01:04 [queue.INFO] [craft\queue\QueueLogBehavior::afterExec]  [40995] t9n:["app","Generating image transform for {file}",{"file":"HW-Markt.2e16d0ba.fill-1200x800.png"}] (attempt: 1, pid: 2888) - Done (time: 0.056s) {"memory":3246376} 
2026-05-27 17:01:04 [queue.INFO] [craft\queue\QueueLogBehavior::beforeExec]  [40996] t9n:["app","Generating image transform for {file}",{"file":"HW-Markt.2e16d0ba.fill-1200x800.png"}] (attempt: 1, pid: 2888) - Started {"memory":3254312} 
2026-05-27 17:01:04 [queue.INFO] [craft\queue\QueueLogBehavior::afterExec]  [40996] t9n:["app","Generating image transform for {file}",{"file":"HW-Markt.2e16d0ba.fill-1200x800.png"}] (attempt: 1, pid: 2888) - Done (time: 0.000s) {"memory":3255896} 
2026-05-27 17:01:04 [queue.INFO] [craft\queue\QueueLogBehavior::beforeExec]  [40997] t9n:["app","Updating search indexes"] (attempt: 1, pid: 2888) - Started {"memory":3329800} 
2026-05-27 17:01:04 [queue.INFO] [craft\queue\QueueLogBehavior::afterExec]  [40997] t9n:["app","Updating search indexes"] (attempt: 1, pid: 2888) - Done (time: 0.008s) {"memory":3933064} 
2026-05-27 17:01:04 [queue.INFO] [craft\queue\QueueLogBehavior::beforeExec]  [40998] t9n:["app","Updating search indexes"] (attempt: 1, pid: 2888) - Started {"memory":3941416} 
2026-05-27 17:01:04 [queue.INFO] [craft\queue\QueueLogBehavior::afterExec]  [40998] t9n:["app","Updating search indexes"] (attempt: 1, pid: 2888) - Done (time: 0.006s) {"memory":4392824} 
2026-05-27 17:01:04 [queue.INFO] [craft\queue\QueueLogBehavior::beforeExec]  [40999] t9n:["app","Pruning extra revisions"] (attempt: 1, pid: 2888) - Started {"memory":4400808} 
2026-05-27 17:01:04 [queue.INFO] [craft\queue\QueueLogBehavior::afterExec]  [40999] t9n:["app","Pruning extra revisions"] (attempt: 1, pid: 2888) - Done (time: 0.001s) {"memory":4505368} 
2026-05-27 17:01:04 [queue.INFO] [application] Request context:
$_GET = [
    'p' => 'dW2axQ3b/actions/queue/run'
    'v' => '1779894064650'
]

$_POST = []

$_FILES = []

$_COOKIE = [
    'a8b7b1ec9ffb8baf2c6eaa253fe57112_username' => '26b9ec8568da68d3882e55afaa5d203483c6c5810ee05b5a55c8a0eb10cab93ea:2:{i:0;s:41:\"a8b7b1ec9ffb8baf2c6eaa253fe57112_username\";i:1;s:8:\"odegiuli\";}'
    'CraftSessionId' => 'biudticgnvahpvc8nukk8ac1vc'
    'CRAFT_CSRF_TOKEN' => '••••••••••••••••••••••••••••••••••••••••••••••••••••••••••••••••••••••••••••••••••••••••••••••••••••••••••••••••••••••••••••••••••••••••••••••••••••••••••••••••••••••••••••••••••••••••••••••••••••••••••••••••••••••••••••••••••••••••••••••••••••••••••••••••••'
    'a8b7b1ec9ffb8baf2c6eaa253fe57112_identity' => 'c05e269f9a86048999710c6067062a4ab8b9b72b60032bdd4aede461abe99f6aa:2:{i:0;s:41:\"a8b7b1ec9ffb8baf2c6eaa253fe57112_identity\";i:1;s:159:\"[1,\"[\\\"y9F6YHmR9qC8Xsvv_urYFspDlXSsXsFbHDHDiokNRXLEUFEEKTo2W7iJ97zgt_AgvxoJgpgTjLnE5pS-azRIHVI1lD_VNxCU5lGK\\\",null,\\\"fd3cbf9ed3a1f5fe86c1a53cec2d55ae\\\"]\",3600]\";}'
    'Craft-3626ffc1-d0a3-42e3-98aa-37e8aa759561_sidebar' => 'expanded'
    'Craft-3626ffc1-d0a3-42e3-98aa-37e8aa759561_sidebar-details' => 'expanded'
    'cookieconsent_status' => 'allow'
]

$_SESSION = [
    'a8b7b1ec9ffb8baf2c6eaa253fe57112__token' => '••••••••••••••••••••••••••••••••••••••••••••••••••••••••••••••••••••••••••••••••••••••••••••••••••••'
    'a8b7b1ec9ffb8baf2c6eaa253fe57112__id' => 1
    '__authKey' => '••••••••••••••••••••••••••••••••••••••••••••••••••••••••••••••••••••••••••••••••••••••••••••••••••••••••••••••••••••••••••••••••••••••••••••••••'
    'a8b7b1ec9ffb8baf2c6eaa253fe57112__expire' => 1779897664
    '__duration' => 3600
    '__elevated_timeout' => 1779891115
    '22b6a59deafcfb2ffb13c3adf3d98a3b__auth_access' => [
        0 => 'previewElement:7186'
        1 => 'saveAssets:856a3aeb-b21b-4d41-af3f-0a23db430323'
        2 => 'previewDraft:1050'
        3 => 'previewDraft:1052'
        4 => 'previewDraft:1054'
        5 => 'previewDraft:1056'
        6 => 'previewDraft:1058'
        7 => 'previewDraft:1060'
        8 => 'previewDraft:1062'
        9 => 'previewDraft:1064'
        10 => 'previewDraft:1066'
        11 => 'previewDraft:1068'
        12 => 'previewDraft:1070'
        13 => 'previewDraft:1072'
        14 => 'previewDraft:1074'
        15 => 'editStructure:1'
        16 => 'editStructure:2'
        17 => 'previewDraft:1076'
        18 => 'previewElement:7158'
        19 => 'previewDraft:1078'
        20 => 'previewElement:8582'
        21 => 'previewDraft:1080'
        22 => 'previewDraft:1081'
        23 => 'previewDraft:1082'
        24 => 'previewElement:9139'
        25 => 'previewDraft:1083'
        26 => 'previewDraft:1084'
        27 => 'previewDraft:1085'
    ]
    '22b6a59deafcfb2ffb13c3adf3d98a3b__flash' => []
]

$_SERVER = [
    'DEPLOY_NAME' => 'local'
    'DDEV_WEBSERVER_TYPE' => 'nginx-fpm'
    'npm_config_cache' => '/mnt/ddev-global-cache/npm'
    'COREPACK_ENABLE_DOWNLOAD_PROMPT' => '0'
    'DDEV_GOOS' => 'darwin'
    'IS_DDEV_PROJECT' => 'true'
    'PHP_DEFAULT_VERSION' => '8.3'
    'HOSTNAME' => 'derschmuckmacher-v3-web'
    'MAILPIT_SMTP_PORT' => '1025'
    'MH_SMTP_BIND_ADDR' => '127.0.0.1:1025'
    'DDEV_PRIMARY_URL_WITHOUT_PORT' => 'https://derschmuckmacher-v3.ddev.site'
    'CRAFT_DB_PORT' => '3306'
    'SSH_AUTH_SOCK' => '/home/.ssh-agent/socket'
    'DDEV_GID' => '20'
    'NODE_EXTRA_CA_CERTS' => '/mnt/ddev-global-cache/mkcert/rootCA.pem'
    'DOCKER_IP' => '127.0.0.1'
    'PGPASSWORD' => 'db'
    'CRAFT_WEB_ROOT' => '/var/www/html/web'
    'DDEV_DOCROOT' => 'web'
    'PWD' => '/var/www/html'
    'PLATFORMSH_CLI_UPDATES_CHECK' => '0'
    'DDEV_APPROOT' => '/var/www/html'
    'DDEV_FILES_DIR' => ''
    'START_SCRIPT_TIMEOUT' => '57'
    'APACHE_SITE_TEMPLATE' => '/etc/apache2/apache-site.conf'
    'PHP_INI' => '/etc/php/8.3/fpm/php.ini'
    'DDEV_VERSION' => 'v1.24.10'
    'PRIMARY_SITE_URL' => 'https://derschmuckmacher-v3.ddev.site'
    'TZ' => 'Europe/Zurich'
    'DDEV_XHPROF_MODE' => 'prepend'
    'HTTPS_EXPOSE' => '443:80,8026:8025'
    'COREPACK_HOME' => '/mnt/ddev-global-cache/corepack'
    'CRAFT_DB_DATABASE' => 'db'
    'DDEV_PRIMARY_URL' => 'https://derschmuckmacher-v3.ddev.site'
    'LINES' => '6'
    'DDEV_SITENAME' => 'derschmuckmacher-v3'
    'HOME' => '/home/omar'
    'DRUSH_OPTIONS_URI' => 'https://derschmuckmacher-v3.ddev.site'
    'LANG' => 'C.UTF-8'
    'COLUMNS' => '371'
    'DDEV_MUTAGEN_ENABLED' => 'true'
    'DDEV_USER' => 'omar'
    'PGUSER' => 'db'
    'TERMINUS_CACHE_DIR' => '/mnt/ddev-global-cache/terminus/cache'
    'DDEV_PRIMARY_URL_PORT' => '443'
    'DDEV_ROUTER_HTTP_PORT' => '80'
    'MAILPIT_SMTP_HOSTNAME' => '127.0.0.1'
    'CRAFT_DB_DRIVER' => 'mysql'
    'COMPOSER_PROCESS_TIMEOUT' => '2000'
    'NGINX_SITE_TEMPLATE' => '/etc/nginx/nginx-site.conf'
    'DDEV_FILES_DIRS' => ''
    'CRAFT_DB_SERVER' => 'db'
    'HTTP_EXPOSE' => '80:80,8025:8025'
    'NVM_DIR' => '/home/omar/.nvm'
    'DDEV_PHP_VERSION' => '8.3'
    'DDEV_TLD' => 'ddev.site'
    'DDEV_HOSTNAME' => 'derschmuckmacher-v3.ddev.site'
    'DDEV_PROJECT' => 'derschmuckmacher-v3'
    'DDEV_GOARCH' => 'arm64'
    'VIRTUAL_HOST' => 'derschmuckmacher-v3.ddev.site'
    'TERM' => 'xterm'
    'USER' => 'omar'
    'MYSQL_HISTFILE' => '/mnt/ddev-global-cache/mysqlhistory/derschmuckmacher-v3-web/mysql_history'
    'DDEV_WEB_ENTRYPOINT' => '/mnt/ddev_config/web-entrypoint.d'
    'DDEV_UID' => '501'
    'CAROOT' => '/mnt/ddev-global-cache/mkcert'
    'SHLVL' => '1'
    'COMPOSER_ALLOW_SUPERUSER' => '1'
    'BASH_ENV' => '/etc/bash.nointeractive.bashrc'
    'DDEV_DATABASE' => 'mysql:8.0'
    'PGDATABASE' => 'db'
    'CRAFT_DB_USER' => 'db'
    'DDEV_SCHEME' => 'https'
    'XHPROF_OUTPUT_DIR' => '/tmp/xhprof'
    'COMPOSER_CACHE_DIR' => '/mnt/ddev-global-cache/composer'
    'DDEV_XDEBUG_ENABLED' => 'false'
    'DDEV_DATABASE_FAMILY' => 'mysql'
    'PGHOST' => 'db'
    'DDEV_COMPOSER_ROOT' => '/var/www/html'
    'CRAFT_DB_PASSWORD' => '••'
    'DOCROOT' => 'web'
    'TERMINUS_HIDE_UPDATE_MESSAGE' => '1'
    'PATH' => '/home/omar/bin:/var/www/html/vendor/bin:/usr/local/sbin:/usr/local/bin:/usr/sbin:/usr/bin:/sbin:/bin:/var/www/html/bin:/mnt/ddev-global-cache/global-commands/web'
    'HOST_DOCKER_INTERNAL_IP' => ''
    'DDEV_PROJECT_TYPE' => 'craftcms'
    'DEBIAN_FRONTEND' => 'noninteractive'
    'DDEV_ROUTER_HTTPS_PORT' => '443'
    'EXECIGNORE' => '/var/www/html/vendor/bin/composer'
    'SUPERVISOR_ENABLED' => '1'
    'SUPERVISOR_SERVER_URL' => 'unix:///var/run/supervisor.sock'
    'SUPERVISOR_PROCESS_NAME' => 'php-fpm'
    'SUPERVISOR_GROUP_NAME' => 'php-fpm'
    'HTTP_X_REQUESTED_WITH' => 'XMLHttpRequest'
    'HTTP_X_REGISTERED_JS_FILES' => ''
    'HTTP_X_REGISTERED_ASSET_BUNDLES' => '22e517a2,aee7f8dc,26c46c25,e505ffd6,6b4d7555,bb2f10a0,e5e48399,815d39ea,fc0bc163,1ccab40d,1e21896b,54698ee0,b842675b,1c3c9add,4b1fd285,d8d08e47,8f00ce04,8768f48b,cf3018d6,ec6d0256'
    'HTTP_X_REAL_IP' => '172.18.0.1'
    'HTTP_X_FORWARDED_SERVER' => 'e6a50fd17528'
    'HTTP_X_FORWARDED_PROTO' => 'https'
    'HTTP_X_FORWARDED_PORT' => '443'
    'HTTP_X_FORWARDED_HOST' => 'derschmuckmacher-v3.ddev.site'
    'HTTP_X_FORWARDED_FOR' => '172.18.0.1'
    'HTTP_X_CSRF_TOKEN' => '••••••••••••••••••••••••••••••••••••••••••••••••••••••••••••••••••••••••••••••••••••••••••••••••••••••••••••••••••••••••••••••••••••••••••••••••••••••••••••••••••••••••••••••••••••••••••••••••••••••••••••••••••••••••••••••••••••••••••••••••••••••••••••••••••••••••••••••••••••••••••••••••••••••••••••••••••••••••••••••••••••••••••••••••••••••••••••••••••••••••••••••••••••••••••••••••••••••••'
    'HTTP_TE' => 'trailers'
    'HTTP_SEC_GPC' => '1'
    'HTTP_SEC_FETCH_SITE' => 'same-origin'
    'HTTP_SEC_FETCH_MODE' => 'cors'
    'HTTP_SEC_FETCH_DEST' => 'empty'
    'HTTP_REFERER' => 'https://derschmuckmacher-v3.ddev.site/dW2axQ3b/content/entries/aktuelles?source=section%3Aabbf7c18-fd88-4baf-9a5e-dbccf55f4b56'
    'HTTP_ORIGIN' => 'https://derschmuckmacher-v3.ddev.site'
    'HTTP_COOKIE' => 'a8b7b1ec9ffb8baf2c6eaa253fe57112_username=26b9ec8568da68d3882e55afaa5d203483c6c5810ee05b5a55c8a0eb10cab93ea%3A2%3A%7Bi%3A0%3Bs%3A41%3A%22a8b7b1ec9ffb8baf2c6eaa253fe57112_username%22%3Bi%3A1%3Bs%3A8%3A%22odegiuli%22%3B%7D; CraftSessionId=biudticgnvahpvc8nukk8ac1vc; CRAFT_CSRF_TOKEN=f24bdf1e9b1a034ee7b31fc7240bdef700af95a681404c14421efa33013a169ca%3A2%3A%7Bi%3A0%3Bs%3A16%3A%22CRAFT_CSRF_TOKEN%22%3Bi%3A1%3Bs%3A147%3A%22o35JaTMOK5SlzzOXxon1Bn7gy1-9PEHqnAYwYjz9%7C89e454564122d06c6a70a599ac0d3b19a34e4201342f82ce4b9247f607434cc9o35JaTMOK5SlzzOXxon1Bn7gy1-9PEHqnAYwYjz9%7C1%22%3B%7D; a8b7b1ec9ffb8baf2c6eaa253fe57112_identity=c05e269f9a86048999710c6067062a4ab8b9b72b60032bdd4aede461abe99f6aa%3A2%3A%7Bi%3A0%3Bs%3A41%3A%22a8b7b1ec9ffb8baf2c6eaa253fe57112_identity%22%3Bi%3A1%3Bs%3A159%3A%22%5B1%2C%22%5B%5C%22y9F6YHmR9qC8Xsvv_urYFspDlXSsXsFbHDHDiokNRXLEUFEEKTo2W7iJ97zgt_AgvxoJgpgTjLnE5pS-azRIHVI1lD_VNxCU5lGK%5C%22%2Cnull%2C%5C%22fd3cbf9ed3a1f5fe86c1a53cec2d55ae%5C%22%5D%22%2C3600%5D%22%3B%7D; Craft-3626ffc1-d0a3-42e3-98aa-37e8aa759561_sidebar=expanded; Craft-3626ffc1-d0a3-42e3-98aa-37e8aa759561_sidebar-details=expanded; cookieconsent_status=allow'
    'HTTP_ACCEPT_LANGUAGE' => 'de,en-US;q=0.9,en;q=0.8'
    'HTTP_ACCEPT_ENCODING' => 'gzip, deflate, br, zstd'
    'HTTP_ACCEPT' => 'application/json, text/plain, */*'
    'HTTP_CONTENT_LENGTH' => '0'
    'HTTP_USER_AGENT' => 'Mozilla/5.0 (Macintosh; Intel Mac OS X 10.15; rv:151.0) Gecko/20100101 Firefox/151.0'
    'HTTP_HOST' => 'derschmuckmacher-v3.ddev.site'
    'HTTPS' => 'on'
    'REDIRECT_STATUS' => '200'
    'SERVER_NAME' => 'derschmuckmacher-v3.ddev.site'
    'SERVER_PORT' => '80'
    'SERVER_ADDR' => '172.18.0.4'
    'REMOTE_PORT' => '49222'
    'REMOTE_ADDR' => '172.18.0.5'
    'SERVER_SOFTWARE' => 'nginx/1.28.0'
    'GATEWAY_INTERFACE' => 'CGI/1.1'
    'REQUEST_SCHEME' => 'http'
    'SERVER_PROTOCOL' => 'HTTP/1.1'
    'DOCUMENT_ROOT' => '/var/www/html/web'
    'DOCUMENT_URI' => '/index.php'
    'REQUEST_URI' => '/index.php?p=dW2axQ3b%2Factions%2Fqueue%2Frun&v=1779894064650'
    'CONTENT_LENGTH' => '0'
    'CONTENT_TYPE' => ''
    'REQUEST_METHOD' => 'POST'
    'QUERY_STRING' => 'p=dW2axQ3b%2Factions%2Fqueue%2Frun&v=1779894064650'
    'SCRIPT_NAME' => '/index.php'
    'SCRIPT_FILENAME' => '/var/www/html/web/index.php'
    'FCGI_ROLE' => 'RESPONDER'
    'PHP_SELF' => '/index.php'
    'REQUEST_TIME_FLOAT' => 1779894064.6512
    'REQUEST_TIME' => 1779894064
    'CRAFT_APP_ID' => 'CraftCMS--3933bc78-29f5-4b79-bcc5-c31faf0fcd20'
    'CRAFT_ENVIRONMENT' => 'dev'
    'ENVIRONMENT' => 'dev'
    'CRAFT_SECURITY_KEY' => '••••••••••••••••••••••••••••••••'
    'CP_TRIGGER' => 'dW2axQ3b'
    'CRAFT_DB_SCHEMA' => 'public'
    'CRAFT_DB_TABLE_PREFIX' => ''
    'CRAFT_DB_CHARSET' => 'utf8mb4'
    'CRAFT_DB_COLLATION' => 'utf8mb4_unicode_ci'
    'DEV_MODE' => 'true'
    'ALLOW_ADMIN_CHANGES' => 'true'
    'DISALLOW_ROBOTS' => 'true'
    'TIMEZONE' => 'Europe/Zurich'
    'CAPTCHA_SITE_KEY' => '••••••••••••••••••••••••••••••••••••••••'
    'CAPTCHA_SECRET_KEY' => '••••••••••••••••••••••••••••••••••••••••'
    'WEB_URL' => 'https://derschmuckmacher-v3.ddev.site'
    'WEB_ROOT' => '/var/www/html/web'
    'ASSETS_BASE_URL' => 'https://derschmuckmacher-v3.ddev.site/public'
    'ASSETS_BASE_PATH' => '/var/www/html/web/public'
    'SCHMUCK_BASE_URL' => 'https://derschmuckmacher-v3.ddev.site/public/uploads/schmuck'
    'SCHMUCK_BASE_PATH' => '/var/www/html/web/public/uploads/schmuck'
    'BILDER_BASE_URL' => 'https://derschmuckmacher-v3.ddev.site/public/uploads/bilder'
    'BILDER_BASE_PATH' => '/var/www/html/web/public/uploads/bilder'
] {"environment":"dev","userId":1} 
2026-05-27 17:21:23 [queue.INFO] [yii\db\Connection::open] Opening DB connection: mysql:host=db;dbname=db;port=3306 {"memory":1099888} 
2026-05-27 17:21:23 [queue.INFO] [yii\web\Session::open] Session started {"memory":1528432} 
2026-05-27 17:21:23 [queue.INFO] [nystudio107\codeeditor\CodeEditor::bootstrap] CodeEditor module bootstrapped {"memory":1552768} 
2026-05-27 17:21:23 [queue.INFO] [adigital\cookieconsentbanner\CookieConsentBanner::init] Cookie Consent Banner plugin loaded {"memory":1770208} 
2026-05-27 17:21:23 [queue.INFO] [miranj\obfuscator\Obfuscator::init] Obfuscator plugin loaded {"memory":2731064} 
2026-05-27 17:21:23 [queue.INFO] [yii\db\Connection::open] Opening DB connection: mysql:host=db;dbname=db;port=3306 {"memory":3001904} 
2026-05-27 17:21:23 [queue.INFO] [craft\queue\QueueLogBehavior::beforeExec]  [41000] Freeform: Purging Old Notification Logs (attempt: 1, pid: 2477) - Started {"memory":3059968} 
2026-05-27 17:21:23 [queue.INFO] [craft\queue\QueueLogBehavior::afterExec]  [41000] Freeform: Purging Old Notification Logs (attempt: 1, pid: 2477) - Done (time: 0.002s) {"memory":3078672} 
2026-05-27 17:21:23 [queue.INFO] [craft\queue\QueueLogBehavior::beforeExec]  [41001] Freeform: Unfertige Dateien löschen (attempt: 1, pid: 2477) - Started {"memory":3250944} 
2026-05-27 17:21:23 [queue.INFO] [craft\queue\QueueLogBehavior::afterExec]  [41001] Freeform: Unfertige Dateien löschen (attempt: 1, pid: 2477) - Done (time: 0.001s) {"memory":3255016} 
2026-05-27 17:21:23 [queue.INFO] [application] Request context:
$_GET = [
    'p' => 'dW2axQ3b/actions/queue/run'
    'v' => '1779895283905'
]

$_POST = []

$_FILES = []

$_COOKIE = [
    'a8b7b1ec9ffb8baf2c6eaa253fe57112_username' => '26b9ec8568da68d3882e55afaa5d203483c6c5810ee05b5a55c8a0eb10cab93ea:2:{i:0;s:41:\"a8b7b1ec9ffb8baf2c6eaa253fe57112_username\";i:1;s:8:\"odegiuli\";}'
    'CraftSessionId' => 'biudticgnvahpvc8nukk8ac1vc'
    'CRAFT_CSRF_TOKEN' => '••••••••••••••••••••••••••••••••••••••••••••••••••••••••••••••••••••••••••••••••••••••••••••••••••••••••••••••••••••••••••••••••••••••••••••••••••••••••••••••••••••••••••••••••••••••••••••••••••••••••••••••••••••••••••••••••••••••••••••••••••••••••••••••••••'
    'Craft-3626ffc1-d0a3-42e3-98aa-37e8aa759561_sidebar' => 'expanded'
    'Craft-3626ffc1-d0a3-42e3-98aa-37e8aa759561_sidebar-details' => 'expanded'
    'cookieconsent_status' => 'allow'
]

$_SESSION = [
    'a8b7b1ec9ffb8baf2c6eaa253fe57112__token' => '••••••••••••••••••••••••••••••••••••••••••••••••••••••••••••••••••••••••••••••••••••••••••••••••••••'
    'a8b7b1ec9ffb8baf2c6eaa253fe57112__id' => 1
    '__authKey' => '••••••••••••••••••••••••••••••••••••••••••••••••••••••••••••••••••••••••••••••••••••••••••••••••••••••••••••••••••••••••••••••••••••••••••••••••'
    'a8b7b1ec9ffb8baf2c6eaa253fe57112__expire' => 1779898883
    '__duration' => 3600
    '__elevated_timeout' => 1779891115
    '22b6a59deafcfb2ffb13c3adf3d98a3b__auth_access' => [
        0 => 'previewElement:7186'
        1 => 'saveAssets:856a3aeb-b21b-4d41-af3f-0a23db430323'
        2 => 'previewDraft:1050'
        3 => 'previewDraft:1052'
        4 => 'previewDraft:1054'
        5 => 'previewDraft:1056'
        6 => 'previewDraft:1058'
        7 => 'previewDraft:1060'
        8 => 'previewDraft:1062'
        9 => 'previewDraft:1064'
        10 => 'previewDraft:1066'
        11 => 'previewDraft:1068'
        12 => 'previewDraft:1070'
        13 => 'previewDraft:1072'
        14 => 'previewDraft:1074'
        15 => 'editStructure:1'
        16 => 'editStructure:2'
        17 => 'previewDraft:1076'
        18 => 'previewElement:7158'
        19 => 'previewDraft:1078'
        20 => 'previewElement:8582'
        21 => 'previewDraft:1080'
        22 => 'previewDraft:1081'
        23 => 'previewDraft:1082'
        24 => 'previewElement:9139'
        25 => 'previewDraft:1083'
        26 => 'previewDraft:1084'
        27 => 'previewDraft:1085'
    ]
    '22b6a59deafcfb2ffb13c3adf3d98a3b__flash' => []
]

$_SERVER = [
    'DEPLOY_NAME' => 'local'
    'DDEV_WEBSERVER_TYPE' => 'nginx-fpm'
    'npm_config_cache' => '/mnt/ddev-global-cache/npm'
    'COREPACK_ENABLE_DOWNLOAD_PROMPT' => '0'
    'DDEV_GOOS' => 'darwin'
    'IS_DDEV_PROJECT' => 'true'
    'PHP_DEFAULT_VERSION' => '8.3'
    'HOSTNAME' => 'derschmuckmacher-v3-web'
    'MAILPIT_SMTP_PORT' => '1025'
    'MH_SMTP_BIND_ADDR' => '127.0.0.1:1025'
    'DDEV_PRIMARY_URL_WITHOUT_PORT' => 'https://derschmuckmacher-v3.ddev.site'
    'CRAFT_DB_PORT' => '3306'
    'SSH_AUTH_SOCK' => '/home/.ssh-agent/socket'
    'DDEV_GID' => '20'
    'NODE_EXTRA_CA_CERTS' => '/mnt/ddev-global-cache/mkcert/rootCA.pem'
    'DOCKER_IP' => '127.0.0.1'
    'PGPASSWORD' => 'db'
    'CRAFT_WEB_ROOT' => '/var/www/html/web'
    'DDEV_DOCROOT' => 'web'
    'PWD' => '/var/www/html'
    'PLATFORMSH_CLI_UPDATES_CHECK' => '0'
    'DDEV_APPROOT' => '/var/www/html'
    'DDEV_FILES_DIR' => ''
    'START_SCRIPT_TIMEOUT' => '57'
    'APACHE_SITE_TEMPLATE' => '/etc/apache2/apache-site.conf'
    'PHP_INI' => '/etc/php/8.3/fpm/php.ini'
    'DDEV_VERSION' => 'v1.24.10'
    'PRIMARY_SITE_URL' => 'https://derschmuckmacher-v3.ddev.site'
    'TZ' => 'Europe/Zurich'
    'DDEV_XHPROF_MODE' => 'prepend'
    'HTTPS_EXPOSE' => '443:80,8026:8025'
    'COREPACK_HOME' => '/mnt/ddev-global-cache/corepack'
    'CRAFT_DB_DATABASE' => 'db'
    'DDEV_PRIMARY_URL' => 'https://derschmuckmacher-v3.ddev.site'
    'LINES' => '6'
    'DDEV_SITENAME' => 'derschmuckmacher-v3'
    'HOME' => '/home/omar'
    'DRUSH_OPTIONS_URI' => 'https://derschmuckmacher-v3.ddev.site'
    'LANG' => 'C.UTF-8'
    'COLUMNS' => '371'
    'DDEV_MUTAGEN_ENABLED' => 'true'
    'DDEV_USER' => 'omar'
    'PGUSER' => 'db'
    'TERMINUS_CACHE_DIR' => '/mnt/ddev-global-cache/terminus/cache'
    'DDEV_PRIMARY_URL_PORT' => '443'
    'DDEV_ROUTER_HTTP_PORT' => '80'
    'MAILPIT_SMTP_HOSTNAME' => '127.0.0.1'
    'CRAFT_DB_DRIVER' => 'mysql'
    'COMPOSER_PROCESS_TIMEOUT' => '2000'
    'NGINX_SITE_TEMPLATE' => '/etc/nginx/nginx-site.conf'
    'DDEV_FILES_DIRS' => ''
    'CRAFT_DB_SERVER' => 'db'
    'HTTP_EXPOSE' => '80:80,8025:8025'
    'NVM_DIR' => '/home/omar/.nvm'
    'DDEV_PHP_VERSION' => '8.3'
    'DDEV_TLD' => 'ddev.site'
    'DDEV_HOSTNAME' => 'derschmuckmacher-v3.ddev.site'
    'DDEV_PROJECT' => 'derschmuckmacher-v3'
    'DDEV_GOARCH' => 'arm64'
    'VIRTUAL_HOST' => 'derschmuckmacher-v3.ddev.site'
    'TERM' => 'xterm'
    'USER' => 'omar'
    'MYSQL_HISTFILE' => '/mnt/ddev-global-cache/mysqlhistory/derschmuckmacher-v3-web/mysql_history'
    'DDEV_WEB_ENTRYPOINT' => '/mnt/ddev_config/web-entrypoint.d'
    'DDEV_UID' => '501'
    'CAROOT' => '/mnt/ddev-global-cache/mkcert'
    'SHLVL' => '1'
    'COMPOSER_ALLOW_SUPERUSER' => '1'
    'BASH_ENV' => '/etc/bash.nointeractive.bashrc'
    'DDEV_DATABASE' => 'mysql:8.0'
    'PGDATABASE' => 'db'
    'CRAFT_DB_USER' => 'db'
    'DDEV_SCHEME' => 'https'
    'XHPROF_OUTPUT_DIR' => '/tmp/xhprof'
    'COMPOSER_CACHE_DIR' => '/mnt/ddev-global-cache/composer'
    'DDEV_XDEBUG_ENABLED' => 'false'
    'DDEV_DATABASE_FAMILY' => 'mysql'
    'PGHOST' => 'db'
    'DDEV_COMPOSER_ROOT' => '/var/www/html'
    'CRAFT_DB_PASSWORD' => '••'
    'DOCROOT' => 'web'
    'TERMINUS_HIDE_UPDATE_MESSAGE' => '1'
    'PATH' => '/home/omar/bin:/var/www/html/vendor/bin:/usr/local/sbin:/usr/local/bin:/usr/sbin:/usr/bin:/sbin:/bin:/var/www/html/bin:/mnt/ddev-global-cache/global-commands/web'
    'HOST_DOCKER_INTERNAL_IP' => ''
    'DDEV_PROJECT_TYPE' => 'craftcms'
    'DEBIAN_FRONTEND' => 'noninteractive'
    'DDEV_ROUTER_HTTPS_PORT' => '443'
    'EXECIGNORE' => '/var/www/html/vendor/bin/composer'
    'SUPERVISOR_ENABLED' => '1'
    'SUPERVISOR_SERVER_URL' => 'unix:///var/run/supervisor.sock'
    'SUPERVISOR_PROCESS_NAME' => 'php-fpm'
    'SUPERVISOR_GROUP_NAME' => 'php-fpm'
    'HTTP_X_REQUESTED_WITH' => 'XMLHttpRequest'
    'HTTP_X_REGISTERED_JS_FILES' => ''
    'HTTP_X_REGISTERED_ASSET_BUNDLES' => '82742c9d,22e517a2,aee7f8dc,26c46c25,e505ffd6,6b4d7555,bb2f10a0,e5e48399,815d39ea,fc0bc163,1ccab40d,1e21896b,54698ee0,b842675b,1c3c9add,4b1fd285,d8d08e47,8f00ce04,8768f48b,cf3018d6,ec6d0256'
    'HTTP_X_REAL_IP' => '172.18.0.1'
    'HTTP_X_FORWARDED_SERVER' => 'e6a50fd17528'
    'HTTP_X_FORWARDED_PROTO' => 'https'
    'HTTP_X_FORWARDED_PORT' => '443'
    'HTTP_X_FORWARDED_HOST' => 'derschmuckmacher-v3.ddev.site'
    'HTTP_X_FORWARDED_FOR' => '172.18.0.1'
    'HTTP_X_CSRF_TOKEN' => '••••••••••••••••••••••••••••••••••••••••••••••••••••••••••••••••••••••••••••••••••••••••••••••••••••••••••••••••••••••••••••••••••••••••••••••••••••••••••••••••••••••••••••••••••••••••••••••••••••••••••••••••••••••••••••••••••••••••••••••••••••••••••••••••••••••••••••••••••••••••••••••••••••••••••••••••••••••••••••••••••••••••••••••••••••••••••••••••••••••••••••••••••••••••••••••••••••••••'
    'HTTP_TE' => 'trailers'
    'HTTP_SEC_GPC' => '1'
    'HTTP_SEC_FETCH_SITE' => 'same-origin'
    'HTTP_SEC_FETCH_MODE' => 'cors'
    'HTTP_SEC_FETCH_DEST' => 'empty'
    'HTTP_REFERER' => 'https://derschmuckmacher-v3.ddev.site/dW2axQ3b/utilities/system-report'
    'HTTP_ORIGIN' => 'https://derschmuckmacher-v3.ddev.site'
    'HTTP_COOKIE' => 'a8b7b1ec9ffb8baf2c6eaa253fe57112_username=26b9ec8568da68d3882e55afaa5d203483c6c5810ee05b5a55c8a0eb10cab93ea%3A2%3A%7Bi%3A0%3Bs%3A41%3A%22a8b7b1ec9ffb8baf2c6eaa253fe57112_username%22%3Bi%3A1%3Bs%3A8%3A%22odegiuli%22%3B%7D; CraftSessionId=biudticgnvahpvc8nukk8ac1vc; CRAFT_CSRF_TOKEN=f24bdf1e9b1a034ee7b31fc7240bdef700af95a681404c14421efa33013a169ca%3A2%3A%7Bi%3A0%3Bs%3A16%3A%22CRAFT_CSRF_TOKEN%22%3Bi%3A1%3Bs%3A147%3A%22o35JaTMOK5SlzzOXxon1Bn7gy1-9PEHqnAYwYjz9%7C89e454564122d06c6a70a599ac0d3b19a34e4201342f82ce4b9247f607434cc9o35JaTMOK5SlzzOXxon1Bn7gy1-9PEHqnAYwYjz9%7C1%22%3B%7D; Craft-3626ffc1-d0a3-42e3-98aa-37e8aa759561_sidebar=expanded; Craft-3626ffc1-d0a3-42e3-98aa-37e8aa759561_sidebar-details=expanded; cookieconsent_status=allow'
    'HTTP_ACCEPT_LANGUAGE' => 'de,en-US;q=0.9,en;q=0.8'
    'HTTP_ACCEPT_ENCODING' => 'gzip, deflate, br, zstd'
    'HTTP_ACCEPT' => 'application/json, text/plain, */*'
    'HTTP_CONTENT_LENGTH' => '0'
    'HTTP_USER_AGENT' => 'Mozilla/5.0 (Macintosh; Intel Mac OS X 10.15; rv:151.0) Gecko/20100101 Firefox/151.0'
    'HTTP_HOST' => 'derschmuckmacher-v3.ddev.site'
    'HTTPS' => 'on'
    'REDIRECT_STATUS' => '200'
    'SERVER_NAME' => 'derschmuckmacher-v3.ddev.site'
    'SERVER_PORT' => '80'
    'SERVER_ADDR' => '172.18.0.4'
    'REMOTE_PORT' => '33908'
    'REMOTE_ADDR' => '172.18.0.5'
    'SERVER_SOFTWARE' => 'nginx/1.28.0'
    'GATEWAY_INTERFACE' => 'CGI/1.1'
    'REQUEST_SCHEME' => 'http'
    'SERVER_PROTOCOL' => 'HTTP/1.1'
    'DOCUMENT_ROOT' => '/var/www/html/web'
    'DOCUMENT_URI' => '/index.php'
    'REQUEST_URI' => '/index.php?p=dW2axQ3b%2Factions%2Fqueue%2Frun&v=1779895283905'
    'CONTENT_LENGTH' => '0'
    'CONTENT_TYPE' => ''
    'REQUEST_METHOD' => 'POST'
    'QUERY_STRING' => 'p=dW2axQ3b%2Factions%2Fqueue%2Frun&v=1779895283905'
    'SCRIPT_NAME' => '/index.php'
    'SCRIPT_FILENAME' => '/var/www/html/web/index.php'
    'FCGI_ROLE' => 'RESPONDER'
    'PHP_SELF' => '/index.php'
    'REQUEST_TIME_FLOAT' => 1779895283.9085
    'REQUEST_TIME' => 1779895283
    'CRAFT_APP_ID' => 'CraftCMS--3933bc78-29f5-4b79-bcc5-c31faf0fcd20'
    'CRAFT_ENVIRONMENT' => 'dev'
    'ENVIRONMENT' => 'dev'
    'CRAFT_SECURITY_KEY' => '••••••••••••••••••••••••••••••••'
    'CP_TRIGGER' => 'dW2axQ3b'
    'CRAFT_DB_SCHEMA' => 'public'
    'CRAFT_DB_TABLE_PREFIX' => ''
    'CRAFT_DB_CHARSET' => 'utf8mb4'
    'CRAFT_DB_COLLATION' => 'utf8mb4_unicode_ci'
    'DEV_MODE' => 'true'
    'ALLOW_ADMIN_CHANGES' => 'true'
    'DISALLOW_ROBOTS' => 'true'
    'TIMEZONE' => 'Europe/Zurich'
    'CAPTCHA_SITE_KEY' => '••••••••••••••••••••••••••••••••••••••••'
    'CAPTCHA_SECRET_KEY' => '••••••••••••••••••••••••••••••••••••••••'
    'WEB_URL' => 'https://derschmuckmacher-v3.ddev.site'
    'WEB_ROOT' => '/var/www/html/web'
    'ASSETS_BASE_URL' => 'https://derschmuckmacher-v3.ddev.site/public'
    'ASSETS_BASE_PATH' => '/var/www/html/web/public'
    'SCHMUCK_BASE_URL' => 'https://derschmuckmacher-v3.ddev.site/public/uploads/schmuck'
    'SCHMUCK_BASE_PATH' => '/var/www/html/web/public/uploads/schmuck'
    'BILDER_BASE_URL' => 'https://derschmuckmacher-v3.ddev.site/public/uploads/bilder'
    'BILDER_BASE_PATH' => '/var/www/html/web/public/uploads/bilder'
] {"environment":"dev","userId":1} 
2026-05-27 17:21:30 [queue.INFO] [yii\db\Connection::open] Opening DB connection: mysql:host=db;dbname=db;port=3306 {"memory":1099888} 
2026-05-27 17:21:30 [queue.INFO] [yii\web\Session::open] Session started {"memory":1528432} 
2026-05-27 17:21:30 [queue.INFO] [nystudio107\codeeditor\CodeEditor::bootstrap] CodeEditor module bootstrapped {"memory":1552768} 
2026-05-27 17:21:30 [queue.INFO] [adigital\cookieconsentbanner\CookieConsentBanner::init] Cookie Consent Banner plugin loaded {"memory":1770248} 
2026-05-27 17:21:30 [queue.INFO] [miranj\obfuscator\Obfuscator::init] Obfuscator plugin loaded {"memory":2731104} 
2026-05-27 17:21:30 [queue.INFO] [yii\db\Connection::open] Opening DB connection: mysql:host=db;dbname=db;port=3306 {"memory":3023952} 
2026-05-27 17:21:30 [queue.INFO] [craft\queue\QueueLogBehavior::beforeExec]  [41002] Freeform: Purging Old Notification Logs (attempt: 1, pid: 2888) - Started {"memory":3082016} 
2026-05-27 17:21:30 [queue.INFO] [craft\queue\QueueLogBehavior::afterExec]  [41002] Freeform: Purging Old Notification Logs (attempt: 1, pid: 2888) - Done (time: 0.001s) {"memory":3100400} 
2026-05-27 17:21:30 [queue.INFO] [craft\queue\QueueLogBehavior::beforeExec]  [41003] Freeform: Unfertige Dateien löschen (attempt: 1, pid: 2888) - Started {"memory":3272672} 
2026-05-27 17:21:30 [queue.INFO] [craft\queue\QueueLogBehavior::afterExec]  [41003] Freeform: Unfertige Dateien löschen (attempt: 1, pid: 2888) - Done (time: 0.000s) {"memory":3276696} 
2026-05-27 17:21:30 [queue.INFO] [application] Request context:
$_GET = [
    'p' => 'dW2axQ3b/actions/queue/run'
    'v' => '1779895290128'
]

$_POST = []

$_FILES = []

$_COOKIE = [
    'a8b7b1ec9ffb8baf2c6eaa253fe57112_username' => '26b9ec8568da68d3882e55afaa5d203483c6c5810ee05b5a55c8a0eb10cab93ea:2:{i:0;s:41:\"a8b7b1ec9ffb8baf2c6eaa253fe57112_username\";i:1;s:8:\"odegiuli\";}'
    'CraftSessionId' => 'biudticgnvahpvc8nukk8ac1vc'
    'CRAFT_CSRF_TOKEN' => '••••••••••••••••••••••••••••••••••••••••••••••••••••••••••••••••••••••••••••••••••••••••••••••••••••••••••••••••••••••••••••••••••••••••••••••••••••••••••••••••••••••••••••••••••••••••••••••••••••••••••••••••••••••••••••••••••••••••••••••••••••••••••••••••••'
    'Craft-3626ffc1-d0a3-42e3-98aa-37e8aa759561_sidebar' => 'expanded'
    'Craft-3626ffc1-d0a3-42e3-98aa-37e8aa759561_sidebar-details' => 'expanded'
    'cookieconsent_status' => 'allow'
]

$_SESSION = [
    'a8b7b1ec9ffb8baf2c6eaa253fe57112__token' => '••••••••••••••••••••••••••••••••••••••••••••••••••••••••••••••••••••••••••••••••••••••••••••••••••••'
    'a8b7b1ec9ffb8baf2c6eaa253fe57112__id' => 1
    '__authKey' => '••••••••••••••••••••••••••••••••••••••••••••••••••••••••••••••••••••••••••••••••••••••••••••••••••••••••••••••••••••••••••••••••••••••••••••••••'
    'a8b7b1ec9ffb8baf2c6eaa253fe57112__expire' => 1779898890
    '__duration' => 3600
    '__elevated_timeout' => 1779891115
    '22b6a59deafcfb2ffb13c3adf3d98a3b__auth_access' => [
        0 => 'previewElement:7186'
        1 => 'saveAssets:856a3aeb-b21b-4d41-af3f-0a23db430323'
        2 => 'previewDraft:1050'
        3 => 'previewDraft:1052'
        4 => 'previewDraft:1054'
        5 => 'previewDraft:1056'
        6 => 'previewDraft:1058'
        7 => 'previewDraft:1060'
        8 => 'previewDraft:1062'
        9 => 'previewDraft:1064'
        10 => 'previewDraft:1066'
        11 => 'previewDraft:1068'
        12 => 'previewDraft:1070'
        13 => 'previewDraft:1072'
        14 => 'previewDraft:1074'
        15 => 'editStructure:1'
        16 => 'editStructure:2'
        17 => 'previewDraft:1076'
        18 => 'previewElement:7158'
        19 => 'previewDraft:1078'
        20 => 'previewElement:8582'
        21 => 'previewDraft:1080'
        22 => 'previewDraft:1081'
        23 => 'previewDraft:1082'
        24 => 'previewElement:9139'
        25 => 'previewDraft:1083'
        26 => 'previewDraft:1084'
        27 => 'previewDraft:1085'
    ]
    '22b6a59deafcfb2ffb13c3adf3d98a3b__flash' => []
]

$_SERVER = [
    'DEPLOY_NAME' => 'local'
    'DDEV_WEBSERVER_TYPE' => 'nginx-fpm'
    'npm_config_cache' => '/mnt/ddev-global-cache/npm'
    'COREPACK_ENABLE_DOWNLOAD_PROMPT' => '0'
    'DDEV_GOOS' => 'darwin'
    'IS_DDEV_PROJECT' => 'true'
    'PHP_DEFAULT_VERSION' => '8.3'
    'HOSTNAME' => 'derschmuckmacher-v3-web'
    'MAILPIT_SMTP_PORT' => '1025'
    'MH_SMTP_BIND_ADDR' => '127.0.0.1:1025'
    'DDEV_PRIMARY_URL_WITHOUT_PORT' => 'https://derschmuckmacher-v3.ddev.site'
    'CRAFT_DB_PORT' => '3306'
    'SSH_AUTH_SOCK' => '/home/.ssh-agent/socket'
    'DDEV_GID' => '20'
    'NODE_EXTRA_CA_CERTS' => '/mnt/ddev-global-cache/mkcert/rootCA.pem'
    'DOCKER_IP' => '127.0.0.1'
    'PGPASSWORD' => 'db'
    'CRAFT_WEB_ROOT' => '/var/www/html/web'
    'DDEV_DOCROOT' => 'web'
    'PWD' => '/var/www/html'
    'PLATFORMSH_CLI_UPDATES_CHECK' => '0'
    'DDEV_APPROOT' => '/var/www/html'
    'DDEV_FILES_DIR' => ''
    'START_SCRIPT_TIMEOUT' => '57'
    'APACHE_SITE_TEMPLATE' => '/etc/apache2/apache-site.conf'
    'PHP_INI' => '/etc/php/8.3/fpm/php.ini'
    'DDEV_VERSION' => 'v1.24.10'
    'PRIMARY_SITE_URL' => 'https://derschmuckmacher-v3.ddev.site'
    'TZ' => 'Europe/Zurich'
    'DDEV_XHPROF_MODE' => 'prepend'
    'HTTPS_EXPOSE' => '443:80,8026:8025'
    'COREPACK_HOME' => '/mnt/ddev-global-cache/corepack'
    'CRAFT_DB_DATABASE' => 'db'
    'DDEV_PRIMARY_URL' => 'https://derschmuckmacher-v3.ddev.site'
    'LINES' => '6'
    'DDEV_SITENAME' => 'derschmuckmacher-v3'
    'HOME' => '/home/omar'
    'DRUSH_OPTIONS_URI' => 'https://derschmuckmacher-v3.ddev.site'
    'LANG' => 'C.UTF-8'
    'COLUMNS' => '371'
    'DDEV_MUTAGEN_ENABLED' => 'true'
    'DDEV_USER' => 'omar'
    'PGUSER' => 'db'
    'TERMINUS_CACHE_DIR' => '/mnt/ddev-global-cache/terminus/cache'
    'DDEV_PRIMARY_URL_PORT' => '443'
    'DDEV_ROUTER_HTTP_PORT' => '80'
    'MAILPIT_SMTP_HOSTNAME' => '127.0.0.1'
    'CRAFT_DB_DRIVER' => 'mysql'
    'COMPOSER_PROCESS_TIMEOUT' => '2000'
    'NGINX_SITE_TEMPLATE' => '/etc/nginx/nginx-site.conf'
    'DDEV_FILES_DIRS' => ''
    'CRAFT_DB_SERVER' => 'db'
    'HTTP_EXPOSE' => '80:80,8025:8025'
    'NVM_DIR' => '/home/omar/.nvm'
    'DDEV_PHP_VERSION' => '8.3'
    'DDEV_TLD' => 'ddev.site'
    'DDEV_HOSTNAME' => 'derschmuckmacher-v3.ddev.site'
    'DDEV_PROJECT' => 'derschmuckmacher-v3'
    'DDEV_GOARCH' => 'arm64'
    'VIRTUAL_HOST' => 'derschmuckmacher-v3.ddev.site'
    'TERM' => 'xterm'
    'USER' => 'omar'
    'MYSQL_HISTFILE' => '/mnt/ddev-global-cache/mysqlhistory/derschmuckmacher-v3-web/mysql_history'
    'DDEV_WEB_ENTRYPOINT' => '/mnt/ddev_config/web-entrypoint.d'
    'DDEV_UID' => '501'
    'CAROOT' => '/mnt/ddev-global-cache/mkcert'
    'SHLVL' => '1'
    'COMPOSER_ALLOW_SUPERUSER' => '1'
    'BASH_ENV' => '/etc/bash.nointeractive.bashrc'
    'DDEV_DATABASE' => 'mysql:8.0'
    'PGDATABASE' => 'db'
    'CRAFT_DB_USER' => 'db'
    'DDEV_SCHEME' => 'https'
    'XHPROF_OUTPUT_DIR' => '/tmp/xhprof'
    'COMPOSER_CACHE_DIR' => '/mnt/ddev-global-cache/composer'
    'DDEV_XDEBUG_ENABLED' => 'false'
    'DDEV_DATABASE_FAMILY' => 'mysql'
    'PGHOST' => 'db'
    'DDEV_COMPOSER_ROOT' => '/var/www/html'
    'CRAFT_DB_PASSWORD' => '••'
    'DOCROOT' => 'web'
    'TERMINUS_HIDE_UPDATE_MESSAGE' => '1'
    'PATH' => '/home/omar/bin:/var/www/html/vendor/bin:/usr/local/sbin:/usr/local/bin:/usr/sbin:/usr/bin:/sbin:/bin:/var/www/html/bin:/mnt/ddev-global-cache/global-commands/web'
    'HOST_DOCKER_INTERNAL_IP' => ''
    'DDEV_PROJECT_TYPE' => 'craftcms'
    'DEBIAN_FRONTEND' => 'noninteractive'
    'DDEV_ROUTER_HTTPS_PORT' => '443'
    'EXECIGNORE' => '/var/www/html/vendor/bin/composer'
    'SUPERVISOR_ENABLED' => '1'
    'SUPERVISOR_SERVER_URL' => 'unix:///var/run/supervisor.sock'
    'SUPERVISOR_PROCESS_NAME' => 'php-fpm'
    'SUPERVISOR_GROUP_NAME' => 'php-fpm'
    'HTTP_X_REQUESTED_WITH' => 'XMLHttpRequest'
    'HTTP_X_REGISTERED_JS_FILES' => ''
    'HTTP_X_REGISTERED_ASSET_BUNDLES' => '82742c9d,22e517a2,aee7f8dc,26c46c25,e505ffd6,6b4d7555,bb2f10a0,e5e48399,815d39ea,fc0bc163,1ccab40d,1e21896b,54698ee0,b842675b,1c3c9add,4b1fd285,d8d08e47,8f00ce04,8768f48b,cf3018d6,ec6d0256,da94c921'
    'HTTP_X_REAL_IP' => '172.18.0.1'
    'HTTP_X_FORWARDED_SERVER' => 'e6a50fd17528'
    'HTTP_X_FORWARDED_PROTO' => 'https'
    'HTTP_X_FORWARDED_PORT' => '443'
    'HTTP_X_FORWARDED_HOST' => 'derschmuckmacher-v3.ddev.site'
    'HTTP_X_FORWARDED_FOR' => '172.18.0.1'
    'HTTP_X_CSRF_TOKEN' => '••••••••••••••••••••••••••••••••••••••••••••••••••••••••••••••••••••••••••••••••••••••••••••••••••••••••••••••••••••••••••••••••••••••••••••••••••••••••••••••••••••••••••••••••••••••••••••••••••••••••••••••••••••••••••••••••••••••••••••••••••••••••••••••••••••••••••••••••••••••••••••••••••••••••••••••••••••••••••••••••••••••••••••••••••••••••••••••••••••••••••••••••••••••••••••••••••••••••'
    'HTTP_TE' => 'trailers'
    'HTTP_SEC_GPC' => '1'
    'HTTP_SEC_FETCH_SITE' => 'same-origin'
    'HTTP_SEC_FETCH_MODE' => 'cors'
    'HTTP_SEC_FETCH_DEST' => 'empty'
    'HTTP_REFERER' => 'https://derschmuckmacher-v3.ddev.site/dW2axQ3b/utilities/db-backup'
    'HTTP_ORIGIN' => 'https://derschmuckmacher-v3.ddev.site'
    'HTTP_COOKIE' => 'a8b7b1ec9ffb8baf2c6eaa253fe57112_username=26b9ec8568da68d3882e55afaa5d203483c6c5810ee05b5a55c8a0eb10cab93ea%3A2%3A%7Bi%3A0%3Bs%3A41%3A%22a8b7b1ec9ffb8baf2c6eaa253fe57112_username%22%3Bi%3A1%3Bs%3A8%3A%22odegiuli%22%3B%7D; CraftSessionId=biudticgnvahpvc8nukk8ac1vc; CRAFT_CSRF_TOKEN=f24bdf1e9b1a034ee7b31fc7240bdef700af95a681404c14421efa33013a169ca%3A2%3A%7Bi%3A0%3Bs%3A16%3A%22CRAFT_CSRF_TOKEN%22%3Bi%3A1%3Bs%3A147%3A%22o35JaTMOK5SlzzOXxon1Bn7gy1-9PEHqnAYwYjz9%7C89e454564122d06c6a70a599ac0d3b19a34e4201342f82ce4b9247f607434cc9o35JaTMOK5SlzzOXxon1Bn7gy1-9PEHqnAYwYjz9%7C1%22%3B%7D; Craft-3626ffc1-d0a3-42e3-98aa-37e8aa759561_sidebar=expanded; Craft-3626ffc1-d0a3-42e3-98aa-37e8aa759561_sidebar-details=expanded; cookieconsent_status=allow'
    'HTTP_ACCEPT_LANGUAGE' => 'de,en-US;q=0.9,en;q=0.8'
    'HTTP_ACCEPT_ENCODING' => 'gzip, deflate, br, zstd'
    'HTTP_ACCEPT' => 'application/json, text/plain, */*'
    'HTTP_CONTENT_LENGTH' => '0'
    'HTTP_USER_AGENT' => 'Mozilla/5.0 (Macintosh; Intel Mac OS X 10.15; rv:151.0) Gecko/20100101 Firefox/151.0'
    'HTTP_HOST' => 'derschmuckmacher-v3.ddev.site'
    'HTTPS' => 'on'
    'REDIRECT_STATUS' => '200'
    'SERVER_NAME' => 'derschmuckmacher-v3.ddev.site'
    'SERVER_PORT' => '80'
    'SERVER_ADDR' => '172.18.0.4'
    'REMOTE_PORT' => '41194'
    'REMOTE_ADDR' => '172.18.0.5'
    'SERVER_SOFTWARE' => 'nginx/1.28.0'
    'GATEWAY_INTERFACE' => 'CGI/1.1'
    'REQUEST_SCHEME' => 'http'
    'SERVER_PROTOCOL' => 'HTTP/1.1'
    'DOCUMENT_ROOT' => '/var/www/html/web'
    'DOCUMENT_URI' => '/index.php'
    'REQUEST_URI' => '/index.php?p=dW2axQ3b%2Factions%2Fqueue%2Frun&v=1779895290128'
    'CONTENT_LENGTH' => '0'
    'CONTENT_TYPE' => ''
    'REQUEST_METHOD' => 'POST'
    'QUERY_STRING' => 'p=dW2axQ3b%2Factions%2Fqueue%2Frun&v=1779895290128'
    'SCRIPT_NAME' => '/index.php'
    'SCRIPT_FILENAME' => '/var/www/html/web/index.php'
    'FCGI_ROLE' => 'RESPONDER'
    'PHP_SELF' => '/index.php'
    'REQUEST_TIME_FLOAT' => 1779895290.1321
    'REQUEST_TIME' => 1779895290
    'CRAFT_APP_ID' => 'CraftCMS--3933bc78-29f5-4b79-bcc5-c31faf0fcd20'
    'CRAFT_ENVIRONMENT' => 'dev'
    'ENVIRONMENT' => 'dev'
    'CRAFT_SECURITY_KEY' => '••••••••••••••••••••••••••••••••'
    'CP_TRIGGER' => 'dW2axQ3b'
    'CRAFT_DB_SCHEMA' => 'public'
    'CRAFT_DB_TABLE_PREFIX' => ''
    'CRAFT_DB_CHARSET' => 'utf8mb4'
    'CRAFT_DB_COLLATION' => 'utf8mb4_unicode_ci'
    'DEV_MODE' => 'true'
    'ALLOW_ADMIN_CHANGES' => 'true'
    'DISALLOW_ROBOTS' => 'true'
    'TIMEZONE' => 'Europe/Zurich'
    'CAPTCHA_SITE_KEY' => '••••••••••••••••••••••••••••••••••••••••'
    'CAPTCHA_SECRET_KEY' => '••••••••••••••••••••••••••••••••••••••••'
    'WEB_URL' => 'https://derschmuckmacher-v3.ddev.site'
    'WEB_ROOT' => '/var/www/html/web'
    'ASSETS_BASE_URL' => 'https://derschmuckmacher-v3.ddev.site/public'
    'ASSETS_BASE_PATH' => '/var/www/html/web/public'
    'SCHMUCK_BASE_URL' => 'https://derschmuckmacher-v3.ddev.site/public/uploads/schmuck'
    'SCHMUCK_BASE_PATH' => '/var/www/html/web/public/uploads/schmuck'
    'BILDER_BASE_URL' => 'https://derschmuckmacher-v3.ddev.site/public/uploads/bilder'
    'BILDER_BASE_PATH' => '/var/www/html/web/public/uploads/bilder'
] {"environment":"dev","userId":1} 
