2026-05-02 12:00:46 [queue.INFO] [yii\db\Connection::open] Opening DB connection: mysql:host=db;dbname=db;port=3306 {"memory":1101000} 
2026-05-02 12:00:46 [queue.INFO] [yii\web\Session::open] Session started {"memory":1522032} 
2026-05-02 12:00:46 [queue.INFO] [nystudio107\codeeditor\CodeEditor::bootstrap] CodeEditor module bootstrapped {"memory":1543792} 
2026-05-02 12:00:46 [queue.INFO] [adigital\cookieconsentbanner\CookieConsentBanner::init] Cookie Consent Banner plugin loaded {"memory":1759880} 
2026-05-02 12:00:46 [queue.INFO] [miranj\obfuscator\Obfuscator::init] Obfuscator plugin loaded {"memory":2719840} 
2026-05-02 12:00:46 [queue.INFO] [yii\db\Connection::open] Opening DB connection: mysql:host=db;dbname=db;port=3306 {"memory":2987536} 
2026-05-02 12:00:46 [queue.INFO] [craft\queue\QueueLogBehavior::beforeExec]  [40616] Freeform: Purging Old Notification Logs (attempt: 1, pid: 1663) - Started {"memory":3045888} 
2026-05-02 12:00:46 [queue.INFO] [craft\queue\QueueLogBehavior::afterExec]  [40616] Freeform: Purging Old Notification Logs (attempt: 1, pid: 1663) - Done (time: 0.002s) {"memory":3064400} 
2026-05-02 12:00:46 [queue.INFO] [craft\queue\QueueLogBehavior::beforeExec]  [40617] Freeform: Unfertige Dateien löschen (attempt: 1, pid: 1663) - Started {"memory":3236672} 
2026-05-02 12:00:46 [queue.INFO] [craft\queue\QueueLogBehavior::afterExec]  [40617] Freeform: Unfertige Dateien löschen (attempt: 1, pid: 1663) - Done (time: 0.001s) {"memory":3240824} 
2026-05-02 12:00:46 [queue.INFO] [application] Request context:
$_GET = [
    'p' => 'dW2axQ3b/actions/queue/run'
    'v' => '1777716046828'
]

$_POST = []

$_FILES = []

$_COOKIE = [
    'a8b7b1ec9ffb8baf2c6eaa253fe57112_username' => '26b9ec8568da68d3882e55afaa5d203483c6c5810ee05b5a55c8a0eb10cab93ea:2:{i:0;s:41:\"a8b7b1ec9ffb8baf2c6eaa253fe57112_username\";i:1;s:8:\"odegiuli\";}'
    'cookieconsent_status' => 'dismiss'
    'CraftSessionId' => 'd991aa21e44f47ef2bd619add8642568'
    'CRAFT_CSRF_TOKEN' => '••••••••••••••••••••••••••••••••••••••••••••••••••••••••••••••••••••••••••••••••••••••••••••••••••••••••••••••••••••••••••••••••••••••••••••••••••••••••••••••••••••••••••••••••••••••••••••••••••••••••••••••••••••••••••••••••••••••••••••••••••••••••••••••••••'
    'a8b7b1ec9ffb8baf2c6eaa253fe57112_identity' => '97cbc5dac32bd588665c2e0fe0c7325ba0c7701091b21870e48b4ccc6a46bcbda:2:{i:0;s:41:\"a8b7b1ec9ffb8baf2c6eaa253fe57112_identity\";i:1;s:159:\"[1,\"[\\\"aJGOC7kklo52sGrTylv94mjp36x0J7K9K_afyp_f3rFAonc1n3zjSeZns1z3zXEhVokjyA1FLYAYYH0neQhiVjLEL8YubLcLaTZ1\\\",null,\\\"0ef01a0bceeac5b1d0a2b6557bd3d7b1\\\"]\",3600]\";}'
    'Craft-3626ffc1-d0a3-42e3-98aa-37e8aa759561_sidebar' => 'expanded'
]

$_SESSION = [
    '22b6a59deafcfb2ffb13c3adf3d98a3b__flash' => []
    'a8b7b1ec9ffb8baf2c6eaa253fe57112__token' => '••••••••••••••••••••••••••••••••••••••••••••••••••••••••••••••••••••••••••••••••••••••••••••••••••••'
    'a8b7b1ec9ffb8baf2c6eaa253fe57112__id' => 1
    '__authKey' => '••••••••••••••••••••••••••••••••••••••••••••••••••••••••••••••••••••••••••••••••••••••••••••••••••••••••••••••••••••••••••••••••••••••••••••••••'
    'a8b7b1ec9ffb8baf2c6eaa253fe57112__expire' => 1777719646
    '__duration' => 3600
    '__elevated_timeout' => 1777716346
]

$_SERVER = [
    'DEPLOY_NAME' => 'local'
    'DDEV_WEBSERVER_TYPE' => 'nginx-fpm'
    'npm_config_cache' => '/mnt/ddev-global-cache/npm'
    'COREPACK_ENABLE_DOWNLOAD_PROMPT' => '0'
    'DDEV_GOOS' => 'darwin'
    'IS_DDEV_PROJECT' => 'true'
    'PHP_DEFAULT_VERSION' => '8.3'
    'HOSTNAME' => 'derschmuckmacher-v3-web'
    'MAILPIT_SMTP_PORT' => '1025'
    'MH_SMTP_BIND_ADDR' => '127.0.0.1:1025'
    'DDEV_PRIMARY_URL_WITHOUT_PORT' => 'https://derschmuckmacher-v3.ddev.site'
    'CRAFT_DB_PORT' => '3306'
    'DDEV_GID' => '20'
    'SSH_AUTH_SOCK' => '/home/.ssh-agent/socket'
    'NODE_EXTRA_CA_CERTS' => '/mnt/ddev-global-cache/mkcert/rootCA.pem'
    'DOCKER_IP' => '127.0.0.1'
    'PGPASSWORD' => 'db'
    'CRAFT_WEB_ROOT' => '/var/www/html/web'
    'DDEV_DOCROOT' => 'web'
    'PWD' => '/var/www/html'
    'PLATFORMSH_CLI_UPDATES_CHECK' => '0'
    'DDEV_APPROOT' => '/var/www/html'
    'DDEV_FILES_DIR' => ''
    'START_SCRIPT_TIMEOUT' => '57'
    'APACHE_SITE_TEMPLATE' => '/etc/apache2/apache-site.conf'
    'PHP_INI' => '/etc/php/8.2/fpm/php.ini'
    'DDEV_VERSION' => 'v1.24.10'
    'PRIMARY_SITE_URL' => 'https://derschmuckmacher-v3.ddev.site'
    'TZ' => 'Europe/Zurich'
    'DDEV_XHPROF_MODE' => 'prepend'
    'HTTPS_EXPOSE' => '443:80,8026:8025'
    'COREPACK_HOME' => '/mnt/ddev-global-cache/corepack'
    'CRAFT_DB_DATABASE' => 'db'
    'DDEV_PRIMARY_URL' => 'https://derschmuckmacher-v3.ddev.site'
    'LINES' => '24'
    'DDEV_SITENAME' => 'derschmuckmacher-v3'
    'HOME' => '/home/omar'
    'DRUSH_OPTIONS_URI' => 'https://derschmuckmacher-v3.ddev.site'
    'LANG' => 'C.UTF-8'
    'COLUMNS' => '80'
    'DDEV_MUTAGEN_ENABLED' => 'true'
    'DDEV_USER' => 'omar'
    'PGUSER' => 'db'
    'TERMINUS_CACHE_DIR' => '/mnt/ddev-global-cache/terminus/cache'
    'DDEV_PRIMARY_URL_PORT' => '443'
    'DDEV_ROUTER_HTTP_PORT' => '80'
    'MAILPIT_SMTP_HOSTNAME' => '127.0.0.1'
    'CRAFT_DB_DRIVER' => 'mysql'
    'COMPOSER_PROCESS_TIMEOUT' => '2000'
    'NGINX_SITE_TEMPLATE' => '/etc/nginx/nginx-site.conf'
    'DDEV_FILES_DIRS' => ''
    'CRAFT_DB_SERVER' => 'db'
    'HTTP_EXPOSE' => '80:80,8025:8025'
    'NVM_DIR' => '/home/omar/.nvm'
    'DDEV_PHP_VERSION' => '8.2'
    'DDEV_TLD' => 'ddev.site'
    'DDEV_HOSTNAME' => 'derschmuckmacher-v3.ddev.site'
    'DDEV_PROJECT' => 'derschmuckmacher-v3'
    'DDEV_GOARCH' => 'arm64'
    'VIRTUAL_HOST' => 'derschmuckmacher-v3.ddev.site'
    'TERM' => 'xterm'
    'USER' => 'omar'
    'MYSQL_HISTFILE' => '/mnt/ddev-global-cache/mysqlhistory/derschmuckmacher-v3-web/mysql_history'
    'DDEV_WEB_ENTRYPOINT' => '/mnt/ddev_config/web-entrypoint.d'
    'DDEV_UID' => '501'
    'CAROOT' => '/mnt/ddev-global-cache/mkcert'
    'SHLVL' => '1'
    'COMPOSER_ALLOW_SUPERUSER' => '1'
    'BASH_ENV' => '/etc/bash.nointeractive.bashrc'
    'DDEV_DATABASE' => 'mysql:8.0'
    'PGDATABASE' => 'db'
    'CRAFT_DB_USER' => 'db'
    'DDEV_SCHEME' => 'https'
    'XHPROF_OUTPUT_DIR' => '/tmp/xhprof'
    'COMPOSER_CACHE_DIR' => '/mnt/ddev-global-cache/composer'
    'DDEV_XDEBUG_ENABLED' => 'false'
    'DDEV_DATABASE_FAMILY' => 'mysql'
    'PGHOST' => 'db'
    'DDEV_COMPOSER_ROOT' => '/var/www/html'
    'CRAFT_DB_PASSWORD' => '••'
    'DOCROOT' => 'web'
    'TERMINUS_HIDE_UPDATE_MESSAGE' => '1'
    'PATH' => '/home/omar/bin:/var/www/html/vendor/bin:/usr/local/sbin:/usr/local/bin:/usr/sbin:/usr/bin:/sbin:/bin:/var/www/html/bin:/mnt/ddev-global-cache/global-commands/web'
    'HOST_DOCKER_INTERNAL_IP' => ''
    'DDEV_PROJECT_TYPE' => 'craftcms'
    'DEBIAN_FRONTEND' => 'noninteractive'
    'DDEV_ROUTER_HTTPS_PORT' => '443'
    'EXECIGNORE' => '/var/www/html/vendor/bin/composer'
    'SUPERVISOR_ENABLED' => '1'
    'SUPERVISOR_SERVER_URL' => 'unix:///var/run/supervisor.sock'
    'SUPERVISOR_PROCESS_NAME' => 'php-fpm'
    'SUPERVISOR_GROUP_NAME' => 'php-fpm'
    'HTTP_X_REQUESTED_WITH' => 'XMLHttpRequest'
    'HTTP_X_REGISTERED_JS_FILES' => ''
    'HTTP_X_REGISTERED_ASSET_BUNDLES' => 'e38a2e07,22e517a2,aee7f8dc,26c46c25,e505ffd6,6b4d7555,bb2f10a0,e5e48399,815d39ea,fc0bc163,1ccab40d,1e21896b,54698ee0,b842675b,1c3c9add,4b1fd285,d8d08e47,8f00ce04,8768f48b,cf3018d6,ec6d0256,11858fc6,8550f857,6f12186f,c7a8fe38'
    'HTTP_X_REAL_IP' => '172.18.0.1'
    'HTTP_X_FORWARDED_SERVER' => 'e41c480b8ab1'
    'HTTP_X_FORWARDED_PROTO' => 'https'
    'HTTP_X_FORWARDED_PORT' => '443'
    'HTTP_X_FORWARDED_HOST' => 'derschmuckmacher-v3.ddev.site'
    'HTTP_X_FORWARDED_FOR' => '172.18.0.1'
    'HTTP_X_CSRF_TOKEN' => '••••••••••••••••••••••••••••••••••••••••••••••••••••••••••••••••••••••••••••••••••••••••••••••••••••••••••••••••••••••••••••••••••••••••••••••••••••••••••••••••••••••••••••••••••••••••••••••••••••••••••••••••••••••••••••••••••••••••••••••••••••••••••••••••••••••••••••••••••••••••••••••••••••••••••••••••••••••••••••••••••••••••••••••••••••••••••••••••••••••••••••••••••••••••••••••••••••••••'
    'HTTP_TE' => 'trailers'
    'HTTP_SEC_GPC' => '1'
    'HTTP_SEC_FETCH_SITE' => 'same-origin'
    'HTTP_SEC_FETCH_MODE' => 'cors'
    'HTTP_SEC_FETCH_DEST' => 'empty'
    'HTTP_REFERER' => 'https://derschmuckmacher-v3.ddev.site/dW2axQ3b/dashboard'
    'HTTP_ORIGIN' => 'https://derschmuckmacher-v3.ddev.site'
    'HTTP_COOKIE' => 'a8b7b1ec9ffb8baf2c6eaa253fe57112_username=26b9ec8568da68d3882e55afaa5d203483c6c5810ee05b5a55c8a0eb10cab93ea%3A2%3A%7Bi%3A0%3Bs%3A41%3A%22a8b7b1ec9ffb8baf2c6eaa253fe57112_username%22%3Bi%3A1%3Bs%3A8%3A%22odegiuli%22%3B%7D; cookieconsent_status=dismiss; CraftSessionId=d991aa21e44f47ef2bd619add8642568; CRAFT_CSRF_TOKEN=11c55b268b14f19287b9bb95de1a407bd072b84e7f5718ace0ef50d5873949cfa%3A2%3A%7Bi%3A0%3Bs%3A16%3A%22CRAFT_CSRF_TOKEN%22%3Bi%3A1%3Bs%3A147%3A%22Bp_LfErIaxJCuEkbLwVNL_NuMAaOc4NF8WgDe1W2%7Cc3f9cff7b1a50ee1213045e6e84a54abc4c5d2ef3960a753c11dafce02c77cfcBp_LfErIaxJCuEkbLwVNL_NuMAaOc4NF8WgDe1W2%7C1%22%3B%7D; a8b7b1ec9ffb8baf2c6eaa253fe57112_identity=97cbc5dac32bd588665c2e0fe0c7325ba0c7701091b21870e48b4ccc6a46bcbda%3A2%3A%7Bi%3A0%3Bs%3A41%3A%22a8b7b1ec9ffb8baf2c6eaa253fe57112_identity%22%3Bi%3A1%3Bs%3A159%3A%22%5B1%2C%22%5B%5C%22aJGOC7kklo52sGrTylv94mjp36x0J7K9K_afyp_f3rFAonc1n3zjSeZns1z3zXEhVokjyA1FLYAYYH0neQhiVjLEL8YubLcLaTZ1%5C%22%2Cnull%2C%5C%220ef01a0bceeac5b1d0a2b6557bd3d7b1%5C%22%5D%22%2C3600%5D%22%3B%7D; Craft-3626ffc1-d0a3-42e3-98aa-37e8aa759561_sidebar=expanded'
    'HTTP_ACCEPT_LANGUAGE' => 'de,en-US;q=0.9,en;q=0.8'
    'HTTP_ACCEPT_ENCODING' => 'gzip, deflate, br, zstd'
    'HTTP_ACCEPT' => 'application/json, text/plain, */*'
    'HTTP_CONTENT_LENGTH' => '0'
    'HTTP_USER_AGENT' => 'Mozilla/5.0 (Macintosh; Intel Mac OS X 10.15; rv:150.0) Gecko/20100101 Firefox/150.0'
    'HTTP_HOST' => 'derschmuckmacher-v3.ddev.site'
    'HTTPS' => 'on'
    'REDIRECT_STATUS' => '200'
    'SERVER_NAME' => 'derschmuckmacher-v3.ddev.site'
    'SERVER_PORT' => '80'
    'SERVER_ADDR' => '172.18.0.4'
    'REMOTE_PORT' => '58998'
    'REMOTE_ADDR' => '172.18.0.5'
    'SERVER_SOFTWARE' => 'nginx/1.28.0'
    'GATEWAY_INTERFACE' => 'CGI/1.1'
    'REQUEST_SCHEME' => 'http'
    'SERVER_PROTOCOL' => 'HTTP/1.1'
    'DOCUMENT_ROOT' => '/var/www/html/web'
    'DOCUMENT_URI' => '/index.php'
    'REQUEST_URI' => '/index.php?p=dW2axQ3b%2Factions%2Fqueue%2Frun&v=1777716046828'
    'CONTENT_LENGTH' => '0'
    'CONTENT_TYPE' => ''
    'REQUEST_METHOD' => 'POST'
    'QUERY_STRING' => 'p=dW2axQ3b%2Factions%2Fqueue%2Frun&v=1777716046828'
    'SCRIPT_NAME' => '/index.php'
    'SCRIPT_FILENAME' => '/var/www/html/web/index.php'
    'FCGI_ROLE' => 'RESPONDER'
    'PHP_SELF' => '/index.php'
    'REQUEST_TIME_FLOAT' => 1777716046.8316
    'REQUEST_TIME' => 1777716046
    'CRAFT_APP_ID' => 'CraftCMS--3933bc78-29f5-4b79-bcc5-c31faf0fcd20'
    'CRAFT_ENVIRONMENT' => 'dev'
    'ENVIRONMENT' => 'dev'
    'CRAFT_SECURITY_KEY' => '••••••••••••••••••••••••••••••••'
    'CP_TRIGGER' => 'dW2axQ3b'
    'CRAFT_DB_SCHEMA' => 'public'
    'CRAFT_DB_TABLE_PREFIX' => ''
    'DEV_MODE' => 'true'
    'ALLOW_ADMIN_CHANGES' => 'true'
    'DISALLOW_ROBOTS' => 'true'
    'TIMEZONE' => 'Europe/Zurich'
    'CAPTCHA_SITE_KEY' => '••••••••••••••••••••••••••••••••••••••••'
    'CAPTCHA_SECRET_KEY' => '••••••••••••••••••••••••••••••••••••••••'
    'WEB_URL' => 'https://derschmuckmacher-v3.ddev.site'
    'WEB_ROOT' => '/var/www/html/web'
    'ASSETS_BASE_URL' => 'https://derschmuckmacher-v3.ddev.site/public'
    'ASSETS_BASE_PATH' => '/var/www/html/web/public'
    'SCHMUCK_BASE_URL' => 'https://derschmuckmacher-v3.ddev.site/public/uploads/schmuck'
    'SCHMUCK_BASE_PATH' => '/var/www/html/web/public/uploads/schmuck'
    'BILDER_BASE_URL' => 'https://derschmuckmacher-v3.ddev.site/public/uploads/bilder'
    'BILDER_BASE_PATH' => '/var/www/html/web/public/uploads/bilder'
] {"environment":"dev","userId":1} 
2026-05-02 14:42:09 [queue.INFO] [yii\db\Connection::open] Opening DB connection: mysql:host=db;dbname=db;port=3306 {"memory":1100904} 
2026-05-02 14:42:09 [queue.INFO] [yii\web\Session::open] Session started {"memory":1524224} 
2026-05-02 14:42:09 [queue.INFO] [nystudio107\codeeditor\CodeEditor::bootstrap] CodeEditor module bootstrapped {"memory":1545984} 
2026-05-02 14:42:09 [queue.INFO] [adigital\cookieconsentbanner\CookieConsentBanner::init] Cookie Consent Banner plugin loaded {"memory":1761912} 
2026-05-02 14:42:09 [queue.INFO] [miranj\obfuscator\Obfuscator::init] Obfuscator plugin loaded {"memory":2721872} 
2026-05-02 14:42:09 [queue.INFO] [yii\db\Connection::open] Opening DB connection: mysql:host=db;dbname=db;port=3306 {"memory":2989776} 
2026-05-02 14:42:09 [queue.INFO] [craft\queue\QueueLogBehavior::beforeExec]  [40618] Freeform: Purging Old Notification Logs (attempt: 1, pid: 1664) - Started {"memory":3047904} 
2026-05-02 14:42:09 [queue.INFO] [craft\queue\QueueLogBehavior::afterExec]  [40618] Freeform: Purging Old Notification Logs (attempt: 1, pid: 1664) - Done (time: 0.002s) {"memory":3066416} 
2026-05-02 14:42:09 [queue.INFO] [craft\queue\QueueLogBehavior::beforeExec]  [40619] Freeform: Unfertige Dateien löschen (attempt: 1, pid: 1664) - Started {"memory":3238560} 
2026-05-02 14:42:09 [queue.INFO] [craft\queue\QueueLogBehavior::afterExec]  [40619] Freeform: Unfertige Dateien löschen (attempt: 1, pid: 1664) - Done (time: 0.001s) {"memory":3242712} 
2026-05-02 14:42:09 [queue.INFO] [application] Request context:
$_GET = [
    'p' => 'dW2axQ3b/actions/queue/run'
    'v' => '1777725729766'
]

$_POST = []

$_FILES = []

$_COOKIE = [
    'a8b7b1ec9ffb8baf2c6eaa253fe57112_username' => '26b9ec8568da68d3882e55afaa5d203483c6c5810ee05b5a55c8a0eb10cab93ea:2:{i:0;s:41:\"a8b7b1ec9ffb8baf2c6eaa253fe57112_username\";i:1;s:8:\"odegiuli\";}'
    'cookieconsent_status' => 'dismiss'
    'CraftSessionId' => '16e2d99e4acc14f8abdf5818985e6d70'
    'CRAFT_CSRF_TOKEN' => '••••••••••••••••••••••••••••••••••••••••••••••••••••••••••••••••••••••••••••••••••••••••••••••••••••••••••••••••••••••••••••••••••••••••••••••••••••••••••••••••••••••••••••••••••••••••••••••••••••••••••••••••••••••••••••••••••••••••••••••••••••••••••••••••••'
    'a8b7b1ec9ffb8baf2c6eaa253fe57112_identity' => '774afa8ff0c30b4aa586cf826e9fb003d8e04afeab7172c7bcd95bda96057cdfa:2:{i:0;s:41:\"a8b7b1ec9ffb8baf2c6eaa253fe57112_identity\";i:1;s:159:\"[1,\"[\\\"DyuCHD7BS7ZPn12lYatobqgRPIHQhFDGbhKMi1_0LXuQVA7ouVqFyQ88gzyleiPALmsbcMjnHFCMnXktSpa1dcbjumx5AcJvatB3\\\",null,\\\"0ef01a0bceeac5b1d0a2b6557bd3d7b1\\\"]\",3600]\";}'
    'Craft-3626ffc1-d0a3-42e3-98aa-37e8aa759561_sidebar' => 'expanded'
]

$_SESSION = [
    '22b6a59deafcfb2ffb13c3adf3d98a3b__flash' => []
    'a8b7b1ec9ffb8baf2c6eaa253fe57112__token' => '••••••••••••••••••••••••••••••••••••••••••••••••••••••••••••••••••••••••••••••••••••••••••••••••••••'
    'a8b7b1ec9ffb8baf2c6eaa253fe57112__id' => 1
    '__authKey' => '••••••••••••••••••••••••••••••••••••••••••••••••••••••••••••••••••••••••••••••••••••••••••••••••••••••••••••••••••••••••••••••••••••••••••••••••'
    'a8b7b1ec9ffb8baf2c6eaa253fe57112__expire' => 1777729329
    '__duration' => 3600
    '__elevated_timeout' => 1777726029
]

$_SERVER = [
    'DEPLOY_NAME' => 'local'
    'DDEV_WEBSERVER_TYPE' => 'nginx-fpm'
    'npm_config_cache' => '/mnt/ddev-global-cache/npm'
    'COREPACK_ENABLE_DOWNLOAD_PROMPT' => '0'
    'DDEV_GOOS' => 'darwin'
    'IS_DDEV_PROJECT' => 'true'
    'PHP_DEFAULT_VERSION' => '8.3'
    'HOSTNAME' => 'derschmuckmacher-v3-web'
    'MAILPIT_SMTP_PORT' => '1025'
    'MH_SMTP_BIND_ADDR' => '127.0.0.1:1025'
    'DDEV_PRIMARY_URL_WITHOUT_PORT' => 'https://derschmuckmacher-v3.ddev.site'
    'CRAFT_DB_PORT' => '3306'
    'SSH_AUTH_SOCK' => '/home/.ssh-agent/socket'
    'DDEV_GID' => '20'
    'NODE_EXTRA_CA_CERTS' => '/mnt/ddev-global-cache/mkcert/rootCA.pem'
    'DOCKER_IP' => '127.0.0.1'
    'PGPASSWORD' => 'db'
    'CRAFT_WEB_ROOT' => '/var/www/html/web'
    'DDEV_DOCROOT' => 'web'
    'PWD' => '/var/www/html'
    'PLATFORMSH_CLI_UPDATES_CHECK' => '0'
    'DDEV_APPROOT' => '/var/www/html'
    'DDEV_FILES_DIR' => ''
    'START_SCRIPT_TIMEOUT' => '57'
    'APACHE_SITE_TEMPLATE' => '/etc/apache2/apache-site.conf'
    'PHP_INI' => '/etc/php/8.2/fpm/php.ini'
    'DDEV_VERSION' => 'v1.24.10'
    'PRIMARY_SITE_URL' => 'https://derschmuckmacher-v3.ddev.site'
    'TZ' => 'Europe/Zurich'
    'DDEV_XHPROF_MODE' => 'prepend'
    'HTTPS_EXPOSE' => '443:80,8026:8025'
    'COREPACK_HOME' => '/mnt/ddev-global-cache/corepack'
    'CRAFT_DB_DATABASE' => 'db'
    'DDEV_PRIMARY_URL' => 'https://derschmuckmacher-v3.ddev.site'
    'LINES' => '6'
    'DDEV_SITENAME' => 'derschmuckmacher-v3'
    'HOME' => '/home/omar'
    'DRUSH_OPTIONS_URI' => 'https://derschmuckmacher-v3.ddev.site'
    'LANG' => 'C.UTF-8'
    'COLUMNS' => '182'
    'DDEV_MUTAGEN_ENABLED' => 'true'
    'DDEV_USER' => 'omar'
    'PGUSER' => 'db'
    'TERMINUS_CACHE_DIR' => '/mnt/ddev-global-cache/terminus/cache'
    'DDEV_PRIMARY_URL_PORT' => '443'
    'DDEV_ROUTER_HTTP_PORT' => '80'
    'MAILPIT_SMTP_HOSTNAME' => '127.0.0.1'
    'CRAFT_DB_DRIVER' => 'mysql'
    'COMPOSER_PROCESS_TIMEOUT' => '2000'
    'NGINX_SITE_TEMPLATE' => '/etc/nginx/nginx-site.conf'
    'DDEV_FILES_DIRS' => ''
    'CRAFT_DB_SERVER' => 'db'
    'HTTP_EXPOSE' => '80:80,8025:8025'
    'NVM_DIR' => '/home/omar/.nvm'
    'DDEV_PHP_VERSION' => '8.2'
    'DDEV_TLD' => 'ddev.site'
    'DDEV_HOSTNAME' => 'derschmuckmacher-v3.ddev.site'
    'DDEV_PROJECT' => 'derschmuckmacher-v3'
    'DDEV_GOARCH' => 'arm64'
    'VIRTUAL_HOST' => 'derschmuckmacher-v3.ddev.site'
    'TERM' => 'xterm'
    'USER' => 'omar'
    'MYSQL_HISTFILE' => '/mnt/ddev-global-cache/mysqlhistory/derschmuckmacher-v3-web/mysql_history'
    'DDEV_WEB_ENTRYPOINT' => '/mnt/ddev_config/web-entrypoint.d'
    'DDEV_UID' => '501'
    'CAROOT' => '/mnt/ddev-global-cache/mkcert'
    'SHLVL' => '1'
    'COMPOSER_ALLOW_SUPERUSER' => '1'
    'BASH_ENV' => '/etc/bash.nointeractive.bashrc'
    'DDEV_DATABASE' => 'mysql:8.0'
    'PGDATABASE' => 'db'
    'CRAFT_DB_USER' => 'db'
    'DDEV_SCHEME' => 'https'
    'XHPROF_OUTPUT_DIR' => '/tmp/xhprof'
    'COMPOSER_CACHE_DIR' => '/mnt/ddev-global-cache/composer'
    'DDEV_XDEBUG_ENABLED' => 'false'
    'DDEV_DATABASE_FAMILY' => 'mysql'
    'PGHOST' => 'db'
    'DDEV_COMPOSER_ROOT' => '/var/www/html'
    'CRAFT_DB_PASSWORD' => '••'
    'DOCROOT' => 'web'
    'TERMINUS_HIDE_UPDATE_MESSAGE' => '1'
    'PATH' => '/home/omar/bin:/var/www/html/vendor/bin:/usr/local/sbin:/usr/local/bin:/usr/sbin:/usr/bin:/sbin:/bin:/var/www/html/bin:/mnt/ddev-global-cache/global-commands/web'
    'HOST_DOCKER_INTERNAL_IP' => ''
    'DDEV_PROJECT_TYPE' => 'craftcms'
    'DEBIAN_FRONTEND' => 'noninteractive'
    'DDEV_ROUTER_HTTPS_PORT' => '443'
    'EXECIGNORE' => '/var/www/html/vendor/bin/composer'
    'SUPERVISOR_ENABLED' => '1'
    'SUPERVISOR_SERVER_URL' => 'unix:///var/run/supervisor.sock'
    'SUPERVISOR_PROCESS_NAME' => 'php-fpm'
    'SUPERVISOR_GROUP_NAME' => 'php-fpm'
    'HTTP_X_REQUESTED_WITH' => 'XMLHttpRequest'
    'HTTP_X_REGISTERED_JS_FILES' => ''
    'HTTP_X_REGISTERED_ASSET_BUNDLES' => 'f7ec6052,22e517a2,aee7f8dc,26c46c25,e505ffd6,6b4d7555,bb2f10a0,e5e48399,815d39ea,fc0bc163,1ccab40d,1e21896b,54698ee0,b842675b,1c3c9add,4b1fd285,d8d08e47,8f00ce04,8768f48b,cf3018d6,ec6d0256'
    'HTTP_X_REAL_IP' => '172.18.0.1'
    'HTTP_X_FORWARDED_SERVER' => 'e41c480b8ab1'
    'HTTP_X_FORWARDED_PROTO' => 'https'
    'HTTP_X_FORWARDED_PORT' => '443'
    'HTTP_X_FORWARDED_HOST' => 'derschmuckmacher-v3.ddev.site'
    'HTTP_X_FORWARDED_FOR' => '172.18.0.1'
    'HTTP_X_CSRF_TOKEN' => '••••••••••••••••••••••••••••••••••••••••••••••••••••••••••••••••••••••••••••••••••••••••••••••••••••••••••••••••••••••••••••••••••••••••••••••••••••••••••••••••••••••••••••••••••••••••••••••••••••••••••••••••••••••••••••••••••••••••••••••••••••••••••••••••••••••••••••••••••••••••••••••••••••••••••••••••••••••••••••••••••••••••••••••••••••••••••••••••••••••••••••••••••••••••••••••••••••••••'
    'HTTP_TE' => 'trailers'
    'HTTP_SEC_GPC' => '1'
    'HTTP_SEC_FETCH_SITE' => 'same-origin'
    'HTTP_SEC_FETCH_MODE' => 'cors'
    'HTTP_SEC_FETCH_DEST' => 'empty'
    'HTTP_REFERER' => 'https://derschmuckmacher-v3.ddev.site/dW2axQ3b/freeform/forms/2'
    'HTTP_ORIGIN' => 'https://derschmuckmacher-v3.ddev.site'
    'HTTP_COOKIE' => 'a8b7b1ec9ffb8baf2c6eaa253fe57112_username=26b9ec8568da68d3882e55afaa5d203483c6c5810ee05b5a55c8a0eb10cab93ea%3A2%3A%7Bi%3A0%3Bs%3A41%3A%22a8b7b1ec9ffb8baf2c6eaa253fe57112_username%22%3Bi%3A1%3Bs%3A8%3A%22odegiuli%22%3B%7D; cookieconsent_status=dismiss; CraftSessionId=16e2d99e4acc14f8abdf5818985e6d70; CRAFT_CSRF_TOKEN=5f0129e766c1d60a304c5b2b77758ee9859b2cc5fbd195fe80fa71ffc0c670eaa%3A2%3A%7Bi%3A0%3Bs%3A16%3A%22CRAFT_CSRF_TOKEN%22%3Bi%3A1%3Bs%3A147%3A%22ifNE57H486zr3C99fgKlQp266RX2LurQQ_FrgOuv%7Ccfe2656443ababa12bd8531fc6be39c06e85c07ed7c01ad4b06baad274f80ed2ifNE57H486zr3C99fgKlQp266RX2LurQQ_FrgOuv%7C1%22%3B%7D; a8b7b1ec9ffb8baf2c6eaa253fe57112_identity=774afa8ff0c30b4aa586cf826e9fb003d8e04afeab7172c7bcd95bda96057cdfa%3A2%3A%7Bi%3A0%3Bs%3A41%3A%22a8b7b1ec9ffb8baf2c6eaa253fe57112_identity%22%3Bi%3A1%3Bs%3A159%3A%22%5B1%2C%22%5B%5C%22DyuCHD7BS7ZPn12lYatobqgRPIHQhFDGbhKMi1_0LXuQVA7ouVqFyQ88gzyleiPALmsbcMjnHFCMnXktSpa1dcbjumx5AcJvatB3%5C%22%2Cnull%2C%5C%220ef01a0bceeac5b1d0a2b6557bd3d7b1%5C%22%5D%22%2C3600%5D%22%3B%7D; Craft-3626ffc1-d0a3-42e3-98aa-37e8aa759561_sidebar=expanded'
    'HTTP_ACCEPT_LANGUAGE' => 'de,en-US;q=0.9,en;q=0.8'
    'HTTP_ACCEPT_ENCODING' => 'gzip, deflate, br, zstd'
    'HTTP_ACCEPT' => 'application/json, text/plain, */*'
    'HTTP_CONTENT_LENGTH' => '0'
    'HTTP_USER_AGENT' => 'Mozilla/5.0 (Macintosh; Intel Mac OS X 10.15; rv:150.0) Gecko/20100101 Firefox/150.0'
    'HTTP_HOST' => 'derschmuckmacher-v3.ddev.site'
    'HTTPS' => 'on'
    'REDIRECT_STATUS' => '200'
    'SERVER_NAME' => 'derschmuckmacher-v3.ddev.site'
    'SERVER_PORT' => '80'
    'SERVER_ADDR' => '172.18.0.4'
    'REMOTE_PORT' => '58614'
    'REMOTE_ADDR' => '172.18.0.5'
    'SERVER_SOFTWARE' => 'nginx/1.28.0'
    'GATEWAY_INTERFACE' => 'CGI/1.1'
    'REQUEST_SCHEME' => 'http'
    'SERVER_PROTOCOL' => 'HTTP/1.1'
    'DOCUMENT_ROOT' => '/var/www/html/web'
    'DOCUMENT_URI' => '/index.php'
    'REQUEST_URI' => '/index.php?p=dW2axQ3b%2Factions%2Fqueue%2Frun&v=1777725729766'
    'CONTENT_LENGTH' => '0'
    'CONTENT_TYPE' => ''
    'REQUEST_METHOD' => 'POST'
    'QUERY_STRING' => 'p=dW2axQ3b%2Factions%2Fqueue%2Frun&v=1777725729766'
    'SCRIPT_NAME' => '/index.php'
    'SCRIPT_FILENAME' => '/var/www/html/web/index.php'
    'FCGI_ROLE' => 'RESPONDER'
    'PHP_SELF' => '/index.php'
    'REQUEST_TIME_FLOAT' => 1777725729.7684
    'REQUEST_TIME' => 1777725729
    'CRAFT_APP_ID' => 'CraftCMS--3933bc78-29f5-4b79-bcc5-c31faf0fcd20'
    'CRAFT_ENVIRONMENT' => 'dev'
    'ENVIRONMENT' => 'dev'
    'CRAFT_SECURITY_KEY' => '••••••••••••••••••••••••••••••••'
    'CP_TRIGGER' => 'dW2axQ3b'
    'CRAFT_DB_SCHEMA' => 'public'
    'CRAFT_DB_TABLE_PREFIX' => ''
    'DEV_MODE' => 'true'
    'ALLOW_ADMIN_CHANGES' => 'true'
    'DISALLOW_ROBOTS' => 'true'
    'TIMEZONE' => 'Europe/Zurich'
    'CAPTCHA_SITE_KEY' => '••••••••••••••••••••••••••••••••••••••••'
    'CAPTCHA_SECRET_KEY' => '••••••••••••••••••••••••••••••••••••••••'
    'WEB_URL' => 'https://derschmuckmacher-v3.ddev.site'
    'WEB_ROOT' => '/var/www/html/web'
    'ASSETS_BASE_URL' => 'https://derschmuckmacher-v3.ddev.site/public'
    'ASSETS_BASE_PATH' => '/var/www/html/web/public'
    'SCHMUCK_BASE_URL' => 'https://derschmuckmacher-v3.ddev.site/public/uploads/schmuck'
    'SCHMUCK_BASE_PATH' => '/var/www/html/web/public/uploads/schmuck'
    'BILDER_BASE_URL' => 'https://derschmuckmacher-v3.ddev.site/public/uploads/bilder'
    'BILDER_BASE_PATH' => '/var/www/html/web/public/uploads/bilder'
] {"environment":"dev","userId":1} 
2026-05-02 15:00:59 [queue.INFO] [yii\db\Connection::open] Opening DB connection: mysql:host=db;dbname=db;port=3306 {"memory":1101144} 
2026-05-02 15:00:59 [queue.INFO] [yii\web\Session::open] Session started {"memory":1522888} 
2026-05-02 15:00:59 [queue.INFO] [nystudio107\codeeditor\CodeEditor::bootstrap] CodeEditor module bootstrapped {"memory":1544648} 
2026-05-02 15:00:59 [queue.INFO] [adigital\cookieconsentbanner\CookieConsentBanner::init] Cookie Consent Banner plugin loaded {"memory":1760536} 
2026-05-02 15:00:59 [queue.INFO] [miranj\obfuscator\Obfuscator::init] Obfuscator plugin loaded {"memory":2720496} 
2026-05-02 15:00:59 [queue.INFO] [yii\db\Connection::open] Opening DB connection: mysql:host=db;dbname=db;port=3306 {"memory":2987616} 
2026-05-02 15:00:59 [queue.INFO] [craft\queue\QueueLogBehavior::beforeExec]  [40620] t9n:["app","Updating search indexes"] (attempt: 1, pid: 1662) - Started {"memory":3046368} 
2026-05-02 15:00:59 [queue.INFO] [craft\queue\QueueLogBehavior::afterExec]  [40620] t9n:["app","Updating search indexes"] (attempt: 1, pid: 1662) - Done (time: 0.035s) {"memory":4828736} 
2026-05-02 15:00:59 [queue.INFO] [application] Request context:
$_GET = [
    'p' => 'dW2axQ3b/actions/queue/run'
    'v' => '1777726859459'
]

$_POST = []

$_FILES = []

$_COOKIE = [
    'a8b7b1ec9ffb8baf2c6eaa253fe57112_username' => '26b9ec8568da68d3882e55afaa5d203483c6c5810ee05b5a55c8a0eb10cab93ea:2:{i:0;s:41:\"a8b7b1ec9ffb8baf2c6eaa253fe57112_username\";i:1;s:8:\"odegiuli\";}'
    'cookieconsent_status' => 'dismiss'
    'CraftSessionId' => '16e2d99e4acc14f8abdf5818985e6d70'
    'CRAFT_CSRF_TOKEN' => '••••••••••••••••••••••••••••••••••••••••••••••••••••••••••••••••••••••••••••••••••••••••••••••••••••••••••••••••••••••••••••••••••••••••••••••••••••••••••••••••••••••••••••••••••••••••••••••••••••••••••••••••••••••••••••••••••••••••••••••••••••••••••••••••••'
    'a8b7b1ec9ffb8baf2c6eaa253fe57112_identity' => '774afa8ff0c30b4aa586cf826e9fb003d8e04afeab7172c7bcd95bda96057cdfa:2:{i:0;s:41:\"a8b7b1ec9ffb8baf2c6eaa253fe57112_identity\";i:1;s:159:\"[1,\"[\\\"DyuCHD7BS7ZPn12lYatobqgRPIHQhFDGbhKMi1_0LXuQVA7ouVqFyQ88gzyleiPALmsbcMjnHFCMnXktSpa1dcbjumx5AcJvatB3\\\",null,\\\"0ef01a0bceeac5b1d0a2b6557bd3d7b1\\\"]\",3600]\";}'
    'Craft-3626ffc1-d0a3-42e3-98aa-37e8aa759561_sidebar' => 'expanded'
    'Craft-3626ffc1-d0a3-42e3-98aa-37e8aa759561_sidebar-details' => 'expanded'
]

$_SESSION = [
    'a8b7b1ec9ffb8baf2c6eaa253fe57112__token' => '••••••••••••••••••••••••••••••••••••••••••••••••••••••••••••••••••••••••••••••••••••••••••••••••••••'
    'a8b7b1ec9ffb8baf2c6eaa253fe57112__id' => 1
    '__authKey' => '••••••••••••••••••••••••••••••••••••••••••••••••••••••••••••••••••••••••••••••••••••••••••••••••••••••••••••••••••••••••••••••••••••••••••••••••'
    'a8b7b1ec9ffb8baf2c6eaa253fe57112__expire' => 1777730459
    '__duration' => 3600
    '__elevated_timeout' => 1777726029
    '22b6a59deafcfb2ffb13c3adf3d98a3b__flash' => []
    '22b6a59deafcfb2ffb13c3adf3d98a3b__auth_access' => [
        0 => 'previewElement:8578'
        1 => 'saveAssets:1986f3e0-bf2e-4ccd-b34c-7ec2d979afdd'
        2 => 'previewDraft:1010'
    ]
]

$_SERVER = [
    'DEPLOY_NAME' => 'local'
    'DDEV_WEBSERVER_TYPE' => 'nginx-fpm'
    'npm_config_cache' => '/mnt/ddev-global-cache/npm'
    'COREPACK_ENABLE_DOWNLOAD_PROMPT' => '0'
    'DDEV_GOOS' => 'darwin'
    'IS_DDEV_PROJECT' => 'true'
    'PHP_DEFAULT_VERSION' => '8.3'
    'HOSTNAME' => 'derschmuckmacher-v3-web'
    'MAILPIT_SMTP_PORT' => '1025'
    'MH_SMTP_BIND_ADDR' => '127.0.0.1:1025'
    'DDEV_PRIMARY_URL_WITHOUT_PORT' => 'https://derschmuckmacher-v3.ddev.site'
    'CRAFT_DB_PORT' => '3306'
    'SSH_AUTH_SOCK' => '/home/.ssh-agent/socket'
    'DDEV_GID' => '20'
    'NODE_EXTRA_CA_CERTS' => '/mnt/ddev-global-cache/mkcert/rootCA.pem'
    'DOCKER_IP' => '127.0.0.1'
    'PGPASSWORD' => 'db'
    'CRAFT_WEB_ROOT' => '/var/www/html/web'
    'DDEV_DOCROOT' => 'web'
    'PWD' => '/var/www/html'
    'PLATFORMSH_CLI_UPDATES_CHECK' => '0'
    'DDEV_APPROOT' => '/var/www/html'
    'DDEV_FILES_DIR' => ''
    'START_SCRIPT_TIMEOUT' => '57'
    'APACHE_SITE_TEMPLATE' => '/etc/apache2/apache-site.conf'
    'PHP_INI' => '/etc/php/8.2/fpm/php.ini'
    'DDEV_VERSION' => 'v1.24.10'
    'PRIMARY_SITE_URL' => 'https://derschmuckmacher-v3.ddev.site'
    'TZ' => 'Europe/Zurich'
    'DDEV_XHPROF_MODE' => 'prepend'
    'HTTPS_EXPOSE' => '443:80,8026:8025'
    'COREPACK_HOME' => '/mnt/ddev-global-cache/corepack'
    'CRAFT_DB_DATABASE' => 'db'
    'DDEV_PRIMARY_URL' => 'https://derschmuckmacher-v3.ddev.site'
    'LINES' => '6'
    'DDEV_SITENAME' => 'derschmuckmacher-v3'
    'HOME' => '/home/omar'
    'DRUSH_OPTIONS_URI' => 'https://derschmuckmacher-v3.ddev.site'
    'LANG' => 'C.UTF-8'
    'COLUMNS' => '182'
    'DDEV_MUTAGEN_ENABLED' => 'true'
    'DDEV_USER' => 'omar'
    'PGUSER' => 'db'
    'TERMINUS_CACHE_DIR' => '/mnt/ddev-global-cache/terminus/cache'
    'DDEV_PRIMARY_URL_PORT' => '443'
    'DDEV_ROUTER_HTTP_PORT' => '80'
    'MAILPIT_SMTP_HOSTNAME' => '127.0.0.1'
    'CRAFT_DB_DRIVER' => 'mysql'
    'COMPOSER_PROCESS_TIMEOUT' => '2000'
    'NGINX_SITE_TEMPLATE' => '/etc/nginx/nginx-site.conf'
    'DDEV_FILES_DIRS' => ''
    'CRAFT_DB_SERVER' => 'db'
    'HTTP_EXPOSE' => '80:80,8025:8025'
    'NVM_DIR' => '/home/omar/.nvm'
    'DDEV_PHP_VERSION' => '8.2'
    'DDEV_TLD' => 'ddev.site'
    'DDEV_HOSTNAME' => 'derschmuckmacher-v3.ddev.site'
    'DDEV_PROJECT' => 'derschmuckmacher-v3'
    'DDEV_GOARCH' => 'arm64'
    'VIRTUAL_HOST' => 'derschmuckmacher-v3.ddev.site'
    'TERM' => 'xterm'
    'USER' => 'omar'
    'MYSQL_HISTFILE' => '/mnt/ddev-global-cache/mysqlhistory/derschmuckmacher-v3-web/mysql_history'
    'DDEV_WEB_ENTRYPOINT' => '/mnt/ddev_config/web-entrypoint.d'
    'DDEV_UID' => '501'
    'CAROOT' => '/mnt/ddev-global-cache/mkcert'
    'SHLVL' => '1'
    'COMPOSER_ALLOW_SUPERUSER' => '1'
    'BASH_ENV' => '/etc/bash.nointeractive.bashrc'
    'DDEV_DATABASE' => 'mysql:8.0'
    'PGDATABASE' => 'db'
    'CRAFT_DB_USER' => 'db'
    'DDEV_SCHEME' => 'https'
    'XHPROF_OUTPUT_DIR' => '/tmp/xhprof'
    'COMPOSER_CACHE_DIR' => '/mnt/ddev-global-cache/composer'
    'DDEV_XDEBUG_ENABLED' => 'false'
    'DDEV_DATABASE_FAMILY' => 'mysql'
    'PGHOST' => 'db'
    'DDEV_COMPOSER_ROOT' => '/var/www/html'
    'CRAFT_DB_PASSWORD' => '••'
    'DOCROOT' => 'web'
    'TERMINUS_HIDE_UPDATE_MESSAGE' => '1'
    'PATH' => '/home/omar/bin:/var/www/html/vendor/bin:/usr/local/sbin:/usr/local/bin:/usr/sbin:/usr/bin:/sbin:/bin:/var/www/html/bin:/mnt/ddev-global-cache/global-commands/web'
    'HOST_DOCKER_INTERNAL_IP' => ''
    'DDEV_PROJECT_TYPE' => 'craftcms'
    'DEBIAN_FRONTEND' => 'noninteractive'
    'DDEV_ROUTER_HTTPS_PORT' => '443'
    'EXECIGNORE' => '/var/www/html/vendor/bin/composer'
    'SUPERVISOR_ENABLED' => '1'
    'SUPERVISOR_SERVER_URL' => 'unix:///var/run/supervisor.sock'
    'SUPERVISOR_PROCESS_NAME' => 'php-fpm'
    'SUPERVISOR_GROUP_NAME' => 'php-fpm'
    'HTTP_X_REQUESTED_WITH' => 'XMLHttpRequest'
    'HTTP_X_REGISTERED_JS_FILES' => ''
    'HTTP_X_REGISTERED_ASSET_BUNDLES' => '22e517a2,aee7f8dc,26c46c25,e505ffd6,6b4d7555,bb2f10a0,e5e48399,815d39ea,fc0bc163,1ccab40d,1e21896b,54698ee0,b842675b,1c3c9add,4b1fd285,d8d08e47,8f00ce04,8768f48b,cf3018d6,ec6d0256'
    'HTTP_X_REAL_IP' => '172.18.0.1'
    'HTTP_X_FORWARDED_SERVER' => 'e41c480b8ab1'
    'HTTP_X_FORWARDED_PROTO' => 'https'
    'HTTP_X_FORWARDED_PORT' => '443'
    'HTTP_X_FORWARDED_HOST' => 'derschmuckmacher-v3.ddev.site'
    'HTTP_X_FORWARDED_FOR' => '172.18.0.1'
    'HTTP_X_CSRF_TOKEN' => '••••••••••••••••••••••••••••••••••••••••••••••••••••••••••••••••••••••••••••••••••••••••••••••••••••••••••••••••••••••••••••••••••••••••••••••••••••••••••••••••••••••••••••••••••••••••••••••••••••••••••••••••••••••••••••••••••••••••••••••••••••••••••••••••••••••••••••••••••••••••••••••••••••••••••••••••••••••••••••••••••••••••••••••••••••••••••••••••••••••••••••••••••••••••••••••••••••••••'
    'HTTP_TE' => 'trailers'
    'HTTP_SEC_GPC' => '1'
    'HTTP_SEC_FETCH_SITE' => 'same-origin'
    'HTTP_SEC_FETCH_MODE' => 'cors'
    'HTTP_SEC_FETCH_DEST' => 'empty'
    'HTTP_REFERER' => 'https://derschmuckmacher-v3.ddev.site/dW2axQ3b/settings'
    'HTTP_ORIGIN' => 'https://derschmuckmacher-v3.ddev.site'
    'HTTP_COOKIE' => 'a8b7b1ec9ffb8baf2c6eaa253fe57112_username=26b9ec8568da68d3882e55afaa5d203483c6c5810ee05b5a55c8a0eb10cab93ea%3A2%3A%7Bi%3A0%3Bs%3A41%3A%22a8b7b1ec9ffb8baf2c6eaa253fe57112_username%22%3Bi%3A1%3Bs%3A8%3A%22odegiuli%22%3B%7D; cookieconsent_status=dismiss; CraftSessionId=16e2d99e4acc14f8abdf5818985e6d70; CRAFT_CSRF_TOKEN=5f0129e766c1d60a304c5b2b77758ee9859b2cc5fbd195fe80fa71ffc0c670eaa%3A2%3A%7Bi%3A0%3Bs%3A16%3A%22CRAFT_CSRF_TOKEN%22%3Bi%3A1%3Bs%3A147%3A%22ifNE57H486zr3C99fgKlQp266RX2LurQQ_FrgOuv%7Ccfe2656443ababa12bd8531fc6be39c06e85c07ed7c01ad4b06baad274f80ed2ifNE57H486zr3C99fgKlQp266RX2LurQQ_FrgOuv%7C1%22%3B%7D; a8b7b1ec9ffb8baf2c6eaa253fe57112_identity=774afa8ff0c30b4aa586cf826e9fb003d8e04afeab7172c7bcd95bda96057cdfa%3A2%3A%7Bi%3A0%3Bs%3A41%3A%22a8b7b1ec9ffb8baf2c6eaa253fe57112_identity%22%3Bi%3A1%3Bs%3A159%3A%22%5B1%2C%22%5B%5C%22DyuCHD7BS7ZPn12lYatobqgRPIHQhFDGbhKMi1_0LXuQVA7ouVqFyQ88gzyleiPALmsbcMjnHFCMnXktSpa1dcbjumx5AcJvatB3%5C%22%2Cnull%2C%5C%220ef01a0bceeac5b1d0a2b6557bd3d7b1%5C%22%5D%22%2C3600%5D%22%3B%7D; Craft-3626ffc1-d0a3-42e3-98aa-37e8aa759561_sidebar=expanded; Craft-3626ffc1-d0a3-42e3-98aa-37e8aa759561_sidebar-details=expanded'
    'HTTP_ACCEPT_LANGUAGE' => 'de,en-US;q=0.9,en;q=0.8'
    'HTTP_ACCEPT_ENCODING' => 'gzip, deflate, br, zstd'
    'HTTP_ACCEPT' => 'application/json, text/plain, */*'
    'HTTP_CONTENT_LENGTH' => '0'
    'HTTP_USER_AGENT' => 'Mozilla/5.0 (Macintosh; Intel Mac OS X 10.15; rv:150.0) Gecko/20100101 Firefox/150.0'
    'HTTP_HOST' => 'derschmuckmacher-v3.ddev.site'
    'HTTPS' => 'on'
    'REDIRECT_STATUS' => '200'
    'SERVER_NAME' => 'derschmuckmacher-v3.ddev.site'
    'SERVER_PORT' => '80'
    'SERVER_ADDR' => '172.18.0.4'
    'REMOTE_PORT' => '44950'
    'REMOTE_ADDR' => '172.18.0.5'
    'SERVER_SOFTWARE' => 'nginx/1.28.0'
    'GATEWAY_INTERFACE' => 'CGI/1.1'
    'REQUEST_SCHEME' => 'http'
    'SERVER_PROTOCOL' => 'HTTP/1.1'
    'DOCUMENT_ROOT' => '/var/www/html/web'
    'DOCUMENT_URI' => '/index.php'
    'REQUEST_URI' => '/index.php?p=dW2axQ3b%2Factions%2Fqueue%2Frun&v=1777726859459'
    'CONTENT_LENGTH' => '0'
    'CONTENT_TYPE' => ''
    'REQUEST_METHOD' => 'POST'
    'QUERY_STRING' => 'p=dW2axQ3b%2Factions%2Fqueue%2Frun&v=1777726859459'
    'SCRIPT_NAME' => '/index.php'
    'SCRIPT_FILENAME' => '/var/www/html/web/index.php'
    'FCGI_ROLE' => 'RESPONDER'
    'PHP_SELF' => '/index.php'
    'REQUEST_TIME_FLOAT' => 1777726859.4618
    'REQUEST_TIME' => 1777726859
    'CRAFT_APP_ID' => 'CraftCMS--3933bc78-29f5-4b79-bcc5-c31faf0fcd20'
    'CRAFT_ENVIRONMENT' => 'dev'
    'ENVIRONMENT' => 'dev'
    'CRAFT_SECURITY_KEY' => '••••••••••••••••••••••••••••••••'
    'CP_TRIGGER' => 'dW2axQ3b'
    'CRAFT_DB_SCHEMA' => 'public'
    'CRAFT_DB_TABLE_PREFIX' => ''
    'DEV_MODE' => 'true'
    'ALLOW_ADMIN_CHANGES' => 'true'
    'DISALLOW_ROBOTS' => 'true'
    'TIMEZONE' => 'Europe/Zurich'
    'CAPTCHA_SITE_KEY' => '••••••••••••••••••••••••••••••••••••••••'
    'CAPTCHA_SECRET_KEY' => '••••••••••••••••••••••••••••••••••••••••'
    'WEB_URL' => 'https://derschmuckmacher-v3.ddev.site'
    'WEB_ROOT' => '/var/www/html/web'
    'ASSETS_BASE_URL' => 'https://derschmuckmacher-v3.ddev.site/public'
    'ASSETS_BASE_PATH' => '/var/www/html/web/public'
    'SCHMUCK_BASE_URL' => 'https://derschmuckmacher-v3.ddev.site/public/uploads/schmuck'
    'SCHMUCK_BASE_PATH' => '/var/www/html/web/public/uploads/schmuck'
    'BILDER_BASE_URL' => 'https://derschmuckmacher-v3.ddev.site/public/uploads/bilder'
    'BILDER_BASE_PATH' => '/var/www/html/web/public/uploads/bilder'
] {"environment":"dev","userId":1} 
2026-05-02 15:03:29 [queue.INFO] [yii\db\Connection::open] Opening DB connection: mysql:host=db;dbname=db;port=3306 {"memory":1101304} 
2026-05-02 15:03:29 [queue.INFO] [yii\web\Session::open] Session started {"memory":1527384} 
2026-05-02 15:03:29 [queue.INFO] [nystudio107\codeeditor\CodeEditor::bootstrap] CodeEditor module bootstrapped {"memory":1546904} 
2026-05-02 15:03:29 [queue.INFO] [adigital\cookieconsentbanner\CookieConsentBanner::init] Cookie Consent Banner plugin loaded {"memory":1762792} 
2026-05-02 15:03:29 [queue.INFO] [miranj\obfuscator\Obfuscator::init] Obfuscator plugin loaded {"memory":2722752} 
2026-05-02 15:03:29 [queue.INFO] [yii\db\Connection::open] Opening DB connection: mysql:host=db;dbname=db;port=3306 {"memory":2989872} 
2026-05-02 15:03:29 [queue.INFO] [craft\queue\QueueLogBehavior::beforeExec]  [40621] t9n:["app","Updating search indexes"] (attempt: 1, pid: 1662) - Started {"memory":3048624} 
2026-05-02 15:03:29 [queue.INFO] [craft\queue\QueueLogBehavior::afterExec]  [40621] t9n:["app","Updating search indexes"] (attempt: 1, pid: 1662) - Done (time: 0.013s) {"memory":4006832} 
2026-05-02 15:03:29 [queue.INFO] [craft\queue\QueueLogBehavior::beforeExec]  [40622] t9n:["app","Pruning extra revisions"] (attempt: 1, pid: 1662) - Started {"memory":4014864} 
2026-05-02 15:03:29 [queue.INFO] [craft\queue\QueueLogBehavior::afterExec]  [40622] t9n:["app","Pruning extra revisions"] (attempt: 1, pid: 1662) - Done (time: 0.001s) {"memory":4100728} 
2026-05-02 15:03:29 [queue.INFO] [application] Request context:
$_GET = [
    'p' => 'dW2axQ3b/actions/queue/run'
    'v' => '1777727009454'
]

$_POST = []

$_FILES = []

$_COOKIE = [
    'a8b7b1ec9ffb8baf2c6eaa253fe57112_username' => '26b9ec8568da68d3882e55afaa5d203483c6c5810ee05b5a55c8a0eb10cab93ea:2:{i:0;s:41:\"a8b7b1ec9ffb8baf2c6eaa253fe57112_username\";i:1;s:8:\"odegiuli\";}'
    'cookieconsent_status' => 'dismiss'
    'CraftSessionId' => '16e2d99e4acc14f8abdf5818985e6d70'
    'CRAFT_CSRF_TOKEN' => '••••••••••••••••••••••••••••••••••••••••••••••••••••••••••••••••••••••••••••••••••••••••••••••••••••••••••••••••••••••••••••••••••••••••••••••••••••••••••••••••••••••••••••••••••••••••••••••••••••••••••••••••••••••••••••••••••••••••••••••••••••••••••••••••••'
    'a8b7b1ec9ffb8baf2c6eaa253fe57112_identity' => '774afa8ff0c30b4aa586cf826e9fb003d8e04afeab7172c7bcd95bda96057cdfa:2:{i:0;s:41:\"a8b7b1ec9ffb8baf2c6eaa253fe57112_identity\";i:1;s:159:\"[1,\"[\\\"DyuCHD7BS7ZPn12lYatobqgRPIHQhFDGbhKMi1_0LXuQVA7ouVqFyQ88gzyleiPALmsbcMjnHFCMnXktSpa1dcbjumx5AcJvatB3\\\",null,\\\"0ef01a0bceeac5b1d0a2b6557bd3d7b1\\\"]\",3600]\";}'
    'Craft-3626ffc1-d0a3-42e3-98aa-37e8aa759561_sidebar' => 'expanded'
    'Craft-3626ffc1-d0a3-42e3-98aa-37e8aa759561_sidebar-details' => 'expanded'
]

$_SESSION = [
    'a8b7b1ec9ffb8baf2c6eaa253fe57112__token' => '••••••••••••••••••••••••••••••••••••••••••••••••••••••••••••••••••••••••••••••••••••••••••••••••••••'
    'a8b7b1ec9ffb8baf2c6eaa253fe57112__id' => 1
    '__authKey' => '••••••••••••••••••••••••••••••••••••••••••••••••••••••••••••••••••••••••••••••••••••••••••••••••••••••••••••••••••••••••••••••••••••••••••••••••'
    'a8b7b1ec9ffb8baf2c6eaa253fe57112__expire' => 1777730609
    '__duration' => 3600
    '__elevated_timeout' => 1777726029
    '22b6a59deafcfb2ffb13c3adf3d98a3b__auth_access' => [
        0 => 'previewElement:8578'
        1 => 'saveAssets:1986f3e0-bf2e-4ccd-b34c-7ec2d979afdd'
        2 => 'previewDraft:1010'
        3 => 'saveAssets:'
    ]
    '22b6a59deafcfb2ffb13c3adf3d98a3b__flash' => []
]

$_SERVER = [
    'DEPLOY_NAME' => 'local'
    'DDEV_WEBSERVER_TYPE' => 'nginx-fpm'
    'npm_config_cache' => '/mnt/ddev-global-cache/npm'
    'COREPACK_ENABLE_DOWNLOAD_PROMPT' => '0'
    'DDEV_GOOS' => 'darwin'
    'IS_DDEV_PROJECT' => 'true'
    'PHP_DEFAULT_VERSION' => '8.3'
    'HOSTNAME' => 'derschmuckmacher-v3-web'
    'MAILPIT_SMTP_PORT' => '1025'
    'MH_SMTP_BIND_ADDR' => '127.0.0.1:1025'
    'DDEV_PRIMARY_URL_WITHOUT_PORT' => 'https://derschmuckmacher-v3.ddev.site'
    'CRAFT_DB_PORT' => '3306'
    'SSH_AUTH_SOCK' => '/home/.ssh-agent/socket'
    'DDEV_GID' => '20'
    'NODE_EXTRA_CA_CERTS' => '/mnt/ddev-global-cache/mkcert/rootCA.pem'
    'DOCKER_IP' => '127.0.0.1'
    'PGPASSWORD' => 'db'
    'CRAFT_WEB_ROOT' => '/var/www/html/web'
    'DDEV_DOCROOT' => 'web'
    'PWD' => '/var/www/html'
    'PLATFORMSH_CLI_UPDATES_CHECK' => '0'
    'DDEV_APPROOT' => '/var/www/html'
    'DDEV_FILES_DIR' => ''
    'START_SCRIPT_TIMEOUT' => '57'
    'APACHE_SITE_TEMPLATE' => '/etc/apache2/apache-site.conf'
    'PHP_INI' => '/etc/php/8.2/fpm/php.ini'
    'DDEV_VERSION' => 'v1.24.10'
    'PRIMARY_SITE_URL' => 'https://derschmuckmacher-v3.ddev.site'
    'TZ' => 'Europe/Zurich'
    'DDEV_XHPROF_MODE' => 'prepend'
    'HTTPS_EXPOSE' => '443:80,8026:8025'
    'COREPACK_HOME' => '/mnt/ddev-global-cache/corepack'
    'CRAFT_DB_DATABASE' => 'db'
    'DDEV_PRIMARY_URL' => 'https://derschmuckmacher-v3.ddev.site'
    'LINES' => '6'
    'DDEV_SITENAME' => 'derschmuckmacher-v3'
    'HOME' => '/home/omar'
    'DRUSH_OPTIONS_URI' => 'https://derschmuckmacher-v3.ddev.site'
    'LANG' => 'C.UTF-8'
    'COLUMNS' => '182'
    'DDEV_MUTAGEN_ENABLED' => 'true'
    'DDEV_USER' => 'omar'
    'PGUSER' => 'db'
    'TERMINUS_CACHE_DIR' => '/mnt/ddev-global-cache/terminus/cache'
    'DDEV_PRIMARY_URL_PORT' => '443'
    'DDEV_ROUTER_HTTP_PORT' => '80'
    'MAILPIT_SMTP_HOSTNAME' => '127.0.0.1'
    'CRAFT_DB_DRIVER' => 'mysql'
    'COMPOSER_PROCESS_TIMEOUT' => '2000'
    'NGINX_SITE_TEMPLATE' => '/etc/nginx/nginx-site.conf'
    'DDEV_FILES_DIRS' => ''
    'CRAFT_DB_SERVER' => 'db'
    'HTTP_EXPOSE' => '80:80,8025:8025'
    'NVM_DIR' => '/home/omar/.nvm'
    'DDEV_PHP_VERSION' => '8.2'
    'DDEV_TLD' => 'ddev.site'
    'DDEV_HOSTNAME' => 'derschmuckmacher-v3.ddev.site'
    'DDEV_PROJECT' => 'derschmuckmacher-v3'
    'DDEV_GOARCH' => 'arm64'
    'VIRTUAL_HOST' => 'derschmuckmacher-v3.ddev.site'
    'TERM' => 'xterm'
    'USER' => 'omar'
    'MYSQL_HISTFILE' => '/mnt/ddev-global-cache/mysqlhistory/derschmuckmacher-v3-web/mysql_history'
    'DDEV_WEB_ENTRYPOINT' => '/mnt/ddev_config/web-entrypoint.d'
    'DDEV_UID' => '501'
    'CAROOT' => '/mnt/ddev-global-cache/mkcert'
    'SHLVL' => '1'
    'COMPOSER_ALLOW_SUPERUSER' => '1'
    'BASH_ENV' => '/etc/bash.nointeractive.bashrc'
    'DDEV_DATABASE' => 'mysql:8.0'
    'PGDATABASE' => 'db'
    'CRAFT_DB_USER' => 'db'
    'DDEV_SCHEME' => 'https'
    'XHPROF_OUTPUT_DIR' => '/tmp/xhprof'
    'COMPOSER_CACHE_DIR' => '/mnt/ddev-global-cache/composer'
    'DDEV_XDEBUG_ENABLED' => 'false'
    'DDEV_DATABASE_FAMILY' => 'mysql'
    'PGHOST' => 'db'
    'DDEV_COMPOSER_ROOT' => '/var/www/html'
    'CRAFT_DB_PASSWORD' => '••'
    'DOCROOT' => 'web'
    'TERMINUS_HIDE_UPDATE_MESSAGE' => '1'
    'PATH' => '/home/omar/bin:/var/www/html/vendor/bin:/usr/local/sbin:/usr/local/bin:/usr/sbin:/usr/bin:/sbin:/bin:/var/www/html/bin:/mnt/ddev-global-cache/global-commands/web'
    'HOST_DOCKER_INTERNAL_IP' => ''
    'DDEV_PROJECT_TYPE' => 'craftcms'
    'DEBIAN_FRONTEND' => 'noninteractive'
    'DDEV_ROUTER_HTTPS_PORT' => '443'
    'EXECIGNORE' => '/var/www/html/vendor/bin/composer'
    'SUPERVISOR_ENABLED' => '1'
    'SUPERVISOR_SERVER_URL' => 'unix:///var/run/supervisor.sock'
    'SUPERVISOR_PROCESS_NAME' => 'php-fpm'
    'SUPERVISOR_GROUP_NAME' => 'php-fpm'
    'HTTP_X_REQUESTED_WITH' => 'XMLHttpRequest'
    'HTTP_X_REGISTERED_JS_FILES' => ''
    'HTTP_X_REGISTERED_ASSET_BUNDLES' => '22e517a2,aee7f8dc,26c46c25,e505ffd6,6b4d7555,bb2f10a0,e5e48399,815d39ea,fc0bc163,1ccab40d,1e21896b,54698ee0,b842675b,1c3c9add,4b1fd285,d8d08e47,8f00ce04,8768f48b,cf3018d6,ec6d0256'
    'HTTP_X_REAL_IP' => '172.18.0.1'
    'HTTP_X_FORWARDED_SERVER' => 'e41c480b8ab1'
    'HTTP_X_FORWARDED_PROTO' => 'https'
    'HTTP_X_FORWARDED_PORT' => '443'
    'HTTP_X_FORWARDED_HOST' => 'derschmuckmacher-v3.ddev.site'
    'HTTP_X_FORWARDED_FOR' => '172.18.0.1'
    'HTTP_X_CSRF_TOKEN' => '••••••••••••••••••••••••••••••••••••••••••••••••••••••••••••••••••••••••••••••••••••••••••••••••••••••••••••••••••••••••••••••••••••••••••••••••••••••••••••••••••••••••••••••••••••••••••••••••••••••••••••••••••••••••••••••••••••••••••••••••••••••••••••••••••••••••••••••••••••••••••••••••••••••••••••••••••••••••••••••••••••••••••••••••••••••••••••••••••••••••••••••••••••••••••••••••••••••••'
    'HTTP_TE' => 'trailers'
    'HTTP_SEC_GPC' => '1'
    'HTTP_SEC_FETCH_SITE' => 'same-origin'
    'HTTP_SEC_FETCH_MODE' => 'cors'
    'HTTP_SEC_FETCH_DEST' => 'empty'
    'HTTP_REFERER' => 'https://derschmuckmacher-v3.ddev.site/dW2axQ3b/content/entries/schmuck?source=section%3Ac2de3b35-f1cb-4deb-a326-cdbf598adb19'
    'HTTP_ORIGIN' => 'https://derschmuckmacher-v3.ddev.site'
    'HTTP_COOKIE' => 'a8b7b1ec9ffb8baf2c6eaa253fe57112_username=26b9ec8568da68d3882e55afaa5d203483c6c5810ee05b5a55c8a0eb10cab93ea%3A2%3A%7Bi%3A0%3Bs%3A41%3A%22a8b7b1ec9ffb8baf2c6eaa253fe57112_username%22%3Bi%3A1%3Bs%3A8%3A%22odegiuli%22%3B%7D; cookieconsent_status=dismiss; CraftSessionId=16e2d99e4acc14f8abdf5818985e6d70; CRAFT_CSRF_TOKEN=5f0129e766c1d60a304c5b2b77758ee9859b2cc5fbd195fe80fa71ffc0c670eaa%3A2%3A%7Bi%3A0%3Bs%3A16%3A%22CRAFT_CSRF_TOKEN%22%3Bi%3A1%3Bs%3A147%3A%22ifNE57H486zr3C99fgKlQp266RX2LurQQ_FrgOuv%7Ccfe2656443ababa12bd8531fc6be39c06e85c07ed7c01ad4b06baad274f80ed2ifNE57H486zr3C99fgKlQp266RX2LurQQ_FrgOuv%7C1%22%3B%7D; a8b7b1ec9ffb8baf2c6eaa253fe57112_identity=774afa8ff0c30b4aa586cf826e9fb003d8e04afeab7172c7bcd95bda96057cdfa%3A2%3A%7Bi%3A0%3Bs%3A41%3A%22a8b7b1ec9ffb8baf2c6eaa253fe57112_identity%22%3Bi%3A1%3Bs%3A159%3A%22%5B1%2C%22%5B%5C%22DyuCHD7BS7ZPn12lYatobqgRPIHQhFDGbhKMi1_0LXuQVA7ouVqFyQ88gzyleiPALmsbcMjnHFCMnXktSpa1dcbjumx5AcJvatB3%5C%22%2Cnull%2C%5C%220ef01a0bceeac5b1d0a2b6557bd3d7b1%5C%22%5D%22%2C3600%5D%22%3B%7D; Craft-3626ffc1-d0a3-42e3-98aa-37e8aa759561_sidebar=expanded; Craft-3626ffc1-d0a3-42e3-98aa-37e8aa759561_sidebar-details=expanded'
    'HTTP_ACCEPT_LANGUAGE' => 'de,en-US;q=0.9,en;q=0.8'
    'HTTP_ACCEPT_ENCODING' => 'gzip, deflate, br, zstd'
    'HTTP_ACCEPT' => 'application/json, text/plain, */*'
    'HTTP_CONTENT_LENGTH' => '0'
    'HTTP_USER_AGENT' => 'Mozilla/5.0 (Macintosh; Intel Mac OS X 10.15; rv:150.0) Gecko/20100101 Firefox/150.0'
    'HTTP_HOST' => 'derschmuckmacher-v3.ddev.site'
    'HTTPS' => 'on'
    'REDIRECT_STATUS' => '200'
    'SERVER_NAME' => 'derschmuckmacher-v3.ddev.site'
    'SERVER_PORT' => '80'
    'SERVER_ADDR' => '172.18.0.4'
    'REMOTE_PORT' => '58910'
    'REMOTE_ADDR' => '172.18.0.5'
    'SERVER_SOFTWARE' => 'nginx/1.28.0'
    'GATEWAY_INTERFACE' => 'CGI/1.1'
    'REQUEST_SCHEME' => 'http'
    'SERVER_PROTOCOL' => 'HTTP/1.1'
    'DOCUMENT_ROOT' => '/var/www/html/web'
    'DOCUMENT_URI' => '/index.php'
    'REQUEST_URI' => '/index.php?p=dW2axQ3b%2Factions%2Fqueue%2Frun&v=1777727009454'
    'CONTENT_LENGTH' => '0'
    'CONTENT_TYPE' => ''
    'REQUEST_METHOD' => 'POST'
    'QUERY_STRING' => 'p=dW2axQ3b%2Factions%2Fqueue%2Frun&v=1777727009454'
    'SCRIPT_NAME' => '/index.php'
    'SCRIPT_FILENAME' => '/var/www/html/web/index.php'
    'FCGI_ROLE' => 'RESPONDER'
    'PHP_SELF' => '/index.php'
    'REQUEST_TIME_FLOAT' => 1777727009.4572
    'REQUEST_TIME' => 1777727009
    'CRAFT_APP_ID' => 'CraftCMS--3933bc78-29f5-4b79-bcc5-c31faf0fcd20'
    'CRAFT_ENVIRONMENT' => 'dev'
    'ENVIRONMENT' => 'dev'
    'CRAFT_SECURITY_KEY' => '••••••••••••••••••••••••••••••••'
    'CP_TRIGGER' => 'dW2axQ3b'
    'CRAFT_DB_SCHEMA' => 'public'
    'CRAFT_DB_TABLE_PREFIX' => ''
    'DEV_MODE' => 'true'
    'ALLOW_ADMIN_CHANGES' => 'true'
    'DISALLOW_ROBOTS' => 'true'
    'TIMEZONE' => 'Europe/Zurich'
    'CAPTCHA_SITE_KEY' => '••••••••••••••••••••••••••••••••••••••••'
    'CAPTCHA_SECRET_KEY' => '••••••••••••••••••••••••••••••••••••••••'
    'WEB_URL' => 'https://derschmuckmacher-v3.ddev.site'
    'WEB_ROOT' => '/var/www/html/web'
    'ASSETS_BASE_URL' => 'https://derschmuckmacher-v3.ddev.site/public'
    'ASSETS_BASE_PATH' => '/var/www/html/web/public'
    'SCHMUCK_BASE_URL' => 'https://derschmuckmacher-v3.ddev.site/public/uploads/schmuck'
    'SCHMUCK_BASE_PATH' => '/var/www/html/web/public/uploads/schmuck'
    'BILDER_BASE_URL' => 'https://derschmuckmacher-v3.ddev.site/public/uploads/bilder'
    'BILDER_BASE_PATH' => '/var/www/html/web/public/uploads/bilder'
] {"environment":"dev","userId":1} 
2026-05-02 15:04:06 [queue.INFO] [yii\db\Connection::open] Opening DB connection: mysql:host=db;dbname=db;port=3306 {"memory":1101304} 
2026-05-02 15:04:06 [queue.INFO] [yii\web\Session::open] Session started {"memory":1523216} 
2026-05-02 15:04:06 [queue.INFO] [nystudio107\codeeditor\CodeEditor::bootstrap] CodeEditor module bootstrapped {"memory":1544976} 
2026-05-02 15:04:06 [queue.INFO] [adigital\cookieconsentbanner\CookieConsentBanner::init] Cookie Consent Banner plugin loaded {"memory":1760864} 
2026-05-02 15:04:06 [queue.INFO] [miranj\obfuscator\Obfuscator::init] Obfuscator plugin loaded {"memory":2720824} 
2026-05-02 15:04:06 [queue.INFO] [yii\db\Connection::open] Opening DB connection: mysql:host=db;dbname=db;port=3306 {"memory":2987944} 
2026-05-02 15:04:06 [queue.INFO] [craft\queue\QueueLogBehavior::beforeExec]  [40623] t9n:["app","Updating search indexes"] (attempt: 1, pid: 1663) - Started {"memory":3046696} 
2026-05-02 15:04:06 [queue.INFO] [craft\queue\QueueLogBehavior::afterExec]  [40623] t9n:["app","Updating search indexes"] (attempt: 1, pid: 1663) - Done (time: 0.010s) {"memory":3624120} 
2026-05-02 15:04:06 [queue.INFO] [craft\queue\QueueLogBehavior::beforeExec]  [40624] t9n:["app","Updating search indexes"] (attempt: 1, pid: 1663) - Started {"memory":3632152} 
2026-05-02 15:04:06 [queue.INFO] [craft\queue\QueueLogBehavior::afterExec]  [40624] t9n:["app","Updating search indexes"] (attempt: 1, pid: 1663) - Done (time: 0.005s) {"memory":4106968} 
2026-05-02 15:04:06 [queue.INFO] [craft\queue\QueueLogBehavior::beforeExec]  [40625] t9n:["app","Pruning extra revisions"] (attempt: 1, pid: 1663) - Started {"memory":4114952} 
2026-05-02 15:04:06 [queue.INFO] [craft\queue\QueueLogBehavior::afterExec]  [40625] t9n:["app","Pruning extra revisions"] (attempt: 1, pid: 1663) - Done (time: 0.000s) {"memory":4200816} 
2026-05-02 15:04:06 [queue.INFO] [application] Request context:
$_GET = [
    'p' => 'dW2axQ3b/actions/queue/run'
    'v' => '1777727046706'
]

$_POST = []

$_FILES = []

$_COOKIE = [
    'a8b7b1ec9ffb8baf2c6eaa253fe57112_username' => '26b9ec8568da68d3882e55afaa5d203483c6c5810ee05b5a55c8a0eb10cab93ea:2:{i:0;s:41:\"a8b7b1ec9ffb8baf2c6eaa253fe57112_username\";i:1;s:8:\"odegiuli\";}'
    'cookieconsent_status' => 'dismiss'
    'CraftSessionId' => '16e2d99e4acc14f8abdf5818985e6d70'
    'CRAFT_CSRF_TOKEN' => '••••••••••••••••••••••••••••••••••••••••••••••••••••••••••••••••••••••••••••••••••••••••••••••••••••••••••••••••••••••••••••••••••••••••••••••••••••••••••••••••••••••••••••••••••••••••••••••••••••••••••••••••••••••••••••••••••••••••••••••••••••••••••••••••••'
    'a8b7b1ec9ffb8baf2c6eaa253fe57112_identity' => '774afa8ff0c30b4aa586cf826e9fb003d8e04afeab7172c7bcd95bda96057cdfa:2:{i:0;s:41:\"a8b7b1ec9ffb8baf2c6eaa253fe57112_identity\";i:1;s:159:\"[1,\"[\\\"DyuCHD7BS7ZPn12lYatobqgRPIHQhFDGbhKMi1_0LXuQVA7ouVqFyQ88gzyleiPALmsbcMjnHFCMnXktSpa1dcbjumx5AcJvatB3\\\",null,\\\"0ef01a0bceeac5b1d0a2b6557bd3d7b1\\\"]\",3600]\";}'
    'Craft-3626ffc1-d0a3-42e3-98aa-37e8aa759561_sidebar' => 'expanded'
    'Craft-3626ffc1-d0a3-42e3-98aa-37e8aa759561_sidebar-details' => 'expanded'
]

$_SESSION = [
    'a8b7b1ec9ffb8baf2c6eaa253fe57112__token' => '••••••••••••••••••••••••••••••••••••••••••••••••••••••••••••••••••••••••••••••••••••••••••••••••••••'
    'a8b7b1ec9ffb8baf2c6eaa253fe57112__id' => 1
    '__authKey' => '••••••••••••••••••••••••••••••••••••••••••••••••••••••••••••••••••••••••••••••••••••••••••••••••••••••••••••••••••••••••••••••••••••••••••••••••'
    'a8b7b1ec9ffb8baf2c6eaa253fe57112__expire' => 1777730646
    '__duration' => 3600
    '__elevated_timeout' => 1777726029
    '22b6a59deafcfb2ffb13c3adf3d98a3b__auth_access' => [
        0 => 'previewElement:8578'
        1 => 'saveAssets:1986f3e0-bf2e-4ccd-b34c-7ec2d979afdd'
        2 => 'previewDraft:1010'
        3 => 'saveAssets:'
        4 => 'previewDraft:1011'
    ]
    '22b6a59deafcfb2ffb13c3adf3d98a3b__flash' => []
]

$_SERVER = [
    'DEPLOY_NAME' => 'local'
    'DDEV_WEBSERVER_TYPE' => 'nginx-fpm'
    'npm_config_cache' => '/mnt/ddev-global-cache/npm'
    'COREPACK_ENABLE_DOWNLOAD_PROMPT' => '0'
    'DDEV_GOOS' => 'darwin'
    'IS_DDEV_PROJECT' => 'true'
    'PHP_DEFAULT_VERSION' => '8.3'
    'HOSTNAME' => 'derschmuckmacher-v3-web'
    'MAILPIT_SMTP_PORT' => '1025'
    'MH_SMTP_BIND_ADDR' => '127.0.0.1:1025'
    'DDEV_PRIMARY_URL_WITHOUT_PORT' => 'https://derschmuckmacher-v3.ddev.site'
    'CRAFT_DB_PORT' => '3306'
    'SSH_AUTH_SOCK' => '/home/.ssh-agent/socket'
    'DDEV_GID' => '20'
    'NODE_EXTRA_CA_CERTS' => '/mnt/ddev-global-cache/mkcert/rootCA.pem'
    'DOCKER_IP' => '127.0.0.1'
    'PGPASSWORD' => 'db'
    'CRAFT_WEB_ROOT' => '/var/www/html/web'
    'DDEV_DOCROOT' => 'web'
    'PWD' => '/var/www/html'
    'PLATFORMSH_CLI_UPDATES_CHECK' => '0'
    'DDEV_APPROOT' => '/var/www/html'
    'DDEV_FILES_DIR' => ''
    'START_SCRIPT_TIMEOUT' => '57'
    'APACHE_SITE_TEMPLATE' => '/etc/apache2/apache-site.conf'
    'PHP_INI' => '/etc/php/8.2/fpm/php.ini'
    'DDEV_VERSION' => 'v1.24.10'
    'PRIMARY_SITE_URL' => 'https://derschmuckmacher-v3.ddev.site'
    'TZ' => 'Europe/Zurich'
    'DDEV_XHPROF_MODE' => 'prepend'
    'HTTPS_EXPOSE' => '443:80,8026:8025'
    'COREPACK_HOME' => '/mnt/ddev-global-cache/corepack'
    'CRAFT_DB_DATABASE' => 'db'
    'DDEV_PRIMARY_URL' => 'https://derschmuckmacher-v3.ddev.site'
    'LINES' => '6'
    'DDEV_SITENAME' => 'derschmuckmacher-v3'
    'HOME' => '/home/omar'
    'DRUSH_OPTIONS_URI' => 'https://derschmuckmacher-v3.ddev.site'
    'LANG' => 'C.UTF-8'
    'COLUMNS' => '182'
    'DDEV_MUTAGEN_ENABLED' => 'true'
    'DDEV_USER' => 'omar'
    'PGUSER' => 'db'
    'TERMINUS_CACHE_DIR' => '/mnt/ddev-global-cache/terminus/cache'
    'DDEV_PRIMARY_URL_PORT' => '443'
    'DDEV_ROUTER_HTTP_PORT' => '80'
    'MAILPIT_SMTP_HOSTNAME' => '127.0.0.1'
    'CRAFT_DB_DRIVER' => 'mysql'
    'COMPOSER_PROCESS_TIMEOUT' => '2000'
    'NGINX_SITE_TEMPLATE' => '/etc/nginx/nginx-site.conf'
    'DDEV_FILES_DIRS' => ''
    'CRAFT_DB_SERVER' => 'db'
    'HTTP_EXPOSE' => '80:80,8025:8025'
    'NVM_DIR' => '/home/omar/.nvm'
    'DDEV_PHP_VERSION' => '8.2'
    'DDEV_TLD' => 'ddev.site'
    'DDEV_HOSTNAME' => 'derschmuckmacher-v3.ddev.site'
    'DDEV_PROJECT' => 'derschmuckmacher-v3'
    'DDEV_GOARCH' => 'arm64'
    'VIRTUAL_HOST' => 'derschmuckmacher-v3.ddev.site'
    'TERM' => 'xterm'
    'USER' => 'omar'
    'MYSQL_HISTFILE' => '/mnt/ddev-global-cache/mysqlhistory/derschmuckmacher-v3-web/mysql_history'
    'DDEV_WEB_ENTRYPOINT' => '/mnt/ddev_config/web-entrypoint.d'
    'DDEV_UID' => '501'
    'CAROOT' => '/mnt/ddev-global-cache/mkcert'
    'SHLVL' => '1'
    'COMPOSER_ALLOW_SUPERUSER' => '1'
    'BASH_ENV' => '/etc/bash.nointeractive.bashrc'
    'DDEV_DATABASE' => 'mysql:8.0'
    'PGDATABASE' => 'db'
    'CRAFT_DB_USER' => 'db'
    'DDEV_SCHEME' => 'https'
    'XHPROF_OUTPUT_DIR' => '/tmp/xhprof'
    'COMPOSER_CACHE_DIR' => '/mnt/ddev-global-cache/composer'
    'DDEV_XDEBUG_ENABLED' => 'false'
    'DDEV_DATABASE_FAMILY' => 'mysql'
    'PGHOST' => 'db'
    'DDEV_COMPOSER_ROOT' => '/var/www/html'
    'CRAFT_DB_PASSWORD' => '••'
    'DOCROOT' => 'web'
    'TERMINUS_HIDE_UPDATE_MESSAGE' => '1'
    'PATH' => '/home/omar/bin:/var/www/html/vendor/bin:/usr/local/sbin:/usr/local/bin:/usr/sbin:/usr/bin:/sbin:/bin:/var/www/html/bin:/mnt/ddev-global-cache/global-commands/web'
    'HOST_DOCKER_INTERNAL_IP' => ''
    'DDEV_PROJECT_TYPE' => 'craftcms'
    'DEBIAN_FRONTEND' => 'noninteractive'
    'DDEV_ROUTER_HTTPS_PORT' => '443'
    'EXECIGNORE' => '/var/www/html/vendor/bin/composer'
    'SUPERVISOR_ENABLED' => '1'
    'SUPERVISOR_SERVER_URL' => 'unix:///var/run/supervisor.sock'
    'SUPERVISOR_PROCESS_NAME' => 'php-fpm'
    'SUPERVISOR_GROUP_NAME' => 'php-fpm'
    'HTTP_X_REQUESTED_WITH' => 'XMLHttpRequest'
    'HTTP_X_REGISTERED_JS_FILES' => ''
    'HTTP_X_REGISTERED_ASSET_BUNDLES' => '22e517a2,aee7f8dc,26c46c25,e505ffd6,6b4d7555,bb2f10a0,e5e48399,815d39ea,fc0bc163,1ccab40d,1e21896b,54698ee0,b842675b,1c3c9add,4b1fd285,d8d08e47,8f00ce04,8768f48b,cf3018d6,ec6d0256'
    'HTTP_X_REAL_IP' => '172.18.0.1'
    'HTTP_X_FORWARDED_SERVER' => 'e41c480b8ab1'
    'HTTP_X_FORWARDED_PROTO' => 'https'
    'HTTP_X_FORWARDED_PORT' => '443'
    'HTTP_X_FORWARDED_HOST' => 'derschmuckmacher-v3.ddev.site'
    'HTTP_X_FORWARDED_FOR' => '172.18.0.1'
    'HTTP_X_CSRF_TOKEN' => '••••••••••••••••••••••••••••••••••••••••••••••••••••••••••••••••••••••••••••••••••••••••••••••••••••••••••••••••••••••••••••••••••••••••••••••••••••••••••••••••••••••••••••••••••••••••••••••••••••••••••••••••••••••••••••••••••••••••••••••••••••••••••••••••••••••••••••••••••••••••••••••••••••••••••••••••••••••••••••••••••••••••••••••••••••••••••••••••••••••••••••••••••••••••••••••••••••••••'
    'HTTP_TE' => 'trailers'
    'HTTP_SEC_GPC' => '1'
    'HTTP_SEC_FETCH_SITE' => 'same-origin'
    'HTTP_SEC_FETCH_MODE' => 'cors'
    'HTTP_SEC_FETCH_DEST' => 'empty'
    'HTTP_REFERER' => 'https://derschmuckmacher-v3.ddev.site/dW2axQ3b/content/entries/schmuck?source=section%3Ac2de3b35-f1cb-4deb-a326-cdbf598adb19'
    'HTTP_ORIGIN' => 'https://derschmuckmacher-v3.ddev.site'
    'HTTP_COOKIE' => 'a8b7b1ec9ffb8baf2c6eaa253fe57112_username=26b9ec8568da68d3882e55afaa5d203483c6c5810ee05b5a55c8a0eb10cab93ea%3A2%3A%7Bi%3A0%3Bs%3A41%3A%22a8b7b1ec9ffb8baf2c6eaa253fe57112_username%22%3Bi%3A1%3Bs%3A8%3A%22odegiuli%22%3B%7D; cookieconsent_status=dismiss; CraftSessionId=16e2d99e4acc14f8abdf5818985e6d70; CRAFT_CSRF_TOKEN=5f0129e766c1d60a304c5b2b77758ee9859b2cc5fbd195fe80fa71ffc0c670eaa%3A2%3A%7Bi%3A0%3Bs%3A16%3A%22CRAFT_CSRF_TOKEN%22%3Bi%3A1%3Bs%3A147%3A%22ifNE57H486zr3C99fgKlQp266RX2LurQQ_FrgOuv%7Ccfe2656443ababa12bd8531fc6be39c06e85c07ed7c01ad4b06baad274f80ed2ifNE57H486zr3C99fgKlQp266RX2LurQQ_FrgOuv%7C1%22%3B%7D; a8b7b1ec9ffb8baf2c6eaa253fe57112_identity=774afa8ff0c30b4aa586cf826e9fb003d8e04afeab7172c7bcd95bda96057cdfa%3A2%3A%7Bi%3A0%3Bs%3A41%3A%22a8b7b1ec9ffb8baf2c6eaa253fe57112_identity%22%3Bi%3A1%3Bs%3A159%3A%22%5B1%2C%22%5B%5C%22DyuCHD7BS7ZPn12lYatobqgRPIHQhFDGbhKMi1_0LXuQVA7ouVqFyQ88gzyleiPALmsbcMjnHFCMnXktSpa1dcbjumx5AcJvatB3%5C%22%2Cnull%2C%5C%220ef01a0bceeac5b1d0a2b6557bd3d7b1%5C%22%5D%22%2C3600%5D%22%3B%7D; Craft-3626ffc1-d0a3-42e3-98aa-37e8aa759561_sidebar=expanded; Craft-3626ffc1-d0a3-42e3-98aa-37e8aa759561_sidebar-details=expanded'
    'HTTP_ACCEPT_LANGUAGE' => 'de,en-US;q=0.9,en;q=0.8'
    'HTTP_ACCEPT_ENCODING' => 'gzip, deflate, br, zstd'
    'HTTP_ACCEPT' => 'application/json, text/plain, */*'
    'HTTP_CONTENT_LENGTH' => '0'
    'HTTP_USER_AGENT' => 'Mozilla/5.0 (Macintosh; Intel Mac OS X 10.15; rv:150.0) Gecko/20100101 Firefox/150.0'
    'HTTP_HOST' => 'derschmuckmacher-v3.ddev.site'
    'HTTPS' => 'on'
    'REDIRECT_STATUS' => '200'
    'SERVER_NAME' => 'derschmuckmacher-v3.ddev.site'
    'SERVER_PORT' => '80'
    'SERVER_ADDR' => '172.18.0.4'
    'REMOTE_PORT' => '50414'
    'REMOTE_ADDR' => '172.18.0.5'
    'SERVER_SOFTWARE' => 'nginx/1.28.0'
    'GATEWAY_INTERFACE' => 'CGI/1.1'
    'REQUEST_SCHEME' => 'http'
    'SERVER_PROTOCOL' => 'HTTP/1.1'
    'DOCUMENT_ROOT' => '/var/www/html/web'
    'DOCUMENT_URI' => '/index.php'
    'REQUEST_URI' => '/index.php?p=dW2axQ3b%2Factions%2Fqueue%2Frun&v=1777727046706'
    'CONTENT_LENGTH' => '0'
    'CONTENT_TYPE' => ''
    'REQUEST_METHOD' => 'POST'
    'QUERY_STRING' => 'p=dW2axQ3b%2Factions%2Fqueue%2Frun&v=1777727046706'
    'SCRIPT_NAME' => '/index.php'
    'SCRIPT_FILENAME' => '/var/www/html/web/index.php'
    'FCGI_ROLE' => 'RESPONDER'
    'PHP_SELF' => '/index.php'
    'REQUEST_TIME_FLOAT' => 1777727046.7088
    'REQUEST_TIME' => 1777727046
    'CRAFT_APP_ID' => 'CraftCMS--3933bc78-29f5-4b79-bcc5-c31faf0fcd20'
    'CRAFT_ENVIRONMENT' => 'dev'
    'ENVIRONMENT' => 'dev'
    'CRAFT_SECURITY_KEY' => '••••••••••••••••••••••••••••••••'
    'CP_TRIGGER' => 'dW2axQ3b'
    'CRAFT_DB_SCHEMA' => 'public'
    'CRAFT_DB_TABLE_PREFIX' => ''
    'DEV_MODE' => 'true'
    'ALLOW_ADMIN_CHANGES' => 'true'
    'DISALLOW_ROBOTS' => 'true'
    'TIMEZONE' => 'Europe/Zurich'
    'CAPTCHA_SITE_KEY' => '••••••••••••••••••••••••••••••••••••••••'
    'CAPTCHA_SECRET_KEY' => '••••••••••••••••••••••••••••••••••••••••'
    'WEB_URL' => 'https://derschmuckmacher-v3.ddev.site'
    'WEB_ROOT' => '/var/www/html/web'
    'ASSETS_BASE_URL' => 'https://derschmuckmacher-v3.ddev.site/public'
    'ASSETS_BASE_PATH' => '/var/www/html/web/public'
    'SCHMUCK_BASE_URL' => 'https://derschmuckmacher-v3.ddev.site/public/uploads/schmuck'
    'SCHMUCK_BASE_PATH' => '/var/www/html/web/public/uploads/schmuck'
    'BILDER_BASE_URL' => 'https://derschmuckmacher-v3.ddev.site/public/uploads/bilder'
    'BILDER_BASE_PATH' => '/var/www/html/web/public/uploads/bilder'
] {"environment":"dev","userId":1} 
2026-05-02 15:42:31 [queue.INFO] [yii\db\Connection::open] Opening DB connection: mysql:host=db;dbname=db;port=3306 {"memory":1097120} 
2026-05-02 15:42:31 [queue.INFO] [nystudio107\codeeditor\CodeEditor::bootstrap] CodeEditor module bootstrapped {"memory":1528912} 
2026-05-02 15:42:31 [queue.INFO] [adigital\cookieconsentbanner\CookieConsentBanner::init] Cookie Consent Banner plugin loaded {"memory":1713856} 
2026-05-02 15:42:31 [queue.INFO] [miranj\obfuscator\Obfuscator::init] Obfuscator plugin loaded {"memory":2681248} 
2026-05-02 15:42:31 [queue.INFO] [yii\web\Session::open] Session started {"memory":2705800} 
2026-05-02 15:42:31 [queue.INFO] [yii\db\Connection::open] Opening DB connection: mysql:host=db;dbname=db;port=3306 {"memory":2959536} 
2026-05-02 15:42:31 [queue.INFO] [craft\queue\QueueLogBehavior::beforeExec]  [40626] Freeform: Purging Old Notification Logs (attempt: 1, pid: 1664) - Started {"memory":3017568} 
2026-05-02 15:42:31 [queue.INFO] [craft\queue\QueueLogBehavior::afterExec]  [40626] Freeform: Purging Old Notification Logs (attempt: 1, pid: 1664) - Done (time: 0.002s) {"memory":3035952} 
2026-05-02 15:42:31 [queue.INFO] [craft\queue\QueueLogBehavior::beforeExec]  [40627] Freeform: Unfertige Dateien löschen (attempt: 1, pid: 1664) - Started {"memory":3208064} 
2026-05-02 15:42:31 [queue.INFO] [craft\queue\QueueLogBehavior::afterExec]  [40627] Freeform: Unfertige Dateien löschen (attempt: 1, pid: 1664) - Done (time: 0.001s) {"memory":3212088} 
2026-05-02 15:42:31 [queue.INFO] [application] Request context:
$_GET = []

$_POST = []

$_FILES = []

$_COOKIE = [
    'a8b7b1ec9ffb8baf2c6eaa253fe57112_username' => '26b9ec8568da68d3882e55afaa5d203483c6c5810ee05b5a55c8a0eb10cab93ea:2:{i:0;s:41:\"a8b7b1ec9ffb8baf2c6eaa253fe57112_username\";i:1;s:8:\"odegiuli\";}'
    'cookieconsent_status' => 'dismiss'
    'CraftSessionId' => '16e2d99e4acc14f8abdf5818985e6d70'
    'CRAFT_CSRF_TOKEN' => '••••••••••••••••••••••••••••••••••••••••••••••••••••••••••••••••••••••••••••••••••••••••••••••••••••••••••••••••••••••••••••••••••••••••••••••••••••••••••••••••••••••••••••••••••••••••••••••••••••••••••••••••••••••••••••••••••••••••••••••••••••••••••••••••••'
    'a8b7b1ec9ffb8baf2c6eaa253fe57112_identity' => '774afa8ff0c30b4aa586cf826e9fb003d8e04afeab7172c7bcd95bda96057cdfa:2:{i:0;s:41:\"a8b7b1ec9ffb8baf2c6eaa253fe57112_identity\";i:1;s:159:\"[1,\"[\\\"DyuCHD7BS7ZPn12lYatobqgRPIHQhFDGbhKMi1_0LXuQVA7ouVqFyQ88gzyleiPALmsbcMjnHFCMnXktSpa1dcbjumx5AcJvatB3\\\",null,\\\"0ef01a0bceeac5b1d0a2b6557bd3d7b1\\\"]\",3600]\";}'
    'Craft-3626ffc1-d0a3-42e3-98aa-37e8aa759561_sidebar' => 'expanded'
    'Craft-3626ffc1-d0a3-42e3-98aa-37e8aa759561_sidebar-details' => 'expanded'
]

$_SESSION = [
    'a8b7b1ec9ffb8baf2c6eaa253fe57112__token' => '••••••••••••••••••••••••••••••••••••••••••••••••••••••••••••••••••••••••••••••••••••••••••••••••••••'
    'a8b7b1ec9ffb8baf2c6eaa253fe57112__id' => 1
    '__authKey' => '••••••••••••••••••••••••••••••••••••••••••••••••••••••••••••••••••••••••••••••••••••••••••••••••••••••••••••••••••••••••••••••••••••••••••••••••'
    'a8b7b1ec9ffb8baf2c6eaa253fe57112__expire' => 1777732951
    '__duration' => 3600
    '__elevated_timeout' => 1777726029
    '22b6a59deafcfb2ffb13c3adf3d98a3b__auth_access' => [
        0 => 'previewElement:8578'
        1 => 'saveAssets:1986f3e0-bf2e-4ccd-b34c-7ec2d979afdd'
        2 => 'previewDraft:1010'
        3 => 'saveAssets:'
        4 => 'previewDraft:1011'
        5 => 'editStructure:1'
        6 => 'editStructure:2'
        7 => 'previewElement:8582'
        8 => 'saveAssets:856a3aeb-b21b-4d41-af3f-0a23db430323'
    ]
    '22b6a59deafcfb2ffb13c3adf3d98a3b__flash' => []
]

$_SERVER = [
    'DEPLOY_NAME' => 'local'
    'DDEV_WEBSERVER_TYPE' => 'nginx-fpm'
    'npm_config_cache' => '/mnt/ddev-global-cache/npm'
    'COREPACK_ENABLE_DOWNLOAD_PROMPT' => '0'
    'DDEV_GOOS' => 'darwin'
    'IS_DDEV_PROJECT' => 'true'
    'PHP_DEFAULT_VERSION' => '8.3'
    'HOSTNAME' => 'derschmuckmacher-v3-web'
    'MAILPIT_SMTP_PORT' => '1025'
    'MH_SMTP_BIND_ADDR' => '127.0.0.1:1025'
    'DDEV_PRIMARY_URL_WITHOUT_PORT' => 'https://derschmuckmacher-v3.ddev.site'
    'CRAFT_DB_PORT' => '3306'
    'SSH_AUTH_SOCK' => '/home/.ssh-agent/socket'
    'DDEV_GID' => '20'
    'NODE_EXTRA_CA_CERTS' => '/mnt/ddev-global-cache/mkcert/rootCA.pem'
    'DOCKER_IP' => '127.0.0.1'
    'PGPASSWORD' => 'db'
    'CRAFT_WEB_ROOT' => '/var/www/html/web'
    'DDEV_DOCROOT' => 'web'
    'PWD' => '/var/www/html'
    'PLATFORMSH_CLI_UPDATES_CHECK' => '0'
    'DDEV_APPROOT' => '/var/www/html'
    'DDEV_FILES_DIR' => ''
    'START_SCRIPT_TIMEOUT' => '57'
    'APACHE_SITE_TEMPLATE' => '/etc/apache2/apache-site.conf'
    'PHP_INI' => '/etc/php/8.2/fpm/php.ini'
    'DDEV_VERSION' => 'v1.24.10'
    'PRIMARY_SITE_URL' => 'https://derschmuckmacher-v3.ddev.site'
    'TZ' => 'Europe/Zurich'
    'DDEV_XHPROF_MODE' => 'prepend'
    'HTTPS_EXPOSE' => '443:80,8026:8025'
    'COREPACK_HOME' => '/mnt/ddev-global-cache/corepack'
    'CRAFT_DB_DATABASE' => 'db'
    'DDEV_PRIMARY_URL' => 'https://derschmuckmacher-v3.ddev.site'
    'LINES' => '6'
    'DDEV_SITENAME' => 'derschmuckmacher-v3'
    'HOME' => '/home/omar'
    'DRUSH_OPTIONS_URI' => 'https://derschmuckmacher-v3.ddev.site'
    'LANG' => 'C.UTF-8'
    'COLUMNS' => '182'
    'DDEV_MUTAGEN_ENABLED' => 'true'
    'DDEV_USER' => 'omar'
    'PGUSER' => 'db'
    'TERMINUS_CACHE_DIR' => '/mnt/ddev-global-cache/terminus/cache'
    'DDEV_PRIMARY_URL_PORT' => '443'
    'DDEV_ROUTER_HTTP_PORT' => '80'
    'MAILPIT_SMTP_HOSTNAME' => '127.0.0.1'
    'CRAFT_DB_DRIVER' => 'mysql'
    'COMPOSER_PROCESS_TIMEOUT' => '2000'
    'NGINX_SITE_TEMPLATE' => '/etc/nginx/nginx-site.conf'
    'DDEV_FILES_DIRS' => ''
    'CRAFT_DB_SERVER' => 'db'
    'HTTP_EXPOSE' => '80:80,8025:8025'
    'NVM_DIR' => '/home/omar/.nvm'
    'DDEV_PHP_VERSION' => '8.2'
    'DDEV_TLD' => 'ddev.site'
    'DDEV_HOSTNAME' => 'derschmuckmacher-v3.ddev.site'
    'DDEV_PROJECT' => 'derschmuckmacher-v3'
    'DDEV_GOARCH' => 'arm64'
    'VIRTUAL_HOST' => 'derschmuckmacher-v3.ddev.site'
    'TERM' => 'xterm'
    'USER' => 'omar'
    'MYSQL_HISTFILE' => '/mnt/ddev-global-cache/mysqlhistory/derschmuckmacher-v3-web/mysql_history'
    'DDEV_WEB_ENTRYPOINT' => '/mnt/ddev_config/web-entrypoint.d'
    'DDEV_UID' => '501'
    'CAROOT' => '/mnt/ddev-global-cache/mkcert'
    'SHLVL' => '1'
    'COMPOSER_ALLOW_SUPERUSER' => '1'
    'BASH_ENV' => '/etc/bash.nointeractive.bashrc'
    'DDEV_DATABASE' => 'mysql:8.0'
    'PGDATABASE' => 'db'
    'CRAFT_DB_USER' => 'db'
    'DDEV_SCHEME' => 'https'
    'XHPROF_OUTPUT_DIR' => '/tmp/xhprof'
    'COMPOSER_CACHE_DIR' => '/mnt/ddev-global-cache/composer'
    'DDEV_XDEBUG_ENABLED' => 'false'
    'DDEV_DATABASE_FAMILY' => 'mysql'
    'PGHOST' => 'db'
    'DDEV_COMPOSER_ROOT' => '/var/www/html'
    'CRAFT_DB_PASSWORD' => '••'
    'DOCROOT' => 'web'
    'TERMINUS_HIDE_UPDATE_MESSAGE' => '1'
    'PATH' => '/home/omar/bin:/var/www/html/vendor/bin:/usr/local/sbin:/usr/local/bin:/usr/sbin:/usr/bin:/sbin:/bin:/var/www/html/bin:/mnt/ddev-global-cache/global-commands/web'
    'HOST_DOCKER_INTERNAL_IP' => ''
    'DDEV_PROJECT_TYPE' => 'craftcms'
    'DEBIAN_FRONTEND' => 'noninteractive'
    'DDEV_ROUTER_HTTPS_PORT' => '443'
    'EXECIGNORE' => '/var/www/html/vendor/bin/composer'
    'SUPERVISOR_ENABLED' => '1'
    'SUPERVISOR_SERVER_URL' => 'unix:///var/run/supervisor.sock'
    'SUPERVISOR_PROCESS_NAME' => 'php-fpm'
    'SUPERVISOR_GROUP_NAME' => 'php-fpm'
    'HTTP_X_REQUESTED_WITH' => 'XMLHttpRequest'
    'HTTP_X_REAL_IP' => '172.18.0.1'
    'HTTP_X_FORWARDED_SERVER' => 'e41c480b8ab1'
    'HTTP_X_FORWARDED_PROTO' => 'https'
    'HTTP_X_FORWARDED_PORT' => '443'
    'HTTP_X_FORWARDED_HOST' => 'derschmuckmacher-v3.ddev.site'
    'HTTP_X_FORWARDED_FOR' => '172.18.0.1'
    'HTTP_TE' => 'trailers'
    'HTTP_SEC_GPC' => '1'
    'HTTP_SEC_FETCH_SITE' => 'same-origin'
    'HTTP_SEC_FETCH_MODE' => 'cors'
    'HTTP_SEC_FETCH_DEST' => 'empty'
    'HTTP_REFERER' => 'https://derschmuckmacher-v3.ddev.site/'
    'HTTP_COOKIE' => 'a8b7b1ec9ffb8baf2c6eaa253fe57112_username=26b9ec8568da68d3882e55afaa5d203483c6c5810ee05b5a55c8a0eb10cab93ea%3A2%3A%7Bi%3A0%3Bs%3A41%3A%22a8b7b1ec9ffb8baf2c6eaa253fe57112_username%22%3Bi%3A1%3Bs%3A8%3A%22odegiuli%22%3B%7D; cookieconsent_status=dismiss; CraftSessionId=16e2d99e4acc14f8abdf5818985e6d70; CRAFT_CSRF_TOKEN=5f0129e766c1d60a304c5b2b77758ee9859b2cc5fbd195fe80fa71ffc0c670eaa%3A2%3A%7Bi%3A0%3Bs%3A16%3A%22CRAFT_CSRF_TOKEN%22%3Bi%3A1%3Bs%3A147%3A%22ifNE57H486zr3C99fgKlQp266RX2LurQQ_FrgOuv%7Ccfe2656443ababa12bd8531fc6be39c06e85c07ed7c01ad4b06baad274f80ed2ifNE57H486zr3C99fgKlQp266RX2LurQQ_FrgOuv%7C1%22%3B%7D; a8b7b1ec9ffb8baf2c6eaa253fe57112_identity=774afa8ff0c30b4aa586cf826e9fb003d8e04afeab7172c7bcd95bda96057cdfa%3A2%3A%7Bi%3A0%3Bs%3A41%3A%22a8b7b1ec9ffb8baf2c6eaa253fe57112_identity%22%3Bi%3A1%3Bs%3A159%3A%22%5B1%2C%22%5B%5C%22DyuCHD7BS7ZPn12lYatobqgRPIHQhFDGbhKMi1_0LXuQVA7ouVqFyQ88gzyleiPALmsbcMjnHFCMnXktSpa1dcbjumx5AcJvatB3%5C%22%2Cnull%2C%5C%220ef01a0bceeac5b1d0a2b6557bd3d7b1%5C%22%5D%22%2C3600%5D%22%3B%7D; Craft-3626ffc1-d0a3-42e3-98aa-37e8aa759561_sidebar=expanded; Craft-3626ffc1-d0a3-42e3-98aa-37e8aa759561_sidebar-details=expanded'
    'HTTP_ACCEPT_LANGUAGE' => 'de,en-US;q=0.9,en;q=0.8'
    'HTTP_ACCEPT_ENCODING' => 'gzip, deflate, br, zstd'
    'HTTP_ACCEPT' => '*/*'
    'HTTP_USER_AGENT' => 'Mozilla/5.0 (Macintosh; Intel Mac OS X 10.15; rv:150.0) Gecko/20100101 Firefox/150.0'
    'HTTP_HOST' => 'derschmuckmacher-v3.ddev.site'
    'HTTPS' => 'on'
    'REDIRECT_STATUS' => '200'
    'SERVER_NAME' => 'derschmuckmacher-v3.ddev.site'
    'SERVER_PORT' => '80'
    'SERVER_ADDR' => '172.18.0.4'
    'REMOTE_PORT' => '37138'
    'REMOTE_ADDR' => '172.18.0.5'
    'SERVER_SOFTWARE' => 'nginx/1.28.0'
    'GATEWAY_INTERFACE' => 'CGI/1.1'
    'REQUEST_SCHEME' => 'http'
    'SERVER_PROTOCOL' => 'HTTP/1.1'
    'DOCUMENT_ROOT' => '/var/www/html/web'
    'DOCUMENT_URI' => '/index.php'
    'REQUEST_URI' => '/actions/queue/run'
    'CONTENT_LENGTH' => ''
    'CONTENT_TYPE' => ''
    'REQUEST_METHOD' => 'GET'
    'QUERY_STRING' => ''
    'SCRIPT_NAME' => '/index.php'
    'SCRIPT_FILENAME' => '/var/www/html/web/index.php'
    'FCGI_ROLE' => 'RESPONDER'
    'PHP_SELF' => '/index.php'
    'REQUEST_TIME_FLOAT' => 1777729351.2384
    'REQUEST_TIME' => 1777729351
    'CRAFT_APP_ID' => 'CraftCMS--3933bc78-29f5-4b79-bcc5-c31faf0fcd20'
    'CRAFT_ENVIRONMENT' => 'dev'
    'ENVIRONMENT' => 'dev'
    'CRAFT_SECURITY_KEY' => '••••••••••••••••••••••••••••••••'
    'CP_TRIGGER' => 'dW2axQ3b'
    'CRAFT_DB_SCHEMA' => 'public'
    'CRAFT_DB_TABLE_PREFIX' => ''
    'DEV_MODE' => 'true'
    'ALLOW_ADMIN_CHANGES' => 'true'
    'DISALLOW_ROBOTS' => 'true'
    'TIMEZONE' => 'Europe/Zurich'
    'CAPTCHA_SITE_KEY' => '••••••••••••••••••••••••••••••••••••••••'
    'CAPTCHA_SECRET_KEY' => '••••••••••••••••••••••••••••••••••••••••'
    'WEB_URL' => 'https://derschmuckmacher-v3.ddev.site'
    'WEB_ROOT' => '/var/www/html/web'
    'ASSETS_BASE_URL' => 'https://derschmuckmacher-v3.ddev.site/public'
    'ASSETS_BASE_PATH' => '/var/www/html/web/public'
    'SCHMUCK_BASE_URL' => 'https://derschmuckmacher-v3.ddev.site/public/uploads/schmuck'
    'SCHMUCK_BASE_PATH' => '/var/www/html/web/public/uploads/schmuck'
    'BILDER_BASE_URL' => 'https://derschmuckmacher-v3.ddev.site/public/uploads/bilder'
    'BILDER_BASE_PATH' => '/var/www/html/web/public/uploads/bilder'
    'CRAFT_SITE' => 'default'
    'CRAFT_SITE_UPPER' => 'DEFAULT'
] {"environment":"dev","userId":1} 
2026-05-02 15:47:23 [queue.INFO] [yii\db\Connection::open] Opening DB connection: mysql:host=db;dbname=db;port=3306 {"memory":1101272} 
2026-05-02 15:47:23 [queue.INFO] [yii\web\Session::open] Session started {"memory":1524432} 
2026-05-02 15:47:23 [queue.INFO] [nystudio107\codeeditor\CodeEditor::bootstrap] CodeEditor module bootstrapped {"memory":1546192} 
2026-05-02 15:47:23 [queue.INFO] [adigital\cookieconsentbanner\CookieConsentBanner::init] Cookie Consent Banner plugin loaded {"memory":1762184} 
2026-05-02 15:47:23 [queue.INFO] [miranj\obfuscator\Obfuscator::init] Obfuscator plugin loaded {"memory":2722144} 
2026-05-02 15:47:23 [queue.INFO] [yii\db\Connection::open] Opening DB connection: mysql:host=db;dbname=db;port=3306 {"memory":2989264} 
2026-05-02 15:47:23 [queue.INFO] [craft\queue\QueueLogBehavior::beforeExec]  [40628] t9n:["app","Updating search indexes"] (attempt: 1, pid: 1662) - Started {"memory":3048016} 
2026-05-02 15:47:23 [queue.INFO] [craft\queue\QueueLogBehavior::afterExec]  [40628] t9n:["app","Updating search indexes"] (attempt: 1, pid: 1662) - Done (time: 0.013s) {"memory":3625440} 
2026-05-02 15:47:23 [queue.INFO] [craft\queue\QueueLogBehavior::beforeExec]  [40629] t9n:["app","Updating search indexes"] (attempt: 1, pid: 1662) - Started {"memory":3633472} 
2026-05-02 15:47:23 [queue.INFO] [craft\queue\QueueLogBehavior::afterExec]  [40629] t9n:["app","Updating search indexes"] (attempt: 1, pid: 1662) - Done (time: 0.001s) {"memory":3723408} 
2026-05-02 15:47:23 [queue.INFO] [craft\queue\QueueLogBehavior::beforeExec]  [40630] t9n:["app","Updating search indexes"] (attempt: 1, pid: 1662) - Started {"memory":3731392} 
2026-05-02 15:47:23 [queue.INFO] [craft\queue\QueueLogBehavior::afterExec]  [40630] t9n:["app","Updating search indexes"] (attempt: 1, pid: 1662) - Done (time: 0.005s) {"memory":4207928} 
2026-05-02 15:47:23 [queue.INFO] [craft\queue\QueueLogBehavior::beforeExec]  [40631] t9n:["app","Updating search indexes"] (attempt: 1, pid: 1662) - Started {"memory":4215912} 
2026-05-02 15:47:23 [queue.INFO] [craft\queue\QueueLogBehavior::afterExec]  [40631] t9n:["app","Updating search indexes"] (attempt: 1, pid: 1662) - Done (time: 0.003s) {"memory":4418560} 
2026-05-02 15:47:23 [queue.INFO] [craft\queue\QueueLogBehavior::beforeExec]  [40632] t9n:["app","Pruning extra revisions"] (attempt: 1, pid: 1662) - Started {"memory":4426544} 
2026-05-02 15:47:23 [queue.INFO] [craft\queue\QueueLogBehavior::afterExec]  [40632] t9n:["app","Pruning extra revisions"] (attempt: 1, pid: 1662) - Done (time: 0.000s) {"memory":4506296} 
2026-05-02 15:47:23 [queue.INFO] [craft\queue\QueueLogBehavior::beforeExec]  [40633] t9n:["app","Pruning extra revisions"] (attempt: 1, pid: 1662) - Started {"memory":4514280} 
2026-05-02 15:47:23 [queue.INFO] [craft\queue\QueueLogBehavior::afterExec]  [40633] t9n:["app","Pruning extra revisions"] (attempt: 1, pid: 1662) - Done (time: 0.001s) {"memory":4626768} 
2026-05-02 15:47:23 [queue.INFO] [application] Request context:
$_GET = [
    'p' => 'dW2axQ3b/actions/queue/run'
    'v' => '1777729643361'
]

$_POST = []

$_FILES = []

$_COOKIE = [
    'a8b7b1ec9ffb8baf2c6eaa253fe57112_username' => '26b9ec8568da68d3882e55afaa5d203483c6c5810ee05b5a55c8a0eb10cab93ea:2:{i:0;s:41:\"a8b7b1ec9ffb8baf2c6eaa253fe57112_username\";i:1;s:8:\"odegiuli\";}'
    'cookieconsent_status' => 'dismiss'
    'CraftSessionId' => '16e2d99e4acc14f8abdf5818985e6d70'
    'CRAFT_CSRF_TOKEN' => '••••••••••••••••••••••••••••••••••••••••••••••••••••••••••••••••••••••••••••••••••••••••••••••••••••••••••••••••••••••••••••••••••••••••••••••••••••••••••••••••••••••••••••••••••••••••••••••••••••••••••••••••••••••••••••••••••••••••••••••••••••••••••••••••••'
    'a8b7b1ec9ffb8baf2c6eaa253fe57112_identity' => '774afa8ff0c30b4aa586cf826e9fb003d8e04afeab7172c7bcd95bda96057cdfa:2:{i:0;s:41:\"a8b7b1ec9ffb8baf2c6eaa253fe57112_identity\";i:1;s:159:\"[1,\"[\\\"DyuCHD7BS7ZPn12lYatobqgRPIHQhFDGbhKMi1_0LXuQVA7ouVqFyQ88gzyleiPALmsbcMjnHFCMnXktSpa1dcbjumx5AcJvatB3\\\",null,\\\"0ef01a0bceeac5b1d0a2b6557bd3d7b1\\\"]\",3600]\";}'
    'Craft-3626ffc1-d0a3-42e3-98aa-37e8aa759561_sidebar' => 'expanded'
    'Craft-3626ffc1-d0a3-42e3-98aa-37e8aa759561_sidebar-details' => 'expanded'
]

$_SESSION = [
    'a8b7b1ec9ffb8baf2c6eaa253fe57112__token' => '••••••••••••••••••••••••••••••••••••••••••••••••••••••••••••••••••••••••••••••••••••••••••••••••••••'
    'a8b7b1ec9ffb8baf2c6eaa253fe57112__id' => 1
    '__authKey' => '••••••••••••••••••••••••••••••••••••••••••••••••••••••••••••••••••••••••••••••••••••••••••••••••••••••••••••••••••••••••••••••••••••••••••••••••'
    'a8b7b1ec9ffb8baf2c6eaa253fe57112__expire' => 1777733243
    '__duration' => 3600
    '__elevated_timeout' => 1777726029
    '22b6a59deafcfb2ffb13c3adf3d98a3b__auth_access' => [
        0 => 'previewElement:8578'
        1 => 'saveAssets:1986f3e0-bf2e-4ccd-b34c-7ec2d979afdd'
        2 => 'previewDraft:1010'
        3 => 'saveAssets:'
        4 => 'previewDraft:1011'
        5 => 'editStructure:1'
        6 => 'editStructure:2'
        7 => 'previewElement:8582'
        8 => 'saveAssets:856a3aeb-b21b-4d41-af3f-0a23db430323'
        9 => 'previewElement:8781'
        10 => 'previewElement:8689'
        11 => 'manageNestedElements::8755::field:kacheln'
        12 => 'previewDraft:1012'
    ]
    '22b6a59deafcfb2ffb13c3adf3d98a3b__flash' => []
]

$_SERVER = [
    'DEPLOY_NAME' => 'local'
    'DDEV_WEBSERVER_TYPE' => 'nginx-fpm'
    'npm_config_cache' => '/mnt/ddev-global-cache/npm'
    'COREPACK_ENABLE_DOWNLOAD_PROMPT' => '0'
    'DDEV_GOOS' => 'darwin'
    'IS_DDEV_PROJECT' => 'true'
    'PHP_DEFAULT_VERSION' => '8.3'
    'HOSTNAME' => 'derschmuckmacher-v3-web'
    'MAILPIT_SMTP_PORT' => '1025'
    'MH_SMTP_BIND_ADDR' => '127.0.0.1:1025'
    'DDEV_PRIMARY_URL_WITHOUT_PORT' => 'https://derschmuckmacher-v3.ddev.site'
    'CRAFT_DB_PORT' => '3306'
    'SSH_AUTH_SOCK' => '/home/.ssh-agent/socket'
    'DDEV_GID' => '20'
    'NODE_EXTRA_CA_CERTS' => '/mnt/ddev-global-cache/mkcert/rootCA.pem'
    'DOCKER_IP' => '127.0.0.1'
    'PGPASSWORD' => 'db'
    'CRAFT_WEB_ROOT' => '/var/www/html/web'
    'DDEV_DOCROOT' => 'web'
    'PWD' => '/var/www/html'
    'PLATFORMSH_CLI_UPDATES_CHECK' => '0'
    'DDEV_APPROOT' => '/var/www/html'
    'DDEV_FILES_DIR' => ''
    'START_SCRIPT_TIMEOUT' => '57'
    'APACHE_SITE_TEMPLATE' => '/etc/apache2/apache-site.conf'
    'PHP_INI' => '/etc/php/8.2/fpm/php.ini'
    'DDEV_VERSION' => 'v1.24.10'
    'PRIMARY_SITE_URL' => 'https://derschmuckmacher-v3.ddev.site'
    'TZ' => 'Europe/Zurich'
    'DDEV_XHPROF_MODE' => 'prepend'
    'HTTPS_EXPOSE' => '443:80,8026:8025'
    'COREPACK_HOME' => '/mnt/ddev-global-cache/corepack'
    'CRAFT_DB_DATABASE' => 'db'
    'DDEV_PRIMARY_URL' => 'https://derschmuckmacher-v3.ddev.site'
    'LINES' => '6'
    'DDEV_SITENAME' => 'derschmuckmacher-v3'
    'HOME' => '/home/omar'
    'DRUSH_OPTIONS_URI' => 'https://derschmuckmacher-v3.ddev.site'
    'LANG' => 'C.UTF-8'
    'COLUMNS' => '182'
    'DDEV_MUTAGEN_ENABLED' => 'true'
    'DDEV_USER' => 'omar'
    'PGUSER' => 'db'
    'TERMINUS_CACHE_DIR' => '/mnt/ddev-global-cache/terminus/cache'
    'DDEV_PRIMARY_URL_PORT' => '443'
    'DDEV_ROUTER_HTTP_PORT' => '80'
    'MAILPIT_SMTP_HOSTNAME' => '127.0.0.1'
    'CRAFT_DB_DRIVER' => 'mysql'
    'COMPOSER_PROCESS_TIMEOUT' => '2000'
    'NGINX_SITE_TEMPLATE' => '/etc/nginx/nginx-site.conf'
    'DDEV_FILES_DIRS' => ''
    'CRAFT_DB_SERVER' => 'db'
    'HTTP_EXPOSE' => '80:80,8025:8025'
    'NVM_DIR' => '/home/omar/.nvm'
    'DDEV_PHP_VERSION' => '8.2'
    'DDEV_TLD' => 'ddev.site'
    'DDEV_HOSTNAME' => 'derschmuckmacher-v3.ddev.site'
    'DDEV_PROJECT' => 'derschmuckmacher-v3'
    'DDEV_GOARCH' => 'arm64'
    'VIRTUAL_HOST' => 'derschmuckmacher-v3.ddev.site'
    'TERM' => 'xterm'
    'USER' => 'omar'
    'MYSQL_HISTFILE' => '/mnt/ddev-global-cache/mysqlhistory/derschmuckmacher-v3-web/mysql_history'
    'DDEV_WEB_ENTRYPOINT' => '/mnt/ddev_config/web-entrypoint.d'
    'DDEV_UID' => '501'
    'CAROOT' => '/mnt/ddev-global-cache/mkcert'
    'SHLVL' => '1'
    'COMPOSER_ALLOW_SUPERUSER' => '1'
    'BASH_ENV' => '/etc/bash.nointeractive.bashrc'
    'DDEV_DATABASE' => 'mysql:8.0'
    'PGDATABASE' => 'db'
    'CRAFT_DB_USER' => 'db'
    'DDEV_SCHEME' => 'https'
    'XHPROF_OUTPUT_DIR' => '/tmp/xhprof'
    'COMPOSER_CACHE_DIR' => '/mnt/ddev-global-cache/composer'
    'DDEV_XDEBUG_ENABLED' => 'false'
    'DDEV_DATABASE_FAMILY' => 'mysql'
    'PGHOST' => 'db'
    'DDEV_COMPOSER_ROOT' => '/var/www/html'
    'CRAFT_DB_PASSWORD' => '••'
    'DOCROOT' => 'web'
    'TERMINUS_HIDE_UPDATE_MESSAGE' => '1'
    'PATH' => '/home/omar/bin:/var/www/html/vendor/bin:/usr/local/sbin:/usr/local/bin:/usr/sbin:/usr/bin:/sbin:/bin:/var/www/html/bin:/mnt/ddev-global-cache/global-commands/web'
    'HOST_DOCKER_INTERNAL_IP' => ''
    'DDEV_PROJECT_TYPE' => 'craftcms'
    'DEBIAN_FRONTEND' => 'noninteractive'
    'DDEV_ROUTER_HTTPS_PORT' => '443'
    'EXECIGNORE' => '/var/www/html/vendor/bin/composer'
    'SUPERVISOR_ENABLED' => '1'
    'SUPERVISOR_SERVER_URL' => 'unix:///var/run/supervisor.sock'
    'SUPERVISOR_PROCESS_NAME' => 'php-fpm'
    'SUPERVISOR_GROUP_NAME' => 'php-fpm'
    'HTTP_X_REQUESTED_WITH' => 'XMLHttpRequest'
    'HTTP_X_REGISTERED_JS_FILES' => ''
    'HTTP_X_REGISTERED_ASSET_BUNDLES' => '815d39ea,92d8701,22e517a2,aee7f8dc,26c46c25,e505ffd6,6b4d7555,bb2f10a0,e5e48399,fc0bc163,1ccab40d,1e21896b,54698ee0,b842675b,1c3c9add,4b1fd285,d8d08e47,8f00ce04,8768f48b,cf3018d6,ec6d0256,e7c1329,75f47f25'
    'HTTP_X_REAL_IP' => '172.18.0.1'
    'HTTP_X_FORWARDED_SERVER' => 'e41c480b8ab1'
    'HTTP_X_FORWARDED_PROTO' => 'https'
    'HTTP_X_FORWARDED_PORT' => '443'
    'HTTP_X_FORWARDED_HOST' => 'derschmuckmacher-v3.ddev.site'
    'HTTP_X_FORWARDED_FOR' => '172.18.0.1'
    'HTTP_X_CSRF_TOKEN' => '••••••••••••••••••••••••••••••••••••••••••••••••••••••••••••••••••••••••••••••••••••••••••••••••••••••••••••••••••••••••••••••••••••••••••••••••••••••••••••••••••••••••••••••••••••••••••••••••••••••••••••••••••••••••••••••••••••••••••••••••••••••••••••••••••••••••••••••••••••••••••••••••••••••••••••••••••••••••••••••••••••••••••••••••••••••••••••••••••••••••••••••••••••••••••••••••••••••••'
    'HTTP_TE' => 'trailers'
    'HTTP_SEC_GPC' => '1'
    'HTTP_SEC_FETCH_SITE' => 'same-origin'
    'HTTP_SEC_FETCH_MODE' => 'cors'
    'HTTP_SEC_FETCH_DEST' => 'empty'
    'HTTP_REFERER' => 'https://derschmuckmacher-v3.ddev.site/dW2axQ3b/content/entries/singles/8689-startseite'
    'HTTP_ORIGIN' => 'https://derschmuckmacher-v3.ddev.site'
    'HTTP_COOKIE' => 'a8b7b1ec9ffb8baf2c6eaa253fe57112_username=26b9ec8568da68d3882e55afaa5d203483c6c5810ee05b5a55c8a0eb10cab93ea%3A2%3A%7Bi%3A0%3Bs%3A41%3A%22a8b7b1ec9ffb8baf2c6eaa253fe57112_username%22%3Bi%3A1%3Bs%3A8%3A%22odegiuli%22%3B%7D; cookieconsent_status=dismiss; CraftSessionId=16e2d99e4acc14f8abdf5818985e6d70; CRAFT_CSRF_TOKEN=5f0129e766c1d60a304c5b2b77758ee9859b2cc5fbd195fe80fa71ffc0c670eaa%3A2%3A%7Bi%3A0%3Bs%3A16%3A%22CRAFT_CSRF_TOKEN%22%3Bi%3A1%3Bs%3A147%3A%22ifNE57H486zr3C99fgKlQp266RX2LurQQ_FrgOuv%7Ccfe2656443ababa12bd8531fc6be39c06e85c07ed7c01ad4b06baad274f80ed2ifNE57H486zr3C99fgKlQp266RX2LurQQ_FrgOuv%7C1%22%3B%7D; a8b7b1ec9ffb8baf2c6eaa253fe57112_identity=774afa8ff0c30b4aa586cf826e9fb003d8e04afeab7172c7bcd95bda96057cdfa%3A2%3A%7Bi%3A0%3Bs%3A41%3A%22a8b7b1ec9ffb8baf2c6eaa253fe57112_identity%22%3Bi%3A1%3Bs%3A159%3A%22%5B1%2C%22%5B%5C%22DyuCHD7BS7ZPn12lYatobqgRPIHQhFDGbhKMi1_0LXuQVA7ouVqFyQ88gzyleiPALmsbcMjnHFCMnXktSpa1dcbjumx5AcJvatB3%5C%22%2Cnull%2C%5C%220ef01a0bceeac5b1d0a2b6557bd3d7b1%5C%22%5D%22%2C3600%5D%22%3B%7D; Craft-3626ffc1-d0a3-42e3-98aa-37e8aa759561_sidebar=expanded; Craft-3626ffc1-d0a3-42e3-98aa-37e8aa759561_sidebar-details=expanded'
    'HTTP_ACCEPT_LANGUAGE' => 'de,en-US;q=0.9,en;q=0.8'
    'HTTP_ACCEPT_ENCODING' => 'gzip, deflate, br, zstd'
    'HTTP_ACCEPT' => 'application/json, text/plain, */*'
    'HTTP_CONTENT_LENGTH' => '0'
    'HTTP_USER_AGENT' => 'Mozilla/5.0 (Macintosh; Intel Mac OS X 10.15; rv:150.0) Gecko/20100101 Firefox/150.0'
    'HTTP_HOST' => 'derschmuckmacher-v3.ddev.site'
    'HTTPS' => 'on'
    'REDIRECT_STATUS' => '200'
    'SERVER_NAME' => 'derschmuckmacher-v3.ddev.site'
    'SERVER_PORT' => '80'
    'SERVER_ADDR' => '172.18.0.4'
    'REMOTE_PORT' => '40070'
    'REMOTE_ADDR' => '172.18.0.5'
    'SERVER_SOFTWARE' => 'nginx/1.28.0'
    'GATEWAY_INTERFACE' => 'CGI/1.1'
    'REQUEST_SCHEME' => 'http'
    'SERVER_PROTOCOL' => 'HTTP/1.1'
    'DOCUMENT_ROOT' => '/var/www/html/web'
    'DOCUMENT_URI' => '/index.php'
    'REQUEST_URI' => '/index.php?p=dW2axQ3b%2Factions%2Fqueue%2Frun&v=1777729643361'
    'CONTENT_LENGTH' => '0'
    'CONTENT_TYPE' => ''
    'REQUEST_METHOD' => 'POST'
    'QUERY_STRING' => 'p=dW2axQ3b%2Factions%2Fqueue%2Frun&v=1777729643361'
    'SCRIPT_NAME' => '/index.php'
    'SCRIPT_FILENAME' => '/var/www/html/web/index.php'
    'FCGI_ROLE' => 'RESPONDER'
    'PHP_SELF' => '/index.php'
    'REQUEST_TIME_FLOAT' => 1777729643.3991
    'REQUEST_TIME' => 1777729643
    'CRAFT_APP_ID' => 'CraftCMS--3933bc78-29f5-4b79-bcc5-c31faf0fcd20'
    'CRAFT_ENVIRONMENT' => 'dev'
    'ENVIRONMENT' => 'dev'
    'CRAFT_SECURITY_KEY' => '••••••••••••••••••••••••••••••••'
    'CP_TRIGGER' => 'dW2axQ3b'
    'CRAFT_DB_SCHEMA' => 'public'
    'CRAFT_DB_TABLE_PREFIX' => ''
    'DEV_MODE' => 'true'
    'ALLOW_ADMIN_CHANGES' => 'true'
    'DISALLOW_ROBOTS' => 'true'
    'TIMEZONE' => 'Europe/Zurich'
    'CAPTCHA_SITE_KEY' => '••••••••••••••••••••••••••••••••••••••••'
    'CAPTCHA_SECRET_KEY' => '••••••••••••••••••••••••••••••••••••••••'
    'WEB_URL' => 'https://derschmuckmacher-v3.ddev.site'
    'WEB_ROOT' => '/var/www/html/web'
    'ASSETS_BASE_URL' => 'https://derschmuckmacher-v3.ddev.site/public'
    'ASSETS_BASE_PATH' => '/var/www/html/web/public'
    'SCHMUCK_BASE_URL' => 'https://derschmuckmacher-v3.ddev.site/public/uploads/schmuck'
    'SCHMUCK_BASE_PATH' => '/var/www/html/web/public/uploads/schmuck'
    'BILDER_BASE_URL' => 'https://derschmuckmacher-v3.ddev.site/public/uploads/bilder'
    'BILDER_BASE_PATH' => '/var/www/html/web/public/uploads/bilder'
] {"environment":"dev","userId":1} 
2026-05-02 15:47:49 [queue.INFO] [yii\db\Connection::open] Opening DB connection: mysql:host=db;dbname=db;port=3306 {"memory":1101272} 
2026-05-02 15:47:49 [queue.INFO] [yii\web\Session::open] Session started {"memory":1524480} 
2026-05-02 15:47:49 [queue.INFO] [nystudio107\codeeditor\CodeEditor::bootstrap] CodeEditor module bootstrapped {"memory":1546240} 
2026-05-02 15:47:49 [queue.INFO] [adigital\cookieconsentbanner\CookieConsentBanner::init] Cookie Consent Banner plugin loaded {"memory":1762232} 
2026-05-02 15:47:49 [queue.INFO] [miranj\obfuscator\Obfuscator::init] Obfuscator plugin loaded {"memory":2722192} 
2026-05-02 15:47:49 [queue.INFO] [yii\db\Connection::open] Opening DB connection: mysql:host=db;dbname=db;port=3306 {"memory":2989312} 
2026-05-02 15:47:49 [queue.INFO] [craft\queue\QueueLogBehavior::beforeExec]  [40634] t9n:["app","Updating search indexes"] (attempt: 1, pid: 1662) - Started {"memory":3048064} 
2026-05-02 15:47:49 [queue.INFO] [craft\queue\QueueLogBehavior::afterExec]  [40634] t9n:["app","Updating search indexes"] (attempt: 1, pid: 1662) - Done (time: 0.010s) {"memory":3625488} 
2026-05-02 15:47:49 [queue.INFO] [craft\queue\QueueLogBehavior::beforeExec]  [40635] t9n:["app","Updating search indexes"] (attempt: 1, pid: 1662) - Started {"memory":3633520} 
2026-05-02 15:47:49 [queue.INFO] [craft\queue\QueueLogBehavior::afterExec]  [40635] t9n:["app","Updating search indexes"] (attempt: 1, pid: 1662) - Done (time: 0.001s) {"memory":3723456} 
2026-05-02 15:47:49 [queue.INFO] [craft\queue\QueueLogBehavior::beforeExec]  [40636] t9n:["app","Updating search indexes"] (attempt: 1, pid: 1662) - Started {"memory":3731440} 
2026-05-02 15:47:49 [queue.INFO] [craft\queue\QueueLogBehavior::afterExec]  [40636] t9n:["app","Updating search indexes"] (attempt: 1, pid: 1662) - Done (time: 0.004s) {"memory":4207976} 
2026-05-02 15:47:49 [queue.INFO] [craft\queue\QueueLogBehavior::beforeExec]  [40637] t9n:["app","Updating search indexes"] (attempt: 1, pid: 1662) - Started {"memory":4215960} 
2026-05-02 15:47:49 [queue.INFO] [craft\queue\QueueLogBehavior::afterExec]  [40637] t9n:["app","Updating search indexes"] (attempt: 1, pid: 1662) - Done (time: 0.003s) {"memory":4418608} 
2026-05-02 15:47:49 [queue.INFO] [craft\queue\QueueLogBehavior::beforeExec]  [40638] t9n:["app","Pruning extra revisions"] (attempt: 1, pid: 1662) - Started {"memory":4426592} 
2026-05-02 15:47:49 [queue.INFO] [craft\queue\QueueLogBehavior::afterExec]  [40638] t9n:["app","Pruning extra revisions"] (attempt: 1, pid: 1662) - Done (time: 0.001s) {"memory":4506344} 
2026-05-02 15:47:49 [queue.INFO] [craft\queue\QueueLogBehavior::beforeExec]  [40639] t9n:["app","Pruning extra revisions"] (attempt: 1, pid: 1662) - Started {"memory":4514328} 
2026-05-02 15:47:49 [queue.INFO] [craft\queue\QueueLogBehavior::afterExec]  [40639] t9n:["app","Pruning extra revisions"] (attempt: 1, pid: 1662) - Done (time: 0.001s) {"memory":4626816} 
2026-05-02 15:47:49 [queue.INFO] [application] Request context:
$_GET = [
    'p' => 'dW2axQ3b/actions/queue/run'
    'v' => '1777729668889'
]

$_POST = []

$_FILES = []

$_COOKIE = [
    'a8b7b1ec9ffb8baf2c6eaa253fe57112_username' => '26b9ec8568da68d3882e55afaa5d203483c6c5810ee05b5a55c8a0eb10cab93ea:2:{i:0;s:41:\"a8b7b1ec9ffb8baf2c6eaa253fe57112_username\";i:1;s:8:\"odegiuli\";}'
    'cookieconsent_status' => 'dismiss'
    'CraftSessionId' => '16e2d99e4acc14f8abdf5818985e6d70'
    'CRAFT_CSRF_TOKEN' => '••••••••••••••••••••••••••••••••••••••••••••••••••••••••••••••••••••••••••••••••••••••••••••••••••••••••••••••••••••••••••••••••••••••••••••••••••••••••••••••••••••••••••••••••••••••••••••••••••••••••••••••••••••••••••••••••••••••••••••••••••••••••••••••••••'
    'a8b7b1ec9ffb8baf2c6eaa253fe57112_identity' => '774afa8ff0c30b4aa586cf826e9fb003d8e04afeab7172c7bcd95bda96057cdfa:2:{i:0;s:41:\"a8b7b1ec9ffb8baf2c6eaa253fe57112_identity\";i:1;s:159:\"[1,\"[\\\"DyuCHD7BS7ZPn12lYatobqgRPIHQhFDGbhKMi1_0LXuQVA7ouVqFyQ88gzyleiPALmsbcMjnHFCMnXktSpa1dcbjumx5AcJvatB3\\\",null,\\\"0ef01a0bceeac5b1d0a2b6557bd3d7b1\\\"]\",3600]\";}'
    'Craft-3626ffc1-d0a3-42e3-98aa-37e8aa759561_sidebar' => 'expanded'
    'Craft-3626ffc1-d0a3-42e3-98aa-37e8aa759561_sidebar-details' => 'expanded'
]

$_SESSION = [
    'a8b7b1ec9ffb8baf2c6eaa253fe57112__token' => '••••••••••••••••••••••••••••••••••••••••••••••••••••••••••••••••••••••••••••••••••••••••••••••••••••'
    'a8b7b1ec9ffb8baf2c6eaa253fe57112__id' => 1
    '__authKey' => '••••••••••••••••••••••••••••••••••••••••••••••••••••••••••••••••••••••••••••••••••••••••••••••••••••••••••••••••••••••••••••••••••••••••••••••••'
    'a8b7b1ec9ffb8baf2c6eaa253fe57112__expire' => 1777733269
    '__duration' => 3600
    '__elevated_timeout' => 1777726029
    '22b6a59deafcfb2ffb13c3adf3d98a3b__auth_access' => [
        0 => 'previewElement:8578'
        1 => 'saveAssets:1986f3e0-bf2e-4ccd-b34c-7ec2d979afdd'
        2 => 'previewDraft:1010'
        3 => 'saveAssets:'
        4 => 'previewDraft:1011'
        5 => 'editStructure:1'
        6 => 'editStructure:2'
        7 => 'previewElement:8582'
        8 => 'saveAssets:856a3aeb-b21b-4d41-af3f-0a23db430323'
        9 => 'previewElement:8781'
        10 => 'previewElement:8689'
        11 => 'manageNestedElements::8755::field:kacheln'
        12 => 'previewDraft:1012'
        13 => 'previewDraft:1014'
    ]
    '22b6a59deafcfb2ffb13c3adf3d98a3b__flash' => []
]

$_SERVER = [
    'DEPLOY_NAME' => 'local'
    'DDEV_WEBSERVER_TYPE' => 'nginx-fpm'
    'npm_config_cache' => '/mnt/ddev-global-cache/npm'
    'COREPACK_ENABLE_DOWNLOAD_PROMPT' => '0'
    'DDEV_GOOS' => 'darwin'
    'IS_DDEV_PROJECT' => 'true'
    'PHP_DEFAULT_VERSION' => '8.3'
    'HOSTNAME' => 'derschmuckmacher-v3-web'
    'MAILPIT_SMTP_PORT' => '1025'
    'MH_SMTP_BIND_ADDR' => '127.0.0.1:1025'
    'DDEV_PRIMARY_URL_WITHOUT_PORT' => 'https://derschmuckmacher-v3.ddev.site'
    'CRAFT_DB_PORT' => '3306'
    'SSH_AUTH_SOCK' => '/home/.ssh-agent/socket'
    'DDEV_GID' => '20'
    'NODE_EXTRA_CA_CERTS' => '/mnt/ddev-global-cache/mkcert/rootCA.pem'
    'DOCKER_IP' => '127.0.0.1'
    'PGPASSWORD' => 'db'
    'CRAFT_WEB_ROOT' => '/var/www/html/web'
    'DDEV_DOCROOT' => 'web'
    'PWD' => '/var/www/html'
    'PLATFORMSH_CLI_UPDATES_CHECK' => '0'
    'DDEV_APPROOT' => '/var/www/html'
    'DDEV_FILES_DIR' => ''
    'START_SCRIPT_TIMEOUT' => '57'
    'APACHE_SITE_TEMPLATE' => '/etc/apache2/apache-site.conf'
    'PHP_INI' => '/etc/php/8.2/fpm/php.ini'
    'DDEV_VERSION' => 'v1.24.10'
    'PRIMARY_SITE_URL' => 'https://derschmuckmacher-v3.ddev.site'
    'TZ' => 'Europe/Zurich'
    'DDEV_XHPROF_MODE' => 'prepend'
    'HTTPS_EXPOSE' => '443:80,8026:8025'
    'COREPACK_HOME' => '/mnt/ddev-global-cache/corepack'
    'CRAFT_DB_DATABASE' => 'db'
    'DDEV_PRIMARY_URL' => 'https://derschmuckmacher-v3.ddev.site'
    'LINES' => '6'
    'DDEV_SITENAME' => 'derschmuckmacher-v3'
    'HOME' => '/home/omar'
    'DRUSH_OPTIONS_URI' => 'https://derschmuckmacher-v3.ddev.site'
    'LANG' => 'C.UTF-8'
    'COLUMNS' => '182'
    'DDEV_MUTAGEN_ENABLED' => 'true'
    'DDEV_USER' => 'omar'
    'PGUSER' => 'db'
    'TERMINUS_CACHE_DIR' => '/mnt/ddev-global-cache/terminus/cache'
    'DDEV_PRIMARY_URL_PORT' => '443'
    'DDEV_ROUTER_HTTP_PORT' => '80'
    'MAILPIT_SMTP_HOSTNAME' => '127.0.0.1'
    'CRAFT_DB_DRIVER' => 'mysql'
    'COMPOSER_PROCESS_TIMEOUT' => '2000'
    'NGINX_SITE_TEMPLATE' => '/etc/nginx/nginx-site.conf'
    'DDEV_FILES_DIRS' => ''
    'CRAFT_DB_SERVER' => 'db'
    'HTTP_EXPOSE' => '80:80,8025:8025'
    'NVM_DIR' => '/home/omar/.nvm'
    'DDEV_PHP_VERSION' => '8.2'
    'DDEV_TLD' => 'ddev.site'
    'DDEV_HOSTNAME' => 'derschmuckmacher-v3.ddev.site'
    'DDEV_PROJECT' => 'derschmuckmacher-v3'
    'DDEV_GOARCH' => 'arm64'
    'VIRTUAL_HOST' => 'derschmuckmacher-v3.ddev.site'
    'TERM' => 'xterm'
    'USER' => 'omar'
    'MYSQL_HISTFILE' => '/mnt/ddev-global-cache/mysqlhistory/derschmuckmacher-v3-web/mysql_history'
    'DDEV_WEB_ENTRYPOINT' => '/mnt/ddev_config/web-entrypoint.d'
    'DDEV_UID' => '501'
    'CAROOT' => '/mnt/ddev-global-cache/mkcert'
    'SHLVL' => '1'
    'COMPOSER_ALLOW_SUPERUSER' => '1'
    'BASH_ENV' => '/etc/bash.nointeractive.bashrc'
    'DDEV_DATABASE' => 'mysql:8.0'
    'PGDATABASE' => 'db'
    'CRAFT_DB_USER' => 'db'
    'DDEV_SCHEME' => 'https'
    'XHPROF_OUTPUT_DIR' => '/tmp/xhprof'
    'COMPOSER_CACHE_DIR' => '/mnt/ddev-global-cache/composer'
    'DDEV_XDEBUG_ENABLED' => 'false'
    'DDEV_DATABASE_FAMILY' => 'mysql'
    'PGHOST' => 'db'
    'DDEV_COMPOSER_ROOT' => '/var/www/html'
    'CRAFT_DB_PASSWORD' => '••'
    'DOCROOT' => 'web'
    'TERMINUS_HIDE_UPDATE_MESSAGE' => '1'
    'PATH' => '/home/omar/bin:/var/www/html/vendor/bin:/usr/local/sbin:/usr/local/bin:/usr/sbin:/usr/bin:/sbin:/bin:/var/www/html/bin:/mnt/ddev-global-cache/global-commands/web'
    'HOST_DOCKER_INTERNAL_IP' => ''
    'DDEV_PROJECT_TYPE' => 'craftcms'
    'DEBIAN_FRONTEND' => 'noninteractive'
    'DDEV_ROUTER_HTTPS_PORT' => '443'
    'EXECIGNORE' => '/var/www/html/vendor/bin/composer'
    'SUPERVISOR_ENABLED' => '1'
    'SUPERVISOR_SERVER_URL' => 'unix:///var/run/supervisor.sock'
    'SUPERVISOR_PROCESS_NAME' => 'php-fpm'
    'SUPERVISOR_GROUP_NAME' => 'php-fpm'
    'HTTP_X_REQUESTED_WITH' => 'XMLHttpRequest'
    'HTTP_X_REGISTERED_JS_FILES' => ''
    'HTTP_X_REGISTERED_ASSET_BUNDLES' => '815d39ea,92d8701,22e517a2,aee7f8dc,26c46c25,e505ffd6,6b4d7555,bb2f10a0,e5e48399,fc0bc163,1ccab40d,1e21896b,54698ee0,b842675b,1c3c9add,4b1fd285,d8d08e47,8f00ce04,8768f48b,cf3018d6,ec6d0256,e7c1329,75f47f25'
    'HTTP_X_REAL_IP' => '172.18.0.1'
    'HTTP_X_FORWARDED_SERVER' => 'e41c480b8ab1'
    'HTTP_X_FORWARDED_PROTO' => 'https'
    'HTTP_X_FORWARDED_PORT' => '443'
    'HTTP_X_FORWARDED_HOST' => 'derschmuckmacher-v3.ddev.site'
    'HTTP_X_FORWARDED_FOR' => '172.18.0.1'
    'HTTP_X_CSRF_TOKEN' => '••••••••••••••••••••••••••••••••••••••••••••••••••••••••••••••••••••••••••••••••••••••••••••••••••••••••••••••••••••••••••••••••••••••••••••••••••••••••••••••••••••••••••••••••••••••••••••••••••••••••••••••••••••••••••••••••••••••••••••••••••••••••••••••••••••••••••••••••••••••••••••••••••••••••••••••••••••••••••••••••••••••••••••••••••••••••••••••••••••••••••••••••••••••••••••••••••••••••'
    'HTTP_TE' => 'trailers'
    'HTTP_SEC_GPC' => '1'
    'HTTP_SEC_FETCH_SITE' => 'same-origin'
    'HTTP_SEC_FETCH_MODE' => 'cors'
    'HTTP_SEC_FETCH_DEST' => 'empty'
    'HTTP_REFERER' => 'https://derschmuckmacher-v3.ddev.site/dW2axQ3b/content/entries/singles/8689-startseite'
    'HTTP_ORIGIN' => 'https://derschmuckmacher-v3.ddev.site'
    'HTTP_COOKIE' => 'a8b7b1ec9ffb8baf2c6eaa253fe57112_username=26b9ec8568da68d3882e55afaa5d203483c6c5810ee05b5a55c8a0eb10cab93ea%3A2%3A%7Bi%3A0%3Bs%3A41%3A%22a8b7b1ec9ffb8baf2c6eaa253fe57112_username%22%3Bi%3A1%3Bs%3A8%3A%22odegiuli%22%3B%7D; cookieconsent_status=dismiss; CraftSessionId=16e2d99e4acc14f8abdf5818985e6d70; CRAFT_CSRF_TOKEN=5f0129e766c1d60a304c5b2b77758ee9859b2cc5fbd195fe80fa71ffc0c670eaa%3A2%3A%7Bi%3A0%3Bs%3A16%3A%22CRAFT_CSRF_TOKEN%22%3Bi%3A1%3Bs%3A147%3A%22ifNE57H486zr3C99fgKlQp266RX2LurQQ_FrgOuv%7Ccfe2656443ababa12bd8531fc6be39c06e85c07ed7c01ad4b06baad274f80ed2ifNE57H486zr3C99fgKlQp266RX2LurQQ_FrgOuv%7C1%22%3B%7D; a8b7b1ec9ffb8baf2c6eaa253fe57112_identity=774afa8ff0c30b4aa586cf826e9fb003d8e04afeab7172c7bcd95bda96057cdfa%3A2%3A%7Bi%3A0%3Bs%3A41%3A%22a8b7b1ec9ffb8baf2c6eaa253fe57112_identity%22%3Bi%3A1%3Bs%3A159%3A%22%5B1%2C%22%5B%5C%22DyuCHD7BS7ZPn12lYatobqgRPIHQhFDGbhKMi1_0LXuQVA7ouVqFyQ88gzyleiPALmsbcMjnHFCMnXktSpa1dcbjumx5AcJvatB3%5C%22%2Cnull%2C%5C%220ef01a0bceeac5b1d0a2b6557bd3d7b1%5C%22%5D%22%2C3600%5D%22%3B%7D; Craft-3626ffc1-d0a3-42e3-98aa-37e8aa759561_sidebar=expanded; Craft-3626ffc1-d0a3-42e3-98aa-37e8aa759561_sidebar-details=expanded'
    'HTTP_ACCEPT_LANGUAGE' => 'de,en-US;q=0.9,en;q=0.8'
    'HTTP_ACCEPT_ENCODING' => 'gzip, deflate, br, zstd'
    'HTTP_ACCEPT' => 'application/json, text/plain, */*'
    'HTTP_CONTENT_LENGTH' => '0'
    'HTTP_USER_AGENT' => 'Mozilla/5.0 (Macintosh; Intel Mac OS X 10.15; rv:150.0) Gecko/20100101 Firefox/150.0'
    'HTTP_HOST' => 'derschmuckmacher-v3.ddev.site'
    'HTTPS' => 'on'
    'REDIRECT_STATUS' => '200'
    'SERVER_NAME' => 'derschmuckmacher-v3.ddev.site'
    'SERVER_PORT' => '80'
    'SERVER_ADDR' => '172.18.0.4'
    'REMOTE_PORT' => '52146'
    'REMOTE_ADDR' => '172.18.0.5'
    'SERVER_SOFTWARE' => 'nginx/1.28.0'
    'GATEWAY_INTERFACE' => 'CGI/1.1'
    'REQUEST_SCHEME' => 'http'
    'SERVER_PROTOCOL' => 'HTTP/1.1'
    'DOCUMENT_ROOT' => '/var/www/html/web'
    'DOCUMENT_URI' => '/index.php'
    'REQUEST_URI' => '/index.php?p=dW2axQ3b%2Factions%2Fqueue%2Frun&v=1777729668889'
    'CONTENT_LENGTH' => '0'
    'CONTENT_TYPE' => ''
    'REQUEST_METHOD' => 'POST'
    'QUERY_STRING' => 'p=dW2axQ3b%2Factions%2Fqueue%2Frun&v=1777729668889'
    'SCRIPT_NAME' => '/index.php'
    'SCRIPT_FILENAME' => '/var/www/html/web/index.php'
    'FCGI_ROLE' => 'RESPONDER'
    'PHP_SELF' => '/index.php'
    'REQUEST_TIME_FLOAT' => 1777729668.9287
    'REQUEST_TIME' => 1777729668
    'CRAFT_APP_ID' => 'CraftCMS--3933bc78-29f5-4b79-bcc5-c31faf0fcd20'
    'CRAFT_ENVIRONMENT' => 'dev'
    'ENVIRONMENT' => 'dev'
    'CRAFT_SECURITY_KEY' => '••••••••••••••••••••••••••••••••'
    'CP_TRIGGER' => 'dW2axQ3b'
    'CRAFT_DB_SCHEMA' => 'public'
    'CRAFT_DB_TABLE_PREFIX' => ''
    'DEV_MODE' => 'true'
    'ALLOW_ADMIN_CHANGES' => 'true'
    'DISALLOW_ROBOTS' => 'true'
    'TIMEZONE' => 'Europe/Zurich'
    'CAPTCHA_SITE_KEY' => '••••••••••••••••••••••••••••••••••••••••'
    'CAPTCHA_SECRET_KEY' => '••••••••••••••••••••••••••••••••••••••••'
    'WEB_URL' => 'https://derschmuckmacher-v3.ddev.site'
    'WEB_ROOT' => '/var/www/html/web'
    'ASSETS_BASE_URL' => 'https://derschmuckmacher-v3.ddev.site/public'
    'ASSETS_BASE_PATH' => '/var/www/html/web/public'
    'SCHMUCK_BASE_URL' => 'https://derschmuckmacher-v3.ddev.site/public/uploads/schmuck'
    'SCHMUCK_BASE_PATH' => '/var/www/html/web/public/uploads/schmuck'
    'BILDER_BASE_URL' => 'https://derschmuckmacher-v3.ddev.site/public/uploads/bilder'
    'BILDER_BASE_PATH' => '/var/www/html/web/public/uploads/bilder'
] {"environment":"dev","userId":1} 
2026-05-02 15:48:01 [queue.INFO] [yii\db\Connection::open] Opening DB connection: mysql:host=db;dbname=db;port=3306 {"memory":1101288} 
2026-05-02 15:48:01 [queue.INFO] [yii\web\Session::open] Session started {"memory":1524544} 
2026-05-02 15:48:01 [queue.INFO] [nystudio107\codeeditor\CodeEditor::bootstrap] CodeEditor module bootstrapped {"memory":1546304} 
2026-05-02 15:48:01 [queue.INFO] [adigital\cookieconsentbanner\CookieConsentBanner::init] Cookie Consent Banner plugin loaded {"memory":1762296} 
2026-05-02 15:48:01 [queue.INFO] [miranj\obfuscator\Obfuscator::init] Obfuscator plugin loaded {"memory":2722256} 
2026-05-02 15:48:01 [queue.INFO] [yii\db\Connection::open] Opening DB connection: mysql:host=db;dbname=db;port=3306 {"memory":2989376} 
2026-05-02 15:48:01 [queue.INFO] [craft\queue\QueueLogBehavior::beforeExec]  [40640] t9n:["app","Updating search indexes"] (attempt: 1, pid: 2861) - Started {"memory":3048128} 
2026-05-02 15:48:01 [queue.INFO] [craft\queue\QueueLogBehavior::afterExec]  [40640] t9n:["app","Updating search indexes"] (attempt: 1, pid: 2861) - Done (time: 0.010s) {"memory":3625552} 
2026-05-02 15:48:01 [queue.INFO] [craft\queue\QueueLogBehavior::beforeExec]  [40641] t9n:["app","Updating search indexes"] (attempt: 1, pid: 2861) - Started {"memory":3633584} 
2026-05-02 15:48:01 [queue.INFO] [craft\queue\QueueLogBehavior::afterExec]  [40641] t9n:["app","Updating search indexes"] (attempt: 1, pid: 2861) - Done (time: 0.004s) {"memory":4109800} 
2026-05-02 15:48:01 [queue.INFO] [craft\queue\QueueLogBehavior::beforeExec]  [40642] t9n:["app","Pruning extra revisions"] (attempt: 1, pid: 2861) - Started {"memory":4117784} 
2026-05-02 15:48:01 [queue.INFO] [craft\queue\QueueLogBehavior::afterExec]  [40642] t9n:["app","Pruning extra revisions"] (attempt: 1, pid: 2861) - Done (time: 0.001s) {"memory":4203648} 
2026-05-02 15:48:01 [queue.INFO] [application] Request context:
$_GET = [
    'p' => 'dW2axQ3b/actions/queue/run'
    'v' => '1777729680850'
]

$_POST = []

$_FILES = []

$_COOKIE = [
    'a8b7b1ec9ffb8baf2c6eaa253fe57112_username' => '26b9ec8568da68d3882e55afaa5d203483c6c5810ee05b5a55c8a0eb10cab93ea:2:{i:0;s:41:\"a8b7b1ec9ffb8baf2c6eaa253fe57112_username\";i:1;s:8:\"odegiuli\";}'
    'cookieconsent_status' => 'dismiss'
    'CraftSessionId' => '16e2d99e4acc14f8abdf5818985e6d70'
    'CRAFT_CSRF_TOKEN' => '••••••••••••••••••••••••••••••••••••••••••••••••••••••••••••••••••••••••••••••••••••••••••••••••••••••••••••••••••••••••••••••••••••••••••••••••••••••••••••••••••••••••••••••••••••••••••••••••••••••••••••••••••••••••••••••••••••••••••••••••••••••••••••••••••'
    'a8b7b1ec9ffb8baf2c6eaa253fe57112_identity' => '774afa8ff0c30b4aa586cf826e9fb003d8e04afeab7172c7bcd95bda96057cdfa:2:{i:0;s:41:\"a8b7b1ec9ffb8baf2c6eaa253fe57112_identity\";i:1;s:159:\"[1,\"[\\\"DyuCHD7BS7ZPn12lYatobqgRPIHQhFDGbhKMi1_0LXuQVA7ouVqFyQ88gzyleiPALmsbcMjnHFCMnXktSpa1dcbjumx5AcJvatB3\\\",null,\\\"0ef01a0bceeac5b1d0a2b6557bd3d7b1\\\"]\",3600]\";}'
    'Craft-3626ffc1-d0a3-42e3-98aa-37e8aa759561_sidebar' => 'expanded'
    'Craft-3626ffc1-d0a3-42e3-98aa-37e8aa759561_sidebar-details' => 'expanded'
]

$_SESSION = [
    'a8b7b1ec9ffb8baf2c6eaa253fe57112__token' => '••••••••••••••••••••••••••••••••••••••••••••••••••••••••••••••••••••••••••••••••••••••••••••••••••••'
    'a8b7b1ec9ffb8baf2c6eaa253fe57112__id' => 1
    '__authKey' => '••••••••••••••••••••••••••••••••••••••••••••••••••••••••••••••••••••••••••••••••••••••••••••••••••••••••••••••••••••••••••••••••••••••••••••••••'
    'a8b7b1ec9ffb8baf2c6eaa253fe57112__expire' => 1777733281
    '__duration' => 3600
    '__elevated_timeout' => 1777726029
    '22b6a59deafcfb2ffb13c3adf3d98a3b__auth_access' => [
        0 => 'previewElement:8578'
        1 => 'saveAssets:1986f3e0-bf2e-4ccd-b34c-7ec2d979afdd'
        2 => 'previewDraft:1010'
        3 => 'saveAssets:'
        4 => 'previewDraft:1011'
        5 => 'editStructure:1'
        6 => 'editStructure:2'
        7 => 'previewElement:8582'
        8 => 'saveAssets:856a3aeb-b21b-4d41-af3f-0a23db430323'
        9 => 'previewElement:8781'
        10 => 'previewElement:8689'
        11 => 'manageNestedElements::8755::field:kacheln'
        12 => 'previewDraft:1012'
        13 => 'previewDraft:1014'
        14 => 'previewDraft:1016'
    ]
    '22b6a59deafcfb2ffb13c3adf3d98a3b__flash' => []
]

$_SERVER = [
    'DEPLOY_NAME' => 'local'
    'DDEV_WEBSERVER_TYPE' => 'nginx-fpm'
    'npm_config_cache' => '/mnt/ddev-global-cache/npm'
    'COREPACK_ENABLE_DOWNLOAD_PROMPT' => '0'
    'DDEV_GOOS' => 'darwin'
    'IS_DDEV_PROJECT' => 'true'
    'PHP_DEFAULT_VERSION' => '8.3'
    'HOSTNAME' => 'derschmuckmacher-v3-web'
    'MAILPIT_SMTP_PORT' => '1025'
    'MH_SMTP_BIND_ADDR' => '127.0.0.1:1025'
    'DDEV_PRIMARY_URL_WITHOUT_PORT' => 'https://derschmuckmacher-v3.ddev.site'
    'CRAFT_DB_PORT' => '3306'
    'SSH_AUTH_SOCK' => '/home/.ssh-agent/socket'
    'DDEV_GID' => '20'
    'NODE_EXTRA_CA_CERTS' => '/mnt/ddev-global-cache/mkcert/rootCA.pem'
    'DOCKER_IP' => '127.0.0.1'
    'PGPASSWORD' => 'db'
    'CRAFT_WEB_ROOT' => '/var/www/html/web'
    'DDEV_DOCROOT' => 'web'
    'PWD' => '/var/www/html'
    'PLATFORMSH_CLI_UPDATES_CHECK' => '0'
    'DDEV_APPROOT' => '/var/www/html'
    'DDEV_FILES_DIR' => ''
    'START_SCRIPT_TIMEOUT' => '57'
    'APACHE_SITE_TEMPLATE' => '/etc/apache2/apache-site.conf'
    'PHP_INI' => '/etc/php/8.2/fpm/php.ini'
    'DDEV_VERSION' => 'v1.24.10'
    'PRIMARY_SITE_URL' => 'https://derschmuckmacher-v3.ddev.site'
    'TZ' => 'Europe/Zurich'
    'DDEV_XHPROF_MODE' => 'prepend'
    'HTTPS_EXPOSE' => '443:80,8026:8025'
    'COREPACK_HOME' => '/mnt/ddev-global-cache/corepack'
    'CRAFT_DB_DATABASE' => 'db'
    'DDEV_PRIMARY_URL' => 'https://derschmuckmacher-v3.ddev.site'
    'LINES' => '6'
    'DDEV_SITENAME' => 'derschmuckmacher-v3'
    'HOME' => '/home/omar'
    'DRUSH_OPTIONS_URI' => 'https://derschmuckmacher-v3.ddev.site'
    'LANG' => 'C.UTF-8'
    'COLUMNS' => '182'
    'DDEV_MUTAGEN_ENABLED' => 'true'
    'DDEV_USER' => 'omar'
    'PGUSER' => 'db'
    'TERMINUS_CACHE_DIR' => '/mnt/ddev-global-cache/terminus/cache'
    'DDEV_PRIMARY_URL_PORT' => '443'
    'DDEV_ROUTER_HTTP_PORT' => '80'
    'MAILPIT_SMTP_HOSTNAME' => '127.0.0.1'
    'CRAFT_DB_DRIVER' => 'mysql'
    'COMPOSER_PROCESS_TIMEOUT' => '2000'
    'NGINX_SITE_TEMPLATE' => '/etc/nginx/nginx-site.conf'
    'DDEV_FILES_DIRS' => ''
    'CRAFT_DB_SERVER' => 'db'
    'HTTP_EXPOSE' => '80:80,8025:8025'
    'NVM_DIR' => '/home/omar/.nvm'
    'DDEV_PHP_VERSION' => '8.2'
    'DDEV_TLD' => 'ddev.site'
    'DDEV_HOSTNAME' => 'derschmuckmacher-v3.ddev.site'
    'DDEV_PROJECT' => 'derschmuckmacher-v3'
    'DDEV_GOARCH' => 'arm64'
    'VIRTUAL_HOST' => 'derschmuckmacher-v3.ddev.site'
    'TERM' => 'xterm'
    'USER' => 'omar'
    'MYSQL_HISTFILE' => '/mnt/ddev-global-cache/mysqlhistory/derschmuckmacher-v3-web/mysql_history'
    'DDEV_WEB_ENTRYPOINT' => '/mnt/ddev_config/web-entrypoint.d'
    'DDEV_UID' => '501'
    'CAROOT' => '/mnt/ddev-global-cache/mkcert'
    'SHLVL' => '1'
    'COMPOSER_ALLOW_SUPERUSER' => '1'
    'BASH_ENV' => '/etc/bash.nointeractive.bashrc'
    'DDEV_DATABASE' => 'mysql:8.0'
    'PGDATABASE' => 'db'
    'CRAFT_DB_USER' => 'db'
    'DDEV_SCHEME' => 'https'
    'XHPROF_OUTPUT_DIR' => '/tmp/xhprof'
    'COMPOSER_CACHE_DIR' => '/mnt/ddev-global-cache/composer'
    'DDEV_XDEBUG_ENABLED' => 'false'
    'DDEV_DATABASE_FAMILY' => 'mysql'
    'PGHOST' => 'db'
    'DDEV_COMPOSER_ROOT' => '/var/www/html'
    'CRAFT_DB_PASSWORD' => '••'
    'DOCROOT' => 'web'
    'TERMINUS_HIDE_UPDATE_MESSAGE' => '1'
    'PATH' => '/home/omar/bin:/var/www/html/vendor/bin:/usr/local/sbin:/usr/local/bin:/usr/sbin:/usr/bin:/sbin:/bin:/var/www/html/bin:/mnt/ddev-global-cache/global-commands/web'
    'HOST_DOCKER_INTERNAL_IP' => ''
    'DDEV_PROJECT_TYPE' => 'craftcms'
    'DEBIAN_FRONTEND' => 'noninteractive'
    'DDEV_ROUTER_HTTPS_PORT' => '443'
    'EXECIGNORE' => '/var/www/html/vendor/bin/composer'
    'SUPERVISOR_ENABLED' => '1'
    'SUPERVISOR_SERVER_URL' => 'unix:///var/run/supervisor.sock'
    'SUPERVISOR_PROCESS_NAME' => 'php-fpm'
    'SUPERVISOR_GROUP_NAME' => 'php-fpm'
    'HTTP_X_REQUESTED_WITH' => 'XMLHttpRequest'
    'HTTP_X_REGISTERED_JS_FILES' => ''
    'HTTP_X_REGISTERED_ASSET_BUNDLES' => '815d39ea,92d8701,22e517a2,aee7f8dc,26c46c25,e505ffd6,6b4d7555,bb2f10a0,e5e48399,fc0bc163,1ccab40d,1e21896b,54698ee0,b842675b,1c3c9add,4b1fd285,d8d08e47,8f00ce04,8768f48b,cf3018d6,ec6d0256,e7c1329,75f47f25'
    'HTTP_X_REAL_IP' => '172.18.0.1'
    'HTTP_X_FORWARDED_SERVER' => 'e41c480b8ab1'
    'HTTP_X_FORWARDED_PROTO' => 'https'
    'HTTP_X_FORWARDED_PORT' => '443'
    'HTTP_X_FORWARDED_HOST' => 'derschmuckmacher-v3.ddev.site'
    'HTTP_X_FORWARDED_FOR' => '172.18.0.1'
    'HTTP_X_CSRF_TOKEN' => '••••••••••••••••••••••••••••••••••••••••••••••••••••••••••••••••••••••••••••••••••••••••••••••••••••••••••••••••••••••••••••••••••••••••••••••••••••••••••••••••••••••••••••••••••••••••••••••••••••••••••••••••••••••••••••••••••••••••••••••••••••••••••••••••••••••••••••••••••••••••••••••••••••••••••••••••••••••••••••••••••••••••••••••••••••••••••••••••••••••••••••••••••••••••••••••••••••••••'
    'HTTP_TE' => 'trailers'
    'HTTP_SEC_GPC' => '1'
    'HTTP_SEC_FETCH_SITE' => 'same-origin'
    'HTTP_SEC_FETCH_MODE' => 'cors'
    'HTTP_SEC_FETCH_DEST' => 'empty'
    'HTTP_REFERER' => 'https://derschmuckmacher-v3.ddev.site/dW2axQ3b/content/entries/singles/8689-startseite'
    'HTTP_ORIGIN' => 'https://derschmuckmacher-v3.ddev.site'
    'HTTP_COOKIE' => 'a8b7b1ec9ffb8baf2c6eaa253fe57112_username=26b9ec8568da68d3882e55afaa5d203483c6c5810ee05b5a55c8a0eb10cab93ea%3A2%3A%7Bi%3A0%3Bs%3A41%3A%22a8b7b1ec9ffb8baf2c6eaa253fe57112_username%22%3Bi%3A1%3Bs%3A8%3A%22odegiuli%22%3B%7D; cookieconsent_status=dismiss; CraftSessionId=16e2d99e4acc14f8abdf5818985e6d70; CRAFT_CSRF_TOKEN=5f0129e766c1d60a304c5b2b77758ee9859b2cc5fbd195fe80fa71ffc0c670eaa%3A2%3A%7Bi%3A0%3Bs%3A16%3A%22CRAFT_CSRF_TOKEN%22%3Bi%3A1%3Bs%3A147%3A%22ifNE57H486zr3C99fgKlQp266RX2LurQQ_FrgOuv%7Ccfe2656443ababa12bd8531fc6be39c06e85c07ed7c01ad4b06baad274f80ed2ifNE57H486zr3C99fgKlQp266RX2LurQQ_FrgOuv%7C1%22%3B%7D; a8b7b1ec9ffb8baf2c6eaa253fe57112_identity=774afa8ff0c30b4aa586cf826e9fb003d8e04afeab7172c7bcd95bda96057cdfa%3A2%3A%7Bi%3A0%3Bs%3A41%3A%22a8b7b1ec9ffb8baf2c6eaa253fe57112_identity%22%3Bi%3A1%3Bs%3A159%3A%22%5B1%2C%22%5B%5C%22DyuCHD7BS7ZPn12lYatobqgRPIHQhFDGbhKMi1_0LXuQVA7ouVqFyQ88gzyleiPALmsbcMjnHFCMnXktSpa1dcbjumx5AcJvatB3%5C%22%2Cnull%2C%5C%220ef01a0bceeac5b1d0a2b6557bd3d7b1%5C%22%5D%22%2C3600%5D%22%3B%7D; Craft-3626ffc1-d0a3-42e3-98aa-37e8aa759561_sidebar=expanded; Craft-3626ffc1-d0a3-42e3-98aa-37e8aa759561_sidebar-details=expanded'
    'HTTP_ACCEPT_LANGUAGE' => 'de,en-US;q=0.9,en;q=0.8'
    'HTTP_ACCEPT_ENCODING' => 'gzip, deflate, br, zstd'
    'HTTP_ACCEPT' => 'application/json, text/plain, */*'
    'HTTP_CONTENT_LENGTH' => '0'
    'HTTP_USER_AGENT' => 'Mozilla/5.0 (Macintosh; Intel Mac OS X 10.15; rv:150.0) Gecko/20100101 Firefox/150.0'
    'HTTP_HOST' => 'derschmuckmacher-v3.ddev.site'
    'HTTPS' => 'on'
    'REDIRECT_STATUS' => '200'
    'SERVER_NAME' => 'derschmuckmacher-v3.ddev.site'
    'SERVER_PORT' => '80'
    'SERVER_ADDR' => '172.18.0.4'
    'REMOTE_PORT' => '45866'
    'REMOTE_ADDR' => '172.18.0.5'
    'SERVER_SOFTWARE' => 'nginx/1.28.0'
    'GATEWAY_INTERFACE' => 'CGI/1.1'
    'REQUEST_SCHEME' => 'http'
    'SERVER_PROTOCOL' => 'HTTP/1.1'
    'DOCUMENT_ROOT' => '/var/www/html/web'
    'DOCUMENT_URI' => '/index.php'
    'REQUEST_URI' => '/index.php?p=dW2axQ3b%2Factions%2Fqueue%2Frun&v=1777729680850'
    'CONTENT_LENGTH' => '0'
    'CONTENT_TYPE' => ''
    'REQUEST_METHOD' => 'POST'
    'QUERY_STRING' => 'p=dW2axQ3b%2Factions%2Fqueue%2Frun&v=1777729680850'
    'SCRIPT_NAME' => '/index.php'
    'SCRIPT_FILENAME' => '/var/www/html/web/index.php'
    'FCGI_ROLE' => 'RESPONDER'
    'PHP_SELF' => '/index.php'
    'REQUEST_TIME_FLOAT' => 1777729680.8649
    'REQUEST_TIME' => 1777729680
    'CRAFT_APP_ID' => 'CraftCMS--3933bc78-29f5-4b79-bcc5-c31faf0fcd20'
    'CRAFT_ENVIRONMENT' => 'dev'
    'ENVIRONMENT' => 'dev'
    'CRAFT_SECURITY_KEY' => '••••••••••••••••••••••••••••••••'
    'CP_TRIGGER' => 'dW2axQ3b'
    'CRAFT_DB_SCHEMA' => 'public'
    'CRAFT_DB_TABLE_PREFIX' => ''
    'DEV_MODE' => 'true'
    'ALLOW_ADMIN_CHANGES' => 'true'
    'DISALLOW_ROBOTS' => 'true'
    'TIMEZONE' => 'Europe/Zurich'
    'CAPTCHA_SITE_KEY' => '••••••••••••••••••••••••••••••••••••••••'
    'CAPTCHA_SECRET_KEY' => '••••••••••••••••••••••••••••••••••••••••'
    'WEB_URL' => 'https://derschmuckmacher-v3.ddev.site'
    'WEB_ROOT' => '/var/www/html/web'
    'ASSETS_BASE_URL' => 'https://derschmuckmacher-v3.ddev.site/public'
    'ASSETS_BASE_PATH' => '/var/www/html/web/public'
    'SCHMUCK_BASE_URL' => 'https://derschmuckmacher-v3.ddev.site/public/uploads/schmuck'
    'SCHMUCK_BASE_PATH' => '/var/www/html/web/public/uploads/schmuck'
    'BILDER_BASE_URL' => 'https://derschmuckmacher-v3.ddev.site/public/uploads/bilder'
    'BILDER_BASE_PATH' => '/var/www/html/web/public/uploads/bilder'
] {"environment":"dev","userId":1} 
2026-05-02 15:50:14 [queue.INFO] [yii\db\Connection::open] Opening DB connection: mysql:host=db;dbname=db;port=3306 {"memory":1101352} 
2026-05-02 15:50:14 [queue.INFO] [yii\web\Session::open] Session started {"memory":1525448} 
2026-05-02 15:50:14 [queue.INFO] [nystudio107\codeeditor\CodeEditor::bootstrap] CodeEditor module bootstrapped {"memory":1547208} 
2026-05-02 15:50:14 [queue.INFO] [adigital\cookieconsentbanner\CookieConsentBanner::init] Cookie Consent Banner plugin loaded {"memory":1763560} 
2026-05-02 15:50:14 [queue.INFO] [miranj\obfuscator\Obfuscator::init] Obfuscator plugin loaded {"memory":2723520} 
2026-05-02 15:50:14 [queue.INFO] [yii\db\Connection::open] Opening DB connection: mysql:host=db;dbname=db;port=3306 {"memory":2990640} 
2026-05-02 15:50:14 [queue.INFO] [craft\queue\QueueLogBehavior::beforeExec]  [40643] t9n:["app","Updating search indexes"] (attempt: 1, pid: 1664) - Started {"memory":3049392} 
2026-05-02 15:50:14 [queue.INFO] [craft\queue\QueueLogBehavior::afterExec]  [40643] t9n:["app","Updating search indexes"] (attempt: 1, pid: 1664) - Done (time: 0.012s) {"memory":3626816} 
2026-05-02 15:50:14 [queue.INFO] [craft\queue\QueueLogBehavior::beforeExec]  [40644] t9n:["app","Updating search indexes"] (attempt: 1, pid: 1664) - Started {"memory":3634848} 
2026-05-02 15:50:14 [queue.INFO] [craft\queue\QueueLogBehavior::afterExec]  [40644] t9n:["app","Updating search indexes"] (attempt: 1, pid: 1664) - Done (time: 0.001s) {"memory":3724784} 
2026-05-02 15:50:14 [queue.INFO] [craft\queue\QueueLogBehavior::beforeExec]  [40645] t9n:["app","Updating search indexes"] (attempt: 1, pid: 1664) - Started {"memory":3732768} 
2026-05-02 15:50:14 [queue.INFO] [craft\queue\QueueLogBehavior::afterExec]  [40645] t9n:["app","Updating search indexes"] (attempt: 1, pid: 1664) - Done (time: 0.000s) {"memory":3734192} 
2026-05-02 15:50:14 [queue.INFO] [craft\queue\QueueLogBehavior::beforeExec]  [40646] t9n:["app","Updating search indexes"] (attempt: 1, pid: 1664) - Started {"memory":3746592} 
2026-05-02 15:50:14 [queue.INFO] [craft\queue\QueueLogBehavior::afterExec]  [40646] t9n:["app","Updating search indexes"] (attempt: 1, pid: 1664) - Done (time: 0.008s) {"memory":4218832} 
2026-05-02 15:50:14 [queue.INFO] [craft\queue\QueueLogBehavior::beforeExec]  [40647] t9n:["app","Updating search indexes"] (attempt: 1, pid: 1664) - Started {"memory":4226816} 
2026-05-02 15:50:14 [queue.INFO] [craft\queue\QueueLogBehavior::afterExec]  [40647] t9n:["app","Updating search indexes"] (attempt: 1, pid: 1664) - Done (time: 0.003s) {"memory":4429256} 
2026-05-02 15:50:14 [queue.INFO] [craft\queue\QueueLogBehavior::beforeExec]  [40648] t9n:["app","Pruning extra revisions"] (attempt: 1, pid: 1664) - Started {"memory":4437240} 
2026-05-02 15:50:14 [queue.INFO] [craft\queue\QueueLogBehavior::afterExec]  [40648] t9n:["app","Pruning extra revisions"] (attempt: 1, pid: 1664) - Done (time: 0.000s) {"memory":4516992} 
2026-05-02 15:50:14 [queue.INFO] [craft\queue\QueueLogBehavior::beforeExec]  [40649] t9n:["app","Pruning extra revisions"] (attempt: 1, pid: 1664) - Started {"memory":4524976} 
2026-05-02 15:50:14 [queue.INFO] [craft\queue\QueueLogBehavior::afterExec]  [40649] t9n:["app","Pruning extra revisions"] (attempt: 1, pid: 1664) - Done (time: 0.001s) {"memory":4637464} 
2026-05-02 15:50:14 [queue.INFO] [application] Request context:
$_GET = [
    'p' => 'dW2axQ3b/actions/queue/run'
    'v' => '1777729814696'
]

$_POST = []

$_FILES = []

$_COOKIE = [
    'a8b7b1ec9ffb8baf2c6eaa253fe57112_username' => '26b9ec8568da68d3882e55afaa5d203483c6c5810ee05b5a55c8a0eb10cab93ea:2:{i:0;s:41:\"a8b7b1ec9ffb8baf2c6eaa253fe57112_username\";i:1;s:8:\"odegiuli\";}'
    'cookieconsent_status' => 'dismiss'
    'CraftSessionId' => '16e2d99e4acc14f8abdf5818985e6d70'
    'CRAFT_CSRF_TOKEN' => '••••••••••••••••••••••••••••••••••••••••••••••••••••••••••••••••••••••••••••••••••••••••••••••••••••••••••••••••••••••••••••••••••••••••••••••••••••••••••••••••••••••••••••••••••••••••••••••••••••••••••••••••••••••••••••••••••••••••••••••••••••••••••••••••••'
    'a8b7b1ec9ffb8baf2c6eaa253fe57112_identity' => '774afa8ff0c30b4aa586cf826e9fb003d8e04afeab7172c7bcd95bda96057cdfa:2:{i:0;s:41:\"a8b7b1ec9ffb8baf2c6eaa253fe57112_identity\";i:1;s:159:\"[1,\"[\\\"DyuCHD7BS7ZPn12lYatobqgRPIHQhFDGbhKMi1_0LXuQVA7ouVqFyQ88gzyleiPALmsbcMjnHFCMnXktSpa1dcbjumx5AcJvatB3\\\",null,\\\"0ef01a0bceeac5b1d0a2b6557bd3d7b1\\\"]\",3600]\";}'
    'Craft-3626ffc1-d0a3-42e3-98aa-37e8aa759561_sidebar' => 'expanded'
    'Craft-3626ffc1-d0a3-42e3-98aa-37e8aa759561_sidebar-details' => 'expanded'
]

$_SESSION = [
    'a8b7b1ec9ffb8baf2c6eaa253fe57112__token' => '••••••••••••••••••••••••••••••••••••••••••••••••••••••••••••••••••••••••••••••••••••••••••••••••••••'
    'a8b7b1ec9ffb8baf2c6eaa253fe57112__id' => 1
    '__authKey' => '••••••••••••••••••••••••••••••••••••••••••••••••••••••••••••••••••••••••••••••••••••••••••••••••••••••••••••••••••••••••••••••••••••••••••••••••'
    'a8b7b1ec9ffb8baf2c6eaa253fe57112__expire' => 1777733414
    '__duration' => 3600
    '__elevated_timeout' => 1777726029
    '22b6a59deafcfb2ffb13c3adf3d98a3b__auth_access' => [
        0 => 'previewElement:8578'
        1 => 'saveAssets:1986f3e0-bf2e-4ccd-b34c-7ec2d979afdd'
        2 => 'previewDraft:1010'
        3 => 'saveAssets:'
        4 => 'previewDraft:1011'
        5 => 'editStructure:1'
        6 => 'editStructure:2'
        7 => 'previewElement:8582'
        8 => 'saveAssets:856a3aeb-b21b-4d41-af3f-0a23db430323'
        9 => 'previewElement:8781'
        10 => 'previewElement:8689'
        11 => 'manageNestedElements::8755::field:kacheln'
        12 => 'previewDraft:1012'
        13 => 'previewDraft:1014'
        14 => 'previewDraft:1016'
        15 => 'previewElement:8616'
        16 => 'manageNestedElements::8844::field:kacheln'
        17 => 'previewDraft:1017'
    ]
    '22b6a59deafcfb2ffb13c3adf3d98a3b__flash' => []
]

$_SERVER = [
    'DEPLOY_NAME' => 'local'
    'DDEV_WEBSERVER_TYPE' => 'nginx-fpm'
    'npm_config_cache' => '/mnt/ddev-global-cache/npm'
    'COREPACK_ENABLE_DOWNLOAD_PROMPT' => '0'
    'DDEV_GOOS' => 'darwin'
    'IS_DDEV_PROJECT' => 'true'
    'PHP_DEFAULT_VERSION' => '8.3'
    'HOSTNAME' => 'derschmuckmacher-v3-web'
    'MAILPIT_SMTP_PORT' => '1025'
    'MH_SMTP_BIND_ADDR' => '127.0.0.1:1025'
    'DDEV_PRIMARY_URL_WITHOUT_PORT' => 'https://derschmuckmacher-v3.ddev.site'
    'CRAFT_DB_PORT' => '3306'
    'SSH_AUTH_SOCK' => '/home/.ssh-agent/socket'
    'DDEV_GID' => '20'
    'NODE_EXTRA_CA_CERTS' => '/mnt/ddev-global-cache/mkcert/rootCA.pem'
    'DOCKER_IP' => '127.0.0.1'
    'PGPASSWORD' => 'db'
    'CRAFT_WEB_ROOT' => '/var/www/html/web'
    'DDEV_DOCROOT' => 'web'
    'PWD' => '/var/www/html'
    'PLATFORMSH_CLI_UPDATES_CHECK' => '0'
    'DDEV_APPROOT' => '/var/www/html'
    'DDEV_FILES_DIR' => ''
    'START_SCRIPT_TIMEOUT' => '57'
    'APACHE_SITE_TEMPLATE' => '/etc/apache2/apache-site.conf'
    'PHP_INI' => '/etc/php/8.2/fpm/php.ini'
    'DDEV_VERSION' => 'v1.24.10'
    'PRIMARY_SITE_URL' => 'https://derschmuckmacher-v3.ddev.site'
    'TZ' => 'Europe/Zurich'
    'DDEV_XHPROF_MODE' => 'prepend'
    'HTTPS_EXPOSE' => '443:80,8026:8025'
    'COREPACK_HOME' => '/mnt/ddev-global-cache/corepack'
    'CRAFT_DB_DATABASE' => 'db'
    'DDEV_PRIMARY_URL' => 'https://derschmuckmacher-v3.ddev.site'
    'LINES' => '6'
    'DDEV_SITENAME' => 'derschmuckmacher-v3'
    'HOME' => '/home/omar'
    'DRUSH_OPTIONS_URI' => 'https://derschmuckmacher-v3.ddev.site'
    'LANG' => 'C.UTF-8'
    'COLUMNS' => '182'
    'DDEV_MUTAGEN_ENABLED' => 'true'
    'DDEV_USER' => 'omar'
    'PGUSER' => 'db'
    'TERMINUS_CACHE_DIR' => '/mnt/ddev-global-cache/terminus/cache'
    'DDEV_PRIMARY_URL_PORT' => '443'
    'DDEV_ROUTER_HTTP_PORT' => '80'
    'MAILPIT_SMTP_HOSTNAME' => '127.0.0.1'
    'CRAFT_DB_DRIVER' => 'mysql'
    'COMPOSER_PROCESS_TIMEOUT' => '2000'
    'NGINX_SITE_TEMPLATE' => '/etc/nginx/nginx-site.conf'
    'DDEV_FILES_DIRS' => ''
    'CRAFT_DB_SERVER' => 'db'
    'HTTP_EXPOSE' => '80:80,8025:8025'
    'NVM_DIR' => '/home/omar/.nvm'
    'DDEV_PHP_VERSION' => '8.2'
    'DDEV_TLD' => 'ddev.site'
    'DDEV_HOSTNAME' => 'derschmuckmacher-v3.ddev.site'
    'DDEV_PROJECT' => 'derschmuckmacher-v3'
    'DDEV_GOARCH' => 'arm64'
    'VIRTUAL_HOST' => 'derschmuckmacher-v3.ddev.site'
    'TERM' => 'xterm'
    'USER' => 'omar'
    'MYSQL_HISTFILE' => '/mnt/ddev-global-cache/mysqlhistory/derschmuckmacher-v3-web/mysql_history'
    'DDEV_WEB_ENTRYPOINT' => '/mnt/ddev_config/web-entrypoint.d'
    'DDEV_UID' => '501'
    'CAROOT' => '/mnt/ddev-global-cache/mkcert'
    'SHLVL' => '1'
    'COMPOSER_ALLOW_SUPERUSER' => '1'
    'BASH_ENV' => '/etc/bash.nointeractive.bashrc'
    'DDEV_DATABASE' => 'mysql:8.0'
    'PGDATABASE' => 'db'
    'CRAFT_DB_USER' => 'db'
    'DDEV_SCHEME' => 'https'
    'XHPROF_OUTPUT_DIR' => '/tmp/xhprof'
    'COMPOSER_CACHE_DIR' => '/mnt/ddev-global-cache/composer'
    'DDEV_XDEBUG_ENABLED' => 'false'
    'DDEV_DATABASE_FAMILY' => 'mysql'
    'PGHOST' => 'db'
    'DDEV_COMPOSER_ROOT' => '/var/www/html'
    'CRAFT_DB_PASSWORD' => '••'
    'DOCROOT' => 'web'
    'TERMINUS_HIDE_UPDATE_MESSAGE' => '1'
    'PATH' => '/home/omar/bin:/var/www/html/vendor/bin:/usr/local/sbin:/usr/local/bin:/usr/sbin:/usr/bin:/sbin:/bin:/var/www/html/bin:/mnt/ddev-global-cache/global-commands/web'
    'HOST_DOCKER_INTERNAL_IP' => ''
    'DDEV_PROJECT_TYPE' => 'craftcms'
    'DEBIAN_FRONTEND' => 'noninteractive'
    'DDEV_ROUTER_HTTPS_PORT' => '443'
    'EXECIGNORE' => '/var/www/html/vendor/bin/composer'
    'SUPERVISOR_ENABLED' => '1'
    'SUPERVISOR_SERVER_URL' => 'unix:///var/run/supervisor.sock'
    'SUPERVISOR_PROCESS_NAME' => 'php-fpm'
    'SUPERVISOR_GROUP_NAME' => 'php-fpm'
    'HTTP_X_REQUESTED_WITH' => 'XMLHttpRequest'
    'HTTP_X_REGISTERED_JS_FILES' => '6276b818'
    'HTTP_X_REGISTERED_ASSET_BUNDLES' => '815d39ea,92d8701,22e517a2,aee7f8dc,26c46c25,e505ffd6,6b4d7555,bb2f10a0,e5e48399,fc0bc163,1ccab40d,1e21896b,54698ee0,b842675b,1c3c9add,4b1fd285,d8d08e47,8f00ce04,8768f48b,cf3018d6,ec6d0256,e7c1329,7b7669ac,75f47f25'
    'HTTP_X_REAL_IP' => '172.18.0.1'
    'HTTP_X_FORWARDED_SERVER' => 'e41c480b8ab1'
    'HTTP_X_FORWARDED_PROTO' => 'https'
    'HTTP_X_FORWARDED_PORT' => '443'
    'HTTP_X_FORWARDED_HOST' => 'derschmuckmacher-v3.ddev.site'
    'HTTP_X_FORWARDED_FOR' => '172.18.0.1'
    'HTTP_X_CSRF_TOKEN' => '••••••••••••••••••••••••••••••••••••••••••••••••••••••••••••••••••••••••••••••••••••••••••••••••••••••••••••••••••••••••••••••••••••••••••••••••••••••••••••••••••••••••••••••••••••••••••••••••••••••••••••••••••••••••••••••••••••••••••••••••••••••••••••••••••••••••••••••••••••••••••••••••••••••••••••••••••••••••••••••••••••••••••••••••••••••••••••••••••••••••••••••••••••••••••••••••••••••••'
    'HTTP_TE' => 'trailers'
    'HTTP_SEC_GPC' => '1'
    'HTTP_SEC_FETCH_SITE' => 'same-origin'
    'HTTP_SEC_FETCH_MODE' => 'cors'
    'HTTP_SEC_FETCH_DEST' => 'empty'
    'HTTP_REFERER' => 'https://derschmuckmacher-v3.ddev.site/dW2axQ3b/content/entries/singles/8616-%C3%BCber-mich'
    'HTTP_ORIGIN' => 'https://derschmuckmacher-v3.ddev.site'
    'HTTP_COOKIE' => 'a8b7b1ec9ffb8baf2c6eaa253fe57112_username=26b9ec8568da68d3882e55afaa5d203483c6c5810ee05b5a55c8a0eb10cab93ea%3A2%3A%7Bi%3A0%3Bs%3A41%3A%22a8b7b1ec9ffb8baf2c6eaa253fe57112_username%22%3Bi%3A1%3Bs%3A8%3A%22odegiuli%22%3B%7D; cookieconsent_status=dismiss; CraftSessionId=16e2d99e4acc14f8abdf5818985e6d70; CRAFT_CSRF_TOKEN=5f0129e766c1d60a304c5b2b77758ee9859b2cc5fbd195fe80fa71ffc0c670eaa%3A2%3A%7Bi%3A0%3Bs%3A16%3A%22CRAFT_CSRF_TOKEN%22%3Bi%3A1%3Bs%3A147%3A%22ifNE57H486zr3C99fgKlQp266RX2LurQQ_FrgOuv%7Ccfe2656443ababa12bd8531fc6be39c06e85c07ed7c01ad4b06baad274f80ed2ifNE57H486zr3C99fgKlQp266RX2LurQQ_FrgOuv%7C1%22%3B%7D; a8b7b1ec9ffb8baf2c6eaa253fe57112_identity=774afa8ff0c30b4aa586cf826e9fb003d8e04afeab7172c7bcd95bda96057cdfa%3A2%3A%7Bi%3A0%3Bs%3A41%3A%22a8b7b1ec9ffb8baf2c6eaa253fe57112_identity%22%3Bi%3A1%3Bs%3A159%3A%22%5B1%2C%22%5B%5C%22DyuCHD7BS7ZPn12lYatobqgRPIHQhFDGbhKMi1_0LXuQVA7ouVqFyQ88gzyleiPALmsbcMjnHFCMnXktSpa1dcbjumx5AcJvatB3%5C%22%2Cnull%2C%5C%220ef01a0bceeac5b1d0a2b6557bd3d7b1%5C%22%5D%22%2C3600%5D%22%3B%7D; Craft-3626ffc1-d0a3-42e3-98aa-37e8aa759561_sidebar=expanded; Craft-3626ffc1-d0a3-42e3-98aa-37e8aa759561_sidebar-details=expanded'
    'HTTP_ACCEPT_LANGUAGE' => 'de,en-US;q=0.9,en;q=0.8'
    'HTTP_ACCEPT_ENCODING' => 'gzip, deflate, br, zstd'
    'HTTP_ACCEPT' => 'application/json, text/plain, */*'
    'HTTP_CONTENT_LENGTH' => '0'
    'HTTP_USER_AGENT' => 'Mozilla/5.0 (Macintosh; Intel Mac OS X 10.15; rv:150.0) Gecko/20100101 Firefox/150.0'
    'HTTP_HOST' => 'derschmuckmacher-v3.ddev.site'
    'HTTPS' => 'on'
    'REDIRECT_STATUS' => '200'
    'SERVER_NAME' => 'derschmuckmacher-v3.ddev.site'
    'SERVER_PORT' => '80'
    'SERVER_ADDR' => '172.18.0.4'
    'REMOTE_PORT' => '49468'
    'REMOTE_ADDR' => '172.18.0.5'
    'SERVER_SOFTWARE' => 'nginx/1.28.0'
    'GATEWAY_INTERFACE' => 'CGI/1.1'
    'REQUEST_SCHEME' => 'http'
    'SERVER_PROTOCOL' => 'HTTP/1.1'
    'DOCUMENT_ROOT' => '/var/www/html/web'
    'DOCUMENT_URI' => '/index.php'
    'REQUEST_URI' => '/index.php?p=dW2axQ3b%2Factions%2Fqueue%2Frun&v=1777729814696'
    'CONTENT_LENGTH' => '0'
    'CONTENT_TYPE' => ''
    'REQUEST_METHOD' => 'POST'
    'QUERY_STRING' => 'p=dW2axQ3b%2Factions%2Fqueue%2Frun&v=1777729814696'
    'SCRIPT_NAME' => '/index.php'
    'SCRIPT_FILENAME' => '/var/www/html/web/index.php'
    'FCGI_ROLE' => 'RESPONDER'
    'PHP_SELF' => '/index.php'
    'REQUEST_TIME_FLOAT' => 1777729814.7037
    'REQUEST_TIME' => 1777729814
    'CRAFT_APP_ID' => 'CraftCMS--3933bc78-29f5-4b79-bcc5-c31faf0fcd20'
    'CRAFT_ENVIRONMENT' => 'dev'
    'ENVIRONMENT' => 'dev'
    'CRAFT_SECURITY_KEY' => '••••••••••••••••••••••••••••••••'
    'CP_TRIGGER' => 'dW2axQ3b'
    'CRAFT_DB_SCHEMA' => 'public'
    'CRAFT_DB_TABLE_PREFIX' => ''
    'DEV_MODE' => 'true'
    'ALLOW_ADMIN_CHANGES' => 'true'
    'DISALLOW_ROBOTS' => 'true'
    'TIMEZONE' => 'Europe/Zurich'
    'CAPTCHA_SITE_KEY' => '••••••••••••••••••••••••••••••••••••••••'
    'CAPTCHA_SECRET_KEY' => '••••••••••••••••••••••••••••••••••••••••'
    'WEB_URL' => 'https://derschmuckmacher-v3.ddev.site'
    'WEB_ROOT' => '/var/www/html/web'
    'ASSETS_BASE_URL' => 'https://derschmuckmacher-v3.ddev.site/public'
    'ASSETS_BASE_PATH' => '/var/www/html/web/public'
    'SCHMUCK_BASE_URL' => 'https://derschmuckmacher-v3.ddev.site/public/uploads/schmuck'
    'SCHMUCK_BASE_PATH' => '/var/www/html/web/public/uploads/schmuck'
    'BILDER_BASE_URL' => 'https://derschmuckmacher-v3.ddev.site/public/uploads/bilder'
    'BILDER_BASE_PATH' => '/var/www/html/web/public/uploads/bilder'
] {"environment":"dev","userId":1} 
2026-05-02 15:50:42 [queue.INFO] [yii\db\Connection::open] Opening DB connection: mysql:host=db;dbname=db;port=3306 {"memory":1101352} 
2026-05-02 15:50:42 [queue.INFO] [yii\web\Session::open] Session started {"memory":1525496} 
2026-05-02 15:50:42 [queue.INFO] [nystudio107\codeeditor\CodeEditor::bootstrap] CodeEditor module bootstrapped {"memory":1547256} 
2026-05-02 15:50:42 [queue.INFO] [adigital\cookieconsentbanner\CookieConsentBanner::init] Cookie Consent Banner plugin loaded {"memory":1763608} 
2026-05-02 15:50:42 [queue.INFO] [miranj\obfuscator\Obfuscator::init] Obfuscator plugin loaded {"memory":2723568} 
2026-05-02 15:50:42 [queue.INFO] [yii\db\Connection::open] Opening DB connection: mysql:host=db;dbname=db;port=3306 {"memory":2990688} 
2026-05-02 15:50:42 [queue.INFO] [craft\queue\QueueLogBehavior::beforeExec]  [40650] t9n:["app","Updating search indexes"] (attempt: 1, pid: 1663) - Started {"memory":3049440} 
2026-05-02 15:50:42 [queue.INFO] [craft\queue\QueueLogBehavior::afterExec]  [40650] t9n:["app","Updating search indexes"] (attempt: 1, pid: 1663) - Done (time: 0.015s) {"memory":3626864} 
2026-05-02 15:50:42 [queue.INFO] [craft\queue\QueueLogBehavior::beforeExec]  [40651] t9n:["app","Updating search indexes"] (attempt: 1, pid: 1663) - Started {"memory":3634896} 
2026-05-02 15:50:42 [queue.INFO] [craft\queue\QueueLogBehavior::afterExec]  [40651] t9n:["app","Updating search indexes"] (attempt: 1, pid: 1663) - Done (time: 0.005s) {"memory":4111232} 
2026-05-02 15:50:42 [queue.INFO] [craft\queue\QueueLogBehavior::beforeExec]  [40652] t9n:["app","Pruning extra revisions"] (attempt: 1, pid: 1663) - Started {"memory":4119216} 
2026-05-02 15:50:42 [queue.INFO] [craft\queue\QueueLogBehavior::afterExec]  [40652] t9n:["app","Pruning extra revisions"] (attempt: 1, pid: 1663) - Done (time: 0.001s) {"memory":4205080} 
2026-05-02 15:50:42 [queue.INFO] [application] Request context:
$_GET = [
    'p' => 'dW2axQ3b/actions/queue/run'
    'v' => '1777729842869'
]

$_POST = []

$_FILES = []

$_COOKIE = [
    'a8b7b1ec9ffb8baf2c6eaa253fe57112_username' => '26b9ec8568da68d3882e55afaa5d203483c6c5810ee05b5a55c8a0eb10cab93ea:2:{i:0;s:41:\"a8b7b1ec9ffb8baf2c6eaa253fe57112_username\";i:1;s:8:\"odegiuli\";}'
    'cookieconsent_status' => 'dismiss'
    'CraftSessionId' => '16e2d99e4acc14f8abdf5818985e6d70'
    'CRAFT_CSRF_TOKEN' => '••••••••••••••••••••••••••••••••••••••••••••••••••••••••••••••••••••••••••••••••••••••••••••••••••••••••••••••••••••••••••••••••••••••••••••••••••••••••••••••••••••••••••••••••••••••••••••••••••••••••••••••••••••••••••••••••••••••••••••••••••••••••••••••••••'
    'a8b7b1ec9ffb8baf2c6eaa253fe57112_identity' => '774afa8ff0c30b4aa586cf826e9fb003d8e04afeab7172c7bcd95bda96057cdfa:2:{i:0;s:41:\"a8b7b1ec9ffb8baf2c6eaa253fe57112_identity\";i:1;s:159:\"[1,\"[\\\"DyuCHD7BS7ZPn12lYatobqgRPIHQhFDGbhKMi1_0LXuQVA7ouVqFyQ88gzyleiPALmsbcMjnHFCMnXktSpa1dcbjumx5AcJvatB3\\\",null,\\\"0ef01a0bceeac5b1d0a2b6557bd3d7b1\\\"]\",3600]\";}'
    'Craft-3626ffc1-d0a3-42e3-98aa-37e8aa759561_sidebar' => 'expanded'
    'Craft-3626ffc1-d0a3-42e3-98aa-37e8aa759561_sidebar-details' => 'expanded'
]

$_SESSION = [
    'a8b7b1ec9ffb8baf2c6eaa253fe57112__token' => '••••••••••••••••••••••••••••••••••••••••••••••••••••••••••••••••••••••••••••••••••••••••••••••••••••'
    'a8b7b1ec9ffb8baf2c6eaa253fe57112__id' => 1
    '__authKey' => '••••••••••••••••••••••••••••••••••••••••••••••••••••••••••••••••••••••••••••••••••••••••••••••••••••••••••••••••••••••••••••••••••••••••••••••••'
    'a8b7b1ec9ffb8baf2c6eaa253fe57112__expire' => 1777733442
    '__duration' => 3600
    '__elevated_timeout' => 1777726029
    '22b6a59deafcfb2ffb13c3adf3d98a3b__auth_access' => [
        0 => 'previewElement:8578'
        1 => 'saveAssets:1986f3e0-bf2e-4ccd-b34c-7ec2d979afdd'
        2 => 'previewDraft:1010'
        3 => 'saveAssets:'
        4 => 'previewDraft:1011'
        5 => 'editStructure:1'
        6 => 'editStructure:2'
        7 => 'previewElement:8582'
        8 => 'saveAssets:856a3aeb-b21b-4d41-af3f-0a23db430323'
        9 => 'previewElement:8781'
        10 => 'previewElement:8689'
        11 => 'manageNestedElements::8755::field:kacheln'
        12 => 'previewDraft:1012'
        13 => 'previewDraft:1014'
        14 => 'previewDraft:1016'
        15 => 'previewElement:8616'
        16 => 'manageNestedElements::8844::field:kacheln'
        17 => 'previewDraft:1017'
        18 => 'previewDraft:1019'
    ]
    '22b6a59deafcfb2ffb13c3adf3d98a3b__flash' => []
]

$_SERVER = [
    'DEPLOY_NAME' => 'local'
    'DDEV_WEBSERVER_TYPE' => 'nginx-fpm'
    'npm_config_cache' => '/mnt/ddev-global-cache/npm'
    'COREPACK_ENABLE_DOWNLOAD_PROMPT' => '0'
    'DDEV_GOOS' => 'darwin'
    'IS_DDEV_PROJECT' => 'true'
    'PHP_DEFAULT_VERSION' => '8.3'
    'HOSTNAME' => 'derschmuckmacher-v3-web'
    'MAILPIT_SMTP_PORT' => '1025'
    'MH_SMTP_BIND_ADDR' => '127.0.0.1:1025'
    'DDEV_PRIMARY_URL_WITHOUT_PORT' => 'https://derschmuckmacher-v3.ddev.site'
    'CRAFT_DB_PORT' => '3306'
    'SSH_AUTH_SOCK' => '/home/.ssh-agent/socket'
    'DDEV_GID' => '20'
    'NODE_EXTRA_CA_CERTS' => '/mnt/ddev-global-cache/mkcert/rootCA.pem'
    'DOCKER_IP' => '127.0.0.1'
    'PGPASSWORD' => 'db'
    'CRAFT_WEB_ROOT' => '/var/www/html/web'
    'DDEV_DOCROOT' => 'web'
    'PWD' => '/var/www/html'
    'PLATFORMSH_CLI_UPDATES_CHECK' => '0'
    'DDEV_APPROOT' => '/var/www/html'
    'DDEV_FILES_DIR' => ''
    'START_SCRIPT_TIMEOUT' => '57'
    'APACHE_SITE_TEMPLATE' => '/etc/apache2/apache-site.conf'
    'PHP_INI' => '/etc/php/8.2/fpm/php.ini'
    'DDEV_VERSION' => 'v1.24.10'
    'PRIMARY_SITE_URL' => 'https://derschmuckmacher-v3.ddev.site'
    'TZ' => 'Europe/Zurich'
    'DDEV_XHPROF_MODE' => 'prepend'
    'HTTPS_EXPOSE' => '443:80,8026:8025'
    'COREPACK_HOME' => '/mnt/ddev-global-cache/corepack'
    'CRAFT_DB_DATABASE' => 'db'
    'DDEV_PRIMARY_URL' => 'https://derschmuckmacher-v3.ddev.site'
    'LINES' => '6'
    'DDEV_SITENAME' => 'derschmuckmacher-v3'
    'HOME' => '/home/omar'
    'DRUSH_OPTIONS_URI' => 'https://derschmuckmacher-v3.ddev.site'
    'LANG' => 'C.UTF-8'
    'COLUMNS' => '182'
    'DDEV_MUTAGEN_ENABLED' => 'true'
    'DDEV_USER' => 'omar'
    'PGUSER' => 'db'
    'TERMINUS_CACHE_DIR' => '/mnt/ddev-global-cache/terminus/cache'
    'DDEV_PRIMARY_URL_PORT' => '443'
    'DDEV_ROUTER_HTTP_PORT' => '80'
    'MAILPIT_SMTP_HOSTNAME' => '127.0.0.1'
    'CRAFT_DB_DRIVER' => 'mysql'
    'COMPOSER_PROCESS_TIMEOUT' => '2000'
    'NGINX_SITE_TEMPLATE' => '/etc/nginx/nginx-site.conf'
    'DDEV_FILES_DIRS' => ''
    'CRAFT_DB_SERVER' => 'db'
    'HTTP_EXPOSE' => '80:80,8025:8025'
    'NVM_DIR' => '/home/omar/.nvm'
    'DDEV_PHP_VERSION' => '8.2'
    'DDEV_TLD' => 'ddev.site'
    'DDEV_HOSTNAME' => 'derschmuckmacher-v3.ddev.site'
    'DDEV_PROJECT' => 'derschmuckmacher-v3'
    'DDEV_GOARCH' => 'arm64'
    'VIRTUAL_HOST' => 'derschmuckmacher-v3.ddev.site'
    'TERM' => 'xterm'
    'USER' => 'omar'
    'MYSQL_HISTFILE' => '/mnt/ddev-global-cache/mysqlhistory/derschmuckmacher-v3-web/mysql_history'
    'DDEV_WEB_ENTRYPOINT' => '/mnt/ddev_config/web-entrypoint.d'
    'DDEV_UID' => '501'
    'CAROOT' => '/mnt/ddev-global-cache/mkcert'
    'SHLVL' => '1'
    'COMPOSER_ALLOW_SUPERUSER' => '1'
    'BASH_ENV' => '/etc/bash.nointeractive.bashrc'
    'DDEV_DATABASE' => 'mysql:8.0'
    'PGDATABASE' => 'db'
    'CRAFT_DB_USER' => 'db'
    'DDEV_SCHEME' => 'https'
    'XHPROF_OUTPUT_DIR' => '/tmp/xhprof'
    'COMPOSER_CACHE_DIR' => '/mnt/ddev-global-cache/composer'
    'DDEV_XDEBUG_ENABLED' => 'false'
    'DDEV_DATABASE_FAMILY' => 'mysql'
    'PGHOST' => 'db'
    'DDEV_COMPOSER_ROOT' => '/var/www/html'
    'CRAFT_DB_PASSWORD' => '••'
    'DOCROOT' => 'web'
    'TERMINUS_HIDE_UPDATE_MESSAGE' => '1'
    'PATH' => '/home/omar/bin:/var/www/html/vendor/bin:/usr/local/sbin:/usr/local/bin:/usr/sbin:/usr/bin:/sbin:/bin:/var/www/html/bin:/mnt/ddev-global-cache/global-commands/web'
    'HOST_DOCKER_INTERNAL_IP' => ''
    'DDEV_PROJECT_TYPE' => 'craftcms'
    'DEBIAN_FRONTEND' => 'noninteractive'
    'DDEV_ROUTER_HTTPS_PORT' => '443'
    'EXECIGNORE' => '/var/www/html/vendor/bin/composer'
    'SUPERVISOR_ENABLED' => '1'
    'SUPERVISOR_SERVER_URL' => 'unix:///var/run/supervisor.sock'
    'SUPERVISOR_PROCESS_NAME' => 'php-fpm'
    'SUPERVISOR_GROUP_NAME' => 'php-fpm'
    'HTTP_X_REQUESTED_WITH' => 'XMLHttpRequest'
    'HTTP_X_REGISTERED_JS_FILES' => '6276b818'
    'HTTP_X_REGISTERED_ASSET_BUNDLES' => '815d39ea,92d8701,22e517a2,aee7f8dc,26c46c25,e505ffd6,6b4d7555,bb2f10a0,e5e48399,fc0bc163,1ccab40d,1e21896b,54698ee0,b842675b,1c3c9add,4b1fd285,d8d08e47,8f00ce04,8768f48b,cf3018d6,ec6d0256,e7c1329,7b7669ac,75f47f25'
    'HTTP_X_REAL_IP' => '172.18.0.1'
    'HTTP_X_FORWARDED_SERVER' => 'e41c480b8ab1'
    'HTTP_X_FORWARDED_PROTO' => 'https'
    'HTTP_X_FORWARDED_PORT' => '443'
    'HTTP_X_FORWARDED_HOST' => 'derschmuckmacher-v3.ddev.site'
    'HTTP_X_FORWARDED_FOR' => '172.18.0.1'
    'HTTP_X_CSRF_TOKEN' => '••••••••••••••••••••••••••••••••••••••••••••••••••••••••••••••••••••••••••••••••••••••••••••••••••••••••••••••••••••••••••••••••••••••••••••••••••••••••••••••••••••••••••••••••••••••••••••••••••••••••••••••••••••••••••••••••••••••••••••••••••••••••••••••••••••••••••••••••••••••••••••••••••••••••••••••••••••••••••••••••••••••••••••••••••••••••••••••••••••••••••••••••••••••••••••••••••••••••'
    'HTTP_TE' => 'trailers'
    'HTTP_SEC_GPC' => '1'
    'HTTP_SEC_FETCH_SITE' => 'same-origin'
    'HTTP_SEC_FETCH_MODE' => 'cors'
    'HTTP_SEC_FETCH_DEST' => 'empty'
    'HTTP_REFERER' => 'https://derschmuckmacher-v3.ddev.site/dW2axQ3b/content/entries/singles/8616-%C3%BCber-mich'
    'HTTP_ORIGIN' => 'https://derschmuckmacher-v3.ddev.site'
    'HTTP_COOKIE' => 'a8b7b1ec9ffb8baf2c6eaa253fe57112_username=26b9ec8568da68d3882e55afaa5d203483c6c5810ee05b5a55c8a0eb10cab93ea%3A2%3A%7Bi%3A0%3Bs%3A41%3A%22a8b7b1ec9ffb8baf2c6eaa253fe57112_username%22%3Bi%3A1%3Bs%3A8%3A%22odegiuli%22%3B%7D; cookieconsent_status=dismiss; CraftSessionId=16e2d99e4acc14f8abdf5818985e6d70; CRAFT_CSRF_TOKEN=5f0129e766c1d60a304c5b2b77758ee9859b2cc5fbd195fe80fa71ffc0c670eaa%3A2%3A%7Bi%3A0%3Bs%3A16%3A%22CRAFT_CSRF_TOKEN%22%3Bi%3A1%3Bs%3A147%3A%22ifNE57H486zr3C99fgKlQp266RX2LurQQ_FrgOuv%7Ccfe2656443ababa12bd8531fc6be39c06e85c07ed7c01ad4b06baad274f80ed2ifNE57H486zr3C99fgKlQp266RX2LurQQ_FrgOuv%7C1%22%3B%7D; a8b7b1ec9ffb8baf2c6eaa253fe57112_identity=774afa8ff0c30b4aa586cf826e9fb003d8e04afeab7172c7bcd95bda96057cdfa%3A2%3A%7Bi%3A0%3Bs%3A41%3A%22a8b7b1ec9ffb8baf2c6eaa253fe57112_identity%22%3Bi%3A1%3Bs%3A159%3A%22%5B1%2C%22%5B%5C%22DyuCHD7BS7ZPn12lYatobqgRPIHQhFDGbhKMi1_0LXuQVA7ouVqFyQ88gzyleiPALmsbcMjnHFCMnXktSpa1dcbjumx5AcJvatB3%5C%22%2Cnull%2C%5C%220ef01a0bceeac5b1d0a2b6557bd3d7b1%5C%22%5D%22%2C3600%5D%22%3B%7D; Craft-3626ffc1-d0a3-42e3-98aa-37e8aa759561_sidebar=expanded; Craft-3626ffc1-d0a3-42e3-98aa-37e8aa759561_sidebar-details=expanded'
    'HTTP_ACCEPT_LANGUAGE' => 'de,en-US;q=0.9,en;q=0.8'
    'HTTP_ACCEPT_ENCODING' => 'gzip, deflate, br, zstd'
    'HTTP_ACCEPT' => 'application/json, text/plain, */*'
    'HTTP_CONTENT_LENGTH' => '0'
    'HTTP_USER_AGENT' => 'Mozilla/5.0 (Macintosh; Intel Mac OS X 10.15; rv:150.0) Gecko/20100101 Firefox/150.0'
    'HTTP_HOST' => 'derschmuckmacher-v3.ddev.site'
    'HTTPS' => 'on'
    'REDIRECT_STATUS' => '200'
    'SERVER_NAME' => 'derschmuckmacher-v3.ddev.site'
    'SERVER_PORT' => '80'
    'SERVER_ADDR' => '172.18.0.4'
    'REMOTE_PORT' => '59224'
    'REMOTE_ADDR' => '172.18.0.5'
    'SERVER_SOFTWARE' => 'nginx/1.28.0'
    'GATEWAY_INTERFACE' => 'CGI/1.1'
    'REQUEST_SCHEME' => 'http'
    'SERVER_PROTOCOL' => 'HTTP/1.1'
    'DOCUMENT_ROOT' => '/var/www/html/web'
    'DOCUMENT_URI' => '/index.php'
    'REQUEST_URI' => '/index.php?p=dW2axQ3b%2Factions%2Fqueue%2Frun&v=1777729842869'
    'CONTENT_LENGTH' => '0'
    'CONTENT_TYPE' => ''
    'REQUEST_METHOD' => 'POST'
    'QUERY_STRING' => 'p=dW2axQ3b%2Factions%2Fqueue%2Frun&v=1777729842869'
    'SCRIPT_NAME' => '/index.php'
    'SCRIPT_FILENAME' => '/var/www/html/web/index.php'
    'FCGI_ROLE' => 'RESPONDER'
    'PHP_SELF' => '/index.php'
    'REQUEST_TIME_FLOAT' => 1777729842.8735
    'REQUEST_TIME' => 1777729842
    'CRAFT_APP_ID' => 'CraftCMS--3933bc78-29f5-4b79-bcc5-c31faf0fcd20'
    'CRAFT_ENVIRONMENT' => 'dev'
    'ENVIRONMENT' => 'dev'
    'CRAFT_SECURITY_KEY' => '••••••••••••••••••••••••••••••••'
    'CP_TRIGGER' => 'dW2axQ3b'
    'CRAFT_DB_SCHEMA' => 'public'
    'CRAFT_DB_TABLE_PREFIX' => ''
    'DEV_MODE' => 'true'
    'ALLOW_ADMIN_CHANGES' => 'true'
    'DISALLOW_ROBOTS' => 'true'
    'TIMEZONE' => 'Europe/Zurich'
    'CAPTCHA_SITE_KEY' => '••••••••••••••••••••••••••••••••••••••••'
    'CAPTCHA_SECRET_KEY' => '••••••••••••••••••••••••••••••••••••••••'
    'WEB_URL' => 'https://derschmuckmacher-v3.ddev.site'
    'WEB_ROOT' => '/var/www/html/web'
    'ASSETS_BASE_URL' => 'https://derschmuckmacher-v3.ddev.site/public'
    'ASSETS_BASE_PATH' => '/var/www/html/web/public'
    'SCHMUCK_BASE_URL' => 'https://derschmuckmacher-v3.ddev.site/public/uploads/schmuck'
    'SCHMUCK_BASE_PATH' => '/var/www/html/web/public/uploads/schmuck'
    'BILDER_BASE_URL' => 'https://derschmuckmacher-v3.ddev.site/public/uploads/bilder'
    'BILDER_BASE_PATH' => '/var/www/html/web/public/uploads/bilder'
] {"environment":"dev","userId":1} 
2026-05-02 15:51:19 [queue.INFO] [yii\db\Connection::open] Opening DB connection: mysql:host=db;dbname=db;port=3306 {"memory":1101352} 
2026-05-02 15:51:19 [queue.INFO] [yii\web\Session::open] Session started {"memory":1525544} 
2026-05-02 15:51:19 [queue.INFO] [nystudio107\codeeditor\CodeEditor::bootstrap] CodeEditor module bootstrapped {"memory":1547304} 
2026-05-02 15:51:19 [queue.INFO] [adigital\cookieconsentbanner\CookieConsentBanner::init] Cookie Consent Banner plugin loaded {"memory":1763656} 
2026-05-02 15:51:19 [queue.INFO] [miranj\obfuscator\Obfuscator::init] Obfuscator plugin loaded {"memory":2723616} 
2026-05-02 15:51:19 [queue.INFO] [yii\db\Connection::open] Opening DB connection: mysql:host=db;dbname=db;port=3306 {"memory":2990736} 
2026-05-02 15:51:19 [queue.INFO] [craft\queue\QueueLogBehavior::beforeExec]  [40653] t9n:["app","Updating search indexes"] (attempt: 1, pid: 2861) - Started {"memory":3049488} 
2026-05-02 15:51:19 [queue.INFO] [craft\queue\QueueLogBehavior::afterExec]  [40653] t9n:["app","Updating search indexes"] (attempt: 1, pid: 2861) - Done (time: 0.010s) {"memory":3626912} 
2026-05-02 15:51:19 [queue.INFO] [craft\queue\QueueLogBehavior::beforeExec]  [40654] t9n:["app","Updating search indexes"] (attempt: 1, pid: 2861) - Started {"memory":3634944} 
2026-05-02 15:51:19 [queue.INFO] [craft\queue\QueueLogBehavior::afterExec]  [40654] t9n:["app","Updating search indexes"] (attempt: 1, pid: 2861) - Done (time: 0.001s) {"memory":3724880} 
2026-05-02 15:51:19 [queue.INFO] [craft\queue\QueueLogBehavior::beforeExec]  [40655] t9n:["app","Updating search indexes"] (attempt: 1, pid: 2861) - Started {"memory":3732864} 
2026-05-02 15:51:19 [queue.INFO] [craft\queue\QueueLogBehavior::afterExec]  [40655] t9n:["app","Updating search indexes"] (attempt: 1, pid: 2861) - Done (time: 0.000s) {"memory":3734288} 
2026-05-02 15:51:19 [queue.INFO] [craft\queue\QueueLogBehavior::beforeExec]  [40656] t9n:["app","Updating search indexes"] (attempt: 1, pid: 2861) - Started {"memory":3746688} 
2026-05-02 15:51:19 [queue.INFO] [craft\queue\QueueLogBehavior::afterExec]  [40656] t9n:["app","Updating search indexes"] (attempt: 1, pid: 2861) - Done (time: 0.000s) {"memory":3748112} 
2026-05-02 15:51:19 [queue.INFO] [craft\queue\QueueLogBehavior::beforeExec]  [40657] t9n:["app","Updating search indexes"] (attempt: 1, pid: 2861) - Started {"memory":3756096} 
2026-05-02 15:51:19 [queue.INFO] [craft\queue\QueueLogBehavior::afterExec]  [40657] t9n:["app","Updating search indexes"] (attempt: 1, pid: 2861) - Done (time: 0.005s) {"memory":4228336} 
2026-05-02 15:51:19 [queue.INFO] [craft\queue\QueueLogBehavior::beforeExec]  [40658] t9n:["app","Updating search indexes"] (attempt: 1, pid: 2861) - Started {"memory":4236320} 
2026-05-02 15:51:19 [queue.INFO] [craft\queue\QueueLogBehavior::afterExec]  [40658] t9n:["app","Updating search indexes"] (attempt: 1, pid: 2861) - Done (time: 0.003s) {"memory":4438776} 
2026-05-02 15:51:19 [queue.INFO] [craft\queue\QueueLogBehavior::beforeExec]  [40659] t9n:["app","Pruning extra revisions"] (attempt: 1, pid: 2861) - Started {"memory":4446760} 
2026-05-02 15:51:19 [queue.INFO] [craft\queue\QueueLogBehavior::afterExec]  [40659] t9n:["app","Pruning extra revisions"] (attempt: 1, pid: 2861) - Done (time: 0.000s) {"memory":4526512} 
2026-05-02 15:51:19 [queue.INFO] [craft\queue\QueueLogBehavior::beforeExec]  [40660] t9n:["app","Pruning extra revisions"] (attempt: 1, pid: 2861) - Started {"memory":4534496} 
2026-05-02 15:51:19 [queue.INFO] [craft\queue\QueueLogBehavior::afterExec]  [40660] t9n:["app","Pruning extra revisions"] (attempt: 1, pid: 2861) - Done (time: 0.001s) {"memory":4646984} 
2026-05-02 15:51:19 [queue.INFO] [application] Request context:
$_GET = [
    'p' => 'dW2axQ3b/actions/queue/run'
    'v' => '1777729879016'
]

$_POST = []

$_FILES = []

$_COOKIE = [
    'a8b7b1ec9ffb8baf2c6eaa253fe57112_username' => '26b9ec8568da68d3882e55afaa5d203483c6c5810ee05b5a55c8a0eb10cab93ea:2:{i:0;s:41:\"a8b7b1ec9ffb8baf2c6eaa253fe57112_username\";i:1;s:8:\"odegiuli\";}'
    'cookieconsent_status' => 'dismiss'
    'CraftSessionId' => '16e2d99e4acc14f8abdf5818985e6d70'
    'CRAFT_CSRF_TOKEN' => '••••••••••••••••••••••••••••••••••••••••••••••••••••••••••••••••••••••••••••••••••••••••••••••••••••••••••••••••••••••••••••••••••••••••••••••••••••••••••••••••••••••••••••••••••••••••••••••••••••••••••••••••••••••••••••••••••••••••••••••••••••••••••••••••••'
    'a8b7b1ec9ffb8baf2c6eaa253fe57112_identity' => '774afa8ff0c30b4aa586cf826e9fb003d8e04afeab7172c7bcd95bda96057cdfa:2:{i:0;s:41:\"a8b7b1ec9ffb8baf2c6eaa253fe57112_identity\";i:1;s:159:\"[1,\"[\\\"DyuCHD7BS7ZPn12lYatobqgRPIHQhFDGbhKMi1_0LXuQVA7ouVqFyQ88gzyleiPALmsbcMjnHFCMnXktSpa1dcbjumx5AcJvatB3\\\",null,\\\"0ef01a0bceeac5b1d0a2b6557bd3d7b1\\\"]\",3600]\";}'
    'Craft-3626ffc1-d0a3-42e3-98aa-37e8aa759561_sidebar' => 'expanded'
    'Craft-3626ffc1-d0a3-42e3-98aa-37e8aa759561_sidebar-details' => 'expanded'
]

$_SESSION = [
    'a8b7b1ec9ffb8baf2c6eaa253fe57112__token' => '••••••••••••••••••••••••••••••••••••••••••••••••••••••••••••••••••••••••••••••••••••••••••••••••••••'
    'a8b7b1ec9ffb8baf2c6eaa253fe57112__id' => 1
    '__authKey' => '••••••••••••••••••••••••••••••••••••••••••••••••••••••••••••••••••••••••••••••••••••••••••••••••••••••••••••••••••••••••••••••••••••••••••••••••'
    'a8b7b1ec9ffb8baf2c6eaa253fe57112__expire' => 1777733479
    '__duration' => 3600
    '__elevated_timeout' => 1777726029
    '22b6a59deafcfb2ffb13c3adf3d98a3b__auth_access' => [
        0 => 'previewElement:8578'
        1 => 'saveAssets:1986f3e0-bf2e-4ccd-b34c-7ec2d979afdd'
        2 => 'previewDraft:1010'
        3 => 'saveAssets:'
        4 => 'previewDraft:1011'
        5 => 'editStructure:1'
        6 => 'editStructure:2'
        7 => 'previewElement:8582'
        8 => 'saveAssets:856a3aeb-b21b-4d41-af3f-0a23db430323'
        9 => 'previewElement:8781'
        10 => 'previewElement:8689'
        11 => 'manageNestedElements::8755::field:kacheln'
        12 => 'previewDraft:1012'
        13 => 'previewDraft:1014'
        14 => 'previewDraft:1016'
        15 => 'previewElement:8616'
        16 => 'manageNestedElements::8844::field:kacheln'
        17 => 'previewDraft:1017'
        18 => 'previewDraft:1019'
        19 => 'previewDraft:1020'
    ]
    '22b6a59deafcfb2ffb13c3adf3d98a3b__flash' => []
]

$_SERVER = [
    'DEPLOY_NAME' => 'local'
    'DDEV_WEBSERVER_TYPE' => 'nginx-fpm'
    'npm_config_cache' => '/mnt/ddev-global-cache/npm'
    'COREPACK_ENABLE_DOWNLOAD_PROMPT' => '0'
    'DDEV_GOOS' => 'darwin'
    'IS_DDEV_PROJECT' => 'true'
    'PHP_DEFAULT_VERSION' => '8.3'
    'HOSTNAME' => 'derschmuckmacher-v3-web'
    'MAILPIT_SMTP_PORT' => '1025'
    'MH_SMTP_BIND_ADDR' => '127.0.0.1:1025'
    'DDEV_PRIMARY_URL_WITHOUT_PORT' => 'https://derschmuckmacher-v3.ddev.site'
    'CRAFT_DB_PORT' => '3306'
    'SSH_AUTH_SOCK' => '/home/.ssh-agent/socket'
    'DDEV_GID' => '20'
    'NODE_EXTRA_CA_CERTS' => '/mnt/ddev-global-cache/mkcert/rootCA.pem'
    'DOCKER_IP' => '127.0.0.1'
    'PGPASSWORD' => 'db'
    'CRAFT_WEB_ROOT' => '/var/www/html/web'
    'DDEV_DOCROOT' => 'web'
    'PWD' => '/var/www/html'
    'PLATFORMSH_CLI_UPDATES_CHECK' => '0'
    'DDEV_APPROOT' => '/var/www/html'
    'DDEV_FILES_DIR' => ''
    'START_SCRIPT_TIMEOUT' => '57'
    'APACHE_SITE_TEMPLATE' => '/etc/apache2/apache-site.conf'
    'PHP_INI' => '/etc/php/8.2/fpm/php.ini'
    'DDEV_VERSION' => 'v1.24.10'
    'PRIMARY_SITE_URL' => 'https://derschmuckmacher-v3.ddev.site'
    'TZ' => 'Europe/Zurich'
    'DDEV_XHPROF_MODE' => 'prepend'
    'HTTPS_EXPOSE' => '443:80,8026:8025'
    'COREPACK_HOME' => '/mnt/ddev-global-cache/corepack'
    'CRAFT_DB_DATABASE' => 'db'
    'DDEV_PRIMARY_URL' => 'https://derschmuckmacher-v3.ddev.site'
    'LINES' => '6'
    'DDEV_SITENAME' => 'derschmuckmacher-v3'
    'HOME' => '/home/omar'
    'DRUSH_OPTIONS_URI' => 'https://derschmuckmacher-v3.ddev.site'
    'LANG' => 'C.UTF-8'
    'COLUMNS' => '182'
    'DDEV_MUTAGEN_ENABLED' => 'true'
    'DDEV_USER' => 'omar'
    'PGUSER' => 'db'
    'TERMINUS_CACHE_DIR' => '/mnt/ddev-global-cache/terminus/cache'
    'DDEV_PRIMARY_URL_PORT' => '443'
    'DDEV_ROUTER_HTTP_PORT' => '80'
    'MAILPIT_SMTP_HOSTNAME' => '127.0.0.1'
    'CRAFT_DB_DRIVER' => 'mysql'
    'COMPOSER_PROCESS_TIMEOUT' => '2000'
    'NGINX_SITE_TEMPLATE' => '/etc/nginx/nginx-site.conf'
    'DDEV_FILES_DIRS' => ''
    'CRAFT_DB_SERVER' => 'db'
    'HTTP_EXPOSE' => '80:80,8025:8025'
    'NVM_DIR' => '/home/omar/.nvm'
    'DDEV_PHP_VERSION' => '8.2'
    'DDEV_TLD' => 'ddev.site'
    'DDEV_HOSTNAME' => 'derschmuckmacher-v3.ddev.site'
    'DDEV_PROJECT' => 'derschmuckmacher-v3'
    'DDEV_GOARCH' => 'arm64'
    'VIRTUAL_HOST' => 'derschmuckmacher-v3.ddev.site'
    'TERM' => 'xterm'
    'USER' => 'omar'
    'MYSQL_HISTFILE' => '/mnt/ddev-global-cache/mysqlhistory/derschmuckmacher-v3-web/mysql_history'
    'DDEV_WEB_ENTRYPOINT' => '/mnt/ddev_config/web-entrypoint.d'
    'DDEV_UID' => '501'
    'CAROOT' => '/mnt/ddev-global-cache/mkcert'
    'SHLVL' => '1'
    'COMPOSER_ALLOW_SUPERUSER' => '1'
    'BASH_ENV' => '/etc/bash.nointeractive.bashrc'
    'DDEV_DATABASE' => 'mysql:8.0'
    'PGDATABASE' => 'db'
    'CRAFT_DB_USER' => 'db'
    'DDEV_SCHEME' => 'https'
    'XHPROF_OUTPUT_DIR' => '/tmp/xhprof'
    'COMPOSER_CACHE_DIR' => '/mnt/ddev-global-cache/composer'
    'DDEV_XDEBUG_ENABLED' => 'false'
    'DDEV_DATABASE_FAMILY' => 'mysql'
    'PGHOST' => 'db'
    'DDEV_COMPOSER_ROOT' => '/var/www/html'
    'CRAFT_DB_PASSWORD' => '••'
    'DOCROOT' => 'web'
    'TERMINUS_HIDE_UPDATE_MESSAGE' => '1'
    'PATH' => '/home/omar/bin:/var/www/html/vendor/bin:/usr/local/sbin:/usr/local/bin:/usr/sbin:/usr/bin:/sbin:/bin:/var/www/html/bin:/mnt/ddev-global-cache/global-commands/web'
    'HOST_DOCKER_INTERNAL_IP' => ''
    'DDEV_PROJECT_TYPE' => 'craftcms'
    'DEBIAN_FRONTEND' => 'noninteractive'
    'DDEV_ROUTER_HTTPS_PORT' => '443'
    'EXECIGNORE' => '/var/www/html/vendor/bin/composer'
    'SUPERVISOR_ENABLED' => '1'
    'SUPERVISOR_SERVER_URL' => 'unix:///var/run/supervisor.sock'
    'SUPERVISOR_PROCESS_NAME' => 'php-fpm'
    'SUPERVISOR_GROUP_NAME' => 'php-fpm'
    'HTTP_X_REQUESTED_WITH' => 'XMLHttpRequest'
    'HTTP_X_REGISTERED_JS_FILES' => '6276b818'
    'HTTP_X_REGISTERED_ASSET_BUNDLES' => '815d39ea,92d8701,22e517a2,aee7f8dc,26c46c25,e505ffd6,6b4d7555,bb2f10a0,e5e48399,fc0bc163,1ccab40d,1e21896b,54698ee0,b842675b,1c3c9add,4b1fd285,d8d08e47,8f00ce04,8768f48b,cf3018d6,ec6d0256,e7c1329,7b7669ac,75f47f25'
    'HTTP_X_REAL_IP' => '172.18.0.1'
    'HTTP_X_FORWARDED_SERVER' => 'e41c480b8ab1'
    'HTTP_X_FORWARDED_PROTO' => 'https'
    'HTTP_X_FORWARDED_PORT' => '443'
    'HTTP_X_FORWARDED_HOST' => 'derschmuckmacher-v3.ddev.site'
    'HTTP_X_FORWARDED_FOR' => '172.18.0.1'
    'HTTP_X_CSRF_TOKEN' => '••••••••••••••••••••••••••••••••••••••••••••••••••••••••••••••••••••••••••••••••••••••••••••••••••••••••••••••••••••••••••••••••••••••••••••••••••••••••••••••••••••••••••••••••••••••••••••••••••••••••••••••••••••••••••••••••••••••••••••••••••••••••••••••••••••••••••••••••••••••••••••••••••••••••••••••••••••••••••••••••••••••••••••••••••••••••••••••••••••••••••••••••••••••••••••••••••••••••'
    'HTTP_TE' => 'trailers'
    'HTTP_SEC_GPC' => '1'
    'HTTP_SEC_FETCH_SITE' => 'same-origin'
    'HTTP_SEC_FETCH_MODE' => 'cors'
    'HTTP_SEC_FETCH_DEST' => 'empty'
    'HTTP_REFERER' => 'https://derschmuckmacher-v3.ddev.site/dW2axQ3b/content/entries/singles/8616-%C3%BCber-mich'
    'HTTP_ORIGIN' => 'https://derschmuckmacher-v3.ddev.site'
    'HTTP_COOKIE' => 'a8b7b1ec9ffb8baf2c6eaa253fe57112_username=26b9ec8568da68d3882e55afaa5d203483c6c5810ee05b5a55c8a0eb10cab93ea%3A2%3A%7Bi%3A0%3Bs%3A41%3A%22a8b7b1ec9ffb8baf2c6eaa253fe57112_username%22%3Bi%3A1%3Bs%3A8%3A%22odegiuli%22%3B%7D; cookieconsent_status=dismiss; CraftSessionId=16e2d99e4acc14f8abdf5818985e6d70; CRAFT_CSRF_TOKEN=5f0129e766c1d60a304c5b2b77758ee9859b2cc5fbd195fe80fa71ffc0c670eaa%3A2%3A%7Bi%3A0%3Bs%3A16%3A%22CRAFT_CSRF_TOKEN%22%3Bi%3A1%3Bs%3A147%3A%22ifNE57H486zr3C99fgKlQp266RX2LurQQ_FrgOuv%7Ccfe2656443ababa12bd8531fc6be39c06e85c07ed7c01ad4b06baad274f80ed2ifNE57H486zr3C99fgKlQp266RX2LurQQ_FrgOuv%7C1%22%3B%7D; a8b7b1ec9ffb8baf2c6eaa253fe57112_identity=774afa8ff0c30b4aa586cf826e9fb003d8e04afeab7172c7bcd95bda96057cdfa%3A2%3A%7Bi%3A0%3Bs%3A41%3A%22a8b7b1ec9ffb8baf2c6eaa253fe57112_identity%22%3Bi%3A1%3Bs%3A159%3A%22%5B1%2C%22%5B%5C%22DyuCHD7BS7ZPn12lYatobqgRPIHQhFDGbhKMi1_0LXuQVA7ouVqFyQ88gzyleiPALmsbcMjnHFCMnXktSpa1dcbjumx5AcJvatB3%5C%22%2Cnull%2C%5C%220ef01a0bceeac5b1d0a2b6557bd3d7b1%5C%22%5D%22%2C3600%5D%22%3B%7D; Craft-3626ffc1-d0a3-42e3-98aa-37e8aa759561_sidebar=expanded; Craft-3626ffc1-d0a3-42e3-98aa-37e8aa759561_sidebar-details=expanded'
    'HTTP_ACCEPT_LANGUAGE' => 'de,en-US;q=0.9,en;q=0.8'
    'HTTP_ACCEPT_ENCODING' => 'gzip, deflate, br, zstd'
    'HTTP_ACCEPT' => 'application/json, text/plain, */*'
    'HTTP_CONTENT_LENGTH' => '0'
    'HTTP_USER_AGENT' => 'Mozilla/5.0 (Macintosh; Intel Mac OS X 10.15; rv:150.0) Gecko/20100101 Firefox/150.0'
    'HTTP_HOST' => 'derschmuckmacher-v3.ddev.site'
    'HTTPS' => 'on'
    'REDIRECT_STATUS' => '200'
    'SERVER_NAME' => 'derschmuckmacher-v3.ddev.site'
    'SERVER_PORT' => '80'
    'SERVER_ADDR' => '172.18.0.4'
    'REMOTE_PORT' => '51656'
    'REMOTE_ADDR' => '172.18.0.5'
    'SERVER_SOFTWARE' => 'nginx/1.28.0'
    'GATEWAY_INTERFACE' => 'CGI/1.1'
    'REQUEST_SCHEME' => 'http'
    'SERVER_PROTOCOL' => 'HTTP/1.1'
    'DOCUMENT_ROOT' => '/var/www/html/web'
    'DOCUMENT_URI' => '/index.php'
    'REQUEST_URI' => '/index.php?p=dW2axQ3b%2Factions%2Fqueue%2Frun&v=1777729879016'
    'CONTENT_LENGTH' => '0'
    'CONTENT_TYPE' => ''
    'REQUEST_METHOD' => 'POST'
    'QUERY_STRING' => 'p=dW2axQ3b%2Factions%2Fqueue%2Frun&v=1777729879016'
    'SCRIPT_NAME' => '/index.php'
    'SCRIPT_FILENAME' => '/var/www/html/web/index.php'
    'FCGI_ROLE' => 'RESPONDER'
    'PHP_SELF' => '/index.php'
    'REQUEST_TIME_FLOAT' => 1777729879.0209
    'REQUEST_TIME' => 1777729879
    'CRAFT_APP_ID' => 'CraftCMS--3933bc78-29f5-4b79-bcc5-c31faf0fcd20'
    'CRAFT_ENVIRONMENT' => 'dev'
    'ENVIRONMENT' => 'dev'
    'CRAFT_SECURITY_KEY' => '••••••••••••••••••••••••••••••••'
    'CP_TRIGGER' => 'dW2axQ3b'
    'CRAFT_DB_SCHEMA' => 'public'
    'CRAFT_DB_TABLE_PREFIX' => ''
    'DEV_MODE' => 'true'
    'ALLOW_ADMIN_CHANGES' => 'true'
    'DISALLOW_ROBOTS' => 'true'
    'TIMEZONE' => 'Europe/Zurich'
    'CAPTCHA_SITE_KEY' => '••••••••••••••••••••••••••••••••••••••••'
    'CAPTCHA_SECRET_KEY' => '••••••••••••••••••••••••••••••••••••••••'
    'WEB_URL' => 'https://derschmuckmacher-v3.ddev.site'
    'WEB_ROOT' => '/var/www/html/web'
    'ASSETS_BASE_URL' => 'https://derschmuckmacher-v3.ddev.site/public'
    'ASSETS_BASE_PATH' => '/var/www/html/web/public'
    'SCHMUCK_BASE_URL' => 'https://derschmuckmacher-v3.ddev.site/public/uploads/schmuck'
    'SCHMUCK_BASE_PATH' => '/var/www/html/web/public/uploads/schmuck'
    'BILDER_BASE_URL' => 'https://derschmuckmacher-v3.ddev.site/public/uploads/bilder'
    'BILDER_BASE_PATH' => '/var/www/html/web/public/uploads/bilder'
] {"environment":"dev","userId":1} 
2026-05-02 15:53:47 [queue.INFO] [yii\db\Connection::open] Opening DB connection: mysql:host=db;dbname=db;port=3306 {"memory":1101352} 
2026-05-02 15:53:47 [queue.INFO] [yii\web\Session::open] Session started {"memory":1525848} 
2026-05-02 15:53:47 [queue.INFO] [nystudio107\codeeditor\CodeEditor::bootstrap] CodeEditor module bootstrapped {"memory":1547608} 
2026-05-02 15:53:47 [queue.INFO] [adigital\cookieconsentbanner\CookieConsentBanner::init] Cookie Consent Banner plugin loaded {"memory":1763960} 
2026-05-02 15:53:47 [queue.INFO] [miranj\obfuscator\Obfuscator::init] Obfuscator plugin loaded {"memory":2723920} 
2026-05-02 15:53:47 [queue.INFO] [yii\db\Connection::open] Opening DB connection: mysql:host=db;dbname=db;port=3306 {"memory":2991040} 
2026-05-02 15:53:47 [queue.INFO] [craft\queue\QueueLogBehavior::beforeExec]  [40661] t9n:["app","Updating search indexes"] (attempt: 1, pid: 1664) - Started {"memory":3049792} 
2026-05-02 15:53:47 [queue.INFO] [craft\queue\QueueLogBehavior::afterExec]  [40661] t9n:["app","Updating search indexes"] (attempt: 1, pid: 1664) - Done (time: 0.011s) {"memory":3627216} 
2026-05-02 15:53:47 [queue.INFO] [craft\queue\QueueLogBehavior::beforeExec]  [40662] t9n:["app","Updating search indexes"] (attempt: 1, pid: 1664) - Started {"memory":3635248} 
2026-05-02 15:53:47 [queue.INFO] [craft\queue\QueueLogBehavior::afterExec]  [40662] t9n:["app","Updating search indexes"] (attempt: 1, pid: 1664) - Done (time: 0.001s) {"memory":3725184} 
2026-05-02 15:53:47 [queue.INFO] [craft\queue\QueueLogBehavior::beforeExec]  [40663] t9n:["app","Updating search indexes"] (attempt: 1, pid: 1664) - Started {"memory":3733168} 
2026-05-02 15:53:47 [queue.INFO] [craft\queue\QueueLogBehavior::afterExec]  [40663] t9n:["app","Updating search indexes"] (attempt: 1, pid: 1664) - Done (time: 0.000s) {"memory":3734592} 
2026-05-02 15:53:47 [queue.INFO] [craft\queue\QueueLogBehavior::beforeExec]  [40664] t9n:["app","Updating search indexes"] (attempt: 1, pid: 1664) - Started {"memory":3746992} 
2026-05-02 15:53:47 [queue.INFO] [craft\queue\QueueLogBehavior::afterExec]  [40664] t9n:["app","Updating search indexes"] (attempt: 1, pid: 1664) - Done (time: 0.000s) {"memory":3748416} 
2026-05-02 15:53:47 [queue.INFO] [craft\queue\QueueLogBehavior::beforeExec]  [40665] t9n:["app","Updating search indexes"] (attempt: 1, pid: 1664) - Started {"memory":3756400} 
2026-05-02 15:53:47 [queue.INFO] [craft\queue\QueueLogBehavior::afterExec]  [40665] t9n:["app","Updating search indexes"] (attempt: 1, pid: 1664) - Done (time: 0.005s) {"memory":4228640} 
2026-05-02 15:53:47 [queue.INFO] [craft\queue\QueueLogBehavior::beforeExec]  [40666] t9n:["app","Updating search indexes"] (attempt: 1, pid: 1664) - Started {"memory":4236624} 
2026-05-02 15:53:47 [queue.INFO] [craft\queue\QueueLogBehavior::afterExec]  [40666] t9n:["app","Updating search indexes"] (attempt: 1, pid: 1664) - Done (time: 0.003s) {"memory":4439944} 
2026-05-02 15:53:47 [queue.INFO] [craft\queue\QueueLogBehavior::beforeExec]  [40667] t9n:["app","Pruning extra revisions"] (attempt: 1, pid: 1664) - Started {"memory":4447928} 
2026-05-02 15:53:47 [queue.INFO] [craft\queue\QueueLogBehavior::afterExec]  [40667] t9n:["app","Pruning extra revisions"] (attempt: 1, pid: 1664) - Done (time: 0.000s) {"memory":4527680} 
2026-05-02 15:53:47 [queue.INFO] [craft\queue\QueueLogBehavior::beforeExec]  [40668] t9n:["app","Pruning extra revisions"] (attempt: 1, pid: 1664) - Started {"memory":4535664} 
2026-05-02 15:53:47 [queue.INFO] [craft\queue\QueueLogBehavior::afterExec]  [40668] t9n:["app","Pruning extra revisions"] (attempt: 1, pid: 1664) - Done (time: 0.001s) {"memory":4648152} 
2026-05-02 15:53:47 [queue.INFO] [application] Request context:
$_GET = [
    'p' => 'dW2axQ3b/actions/queue/run'
    'v' => '1777730027303'
]

$_POST = []

$_FILES = []

$_COOKIE = [
    'a8b7b1ec9ffb8baf2c6eaa253fe57112_username' => '26b9ec8568da68d3882e55afaa5d203483c6c5810ee05b5a55c8a0eb10cab93ea:2:{i:0;s:41:\"a8b7b1ec9ffb8baf2c6eaa253fe57112_username\";i:1;s:8:\"odegiuli\";}'
    'cookieconsent_status' => 'dismiss'
    'CraftSessionId' => '16e2d99e4acc14f8abdf5818985e6d70'
    'CRAFT_CSRF_TOKEN' => '••••••••••••••••••••••••••••••••••••••••••••••••••••••••••••••••••••••••••••••••••••••••••••••••••••••••••••••••••••••••••••••••••••••••••••••••••••••••••••••••••••••••••••••••••••••••••••••••••••••••••••••••••••••••••••••••••••••••••••••••••••••••••••••••••'
    'a8b7b1ec9ffb8baf2c6eaa253fe57112_identity' => '774afa8ff0c30b4aa586cf826e9fb003d8e04afeab7172c7bcd95bda96057cdfa:2:{i:0;s:41:\"a8b7b1ec9ffb8baf2c6eaa253fe57112_identity\";i:1;s:159:\"[1,\"[\\\"DyuCHD7BS7ZPn12lYatobqgRPIHQhFDGbhKMi1_0LXuQVA7ouVqFyQ88gzyleiPALmsbcMjnHFCMnXktSpa1dcbjumx5AcJvatB3\\\",null,\\\"0ef01a0bceeac5b1d0a2b6557bd3d7b1\\\"]\",3600]\";}'
    'Craft-3626ffc1-d0a3-42e3-98aa-37e8aa759561_sidebar' => 'expanded'
    'Craft-3626ffc1-d0a3-42e3-98aa-37e8aa759561_sidebar-details' => 'expanded'
]

$_SESSION = [
    'a8b7b1ec9ffb8baf2c6eaa253fe57112__token' => '••••••••••••••••••••••••••••••••••••••••••••••••••••••••••••••••••••••••••••••••••••••••••••••••••••'
    'a8b7b1ec9ffb8baf2c6eaa253fe57112__id' => 1
    '__authKey' => '••••••••••••••••••••••••••••••••••••••••••••••••••••••••••••••••••••••••••••••••••••••••••••••••••••••••••••••••••••••••••••••••••••••••••••••••'
    'a8b7b1ec9ffb8baf2c6eaa253fe57112__expire' => 1777733627
    '__duration' => 3600
    '__elevated_timeout' => 1777726029
    '22b6a59deafcfb2ffb13c3adf3d98a3b__auth_access' => [
        0 => 'previewElement:8578'
        1 => 'saveAssets:1986f3e0-bf2e-4ccd-b34c-7ec2d979afdd'
        2 => 'previewDraft:1010'
        3 => 'saveAssets:'
        4 => 'previewDraft:1011'
        5 => 'editStructure:1'
        6 => 'editStructure:2'
        7 => 'previewElement:8582'
        8 => 'saveAssets:856a3aeb-b21b-4d41-af3f-0a23db430323'
        9 => 'previewElement:8781'
        10 => 'previewElement:8689'
        11 => 'manageNestedElements::8755::field:kacheln'
        12 => 'previewDraft:1012'
        13 => 'previewDraft:1014'
        14 => 'previewDraft:1016'
        15 => 'previewElement:8616'
        16 => 'manageNestedElements::8844::field:kacheln'
        17 => 'previewDraft:1017'
        18 => 'previewDraft:1019'
        19 => 'previewDraft:1020'
        20 => 'previewDraft:1022'
    ]
    '22b6a59deafcfb2ffb13c3adf3d98a3b__flash' => []
]

$_SERVER = [
    'DEPLOY_NAME' => 'local'
    'DDEV_WEBSERVER_TYPE' => 'nginx-fpm'
    'npm_config_cache' => '/mnt/ddev-global-cache/npm'
    'COREPACK_ENABLE_DOWNLOAD_PROMPT' => '0'
    'DDEV_GOOS' => 'darwin'
    'IS_DDEV_PROJECT' => 'true'
    'PHP_DEFAULT_VERSION' => '8.3'
    'HOSTNAME' => 'derschmuckmacher-v3-web'
    'MAILPIT_SMTP_PORT' => '1025'
    'MH_SMTP_BIND_ADDR' => '127.0.0.1:1025'
    'DDEV_PRIMARY_URL_WITHOUT_PORT' => 'https://derschmuckmacher-v3.ddev.site'
    'CRAFT_DB_PORT' => '3306'
    'SSH_AUTH_SOCK' => '/home/.ssh-agent/socket'
    'DDEV_GID' => '20'
    'NODE_EXTRA_CA_CERTS' => '/mnt/ddev-global-cache/mkcert/rootCA.pem'
    'DOCKER_IP' => '127.0.0.1'
    'PGPASSWORD' => 'db'
    'CRAFT_WEB_ROOT' => '/var/www/html/web'
    'DDEV_DOCROOT' => 'web'
    'PWD' => '/var/www/html'
    'PLATFORMSH_CLI_UPDATES_CHECK' => '0'
    'DDEV_APPROOT' => '/var/www/html'
    'DDEV_FILES_DIR' => ''
    'START_SCRIPT_TIMEOUT' => '57'
    'APACHE_SITE_TEMPLATE' => '/etc/apache2/apache-site.conf'
    'PHP_INI' => '/etc/php/8.2/fpm/php.ini'
    'DDEV_VERSION' => 'v1.24.10'
    'PRIMARY_SITE_URL' => 'https://derschmuckmacher-v3.ddev.site'
    'TZ' => 'Europe/Zurich'
    'DDEV_XHPROF_MODE' => 'prepend'
    'HTTPS_EXPOSE' => '443:80,8026:8025'
    'COREPACK_HOME' => '/mnt/ddev-global-cache/corepack'
    'CRAFT_DB_DATABASE' => 'db'
    'DDEV_PRIMARY_URL' => 'https://derschmuckmacher-v3.ddev.site'
    'LINES' => '6'
    'DDEV_SITENAME' => 'derschmuckmacher-v3'
    'HOME' => '/home/omar'
    'DRUSH_OPTIONS_URI' => 'https://derschmuckmacher-v3.ddev.site'
    'LANG' => 'C.UTF-8'
    'COLUMNS' => '182'
    'DDEV_MUTAGEN_ENABLED' => 'true'
    'DDEV_USER' => 'omar'
    'PGUSER' => 'db'
    'TERMINUS_CACHE_DIR' => '/mnt/ddev-global-cache/terminus/cache'
    'DDEV_PRIMARY_URL_PORT' => '443'
    'DDEV_ROUTER_HTTP_PORT' => '80'
    'MAILPIT_SMTP_HOSTNAME' => '127.0.0.1'
    'CRAFT_DB_DRIVER' => 'mysql'
    'COMPOSER_PROCESS_TIMEOUT' => '2000'
    'NGINX_SITE_TEMPLATE' => '/etc/nginx/nginx-site.conf'
    'DDEV_FILES_DIRS' => ''
    'CRAFT_DB_SERVER' => 'db'
    'HTTP_EXPOSE' => '80:80,8025:8025'
    'NVM_DIR' => '/home/omar/.nvm'
    'DDEV_PHP_VERSION' => '8.2'
    'DDEV_TLD' => 'ddev.site'
    'DDEV_HOSTNAME' => 'derschmuckmacher-v3.ddev.site'
    'DDEV_PROJECT' => 'derschmuckmacher-v3'
    'DDEV_GOARCH' => 'arm64'
    'VIRTUAL_HOST' => 'derschmuckmacher-v3.ddev.site'
    'TERM' => 'xterm'
    'USER' => 'omar'
    'MYSQL_HISTFILE' => '/mnt/ddev-global-cache/mysqlhistory/derschmuckmacher-v3-web/mysql_history'
    'DDEV_WEB_ENTRYPOINT' => '/mnt/ddev_config/web-entrypoint.d'
    'DDEV_UID' => '501'
    'CAROOT' => '/mnt/ddev-global-cache/mkcert'
    'SHLVL' => '1'
    'COMPOSER_ALLOW_SUPERUSER' => '1'
    'BASH_ENV' => '/etc/bash.nointeractive.bashrc'
    'DDEV_DATABASE' => 'mysql:8.0'
    'PGDATABASE' => 'db'
    'CRAFT_DB_USER' => 'db'
    'DDEV_SCHEME' => 'https'
    'XHPROF_OUTPUT_DIR' => '/tmp/xhprof'
    'COMPOSER_CACHE_DIR' => '/mnt/ddev-global-cache/composer'
    'DDEV_XDEBUG_ENABLED' => 'false'
    'DDEV_DATABASE_FAMILY' => 'mysql'
    'PGHOST' => 'db'
    'DDEV_COMPOSER_ROOT' => '/var/www/html'
    'CRAFT_DB_PASSWORD' => '••'
    'DOCROOT' => 'web'
    'TERMINUS_HIDE_UPDATE_MESSAGE' => '1'
    'PATH' => '/home/omar/bin:/var/www/html/vendor/bin:/usr/local/sbin:/usr/local/bin:/usr/sbin:/usr/bin:/sbin:/bin:/var/www/html/bin:/mnt/ddev-global-cache/global-commands/web'
    'HOST_DOCKER_INTERNAL_IP' => ''
    'DDEV_PROJECT_TYPE' => 'craftcms'
    'DEBIAN_FRONTEND' => 'noninteractive'
    'DDEV_ROUTER_HTTPS_PORT' => '443'
    'EXECIGNORE' => '/var/www/html/vendor/bin/composer'
    'SUPERVISOR_ENABLED' => '1'
    'SUPERVISOR_SERVER_URL' => 'unix:///var/run/supervisor.sock'
    'SUPERVISOR_PROCESS_NAME' => 'php-fpm'
    'SUPERVISOR_GROUP_NAME' => 'php-fpm'
    'HTTP_X_REQUESTED_WITH' => 'XMLHttpRequest'
    'HTTP_X_REGISTERED_JS_FILES' => '6276b818'
    'HTTP_X_REGISTERED_ASSET_BUNDLES' => '815d39ea,92d8701,22e517a2,aee7f8dc,26c46c25,e505ffd6,6b4d7555,bb2f10a0,e5e48399,fc0bc163,1ccab40d,1e21896b,54698ee0,b842675b,1c3c9add,4b1fd285,d8d08e47,8f00ce04,8768f48b,cf3018d6,ec6d0256,e7c1329,7b7669ac,75f47f25'
    'HTTP_X_REAL_IP' => '172.18.0.1'
    'HTTP_X_FORWARDED_SERVER' => 'e41c480b8ab1'
    'HTTP_X_FORWARDED_PROTO' => 'https'
    'HTTP_X_FORWARDED_PORT' => '443'
    'HTTP_X_FORWARDED_HOST' => 'derschmuckmacher-v3.ddev.site'
    'HTTP_X_FORWARDED_FOR' => '172.18.0.1'
    'HTTP_X_CSRF_TOKEN' => '••••••••••••••••••••••••••••••••••••••••••••••••••••••••••••••••••••••••••••••••••••••••••••••••••••••••••••••••••••••••••••••••••••••••••••••••••••••••••••••••••••••••••••••••••••••••••••••••••••••••••••••••••••••••••••••••••••••••••••••••••••••••••••••••••••••••••••••••••••••••••••••••••••••••••••••••••••••••••••••••••••••••••••••••••••••••••••••••••••••••••••••••••••••••••••••••••••••••'
    'HTTP_TE' => 'trailers'
    'HTTP_SEC_GPC' => '1'
    'HTTP_SEC_FETCH_SITE' => 'same-origin'
    'HTTP_SEC_FETCH_MODE' => 'cors'
    'HTTP_SEC_FETCH_DEST' => 'empty'
    'HTTP_REFERER' => 'https://derschmuckmacher-v3.ddev.site/dW2axQ3b/content/entries/singles/8616-%C3%BCber-mich'
    'HTTP_ORIGIN' => 'https://derschmuckmacher-v3.ddev.site'
    'HTTP_COOKIE' => 'a8b7b1ec9ffb8baf2c6eaa253fe57112_username=26b9ec8568da68d3882e55afaa5d203483c6c5810ee05b5a55c8a0eb10cab93ea%3A2%3A%7Bi%3A0%3Bs%3A41%3A%22a8b7b1ec9ffb8baf2c6eaa253fe57112_username%22%3Bi%3A1%3Bs%3A8%3A%22odegiuli%22%3B%7D; cookieconsent_status=dismiss; CraftSessionId=16e2d99e4acc14f8abdf5818985e6d70; CRAFT_CSRF_TOKEN=5f0129e766c1d60a304c5b2b77758ee9859b2cc5fbd195fe80fa71ffc0c670eaa%3A2%3A%7Bi%3A0%3Bs%3A16%3A%22CRAFT_CSRF_TOKEN%22%3Bi%3A1%3Bs%3A147%3A%22ifNE57H486zr3C99fgKlQp266RX2LurQQ_FrgOuv%7Ccfe2656443ababa12bd8531fc6be39c06e85c07ed7c01ad4b06baad274f80ed2ifNE57H486zr3C99fgKlQp266RX2LurQQ_FrgOuv%7C1%22%3B%7D; a8b7b1ec9ffb8baf2c6eaa253fe57112_identity=774afa8ff0c30b4aa586cf826e9fb003d8e04afeab7172c7bcd95bda96057cdfa%3A2%3A%7Bi%3A0%3Bs%3A41%3A%22a8b7b1ec9ffb8baf2c6eaa253fe57112_identity%22%3Bi%3A1%3Bs%3A159%3A%22%5B1%2C%22%5B%5C%22DyuCHD7BS7ZPn12lYatobqgRPIHQhFDGbhKMi1_0LXuQVA7ouVqFyQ88gzyleiPALmsbcMjnHFCMnXktSpa1dcbjumx5AcJvatB3%5C%22%2Cnull%2C%5C%220ef01a0bceeac5b1d0a2b6557bd3d7b1%5C%22%5D%22%2C3600%5D%22%3B%7D; Craft-3626ffc1-d0a3-42e3-98aa-37e8aa759561_sidebar=expanded; Craft-3626ffc1-d0a3-42e3-98aa-37e8aa759561_sidebar-details=expanded'
    'HTTP_ACCEPT_LANGUAGE' => 'de,en-US;q=0.9,en;q=0.8'
    'HTTP_ACCEPT_ENCODING' => 'gzip, deflate, br, zstd'
    'HTTP_ACCEPT' => 'application/json, text/plain, */*'
    'HTTP_CONTENT_LENGTH' => '0'
    'HTTP_USER_AGENT' => 'Mozilla/5.0 (Macintosh; Intel Mac OS X 10.15; rv:150.0) Gecko/20100101 Firefox/150.0'
    'HTTP_HOST' => 'derschmuckmacher-v3.ddev.site'
    'HTTPS' => 'on'
    'REDIRECT_STATUS' => '200'
    'SERVER_NAME' => 'derschmuckmacher-v3.ddev.site'
    'SERVER_PORT' => '80'
    'SERVER_ADDR' => '172.18.0.4'
    'REMOTE_PORT' => '53004'
    'REMOTE_ADDR' => '172.18.0.5'
    'SERVER_SOFTWARE' => 'nginx/1.28.0'
    'GATEWAY_INTERFACE' => 'CGI/1.1'
    'REQUEST_SCHEME' => 'http'
    'SERVER_PROTOCOL' => 'HTTP/1.1'
    'DOCUMENT_ROOT' => '/var/www/html/web'
    'DOCUMENT_URI' => '/index.php'
    'REQUEST_URI' => '/index.php?p=dW2axQ3b%2Factions%2Fqueue%2Frun&v=1777730027303'
    'CONTENT_LENGTH' => '0'
    'CONTENT_TYPE' => ''
    'REQUEST_METHOD' => 'POST'
    'QUERY_STRING' => 'p=dW2axQ3b%2Factions%2Fqueue%2Frun&v=1777730027303'
    'SCRIPT_NAME' => '/index.php'
    'SCRIPT_FILENAME' => '/var/www/html/web/index.php'
    'FCGI_ROLE' => 'RESPONDER'
    'PHP_SELF' => '/index.php'
    'REQUEST_TIME_FLOAT' => 1777730027.3097
    'REQUEST_TIME' => 1777730027
    'CRAFT_APP_ID' => 'CraftCMS--3933bc78-29f5-4b79-bcc5-c31faf0fcd20'
    'CRAFT_ENVIRONMENT' => 'dev'
    'ENVIRONMENT' => 'dev'
    'CRAFT_SECURITY_KEY' => '••••••••••••••••••••••••••••••••'
    'CP_TRIGGER' => 'dW2axQ3b'
    'CRAFT_DB_SCHEMA' => 'public'
    'CRAFT_DB_TABLE_PREFIX' => ''
    'DEV_MODE' => 'true'
    'ALLOW_ADMIN_CHANGES' => 'true'
    'DISALLOW_ROBOTS' => 'true'
    'TIMEZONE' => 'Europe/Zurich'
    'CAPTCHA_SITE_KEY' => '••••••••••••••••••••••••••••••••••••••••'
    'CAPTCHA_SECRET_KEY' => '••••••••••••••••••••••••••••••••••••••••'
    'WEB_URL' => 'https://derschmuckmacher-v3.ddev.site'
    'WEB_ROOT' => '/var/www/html/web'
    'ASSETS_BASE_URL' => 'https://derschmuckmacher-v3.ddev.site/public'
    'ASSETS_BASE_PATH' => '/var/www/html/web/public'
    'SCHMUCK_BASE_URL' => 'https://derschmuckmacher-v3.ddev.site/public/uploads/schmuck'
    'SCHMUCK_BASE_PATH' => '/var/www/html/web/public/uploads/schmuck'
    'BILDER_BASE_URL' => 'https://derschmuckmacher-v3.ddev.site/public/uploads/bilder'
    'BILDER_BASE_PATH' => '/var/www/html/web/public/uploads/bilder'
] {"environment":"dev","userId":1} 
2026-05-02 15:54:23 [queue.INFO] [yii\db\Connection::open] Opening DB connection: mysql:host=db;dbname=db;port=3306 {"memory":1101352} 
2026-05-02 15:54:23 [queue.INFO] [yii\web\Session::open] Session started {"memory":1525896} 
2026-05-02 15:54:23 [queue.INFO] [nystudio107\codeeditor\CodeEditor::bootstrap] CodeEditor module bootstrapped {"memory":1547656} 
2026-05-02 15:54:23 [queue.INFO] [adigital\cookieconsentbanner\CookieConsentBanner::init] Cookie Consent Banner plugin loaded {"memory":1764008} 
2026-05-02 15:54:23 [queue.INFO] [miranj\obfuscator\Obfuscator::init] Obfuscator plugin loaded {"memory":2723968} 
2026-05-02 15:54:23 [queue.INFO] [yii\db\Connection::open] Opening DB connection: mysql:host=db;dbname=db;port=3306 {"memory":2991088} 
2026-05-02 15:54:23 [queue.INFO] [craft\queue\QueueLogBehavior::beforeExec]  [40669] t9n:["app","Updating search indexes"] (attempt: 1, pid: 2861) - Started {"memory":3049840} 
2026-05-02 15:54:23 [queue.INFO] [craft\queue\QueueLogBehavior::afterExec]  [40669] t9n:["app","Updating search indexes"] (attempt: 1, pid: 2861) - Done (time: 0.015s) {"memory":3627264} 
2026-05-02 15:54:23 [queue.INFO] [craft\queue\QueueLogBehavior::beforeExec]  [40670] t9n:["app","Updating search indexes"] (attempt: 1, pid: 2861) - Started {"memory":3635296} 
2026-05-02 15:54:23 [queue.INFO] [craft\queue\QueueLogBehavior::afterExec]  [40670] t9n:["app","Updating search indexes"] (attempt: 1, pid: 2861) - Done (time: 0.005s) {"memory":4111632} 
2026-05-02 15:54:23 [queue.INFO] [craft\queue\QueueLogBehavior::beforeExec]  [40671] t9n:["app","Pruning extra revisions"] (attempt: 1, pid: 2861) - Started {"memory":4119616} 
2026-05-02 15:54:23 [queue.INFO] [craft\queue\QueueLogBehavior::afterExec]  [40671] t9n:["app","Pruning extra revisions"] (attempt: 1, pid: 2861) - Done (time: 0.001s) {"memory":4205480} 
2026-05-02 15:54:23 [queue.INFO] [application] Request context:
$_GET = [
    'p' => 'dW2axQ3b/actions/queue/run'
    'v' => '1777730063399'
]

$_POST = []

$_FILES = []

$_COOKIE = [
    'a8b7b1ec9ffb8baf2c6eaa253fe57112_username' => '26b9ec8568da68d3882e55afaa5d203483c6c5810ee05b5a55c8a0eb10cab93ea:2:{i:0;s:41:\"a8b7b1ec9ffb8baf2c6eaa253fe57112_username\";i:1;s:8:\"odegiuli\";}'
    'cookieconsent_status' => 'dismiss'
    'CraftSessionId' => '16e2d99e4acc14f8abdf5818985e6d70'
    'CRAFT_CSRF_TOKEN' => '••••••••••••••••••••••••••••••••••••••••••••••••••••••••••••••••••••••••••••••••••••••••••••••••••••••••••••••••••••••••••••••••••••••••••••••••••••••••••••••••••••••••••••••••••••••••••••••••••••••••••••••••••••••••••••••••••••••••••••••••••••••••••••••••••'
    'a8b7b1ec9ffb8baf2c6eaa253fe57112_identity' => '774afa8ff0c30b4aa586cf826e9fb003d8e04afeab7172c7bcd95bda96057cdfa:2:{i:0;s:41:\"a8b7b1ec9ffb8baf2c6eaa253fe57112_identity\";i:1;s:159:\"[1,\"[\\\"DyuCHD7BS7ZPn12lYatobqgRPIHQhFDGbhKMi1_0LXuQVA7ouVqFyQ88gzyleiPALmsbcMjnHFCMnXktSpa1dcbjumx5AcJvatB3\\\",null,\\\"0ef01a0bceeac5b1d0a2b6557bd3d7b1\\\"]\",3600]\";}'
    'Craft-3626ffc1-d0a3-42e3-98aa-37e8aa759561_sidebar' => 'expanded'
    'Craft-3626ffc1-d0a3-42e3-98aa-37e8aa759561_sidebar-details' => 'expanded'
]

$_SESSION = [
    'a8b7b1ec9ffb8baf2c6eaa253fe57112__token' => '••••••••••••••••••••••••••••••••••••••••••••••••••••••••••••••••••••••••••••••••••••••••••••••••••••'
    'a8b7b1ec9ffb8baf2c6eaa253fe57112__id' => 1
    '__authKey' => '••••••••••••••••••••••••••••••••••••••••••••••••••••••••••••••••••••••••••••••••••••••••••••••••••••••••••••••••••••••••••••••••••••••••••••••••'
    'a8b7b1ec9ffb8baf2c6eaa253fe57112__expire' => 1777733663
    '__duration' => 3600
    '__elevated_timeout' => 1777726029
    '22b6a59deafcfb2ffb13c3adf3d98a3b__auth_access' => [
        0 => 'previewElement:8578'
        1 => 'saveAssets:1986f3e0-bf2e-4ccd-b34c-7ec2d979afdd'
        2 => 'previewDraft:1010'
        3 => 'saveAssets:'
        4 => 'previewDraft:1011'
        5 => 'editStructure:1'
        6 => 'editStructure:2'
        7 => 'previewElement:8582'
        8 => 'saveAssets:856a3aeb-b21b-4d41-af3f-0a23db430323'
        9 => 'previewElement:8781'
        10 => 'previewElement:8689'
        11 => 'manageNestedElements::8755::field:kacheln'
        12 => 'previewDraft:1012'
        13 => 'previewDraft:1014'
        14 => 'previewDraft:1016'
        15 => 'previewElement:8616'
        16 => 'manageNestedElements::8844::field:kacheln'
        17 => 'previewDraft:1017'
        18 => 'previewDraft:1019'
        19 => 'previewDraft:1020'
        20 => 'previewDraft:1022'
        21 => 'previewDraft:1024'
    ]
    '22b6a59deafcfb2ffb13c3adf3d98a3b__flash' => []
]

$_SERVER = [
    'DEPLOY_NAME' => 'local'
    'DDEV_WEBSERVER_TYPE' => 'nginx-fpm'
    'npm_config_cache' => '/mnt/ddev-global-cache/npm'
    'COREPACK_ENABLE_DOWNLOAD_PROMPT' => '0'
    'DDEV_GOOS' => 'darwin'
    'IS_DDEV_PROJECT' => 'true'
    'PHP_DEFAULT_VERSION' => '8.3'
    'HOSTNAME' => 'derschmuckmacher-v3-web'
    'MAILPIT_SMTP_PORT' => '1025'
    'MH_SMTP_BIND_ADDR' => '127.0.0.1:1025'
    'DDEV_PRIMARY_URL_WITHOUT_PORT' => 'https://derschmuckmacher-v3.ddev.site'
    'CRAFT_DB_PORT' => '3306'
    'SSH_AUTH_SOCK' => '/home/.ssh-agent/socket'
    'DDEV_GID' => '20'
    'NODE_EXTRA_CA_CERTS' => '/mnt/ddev-global-cache/mkcert/rootCA.pem'
    'DOCKER_IP' => '127.0.0.1'
    'PGPASSWORD' => 'db'
    'CRAFT_WEB_ROOT' => '/var/www/html/web'
    'DDEV_DOCROOT' => 'web'
    'PWD' => '/var/www/html'
    'PLATFORMSH_CLI_UPDATES_CHECK' => '0'
    'DDEV_APPROOT' => '/var/www/html'
    'DDEV_FILES_DIR' => ''
    'START_SCRIPT_TIMEOUT' => '57'
    'APACHE_SITE_TEMPLATE' => '/etc/apache2/apache-site.conf'
    'PHP_INI' => '/etc/php/8.2/fpm/php.ini'
    'DDEV_VERSION' => 'v1.24.10'
    'PRIMARY_SITE_URL' => 'https://derschmuckmacher-v3.ddev.site'
    'TZ' => 'Europe/Zurich'
    'DDEV_XHPROF_MODE' => 'prepend'
    'HTTPS_EXPOSE' => '443:80,8026:8025'
    'COREPACK_HOME' => '/mnt/ddev-global-cache/corepack'
    'CRAFT_DB_DATABASE' => 'db'
    'DDEV_PRIMARY_URL' => 'https://derschmuckmacher-v3.ddev.site'
    'LINES' => '6'
    'DDEV_SITENAME' => 'derschmuckmacher-v3'
    'HOME' => '/home/omar'
    'DRUSH_OPTIONS_URI' => 'https://derschmuckmacher-v3.ddev.site'
    'LANG' => 'C.UTF-8'
    'COLUMNS' => '182'
    'DDEV_MUTAGEN_ENABLED' => 'true'
    'DDEV_USER' => 'omar'
    'PGUSER' => 'db'
    'TERMINUS_CACHE_DIR' => '/mnt/ddev-global-cache/terminus/cache'
    'DDEV_PRIMARY_URL_PORT' => '443'
    'DDEV_ROUTER_HTTP_PORT' => '80'
    'MAILPIT_SMTP_HOSTNAME' => '127.0.0.1'
    'CRAFT_DB_DRIVER' => 'mysql'
    'COMPOSER_PROCESS_TIMEOUT' => '2000'
    'NGINX_SITE_TEMPLATE' => '/etc/nginx/nginx-site.conf'
    'DDEV_FILES_DIRS' => ''
    'CRAFT_DB_SERVER' => 'db'
    'HTTP_EXPOSE' => '80:80,8025:8025'
    'NVM_DIR' => '/home/omar/.nvm'
    'DDEV_PHP_VERSION' => '8.2'
    'DDEV_TLD' => 'ddev.site'
    'DDEV_HOSTNAME' => 'derschmuckmacher-v3.ddev.site'
    'DDEV_PROJECT' => 'derschmuckmacher-v3'
    'DDEV_GOARCH' => 'arm64'
    'VIRTUAL_HOST' => 'derschmuckmacher-v3.ddev.site'
    'TERM' => 'xterm'
    'USER' => 'omar'
    'MYSQL_HISTFILE' => '/mnt/ddev-global-cache/mysqlhistory/derschmuckmacher-v3-web/mysql_history'
    'DDEV_WEB_ENTRYPOINT' => '/mnt/ddev_config/web-entrypoint.d'
    'DDEV_UID' => '501'
    'CAROOT' => '/mnt/ddev-global-cache/mkcert'
    'SHLVL' => '1'
    'COMPOSER_ALLOW_SUPERUSER' => '1'
    'BASH_ENV' => '/etc/bash.nointeractive.bashrc'
    'DDEV_DATABASE' => 'mysql:8.0'
    'PGDATABASE' => 'db'
    'CRAFT_DB_USER' => 'db'
    'DDEV_SCHEME' => 'https'
    'XHPROF_OUTPUT_DIR' => '/tmp/xhprof'
    'COMPOSER_CACHE_DIR' => '/mnt/ddev-global-cache/composer'
    'DDEV_XDEBUG_ENABLED' => 'false'
    'DDEV_DATABASE_FAMILY' => 'mysql'
    'PGHOST' => 'db'
    'DDEV_COMPOSER_ROOT' => '/var/www/html'
    'CRAFT_DB_PASSWORD' => '••'
    'DOCROOT' => 'web'
    'TERMINUS_HIDE_UPDATE_MESSAGE' => '1'
    'PATH' => '/home/omar/bin:/var/www/html/vendor/bin:/usr/local/sbin:/usr/local/bin:/usr/sbin:/usr/bin:/sbin:/bin:/var/www/html/bin:/mnt/ddev-global-cache/global-commands/web'
    'HOST_DOCKER_INTERNAL_IP' => ''
    'DDEV_PROJECT_TYPE' => 'craftcms'
    'DEBIAN_FRONTEND' => 'noninteractive'
    'DDEV_ROUTER_HTTPS_PORT' => '443'
    'EXECIGNORE' => '/var/www/html/vendor/bin/composer'
    'SUPERVISOR_ENABLED' => '1'
    'SUPERVISOR_SERVER_URL' => 'unix:///var/run/supervisor.sock'
    'SUPERVISOR_PROCESS_NAME' => 'php-fpm'
    'SUPERVISOR_GROUP_NAME' => 'php-fpm'
    'HTTP_X_REQUESTED_WITH' => 'XMLHttpRequest'
    'HTTP_X_REGISTERED_JS_FILES' => '6276b818'
    'HTTP_X_REGISTERED_ASSET_BUNDLES' => '815d39ea,92d8701,22e517a2,aee7f8dc,26c46c25,e505ffd6,6b4d7555,bb2f10a0,e5e48399,fc0bc163,1ccab40d,1e21896b,54698ee0,b842675b,1c3c9add,4b1fd285,d8d08e47,8f00ce04,8768f48b,cf3018d6,ec6d0256,e7c1329,7b7669ac,75f47f25'
    'HTTP_X_REAL_IP' => '172.18.0.1'
    'HTTP_X_FORWARDED_SERVER' => 'e41c480b8ab1'
    'HTTP_X_FORWARDED_PROTO' => 'https'
    'HTTP_X_FORWARDED_PORT' => '443'
    'HTTP_X_FORWARDED_HOST' => 'derschmuckmacher-v3.ddev.site'
    'HTTP_X_FORWARDED_FOR' => '172.18.0.1'
    'HTTP_X_CSRF_TOKEN' => '••••••••••••••••••••••••••••••••••••••••••••••••••••••••••••••••••••••••••••••••••••••••••••••••••••••••••••••••••••••••••••••••••••••••••••••••••••••••••••••••••••••••••••••••••••••••••••••••••••••••••••••••••••••••••••••••••••••••••••••••••••••••••••••••••••••••••••••••••••••••••••••••••••••••••••••••••••••••••••••••••••••••••••••••••••••••••••••••••••••••••••••••••••••••••••••••••••••••'
    'HTTP_TE' => 'trailers'
    'HTTP_SEC_GPC' => '1'
    'HTTP_SEC_FETCH_SITE' => 'same-origin'
    'HTTP_SEC_FETCH_MODE' => 'cors'
    'HTTP_SEC_FETCH_DEST' => 'empty'
    'HTTP_REFERER' => 'https://derschmuckmacher-v3.ddev.site/dW2axQ3b/content/entries/singles/8616-%C3%BCber-mich'
    'HTTP_ORIGIN' => 'https://derschmuckmacher-v3.ddev.site'
    'HTTP_COOKIE' => 'a8b7b1ec9ffb8baf2c6eaa253fe57112_username=26b9ec8568da68d3882e55afaa5d203483c6c5810ee05b5a55c8a0eb10cab93ea%3A2%3A%7Bi%3A0%3Bs%3A41%3A%22a8b7b1ec9ffb8baf2c6eaa253fe57112_username%22%3Bi%3A1%3Bs%3A8%3A%22odegiuli%22%3B%7D; cookieconsent_status=dismiss; CraftSessionId=16e2d99e4acc14f8abdf5818985e6d70; CRAFT_CSRF_TOKEN=5f0129e766c1d60a304c5b2b77758ee9859b2cc5fbd195fe80fa71ffc0c670eaa%3A2%3A%7Bi%3A0%3Bs%3A16%3A%22CRAFT_CSRF_TOKEN%22%3Bi%3A1%3Bs%3A147%3A%22ifNE57H486zr3C99fgKlQp266RX2LurQQ_FrgOuv%7Ccfe2656443ababa12bd8531fc6be39c06e85c07ed7c01ad4b06baad274f80ed2ifNE57H486zr3C99fgKlQp266RX2LurQQ_FrgOuv%7C1%22%3B%7D; a8b7b1ec9ffb8baf2c6eaa253fe57112_identity=774afa8ff0c30b4aa586cf826e9fb003d8e04afeab7172c7bcd95bda96057cdfa%3A2%3A%7Bi%3A0%3Bs%3A41%3A%22a8b7b1ec9ffb8baf2c6eaa253fe57112_identity%22%3Bi%3A1%3Bs%3A159%3A%22%5B1%2C%22%5B%5C%22DyuCHD7BS7ZPn12lYatobqgRPIHQhFDGbhKMi1_0LXuQVA7ouVqFyQ88gzyleiPALmsbcMjnHFCMnXktSpa1dcbjumx5AcJvatB3%5C%22%2Cnull%2C%5C%220ef01a0bceeac5b1d0a2b6557bd3d7b1%5C%22%5D%22%2C3600%5D%22%3B%7D; Craft-3626ffc1-d0a3-42e3-98aa-37e8aa759561_sidebar=expanded; Craft-3626ffc1-d0a3-42e3-98aa-37e8aa759561_sidebar-details=expanded'
    'HTTP_ACCEPT_LANGUAGE' => 'de,en-US;q=0.9,en;q=0.8'
    'HTTP_ACCEPT_ENCODING' => 'gzip, deflate, br, zstd'
    'HTTP_ACCEPT' => 'application/json, text/plain, */*'
    'HTTP_CONTENT_LENGTH' => '0'
    'HTTP_USER_AGENT' => 'Mozilla/5.0 (Macintosh; Intel Mac OS X 10.15; rv:150.0) Gecko/20100101 Firefox/150.0'
    'HTTP_HOST' => 'derschmuckmacher-v3.ddev.site'
    'HTTPS' => 'on'
    'REDIRECT_STATUS' => '200'
    'SERVER_NAME' => 'derschmuckmacher-v3.ddev.site'
    'SERVER_PORT' => '80'
    'SERVER_ADDR' => '172.18.0.4'
    'REMOTE_PORT' => '37604'
    'REMOTE_ADDR' => '172.18.0.5'
    'SERVER_SOFTWARE' => 'nginx/1.28.0'
    'GATEWAY_INTERFACE' => 'CGI/1.1'
    'REQUEST_SCHEME' => 'http'
    'SERVER_PROTOCOL' => 'HTTP/1.1'
    'DOCUMENT_ROOT' => '/var/www/html/web'
    'DOCUMENT_URI' => '/index.php'
    'REQUEST_URI' => '/index.php?p=dW2axQ3b%2Factions%2Fqueue%2Frun&v=1777730063399'
    'CONTENT_LENGTH' => '0'
    'CONTENT_TYPE' => ''
    'REQUEST_METHOD' => 'POST'
    'QUERY_STRING' => 'p=dW2axQ3b%2Factions%2Fqueue%2Frun&v=1777730063399'
    'SCRIPT_NAME' => '/index.php'
    'SCRIPT_FILENAME' => '/var/www/html/web/index.php'
    'FCGI_ROLE' => 'RESPONDER'
    'PHP_SELF' => '/index.php'
    'REQUEST_TIME_FLOAT' => 1777730063.4035
    'REQUEST_TIME' => 1777730063
    'CRAFT_APP_ID' => 'CraftCMS--3933bc78-29f5-4b79-bcc5-c31faf0fcd20'
    'CRAFT_ENVIRONMENT' => 'dev'
    'ENVIRONMENT' => 'dev'
    'CRAFT_SECURITY_KEY' => '••••••••••••••••••••••••••••••••'
    'CP_TRIGGER' => 'dW2axQ3b'
    'CRAFT_DB_SCHEMA' => 'public'
    'CRAFT_DB_TABLE_PREFIX' => ''
    'DEV_MODE' => 'true'
    'ALLOW_ADMIN_CHANGES' => 'true'
    'DISALLOW_ROBOTS' => 'true'
    'TIMEZONE' => 'Europe/Zurich'
    'CAPTCHA_SITE_KEY' => '••••••••••••••••••••••••••••••••••••••••'
    'CAPTCHA_SECRET_KEY' => '••••••••••••••••••••••••••••••••••••••••'
    'WEB_URL' => 'https://derschmuckmacher-v3.ddev.site'
    'WEB_ROOT' => '/var/www/html/web'
    'ASSETS_BASE_URL' => 'https://derschmuckmacher-v3.ddev.site/public'
    'ASSETS_BASE_PATH' => '/var/www/html/web/public'
    'SCHMUCK_BASE_URL' => 'https://derschmuckmacher-v3.ddev.site/public/uploads/schmuck'
    'SCHMUCK_BASE_PATH' => '/var/www/html/web/public/uploads/schmuck'
    'BILDER_BASE_URL' => 'https://derschmuckmacher-v3.ddev.site/public/uploads/bilder'
    'BILDER_BASE_PATH' => '/var/www/html/web/public/uploads/bilder'
] {"environment":"dev","userId":1} 
2026-05-02 15:55:50 [queue.INFO] [yii\db\Connection::open] Opening DB connection: mysql:host=db;dbname=db;port=3306 {"memory":1101352} 
2026-05-02 15:55:50 [queue.INFO] [yii\web\Session::open] Session started {"memory":1525944} 
2026-05-02 15:55:50 [queue.INFO] [nystudio107\codeeditor\CodeEditor::bootstrap] CodeEditor module bootstrapped {"memory":1547704} 
2026-05-02 15:55:50 [queue.INFO] [adigital\cookieconsentbanner\CookieConsentBanner::init] Cookie Consent Banner plugin loaded {"memory":1764056} 
2026-05-02 15:55:50 [queue.INFO] [miranj\obfuscator\Obfuscator::init] Obfuscator plugin loaded {"memory":2724016} 
2026-05-02 15:55:50 [queue.INFO] [yii\db\Connection::open] Opening DB connection: mysql:host=db;dbname=db;port=3306 {"memory":2991136} 
2026-05-02 15:55:50 [queue.INFO] [craft\queue\QueueLogBehavior::beforeExec]  [40672] t9n:["app","Updating search indexes"] (attempt: 1, pid: 2980) - Started {"memory":3049888} 
2026-05-02 15:55:50 [queue.INFO] [craft\queue\QueueLogBehavior::afterExec]  [40672] t9n:["app","Updating search indexes"] (attempt: 1, pid: 2980) - Done (time: 0.010s) {"memory":3627312} 
2026-05-02 15:55:50 [queue.INFO] [craft\queue\QueueLogBehavior::beforeExec]  [40673] t9n:["app","Updating search indexes"] (attempt: 1, pid: 2980) - Started {"memory":3635344} 
2026-05-02 15:55:50 [queue.INFO] [craft\queue\QueueLogBehavior::afterExec]  [40673] t9n:["app","Updating search indexes"] (attempt: 1, pid: 2980) - Done (time: 0.000s) {"memory":3636768} 
2026-05-02 15:55:50 [queue.INFO] [craft\queue\QueueLogBehavior::beforeExec]  [40674] t9n:["app","Updating search indexes"] (attempt: 1, pid: 2980) - Started {"memory":3644752} 
2026-05-02 15:55:50 [queue.INFO] [craft\queue\QueueLogBehavior::afterExec]  [40674] t9n:["app","Updating search indexes"] (attempt: 1, pid: 2980) - Done (time: 0.000s) {"memory":3646176} 
2026-05-02 15:55:50 [queue.INFO] [craft\queue\QueueLogBehavior::beforeExec]  [40675] t9n:["app","Updating search indexes"] (attempt: 1, pid: 2980) - Started {"memory":3654160} 
2026-05-02 15:55:50 [queue.INFO] [craft\queue\QueueLogBehavior::afterExec]  [40675] t9n:["app","Updating search indexes"] (attempt: 1, pid: 2980) - Done (time: 0.005s) {"memory":4130816} 
2026-05-02 15:55:50 [queue.INFO] [craft\queue\QueueLogBehavior::beforeExec]  [40676] t9n:["app","Pruning extra revisions"] (attempt: 1, pid: 2980) - Started {"memory":4138800} 
2026-05-02 15:55:50 [queue.INFO] [craft\queue\QueueLogBehavior::afterExec]  [40676] t9n:["app","Pruning extra revisions"] (attempt: 1, pid: 2980) - Done (time: 0.001s) {"memory":4224664} 
2026-05-02 15:55:50 [queue.INFO] [application] Request context:
$_GET = [
    'p' => 'dW2axQ3b/actions/queue/run'
    'v' => '1777730150453'
]

$_POST = []

$_FILES = []

$_COOKIE = [
    'a8b7b1ec9ffb8baf2c6eaa253fe57112_username' => '26b9ec8568da68d3882e55afaa5d203483c6c5810ee05b5a55c8a0eb10cab93ea:2:{i:0;s:41:\"a8b7b1ec9ffb8baf2c6eaa253fe57112_username\";i:1;s:8:\"odegiuli\";}'
    'cookieconsent_status' => 'dismiss'
    'CraftSessionId' => '16e2d99e4acc14f8abdf5818985e6d70'
    'CRAFT_CSRF_TOKEN' => '••••••••••••••••••••••••••••••••••••••••••••••••••••••••••••••••••••••••••••••••••••••••••••••••••••••••••••••••••••••••••••••••••••••••••••••••••••••••••••••••••••••••••••••••••••••••••••••••••••••••••••••••••••••••••••••••••••••••••••••••••••••••••••••••••'
    'a8b7b1ec9ffb8baf2c6eaa253fe57112_identity' => '774afa8ff0c30b4aa586cf826e9fb003d8e04afeab7172c7bcd95bda96057cdfa:2:{i:0;s:41:\"a8b7b1ec9ffb8baf2c6eaa253fe57112_identity\";i:1;s:159:\"[1,\"[\\\"DyuCHD7BS7ZPn12lYatobqgRPIHQhFDGbhKMi1_0LXuQVA7ouVqFyQ88gzyleiPALmsbcMjnHFCMnXktSpa1dcbjumx5AcJvatB3\\\",null,\\\"0ef01a0bceeac5b1d0a2b6557bd3d7b1\\\"]\",3600]\";}'
    'Craft-3626ffc1-d0a3-42e3-98aa-37e8aa759561_sidebar' => 'expanded'
    'Craft-3626ffc1-d0a3-42e3-98aa-37e8aa759561_sidebar-details' => 'expanded'
]

$_SESSION = [
    'a8b7b1ec9ffb8baf2c6eaa253fe57112__token' => '••••••••••••••••••••••••••••••••••••••••••••••••••••••••••••••••••••••••••••••••••••••••••••••••••••'
    'a8b7b1ec9ffb8baf2c6eaa253fe57112__id' => 1
    '__authKey' => '••••••••••••••••••••••••••••••••••••••••••••••••••••••••••••••••••••••••••••••••••••••••••••••••••••••••••••••••••••••••••••••••••••••••••••••••'
    'a8b7b1ec9ffb8baf2c6eaa253fe57112__expire' => 1777733750
    '__duration' => 3600
    '__elevated_timeout' => 1777726029
    '22b6a59deafcfb2ffb13c3adf3d98a3b__auth_access' => [
        0 => 'previewElement:8578'
        1 => 'saveAssets:1986f3e0-bf2e-4ccd-b34c-7ec2d979afdd'
        2 => 'previewDraft:1010'
        3 => 'saveAssets:'
        4 => 'previewDraft:1011'
        5 => 'editStructure:1'
        6 => 'editStructure:2'
        7 => 'previewElement:8582'
        8 => 'saveAssets:856a3aeb-b21b-4d41-af3f-0a23db430323'
        9 => 'previewElement:8781'
        10 => 'previewElement:8689'
        11 => 'manageNestedElements::8755::field:kacheln'
        12 => 'previewDraft:1012'
        13 => 'previewDraft:1014'
        14 => 'previewDraft:1016'
        15 => 'previewElement:8616'
        16 => 'manageNestedElements::8844::field:kacheln'
        17 => 'previewDraft:1017'
        18 => 'previewDraft:1019'
        19 => 'previewDraft:1020'
        20 => 'previewDraft:1022'
        21 => 'previewDraft:1024'
        22 => 'previewDraft:1025'
    ]
    '22b6a59deafcfb2ffb13c3adf3d98a3b__flash' => []
]

$_SERVER = [
    'DEPLOY_NAME' => 'local'
    'DDEV_WEBSERVER_TYPE' => 'nginx-fpm'
    'npm_config_cache' => '/mnt/ddev-global-cache/npm'
    'COREPACK_ENABLE_DOWNLOAD_PROMPT' => '0'
    'DDEV_GOOS' => 'darwin'
    'IS_DDEV_PROJECT' => 'true'
    'PHP_DEFAULT_VERSION' => '8.3'
    'HOSTNAME' => 'derschmuckmacher-v3-web'
    'MAILPIT_SMTP_PORT' => '1025'
    'MH_SMTP_BIND_ADDR' => '127.0.0.1:1025'
    'DDEV_PRIMARY_URL_WITHOUT_PORT' => 'https://derschmuckmacher-v3.ddev.site'
    'CRAFT_DB_PORT' => '3306'
    'SSH_AUTH_SOCK' => '/home/.ssh-agent/socket'
    'DDEV_GID' => '20'
    'NODE_EXTRA_CA_CERTS' => '/mnt/ddev-global-cache/mkcert/rootCA.pem'
    'DOCKER_IP' => '127.0.0.1'
    'PGPASSWORD' => 'db'
    'CRAFT_WEB_ROOT' => '/var/www/html/web'
    'DDEV_DOCROOT' => 'web'
    'PWD' => '/var/www/html'
    'PLATFORMSH_CLI_UPDATES_CHECK' => '0'
    'DDEV_APPROOT' => '/var/www/html'
    'DDEV_FILES_DIR' => ''
    'START_SCRIPT_TIMEOUT' => '57'
    'APACHE_SITE_TEMPLATE' => '/etc/apache2/apache-site.conf'
    'PHP_INI' => '/etc/php/8.2/fpm/php.ini'
    'DDEV_VERSION' => 'v1.24.10'
    'PRIMARY_SITE_URL' => 'https://derschmuckmacher-v3.ddev.site'
    'TZ' => 'Europe/Zurich'
    'DDEV_XHPROF_MODE' => 'prepend'
    'HTTPS_EXPOSE' => '443:80,8026:8025'
    'COREPACK_HOME' => '/mnt/ddev-global-cache/corepack'
    'CRAFT_DB_DATABASE' => 'db'
    'DDEV_PRIMARY_URL' => 'https://derschmuckmacher-v3.ddev.site'
    'LINES' => '6'
    'DDEV_SITENAME' => 'derschmuckmacher-v3'
    'HOME' => '/home/omar'
    'DRUSH_OPTIONS_URI' => 'https://derschmuckmacher-v3.ddev.site'
    'LANG' => 'C.UTF-8'
    'COLUMNS' => '182'
    'DDEV_MUTAGEN_ENABLED' => 'true'
    'DDEV_USER' => 'omar'
    'PGUSER' => 'db'
    'TERMINUS_CACHE_DIR' => '/mnt/ddev-global-cache/terminus/cache'
    'DDEV_PRIMARY_URL_PORT' => '443'
    'DDEV_ROUTER_HTTP_PORT' => '80'
    'MAILPIT_SMTP_HOSTNAME' => '127.0.0.1'
    'CRAFT_DB_DRIVER' => 'mysql'
    'COMPOSER_PROCESS_TIMEOUT' => '2000'
    'NGINX_SITE_TEMPLATE' => '/etc/nginx/nginx-site.conf'
    'DDEV_FILES_DIRS' => ''
    'CRAFT_DB_SERVER' => 'db'
    'HTTP_EXPOSE' => '80:80,8025:8025'
    'NVM_DIR' => '/home/omar/.nvm'
    'DDEV_PHP_VERSION' => '8.2'
    'DDEV_TLD' => 'ddev.site'
    'DDEV_HOSTNAME' => 'derschmuckmacher-v3.ddev.site'
    'DDEV_PROJECT' => 'derschmuckmacher-v3'
    'DDEV_GOARCH' => 'arm64'
    'VIRTUAL_HOST' => 'derschmuckmacher-v3.ddev.site'
    'TERM' => 'xterm'
    'USER' => 'omar'
    'MYSQL_HISTFILE' => '/mnt/ddev-global-cache/mysqlhistory/derschmuckmacher-v3-web/mysql_history'
    'DDEV_WEB_ENTRYPOINT' => '/mnt/ddev_config/web-entrypoint.d'
    'DDEV_UID' => '501'
    'CAROOT' => '/mnt/ddev-global-cache/mkcert'
    'SHLVL' => '1'
    'COMPOSER_ALLOW_SUPERUSER' => '1'
    'BASH_ENV' => '/etc/bash.nointeractive.bashrc'
    'DDEV_DATABASE' => 'mysql:8.0'
    'PGDATABASE' => 'db'
    'CRAFT_DB_USER' => 'db'
    'DDEV_SCHEME' => 'https'
    'XHPROF_OUTPUT_DIR' => '/tmp/xhprof'
    'COMPOSER_CACHE_DIR' => '/mnt/ddev-global-cache/composer'
    'DDEV_XDEBUG_ENABLED' => 'false'
    'DDEV_DATABASE_FAMILY' => 'mysql'
    'PGHOST' => 'db'
    'DDEV_COMPOSER_ROOT' => '/var/www/html'
    'CRAFT_DB_PASSWORD' => '••'
    'DOCROOT' => 'web'
    'TERMINUS_HIDE_UPDATE_MESSAGE' => '1'
    'PATH' => '/home/omar/bin:/var/www/html/vendor/bin:/usr/local/sbin:/usr/local/bin:/usr/sbin:/usr/bin:/sbin:/bin:/var/www/html/bin:/mnt/ddev-global-cache/global-commands/web'
    'HOST_DOCKER_INTERNAL_IP' => ''
    'DDEV_PROJECT_TYPE' => 'craftcms'
    'DEBIAN_FRONTEND' => 'noninteractive'
    'DDEV_ROUTER_HTTPS_PORT' => '443'
    'EXECIGNORE' => '/var/www/html/vendor/bin/composer'
    'SUPERVISOR_ENABLED' => '1'
    'SUPERVISOR_SERVER_URL' => 'unix:///var/run/supervisor.sock'
    'SUPERVISOR_PROCESS_NAME' => 'php-fpm'
    'SUPERVISOR_GROUP_NAME' => 'php-fpm'
    'HTTP_X_REQUESTED_WITH' => 'XMLHttpRequest'
    'HTTP_X_REGISTERED_JS_FILES' => '6276b818'
    'HTTP_X_REGISTERED_ASSET_BUNDLES' => '815d39ea,92d8701,22e517a2,aee7f8dc,26c46c25,e505ffd6,6b4d7555,bb2f10a0,e5e48399,fc0bc163,1ccab40d,1e21896b,54698ee0,b842675b,1c3c9add,4b1fd285,d8d08e47,8f00ce04,8768f48b,cf3018d6,ec6d0256,e7c1329,7b7669ac,75f47f25'
    'HTTP_X_REAL_IP' => '172.18.0.1'
    'HTTP_X_FORWARDED_SERVER' => 'e41c480b8ab1'
    'HTTP_X_FORWARDED_PROTO' => 'https'
    'HTTP_X_FORWARDED_PORT' => '443'
    'HTTP_X_FORWARDED_HOST' => 'derschmuckmacher-v3.ddev.site'
    'HTTP_X_FORWARDED_FOR' => '172.18.0.1'
    'HTTP_X_CSRF_TOKEN' => '••••••••••••••••••••••••••••••••••••••••••••••••••••••••••••••••••••••••••••••••••••••••••••••••••••••••••••••••••••••••••••••••••••••••••••••••••••••••••••••••••••••••••••••••••••••••••••••••••••••••••••••••••••••••••••••••••••••••••••••••••••••••••••••••••••••••••••••••••••••••••••••••••••••••••••••••••••••••••••••••••••••••••••••••••••••••••••••••••••••••••••••••••••••••••••••••••••••••'
    'HTTP_TE' => 'trailers'
    'HTTP_SEC_GPC' => '1'
    'HTTP_SEC_FETCH_SITE' => 'same-origin'
    'HTTP_SEC_FETCH_MODE' => 'cors'
    'HTTP_SEC_FETCH_DEST' => 'empty'
    'HTTP_REFERER' => 'https://derschmuckmacher-v3.ddev.site/dW2axQ3b/content/entries/singles/8616-%C3%BCber-mich'
    'HTTP_ORIGIN' => 'https://derschmuckmacher-v3.ddev.site'
    'HTTP_COOKIE' => 'a8b7b1ec9ffb8baf2c6eaa253fe57112_username=26b9ec8568da68d3882e55afaa5d203483c6c5810ee05b5a55c8a0eb10cab93ea%3A2%3A%7Bi%3A0%3Bs%3A41%3A%22a8b7b1ec9ffb8baf2c6eaa253fe57112_username%22%3Bi%3A1%3Bs%3A8%3A%22odegiuli%22%3B%7D; cookieconsent_status=dismiss; CraftSessionId=16e2d99e4acc14f8abdf5818985e6d70; CRAFT_CSRF_TOKEN=5f0129e766c1d60a304c5b2b77758ee9859b2cc5fbd195fe80fa71ffc0c670eaa%3A2%3A%7Bi%3A0%3Bs%3A16%3A%22CRAFT_CSRF_TOKEN%22%3Bi%3A1%3Bs%3A147%3A%22ifNE57H486zr3C99fgKlQp266RX2LurQQ_FrgOuv%7Ccfe2656443ababa12bd8531fc6be39c06e85c07ed7c01ad4b06baad274f80ed2ifNE57H486zr3C99fgKlQp266RX2LurQQ_FrgOuv%7C1%22%3B%7D; a8b7b1ec9ffb8baf2c6eaa253fe57112_identity=774afa8ff0c30b4aa586cf826e9fb003d8e04afeab7172c7bcd95bda96057cdfa%3A2%3A%7Bi%3A0%3Bs%3A41%3A%22a8b7b1ec9ffb8baf2c6eaa253fe57112_identity%22%3Bi%3A1%3Bs%3A159%3A%22%5B1%2C%22%5B%5C%22DyuCHD7BS7ZPn12lYatobqgRPIHQhFDGbhKMi1_0LXuQVA7ouVqFyQ88gzyleiPALmsbcMjnHFCMnXktSpa1dcbjumx5AcJvatB3%5C%22%2Cnull%2C%5C%220ef01a0bceeac5b1d0a2b6557bd3d7b1%5C%22%5D%22%2C3600%5D%22%3B%7D; Craft-3626ffc1-d0a3-42e3-98aa-37e8aa759561_sidebar=expanded; Craft-3626ffc1-d0a3-42e3-98aa-37e8aa759561_sidebar-details=expanded'
    'HTTP_ACCEPT_LANGUAGE' => 'de,en-US;q=0.9,en;q=0.8'
    'HTTP_ACCEPT_ENCODING' => 'gzip, deflate, br, zstd'
    'HTTP_ACCEPT' => 'application/json, text/plain, */*'
    'HTTP_CONTENT_LENGTH' => '0'
    'HTTP_USER_AGENT' => 'Mozilla/5.0 (Macintosh; Intel Mac OS X 10.15; rv:150.0) Gecko/20100101 Firefox/150.0'
    'HTTP_HOST' => 'derschmuckmacher-v3.ddev.site'
    'HTTPS' => 'on'
    'REDIRECT_STATUS' => '200'
    'SERVER_NAME' => 'derschmuckmacher-v3.ddev.site'
    'SERVER_PORT' => '80'
    'SERVER_ADDR' => '172.18.0.4'
    'REMOTE_PORT' => '59320'
    'REMOTE_ADDR' => '172.18.0.5'
    'SERVER_SOFTWARE' => 'nginx/1.28.0'
    'GATEWAY_INTERFACE' => 'CGI/1.1'
    'REQUEST_SCHEME' => 'http'
    'SERVER_PROTOCOL' => 'HTTP/1.1'
    'DOCUMENT_ROOT' => '/var/www/html/web'
    'DOCUMENT_URI' => '/index.php'
    'REQUEST_URI' => '/index.php?p=dW2axQ3b%2Factions%2Fqueue%2Frun&v=1777730150453'
    'CONTENT_LENGTH' => '0'
    'CONTENT_TYPE' => ''
    'REQUEST_METHOD' => 'POST'
    'QUERY_STRING' => 'p=dW2axQ3b%2Factions%2Fqueue%2Frun&v=1777730150453'
    'SCRIPT_NAME' => '/index.php'
    'SCRIPT_FILENAME' => '/var/www/html/web/index.php'
    'FCGI_ROLE' => 'RESPONDER'
    'PHP_SELF' => '/index.php'
    'REQUEST_TIME_FLOAT' => 1777730150.4567
    'REQUEST_TIME' => 1777730150
    'CRAFT_APP_ID' => 'CraftCMS--3933bc78-29f5-4b79-bcc5-c31faf0fcd20'
    'CRAFT_ENVIRONMENT' => 'dev'
    'ENVIRONMENT' => 'dev'
    'CRAFT_SECURITY_KEY' => '••••••••••••••••••••••••••••••••'
    'CP_TRIGGER' => 'dW2axQ3b'
    'CRAFT_DB_SCHEMA' => 'public'
    'CRAFT_DB_TABLE_PREFIX' => ''
    'DEV_MODE' => 'true'
    'ALLOW_ADMIN_CHANGES' => 'true'
    'DISALLOW_ROBOTS' => 'true'
    'TIMEZONE' => 'Europe/Zurich'
    'CAPTCHA_SITE_KEY' => '••••••••••••••••••••••••••••••••••••••••'
    'CAPTCHA_SECRET_KEY' => '••••••••••••••••••••••••••••••••••••••••'
    'WEB_URL' => 'https://derschmuckmacher-v3.ddev.site'
    'WEB_ROOT' => '/var/www/html/web'
    'ASSETS_BASE_URL' => 'https://derschmuckmacher-v3.ddev.site/public'
    'ASSETS_BASE_PATH' => '/var/www/html/web/public'
    'SCHMUCK_BASE_URL' => 'https://derschmuckmacher-v3.ddev.site/public/uploads/schmuck'
    'SCHMUCK_BASE_PATH' => '/var/www/html/web/public/uploads/schmuck'
    'BILDER_BASE_URL' => 'https://derschmuckmacher-v3.ddev.site/public/uploads/bilder'
    'BILDER_BASE_PATH' => '/var/www/html/web/public/uploads/bilder'
] {"environment":"dev","userId":1} 
2026-05-02 16:52:05 [queue.INFO] [yii\db\Connection::open] Opening DB connection: mysql:host=db;dbname=db;port=3306 {"memory":1101240} 
2026-05-02 16:52:05 [queue.INFO] [yii\web\Session::open] Session started {"memory":1525792} 
2026-05-02 16:52:05 [queue.INFO] [nystudio107\codeeditor\CodeEditor::bootstrap] CodeEditor module bootstrapped {"memory":1547552} 
2026-05-02 16:52:05 [queue.INFO] [adigital\cookieconsentbanner\CookieConsentBanner::init] Cookie Consent Banner plugin loaded {"memory":1763600} 
2026-05-02 16:52:05 [queue.INFO] [miranj\obfuscator\Obfuscator::init] Obfuscator plugin loaded {"memory":2723560} 
2026-05-02 16:52:05 [queue.INFO] [yii\db\Connection::open] Opening DB connection: mysql:host=db;dbname=db;port=3306 {"memory":2990680} 
2026-05-02 16:52:05 [queue.INFO] [craft\queue\QueueLogBehavior::beforeExec]  [40677] Freeform: Purging Old Notification Logs (attempt: 1, pid: 2861) - Started {"memory":3048712} 
2026-05-02 16:52:05 [queue.INFO] [craft\queue\QueueLogBehavior::afterExec]  [40677] Freeform: Purging Old Notification Logs (attempt: 1, pid: 2861) - Done (time: 0.001s) {"memory":3067096} 
2026-05-02 16:52:05 [queue.INFO] [craft\queue\QueueLogBehavior::beforeExec]  [40678] Freeform: Unfertige Dateien löschen (attempt: 1, pid: 2861) - Started {"memory":3239240} 
2026-05-02 16:52:05 [queue.INFO] [craft\queue\QueueLogBehavior::afterExec]  [40678] Freeform: Unfertige Dateien löschen (attempt: 1, pid: 2861) - Done (time: 0.001s) {"memory":3243264} 
2026-05-02 16:52:05 [queue.INFO] [application] Request context:
$_GET = [
    'p' => 'dW2axQ3b/actions/queue/run'
    'v' => '1777733525757'
]

$_POST = []

$_FILES = []

$_COOKIE = [
    'a8b7b1ec9ffb8baf2c6eaa253fe57112_username' => '26b9ec8568da68d3882e55afaa5d203483c6c5810ee05b5a55c8a0eb10cab93ea:2:{i:0;s:41:\"a8b7b1ec9ffb8baf2c6eaa253fe57112_username\";i:1;s:8:\"odegiuli\";}'
    'cookieconsent_status' => 'dismiss'
    'CraftSessionId' => '16e2d99e4acc14f8abdf5818985e6d70'
    'CRAFT_CSRF_TOKEN' => '••••••••••••••••••••••••••••••••••••••••••••••••••••••••••••••••••••••••••••••••••••••••••••••••••••••••••••••••••••••••••••••••••••••••••••••••••••••••••••••••••••••••••••••••••••••••••••••••••••••••••••••••••••••••••••••••••••••••••••••••••••••••••••••••••'
    'a8b7b1ec9ffb8baf2c6eaa253fe57112_identity' => '774afa8ff0c30b4aa586cf826e9fb003d8e04afeab7172c7bcd95bda96057cdfa:2:{i:0;s:41:\"a8b7b1ec9ffb8baf2c6eaa253fe57112_identity\";i:1;s:159:\"[1,\"[\\\"DyuCHD7BS7ZPn12lYatobqgRPIHQhFDGbhKMi1_0LXuQVA7ouVqFyQ88gzyleiPALmsbcMjnHFCMnXktSpa1dcbjumx5AcJvatB3\\\",null,\\\"0ef01a0bceeac5b1d0a2b6557bd3d7b1\\\"]\",3600]\";}'
    'Craft-3626ffc1-d0a3-42e3-98aa-37e8aa759561_sidebar' => 'collapsed'
    'Craft-3626ffc1-d0a3-42e3-98aa-37e8aa759561_sidebar-details' => 'expanded'
]

$_SESSION = [
    'a8b7b1ec9ffb8baf2c6eaa253fe57112__token' => '••••••••••••••••••••••••••••••••••••••••••••••••••••••••••••••••••••••••••••••••••••••••••••••••••••'
    'a8b7b1ec9ffb8baf2c6eaa253fe57112__id' => 1
    '__authKey' => '••••••••••••••••••••••••••••••••••••••••••••••••••••••••••••••••••••••••••••••••••••••••••••••••••••••••••••••••••••••••••••••••••••••••••••••••'
    'a8b7b1ec9ffb8baf2c6eaa253fe57112__expire' => 1777737125
    '__duration' => 3600
    '__elevated_timeout' => 1777726029
    '22b6a59deafcfb2ffb13c3adf3d98a3b__auth_access' => [
        0 => 'previewElement:8578'
        1 => 'saveAssets:1986f3e0-bf2e-4ccd-b34c-7ec2d979afdd'
        2 => 'previewDraft:1010'
        3 => 'saveAssets:'
        4 => 'previewDraft:1011'
        5 => 'editStructure:1'
        6 => 'editStructure:2'
        7 => 'previewElement:8582'
        8 => 'saveAssets:856a3aeb-b21b-4d41-af3f-0a23db430323'
        9 => 'previewElement:8781'
        10 => 'previewElement:8689'
        11 => 'manageNestedElements::8755::field:kacheln'
        12 => 'previewDraft:1012'
        13 => 'previewDraft:1014'
        14 => 'previewDraft:1016'
        15 => 'previewElement:8616'
        16 => 'manageNestedElements::8844::field:kacheln'
        17 => 'previewDraft:1017'
        18 => 'previewDraft:1019'
        19 => 'previewDraft:1020'
        20 => 'previewDraft:1022'
        21 => 'previewDraft:1024'
        22 => 'previewDraft:1025'
    ]
    '22b6a59deafcfb2ffb13c3adf3d98a3b__flash' => []
]

$_SERVER = [
    'DEPLOY_NAME' => 'local'
    'DDEV_WEBSERVER_TYPE' => 'nginx-fpm'
    'npm_config_cache' => '/mnt/ddev-global-cache/npm'
    'COREPACK_ENABLE_DOWNLOAD_PROMPT' => '0'
    'DDEV_GOOS' => 'darwin'
    'IS_DDEV_PROJECT' => 'true'
    'PHP_DEFAULT_VERSION' => '8.3'
    'HOSTNAME' => 'derschmuckmacher-v3-web'
    'MAILPIT_SMTP_PORT' => '1025'
    'MH_SMTP_BIND_ADDR' => '127.0.0.1:1025'
    'DDEV_PRIMARY_URL_WITHOUT_PORT' => 'https://derschmuckmacher-v3.ddev.site'
    'CRAFT_DB_PORT' => '3306'
    'SSH_AUTH_SOCK' => '/home/.ssh-agent/socket'
    'DDEV_GID' => '20'
    'NODE_EXTRA_CA_CERTS' => '/mnt/ddev-global-cache/mkcert/rootCA.pem'
    'DOCKER_IP' => '127.0.0.1'
    'PGPASSWORD' => 'db'
    'CRAFT_WEB_ROOT' => '/var/www/html/web'
    'DDEV_DOCROOT' => 'web'
    'PWD' => '/var/www/html'
    'PLATFORMSH_CLI_UPDATES_CHECK' => '0'
    'DDEV_APPROOT' => '/var/www/html'
    'DDEV_FILES_DIR' => ''
    'START_SCRIPT_TIMEOUT' => '57'
    'APACHE_SITE_TEMPLATE' => '/etc/apache2/apache-site.conf'
    'PHP_INI' => '/etc/php/8.2/fpm/php.ini'
    'DDEV_VERSION' => 'v1.24.10'
    'PRIMARY_SITE_URL' => 'https://derschmuckmacher-v3.ddev.site'
    'TZ' => 'Europe/Zurich'
    'DDEV_XHPROF_MODE' => 'prepend'
    'HTTPS_EXPOSE' => '443:80,8026:8025'
    'COREPACK_HOME' => '/mnt/ddev-global-cache/corepack'
    'CRAFT_DB_DATABASE' => 'db'
    'DDEV_PRIMARY_URL' => 'https://derschmuckmacher-v3.ddev.site'
    'LINES' => '6'
    'DDEV_SITENAME' => 'derschmuckmacher-v3'
    'HOME' => '/home/omar'
    'DRUSH_OPTIONS_URI' => 'https://derschmuckmacher-v3.ddev.site'
    'LANG' => 'C.UTF-8'
    'COLUMNS' => '182'
    'DDEV_MUTAGEN_ENABLED' => 'true'
    'DDEV_USER' => 'omar'
    'PGUSER' => 'db'
    'TERMINUS_CACHE_DIR' => '/mnt/ddev-global-cache/terminus/cache'
    'DDEV_PRIMARY_URL_PORT' => '443'
    'DDEV_ROUTER_HTTP_PORT' => '80'
    'MAILPIT_SMTP_HOSTNAME' => '127.0.0.1'
    'CRAFT_DB_DRIVER' => 'mysql'
    'COMPOSER_PROCESS_TIMEOUT' => '2000'
    'NGINX_SITE_TEMPLATE' => '/etc/nginx/nginx-site.conf'
    'DDEV_FILES_DIRS' => ''
    'CRAFT_DB_SERVER' => 'db'
    'HTTP_EXPOSE' => '80:80,8025:8025'
    'NVM_DIR' => '/home/omar/.nvm'
    'DDEV_PHP_VERSION' => '8.2'
    'DDEV_TLD' => 'ddev.site'
    'DDEV_HOSTNAME' => 'derschmuckmacher-v3.ddev.site'
    'DDEV_PROJECT' => 'derschmuckmacher-v3'
    'DDEV_GOARCH' => 'arm64'
    'VIRTUAL_HOST' => 'derschmuckmacher-v3.ddev.site'
    'TERM' => 'xterm'
    'USER' => 'omar'
    'MYSQL_HISTFILE' => '/mnt/ddev-global-cache/mysqlhistory/derschmuckmacher-v3-web/mysql_history'
    'DDEV_WEB_ENTRYPOINT' => '/mnt/ddev_config/web-entrypoint.d'
    'DDEV_UID' => '501'
    'CAROOT' => '/mnt/ddev-global-cache/mkcert'
    'SHLVL' => '1'
    'COMPOSER_ALLOW_SUPERUSER' => '1'
    'BASH_ENV' => '/etc/bash.nointeractive.bashrc'
    'DDEV_DATABASE' => 'mysql:8.0'
    'PGDATABASE' => 'db'
    'CRAFT_DB_USER' => 'db'
    'DDEV_SCHEME' => 'https'
    'XHPROF_OUTPUT_DIR' => '/tmp/xhprof'
    'COMPOSER_CACHE_DIR' => '/mnt/ddev-global-cache/composer'
    'DDEV_XDEBUG_ENABLED' => 'false'
    'DDEV_DATABASE_FAMILY' => 'mysql'
    'PGHOST' => 'db'
    'DDEV_COMPOSER_ROOT' => '/var/www/html'
    'CRAFT_DB_PASSWORD' => '••'
    'DOCROOT' => 'web'
    'TERMINUS_HIDE_UPDATE_MESSAGE' => '1'
    'PATH' => '/home/omar/bin:/var/www/html/vendor/bin:/usr/local/sbin:/usr/local/bin:/usr/sbin:/usr/bin:/sbin:/bin:/var/www/html/bin:/mnt/ddev-global-cache/global-commands/web'
    'HOST_DOCKER_INTERNAL_IP' => ''
    'DDEV_PROJECT_TYPE' => 'craftcms'
    'DEBIAN_FRONTEND' => 'noninteractive'
    'DDEV_ROUTER_HTTPS_PORT' => '443'
    'EXECIGNORE' => '/var/www/html/vendor/bin/composer'
    'SUPERVISOR_ENABLED' => '1'
    'SUPERVISOR_SERVER_URL' => 'unix:///var/run/supervisor.sock'
    'SUPERVISOR_PROCESS_NAME' => 'php-fpm'
    'SUPERVISOR_GROUP_NAME' => 'php-fpm'
    'HTTP_X_REQUESTED_WITH' => 'XMLHttpRequest'
    'HTTP_X_REGISTERED_JS_FILES' => ''
    'HTTP_X_REGISTERED_ASSET_BUNDLES' => 'e38a2e07,22e517a2,aee7f8dc,26c46c25,e505ffd6,6b4d7555,bb2f10a0,e5e48399,815d39ea,fc0bc163,1ccab40d,1e21896b,54698ee0,b842675b,1c3c9add,4b1fd285,d8d08e47,8f00ce04,8768f48b,cf3018d6,ec6d0256,11858fc6,8550f857,c7a8fe38'
    'HTTP_X_REAL_IP' => '172.18.0.1'
    'HTTP_X_FORWARDED_SERVER' => 'e41c480b8ab1'
    'HTTP_X_FORWARDED_PROTO' => 'https'
    'HTTP_X_FORWARDED_PORT' => '443'
    'HTTP_X_FORWARDED_HOST' => 'derschmuckmacher-v3.ddev.site'
    'HTTP_X_FORWARDED_FOR' => '172.18.0.1'
    'HTTP_X_CSRF_TOKEN' => '••••••••••••••••••••••••••••••••••••••••••••••••••••••••••••••••••••••••••••••••••••••••••••••••••••••••••••••••••••••••••••••••••••••••••••••••••••••••••••••••••••••••••••••••••••••••••••••••••••••••••••••••••••••••••••••••••••••••••••••••••••••••••••••••••••••••••••••••••••••••••••••••••••••••••••••••••••••••••••••••••••••••••••••••••••••••••••••••••••••••••••••••••••••••••••••••••••••••'
    'HTTP_TE' => 'trailers'
    'HTTP_SEC_GPC' => '1'
    'HTTP_SEC_FETCH_SITE' => 'same-origin'
    'HTTP_SEC_FETCH_MODE' => 'cors'
    'HTTP_SEC_FETCH_DEST' => 'empty'
    'HTTP_REFERER' => 'https://derschmuckmacher-v3.ddev.site/dW2axQ3b/dashboard'
    'HTTP_ORIGIN' => 'https://derschmuckmacher-v3.ddev.site'
    'HTTP_COOKIE' => 'a8b7b1ec9ffb8baf2c6eaa253fe57112_username=26b9ec8568da68d3882e55afaa5d203483c6c5810ee05b5a55c8a0eb10cab93ea%3A2%3A%7Bi%3A0%3Bs%3A41%3A%22a8b7b1ec9ffb8baf2c6eaa253fe57112_username%22%3Bi%3A1%3Bs%3A8%3A%22odegiuli%22%3B%7D; cookieconsent_status=dismiss; CraftSessionId=16e2d99e4acc14f8abdf5818985e6d70; CRAFT_CSRF_TOKEN=5f0129e766c1d60a304c5b2b77758ee9859b2cc5fbd195fe80fa71ffc0c670eaa%3A2%3A%7Bi%3A0%3Bs%3A16%3A%22CRAFT_CSRF_TOKEN%22%3Bi%3A1%3Bs%3A147%3A%22ifNE57H486zr3C99fgKlQp266RX2LurQQ_FrgOuv%7Ccfe2656443ababa12bd8531fc6be39c06e85c07ed7c01ad4b06baad274f80ed2ifNE57H486zr3C99fgKlQp266RX2LurQQ_FrgOuv%7C1%22%3B%7D; a8b7b1ec9ffb8baf2c6eaa253fe57112_identity=774afa8ff0c30b4aa586cf826e9fb003d8e04afeab7172c7bcd95bda96057cdfa%3A2%3A%7Bi%3A0%3Bs%3A41%3A%22a8b7b1ec9ffb8baf2c6eaa253fe57112_identity%22%3Bi%3A1%3Bs%3A159%3A%22%5B1%2C%22%5B%5C%22DyuCHD7BS7ZPn12lYatobqgRPIHQhFDGbhKMi1_0LXuQVA7ouVqFyQ88gzyleiPALmsbcMjnHFCMnXktSpa1dcbjumx5AcJvatB3%5C%22%2Cnull%2C%5C%220ef01a0bceeac5b1d0a2b6557bd3d7b1%5C%22%5D%22%2C3600%5D%22%3B%7D; Craft-3626ffc1-d0a3-42e3-98aa-37e8aa759561_sidebar=collapsed; Craft-3626ffc1-d0a3-42e3-98aa-37e8aa759561_sidebar-details=expanded'
    'HTTP_ACCEPT_LANGUAGE' => 'de,en-US;q=0.9,en;q=0.8'
    'HTTP_ACCEPT_ENCODING' => 'gzip, deflate, br, zstd'
    'HTTP_ACCEPT' => 'application/json, text/plain, */*'
    'HTTP_CONTENT_LENGTH' => '0'
    'HTTP_USER_AGENT' => 'Mozilla/5.0 (Macintosh; Intel Mac OS X 10.15; rv:150.0) Gecko/20100101 Firefox/150.0'
    'HTTP_HOST' => 'derschmuckmacher-v3.ddev.site'
    'HTTPS' => 'on'
    'REDIRECT_STATUS' => '200'
    'SERVER_NAME' => 'derschmuckmacher-v3.ddev.site'
    'SERVER_PORT' => '80'
    'SERVER_ADDR' => '172.18.0.4'
    'REMOTE_PORT' => '60432'
    'REMOTE_ADDR' => '172.18.0.5'
    'SERVER_SOFTWARE' => 'nginx/1.28.0'
    'GATEWAY_INTERFACE' => 'CGI/1.1'
    'REQUEST_SCHEME' => 'http'
    'SERVER_PROTOCOL' => 'HTTP/1.1'
    'DOCUMENT_ROOT' => '/var/www/html/web'
    'DOCUMENT_URI' => '/index.php'
    'REQUEST_URI' => '/index.php?p=dW2axQ3b%2Factions%2Fqueue%2Frun&v=1777733525757'
    'CONTENT_LENGTH' => '0'
    'CONTENT_TYPE' => ''
    'REQUEST_METHOD' => 'POST'
    'QUERY_STRING' => 'p=dW2axQ3b%2Factions%2Fqueue%2Frun&v=1777733525757'
    'SCRIPT_NAME' => '/index.php'
    'SCRIPT_FILENAME' => '/var/www/html/web/index.php'
    'FCGI_ROLE' => 'RESPONDER'
    'PHP_SELF' => '/index.php'
    'REQUEST_TIME_FLOAT' => 1777733525.7594
    'REQUEST_TIME' => 1777733525
    'CRAFT_APP_ID' => 'CraftCMS--3933bc78-29f5-4b79-bcc5-c31faf0fcd20'
    'CRAFT_ENVIRONMENT' => 'dev'
    'ENVIRONMENT' => 'dev'
    'CRAFT_SECURITY_KEY' => '••••••••••••••••••••••••••••••••'
    'CP_TRIGGER' => 'dW2axQ3b'
    'CRAFT_DB_SCHEMA' => 'public'
    'CRAFT_DB_TABLE_PREFIX' => ''
    'DEV_MODE' => 'true'
    'ALLOW_ADMIN_CHANGES' => 'true'
    'DISALLOW_ROBOTS' => 'true'
    'TIMEZONE' => 'Europe/Zurich'
    'CAPTCHA_SITE_KEY' => '••••••••••••••••••••••••••••••••••••••••'
    'CAPTCHA_SECRET_KEY' => '••••••••••••••••••••••••••••••••••••••••'
    'WEB_URL' => 'https://derschmuckmacher-v3.ddev.site'
    'WEB_ROOT' => '/var/www/html/web'
    'ASSETS_BASE_URL' => 'https://derschmuckmacher-v3.ddev.site/public'
    'ASSETS_BASE_PATH' => '/var/www/html/web/public'
    'SCHMUCK_BASE_URL' => 'https://derschmuckmacher-v3.ddev.site/public/uploads/schmuck'
    'SCHMUCK_BASE_PATH' => '/var/www/html/web/public/uploads/schmuck'
    'BILDER_BASE_URL' => 'https://derschmuckmacher-v3.ddev.site/public/uploads/bilder'
    'BILDER_BASE_PATH' => '/var/www/html/web/public/uploads/bilder'
] {"environment":"dev","userId":1} 
