2026-05-15 02:00:59 [web.INFO] [yii\db\Connection::open] Opening DB connection: mysql:host=db;dbname=db;port=3306 {"memory":1097536} 
2026-05-15 02:00:59 [web.INFO] [yii\web\Session::open] Session started {"memory":1517664} 
2026-05-15 02:00:59 [web.INFO] [nystudio107\codeeditor\CodeEditor::bootstrap] CodeEditor module bootstrapped {"memory":1538632} 
2026-05-15 02:00:59 [web.INFO] [adigital\cookieconsentbanner\CookieConsentBanner::init] Cookie Consent Banner plugin loaded {"memory":1753640} 
2026-05-15 02:00:59 [web.INFO] [miranj\obfuscator\Obfuscator::init] Obfuscator plugin loaded {"memory":2717712} 
2026-05-15 02:00:59 [web.INFO] [application] Request context:
$_GET = [
    'p' => 'dW2axQ3b/actions/users/session-info'
    'dontExtendSession' => '1'
    'v' => '1778803259503'
]

$_POST = []

$_FILES = []

$_COOKIE = [
    'cookieconsent_status' => 'allow'
    'CRAFT_CSRF_TOKEN' => '••••••••••••••••••••••••••••••••••••••••••••••••••••••••••••••••••••••••••••••••••••••••••••••••••••••••••••••••••••••••••••••••••••••••••••••••••••••'
    'CraftSessionId' => '4qeribircfaeqr2afr5a2fff77'
    'a8b7b1ec9ffb8baf2c6eaa253fe57112_username' => '26b9ec8568da68d3882e55afaa5d203483c6c5810ee05b5a55c8a0eb10cab93ea:2:{i:0;s:41:\"a8b7b1ec9ffb8baf2c6eaa253fe57112_username\";i:1;s:8:\"odegiuli\";}'
    'Craft-3626ffc1-d0a3-42e3-98aa-37e8aa759561_sidebar' => 'expanded'
]

$_SESSION = [
    '22b6a59deafcfb2ffb13c3adf3d98a3b__flash' => []
]

$_SERVER = [
    'DEPLOY_NAME' => 'local'
    'DDEV_WEBSERVER_TYPE' => 'nginx-fpm'
    'npm_config_cache' => '/mnt/ddev-global-cache/npm'
    'COREPACK_ENABLE_DOWNLOAD_PROMPT' => '0'
    'DDEV_GOOS' => 'darwin'
    'IS_DDEV_PROJECT' => 'true'
    'PHP_DEFAULT_VERSION' => '8.3'
    'HOSTNAME' => 'derschmuckmacher-v3-web'
    'MAILPIT_SMTP_PORT' => '1025'
    'MH_SMTP_BIND_ADDR' => '127.0.0.1:1025'
    'DDEV_PRIMARY_URL_WITHOUT_PORT' => 'https://derschmuckmacher-v3.ddev.site'
    'CRAFT_DB_PORT' => '3306'
    'SSH_AUTH_SOCK' => '/home/.ssh-agent/socket'
    'DDEV_GID' => '20'
    'NODE_EXTRA_CA_CERTS' => '/mnt/ddev-global-cache/mkcert/rootCA.pem'
    'DOCKER_IP' => '127.0.0.1'
    'PGPASSWORD' => 'db'
    'CRAFT_WEB_ROOT' => '/var/www/html/web'
    'DDEV_DOCROOT' => 'web'
    'PWD' => '/var/www/html'
    'PLATFORMSH_CLI_UPDATES_CHECK' => '0'
    'DDEV_APPROOT' => '/var/www/html'
    'DDEV_FILES_DIR' => ''
    'START_SCRIPT_TIMEOUT' => '57'
    'APACHE_SITE_TEMPLATE' => '/etc/apache2/apache-site.conf'
    'PHP_INI' => '/etc/php/8.3/fpm/php.ini'
    'DDEV_VERSION' => 'v1.24.10'
    'PRIMARY_SITE_URL' => 'https://derschmuckmacher-v3.ddev.site'
    'TZ' => 'Europe/Zurich'
    'DDEV_XHPROF_MODE' => 'prepend'
    'HTTPS_EXPOSE' => '443:80,8026:8025'
    'COREPACK_HOME' => '/mnt/ddev-global-cache/corepack'
    'CRAFT_DB_DATABASE' => 'db'
    'DDEV_PRIMARY_URL' => 'https://derschmuckmacher-v3.ddev.site'
    'LINES' => '6'
    'DDEV_SITENAME' => 'derschmuckmacher-v3'
    'HOME' => '/home/omar'
    'DRUSH_OPTIONS_URI' => 'https://derschmuckmacher-v3.ddev.site'
    'LANG' => 'C.UTF-8'
    'COLUMNS' => '371'
    'DDEV_MUTAGEN_ENABLED' => 'true'
    'DDEV_USER' => 'omar'
    'PGUSER' => 'db'
    'TERMINUS_CACHE_DIR' => '/mnt/ddev-global-cache/terminus/cache'
    'DDEV_PRIMARY_URL_PORT' => '443'
    'DDEV_ROUTER_HTTP_PORT' => '80'
    'MAILPIT_SMTP_HOSTNAME' => '127.0.0.1'
    'CRAFT_DB_DRIVER' => 'mysql'
    'COMPOSER_PROCESS_TIMEOUT' => '2000'
    'NGINX_SITE_TEMPLATE' => '/etc/nginx/nginx-site.conf'
    'DDEV_FILES_DIRS' => ''
    'CRAFT_DB_SERVER' => 'db'
    'HTTP_EXPOSE' => '80:80,8025:8025'
    'NVM_DIR' => '/home/omar/.nvm'
    'DDEV_PHP_VERSION' => '8.3'
    'DDEV_TLD' => 'ddev.site'
    'DDEV_HOSTNAME' => 'derschmuckmacher-v3.ddev.site'
    'DDEV_PROJECT' => 'derschmuckmacher-v3'
    'DDEV_GOARCH' => 'arm64'
    'VIRTUAL_HOST' => 'derschmuckmacher-v3.ddev.site'
    'TERM' => 'xterm'
    'USER' => 'omar'
    'MYSQL_HISTFILE' => '/mnt/ddev-global-cache/mysqlhistory/derschmuckmacher-v3-web/mysql_history'
    'DDEV_WEB_ENTRYPOINT' => '/mnt/ddev_config/web-entrypoint.d'
    'DDEV_UID' => '501'
    'CAROOT' => '/mnt/ddev-global-cache/mkcert'
    'SHLVL' => '1'
    'COMPOSER_ALLOW_SUPERUSER' => '1'
    'BASH_ENV' => '/etc/bash.nointeractive.bashrc'
    'DDEV_DATABASE' => 'mysql:8.0'
    'PGDATABASE' => 'db'
    'CRAFT_DB_USER' => 'db'
    'DDEV_SCHEME' => 'https'
    'XHPROF_OUTPUT_DIR' => '/tmp/xhprof'
    'COMPOSER_CACHE_DIR' => '/mnt/ddev-global-cache/composer'
    'DDEV_XDEBUG_ENABLED' => 'false'
    'DDEV_DATABASE_FAMILY' => 'mysql'
    'PGHOST' => 'db'
    'DDEV_COMPOSER_ROOT' => '/var/www/html'
    'CRAFT_DB_PASSWORD' => '••'
    'DOCROOT' => 'web'
    'TERMINUS_HIDE_UPDATE_MESSAGE' => '1'
    'PATH' => '/home/omar/bin:/var/www/html/vendor/bin:/usr/local/sbin:/usr/local/bin:/usr/sbin:/usr/bin:/sbin:/bin:/var/www/html/bin:/mnt/ddev-global-cache/global-commands/web'
    'HOST_DOCKER_INTERNAL_IP' => ''
    'DDEV_PROJECT_TYPE' => 'craftcms'
    'DEBIAN_FRONTEND' => 'noninteractive'
    'DDEV_ROUTER_HTTPS_PORT' => '443'
    'EXECIGNORE' => '/var/www/html/vendor/bin/composer'
    'SUPERVISOR_ENABLED' => '1'
    'SUPERVISOR_SERVER_URL' => 'unix:///var/run/supervisor.sock'
    'SUPERVISOR_PROCESS_NAME' => 'php-fpm'
    'SUPERVISOR_GROUP_NAME' => 'php-fpm'
    'HTTP_X_REQUESTED_WITH' => 'XMLHttpRequest'
    'HTTP_X_REGISTERED_JS_FILES' => ''
    'HTTP_X_REGISTERED_ASSET_BUNDLES' => 'e38a2e07,22e517a2,aee7f8dc,26c46c25,e505ffd6,6b4d7555,bb2f10a0,e5e48399,815d39ea,fc0bc163,1ccab40d,1e21896b,54698ee0,b842675b,1c3c9add,4b1fd285,d8d08e47,8f00ce04,8768f48b,cf3018d6,ec6d0256,11858fc6,8550f857,6f12186f,c7a8fe38'
    'HTTP_X_REAL_IP' => '172.18.0.1'
    'HTTP_X_FORWARDED_SERVER' => '617e9e3cc3a1'
    'HTTP_X_FORWARDED_PROTO' => 'https'
    'HTTP_X_FORWARDED_PORT' => '443'
    'HTTP_X_FORWARDED_HOST' => 'derschmuckmacher-v3.ddev.site'
    'HTTP_X_FORWARDED_FOR' => '172.18.0.1'
    'HTTP_X_CSRF_TOKEN' => '••••••••••••••••••••••••••••••••••••••••••••••••••••••••••••••••••••••••••••••••••••••••••••••••••••••••••••'
    'HTTP_TE' => 'trailers'
    'HTTP_SEC_GPC' => '1'
    'HTTP_SEC_FETCH_SITE' => 'same-origin'
    'HTTP_SEC_FETCH_MODE' => 'cors'
    'HTTP_SEC_FETCH_DEST' => 'empty'
    'HTTP_REFERER' => 'https://derschmuckmacher-v3.ddev.site/dW2axQ3b/dashboard'
    'HTTP_COOKIE' => 'cookieconsent_status=allow; CRAFT_CSRF_TOKEN=c46764d17b682367679c529f1043872bbfd294280b0a6b522869cb3868f8a6a6a%3A2%3A%7Bi%3A0%3Bs%3A16%3A%22CRAFT_CSRF_TOKEN%22%3Bi%3A1%3Bs%3A40%3A%22oscGmXtgN7lH1IINFeBh9KwfL0sWDqIBBHQCFaaO%22%3B%7D; CraftSessionId=4qeribircfaeqr2afr5a2fff77; a8b7b1ec9ffb8baf2c6eaa253fe57112_username=26b9ec8568da68d3882e55afaa5d203483c6c5810ee05b5a55c8a0eb10cab93ea%3A2%3A%7Bi%3A0%3Bs%3A41%3A%22a8b7b1ec9ffb8baf2c6eaa253fe57112_username%22%3Bi%3A1%3Bs%3A8%3A%22odegiuli%22%3B%7D; Craft-3626ffc1-d0a3-42e3-98aa-37e8aa759561_sidebar=expanded'
    'HTTP_ACCEPT_LANGUAGE' => 'de,en-US;q=0.9,en;q=0.8'
    'HTTP_ACCEPT_ENCODING' => 'gzip, deflate, br, zstd'
    'HTTP_ACCEPT' => 'application/json, text/plain, */*'
    'HTTP_USER_AGENT' => 'Mozilla/5.0 (Macintosh; Intel Mac OS X 10.15; rv:150.0) Gecko/20100101 Firefox/150.0'
    'HTTP_HOST' => 'derschmuckmacher-v3.ddev.site'
    'HTTPS' => 'on'
    'REDIRECT_STATUS' => '200'
    'SERVER_NAME' => 'derschmuckmacher-v3.ddev.site'
    'SERVER_PORT' => '80'
    'SERVER_ADDR' => '172.18.0.3'
    'REMOTE_PORT' => '36628'
    'REMOTE_ADDR' => '172.18.0.5'
    'SERVER_SOFTWARE' => 'nginx/1.28.0'
    'GATEWAY_INTERFACE' => 'CGI/1.1'
    'REQUEST_SCHEME' => 'http'
    'SERVER_PROTOCOL' => 'HTTP/1.1'
    'DOCUMENT_ROOT' => '/var/www/html/web'
    'DOCUMENT_URI' => '/index.php'
    'REQUEST_URI' => '/index.php?p=dW2axQ3b%2Factions%2Fusers%2Fsession-info&dontExtendSession=1&v=1778803259503'
    'CONTENT_LENGTH' => ''
    'CONTENT_TYPE' => ''
    'REQUEST_METHOD' => 'GET'
    'QUERY_STRING' => 'p=dW2axQ3b%2Factions%2Fusers%2Fsession-info&dontExtendSession=1&v=1778803259503'
    'SCRIPT_NAME' => '/index.php'
    'SCRIPT_FILENAME' => '/var/www/html/web/index.php'
    'FCGI_ROLE' => 'RESPONDER'
    'PHP_SELF' => '/index.php'
    'REQUEST_TIME_FLOAT' => 1778803259.5106
    'REQUEST_TIME' => 1778803259
    'CRAFT_APP_ID' => 'CraftCMS--3933bc78-29f5-4b79-bcc5-c31faf0fcd20'
    'CRAFT_ENVIRONMENT' => 'dev'
    'ENVIRONMENT' => 'dev'
    'CRAFT_SECURITY_KEY' => '••••••••••••••••••••••••••••••••'
    'CP_TRIGGER' => 'dW2axQ3b'
    'CRAFT_DB_SCHEMA' => 'public'
    'CRAFT_DB_TABLE_PREFIX' => ''
    'DEV_MODE' => 'true'
    'ALLOW_ADMIN_CHANGES' => 'true'
    'DISALLOW_ROBOTS' => 'true'
    'TIMEZONE' => 'Europe/Zurich'
    'CAPTCHA_SITE_KEY' => '••••••••••••••••••••••••••••••••••••••••'
    'CAPTCHA_SECRET_KEY' => '••••••••••••••••••••••••••••••••••••••••'
    'WEB_URL' => 'https://derschmuckmacher-v3.ddev.site'
    'WEB_ROOT' => '/var/www/html/web'
    'ASSETS_BASE_URL' => 'https://derschmuckmacher-v3.ddev.site/public'
    'ASSETS_BASE_PATH' => '/var/www/html/web/public'
    'SCHMUCK_BASE_URL' => 'https://derschmuckmacher-v3.ddev.site/public/uploads/schmuck'
    'SCHMUCK_BASE_PATH' => '/var/www/html/web/public/uploads/schmuck'
    'BILDER_BASE_URL' => 'https://derschmuckmacher-v3.ddev.site/public/uploads/bilder'
    'BILDER_BASE_PATH' => '/var/www/html/web/public/uploads/bilder'
] {"environment":"dev"} 
2026-05-15 02:01:59 [web.INFO] [yii\db\Connection::open] Opening DB connection: mysql:host=db;dbname=db;port=3306 {"memory":1097536} 
2026-05-15 02:01:59 [web.INFO] [yii\web\Session::open] Session started {"memory":1517664} 
2026-05-15 02:01:59 [web.INFO] [nystudio107\codeeditor\CodeEditor::bootstrap] CodeEditor module bootstrapped {"memory":1538632} 
2026-05-15 02:01:59 [web.INFO] [adigital\cookieconsentbanner\CookieConsentBanner::init] Cookie Consent Banner plugin loaded {"memory":1753640} 
2026-05-15 02:01:59 [web.INFO] [miranj\obfuscator\Obfuscator::init] Obfuscator plugin loaded {"memory":2717712} 
2026-05-15 02:01:59 [web.INFO] [application] Request context:
$_GET = [
    'p' => 'dW2axQ3b/actions/users/session-info'
    'dontExtendSession' => '1'
    'v' => '1778803319550'
]

$_POST = []

$_FILES = []

$_COOKIE = [
    'cookieconsent_status' => 'allow'
    'CRAFT_CSRF_TOKEN' => '••••••••••••••••••••••••••••••••••••••••••••••••••••••••••••••••••••••••••••••••••••••••••••••••••••••••••••••••••••••••••••••••••••••••••••••••••••••'
    'CraftSessionId' => '4qeribircfaeqr2afr5a2fff77'
    'a8b7b1ec9ffb8baf2c6eaa253fe57112_username' => '26b9ec8568da68d3882e55afaa5d203483c6c5810ee05b5a55c8a0eb10cab93ea:2:{i:0;s:41:\"a8b7b1ec9ffb8baf2c6eaa253fe57112_username\";i:1;s:8:\"odegiuli\";}'
    'Craft-3626ffc1-d0a3-42e3-98aa-37e8aa759561_sidebar' => 'expanded'
]

$_SESSION = [
    '22b6a59deafcfb2ffb13c3adf3d98a3b__flash' => []
]

$_SERVER = [
    'DEPLOY_NAME' => 'local'
    'DDEV_WEBSERVER_TYPE' => 'nginx-fpm'
    'npm_config_cache' => '/mnt/ddev-global-cache/npm'
    'COREPACK_ENABLE_DOWNLOAD_PROMPT' => '0'
    'DDEV_GOOS' => 'darwin'
    'IS_DDEV_PROJECT' => 'true'
    'PHP_DEFAULT_VERSION' => '8.3'
    'HOSTNAME' => 'derschmuckmacher-v3-web'
    'MAILPIT_SMTP_PORT' => '1025'
    'MH_SMTP_BIND_ADDR' => '127.0.0.1:1025'
    'DDEV_PRIMARY_URL_WITHOUT_PORT' => 'https://derschmuckmacher-v3.ddev.site'
    'CRAFT_DB_PORT' => '3306'
    'SSH_AUTH_SOCK' => '/home/.ssh-agent/socket'
    'DDEV_GID' => '20'
    'NODE_EXTRA_CA_CERTS' => '/mnt/ddev-global-cache/mkcert/rootCA.pem'
    'DOCKER_IP' => '127.0.0.1'
    'PGPASSWORD' => 'db'
    'CRAFT_WEB_ROOT' => '/var/www/html/web'
    'DDEV_DOCROOT' => 'web'
    'PWD' => '/var/www/html'
    'PLATFORMSH_CLI_UPDATES_CHECK' => '0'
    'DDEV_APPROOT' => '/var/www/html'
    'DDEV_FILES_DIR' => ''
    'START_SCRIPT_TIMEOUT' => '57'
    'APACHE_SITE_TEMPLATE' => '/etc/apache2/apache-site.conf'
    'PHP_INI' => '/etc/php/8.3/fpm/php.ini'
    'DDEV_VERSION' => 'v1.24.10'
    'PRIMARY_SITE_URL' => 'https://derschmuckmacher-v3.ddev.site'
    'TZ' => 'Europe/Zurich'
    'DDEV_XHPROF_MODE' => 'prepend'
    'HTTPS_EXPOSE' => '443:80,8026:8025'
    'COREPACK_HOME' => '/mnt/ddev-global-cache/corepack'
    'CRAFT_DB_DATABASE' => 'db'
    'DDEV_PRIMARY_URL' => 'https://derschmuckmacher-v3.ddev.site'
    'LINES' => '6'
    'DDEV_SITENAME' => 'derschmuckmacher-v3'
    'HOME' => '/home/omar'
    'DRUSH_OPTIONS_URI' => 'https://derschmuckmacher-v3.ddev.site'
    'LANG' => 'C.UTF-8'
    'COLUMNS' => '371'
    'DDEV_MUTAGEN_ENABLED' => 'true'
    'DDEV_USER' => 'omar'
    'PGUSER' => 'db'
    'TERMINUS_CACHE_DIR' => '/mnt/ddev-global-cache/terminus/cache'
    'DDEV_PRIMARY_URL_PORT' => '443'
    'DDEV_ROUTER_HTTP_PORT' => '80'
    'MAILPIT_SMTP_HOSTNAME' => '127.0.0.1'
    'CRAFT_DB_DRIVER' => 'mysql'
    'COMPOSER_PROCESS_TIMEOUT' => '2000'
    'NGINX_SITE_TEMPLATE' => '/etc/nginx/nginx-site.conf'
    'DDEV_FILES_DIRS' => ''
    'CRAFT_DB_SERVER' => 'db'
    'HTTP_EXPOSE' => '80:80,8025:8025'
    'NVM_DIR' => '/home/omar/.nvm'
    'DDEV_PHP_VERSION' => '8.3'
    'DDEV_TLD' => 'ddev.site'
    'DDEV_HOSTNAME' => 'derschmuckmacher-v3.ddev.site'
    'DDEV_PROJECT' => 'derschmuckmacher-v3'
    'DDEV_GOARCH' => 'arm64'
    'VIRTUAL_HOST' => 'derschmuckmacher-v3.ddev.site'
    'TERM' => 'xterm'
    'USER' => 'omar'
    'MYSQL_HISTFILE' => '/mnt/ddev-global-cache/mysqlhistory/derschmuckmacher-v3-web/mysql_history'
    'DDEV_WEB_ENTRYPOINT' => '/mnt/ddev_config/web-entrypoint.d'
    'DDEV_UID' => '501'
    'CAROOT' => '/mnt/ddev-global-cache/mkcert'
    'SHLVL' => '1'
    'COMPOSER_ALLOW_SUPERUSER' => '1'
    'BASH_ENV' => '/etc/bash.nointeractive.bashrc'
    'DDEV_DATABASE' => 'mysql:8.0'
    'PGDATABASE' => 'db'
    'CRAFT_DB_USER' => 'db'
    'DDEV_SCHEME' => 'https'
    'XHPROF_OUTPUT_DIR' => '/tmp/xhprof'
    'COMPOSER_CACHE_DIR' => '/mnt/ddev-global-cache/composer'
    'DDEV_XDEBUG_ENABLED' => 'false'
    'DDEV_DATABASE_FAMILY' => 'mysql'
    'PGHOST' => 'db'
    'DDEV_COMPOSER_ROOT' => '/var/www/html'
    'CRAFT_DB_PASSWORD' => '••'
    'DOCROOT' => 'web'
    'TERMINUS_HIDE_UPDATE_MESSAGE' => '1'
    'PATH' => '/home/omar/bin:/var/www/html/vendor/bin:/usr/local/sbin:/usr/local/bin:/usr/sbin:/usr/bin:/sbin:/bin:/var/www/html/bin:/mnt/ddev-global-cache/global-commands/web'
    'HOST_DOCKER_INTERNAL_IP' => ''
    'DDEV_PROJECT_TYPE' => 'craftcms'
    'DEBIAN_FRONTEND' => 'noninteractive'
    'DDEV_ROUTER_HTTPS_PORT' => '443'
    'EXECIGNORE' => '/var/www/html/vendor/bin/composer'
    'SUPERVISOR_ENABLED' => '1'
    'SUPERVISOR_SERVER_URL' => 'unix:///var/run/supervisor.sock'
    'SUPERVISOR_PROCESS_NAME' => 'php-fpm'
    'SUPERVISOR_GROUP_NAME' => 'php-fpm'
    'HTTP_X_REQUESTED_WITH' => 'XMLHttpRequest'
    'HTTP_X_REGISTERED_JS_FILES' => ''
    'HTTP_X_REGISTERED_ASSET_BUNDLES' => 'e38a2e07,22e517a2,aee7f8dc,26c46c25,e505ffd6,6b4d7555,bb2f10a0,e5e48399,815d39ea,fc0bc163,1ccab40d,1e21896b,54698ee0,b842675b,1c3c9add,4b1fd285,d8d08e47,8f00ce04,8768f48b,cf3018d6,ec6d0256,11858fc6,8550f857,6f12186f,c7a8fe38'
    'HTTP_X_REAL_IP' => '172.18.0.1'
    'HTTP_X_FORWARDED_SERVER' => '617e9e3cc3a1'
    'HTTP_X_FORWARDED_PROTO' => 'https'
    'HTTP_X_FORWARDED_PORT' => '443'
    'HTTP_X_FORWARDED_HOST' => 'derschmuckmacher-v3.ddev.site'
    'HTTP_X_FORWARDED_FOR' => '172.18.0.1'
    'HTTP_X_CSRF_TOKEN' => '••••••••••••••••••••••••••••••••••••••••••••••••••••••••••••••••••••••••••••••••••••••••••••••••••••••••••••'
    'HTTP_TE' => 'trailers'
    'HTTP_SEC_GPC' => '1'
    'HTTP_SEC_FETCH_SITE' => 'same-origin'
    'HTTP_SEC_FETCH_MODE' => 'cors'
    'HTTP_SEC_FETCH_DEST' => 'empty'
    'HTTP_REFERER' => 'https://derschmuckmacher-v3.ddev.site/dW2axQ3b/dashboard'
    'HTTP_COOKIE' => 'cookieconsent_status=allow; CRAFT_CSRF_TOKEN=c46764d17b682367679c529f1043872bbfd294280b0a6b522869cb3868f8a6a6a%3A2%3A%7Bi%3A0%3Bs%3A16%3A%22CRAFT_CSRF_TOKEN%22%3Bi%3A1%3Bs%3A40%3A%22oscGmXtgN7lH1IINFeBh9KwfL0sWDqIBBHQCFaaO%22%3B%7D; CraftSessionId=4qeribircfaeqr2afr5a2fff77; a8b7b1ec9ffb8baf2c6eaa253fe57112_username=26b9ec8568da68d3882e55afaa5d203483c6c5810ee05b5a55c8a0eb10cab93ea%3A2%3A%7Bi%3A0%3Bs%3A41%3A%22a8b7b1ec9ffb8baf2c6eaa253fe57112_username%22%3Bi%3A1%3Bs%3A8%3A%22odegiuli%22%3B%7D; Craft-3626ffc1-d0a3-42e3-98aa-37e8aa759561_sidebar=expanded'
    'HTTP_ACCEPT_LANGUAGE' => 'de,en-US;q=0.9,en;q=0.8'
    'HTTP_ACCEPT_ENCODING' => 'gzip, deflate, br, zstd'
    'HTTP_ACCEPT' => 'application/json, text/plain, */*'
    'HTTP_USER_AGENT' => 'Mozilla/5.0 (Macintosh; Intel Mac OS X 10.15; rv:150.0) Gecko/20100101 Firefox/150.0'
    'HTTP_HOST' => 'derschmuckmacher-v3.ddev.site'
    'HTTPS' => 'on'
    'REDIRECT_STATUS' => '200'
    'SERVER_NAME' => 'derschmuckmacher-v3.ddev.site'
    'SERVER_PORT' => '80'
    'SERVER_ADDR' => '172.18.0.3'
    'REMOTE_PORT' => '50002'
    'REMOTE_ADDR' => '172.18.0.5'
    'SERVER_SOFTWARE' => 'nginx/1.28.0'
    'GATEWAY_INTERFACE' => 'CGI/1.1'
    'REQUEST_SCHEME' => 'http'
    'SERVER_PROTOCOL' => 'HTTP/1.1'
    'DOCUMENT_ROOT' => '/var/www/html/web'
    'DOCUMENT_URI' => '/index.php'
    'REQUEST_URI' => '/index.php?p=dW2axQ3b%2Factions%2Fusers%2Fsession-info&dontExtendSession=1&v=1778803319550'
    'CONTENT_LENGTH' => ''
    'CONTENT_TYPE' => ''
    'REQUEST_METHOD' => 'GET'
    'QUERY_STRING' => 'p=dW2axQ3b%2Factions%2Fusers%2Fsession-info&dontExtendSession=1&v=1778803319550'
    'SCRIPT_NAME' => '/index.php'
    'SCRIPT_FILENAME' => '/var/www/html/web/index.php'
    'FCGI_ROLE' => 'RESPONDER'
    'PHP_SELF' => '/index.php'
    'REQUEST_TIME_FLOAT' => 1778803319.5606
    'REQUEST_TIME' => 1778803319
    'CRAFT_APP_ID' => 'CraftCMS--3933bc78-29f5-4b79-bcc5-c31faf0fcd20'
    'CRAFT_ENVIRONMENT' => 'dev'
    'ENVIRONMENT' => 'dev'
    'CRAFT_SECURITY_KEY' => '••••••••••••••••••••••••••••••••'
    'CP_TRIGGER' => 'dW2axQ3b'
    'CRAFT_DB_SCHEMA' => 'public'
    'CRAFT_DB_TABLE_PREFIX' => ''
    'DEV_MODE' => 'true'
    'ALLOW_ADMIN_CHANGES' => 'true'
    'DISALLOW_ROBOTS' => 'true'
    'TIMEZONE' => 'Europe/Zurich'
    'CAPTCHA_SITE_KEY' => '••••••••••••••••••••••••••••••••••••••••'
    'CAPTCHA_SECRET_KEY' => '••••••••••••••••••••••••••••••••••••••••'
    'WEB_URL' => 'https://derschmuckmacher-v3.ddev.site'
    'WEB_ROOT' => '/var/www/html/web'
    'ASSETS_BASE_URL' => 'https://derschmuckmacher-v3.ddev.site/public'
    'ASSETS_BASE_PATH' => '/var/www/html/web/public'
    'SCHMUCK_BASE_URL' => 'https://derschmuckmacher-v3.ddev.site/public/uploads/schmuck'
    'SCHMUCK_BASE_PATH' => '/var/www/html/web/public/uploads/schmuck'
    'BILDER_BASE_URL' => 'https://derschmuckmacher-v3.ddev.site/public/uploads/bilder'
    'BILDER_BASE_PATH' => '/var/www/html/web/public/uploads/bilder'
] {"environment":"dev"} 
2026-05-15 02:02:59 [web.INFO] [yii\db\Connection::open] Opening DB connection: mysql:host=db;dbname=db;port=3306 {"memory":1097536} 
2026-05-15 02:02:59 [web.INFO] [yii\web\Session::open] Session started {"memory":1517664} 
2026-05-15 02:02:59 [web.INFO] [nystudio107\codeeditor\CodeEditor::bootstrap] CodeEditor module bootstrapped {"memory":1538632} 
2026-05-15 02:02:59 [web.INFO] [adigital\cookieconsentbanner\CookieConsentBanner::init] Cookie Consent Banner plugin loaded {"memory":1753640} 
2026-05-15 02:02:59 [web.INFO] [miranj\obfuscator\Obfuscator::init] Obfuscator plugin loaded {"memory":2717712} 
2026-05-15 02:02:59 [web.INFO] [application] Request context:
$_GET = [
    'p' => 'dW2axQ3b/actions/users/session-info'
    'dontExtendSession' => '1'
    'v' => '1778803379604'
]

$_POST = []

$_FILES = []

$_COOKIE = [
    'cookieconsent_status' => 'allow'
    'CRAFT_CSRF_TOKEN' => '••••••••••••••••••••••••••••••••••••••••••••••••••••••••••••••••••••••••••••••••••••••••••••••••••••••••••••••••••••••••••••••••••••••••••••••••••••••'
    'CraftSessionId' => '4qeribircfaeqr2afr5a2fff77'
    'a8b7b1ec9ffb8baf2c6eaa253fe57112_username' => '26b9ec8568da68d3882e55afaa5d203483c6c5810ee05b5a55c8a0eb10cab93ea:2:{i:0;s:41:\"a8b7b1ec9ffb8baf2c6eaa253fe57112_username\";i:1;s:8:\"odegiuli\";}'
    'Craft-3626ffc1-d0a3-42e3-98aa-37e8aa759561_sidebar' => 'expanded'
]

$_SESSION = [
    '22b6a59deafcfb2ffb13c3adf3d98a3b__flash' => []
]

$_SERVER = [
    'DEPLOY_NAME' => 'local'
    'DDEV_WEBSERVER_TYPE' => 'nginx-fpm'
    'npm_config_cache' => '/mnt/ddev-global-cache/npm'
    'COREPACK_ENABLE_DOWNLOAD_PROMPT' => '0'
    'DDEV_GOOS' => 'darwin'
    'IS_DDEV_PROJECT' => 'true'
    'PHP_DEFAULT_VERSION' => '8.3'
    'HOSTNAME' => 'derschmuckmacher-v3-web'
    'MAILPIT_SMTP_PORT' => '1025'
    'MH_SMTP_BIND_ADDR' => '127.0.0.1:1025'
    'DDEV_PRIMARY_URL_WITHOUT_PORT' => 'https://derschmuckmacher-v3.ddev.site'
    'CRAFT_DB_PORT' => '3306'
    'SSH_AUTH_SOCK' => '/home/.ssh-agent/socket'
    'DDEV_GID' => '20'
    'NODE_EXTRA_CA_CERTS' => '/mnt/ddev-global-cache/mkcert/rootCA.pem'
    'DOCKER_IP' => '127.0.0.1'
    'PGPASSWORD' => 'db'
    'CRAFT_WEB_ROOT' => '/var/www/html/web'
    'DDEV_DOCROOT' => 'web'
    'PWD' => '/var/www/html'
    'PLATFORMSH_CLI_UPDATES_CHECK' => '0'
    'DDEV_APPROOT' => '/var/www/html'
    'DDEV_FILES_DIR' => ''
    'START_SCRIPT_TIMEOUT' => '57'
    'APACHE_SITE_TEMPLATE' => '/etc/apache2/apache-site.conf'
    'PHP_INI' => '/etc/php/8.3/fpm/php.ini'
    'DDEV_VERSION' => 'v1.24.10'
    'PRIMARY_SITE_URL' => 'https://derschmuckmacher-v3.ddev.site'
    'TZ' => 'Europe/Zurich'
    'DDEV_XHPROF_MODE' => 'prepend'
    'HTTPS_EXPOSE' => '443:80,8026:8025'
    'COREPACK_HOME' => '/mnt/ddev-global-cache/corepack'
    'CRAFT_DB_DATABASE' => 'db'
    'DDEV_PRIMARY_URL' => 'https://derschmuckmacher-v3.ddev.site'
    'LINES' => '6'
    'DDEV_SITENAME' => 'derschmuckmacher-v3'
    'HOME' => '/home/omar'
    'DRUSH_OPTIONS_URI' => 'https://derschmuckmacher-v3.ddev.site'
    'LANG' => 'C.UTF-8'
    'COLUMNS' => '371'
    'DDEV_MUTAGEN_ENABLED' => 'true'
    'DDEV_USER' => 'omar'
    'PGUSER' => 'db'
    'TERMINUS_CACHE_DIR' => '/mnt/ddev-global-cache/terminus/cache'
    'DDEV_PRIMARY_URL_PORT' => '443'
    'DDEV_ROUTER_HTTP_PORT' => '80'
    'MAILPIT_SMTP_HOSTNAME' => '127.0.0.1'
    'CRAFT_DB_DRIVER' => 'mysql'
    'COMPOSER_PROCESS_TIMEOUT' => '2000'
    'NGINX_SITE_TEMPLATE' => '/etc/nginx/nginx-site.conf'
    'DDEV_FILES_DIRS' => ''
    'CRAFT_DB_SERVER' => 'db'
    'HTTP_EXPOSE' => '80:80,8025:8025'
    'NVM_DIR' => '/home/omar/.nvm'
    'DDEV_PHP_VERSION' => '8.3'
    'DDEV_TLD' => 'ddev.site'
    'DDEV_HOSTNAME' => 'derschmuckmacher-v3.ddev.site'
    'DDEV_PROJECT' => 'derschmuckmacher-v3'
    'DDEV_GOARCH' => 'arm64'
    'VIRTUAL_HOST' => 'derschmuckmacher-v3.ddev.site'
    'TERM' => 'xterm'
    'USER' => 'omar'
    'MYSQL_HISTFILE' => '/mnt/ddev-global-cache/mysqlhistory/derschmuckmacher-v3-web/mysql_history'
    'DDEV_WEB_ENTRYPOINT' => '/mnt/ddev_config/web-entrypoint.d'
    'DDEV_UID' => '501'
    'CAROOT' => '/mnt/ddev-global-cache/mkcert'
    'SHLVL' => '1'
    'COMPOSER_ALLOW_SUPERUSER' => '1'
    'BASH_ENV' => '/etc/bash.nointeractive.bashrc'
    'DDEV_DATABASE' => 'mysql:8.0'
    'PGDATABASE' => 'db'
    'CRAFT_DB_USER' => 'db'
    'DDEV_SCHEME' => 'https'
    'XHPROF_OUTPUT_DIR' => '/tmp/xhprof'
    'COMPOSER_CACHE_DIR' => '/mnt/ddev-global-cache/composer'
    'DDEV_XDEBUG_ENABLED' => 'false'
    'DDEV_DATABASE_FAMILY' => 'mysql'
    'PGHOST' => 'db'
    'DDEV_COMPOSER_ROOT' => '/var/www/html'
    'CRAFT_DB_PASSWORD' => '••'
    'DOCROOT' => 'web'
    'TERMINUS_HIDE_UPDATE_MESSAGE' => '1'
    'PATH' => '/home/omar/bin:/var/www/html/vendor/bin:/usr/local/sbin:/usr/local/bin:/usr/sbin:/usr/bin:/sbin:/bin:/var/www/html/bin:/mnt/ddev-global-cache/global-commands/web'
    'HOST_DOCKER_INTERNAL_IP' => ''
    'DDEV_PROJECT_TYPE' => 'craftcms'
    'DEBIAN_FRONTEND' => 'noninteractive'
    'DDEV_ROUTER_HTTPS_PORT' => '443'
    'EXECIGNORE' => '/var/www/html/vendor/bin/composer'
    'SUPERVISOR_ENABLED' => '1'
    'SUPERVISOR_SERVER_URL' => 'unix:///var/run/supervisor.sock'
    'SUPERVISOR_PROCESS_NAME' => 'php-fpm'
    'SUPERVISOR_GROUP_NAME' => 'php-fpm'
    'HTTP_X_REQUESTED_WITH' => 'XMLHttpRequest'
    'HTTP_X_REGISTERED_JS_FILES' => ''
    'HTTP_X_REGISTERED_ASSET_BUNDLES' => 'e38a2e07,22e517a2,aee7f8dc,26c46c25,e505ffd6,6b4d7555,bb2f10a0,e5e48399,815d39ea,fc0bc163,1ccab40d,1e21896b,54698ee0,b842675b,1c3c9add,4b1fd285,d8d08e47,8f00ce04,8768f48b,cf3018d6,ec6d0256,11858fc6,8550f857,6f12186f,c7a8fe38'
    'HTTP_X_REAL_IP' => '172.18.0.1'
    'HTTP_X_FORWARDED_SERVER' => '617e9e3cc3a1'
    'HTTP_X_FORWARDED_PROTO' => 'https'
    'HTTP_X_FORWARDED_PORT' => '443'
    'HTTP_X_FORWARDED_HOST' => 'derschmuckmacher-v3.ddev.site'
    'HTTP_X_FORWARDED_FOR' => '172.18.0.1'
    'HTTP_X_CSRF_TOKEN' => '••••••••••••••••••••••••••••••••••••••••••••••••••••••••••••••••••••••••••••••••••••••••••••••••••••••••••••'
    'HTTP_TE' => 'trailers'
    'HTTP_SEC_GPC' => '1'
    'HTTP_SEC_FETCH_SITE' => 'same-origin'
    'HTTP_SEC_FETCH_MODE' => 'cors'
    'HTTP_SEC_FETCH_DEST' => 'empty'
    'HTTP_REFERER' => 'https://derschmuckmacher-v3.ddev.site/dW2axQ3b/dashboard'
    'HTTP_COOKIE' => 'cookieconsent_status=allow; CRAFT_CSRF_TOKEN=c46764d17b682367679c529f1043872bbfd294280b0a6b522869cb3868f8a6a6a%3A2%3A%7Bi%3A0%3Bs%3A16%3A%22CRAFT_CSRF_TOKEN%22%3Bi%3A1%3Bs%3A40%3A%22oscGmXtgN7lH1IINFeBh9KwfL0sWDqIBBHQCFaaO%22%3B%7D; CraftSessionId=4qeribircfaeqr2afr5a2fff77; a8b7b1ec9ffb8baf2c6eaa253fe57112_username=26b9ec8568da68d3882e55afaa5d203483c6c5810ee05b5a55c8a0eb10cab93ea%3A2%3A%7Bi%3A0%3Bs%3A41%3A%22a8b7b1ec9ffb8baf2c6eaa253fe57112_username%22%3Bi%3A1%3Bs%3A8%3A%22odegiuli%22%3B%7D; Craft-3626ffc1-d0a3-42e3-98aa-37e8aa759561_sidebar=expanded'
    'HTTP_ACCEPT_LANGUAGE' => 'de,en-US;q=0.9,en;q=0.8'
    'HTTP_ACCEPT_ENCODING' => 'gzip, deflate, br, zstd'
    'HTTP_ACCEPT' => 'application/json, text/plain, */*'
    'HTTP_USER_AGENT' => 'Mozilla/5.0 (Macintosh; Intel Mac OS X 10.15; rv:150.0) Gecko/20100101 Firefox/150.0'
    'HTTP_HOST' => 'derschmuckmacher-v3.ddev.site'
    'HTTPS' => 'on'
    'REDIRECT_STATUS' => '200'
    'SERVER_NAME' => 'derschmuckmacher-v3.ddev.site'
    'SERVER_PORT' => '80'
    'SERVER_ADDR' => '172.18.0.3'
    'REMOTE_PORT' => '54224'
    'REMOTE_ADDR' => '172.18.0.5'
    'SERVER_SOFTWARE' => 'nginx/1.28.0'
    'GATEWAY_INTERFACE' => 'CGI/1.1'
    'REQUEST_SCHEME' => 'http'
    'SERVER_PROTOCOL' => 'HTTP/1.1'
    'DOCUMENT_ROOT' => '/var/www/html/web'
    'DOCUMENT_URI' => '/index.php'
    'REQUEST_URI' => '/index.php?p=dW2axQ3b%2Factions%2Fusers%2Fsession-info&dontExtendSession=1&v=1778803379604'
    'CONTENT_LENGTH' => ''
    'CONTENT_TYPE' => ''
    'REQUEST_METHOD' => 'GET'
    'QUERY_STRING' => 'p=dW2axQ3b%2Factions%2Fusers%2Fsession-info&dontExtendSession=1&v=1778803379604'
    'SCRIPT_NAME' => '/index.php'
    'SCRIPT_FILENAME' => '/var/www/html/web/index.php'
    'FCGI_ROLE' => 'RESPONDER'
    'PHP_SELF' => '/index.php'
    'REQUEST_TIME_FLOAT' => 1778803379.6159
    'REQUEST_TIME' => 1778803379
    'CRAFT_APP_ID' => 'CraftCMS--3933bc78-29f5-4b79-bcc5-c31faf0fcd20'
    'CRAFT_ENVIRONMENT' => 'dev'
    'ENVIRONMENT' => 'dev'
    'CRAFT_SECURITY_KEY' => '••••••••••••••••••••••••••••••••'
    'CP_TRIGGER' => 'dW2axQ3b'
    'CRAFT_DB_SCHEMA' => 'public'
    'CRAFT_DB_TABLE_PREFIX' => ''
    'DEV_MODE' => 'true'
    'ALLOW_ADMIN_CHANGES' => 'true'
    'DISALLOW_ROBOTS' => 'true'
    'TIMEZONE' => 'Europe/Zurich'
    'CAPTCHA_SITE_KEY' => '••••••••••••••••••••••••••••••••••••••••'
    'CAPTCHA_SECRET_KEY' => '••••••••••••••••••••••••••••••••••••••••'
    'WEB_URL' => 'https://derschmuckmacher-v3.ddev.site'
    'WEB_ROOT' => '/var/www/html/web'
    'ASSETS_BASE_URL' => 'https://derschmuckmacher-v3.ddev.site/public'
    'ASSETS_BASE_PATH' => '/var/www/html/web/public'
    'SCHMUCK_BASE_URL' => 'https://derschmuckmacher-v3.ddev.site/public/uploads/schmuck'
    'SCHMUCK_BASE_PATH' => '/var/www/html/web/public/uploads/schmuck'
    'BILDER_BASE_URL' => 'https://derschmuckmacher-v3.ddev.site/public/uploads/bilder'
    'BILDER_BASE_PATH' => '/var/www/html/web/public/uploads/bilder'
] {"environment":"dev"} 
2026-05-15 02:03:59 [web.INFO] [yii\db\Connection::open] Opening DB connection: mysql:host=db;dbname=db;port=3306 {"memory":1097536} 
2026-05-15 02:03:59 [web.INFO] [yii\web\Session::open] Session started {"memory":1517664} 
2026-05-15 02:03:59 [web.INFO] [nystudio107\codeeditor\CodeEditor::bootstrap] CodeEditor module bootstrapped {"memory":1538632} 
2026-05-15 02:03:59 [web.INFO] [adigital\cookieconsentbanner\CookieConsentBanner::init] Cookie Consent Banner plugin loaded {"memory":1753640} 
2026-05-15 02:03:59 [web.INFO] [miranj\obfuscator\Obfuscator::init] Obfuscator plugin loaded {"memory":2717712} 
2026-05-15 02:03:59 [web.INFO] [application] Request context:
$_GET = [
    'p' => 'dW2axQ3b/actions/users/session-info'
    'dontExtendSession' => '1'
    'v' => '1778803439657'
]

$_POST = []

$_FILES = []

$_COOKIE = [
    'cookieconsent_status' => 'allow'
    'CRAFT_CSRF_TOKEN' => '••••••••••••••••••••••••••••••••••••••••••••••••••••••••••••••••••••••••••••••••••••••••••••••••••••••••••••••••••••••••••••••••••••••••••••••••••••••'
    'CraftSessionId' => '4qeribircfaeqr2afr5a2fff77'
    'a8b7b1ec9ffb8baf2c6eaa253fe57112_username' => '26b9ec8568da68d3882e55afaa5d203483c6c5810ee05b5a55c8a0eb10cab93ea:2:{i:0;s:41:\"a8b7b1ec9ffb8baf2c6eaa253fe57112_username\";i:1;s:8:\"odegiuli\";}'
    'Craft-3626ffc1-d0a3-42e3-98aa-37e8aa759561_sidebar' => 'expanded'
]

$_SESSION = [
    '22b6a59deafcfb2ffb13c3adf3d98a3b__flash' => []
]

$_SERVER = [
    'DEPLOY_NAME' => 'local'
    'DDEV_WEBSERVER_TYPE' => 'nginx-fpm'
    'npm_config_cache' => '/mnt/ddev-global-cache/npm'
    'COREPACK_ENABLE_DOWNLOAD_PROMPT' => '0'
    'DDEV_GOOS' => 'darwin'
    'IS_DDEV_PROJECT' => 'true'
    'PHP_DEFAULT_VERSION' => '8.3'
    'HOSTNAME' => 'derschmuckmacher-v3-web'
    'MAILPIT_SMTP_PORT' => '1025'
    'MH_SMTP_BIND_ADDR' => '127.0.0.1:1025'
    'DDEV_PRIMARY_URL_WITHOUT_PORT' => 'https://derschmuckmacher-v3.ddev.site'
    'CRAFT_DB_PORT' => '3306'
    'SSH_AUTH_SOCK' => '/home/.ssh-agent/socket'
    'DDEV_GID' => '20'
    'NODE_EXTRA_CA_CERTS' => '/mnt/ddev-global-cache/mkcert/rootCA.pem'
    'DOCKER_IP' => '127.0.0.1'
    'PGPASSWORD' => 'db'
    'CRAFT_WEB_ROOT' => '/var/www/html/web'
    'DDEV_DOCROOT' => 'web'
    'PWD' => '/var/www/html'
    'PLATFORMSH_CLI_UPDATES_CHECK' => '0'
    'DDEV_APPROOT' => '/var/www/html'
    'DDEV_FILES_DIR' => ''
    'START_SCRIPT_TIMEOUT' => '57'
    'APACHE_SITE_TEMPLATE' => '/etc/apache2/apache-site.conf'
    'PHP_INI' => '/etc/php/8.3/fpm/php.ini'
    'DDEV_VERSION' => 'v1.24.10'
    'PRIMARY_SITE_URL' => 'https://derschmuckmacher-v3.ddev.site'
    'TZ' => 'Europe/Zurich'
    'DDEV_XHPROF_MODE' => 'prepend'
    'HTTPS_EXPOSE' => '443:80,8026:8025'
    'COREPACK_HOME' => '/mnt/ddev-global-cache/corepack'
    'CRAFT_DB_DATABASE' => 'db'
    'DDEV_PRIMARY_URL' => 'https://derschmuckmacher-v3.ddev.site'
    'LINES' => '6'
    'DDEV_SITENAME' => 'derschmuckmacher-v3'
    'HOME' => '/home/omar'
    'DRUSH_OPTIONS_URI' => 'https://derschmuckmacher-v3.ddev.site'
    'LANG' => 'C.UTF-8'
    'COLUMNS' => '371'
    'DDEV_MUTAGEN_ENABLED' => 'true'
    'DDEV_USER' => 'omar'
    'PGUSER' => 'db'
    'TERMINUS_CACHE_DIR' => '/mnt/ddev-global-cache/terminus/cache'
    'DDEV_PRIMARY_URL_PORT' => '443'
    'DDEV_ROUTER_HTTP_PORT' => '80'
    'MAILPIT_SMTP_HOSTNAME' => '127.0.0.1'
    'CRAFT_DB_DRIVER' => 'mysql'
    'COMPOSER_PROCESS_TIMEOUT' => '2000'
    'NGINX_SITE_TEMPLATE' => '/etc/nginx/nginx-site.conf'
    'DDEV_FILES_DIRS' => ''
    'CRAFT_DB_SERVER' => 'db'
    'HTTP_EXPOSE' => '80:80,8025:8025'
    'NVM_DIR' => '/home/omar/.nvm'
    'DDEV_PHP_VERSION' => '8.3'
    'DDEV_TLD' => 'ddev.site'
    'DDEV_HOSTNAME' => 'derschmuckmacher-v3.ddev.site'
    'DDEV_PROJECT' => 'derschmuckmacher-v3'
    'DDEV_GOARCH' => 'arm64'
    'VIRTUAL_HOST' => 'derschmuckmacher-v3.ddev.site'
    'TERM' => 'xterm'
    'USER' => 'omar'
    'MYSQL_HISTFILE' => '/mnt/ddev-global-cache/mysqlhistory/derschmuckmacher-v3-web/mysql_history'
    'DDEV_WEB_ENTRYPOINT' => '/mnt/ddev_config/web-entrypoint.d'
    'DDEV_UID' => '501'
    'CAROOT' => '/mnt/ddev-global-cache/mkcert'
    'SHLVL' => '1'
    'COMPOSER_ALLOW_SUPERUSER' => '1'
    'BASH_ENV' => '/etc/bash.nointeractive.bashrc'
    'DDEV_DATABASE' => 'mysql:8.0'
    'PGDATABASE' => 'db'
    'CRAFT_DB_USER' => 'db'
    'DDEV_SCHEME' => 'https'
    'XHPROF_OUTPUT_DIR' => '/tmp/xhprof'
    'COMPOSER_CACHE_DIR' => '/mnt/ddev-global-cache/composer'
    'DDEV_XDEBUG_ENABLED' => 'false'
    'DDEV_DATABASE_FAMILY' => 'mysql'
    'PGHOST' => 'db'
    'DDEV_COMPOSER_ROOT' => '/var/www/html'
    'CRAFT_DB_PASSWORD' => '••'
    'DOCROOT' => 'web'
    'TERMINUS_HIDE_UPDATE_MESSAGE' => '1'
    'PATH' => '/home/omar/bin:/var/www/html/vendor/bin:/usr/local/sbin:/usr/local/bin:/usr/sbin:/usr/bin:/sbin:/bin:/var/www/html/bin:/mnt/ddev-global-cache/global-commands/web'
    'HOST_DOCKER_INTERNAL_IP' => ''
    'DDEV_PROJECT_TYPE' => 'craftcms'
    'DEBIAN_FRONTEND' => 'noninteractive'
    'DDEV_ROUTER_HTTPS_PORT' => '443'
    'EXECIGNORE' => '/var/www/html/vendor/bin/composer'
    'SUPERVISOR_ENABLED' => '1'
    'SUPERVISOR_SERVER_URL' => 'unix:///var/run/supervisor.sock'
    'SUPERVISOR_PROCESS_NAME' => 'php-fpm'
    'SUPERVISOR_GROUP_NAME' => 'php-fpm'
    'HTTP_X_REQUESTED_WITH' => 'XMLHttpRequest'
    'HTTP_X_REGISTERED_JS_FILES' => ''
    'HTTP_X_REGISTERED_ASSET_BUNDLES' => 'e38a2e07,22e517a2,aee7f8dc,26c46c25,e505ffd6,6b4d7555,bb2f10a0,e5e48399,815d39ea,fc0bc163,1ccab40d,1e21896b,54698ee0,b842675b,1c3c9add,4b1fd285,d8d08e47,8f00ce04,8768f48b,cf3018d6,ec6d0256,11858fc6,8550f857,6f12186f,c7a8fe38'
    'HTTP_X_REAL_IP' => '172.18.0.1'
    'HTTP_X_FORWARDED_SERVER' => '617e9e3cc3a1'
    'HTTP_X_FORWARDED_PROTO' => 'https'
    'HTTP_X_FORWARDED_PORT' => '443'
    'HTTP_X_FORWARDED_HOST' => 'derschmuckmacher-v3.ddev.site'
    'HTTP_X_FORWARDED_FOR' => '172.18.0.1'
    'HTTP_X_CSRF_TOKEN' => '••••••••••••••••••••••••••••••••••••••••••••••••••••••••••••••••••••••••••••••••••••••••••••••••••••••••••••'
    'HTTP_TE' => 'trailers'
    'HTTP_SEC_GPC' => '1'
    'HTTP_SEC_FETCH_SITE' => 'same-origin'
    'HTTP_SEC_FETCH_MODE' => 'cors'
    'HTTP_SEC_FETCH_DEST' => 'empty'
    'HTTP_REFERER' => 'https://derschmuckmacher-v3.ddev.site/dW2axQ3b/dashboard'
    'HTTP_COOKIE' => 'cookieconsent_status=allow; CRAFT_CSRF_TOKEN=c46764d17b682367679c529f1043872bbfd294280b0a6b522869cb3868f8a6a6a%3A2%3A%7Bi%3A0%3Bs%3A16%3A%22CRAFT_CSRF_TOKEN%22%3Bi%3A1%3Bs%3A40%3A%22oscGmXtgN7lH1IINFeBh9KwfL0sWDqIBBHQCFaaO%22%3B%7D; CraftSessionId=4qeribircfaeqr2afr5a2fff77; a8b7b1ec9ffb8baf2c6eaa253fe57112_username=26b9ec8568da68d3882e55afaa5d203483c6c5810ee05b5a55c8a0eb10cab93ea%3A2%3A%7Bi%3A0%3Bs%3A41%3A%22a8b7b1ec9ffb8baf2c6eaa253fe57112_username%22%3Bi%3A1%3Bs%3A8%3A%22odegiuli%22%3B%7D; Craft-3626ffc1-d0a3-42e3-98aa-37e8aa759561_sidebar=expanded'
    'HTTP_ACCEPT_LANGUAGE' => 'de,en-US;q=0.9,en;q=0.8'
    'HTTP_ACCEPT_ENCODING' => 'gzip, deflate, br, zstd'
    'HTTP_ACCEPT' => 'application/json, text/plain, */*'
    'HTTP_USER_AGENT' => 'Mozilla/5.0 (Macintosh; Intel Mac OS X 10.15; rv:150.0) Gecko/20100101 Firefox/150.0'
    'HTTP_HOST' => 'derschmuckmacher-v3.ddev.site'
    'HTTPS' => 'on'
    'REDIRECT_STATUS' => '200'
    'SERVER_NAME' => 'derschmuckmacher-v3.ddev.site'
    'SERVER_PORT' => '80'
    'SERVER_ADDR' => '172.18.0.3'
    'REMOTE_PORT' => '57716'
    'REMOTE_ADDR' => '172.18.0.5'
    'SERVER_SOFTWARE' => 'nginx/1.28.0'
    'GATEWAY_INTERFACE' => 'CGI/1.1'
    'REQUEST_SCHEME' => 'http'
    'SERVER_PROTOCOL' => 'HTTP/1.1'
    'DOCUMENT_ROOT' => '/var/www/html/web'
    'DOCUMENT_URI' => '/index.php'
    'REQUEST_URI' => '/index.php?p=dW2axQ3b%2Factions%2Fusers%2Fsession-info&dontExtendSession=1&v=1778803439657'
    'CONTENT_LENGTH' => ''
    'CONTENT_TYPE' => ''
    'REQUEST_METHOD' => 'GET'
    'QUERY_STRING' => 'p=dW2axQ3b%2Factions%2Fusers%2Fsession-info&dontExtendSession=1&v=1778803439657'
    'SCRIPT_NAME' => '/index.php'
    'SCRIPT_FILENAME' => '/var/www/html/web/index.php'
    'FCGI_ROLE' => 'RESPONDER'
    'PHP_SELF' => '/index.php'
    'REQUEST_TIME_FLOAT' => 1778803439.6682
    'REQUEST_TIME' => 1778803439
    'CRAFT_APP_ID' => 'CraftCMS--3933bc78-29f5-4b79-bcc5-c31faf0fcd20'
    'CRAFT_ENVIRONMENT' => 'dev'
    'ENVIRONMENT' => 'dev'
    'CRAFT_SECURITY_KEY' => '••••••••••••••••••••••••••••••••'
    'CP_TRIGGER' => 'dW2axQ3b'
    'CRAFT_DB_SCHEMA' => 'public'
    'CRAFT_DB_TABLE_PREFIX' => ''
    'DEV_MODE' => 'true'
    'ALLOW_ADMIN_CHANGES' => 'true'
    'DISALLOW_ROBOTS' => 'true'
    'TIMEZONE' => 'Europe/Zurich'
    'CAPTCHA_SITE_KEY' => '••••••••••••••••••••••••••••••••••••••••'
    'CAPTCHA_SECRET_KEY' => '••••••••••••••••••••••••••••••••••••••••'
    'WEB_URL' => 'https://derschmuckmacher-v3.ddev.site'
    'WEB_ROOT' => '/var/www/html/web'
    'ASSETS_BASE_URL' => 'https://derschmuckmacher-v3.ddev.site/public'
    'ASSETS_BASE_PATH' => '/var/www/html/web/public'
    'SCHMUCK_BASE_URL' => 'https://derschmuckmacher-v3.ddev.site/public/uploads/schmuck'
    'SCHMUCK_BASE_PATH' => '/var/www/html/web/public/uploads/schmuck'
    'BILDER_BASE_URL' => 'https://derschmuckmacher-v3.ddev.site/public/uploads/bilder'
    'BILDER_BASE_PATH' => '/var/www/html/web/public/uploads/bilder'
] {"environment":"dev"} 
2026-05-15 02:04:59 [web.INFO] [yii\db\Connection::open] Opening DB connection: mysql:host=db;dbname=db;port=3306 {"memory":1097536} 
2026-05-15 02:04:59 [web.INFO] [yii\web\Session::open] Session started {"memory":1517664} 
2026-05-15 02:04:59 [web.INFO] [nystudio107\codeeditor\CodeEditor::bootstrap] CodeEditor module bootstrapped {"memory":1538632} 
2026-05-15 02:04:59 [web.INFO] [adigital\cookieconsentbanner\CookieConsentBanner::init] Cookie Consent Banner plugin loaded {"memory":1753640} 
2026-05-15 02:04:59 [web.INFO] [miranj\obfuscator\Obfuscator::init] Obfuscator plugin loaded {"memory":2717712} 
2026-05-15 02:04:59 [web.INFO] [application] Request context:
$_GET = [
    'p' => 'dW2axQ3b/actions/users/session-info'
    'dontExtendSession' => '1'
    'v' => '1778803499700'
]

$_POST = []

$_FILES = []

$_COOKIE = [
    'cookieconsent_status' => 'allow'
    'CRAFT_CSRF_TOKEN' => '••••••••••••••••••••••••••••••••••••••••••••••••••••••••••••••••••••••••••••••••••••••••••••••••••••••••••••••••••••••••••••••••••••••••••••••••••••••'
    'CraftSessionId' => '4qeribircfaeqr2afr5a2fff77'
    'a8b7b1ec9ffb8baf2c6eaa253fe57112_username' => '26b9ec8568da68d3882e55afaa5d203483c6c5810ee05b5a55c8a0eb10cab93ea:2:{i:0;s:41:\"a8b7b1ec9ffb8baf2c6eaa253fe57112_username\";i:1;s:8:\"odegiuli\";}'
    'Craft-3626ffc1-d0a3-42e3-98aa-37e8aa759561_sidebar' => 'expanded'
]

$_SESSION = [
    '22b6a59deafcfb2ffb13c3adf3d98a3b__flash' => []
]

$_SERVER = [
    'DEPLOY_NAME' => 'local'
    'DDEV_WEBSERVER_TYPE' => 'nginx-fpm'
    'npm_config_cache' => '/mnt/ddev-global-cache/npm'
    'COREPACK_ENABLE_DOWNLOAD_PROMPT' => '0'
    'DDEV_GOOS' => 'darwin'
    'IS_DDEV_PROJECT' => 'true'
    'PHP_DEFAULT_VERSION' => '8.3'
    'HOSTNAME' => 'derschmuckmacher-v3-web'
    'MAILPIT_SMTP_PORT' => '1025'
    'MH_SMTP_BIND_ADDR' => '127.0.0.1:1025'
    'DDEV_PRIMARY_URL_WITHOUT_PORT' => 'https://derschmuckmacher-v3.ddev.site'
    'CRAFT_DB_PORT' => '3306'
    'SSH_AUTH_SOCK' => '/home/.ssh-agent/socket'
    'DDEV_GID' => '20'
    'NODE_EXTRA_CA_CERTS' => '/mnt/ddev-global-cache/mkcert/rootCA.pem'
    'DOCKER_IP' => '127.0.0.1'
    'PGPASSWORD' => 'db'
    'CRAFT_WEB_ROOT' => '/var/www/html/web'
    'DDEV_DOCROOT' => 'web'
    'PWD' => '/var/www/html'
    'PLATFORMSH_CLI_UPDATES_CHECK' => '0'
    'DDEV_APPROOT' => '/var/www/html'
    'DDEV_FILES_DIR' => ''
    'START_SCRIPT_TIMEOUT' => '57'
    'APACHE_SITE_TEMPLATE' => '/etc/apache2/apache-site.conf'
    'PHP_INI' => '/etc/php/8.3/fpm/php.ini'
    'DDEV_VERSION' => 'v1.24.10'
    'PRIMARY_SITE_URL' => 'https://derschmuckmacher-v3.ddev.site'
    'TZ' => 'Europe/Zurich'
    'DDEV_XHPROF_MODE' => 'prepend'
    'HTTPS_EXPOSE' => '443:80,8026:8025'
    'COREPACK_HOME' => '/mnt/ddev-global-cache/corepack'
    'CRAFT_DB_DATABASE' => 'db'
    'DDEV_PRIMARY_URL' => 'https://derschmuckmacher-v3.ddev.site'
    'LINES' => '6'
    'DDEV_SITENAME' => 'derschmuckmacher-v3'
    'HOME' => '/home/omar'
    'DRUSH_OPTIONS_URI' => 'https://derschmuckmacher-v3.ddev.site'
    'LANG' => 'C.UTF-8'
    'COLUMNS' => '371'
    'DDEV_MUTAGEN_ENABLED' => 'true'
    'DDEV_USER' => 'omar'
    'PGUSER' => 'db'
    'TERMINUS_CACHE_DIR' => '/mnt/ddev-global-cache/terminus/cache'
    'DDEV_PRIMARY_URL_PORT' => '443'
    'DDEV_ROUTER_HTTP_PORT' => '80'
    'MAILPIT_SMTP_HOSTNAME' => '127.0.0.1'
    'CRAFT_DB_DRIVER' => 'mysql'
    'COMPOSER_PROCESS_TIMEOUT' => '2000'
    'NGINX_SITE_TEMPLATE' => '/etc/nginx/nginx-site.conf'
    'DDEV_FILES_DIRS' => ''
    'CRAFT_DB_SERVER' => 'db'
    'HTTP_EXPOSE' => '80:80,8025:8025'
    'NVM_DIR' => '/home/omar/.nvm'
    'DDEV_PHP_VERSION' => '8.3'
    'DDEV_TLD' => 'ddev.site'
    'DDEV_HOSTNAME' => 'derschmuckmacher-v3.ddev.site'
    'DDEV_PROJECT' => 'derschmuckmacher-v3'
    'DDEV_GOARCH' => 'arm64'
    'VIRTUAL_HOST' => 'derschmuckmacher-v3.ddev.site'
    'TERM' => 'xterm'
    'USER' => 'omar'
    'MYSQL_HISTFILE' => '/mnt/ddev-global-cache/mysqlhistory/derschmuckmacher-v3-web/mysql_history'
    'DDEV_WEB_ENTRYPOINT' => '/mnt/ddev_config/web-entrypoint.d'
    'DDEV_UID' => '501'
    'CAROOT' => '/mnt/ddev-global-cache/mkcert'
    'SHLVL' => '1'
    'COMPOSER_ALLOW_SUPERUSER' => '1'
    'BASH_ENV' => '/etc/bash.nointeractive.bashrc'
    'DDEV_DATABASE' => 'mysql:8.0'
    'PGDATABASE' => 'db'
    'CRAFT_DB_USER' => 'db'
    'DDEV_SCHEME' => 'https'
    'XHPROF_OUTPUT_DIR' => '/tmp/xhprof'
    'COMPOSER_CACHE_DIR' => '/mnt/ddev-global-cache/composer'
    'DDEV_XDEBUG_ENABLED' => 'false'
    'DDEV_DATABASE_FAMILY' => 'mysql'
    'PGHOST' => 'db'
    'DDEV_COMPOSER_ROOT' => '/var/www/html'
    'CRAFT_DB_PASSWORD' => '••'
    'DOCROOT' => 'web'
    'TERMINUS_HIDE_UPDATE_MESSAGE' => '1'
    'PATH' => '/home/omar/bin:/var/www/html/vendor/bin:/usr/local/sbin:/usr/local/bin:/usr/sbin:/usr/bin:/sbin:/bin:/var/www/html/bin:/mnt/ddev-global-cache/global-commands/web'
    'HOST_DOCKER_INTERNAL_IP' => ''
    'DDEV_PROJECT_TYPE' => 'craftcms'
    'DEBIAN_FRONTEND' => 'noninteractive'
    'DDEV_ROUTER_HTTPS_PORT' => '443'
    'EXECIGNORE' => '/var/www/html/vendor/bin/composer'
    'SUPERVISOR_ENABLED' => '1'
    'SUPERVISOR_SERVER_URL' => 'unix:///var/run/supervisor.sock'
    'SUPERVISOR_PROCESS_NAME' => 'php-fpm'
    'SUPERVISOR_GROUP_NAME' => 'php-fpm'
    'HTTP_X_REQUESTED_WITH' => 'XMLHttpRequest'
    'HTTP_X_REGISTERED_JS_FILES' => ''
    'HTTP_X_REGISTERED_ASSET_BUNDLES' => 'e38a2e07,22e517a2,aee7f8dc,26c46c25,e505ffd6,6b4d7555,bb2f10a0,e5e48399,815d39ea,fc0bc163,1ccab40d,1e21896b,54698ee0,b842675b,1c3c9add,4b1fd285,d8d08e47,8f00ce04,8768f48b,cf3018d6,ec6d0256,11858fc6,8550f857,6f12186f,c7a8fe38'
    'HTTP_X_REAL_IP' => '172.18.0.1'
    'HTTP_X_FORWARDED_SERVER' => '617e9e3cc3a1'
    'HTTP_X_FORWARDED_PROTO' => 'https'
    'HTTP_X_FORWARDED_PORT' => '443'
    'HTTP_X_FORWARDED_HOST' => 'derschmuckmacher-v3.ddev.site'
    'HTTP_X_FORWARDED_FOR' => '172.18.0.1'
    'HTTP_X_CSRF_TOKEN' => '••••••••••••••••••••••••••••••••••••••••••••••••••••••••••••••••••••••••••••••••••••••••••••••••••••••••••••'
    'HTTP_TE' => 'trailers'
    'HTTP_SEC_GPC' => '1'
    'HTTP_SEC_FETCH_SITE' => 'same-origin'
    'HTTP_SEC_FETCH_MODE' => 'cors'
    'HTTP_SEC_FETCH_DEST' => 'empty'
    'HTTP_REFERER' => 'https://derschmuckmacher-v3.ddev.site/dW2axQ3b/dashboard'
    'HTTP_COOKIE' => 'cookieconsent_status=allow; CRAFT_CSRF_TOKEN=c46764d17b682367679c529f1043872bbfd294280b0a6b522869cb3868f8a6a6a%3A2%3A%7Bi%3A0%3Bs%3A16%3A%22CRAFT_CSRF_TOKEN%22%3Bi%3A1%3Bs%3A40%3A%22oscGmXtgN7lH1IINFeBh9KwfL0sWDqIBBHQCFaaO%22%3B%7D; CraftSessionId=4qeribircfaeqr2afr5a2fff77; a8b7b1ec9ffb8baf2c6eaa253fe57112_username=26b9ec8568da68d3882e55afaa5d203483c6c5810ee05b5a55c8a0eb10cab93ea%3A2%3A%7Bi%3A0%3Bs%3A41%3A%22a8b7b1ec9ffb8baf2c6eaa253fe57112_username%22%3Bi%3A1%3Bs%3A8%3A%22odegiuli%22%3B%7D; Craft-3626ffc1-d0a3-42e3-98aa-37e8aa759561_sidebar=expanded'
    'HTTP_ACCEPT_LANGUAGE' => 'de,en-US;q=0.9,en;q=0.8'
    'HTTP_ACCEPT_ENCODING' => 'gzip, deflate, br, zstd'
    'HTTP_ACCEPT' => 'application/json, text/plain, */*'
    'HTTP_USER_AGENT' => 'Mozilla/5.0 (Macintosh; Intel Mac OS X 10.15; rv:150.0) Gecko/20100101 Firefox/150.0'
    'HTTP_HOST' => 'derschmuckmacher-v3.ddev.site'
    'HTTPS' => 'on'
    'REDIRECT_STATUS' => '200'
    'SERVER_NAME' => 'derschmuckmacher-v3.ddev.site'
    'SERVER_PORT' => '80'
    'SERVER_ADDR' => '172.18.0.3'
    'REMOTE_PORT' => '56010'
    'REMOTE_ADDR' => '172.18.0.5'
    'SERVER_SOFTWARE' => 'nginx/1.28.0'
    'GATEWAY_INTERFACE' => 'CGI/1.1'
    'REQUEST_SCHEME' => 'http'
    'SERVER_PROTOCOL' => 'HTTP/1.1'
    'DOCUMENT_ROOT' => '/var/www/html/web'
    'DOCUMENT_URI' => '/index.php'
    'REQUEST_URI' => '/index.php?p=dW2axQ3b%2Factions%2Fusers%2Fsession-info&dontExtendSession=1&v=1778803499700'
    'CONTENT_LENGTH' => ''
    'CONTENT_TYPE' => ''
    'REQUEST_METHOD' => 'GET'
    'QUERY_STRING' => 'p=dW2axQ3b%2Factions%2Fusers%2Fsession-info&dontExtendSession=1&v=1778803499700'
    'SCRIPT_NAME' => '/index.php'
    'SCRIPT_FILENAME' => '/var/www/html/web/index.php'
    'FCGI_ROLE' => 'RESPONDER'
    'PHP_SELF' => '/index.php'
    'REQUEST_TIME_FLOAT' => 1778803499.71
    'REQUEST_TIME' => 1778803499
    'CRAFT_APP_ID' => 'CraftCMS--3933bc78-29f5-4b79-bcc5-c31faf0fcd20'
    'CRAFT_ENVIRONMENT' => 'dev'
    'ENVIRONMENT' => 'dev'
    'CRAFT_SECURITY_KEY' => '••••••••••••••••••••••••••••••••'
    'CP_TRIGGER' => 'dW2axQ3b'
    'CRAFT_DB_SCHEMA' => 'public'
    'CRAFT_DB_TABLE_PREFIX' => ''
    'DEV_MODE' => 'true'
    'ALLOW_ADMIN_CHANGES' => 'true'
    'DISALLOW_ROBOTS' => 'true'
    'TIMEZONE' => 'Europe/Zurich'
    'CAPTCHA_SITE_KEY' => '••••••••••••••••••••••••••••••••••••••••'
    'CAPTCHA_SECRET_KEY' => '••••••••••••••••••••••••••••••••••••••••'
    'WEB_URL' => 'https://derschmuckmacher-v3.ddev.site'
    'WEB_ROOT' => '/var/www/html/web'
    'ASSETS_BASE_URL' => 'https://derschmuckmacher-v3.ddev.site/public'
    'ASSETS_BASE_PATH' => '/var/www/html/web/public'
    'SCHMUCK_BASE_URL' => 'https://derschmuckmacher-v3.ddev.site/public/uploads/schmuck'
    'SCHMUCK_BASE_PATH' => '/var/www/html/web/public/uploads/schmuck'
    'BILDER_BASE_URL' => 'https://derschmuckmacher-v3.ddev.site/public/uploads/bilder'
    'BILDER_BASE_PATH' => '/var/www/html/web/public/uploads/bilder'
] {"environment":"dev"} 
2026-05-15 02:05:59 [web.INFO] [yii\db\Connection::open] Opening DB connection: mysql:host=db;dbname=db;port=3306 {"memory":1097536} 
2026-05-15 02:05:59 [web.INFO] [yii\web\Session::open] Session started {"memory":1517664} 
2026-05-15 02:05:59 [web.INFO] [nystudio107\codeeditor\CodeEditor::bootstrap] CodeEditor module bootstrapped {"memory":1538632} 
2026-05-15 02:05:59 [web.INFO] [adigital\cookieconsentbanner\CookieConsentBanner::init] Cookie Consent Banner plugin loaded {"memory":1753640} 
2026-05-15 02:05:59 [web.INFO] [miranj\obfuscator\Obfuscator::init] Obfuscator plugin loaded {"memory":2717712} 
2026-05-15 02:05:59 [web.INFO] [application] Request context:
$_GET = [
    'p' => 'dW2axQ3b/actions/users/session-info'
    'dontExtendSession' => '1'
    'v' => '1778803559741'
]

$_POST = []

$_FILES = []

$_COOKIE = [
    'cookieconsent_status' => 'allow'
    'CRAFT_CSRF_TOKEN' => '••••••••••••••••••••••••••••••••••••••••••••••••••••••••••••••••••••••••••••••••••••••••••••••••••••••••••••••••••••••••••••••••••••••••••••••••••••••'
    'CraftSessionId' => '4qeribircfaeqr2afr5a2fff77'
    'a8b7b1ec9ffb8baf2c6eaa253fe57112_username' => '26b9ec8568da68d3882e55afaa5d203483c6c5810ee05b5a55c8a0eb10cab93ea:2:{i:0;s:41:\"a8b7b1ec9ffb8baf2c6eaa253fe57112_username\";i:1;s:8:\"odegiuli\";}'
    'Craft-3626ffc1-d0a3-42e3-98aa-37e8aa759561_sidebar' => 'expanded'
]

$_SESSION = [
    '22b6a59deafcfb2ffb13c3adf3d98a3b__flash' => []
]

$_SERVER = [
    'DEPLOY_NAME' => 'local'
    'DDEV_WEBSERVER_TYPE' => 'nginx-fpm'
    'npm_config_cache' => '/mnt/ddev-global-cache/npm'
    'COREPACK_ENABLE_DOWNLOAD_PROMPT' => '0'
    'DDEV_GOOS' => 'darwin'
    'IS_DDEV_PROJECT' => 'true'
    'PHP_DEFAULT_VERSION' => '8.3'
    'HOSTNAME' => 'derschmuckmacher-v3-web'
    'MAILPIT_SMTP_PORT' => '1025'
    'MH_SMTP_BIND_ADDR' => '127.0.0.1:1025'
    'DDEV_PRIMARY_URL_WITHOUT_PORT' => 'https://derschmuckmacher-v3.ddev.site'
    'CRAFT_DB_PORT' => '3306'
    'SSH_AUTH_SOCK' => '/home/.ssh-agent/socket'
    'DDEV_GID' => '20'
    'NODE_EXTRA_CA_CERTS' => '/mnt/ddev-global-cache/mkcert/rootCA.pem'
    'DOCKER_IP' => '127.0.0.1'
    'PGPASSWORD' => 'db'
    'CRAFT_WEB_ROOT' => '/var/www/html/web'
    'DDEV_DOCROOT' => 'web'
    'PWD' => '/var/www/html'
    'PLATFORMSH_CLI_UPDATES_CHECK' => '0'
    'DDEV_APPROOT' => '/var/www/html'
    'DDEV_FILES_DIR' => ''
    'START_SCRIPT_TIMEOUT' => '57'
    'APACHE_SITE_TEMPLATE' => '/etc/apache2/apache-site.conf'
    'PHP_INI' => '/etc/php/8.3/fpm/php.ini'
    'DDEV_VERSION' => 'v1.24.10'
    'PRIMARY_SITE_URL' => 'https://derschmuckmacher-v3.ddev.site'
    'TZ' => 'Europe/Zurich'
    'DDEV_XHPROF_MODE' => 'prepend'
    'HTTPS_EXPOSE' => '443:80,8026:8025'
    'COREPACK_HOME' => '/mnt/ddev-global-cache/corepack'
    'CRAFT_DB_DATABASE' => 'db'
    'DDEV_PRIMARY_URL' => 'https://derschmuckmacher-v3.ddev.site'
    'LINES' => '6'
    'DDEV_SITENAME' => 'derschmuckmacher-v3'
    'HOME' => '/home/omar'
    'DRUSH_OPTIONS_URI' => 'https://derschmuckmacher-v3.ddev.site'
    'LANG' => 'C.UTF-8'
    'COLUMNS' => '371'
    'DDEV_MUTAGEN_ENABLED' => 'true'
    'DDEV_USER' => 'omar'
    'PGUSER' => 'db'
    'TERMINUS_CACHE_DIR' => '/mnt/ddev-global-cache/terminus/cache'
    'DDEV_PRIMARY_URL_PORT' => '443'
    'DDEV_ROUTER_HTTP_PORT' => '80'
    'MAILPIT_SMTP_HOSTNAME' => '127.0.0.1'
    'CRAFT_DB_DRIVER' => 'mysql'
    'COMPOSER_PROCESS_TIMEOUT' => '2000'
    'NGINX_SITE_TEMPLATE' => '/etc/nginx/nginx-site.conf'
    'DDEV_FILES_DIRS' => ''
    'CRAFT_DB_SERVER' => 'db'
    'HTTP_EXPOSE' => '80:80,8025:8025'
    'NVM_DIR' => '/home/omar/.nvm'
    'DDEV_PHP_VERSION' => '8.3'
    'DDEV_TLD' => 'ddev.site'
    'DDEV_HOSTNAME' => 'derschmuckmacher-v3.ddev.site'
    'DDEV_PROJECT' => 'derschmuckmacher-v3'
    'DDEV_GOARCH' => 'arm64'
    'VIRTUAL_HOST' => 'derschmuckmacher-v3.ddev.site'
    'TERM' => 'xterm'
    'USER' => 'omar'
    'MYSQL_HISTFILE' => '/mnt/ddev-global-cache/mysqlhistory/derschmuckmacher-v3-web/mysql_history'
    'DDEV_WEB_ENTRYPOINT' => '/mnt/ddev_config/web-entrypoint.d'
    'DDEV_UID' => '501'
    'CAROOT' => '/mnt/ddev-global-cache/mkcert'
    'SHLVL' => '1'
    'COMPOSER_ALLOW_SUPERUSER' => '1'
    'BASH_ENV' => '/etc/bash.nointeractive.bashrc'
    'DDEV_DATABASE' => 'mysql:8.0'
    'PGDATABASE' => 'db'
    'CRAFT_DB_USER' => 'db'
    'DDEV_SCHEME' => 'https'
    'XHPROF_OUTPUT_DIR' => '/tmp/xhprof'
    'COMPOSER_CACHE_DIR' => '/mnt/ddev-global-cache/composer'
    'DDEV_XDEBUG_ENABLED' => 'false'
    'DDEV_DATABASE_FAMILY' => 'mysql'
    'PGHOST' => 'db'
    'DDEV_COMPOSER_ROOT' => '/var/www/html'
    'CRAFT_DB_PASSWORD' => '••'
    'DOCROOT' => 'web'
    'TERMINUS_HIDE_UPDATE_MESSAGE' => '1'
    'PATH' => '/home/omar/bin:/var/www/html/vendor/bin:/usr/local/sbin:/usr/local/bin:/usr/sbin:/usr/bin:/sbin:/bin:/var/www/html/bin:/mnt/ddev-global-cache/global-commands/web'
    'HOST_DOCKER_INTERNAL_IP' => ''
    'DDEV_PROJECT_TYPE' => 'craftcms'
    'DEBIAN_FRONTEND' => 'noninteractive'
    'DDEV_ROUTER_HTTPS_PORT' => '443'
    'EXECIGNORE' => '/var/www/html/vendor/bin/composer'
    'SUPERVISOR_ENABLED' => '1'
    'SUPERVISOR_SERVER_URL' => 'unix:///var/run/supervisor.sock'
    'SUPERVISOR_PROCESS_NAME' => 'php-fpm'
    'SUPERVISOR_GROUP_NAME' => 'php-fpm'
    'HTTP_X_REQUESTED_WITH' => 'XMLHttpRequest'
    'HTTP_X_REGISTERED_JS_FILES' => ''
    'HTTP_X_REGISTERED_ASSET_BUNDLES' => 'e38a2e07,22e517a2,aee7f8dc,26c46c25,e505ffd6,6b4d7555,bb2f10a0,e5e48399,815d39ea,fc0bc163,1ccab40d,1e21896b,54698ee0,b842675b,1c3c9add,4b1fd285,d8d08e47,8f00ce04,8768f48b,cf3018d6,ec6d0256,11858fc6,8550f857,6f12186f,c7a8fe38'
    'HTTP_X_REAL_IP' => '172.18.0.1'
    'HTTP_X_FORWARDED_SERVER' => '617e9e3cc3a1'
    'HTTP_X_FORWARDED_PROTO' => 'https'
    'HTTP_X_FORWARDED_PORT' => '443'
    'HTTP_X_FORWARDED_HOST' => 'derschmuckmacher-v3.ddev.site'
    'HTTP_X_FORWARDED_FOR' => '172.18.0.1'
    'HTTP_X_CSRF_TOKEN' => '••••••••••••••••••••••••••••••••••••••••••••••••••••••••••••••••••••••••••••••••••••••••••••••••••••••••••••'
    'HTTP_TE' => 'trailers'
    'HTTP_SEC_GPC' => '1'
    'HTTP_SEC_FETCH_SITE' => 'same-origin'
    'HTTP_SEC_FETCH_MODE' => 'cors'
    'HTTP_SEC_FETCH_DEST' => 'empty'
    'HTTP_REFERER' => 'https://derschmuckmacher-v3.ddev.site/dW2axQ3b/dashboard'
    'HTTP_COOKIE' => 'cookieconsent_status=allow; CRAFT_CSRF_TOKEN=c46764d17b682367679c529f1043872bbfd294280b0a6b522869cb3868f8a6a6a%3A2%3A%7Bi%3A0%3Bs%3A16%3A%22CRAFT_CSRF_TOKEN%22%3Bi%3A1%3Bs%3A40%3A%22oscGmXtgN7lH1IINFeBh9KwfL0sWDqIBBHQCFaaO%22%3B%7D; CraftSessionId=4qeribircfaeqr2afr5a2fff77; a8b7b1ec9ffb8baf2c6eaa253fe57112_username=26b9ec8568da68d3882e55afaa5d203483c6c5810ee05b5a55c8a0eb10cab93ea%3A2%3A%7Bi%3A0%3Bs%3A41%3A%22a8b7b1ec9ffb8baf2c6eaa253fe57112_username%22%3Bi%3A1%3Bs%3A8%3A%22odegiuli%22%3B%7D; Craft-3626ffc1-d0a3-42e3-98aa-37e8aa759561_sidebar=expanded'
    'HTTP_ACCEPT_LANGUAGE' => 'de,en-US;q=0.9,en;q=0.8'
    'HTTP_ACCEPT_ENCODING' => 'gzip, deflate, br, zstd'
    'HTTP_ACCEPT' => 'application/json, text/plain, */*'
    'HTTP_USER_AGENT' => 'Mozilla/5.0 (Macintosh; Intel Mac OS X 10.15; rv:150.0) Gecko/20100101 Firefox/150.0'
    'HTTP_HOST' => 'derschmuckmacher-v3.ddev.site'
    'HTTPS' => 'on'
    'REDIRECT_STATUS' => '200'
    'SERVER_NAME' => 'derschmuckmacher-v3.ddev.site'
    'SERVER_PORT' => '80'
    'SERVER_ADDR' => '172.18.0.3'
    'REMOTE_PORT' => '59584'
    'REMOTE_ADDR' => '172.18.0.5'
    'SERVER_SOFTWARE' => 'nginx/1.28.0'
    'GATEWAY_INTERFACE' => 'CGI/1.1'
    'REQUEST_SCHEME' => 'http'
    'SERVER_PROTOCOL' => 'HTTP/1.1'
    'DOCUMENT_ROOT' => '/var/www/html/web'
    'DOCUMENT_URI' => '/index.php'
    'REQUEST_URI' => '/index.php?p=dW2axQ3b%2Factions%2Fusers%2Fsession-info&dontExtendSession=1&v=1778803559741'
    'CONTENT_LENGTH' => ''
    'CONTENT_TYPE' => ''
    'REQUEST_METHOD' => 'GET'
    'QUERY_STRING' => 'p=dW2axQ3b%2Factions%2Fusers%2Fsession-info&dontExtendSession=1&v=1778803559741'
    'SCRIPT_NAME' => '/index.php'
    'SCRIPT_FILENAME' => '/var/www/html/web/index.php'
    'FCGI_ROLE' => 'RESPONDER'
    'PHP_SELF' => '/index.php'
    'REQUEST_TIME_FLOAT' => 1778803559.748
    'REQUEST_TIME' => 1778803559
    'CRAFT_APP_ID' => 'CraftCMS--3933bc78-29f5-4b79-bcc5-c31faf0fcd20'
    'CRAFT_ENVIRONMENT' => 'dev'
    'ENVIRONMENT' => 'dev'
    'CRAFT_SECURITY_KEY' => '••••••••••••••••••••••••••••••••'
    'CP_TRIGGER' => 'dW2axQ3b'
    'CRAFT_DB_SCHEMA' => 'public'
    'CRAFT_DB_TABLE_PREFIX' => ''
    'DEV_MODE' => 'true'
    'ALLOW_ADMIN_CHANGES' => 'true'
    'DISALLOW_ROBOTS' => 'true'
    'TIMEZONE' => 'Europe/Zurich'
    'CAPTCHA_SITE_KEY' => '••••••••••••••••••••••••••••••••••••••••'
    'CAPTCHA_SECRET_KEY' => '••••••••••••••••••••••••••••••••••••••••'
    'WEB_URL' => 'https://derschmuckmacher-v3.ddev.site'
    'WEB_ROOT' => '/var/www/html/web'
    'ASSETS_BASE_URL' => 'https://derschmuckmacher-v3.ddev.site/public'
    'ASSETS_BASE_PATH' => '/var/www/html/web/public'
    'SCHMUCK_BASE_URL' => 'https://derschmuckmacher-v3.ddev.site/public/uploads/schmuck'
    'SCHMUCK_BASE_PATH' => '/var/www/html/web/public/uploads/schmuck'
    'BILDER_BASE_URL' => 'https://derschmuckmacher-v3.ddev.site/public/uploads/bilder'
    'BILDER_BASE_PATH' => '/var/www/html/web/public/uploads/bilder'
] {"environment":"dev"} 
2026-05-15 02:06:59 [web.INFO] [yii\db\Connection::open] Opening DB connection: mysql:host=db;dbname=db;port=3306 {"memory":1097536} 
2026-05-15 02:06:59 [web.INFO] [yii\web\Session::open] Session started {"memory":1517664} 
2026-05-15 02:06:59 [web.INFO] [nystudio107\codeeditor\CodeEditor::bootstrap] CodeEditor module bootstrapped {"memory":1538632} 
2026-05-15 02:06:59 [web.INFO] [adigital\cookieconsentbanner\CookieConsentBanner::init] Cookie Consent Banner plugin loaded {"memory":1753640} 
2026-05-15 02:06:59 [web.INFO] [miranj\obfuscator\Obfuscator::init] Obfuscator plugin loaded {"memory":2717712} 
2026-05-15 02:06:59 [web.INFO] [application] Request context:
$_GET = [
    'p' => 'dW2axQ3b/actions/users/session-info'
    'dontExtendSession' => '1'
    'v' => '1778803619791'
]

$_POST = []

$_FILES = []

$_COOKIE = [
    'cookieconsent_status' => 'allow'
    'CRAFT_CSRF_TOKEN' => '••••••••••••••••••••••••••••••••••••••••••••••••••••••••••••••••••••••••••••••••••••••••••••••••••••••••••••••••••••••••••••••••••••••••••••••••••••••'
    'CraftSessionId' => '4qeribircfaeqr2afr5a2fff77'
    'a8b7b1ec9ffb8baf2c6eaa253fe57112_username' => '26b9ec8568da68d3882e55afaa5d203483c6c5810ee05b5a55c8a0eb10cab93ea:2:{i:0;s:41:\"a8b7b1ec9ffb8baf2c6eaa253fe57112_username\";i:1;s:8:\"odegiuli\";}'
    'Craft-3626ffc1-d0a3-42e3-98aa-37e8aa759561_sidebar' => 'expanded'
]

$_SESSION = [
    '22b6a59deafcfb2ffb13c3adf3d98a3b__flash' => []
]

$_SERVER = [
    'DEPLOY_NAME' => 'local'
    'DDEV_WEBSERVER_TYPE' => 'nginx-fpm'
    'npm_config_cache' => '/mnt/ddev-global-cache/npm'
    'COREPACK_ENABLE_DOWNLOAD_PROMPT' => '0'
    'DDEV_GOOS' => 'darwin'
    'IS_DDEV_PROJECT' => 'true'
    'PHP_DEFAULT_VERSION' => '8.3'
    'HOSTNAME' => 'derschmuckmacher-v3-web'
    'MAILPIT_SMTP_PORT' => '1025'
    'MH_SMTP_BIND_ADDR' => '127.0.0.1:1025'
    'DDEV_PRIMARY_URL_WITHOUT_PORT' => 'https://derschmuckmacher-v3.ddev.site'
    'CRAFT_DB_PORT' => '3306'
    'SSH_AUTH_SOCK' => '/home/.ssh-agent/socket'
    'DDEV_GID' => '20'
    'NODE_EXTRA_CA_CERTS' => '/mnt/ddev-global-cache/mkcert/rootCA.pem'
    'DOCKER_IP' => '127.0.0.1'
    'PGPASSWORD' => 'db'
    'CRAFT_WEB_ROOT' => '/var/www/html/web'
    'DDEV_DOCROOT' => 'web'
    'PWD' => '/var/www/html'
    'PLATFORMSH_CLI_UPDATES_CHECK' => '0'
    'DDEV_APPROOT' => '/var/www/html'
    'DDEV_FILES_DIR' => ''
    'START_SCRIPT_TIMEOUT' => '57'
    'APACHE_SITE_TEMPLATE' => '/etc/apache2/apache-site.conf'
    'PHP_INI' => '/etc/php/8.3/fpm/php.ini'
    'DDEV_VERSION' => 'v1.24.10'
    'PRIMARY_SITE_URL' => 'https://derschmuckmacher-v3.ddev.site'
    'TZ' => 'Europe/Zurich'
    'DDEV_XHPROF_MODE' => 'prepend'
    'HTTPS_EXPOSE' => '443:80,8026:8025'
    'COREPACK_HOME' => '/mnt/ddev-global-cache/corepack'
    'CRAFT_DB_DATABASE' => 'db'
    'DDEV_PRIMARY_URL' => 'https://derschmuckmacher-v3.ddev.site'
    'LINES' => '6'
    'DDEV_SITENAME' => 'derschmuckmacher-v3'
    'HOME' => '/home/omar'
    'DRUSH_OPTIONS_URI' => 'https://derschmuckmacher-v3.ddev.site'
    'LANG' => 'C.UTF-8'
    'COLUMNS' => '371'
    'DDEV_MUTAGEN_ENABLED' => 'true'
    'DDEV_USER' => 'omar'
    'PGUSER' => 'db'
    'TERMINUS_CACHE_DIR' => '/mnt/ddev-global-cache/terminus/cache'
    'DDEV_PRIMARY_URL_PORT' => '443'
    'DDEV_ROUTER_HTTP_PORT' => '80'
    'MAILPIT_SMTP_HOSTNAME' => '127.0.0.1'
    'CRAFT_DB_DRIVER' => 'mysql'
    'COMPOSER_PROCESS_TIMEOUT' => '2000'
    'NGINX_SITE_TEMPLATE' => '/etc/nginx/nginx-site.conf'
    'DDEV_FILES_DIRS' => ''
    'CRAFT_DB_SERVER' => 'db'
    'HTTP_EXPOSE' => '80:80,8025:8025'
    'NVM_DIR' => '/home/omar/.nvm'
    'DDEV_PHP_VERSION' => '8.3'
    'DDEV_TLD' => 'ddev.site'
    'DDEV_HOSTNAME' => 'derschmuckmacher-v3.ddev.site'
    'DDEV_PROJECT' => 'derschmuckmacher-v3'
    'DDEV_GOARCH' => 'arm64'
    'VIRTUAL_HOST' => 'derschmuckmacher-v3.ddev.site'
    'TERM' => 'xterm'
    'USER' => 'omar'
    'MYSQL_HISTFILE' => '/mnt/ddev-global-cache/mysqlhistory/derschmuckmacher-v3-web/mysql_history'
    'DDEV_WEB_ENTRYPOINT' => '/mnt/ddev_config/web-entrypoint.d'
    'DDEV_UID' => '501'
    'CAROOT' => '/mnt/ddev-global-cache/mkcert'
    'SHLVL' => '1'
    'COMPOSER_ALLOW_SUPERUSER' => '1'
    'BASH_ENV' => '/etc/bash.nointeractive.bashrc'
    'DDEV_DATABASE' => 'mysql:8.0'
    'PGDATABASE' => 'db'
    'CRAFT_DB_USER' => 'db'
    'DDEV_SCHEME' => 'https'
    'XHPROF_OUTPUT_DIR' => '/tmp/xhprof'
    'COMPOSER_CACHE_DIR' => '/mnt/ddev-global-cache/composer'
    'DDEV_XDEBUG_ENABLED' => 'false'
    'DDEV_DATABASE_FAMILY' => 'mysql'
    'PGHOST' => 'db'
    'DDEV_COMPOSER_ROOT' => '/var/www/html'
    'CRAFT_DB_PASSWORD' => '••'
    'DOCROOT' => 'web'
    'TERMINUS_HIDE_UPDATE_MESSAGE' => '1'
    'PATH' => '/home/omar/bin:/var/www/html/vendor/bin:/usr/local/sbin:/usr/local/bin:/usr/sbin:/usr/bin:/sbin:/bin:/var/www/html/bin:/mnt/ddev-global-cache/global-commands/web'
    'HOST_DOCKER_INTERNAL_IP' => ''
    'DDEV_PROJECT_TYPE' => 'craftcms'
    'DEBIAN_FRONTEND' => 'noninteractive'
    'DDEV_ROUTER_HTTPS_PORT' => '443'
    'EXECIGNORE' => '/var/www/html/vendor/bin/composer'
    'SUPERVISOR_ENABLED' => '1'
    'SUPERVISOR_SERVER_URL' => 'unix:///var/run/supervisor.sock'
    'SUPERVISOR_PROCESS_NAME' => 'php-fpm'
    'SUPERVISOR_GROUP_NAME' => 'php-fpm'
    'HTTP_X_REQUESTED_WITH' => 'XMLHttpRequest'
    'HTTP_X_REGISTERED_JS_FILES' => ''
    'HTTP_X_REGISTERED_ASSET_BUNDLES' => 'e38a2e07,22e517a2,aee7f8dc,26c46c25,e505ffd6,6b4d7555,bb2f10a0,e5e48399,815d39ea,fc0bc163,1ccab40d,1e21896b,54698ee0,b842675b,1c3c9add,4b1fd285,d8d08e47,8f00ce04,8768f48b,cf3018d6,ec6d0256,11858fc6,8550f857,6f12186f,c7a8fe38'
    'HTTP_X_REAL_IP' => '172.18.0.1'
    'HTTP_X_FORWARDED_SERVER' => '617e9e3cc3a1'
    'HTTP_X_FORWARDED_PROTO' => 'https'
    'HTTP_X_FORWARDED_PORT' => '443'
    'HTTP_X_FORWARDED_HOST' => 'derschmuckmacher-v3.ddev.site'
    'HTTP_X_FORWARDED_FOR' => '172.18.0.1'
    'HTTP_X_CSRF_TOKEN' => '••••••••••••••••••••••••••••••••••••••••••••••••••••••••••••••••••••••••••••••••••••••••••••••••••••••••••••'
    'HTTP_TE' => 'trailers'
    'HTTP_SEC_GPC' => '1'
    'HTTP_SEC_FETCH_SITE' => 'same-origin'
    'HTTP_SEC_FETCH_MODE' => 'cors'
    'HTTP_SEC_FETCH_DEST' => 'empty'
    'HTTP_REFERER' => 'https://derschmuckmacher-v3.ddev.site/dW2axQ3b/dashboard'
    'HTTP_COOKIE' => 'cookieconsent_status=allow; CRAFT_CSRF_TOKEN=c46764d17b682367679c529f1043872bbfd294280b0a6b522869cb3868f8a6a6a%3A2%3A%7Bi%3A0%3Bs%3A16%3A%22CRAFT_CSRF_TOKEN%22%3Bi%3A1%3Bs%3A40%3A%22oscGmXtgN7lH1IINFeBh9KwfL0sWDqIBBHQCFaaO%22%3B%7D; CraftSessionId=4qeribircfaeqr2afr5a2fff77; a8b7b1ec9ffb8baf2c6eaa253fe57112_username=26b9ec8568da68d3882e55afaa5d203483c6c5810ee05b5a55c8a0eb10cab93ea%3A2%3A%7Bi%3A0%3Bs%3A41%3A%22a8b7b1ec9ffb8baf2c6eaa253fe57112_username%22%3Bi%3A1%3Bs%3A8%3A%22odegiuli%22%3B%7D; Craft-3626ffc1-d0a3-42e3-98aa-37e8aa759561_sidebar=expanded'
    'HTTP_ACCEPT_LANGUAGE' => 'de,en-US;q=0.9,en;q=0.8'
    'HTTP_ACCEPT_ENCODING' => 'gzip, deflate, br, zstd'
    'HTTP_ACCEPT' => 'application/json, text/plain, */*'
    'HTTP_USER_AGENT' => 'Mozilla/5.0 (Macintosh; Intel Mac OS X 10.15; rv:150.0) Gecko/20100101 Firefox/150.0'
    'HTTP_HOST' => 'derschmuckmacher-v3.ddev.site'
    'HTTPS' => 'on'
    'REDIRECT_STATUS' => '200'
    'SERVER_NAME' => 'derschmuckmacher-v3.ddev.site'
    'SERVER_PORT' => '80'
    'SERVER_ADDR' => '172.18.0.3'
    'REMOTE_PORT' => '32842'
    'REMOTE_ADDR' => '172.18.0.5'
    'SERVER_SOFTWARE' => 'nginx/1.28.0'
    'GATEWAY_INTERFACE' => 'CGI/1.1'
    'REQUEST_SCHEME' => 'http'
    'SERVER_PROTOCOL' => 'HTTP/1.1'
    'DOCUMENT_ROOT' => '/var/www/html/web'
    'DOCUMENT_URI' => '/index.php'
    'REQUEST_URI' => '/index.php?p=dW2axQ3b%2Factions%2Fusers%2Fsession-info&dontExtendSession=1&v=1778803619791'
    'CONTENT_LENGTH' => ''
    'CONTENT_TYPE' => ''
    'REQUEST_METHOD' => 'GET'
    'QUERY_STRING' => 'p=dW2axQ3b%2Factions%2Fusers%2Fsession-info&dontExtendSession=1&v=1778803619791'
    'SCRIPT_NAME' => '/index.php'
    'SCRIPT_FILENAME' => '/var/www/html/web/index.php'
    'FCGI_ROLE' => 'RESPONDER'
    'PHP_SELF' => '/index.php'
    'REQUEST_TIME_FLOAT' => 1778803619.7984
    'REQUEST_TIME' => 1778803619
    'CRAFT_APP_ID' => 'CraftCMS--3933bc78-29f5-4b79-bcc5-c31faf0fcd20'
    'CRAFT_ENVIRONMENT' => 'dev'
    'ENVIRONMENT' => 'dev'
    'CRAFT_SECURITY_KEY' => '••••••••••••••••••••••••••••••••'
    'CP_TRIGGER' => 'dW2axQ3b'
    'CRAFT_DB_SCHEMA' => 'public'
    'CRAFT_DB_TABLE_PREFIX' => ''
    'DEV_MODE' => 'true'
    'ALLOW_ADMIN_CHANGES' => 'true'
    'DISALLOW_ROBOTS' => 'true'
    'TIMEZONE' => 'Europe/Zurich'
    'CAPTCHA_SITE_KEY' => '••••••••••••••••••••••••••••••••••••••••'
    'CAPTCHA_SECRET_KEY' => '••••••••••••••••••••••••••••••••••••••••'
    'WEB_URL' => 'https://derschmuckmacher-v3.ddev.site'
    'WEB_ROOT' => '/var/www/html/web'
    'ASSETS_BASE_URL' => 'https://derschmuckmacher-v3.ddev.site/public'
    'ASSETS_BASE_PATH' => '/var/www/html/web/public'
    'SCHMUCK_BASE_URL' => 'https://derschmuckmacher-v3.ddev.site/public/uploads/schmuck'
    'SCHMUCK_BASE_PATH' => '/var/www/html/web/public/uploads/schmuck'
    'BILDER_BASE_URL' => 'https://derschmuckmacher-v3.ddev.site/public/uploads/bilder'
    'BILDER_BASE_PATH' => '/var/www/html/web/public/uploads/bilder'
] {"environment":"dev"} 
2026-05-15 02:07:59 [web.INFO] [yii\db\Connection::open] Opening DB connection: mysql:host=db;dbname=db;port=3306 {"memory":1097536} 
2026-05-15 02:07:59 [web.INFO] [yii\web\Session::open] Session started {"memory":1517664} 
2026-05-15 02:07:59 [web.INFO] [nystudio107\codeeditor\CodeEditor::bootstrap] CodeEditor module bootstrapped {"memory":1538632} 
2026-05-15 02:07:59 [web.INFO] [adigital\cookieconsentbanner\CookieConsentBanner::init] Cookie Consent Banner plugin loaded {"memory":1753640} 
2026-05-15 02:07:59 [web.INFO] [miranj\obfuscator\Obfuscator::init] Obfuscator plugin loaded {"memory":2717712} 
2026-05-15 02:07:59 [web.INFO] [application] Request context:
$_GET = [
    'p' => 'dW2axQ3b/actions/users/session-info'
    'dontExtendSession' => '1'
    'v' => '1778803679890'
]

$_POST = []

$_FILES = []

$_COOKIE = [
    'cookieconsent_status' => 'allow'
    'CRAFT_CSRF_TOKEN' => '••••••••••••••••••••••••••••••••••••••••••••••••••••••••••••••••••••••••••••••••••••••••••••••••••••••••••••••••••••••••••••••••••••••••••••••••••••••'
    'CraftSessionId' => '4qeribircfaeqr2afr5a2fff77'
    'a8b7b1ec9ffb8baf2c6eaa253fe57112_username' => '26b9ec8568da68d3882e55afaa5d203483c6c5810ee05b5a55c8a0eb10cab93ea:2:{i:0;s:41:\"a8b7b1ec9ffb8baf2c6eaa253fe57112_username\";i:1;s:8:\"odegiuli\";}'
    'Craft-3626ffc1-d0a3-42e3-98aa-37e8aa759561_sidebar' => 'expanded'
]

$_SESSION = [
    '22b6a59deafcfb2ffb13c3adf3d98a3b__flash' => []
]

$_SERVER = [
    'DEPLOY_NAME' => 'local'
    'DDEV_WEBSERVER_TYPE' => 'nginx-fpm'
    'npm_config_cache' => '/mnt/ddev-global-cache/npm'
    'COREPACK_ENABLE_DOWNLOAD_PROMPT' => '0'
    'DDEV_GOOS' => 'darwin'
    'IS_DDEV_PROJECT' => 'true'
    'PHP_DEFAULT_VERSION' => '8.3'
    'HOSTNAME' => 'derschmuckmacher-v3-web'
    'MAILPIT_SMTP_PORT' => '1025'
    'MH_SMTP_BIND_ADDR' => '127.0.0.1:1025'
    'DDEV_PRIMARY_URL_WITHOUT_PORT' => 'https://derschmuckmacher-v3.ddev.site'
    'CRAFT_DB_PORT' => '3306'
    'SSH_AUTH_SOCK' => '/home/.ssh-agent/socket'
    'DDEV_GID' => '20'
    'NODE_EXTRA_CA_CERTS' => '/mnt/ddev-global-cache/mkcert/rootCA.pem'
    'DOCKER_IP' => '127.0.0.1'
    'PGPASSWORD' => 'db'
    'CRAFT_WEB_ROOT' => '/var/www/html/web'
    'DDEV_DOCROOT' => 'web'
    'PWD' => '/var/www/html'
    'PLATFORMSH_CLI_UPDATES_CHECK' => '0'
    'DDEV_APPROOT' => '/var/www/html'
    'DDEV_FILES_DIR' => ''
    'START_SCRIPT_TIMEOUT' => '57'
    'APACHE_SITE_TEMPLATE' => '/etc/apache2/apache-site.conf'
    'PHP_INI' => '/etc/php/8.3/fpm/php.ini'
    'DDEV_VERSION' => 'v1.24.10'
    'PRIMARY_SITE_URL' => 'https://derschmuckmacher-v3.ddev.site'
    'TZ' => 'Europe/Zurich'
    'DDEV_XHPROF_MODE' => 'prepend'
    'HTTPS_EXPOSE' => '443:80,8026:8025'
    'COREPACK_HOME' => '/mnt/ddev-global-cache/corepack'
    'CRAFT_DB_DATABASE' => 'db'
    'DDEV_PRIMARY_URL' => 'https://derschmuckmacher-v3.ddev.site'
    'LINES' => '6'
    'DDEV_SITENAME' => 'derschmuckmacher-v3'
    'HOME' => '/home/omar'
    'DRUSH_OPTIONS_URI' => 'https://derschmuckmacher-v3.ddev.site'
    'LANG' => 'C.UTF-8'
    'COLUMNS' => '371'
    'DDEV_MUTAGEN_ENABLED' => 'true'
    'DDEV_USER' => 'omar'
    'PGUSER' => 'db'
    'TERMINUS_CACHE_DIR' => '/mnt/ddev-global-cache/terminus/cache'
    'DDEV_PRIMARY_URL_PORT' => '443'
    'DDEV_ROUTER_HTTP_PORT' => '80'
    'MAILPIT_SMTP_HOSTNAME' => '127.0.0.1'
    'CRAFT_DB_DRIVER' => 'mysql'
    'COMPOSER_PROCESS_TIMEOUT' => '2000'
    'NGINX_SITE_TEMPLATE' => '/etc/nginx/nginx-site.conf'
    'DDEV_FILES_DIRS' => ''
    'CRAFT_DB_SERVER' => 'db'
    'HTTP_EXPOSE' => '80:80,8025:8025'
    'NVM_DIR' => '/home/omar/.nvm'
    'DDEV_PHP_VERSION' => '8.3'
    'DDEV_TLD' => 'ddev.site'
    'DDEV_HOSTNAME' => 'derschmuckmacher-v3.ddev.site'
    'DDEV_PROJECT' => 'derschmuckmacher-v3'
    'DDEV_GOARCH' => 'arm64'
    'VIRTUAL_HOST' => 'derschmuckmacher-v3.ddev.site'
    'TERM' => 'xterm'
    'USER' => 'omar'
    'MYSQL_HISTFILE' => '/mnt/ddev-global-cache/mysqlhistory/derschmuckmacher-v3-web/mysql_history'
    'DDEV_WEB_ENTRYPOINT' => '/mnt/ddev_config/web-entrypoint.d'
    'DDEV_UID' => '501'
    'CAROOT' => '/mnt/ddev-global-cache/mkcert'
    'SHLVL' => '1'
    'COMPOSER_ALLOW_SUPERUSER' => '1'
    'BASH_ENV' => '/etc/bash.nointeractive.bashrc'
    'DDEV_DATABASE' => 'mysql:8.0'
    'PGDATABASE' => 'db'
    'CRAFT_DB_USER' => 'db'
    'DDEV_SCHEME' => 'https'
    'XHPROF_OUTPUT_DIR' => '/tmp/xhprof'
    'COMPOSER_CACHE_DIR' => '/mnt/ddev-global-cache/composer'
    'DDEV_XDEBUG_ENABLED' => 'false'
    'DDEV_DATABASE_FAMILY' => 'mysql'
    'PGHOST' => 'db'
    'DDEV_COMPOSER_ROOT' => '/var/www/html'
    'CRAFT_DB_PASSWORD' => '••'
    'DOCROOT' => 'web'
    'TERMINUS_HIDE_UPDATE_MESSAGE' => '1'
    'PATH' => '/home/omar/bin:/var/www/html/vendor/bin:/usr/local/sbin:/usr/local/bin:/usr/sbin:/usr/bin:/sbin:/bin:/var/www/html/bin:/mnt/ddev-global-cache/global-commands/web'
    'HOST_DOCKER_INTERNAL_IP' => ''
    'DDEV_PROJECT_TYPE' => 'craftcms'
    'DEBIAN_FRONTEND' => 'noninteractive'
    'DDEV_ROUTER_HTTPS_PORT' => '443'
    'EXECIGNORE' => '/var/www/html/vendor/bin/composer'
    'SUPERVISOR_ENABLED' => '1'
    'SUPERVISOR_SERVER_URL' => 'unix:///var/run/supervisor.sock'
    'SUPERVISOR_PROCESS_NAME' => 'php-fpm'
    'SUPERVISOR_GROUP_NAME' => 'php-fpm'
    'HTTP_X_REQUESTED_WITH' => 'XMLHttpRequest'
    'HTTP_X_REGISTERED_JS_FILES' => ''
    'HTTP_X_REGISTERED_ASSET_BUNDLES' => 'e38a2e07,22e517a2,aee7f8dc,26c46c25,e505ffd6,6b4d7555,bb2f10a0,e5e48399,815d39ea,fc0bc163,1ccab40d,1e21896b,54698ee0,b842675b,1c3c9add,4b1fd285,d8d08e47,8f00ce04,8768f48b,cf3018d6,ec6d0256,11858fc6,8550f857,6f12186f,c7a8fe38'
    'HTTP_X_REAL_IP' => '172.18.0.1'
    'HTTP_X_FORWARDED_SERVER' => '617e9e3cc3a1'
    'HTTP_X_FORWARDED_PROTO' => 'https'
    'HTTP_X_FORWARDED_PORT' => '443'
    'HTTP_X_FORWARDED_HOST' => 'derschmuckmacher-v3.ddev.site'
    'HTTP_X_FORWARDED_FOR' => '172.18.0.1'
    'HTTP_X_CSRF_TOKEN' => '••••••••••••••••••••••••••••••••••••••••••••••••••••••••••••••••••••••••••••••••••••••••••••••••••••••••••••'
    'HTTP_TE' => 'trailers'
    'HTTP_SEC_GPC' => '1'
    'HTTP_SEC_FETCH_SITE' => 'same-origin'
    'HTTP_SEC_FETCH_MODE' => 'cors'
    'HTTP_SEC_FETCH_DEST' => 'empty'
    'HTTP_REFERER' => 'https://derschmuckmacher-v3.ddev.site/dW2axQ3b/dashboard'
    'HTTP_COOKIE' => 'cookieconsent_status=allow; CRAFT_CSRF_TOKEN=c46764d17b682367679c529f1043872bbfd294280b0a6b522869cb3868f8a6a6a%3A2%3A%7Bi%3A0%3Bs%3A16%3A%22CRAFT_CSRF_TOKEN%22%3Bi%3A1%3Bs%3A40%3A%22oscGmXtgN7lH1IINFeBh9KwfL0sWDqIBBHQCFaaO%22%3B%7D; CraftSessionId=4qeribircfaeqr2afr5a2fff77; a8b7b1ec9ffb8baf2c6eaa253fe57112_username=26b9ec8568da68d3882e55afaa5d203483c6c5810ee05b5a55c8a0eb10cab93ea%3A2%3A%7Bi%3A0%3Bs%3A41%3A%22a8b7b1ec9ffb8baf2c6eaa253fe57112_username%22%3Bi%3A1%3Bs%3A8%3A%22odegiuli%22%3B%7D; Craft-3626ffc1-d0a3-42e3-98aa-37e8aa759561_sidebar=expanded'
    'HTTP_ACCEPT_LANGUAGE' => 'de,en-US;q=0.9,en;q=0.8'
    'HTTP_ACCEPT_ENCODING' => 'gzip, deflate, br, zstd'
    'HTTP_ACCEPT' => 'application/json, text/plain, */*'
    'HTTP_USER_AGENT' => 'Mozilla/5.0 (Macintosh; Intel Mac OS X 10.15; rv:150.0) Gecko/20100101 Firefox/150.0'
    'HTTP_HOST' => 'derschmuckmacher-v3.ddev.site'
    'HTTPS' => 'on'
    'REDIRECT_STATUS' => '200'
    'SERVER_NAME' => 'derschmuckmacher-v3.ddev.site'
    'SERVER_PORT' => '80'
    'SERVER_ADDR' => '172.18.0.3'
    'REMOTE_PORT' => '45662'
    'REMOTE_ADDR' => '172.18.0.5'
    'SERVER_SOFTWARE' => 'nginx/1.28.0'
    'GATEWAY_INTERFACE' => 'CGI/1.1'
    'REQUEST_SCHEME' => 'http'
    'SERVER_PROTOCOL' => 'HTTP/1.1'
    'DOCUMENT_ROOT' => '/var/www/html/web'
    'DOCUMENT_URI' => '/index.php'
    'REQUEST_URI' => '/index.php?p=dW2axQ3b%2Factions%2Fusers%2Fsession-info&dontExtendSession=1&v=1778803679890'
    'CONTENT_LENGTH' => ''
    'CONTENT_TYPE' => ''
    'REQUEST_METHOD' => 'GET'
    'QUERY_STRING' => 'p=dW2axQ3b%2Factions%2Fusers%2Fsession-info&dontExtendSession=1&v=1778803679890'
    'SCRIPT_NAME' => '/index.php'
    'SCRIPT_FILENAME' => '/var/www/html/web/index.php'
    'FCGI_ROLE' => 'RESPONDER'
    'PHP_SELF' => '/index.php'
    'REQUEST_TIME_FLOAT' => 1778803679.9007
    'REQUEST_TIME' => 1778803679
    'CRAFT_APP_ID' => 'CraftCMS--3933bc78-29f5-4b79-bcc5-c31faf0fcd20'
    'CRAFT_ENVIRONMENT' => 'dev'
    'ENVIRONMENT' => 'dev'
    'CRAFT_SECURITY_KEY' => '••••••••••••••••••••••••••••••••'
    'CP_TRIGGER' => 'dW2axQ3b'
    'CRAFT_DB_SCHEMA' => 'public'
    'CRAFT_DB_TABLE_PREFIX' => ''
    'DEV_MODE' => 'true'
    'ALLOW_ADMIN_CHANGES' => 'true'
    'DISALLOW_ROBOTS' => 'true'
    'TIMEZONE' => 'Europe/Zurich'
    'CAPTCHA_SITE_KEY' => '••••••••••••••••••••••••••••••••••••••••'
    'CAPTCHA_SECRET_KEY' => '••••••••••••••••••••••••••••••••••••••••'
    'WEB_URL' => 'https://derschmuckmacher-v3.ddev.site'
    'WEB_ROOT' => '/var/www/html/web'
    'ASSETS_BASE_URL' => 'https://derschmuckmacher-v3.ddev.site/public'
    'ASSETS_BASE_PATH' => '/var/www/html/web/public'
    'SCHMUCK_BASE_URL' => 'https://derschmuckmacher-v3.ddev.site/public/uploads/schmuck'
    'SCHMUCK_BASE_PATH' => '/var/www/html/web/public/uploads/schmuck'
    'BILDER_BASE_URL' => 'https://derschmuckmacher-v3.ddev.site/public/uploads/bilder'
    'BILDER_BASE_PATH' => '/var/www/html/web/public/uploads/bilder'
] {"environment":"dev"} 
2026-05-15 02:09:00 [web.INFO] [yii\db\Connection::open] Opening DB connection: mysql:host=db;dbname=db;port=3306 {"memory":1097536} 
2026-05-15 02:09:00 [web.INFO] [yii\web\Session::open] Session started {"memory":1517664} 
2026-05-15 02:09:00 [web.INFO] [nystudio107\codeeditor\CodeEditor::bootstrap] CodeEditor module bootstrapped {"memory":1538632} 
2026-05-15 02:09:00 [web.INFO] [adigital\cookieconsentbanner\CookieConsentBanner::init] Cookie Consent Banner plugin loaded {"memory":1753640} 
2026-05-15 02:09:00 [web.INFO] [miranj\obfuscator\Obfuscator::init] Obfuscator plugin loaded {"memory":2717712} 
2026-05-15 02:09:00 [web.INFO] [application] Request context:
$_GET = [
    'p' => 'dW2axQ3b/actions/users/session-info'
    'dontExtendSession' => '1'
    'v' => '1778803739998'
]

$_POST = []

$_FILES = []

$_COOKIE = [
    'cookieconsent_status' => 'allow'
    'CRAFT_CSRF_TOKEN' => '••••••••••••••••••••••••••••••••••••••••••••••••••••••••••••••••••••••••••••••••••••••••••••••••••••••••••••••••••••••••••••••••••••••••••••••••••••••'
    'CraftSessionId' => '4qeribircfaeqr2afr5a2fff77'
    'a8b7b1ec9ffb8baf2c6eaa253fe57112_username' => '26b9ec8568da68d3882e55afaa5d203483c6c5810ee05b5a55c8a0eb10cab93ea:2:{i:0;s:41:\"a8b7b1ec9ffb8baf2c6eaa253fe57112_username\";i:1;s:8:\"odegiuli\";}'
    'Craft-3626ffc1-d0a3-42e3-98aa-37e8aa759561_sidebar' => 'expanded'
]

$_SESSION = [
    '22b6a59deafcfb2ffb13c3adf3d98a3b__flash' => []
]

$_SERVER = [
    'DEPLOY_NAME' => 'local'
    'DDEV_WEBSERVER_TYPE' => 'nginx-fpm'
    'npm_config_cache' => '/mnt/ddev-global-cache/npm'
    'COREPACK_ENABLE_DOWNLOAD_PROMPT' => '0'
    'DDEV_GOOS' => 'darwin'
    'IS_DDEV_PROJECT' => 'true'
    'PHP_DEFAULT_VERSION' => '8.3'
    'HOSTNAME' => 'derschmuckmacher-v3-web'
    'MAILPIT_SMTP_PORT' => '1025'
    'MH_SMTP_BIND_ADDR' => '127.0.0.1:1025'
    'DDEV_PRIMARY_URL_WITHOUT_PORT' => 'https://derschmuckmacher-v3.ddev.site'
    'CRAFT_DB_PORT' => '3306'
    'SSH_AUTH_SOCK' => '/home/.ssh-agent/socket'
    'DDEV_GID' => '20'
    'NODE_EXTRA_CA_CERTS' => '/mnt/ddev-global-cache/mkcert/rootCA.pem'
    'DOCKER_IP' => '127.0.0.1'
    'PGPASSWORD' => 'db'
    'CRAFT_WEB_ROOT' => '/var/www/html/web'
    'DDEV_DOCROOT' => 'web'
    'PWD' => '/var/www/html'
    'PLATFORMSH_CLI_UPDATES_CHECK' => '0'
    'DDEV_APPROOT' => '/var/www/html'
    'DDEV_FILES_DIR' => ''
    'START_SCRIPT_TIMEOUT' => '57'
    'APACHE_SITE_TEMPLATE' => '/etc/apache2/apache-site.conf'
    'PHP_INI' => '/etc/php/8.3/fpm/php.ini'
    'DDEV_VERSION' => 'v1.24.10'
    'PRIMARY_SITE_URL' => 'https://derschmuckmacher-v3.ddev.site'
    'TZ' => 'Europe/Zurich'
    'DDEV_XHPROF_MODE' => 'prepend'
    'HTTPS_EXPOSE' => '443:80,8026:8025'
    'COREPACK_HOME' => '/mnt/ddev-global-cache/corepack'
    'CRAFT_DB_DATABASE' => 'db'
    'DDEV_PRIMARY_URL' => 'https://derschmuckmacher-v3.ddev.site'
    'LINES' => '6'
    'DDEV_SITENAME' => 'derschmuckmacher-v3'
    'HOME' => '/home/omar'
    'DRUSH_OPTIONS_URI' => 'https://derschmuckmacher-v3.ddev.site'
    'LANG' => 'C.UTF-8'
    'COLUMNS' => '371'
    'DDEV_MUTAGEN_ENABLED' => 'true'
    'DDEV_USER' => 'omar'
    'PGUSER' => 'db'
    'TERMINUS_CACHE_DIR' => '/mnt/ddev-global-cache/terminus/cache'
    'DDEV_PRIMARY_URL_PORT' => '443'
    'DDEV_ROUTER_HTTP_PORT' => '80'
    'MAILPIT_SMTP_HOSTNAME' => '127.0.0.1'
    'CRAFT_DB_DRIVER' => 'mysql'
    'COMPOSER_PROCESS_TIMEOUT' => '2000'
    'NGINX_SITE_TEMPLATE' => '/etc/nginx/nginx-site.conf'
    'DDEV_FILES_DIRS' => ''
    'CRAFT_DB_SERVER' => 'db'
    'HTTP_EXPOSE' => '80:80,8025:8025'
    'NVM_DIR' => '/home/omar/.nvm'
    'DDEV_PHP_VERSION' => '8.3'
    'DDEV_TLD' => 'ddev.site'
    'DDEV_HOSTNAME' => 'derschmuckmacher-v3.ddev.site'
    'DDEV_PROJECT' => 'derschmuckmacher-v3'
    'DDEV_GOARCH' => 'arm64'
    'VIRTUAL_HOST' => 'derschmuckmacher-v3.ddev.site'
    'TERM' => 'xterm'
    'USER' => 'omar'
    'MYSQL_HISTFILE' => '/mnt/ddev-global-cache/mysqlhistory/derschmuckmacher-v3-web/mysql_history'
    'DDEV_WEB_ENTRYPOINT' => '/mnt/ddev_config/web-entrypoint.d'
    'DDEV_UID' => '501'
    'CAROOT' => '/mnt/ddev-global-cache/mkcert'
    'SHLVL' => '1'
    'COMPOSER_ALLOW_SUPERUSER' => '1'
    'BASH_ENV' => '/etc/bash.nointeractive.bashrc'
    'DDEV_DATABASE' => 'mysql:8.0'
    'PGDATABASE' => 'db'
    'CRAFT_DB_USER' => 'db'
    'DDEV_SCHEME' => 'https'
    'XHPROF_OUTPUT_DIR' => '/tmp/xhprof'
    'COMPOSER_CACHE_DIR' => '/mnt/ddev-global-cache/composer'
    'DDEV_XDEBUG_ENABLED' => 'false'
    'DDEV_DATABASE_FAMILY' => 'mysql'
    'PGHOST' => 'db'
    'DDEV_COMPOSER_ROOT' => '/var/www/html'
    'CRAFT_DB_PASSWORD' => '••'
    'DOCROOT' => 'web'
    'TERMINUS_HIDE_UPDATE_MESSAGE' => '1'
    'PATH' => '/home/omar/bin:/var/www/html/vendor/bin:/usr/local/sbin:/usr/local/bin:/usr/sbin:/usr/bin:/sbin:/bin:/var/www/html/bin:/mnt/ddev-global-cache/global-commands/web'
    'HOST_DOCKER_INTERNAL_IP' => ''
    'DDEV_PROJECT_TYPE' => 'craftcms'
    'DEBIAN_FRONTEND' => 'noninteractive'
    'DDEV_ROUTER_HTTPS_PORT' => '443'
    'EXECIGNORE' => '/var/www/html/vendor/bin/composer'
    'SUPERVISOR_ENABLED' => '1'
    'SUPERVISOR_SERVER_URL' => 'unix:///var/run/supervisor.sock'
    'SUPERVISOR_PROCESS_NAME' => 'php-fpm'
    'SUPERVISOR_GROUP_NAME' => 'php-fpm'
    'HTTP_X_REQUESTED_WITH' => 'XMLHttpRequest'
    'HTTP_X_REGISTERED_JS_FILES' => ''
    'HTTP_X_REGISTERED_ASSET_BUNDLES' => 'e38a2e07,22e517a2,aee7f8dc,26c46c25,e505ffd6,6b4d7555,bb2f10a0,e5e48399,815d39ea,fc0bc163,1ccab40d,1e21896b,54698ee0,b842675b,1c3c9add,4b1fd285,d8d08e47,8f00ce04,8768f48b,cf3018d6,ec6d0256,11858fc6,8550f857,6f12186f,c7a8fe38'
    'HTTP_X_REAL_IP' => '172.18.0.1'
    'HTTP_X_FORWARDED_SERVER' => '617e9e3cc3a1'
    'HTTP_X_FORWARDED_PROTO' => 'https'
    'HTTP_X_FORWARDED_PORT' => '443'
    'HTTP_X_FORWARDED_HOST' => 'derschmuckmacher-v3.ddev.site'
    'HTTP_X_FORWARDED_FOR' => '172.18.0.1'
    'HTTP_X_CSRF_TOKEN' => '••••••••••••••••••••••••••••••••••••••••••••••••••••••••••••••••••••••••••••••••••••••••••••••••••••••••••••'
    'HTTP_TE' => 'trailers'
    'HTTP_SEC_GPC' => '1'
    'HTTP_SEC_FETCH_SITE' => 'same-origin'
    'HTTP_SEC_FETCH_MODE' => 'cors'
    'HTTP_SEC_FETCH_DEST' => 'empty'
    'HTTP_REFERER' => 'https://derschmuckmacher-v3.ddev.site/dW2axQ3b/dashboard'
    'HTTP_COOKIE' => 'cookieconsent_status=allow; CRAFT_CSRF_TOKEN=c46764d17b682367679c529f1043872bbfd294280b0a6b522869cb3868f8a6a6a%3A2%3A%7Bi%3A0%3Bs%3A16%3A%22CRAFT_CSRF_TOKEN%22%3Bi%3A1%3Bs%3A40%3A%22oscGmXtgN7lH1IINFeBh9KwfL0sWDqIBBHQCFaaO%22%3B%7D; CraftSessionId=4qeribircfaeqr2afr5a2fff77; a8b7b1ec9ffb8baf2c6eaa253fe57112_username=26b9ec8568da68d3882e55afaa5d203483c6c5810ee05b5a55c8a0eb10cab93ea%3A2%3A%7Bi%3A0%3Bs%3A41%3A%22a8b7b1ec9ffb8baf2c6eaa253fe57112_username%22%3Bi%3A1%3Bs%3A8%3A%22odegiuli%22%3B%7D; Craft-3626ffc1-d0a3-42e3-98aa-37e8aa759561_sidebar=expanded'
    'HTTP_ACCEPT_LANGUAGE' => 'de,en-US;q=0.9,en;q=0.8'
    'HTTP_ACCEPT_ENCODING' => 'gzip, deflate, br, zstd'
    'HTTP_ACCEPT' => 'application/json, text/plain, */*'
    'HTTP_USER_AGENT' => 'Mozilla/5.0 (Macintosh; Intel Mac OS X 10.15; rv:150.0) Gecko/20100101 Firefox/150.0'
    'HTTP_HOST' => 'derschmuckmacher-v3.ddev.site'
    'HTTPS' => 'on'
    'REDIRECT_STATUS' => '200'
    'SERVER_NAME' => 'derschmuckmacher-v3.ddev.site'
    'SERVER_PORT' => '80'
    'SERVER_ADDR' => '172.18.0.3'
    'REMOTE_PORT' => '48624'
    'REMOTE_ADDR' => '172.18.0.5'
    'SERVER_SOFTWARE' => 'nginx/1.28.0'
    'GATEWAY_INTERFACE' => 'CGI/1.1'
    'REQUEST_SCHEME' => 'http'
    'SERVER_PROTOCOL' => 'HTTP/1.1'
    'DOCUMENT_ROOT' => '/var/www/html/web'
    'DOCUMENT_URI' => '/index.php'
    'REQUEST_URI' => '/index.php?p=dW2axQ3b%2Factions%2Fusers%2Fsession-info&dontExtendSession=1&v=1778803739998'
    'CONTENT_LENGTH' => ''
    'CONTENT_TYPE' => ''
    'REQUEST_METHOD' => 'GET'
    'QUERY_STRING' => 'p=dW2axQ3b%2Factions%2Fusers%2Fsession-info&dontExtendSession=1&v=1778803739998'
    'SCRIPT_NAME' => '/index.php'
    'SCRIPT_FILENAME' => '/var/www/html/web/index.php'
    'FCGI_ROLE' => 'RESPONDER'
    'PHP_SELF' => '/index.php'
    'REQUEST_TIME_FLOAT' => 1778803740.0147
    'REQUEST_TIME' => 1778803740
    'CRAFT_APP_ID' => 'CraftCMS--3933bc78-29f5-4b79-bcc5-c31faf0fcd20'
    'CRAFT_ENVIRONMENT' => 'dev'
    'ENVIRONMENT' => 'dev'
    'CRAFT_SECURITY_KEY' => '••••••••••••••••••••••••••••••••'
    'CP_TRIGGER' => 'dW2axQ3b'
    'CRAFT_DB_SCHEMA' => 'public'
    'CRAFT_DB_TABLE_PREFIX' => ''
    'DEV_MODE' => 'true'
    'ALLOW_ADMIN_CHANGES' => 'true'
    'DISALLOW_ROBOTS' => 'true'
    'TIMEZONE' => 'Europe/Zurich'
    'CAPTCHA_SITE_KEY' => '••••••••••••••••••••••••••••••••••••••••'
    'CAPTCHA_SECRET_KEY' => '••••••••••••••••••••••••••••••••••••••••'
    'WEB_URL' => 'https://derschmuckmacher-v3.ddev.site'
    'WEB_ROOT' => '/var/www/html/web'
    'ASSETS_BASE_URL' => 'https://derschmuckmacher-v3.ddev.site/public'
    'ASSETS_BASE_PATH' => '/var/www/html/web/public'
    'SCHMUCK_BASE_URL' => 'https://derschmuckmacher-v3.ddev.site/public/uploads/schmuck'
    'SCHMUCK_BASE_PATH' => '/var/www/html/web/public/uploads/schmuck'
    'BILDER_BASE_URL' => 'https://derschmuckmacher-v3.ddev.site/public/uploads/bilder'
    'BILDER_BASE_PATH' => '/var/www/html/web/public/uploads/bilder'
] {"environment":"dev"} 
2026-05-15 02:10:00 [web.INFO] [yii\db\Connection::open] Opening DB connection: mysql:host=db;dbname=db;port=3306 {"memory":1097536} 
2026-05-15 02:10:00 [web.INFO] [yii\web\Session::open] Session started {"memory":1517664} 
2026-05-15 02:10:00 [web.INFO] [nystudio107\codeeditor\CodeEditor::bootstrap] CodeEditor module bootstrapped {"memory":1538632} 
2026-05-15 02:10:00 [web.INFO] [adigital\cookieconsentbanner\CookieConsentBanner::init] Cookie Consent Banner plugin loaded {"memory":1753640} 
2026-05-15 02:10:00 [web.INFO] [miranj\obfuscator\Obfuscator::init] Obfuscator plugin loaded {"memory":2717712} 
2026-05-15 02:10:00 [web.INFO] [application] Request context:
$_GET = [
    'p' => 'dW2axQ3b/actions/users/session-info'
    'dontExtendSession' => '1'
    'v' => '1778803800065'
]

$_POST = []

$_FILES = []

$_COOKIE = [
    'cookieconsent_status' => 'allow'
    'CRAFT_CSRF_TOKEN' => '••••••••••••••••••••••••••••••••••••••••••••••••••••••••••••••••••••••••••••••••••••••••••••••••••••••••••••••••••••••••••••••••••••••••••••••••••••••'
    'CraftSessionId' => '4qeribircfaeqr2afr5a2fff77'
    'a8b7b1ec9ffb8baf2c6eaa253fe57112_username' => '26b9ec8568da68d3882e55afaa5d203483c6c5810ee05b5a55c8a0eb10cab93ea:2:{i:0;s:41:\"a8b7b1ec9ffb8baf2c6eaa253fe57112_username\";i:1;s:8:\"odegiuli\";}'
    'Craft-3626ffc1-d0a3-42e3-98aa-37e8aa759561_sidebar' => 'expanded'
]

$_SESSION = [
    '22b6a59deafcfb2ffb13c3adf3d98a3b__flash' => []
]

$_SERVER = [
    'DEPLOY_NAME' => 'local'
    'DDEV_WEBSERVER_TYPE' => 'nginx-fpm'
    'npm_config_cache' => '/mnt/ddev-global-cache/npm'
    'COREPACK_ENABLE_DOWNLOAD_PROMPT' => '0'
    'DDEV_GOOS' => 'darwin'
    'IS_DDEV_PROJECT' => 'true'
    'PHP_DEFAULT_VERSION' => '8.3'
    'HOSTNAME' => 'derschmuckmacher-v3-web'
    'MAILPIT_SMTP_PORT' => '1025'
    'MH_SMTP_BIND_ADDR' => '127.0.0.1:1025'
    'DDEV_PRIMARY_URL_WITHOUT_PORT' => 'https://derschmuckmacher-v3.ddev.site'
    'CRAFT_DB_PORT' => '3306'
    'SSH_AUTH_SOCK' => '/home/.ssh-agent/socket'
    'DDEV_GID' => '20'
    'NODE_EXTRA_CA_CERTS' => '/mnt/ddev-global-cache/mkcert/rootCA.pem'
    'DOCKER_IP' => '127.0.0.1'
    'PGPASSWORD' => 'db'
    'CRAFT_WEB_ROOT' => '/var/www/html/web'
    'DDEV_DOCROOT' => 'web'
    'PWD' => '/var/www/html'
    'PLATFORMSH_CLI_UPDATES_CHECK' => '0'
    'DDEV_APPROOT' => '/var/www/html'
    'DDEV_FILES_DIR' => ''
    'START_SCRIPT_TIMEOUT' => '57'
    'APACHE_SITE_TEMPLATE' => '/etc/apache2/apache-site.conf'
    'PHP_INI' => '/etc/php/8.3/fpm/php.ini'
    'DDEV_VERSION' => 'v1.24.10'
    'PRIMARY_SITE_URL' => 'https://derschmuckmacher-v3.ddev.site'
    'TZ' => 'Europe/Zurich'
    'DDEV_XHPROF_MODE' => 'prepend'
    'HTTPS_EXPOSE' => '443:80,8026:8025'
    'COREPACK_HOME' => '/mnt/ddev-global-cache/corepack'
    'CRAFT_DB_DATABASE' => 'db'
    'DDEV_PRIMARY_URL' => 'https://derschmuckmacher-v3.ddev.site'
    'LINES' => '6'
    'DDEV_SITENAME' => 'derschmuckmacher-v3'
    'HOME' => '/home/omar'
    'DRUSH_OPTIONS_URI' => 'https://derschmuckmacher-v3.ddev.site'
    'LANG' => 'C.UTF-8'
    'COLUMNS' => '371'
    'DDEV_MUTAGEN_ENABLED' => 'true'
    'DDEV_USER' => 'omar'
    'PGUSER' => 'db'
    'TERMINUS_CACHE_DIR' => '/mnt/ddev-global-cache/terminus/cache'
    'DDEV_PRIMARY_URL_PORT' => '443'
    'DDEV_ROUTER_HTTP_PORT' => '80'
    'MAILPIT_SMTP_HOSTNAME' => '127.0.0.1'
    'CRAFT_DB_DRIVER' => 'mysql'
    'COMPOSER_PROCESS_TIMEOUT' => '2000'
    'NGINX_SITE_TEMPLATE' => '/etc/nginx/nginx-site.conf'
    'DDEV_FILES_DIRS' => ''
    'CRAFT_DB_SERVER' => 'db'
    'HTTP_EXPOSE' => '80:80,8025:8025'
    'NVM_DIR' => '/home/omar/.nvm'
    'DDEV_PHP_VERSION' => '8.3'
    'DDEV_TLD' => 'ddev.site'
    'DDEV_HOSTNAME' => 'derschmuckmacher-v3.ddev.site'
    'DDEV_PROJECT' => 'derschmuckmacher-v3'
    'DDEV_GOARCH' => 'arm64'
    'VIRTUAL_HOST' => 'derschmuckmacher-v3.ddev.site'
    'TERM' => 'xterm'
    'USER' => 'omar'
    'MYSQL_HISTFILE' => '/mnt/ddev-global-cache/mysqlhistory/derschmuckmacher-v3-web/mysql_history'
    'DDEV_WEB_ENTRYPOINT' => '/mnt/ddev_config/web-entrypoint.d'
    'DDEV_UID' => '501'
    'CAROOT' => '/mnt/ddev-global-cache/mkcert'
    'SHLVL' => '1'
    'COMPOSER_ALLOW_SUPERUSER' => '1'
    'BASH_ENV' => '/etc/bash.nointeractive.bashrc'
    'DDEV_DATABASE' => 'mysql:8.0'
    'PGDATABASE' => 'db'
    'CRAFT_DB_USER' => 'db'
    'DDEV_SCHEME' => 'https'
    'XHPROF_OUTPUT_DIR' => '/tmp/xhprof'
    'COMPOSER_CACHE_DIR' => '/mnt/ddev-global-cache/composer'
    'DDEV_XDEBUG_ENABLED' => 'false'
    'DDEV_DATABASE_FAMILY' => 'mysql'
    'PGHOST' => 'db'
    'DDEV_COMPOSER_ROOT' => '/var/www/html'
    'CRAFT_DB_PASSWORD' => '••'
    'DOCROOT' => 'web'
    'TERMINUS_HIDE_UPDATE_MESSAGE' => '1'
    'PATH' => '/home/omar/bin:/var/www/html/vendor/bin:/usr/local/sbin:/usr/local/bin:/usr/sbin:/usr/bin:/sbin:/bin:/var/www/html/bin:/mnt/ddev-global-cache/global-commands/web'
    'HOST_DOCKER_INTERNAL_IP' => ''
    'DDEV_PROJECT_TYPE' => 'craftcms'
    'DEBIAN_FRONTEND' => 'noninteractive'
    'DDEV_ROUTER_HTTPS_PORT' => '443'
    'EXECIGNORE' => '/var/www/html/vendor/bin/composer'
    'SUPERVISOR_ENABLED' => '1'
    'SUPERVISOR_SERVER_URL' => 'unix:///var/run/supervisor.sock'
    'SUPERVISOR_PROCESS_NAME' => 'php-fpm'
    'SUPERVISOR_GROUP_NAME' => 'php-fpm'
    'HTTP_X_REQUESTED_WITH' => 'XMLHttpRequest'
    'HTTP_X_REGISTERED_JS_FILES' => ''
    'HTTP_X_REGISTERED_ASSET_BUNDLES' => 'e38a2e07,22e517a2,aee7f8dc,26c46c25,e505ffd6,6b4d7555,bb2f10a0,e5e48399,815d39ea,fc0bc163,1ccab40d,1e21896b,54698ee0,b842675b,1c3c9add,4b1fd285,d8d08e47,8f00ce04,8768f48b,cf3018d6,ec6d0256,11858fc6,8550f857,6f12186f,c7a8fe38'
    'HTTP_X_REAL_IP' => '172.18.0.1'
    'HTTP_X_FORWARDED_SERVER' => '617e9e3cc3a1'
    'HTTP_X_FORWARDED_PROTO' => 'https'
    'HTTP_X_FORWARDED_PORT' => '443'
    'HTTP_X_FORWARDED_HOST' => 'derschmuckmacher-v3.ddev.site'
    'HTTP_X_FORWARDED_FOR' => '172.18.0.1'
    'HTTP_X_CSRF_TOKEN' => '••••••••••••••••••••••••••••••••••••••••••••••••••••••••••••••••••••••••••••••••••••••••••••••••••••••••••••'
    'HTTP_TE' => 'trailers'
    'HTTP_SEC_GPC' => '1'
    'HTTP_SEC_FETCH_SITE' => 'same-origin'
    'HTTP_SEC_FETCH_MODE' => 'cors'
    'HTTP_SEC_FETCH_DEST' => 'empty'
    'HTTP_REFERER' => 'https://derschmuckmacher-v3.ddev.site/dW2axQ3b/dashboard'
    'HTTP_COOKIE' => 'cookieconsent_status=allow; CRAFT_CSRF_TOKEN=c46764d17b682367679c529f1043872bbfd294280b0a6b522869cb3868f8a6a6a%3A2%3A%7Bi%3A0%3Bs%3A16%3A%22CRAFT_CSRF_TOKEN%22%3Bi%3A1%3Bs%3A40%3A%22oscGmXtgN7lH1IINFeBh9KwfL0sWDqIBBHQCFaaO%22%3B%7D; CraftSessionId=4qeribircfaeqr2afr5a2fff77; a8b7b1ec9ffb8baf2c6eaa253fe57112_username=26b9ec8568da68d3882e55afaa5d203483c6c5810ee05b5a55c8a0eb10cab93ea%3A2%3A%7Bi%3A0%3Bs%3A41%3A%22a8b7b1ec9ffb8baf2c6eaa253fe57112_username%22%3Bi%3A1%3Bs%3A8%3A%22odegiuli%22%3B%7D; Craft-3626ffc1-d0a3-42e3-98aa-37e8aa759561_sidebar=expanded'
    'HTTP_ACCEPT_LANGUAGE' => 'de,en-US;q=0.9,en;q=0.8'
    'HTTP_ACCEPT_ENCODING' => 'gzip, deflate, br, zstd'
    'HTTP_ACCEPT' => 'application/json, text/plain, */*'
    'HTTP_USER_AGENT' => 'Mozilla/5.0 (Macintosh; Intel Mac OS X 10.15; rv:150.0) Gecko/20100101 Firefox/150.0'
    'HTTP_HOST' => 'derschmuckmacher-v3.ddev.site'
    'HTTPS' => 'on'
    'REDIRECT_STATUS' => '200'
    'SERVER_NAME' => 'derschmuckmacher-v3.ddev.site'
    'SERVER_PORT' => '80'
    'SERVER_ADDR' => '172.18.0.3'
    'REMOTE_PORT' => '58906'
    'REMOTE_ADDR' => '172.18.0.5'
    'SERVER_SOFTWARE' => 'nginx/1.28.0'
    'GATEWAY_INTERFACE' => 'CGI/1.1'
    'REQUEST_SCHEME' => 'http'
    'SERVER_PROTOCOL' => 'HTTP/1.1'
    'DOCUMENT_ROOT' => '/var/www/html/web'
    'DOCUMENT_URI' => '/index.php'
    'REQUEST_URI' => '/index.php?p=dW2axQ3b%2Factions%2Fusers%2Fsession-info&dontExtendSession=1&v=1778803800065'
    'CONTENT_LENGTH' => ''
    'CONTENT_TYPE' => ''
    'REQUEST_METHOD' => 'GET'
    'QUERY_STRING' => 'p=dW2axQ3b%2Factions%2Fusers%2Fsession-info&dontExtendSession=1&v=1778803800065'
    'SCRIPT_NAME' => '/index.php'
    'SCRIPT_FILENAME' => '/var/www/html/web/index.php'
    'FCGI_ROLE' => 'RESPONDER'
    'PHP_SELF' => '/index.php'
    'REQUEST_TIME_FLOAT' => 1778803800.0777
    'REQUEST_TIME' => 1778803800
    'CRAFT_APP_ID' => 'CraftCMS--3933bc78-29f5-4b79-bcc5-c31faf0fcd20'
    'CRAFT_ENVIRONMENT' => 'dev'
    'ENVIRONMENT' => 'dev'
    'CRAFT_SECURITY_KEY' => '••••••••••••••••••••••••••••••••'
    'CP_TRIGGER' => 'dW2axQ3b'
    'CRAFT_DB_SCHEMA' => 'public'
    'CRAFT_DB_TABLE_PREFIX' => ''
    'DEV_MODE' => 'true'
    'ALLOW_ADMIN_CHANGES' => 'true'
    'DISALLOW_ROBOTS' => 'true'
    'TIMEZONE' => 'Europe/Zurich'
    'CAPTCHA_SITE_KEY' => '••••••••••••••••••••••••••••••••••••••••'
    'CAPTCHA_SECRET_KEY' => '••••••••••••••••••••••••••••••••••••••••'
    'WEB_URL' => 'https://derschmuckmacher-v3.ddev.site'
    'WEB_ROOT' => '/var/www/html/web'
    'ASSETS_BASE_URL' => 'https://derschmuckmacher-v3.ddev.site/public'
    'ASSETS_BASE_PATH' => '/var/www/html/web/public'
    'SCHMUCK_BASE_URL' => 'https://derschmuckmacher-v3.ddev.site/public/uploads/schmuck'
    'SCHMUCK_BASE_PATH' => '/var/www/html/web/public/uploads/schmuck'
    'BILDER_BASE_URL' => 'https://derschmuckmacher-v3.ddev.site/public/uploads/bilder'
    'BILDER_BASE_PATH' => '/var/www/html/web/public/uploads/bilder'
] {"environment":"dev"} 
2026-05-15 02:11:00 [web.INFO] [yii\db\Connection::open] Opening DB connection: mysql:host=db;dbname=db;port=3306 {"memory":1097536} 
2026-05-15 02:11:00 [web.INFO] [yii\web\Session::open] Session started {"memory":1517664} 
2026-05-15 02:11:00 [web.INFO] [nystudio107\codeeditor\CodeEditor::bootstrap] CodeEditor module bootstrapped {"memory":1538632} 
2026-05-15 02:11:00 [web.INFO] [adigital\cookieconsentbanner\CookieConsentBanner::init] Cookie Consent Banner plugin loaded {"memory":1753640} 
2026-05-15 02:11:00 [web.INFO] [miranj\obfuscator\Obfuscator::init] Obfuscator plugin loaded {"memory":2717712} 
2026-05-15 02:11:00 [web.INFO] [application] Request context:
$_GET = [
    'p' => 'dW2axQ3b/actions/users/session-info'
    'dontExtendSession' => '1'
    'v' => '1778803860133'
]

$_POST = []

$_FILES = []

$_COOKIE = [
    'cookieconsent_status' => 'allow'
    'CRAFT_CSRF_TOKEN' => '••••••••••••••••••••••••••••••••••••••••••••••••••••••••••••••••••••••••••••••••••••••••••••••••••••••••••••••••••••••••••••••••••••••••••••••••••••••'
    'CraftSessionId' => '4qeribircfaeqr2afr5a2fff77'
    'a8b7b1ec9ffb8baf2c6eaa253fe57112_username' => '26b9ec8568da68d3882e55afaa5d203483c6c5810ee05b5a55c8a0eb10cab93ea:2:{i:0;s:41:\"a8b7b1ec9ffb8baf2c6eaa253fe57112_username\";i:1;s:8:\"odegiuli\";}'
    'Craft-3626ffc1-d0a3-42e3-98aa-37e8aa759561_sidebar' => 'expanded'
]

$_SESSION = [
    '22b6a59deafcfb2ffb13c3adf3d98a3b__flash' => []
]

$_SERVER = [
    'DEPLOY_NAME' => 'local'
    'DDEV_WEBSERVER_TYPE' => 'nginx-fpm'
    'npm_config_cache' => '/mnt/ddev-global-cache/npm'
    'COREPACK_ENABLE_DOWNLOAD_PROMPT' => '0'
    'DDEV_GOOS' => 'darwin'
    'IS_DDEV_PROJECT' => 'true'
    'PHP_DEFAULT_VERSION' => '8.3'
    'HOSTNAME' => 'derschmuckmacher-v3-web'
    'MAILPIT_SMTP_PORT' => '1025'
    'MH_SMTP_BIND_ADDR' => '127.0.0.1:1025'
    'DDEV_PRIMARY_URL_WITHOUT_PORT' => 'https://derschmuckmacher-v3.ddev.site'
    'CRAFT_DB_PORT' => '3306'
    'SSH_AUTH_SOCK' => '/home/.ssh-agent/socket'
    'DDEV_GID' => '20'
    'NODE_EXTRA_CA_CERTS' => '/mnt/ddev-global-cache/mkcert/rootCA.pem'
    'DOCKER_IP' => '127.0.0.1'
    'PGPASSWORD' => 'db'
    'CRAFT_WEB_ROOT' => '/var/www/html/web'
    'DDEV_DOCROOT' => 'web'
    'PWD' => '/var/www/html'
    'PLATFORMSH_CLI_UPDATES_CHECK' => '0'
    'DDEV_APPROOT' => '/var/www/html'
    'DDEV_FILES_DIR' => ''
    'START_SCRIPT_TIMEOUT' => '57'
    'APACHE_SITE_TEMPLATE' => '/etc/apache2/apache-site.conf'
    'PHP_INI' => '/etc/php/8.3/fpm/php.ini'
    'DDEV_VERSION' => 'v1.24.10'
    'PRIMARY_SITE_URL' => 'https://derschmuckmacher-v3.ddev.site'
    'TZ' => 'Europe/Zurich'
    'DDEV_XHPROF_MODE' => 'prepend'
    'HTTPS_EXPOSE' => '443:80,8026:8025'
    'COREPACK_HOME' => '/mnt/ddev-global-cache/corepack'
    'CRAFT_DB_DATABASE' => 'db'
    'DDEV_PRIMARY_URL' => 'https://derschmuckmacher-v3.ddev.site'
    'LINES' => '6'
    'DDEV_SITENAME' => 'derschmuckmacher-v3'
    'HOME' => '/home/omar'
    'DRUSH_OPTIONS_URI' => 'https://derschmuckmacher-v3.ddev.site'
    'LANG' => 'C.UTF-8'
    'COLUMNS' => '371'
    'DDEV_MUTAGEN_ENABLED' => 'true'
    'DDEV_USER' => 'omar'
    'PGUSER' => 'db'
    'TERMINUS_CACHE_DIR' => '/mnt/ddev-global-cache/terminus/cache'
    'DDEV_PRIMARY_URL_PORT' => '443'
    'DDEV_ROUTER_HTTP_PORT' => '80'
    'MAILPIT_SMTP_HOSTNAME' => '127.0.0.1'
    'CRAFT_DB_DRIVER' => 'mysql'
    'COMPOSER_PROCESS_TIMEOUT' => '2000'
    'NGINX_SITE_TEMPLATE' => '/etc/nginx/nginx-site.conf'
    'DDEV_FILES_DIRS' => ''
    'CRAFT_DB_SERVER' => 'db'
    'HTTP_EXPOSE' => '80:80,8025:8025'
    'NVM_DIR' => '/home/omar/.nvm'
    'DDEV_PHP_VERSION' => '8.3'
    'DDEV_TLD' => 'ddev.site'
    'DDEV_HOSTNAME' => 'derschmuckmacher-v3.ddev.site'
    'DDEV_PROJECT' => 'derschmuckmacher-v3'
    'DDEV_GOARCH' => 'arm64'
    'VIRTUAL_HOST' => 'derschmuckmacher-v3.ddev.site'
    'TERM' => 'xterm'
    'USER' => 'omar'
    'MYSQL_HISTFILE' => '/mnt/ddev-global-cache/mysqlhistory/derschmuckmacher-v3-web/mysql_history'
    'DDEV_WEB_ENTRYPOINT' => '/mnt/ddev_config/web-entrypoint.d'
    'DDEV_UID' => '501'
    'CAROOT' => '/mnt/ddev-global-cache/mkcert'
    'SHLVL' => '1'
    'COMPOSER_ALLOW_SUPERUSER' => '1'
    'BASH_ENV' => '/etc/bash.nointeractive.bashrc'
    'DDEV_DATABASE' => 'mysql:8.0'
    'PGDATABASE' => 'db'
    'CRAFT_DB_USER' => 'db'
    'DDEV_SCHEME' => 'https'
    'XHPROF_OUTPUT_DIR' => '/tmp/xhprof'
    'COMPOSER_CACHE_DIR' => '/mnt/ddev-global-cache/composer'
    'DDEV_XDEBUG_ENABLED' => 'false'
    'DDEV_DATABASE_FAMILY' => 'mysql'
    'PGHOST' => 'db'
    'DDEV_COMPOSER_ROOT' => '/var/www/html'
    'CRAFT_DB_PASSWORD' => '••'
    'DOCROOT' => 'web'
    'TERMINUS_HIDE_UPDATE_MESSAGE' => '1'
    'PATH' => '/home/omar/bin:/var/www/html/vendor/bin:/usr/local/sbin:/usr/local/bin:/usr/sbin:/usr/bin:/sbin:/bin:/var/www/html/bin:/mnt/ddev-global-cache/global-commands/web'
    'HOST_DOCKER_INTERNAL_IP' => ''
    'DDEV_PROJECT_TYPE' => 'craftcms'
    'DEBIAN_FRONTEND' => 'noninteractive'
    'DDEV_ROUTER_HTTPS_PORT' => '443'
    'EXECIGNORE' => '/var/www/html/vendor/bin/composer'
    'SUPERVISOR_ENABLED' => '1'
    'SUPERVISOR_SERVER_URL' => 'unix:///var/run/supervisor.sock'
    'SUPERVISOR_PROCESS_NAME' => 'php-fpm'
    'SUPERVISOR_GROUP_NAME' => 'php-fpm'
    'HTTP_X_REQUESTED_WITH' => 'XMLHttpRequest'
    'HTTP_X_REGISTERED_JS_FILES' => ''
    'HTTP_X_REGISTERED_ASSET_BUNDLES' => 'e38a2e07,22e517a2,aee7f8dc,26c46c25,e505ffd6,6b4d7555,bb2f10a0,e5e48399,815d39ea,fc0bc163,1ccab40d,1e21896b,54698ee0,b842675b,1c3c9add,4b1fd285,d8d08e47,8f00ce04,8768f48b,cf3018d6,ec6d0256,11858fc6,8550f857,6f12186f,c7a8fe38'
    'HTTP_X_REAL_IP' => '172.18.0.1'
    'HTTP_X_FORWARDED_SERVER' => '617e9e3cc3a1'
    'HTTP_X_FORWARDED_PROTO' => 'https'
    'HTTP_X_FORWARDED_PORT' => '443'
    'HTTP_X_FORWARDED_HOST' => 'derschmuckmacher-v3.ddev.site'
    'HTTP_X_FORWARDED_FOR' => '172.18.0.1'
    'HTTP_X_CSRF_TOKEN' => '••••••••••••••••••••••••••••••••••••••••••••••••••••••••••••••••••••••••••••••••••••••••••••••••••••••••••••'
    'HTTP_TE' => 'trailers'
    'HTTP_SEC_GPC' => '1'
    'HTTP_SEC_FETCH_SITE' => 'same-origin'
    'HTTP_SEC_FETCH_MODE' => 'cors'
    'HTTP_SEC_FETCH_DEST' => 'empty'
    'HTTP_REFERER' => 'https://derschmuckmacher-v3.ddev.site/dW2axQ3b/dashboard'
    'HTTP_COOKIE' => 'cookieconsent_status=allow; CRAFT_CSRF_TOKEN=c46764d17b682367679c529f1043872bbfd294280b0a6b522869cb3868f8a6a6a%3A2%3A%7Bi%3A0%3Bs%3A16%3A%22CRAFT_CSRF_TOKEN%22%3Bi%3A1%3Bs%3A40%3A%22oscGmXtgN7lH1IINFeBh9KwfL0sWDqIBBHQCFaaO%22%3B%7D; CraftSessionId=4qeribircfaeqr2afr5a2fff77; a8b7b1ec9ffb8baf2c6eaa253fe57112_username=26b9ec8568da68d3882e55afaa5d203483c6c5810ee05b5a55c8a0eb10cab93ea%3A2%3A%7Bi%3A0%3Bs%3A41%3A%22a8b7b1ec9ffb8baf2c6eaa253fe57112_username%22%3Bi%3A1%3Bs%3A8%3A%22odegiuli%22%3B%7D; Craft-3626ffc1-d0a3-42e3-98aa-37e8aa759561_sidebar=expanded'
    'HTTP_ACCEPT_LANGUAGE' => 'de,en-US;q=0.9,en;q=0.8'
    'HTTP_ACCEPT_ENCODING' => 'gzip, deflate, br, zstd'
    'HTTP_ACCEPT' => 'application/json, text/plain, */*'
    'HTTP_USER_AGENT' => 'Mozilla/5.0 (Macintosh; Intel Mac OS X 10.15; rv:150.0) Gecko/20100101 Firefox/150.0'
    'HTTP_HOST' => 'derschmuckmacher-v3.ddev.site'
    'HTTPS' => 'on'
    'REDIRECT_STATUS' => '200'
    'SERVER_NAME' => 'derschmuckmacher-v3.ddev.site'
    'SERVER_PORT' => '80'
    'SERVER_ADDR' => '172.18.0.3'
    'REMOTE_PORT' => '57748'
    'REMOTE_ADDR' => '172.18.0.5'
    'SERVER_SOFTWARE' => 'nginx/1.28.0'
    'GATEWAY_INTERFACE' => 'CGI/1.1'
    'REQUEST_SCHEME' => 'http'
    'SERVER_PROTOCOL' => 'HTTP/1.1'
    'DOCUMENT_ROOT' => '/var/www/html/web'
    'DOCUMENT_URI' => '/index.php'
    'REQUEST_URI' => '/index.php?p=dW2axQ3b%2Factions%2Fusers%2Fsession-info&dontExtendSession=1&v=1778803860133'
    'CONTENT_LENGTH' => ''
    'CONTENT_TYPE' => ''
    'REQUEST_METHOD' => 'GET'
    'QUERY_STRING' => 'p=dW2axQ3b%2Factions%2Fusers%2Fsession-info&dontExtendSession=1&v=1778803860133'
    'SCRIPT_NAME' => '/index.php'
    'SCRIPT_FILENAME' => '/var/www/html/web/index.php'
    'FCGI_ROLE' => 'RESPONDER'
    'PHP_SELF' => '/index.php'
    'REQUEST_TIME_FLOAT' => 1778803860.1547
    'REQUEST_TIME' => 1778803860
    'CRAFT_APP_ID' => 'CraftCMS--3933bc78-29f5-4b79-bcc5-c31faf0fcd20'
    'CRAFT_ENVIRONMENT' => 'dev'
    'ENVIRONMENT' => 'dev'
    'CRAFT_SECURITY_KEY' => '••••••••••••••••••••••••••••••••'
    'CP_TRIGGER' => 'dW2axQ3b'
    'CRAFT_DB_SCHEMA' => 'public'
    'CRAFT_DB_TABLE_PREFIX' => ''
    'DEV_MODE' => 'true'
    'ALLOW_ADMIN_CHANGES' => 'true'
    'DISALLOW_ROBOTS' => 'true'
    'TIMEZONE' => 'Europe/Zurich'
    'CAPTCHA_SITE_KEY' => '••••••••••••••••••••••••••••••••••••••••'
    'CAPTCHA_SECRET_KEY' => '••••••••••••••••••••••••••••••••••••••••'
    'WEB_URL' => 'https://derschmuckmacher-v3.ddev.site'
    'WEB_ROOT' => '/var/www/html/web'
    'ASSETS_BASE_URL' => 'https://derschmuckmacher-v3.ddev.site/public'
    'ASSETS_BASE_PATH' => '/var/www/html/web/public'
    'SCHMUCK_BASE_URL' => 'https://derschmuckmacher-v3.ddev.site/public/uploads/schmuck'
    'SCHMUCK_BASE_PATH' => '/var/www/html/web/public/uploads/schmuck'
    'BILDER_BASE_URL' => 'https://derschmuckmacher-v3.ddev.site/public/uploads/bilder'
    'BILDER_BASE_PATH' => '/var/www/html/web/public/uploads/bilder'
] {"environment":"dev"} 
2026-05-15 02:12:01 [web.INFO] [yii\db\Connection::open] Opening DB connection: mysql:host=db;dbname=db;port=3306 {"memory":1097536} 
2026-05-15 02:12:01 [web.INFO] [yii\web\Session::open] Session started {"memory":1517664} 
2026-05-15 02:12:01 [web.INFO] [nystudio107\codeeditor\CodeEditor::bootstrap] CodeEditor module bootstrapped {"memory":1538632} 
2026-05-15 02:12:01 [web.INFO] [adigital\cookieconsentbanner\CookieConsentBanner::init] Cookie Consent Banner plugin loaded {"memory":1753640} 
2026-05-15 02:12:01 [web.INFO] [miranj\obfuscator\Obfuscator::init] Obfuscator plugin loaded {"memory":2717712} 
2026-05-15 02:12:01 [web.INFO] [application] Request context:
$_GET = [
    'p' => 'dW2axQ3b/actions/users/session-info'
    'dontExtendSession' => '1'
    'v' => '1778803920995'
]

$_POST = []

$_FILES = []

$_COOKIE = [
    'cookieconsent_status' => 'allow'
    'CRAFT_CSRF_TOKEN' => '••••••••••••••••••••••••••••••••••••••••••••••••••••••••••••••••••••••••••••••••••••••••••••••••••••••••••••••••••••••••••••••••••••••••••••••••••••••'
    'CraftSessionId' => '4qeribircfaeqr2afr5a2fff77'
    'a8b7b1ec9ffb8baf2c6eaa253fe57112_username' => '26b9ec8568da68d3882e55afaa5d203483c6c5810ee05b5a55c8a0eb10cab93ea:2:{i:0;s:41:\"a8b7b1ec9ffb8baf2c6eaa253fe57112_username\";i:1;s:8:\"odegiuli\";}'
    'Craft-3626ffc1-d0a3-42e3-98aa-37e8aa759561_sidebar' => 'expanded'
]

$_SESSION = [
    '22b6a59deafcfb2ffb13c3adf3d98a3b__flash' => []
]

$_SERVER = [
    'DEPLOY_NAME' => 'local'
    'DDEV_WEBSERVER_TYPE' => 'nginx-fpm'
    'npm_config_cache' => '/mnt/ddev-global-cache/npm'
    'COREPACK_ENABLE_DOWNLOAD_PROMPT' => '0'
    'DDEV_GOOS' => 'darwin'
    'IS_DDEV_PROJECT' => 'true'
    'PHP_DEFAULT_VERSION' => '8.3'
    'HOSTNAME' => 'derschmuckmacher-v3-web'
    'MAILPIT_SMTP_PORT' => '1025'
    'MH_SMTP_BIND_ADDR' => '127.0.0.1:1025'
    'DDEV_PRIMARY_URL_WITHOUT_PORT' => 'https://derschmuckmacher-v3.ddev.site'
    'CRAFT_DB_PORT' => '3306'
    'SSH_AUTH_SOCK' => '/home/.ssh-agent/socket'
    'DDEV_GID' => '20'
    'NODE_EXTRA_CA_CERTS' => '/mnt/ddev-global-cache/mkcert/rootCA.pem'
    'DOCKER_IP' => '127.0.0.1'
    'PGPASSWORD' => 'db'
    'CRAFT_WEB_ROOT' => '/var/www/html/web'
    'DDEV_DOCROOT' => 'web'
    'PWD' => '/var/www/html'
    'PLATFORMSH_CLI_UPDATES_CHECK' => '0'
    'DDEV_APPROOT' => '/var/www/html'
    'DDEV_FILES_DIR' => ''
    'START_SCRIPT_TIMEOUT' => '57'
    'APACHE_SITE_TEMPLATE' => '/etc/apache2/apache-site.conf'
    'PHP_INI' => '/etc/php/8.3/fpm/php.ini'
    'DDEV_VERSION' => 'v1.24.10'
    'PRIMARY_SITE_URL' => 'https://derschmuckmacher-v3.ddev.site'
    'TZ' => 'Europe/Zurich'
    'DDEV_XHPROF_MODE' => 'prepend'
    'HTTPS_EXPOSE' => '443:80,8026:8025'
    'COREPACK_HOME' => '/mnt/ddev-global-cache/corepack'
    'CRAFT_DB_DATABASE' => 'db'
    'DDEV_PRIMARY_URL' => 'https://derschmuckmacher-v3.ddev.site'
    'LINES' => '6'
    'DDEV_SITENAME' => 'derschmuckmacher-v3'
    'HOME' => '/home/omar'
    'DRUSH_OPTIONS_URI' => 'https://derschmuckmacher-v3.ddev.site'
    'LANG' => 'C.UTF-8'
    'COLUMNS' => '371'
    'DDEV_MUTAGEN_ENABLED' => 'true'
    'DDEV_USER' => 'omar'
    'PGUSER' => 'db'
    'TERMINUS_CACHE_DIR' => '/mnt/ddev-global-cache/terminus/cache'
    'DDEV_PRIMARY_URL_PORT' => '443'
    'DDEV_ROUTER_HTTP_PORT' => '80'
    'MAILPIT_SMTP_HOSTNAME' => '127.0.0.1'
    'CRAFT_DB_DRIVER' => 'mysql'
    'COMPOSER_PROCESS_TIMEOUT' => '2000'
    'NGINX_SITE_TEMPLATE' => '/etc/nginx/nginx-site.conf'
    'DDEV_FILES_DIRS' => ''
    'CRAFT_DB_SERVER' => 'db'
    'HTTP_EXPOSE' => '80:80,8025:8025'
    'NVM_DIR' => '/home/omar/.nvm'
    'DDEV_PHP_VERSION' => '8.3'
    'DDEV_TLD' => 'ddev.site'
    'DDEV_HOSTNAME' => 'derschmuckmacher-v3.ddev.site'
    'DDEV_PROJECT' => 'derschmuckmacher-v3'
    'DDEV_GOARCH' => 'arm64'
    'VIRTUAL_HOST' => 'derschmuckmacher-v3.ddev.site'
    'TERM' => 'xterm'
    'USER' => 'omar'
    'MYSQL_HISTFILE' => '/mnt/ddev-global-cache/mysqlhistory/derschmuckmacher-v3-web/mysql_history'
    'DDEV_WEB_ENTRYPOINT' => '/mnt/ddev_config/web-entrypoint.d'
    'DDEV_UID' => '501'
    'CAROOT' => '/mnt/ddev-global-cache/mkcert'
    'SHLVL' => '1'
    'COMPOSER_ALLOW_SUPERUSER' => '1'
    'BASH_ENV' => '/etc/bash.nointeractive.bashrc'
    'DDEV_DATABASE' => 'mysql:8.0'
    'PGDATABASE' => 'db'
    'CRAFT_DB_USER' => 'db'
    'DDEV_SCHEME' => 'https'
    'XHPROF_OUTPUT_DIR' => '/tmp/xhprof'
    'COMPOSER_CACHE_DIR' => '/mnt/ddev-global-cache/composer'
    'DDEV_XDEBUG_ENABLED' => 'false'
    'DDEV_DATABASE_FAMILY' => 'mysql'
    'PGHOST' => 'db'
    'DDEV_COMPOSER_ROOT' => '/var/www/html'
    'CRAFT_DB_PASSWORD' => '••'
    'DOCROOT' => 'web'
    'TERMINUS_HIDE_UPDATE_MESSAGE' => '1'
    'PATH' => '/home/omar/bin:/var/www/html/vendor/bin:/usr/local/sbin:/usr/local/bin:/usr/sbin:/usr/bin:/sbin:/bin:/var/www/html/bin:/mnt/ddev-global-cache/global-commands/web'
    'HOST_DOCKER_INTERNAL_IP' => ''
    'DDEV_PROJECT_TYPE' => 'craftcms'
    'DEBIAN_FRONTEND' => 'noninteractive'
    'DDEV_ROUTER_HTTPS_PORT' => '443'
    'EXECIGNORE' => '/var/www/html/vendor/bin/composer'
    'SUPERVISOR_ENABLED' => '1'
    'SUPERVISOR_SERVER_URL' => 'unix:///var/run/supervisor.sock'
    'SUPERVISOR_PROCESS_NAME' => 'php-fpm'
    'SUPERVISOR_GROUP_NAME' => 'php-fpm'
    'HTTP_X_REQUESTED_WITH' => 'XMLHttpRequest'
    'HTTP_X_REGISTERED_JS_FILES' => ''
    'HTTP_X_REGISTERED_ASSET_BUNDLES' => 'e38a2e07,22e517a2,aee7f8dc,26c46c25,e505ffd6,6b4d7555,bb2f10a0,e5e48399,815d39ea,fc0bc163,1ccab40d,1e21896b,54698ee0,b842675b,1c3c9add,4b1fd285,d8d08e47,8f00ce04,8768f48b,cf3018d6,ec6d0256,11858fc6,8550f857,6f12186f,c7a8fe38'
    'HTTP_X_REAL_IP' => '172.18.0.1'
    'HTTP_X_FORWARDED_SERVER' => '617e9e3cc3a1'
    'HTTP_X_FORWARDED_PROTO' => 'https'
    'HTTP_X_FORWARDED_PORT' => '443'
    'HTTP_X_FORWARDED_HOST' => 'derschmuckmacher-v3.ddev.site'
    'HTTP_X_FORWARDED_FOR' => '172.18.0.1'
    'HTTP_X_CSRF_TOKEN' => '••••••••••••••••••••••••••••••••••••••••••••••••••••••••••••••••••••••••••••••••••••••••••••••••••••••••••••'
    'HTTP_TE' => 'trailers'
    'HTTP_SEC_GPC' => '1'
    'HTTP_SEC_FETCH_SITE' => 'same-origin'
    'HTTP_SEC_FETCH_MODE' => 'cors'
    'HTTP_SEC_FETCH_DEST' => 'empty'
    'HTTP_REFERER' => 'https://derschmuckmacher-v3.ddev.site/dW2axQ3b/dashboard'
    'HTTP_COOKIE' => 'cookieconsent_status=allow; CRAFT_CSRF_TOKEN=c46764d17b682367679c529f1043872bbfd294280b0a6b522869cb3868f8a6a6a%3A2%3A%7Bi%3A0%3Bs%3A16%3A%22CRAFT_CSRF_TOKEN%22%3Bi%3A1%3Bs%3A40%3A%22oscGmXtgN7lH1IINFeBh9KwfL0sWDqIBBHQCFaaO%22%3B%7D; CraftSessionId=4qeribircfaeqr2afr5a2fff77; a8b7b1ec9ffb8baf2c6eaa253fe57112_username=26b9ec8568da68d3882e55afaa5d203483c6c5810ee05b5a55c8a0eb10cab93ea%3A2%3A%7Bi%3A0%3Bs%3A41%3A%22a8b7b1ec9ffb8baf2c6eaa253fe57112_username%22%3Bi%3A1%3Bs%3A8%3A%22odegiuli%22%3B%7D; Craft-3626ffc1-d0a3-42e3-98aa-37e8aa759561_sidebar=expanded'
    'HTTP_ACCEPT_LANGUAGE' => 'de,en-US;q=0.9,en;q=0.8'
    'HTTP_ACCEPT_ENCODING' => 'gzip, deflate, br, zstd'
    'HTTP_ACCEPT' => 'application/json, text/plain, */*'
    'HTTP_USER_AGENT' => 'Mozilla/5.0 (Macintosh; Intel Mac OS X 10.15; rv:150.0) Gecko/20100101 Firefox/150.0'
    'HTTP_HOST' => 'derschmuckmacher-v3.ddev.site'
    'HTTPS' => 'on'
    'REDIRECT_STATUS' => '200'
    'SERVER_NAME' => 'derschmuckmacher-v3.ddev.site'
    'SERVER_PORT' => '80'
    'SERVER_ADDR' => '172.18.0.3'
    'REMOTE_PORT' => '54028'
    'REMOTE_ADDR' => '172.18.0.5'
    'SERVER_SOFTWARE' => 'nginx/1.28.0'
    'GATEWAY_INTERFACE' => 'CGI/1.1'
    'REQUEST_SCHEME' => 'http'
    'SERVER_PROTOCOL' => 'HTTP/1.1'
    'DOCUMENT_ROOT' => '/var/www/html/web'
    'DOCUMENT_URI' => '/index.php'
    'REQUEST_URI' => '/index.php?p=dW2axQ3b%2Factions%2Fusers%2Fsession-info&dontExtendSession=1&v=1778803920995'
    'CONTENT_LENGTH' => ''
    'CONTENT_TYPE' => ''
    'REQUEST_METHOD' => 'GET'
    'QUERY_STRING' => 'p=dW2axQ3b%2Factions%2Fusers%2Fsession-info&dontExtendSession=1&v=1778803920995'
    'SCRIPT_NAME' => '/index.php'
    'SCRIPT_FILENAME' => '/var/www/html/web/index.php'
    'FCGI_ROLE' => 'RESPONDER'
    'PHP_SELF' => '/index.php'
    'REQUEST_TIME_FLOAT' => 1778803921.0165
    'REQUEST_TIME' => 1778803921
    'CRAFT_APP_ID' => 'CraftCMS--3933bc78-29f5-4b79-bcc5-c31faf0fcd20'
    'CRAFT_ENVIRONMENT' => 'dev'
    'ENVIRONMENT' => 'dev'
    'CRAFT_SECURITY_KEY' => '••••••••••••••••••••••••••••••••'
    'CP_TRIGGER' => 'dW2axQ3b'
    'CRAFT_DB_SCHEMA' => 'public'
    'CRAFT_DB_TABLE_PREFIX' => ''
    'DEV_MODE' => 'true'
    'ALLOW_ADMIN_CHANGES' => 'true'
    'DISALLOW_ROBOTS' => 'true'
    'TIMEZONE' => 'Europe/Zurich'
    'CAPTCHA_SITE_KEY' => '••••••••••••••••••••••••••••••••••••••••'
    'CAPTCHA_SECRET_KEY' => '••••••••••••••••••••••••••••••••••••••••'
    'WEB_URL' => 'https://derschmuckmacher-v3.ddev.site'
    'WEB_ROOT' => '/var/www/html/web'
    'ASSETS_BASE_URL' => 'https://derschmuckmacher-v3.ddev.site/public'
    'ASSETS_BASE_PATH' => '/var/www/html/web/public'
    'SCHMUCK_BASE_URL' => 'https://derschmuckmacher-v3.ddev.site/public/uploads/schmuck'
    'SCHMUCK_BASE_PATH' => '/var/www/html/web/public/uploads/schmuck'
    'BILDER_BASE_URL' => 'https://derschmuckmacher-v3.ddev.site/public/uploads/bilder'
    'BILDER_BASE_PATH' => '/var/www/html/web/public/uploads/bilder'
] {"environment":"dev"} 
2026-05-15 02:13:01 [web.INFO] [yii\db\Connection::open] Opening DB connection: mysql:host=db;dbname=db;port=3306 {"memory":1097536} 
2026-05-15 02:13:01 [web.INFO] [yii\web\Session::open] Session started {"memory":1517664} 
2026-05-15 02:13:01 [web.INFO] [nystudio107\codeeditor\CodeEditor::bootstrap] CodeEditor module bootstrapped {"memory":1538632} 
2026-05-15 02:13:01 [web.INFO] [adigital\cookieconsentbanner\CookieConsentBanner::init] Cookie Consent Banner plugin loaded {"memory":1753640} 
2026-05-15 02:13:01 [web.INFO] [miranj\obfuscator\Obfuscator::init] Obfuscator plugin loaded {"memory":2717712} 
2026-05-15 02:13:01 [web.INFO] [application] Request context:
$_GET = [
    'p' => 'dW2axQ3b/actions/users/session-info'
    'dontExtendSession' => '1'
    'v' => '1778803981048'
]

$_POST = []

$_FILES = []

$_COOKIE = [
    'cookieconsent_status' => 'allow'
    'CRAFT_CSRF_TOKEN' => '••••••••••••••••••••••••••••••••••••••••••••••••••••••••••••••••••••••••••••••••••••••••••••••••••••••••••••••••••••••••••••••••••••••••••••••••••••••'
    'CraftSessionId' => '4qeribircfaeqr2afr5a2fff77'
    'a8b7b1ec9ffb8baf2c6eaa253fe57112_username' => '26b9ec8568da68d3882e55afaa5d203483c6c5810ee05b5a55c8a0eb10cab93ea:2:{i:0;s:41:\"a8b7b1ec9ffb8baf2c6eaa253fe57112_username\";i:1;s:8:\"odegiuli\";}'
    'Craft-3626ffc1-d0a3-42e3-98aa-37e8aa759561_sidebar' => 'expanded'
]

$_SESSION = [
    '22b6a59deafcfb2ffb13c3adf3d98a3b__flash' => []
]

$_SERVER = [
    'DEPLOY_NAME' => 'local'
    'DDEV_WEBSERVER_TYPE' => 'nginx-fpm'
    'npm_config_cache' => '/mnt/ddev-global-cache/npm'
    'COREPACK_ENABLE_DOWNLOAD_PROMPT' => '0'
    'DDEV_GOOS' => 'darwin'
    'IS_DDEV_PROJECT' => 'true'
    'PHP_DEFAULT_VERSION' => '8.3'
    'HOSTNAME' => 'derschmuckmacher-v3-web'
    'MAILPIT_SMTP_PORT' => '1025'
    'MH_SMTP_BIND_ADDR' => '127.0.0.1:1025'
    'DDEV_PRIMARY_URL_WITHOUT_PORT' => 'https://derschmuckmacher-v3.ddev.site'
    'CRAFT_DB_PORT' => '3306'
    'SSH_AUTH_SOCK' => '/home/.ssh-agent/socket'
    'DDEV_GID' => '20'
    'NODE_EXTRA_CA_CERTS' => '/mnt/ddev-global-cache/mkcert/rootCA.pem'
    'DOCKER_IP' => '127.0.0.1'
    'PGPASSWORD' => 'db'
    'CRAFT_WEB_ROOT' => '/var/www/html/web'
    'DDEV_DOCROOT' => 'web'
    'PWD' => '/var/www/html'
    'PLATFORMSH_CLI_UPDATES_CHECK' => '0'
    'DDEV_APPROOT' => '/var/www/html'
    'DDEV_FILES_DIR' => ''
    'START_SCRIPT_TIMEOUT' => '57'
    'APACHE_SITE_TEMPLATE' => '/etc/apache2/apache-site.conf'
    'PHP_INI' => '/etc/php/8.3/fpm/php.ini'
    'DDEV_VERSION' => 'v1.24.10'
    'PRIMARY_SITE_URL' => 'https://derschmuckmacher-v3.ddev.site'
    'TZ' => 'Europe/Zurich'
    'DDEV_XHPROF_MODE' => 'prepend'
    'HTTPS_EXPOSE' => '443:80,8026:8025'
    'COREPACK_HOME' => '/mnt/ddev-global-cache/corepack'
    'CRAFT_DB_DATABASE' => 'db'
    'DDEV_PRIMARY_URL' => 'https://derschmuckmacher-v3.ddev.site'
    'LINES' => '6'
    'DDEV_SITENAME' => 'derschmuckmacher-v3'
    'HOME' => '/home/omar'
    'DRUSH_OPTIONS_URI' => 'https://derschmuckmacher-v3.ddev.site'
    'LANG' => 'C.UTF-8'
    'COLUMNS' => '371'
    'DDEV_MUTAGEN_ENABLED' => 'true'
    'DDEV_USER' => 'omar'
    'PGUSER' => 'db'
    'TERMINUS_CACHE_DIR' => '/mnt/ddev-global-cache/terminus/cache'
    'DDEV_PRIMARY_URL_PORT' => '443'
    'DDEV_ROUTER_HTTP_PORT' => '80'
    'MAILPIT_SMTP_HOSTNAME' => '127.0.0.1'
    'CRAFT_DB_DRIVER' => 'mysql'
    'COMPOSER_PROCESS_TIMEOUT' => '2000'
    'NGINX_SITE_TEMPLATE' => '/etc/nginx/nginx-site.conf'
    'DDEV_FILES_DIRS' => ''
    'CRAFT_DB_SERVER' => 'db'
    'HTTP_EXPOSE' => '80:80,8025:8025'
    'NVM_DIR' => '/home/omar/.nvm'
    'DDEV_PHP_VERSION' => '8.3'
    'DDEV_TLD' => 'ddev.site'
    'DDEV_HOSTNAME' => 'derschmuckmacher-v3.ddev.site'
    'DDEV_PROJECT' => 'derschmuckmacher-v3'
    'DDEV_GOARCH' => 'arm64'
    'VIRTUAL_HOST' => 'derschmuckmacher-v3.ddev.site'
    'TERM' => 'xterm'
    'USER' => 'omar'
    'MYSQL_HISTFILE' => '/mnt/ddev-global-cache/mysqlhistory/derschmuckmacher-v3-web/mysql_history'
    'DDEV_WEB_ENTRYPOINT' => '/mnt/ddev_config/web-entrypoint.d'
    'DDEV_UID' => '501'
    'CAROOT' => '/mnt/ddev-global-cache/mkcert'
    'SHLVL' => '1'
    'COMPOSER_ALLOW_SUPERUSER' => '1'
    'BASH_ENV' => '/etc/bash.nointeractive.bashrc'
    'DDEV_DATABASE' => 'mysql:8.0'
    'PGDATABASE' => 'db'
    'CRAFT_DB_USER' => 'db'
    'DDEV_SCHEME' => 'https'
    'XHPROF_OUTPUT_DIR' => '/tmp/xhprof'
    'COMPOSER_CACHE_DIR' => '/mnt/ddev-global-cache/composer'
    'DDEV_XDEBUG_ENABLED' => 'false'
    'DDEV_DATABASE_FAMILY' => 'mysql'
    'PGHOST' => 'db'
    'DDEV_COMPOSER_ROOT' => '/var/www/html'
    'CRAFT_DB_PASSWORD' => '••'
    'DOCROOT' => 'web'
    'TERMINUS_HIDE_UPDATE_MESSAGE' => '1'
    'PATH' => '/home/omar/bin:/var/www/html/vendor/bin:/usr/local/sbin:/usr/local/bin:/usr/sbin:/usr/bin:/sbin:/bin:/var/www/html/bin:/mnt/ddev-global-cache/global-commands/web'
    'HOST_DOCKER_INTERNAL_IP' => ''
    'DDEV_PROJECT_TYPE' => 'craftcms'
    'DEBIAN_FRONTEND' => 'noninteractive'
    'DDEV_ROUTER_HTTPS_PORT' => '443'
    'EXECIGNORE' => '/var/www/html/vendor/bin/composer'
    'SUPERVISOR_ENABLED' => '1'
    'SUPERVISOR_SERVER_URL' => 'unix:///var/run/supervisor.sock'
    'SUPERVISOR_PROCESS_NAME' => 'php-fpm'
    'SUPERVISOR_GROUP_NAME' => 'php-fpm'
    'HTTP_X_REQUESTED_WITH' => 'XMLHttpRequest'
    'HTTP_X_REGISTERED_JS_FILES' => ''
    'HTTP_X_REGISTERED_ASSET_BUNDLES' => 'e38a2e07,22e517a2,aee7f8dc,26c46c25,e505ffd6,6b4d7555,bb2f10a0,e5e48399,815d39ea,fc0bc163,1ccab40d,1e21896b,54698ee0,b842675b,1c3c9add,4b1fd285,d8d08e47,8f00ce04,8768f48b,cf3018d6,ec6d0256,11858fc6,8550f857,6f12186f,c7a8fe38'
    'HTTP_X_REAL_IP' => '172.18.0.1'
    'HTTP_X_FORWARDED_SERVER' => '617e9e3cc3a1'
    'HTTP_X_FORWARDED_PROTO' => 'https'
    'HTTP_X_FORWARDED_PORT' => '443'
    'HTTP_X_FORWARDED_HOST' => 'derschmuckmacher-v3.ddev.site'
    'HTTP_X_FORWARDED_FOR' => '172.18.0.1'
    'HTTP_X_CSRF_TOKEN' => '••••••••••••••••••••••••••••••••••••••••••••••••••••••••••••••••••••••••••••••••••••••••••••••••••••••••••••'
    'HTTP_TE' => 'trailers'
    'HTTP_SEC_GPC' => '1'
    'HTTP_SEC_FETCH_SITE' => 'same-origin'
    'HTTP_SEC_FETCH_MODE' => 'cors'
    'HTTP_SEC_FETCH_DEST' => 'empty'
    'HTTP_REFERER' => 'https://derschmuckmacher-v3.ddev.site/dW2axQ3b/dashboard'
    'HTTP_COOKIE' => 'cookieconsent_status=allow; CRAFT_CSRF_TOKEN=c46764d17b682367679c529f1043872bbfd294280b0a6b522869cb3868f8a6a6a%3A2%3A%7Bi%3A0%3Bs%3A16%3A%22CRAFT_CSRF_TOKEN%22%3Bi%3A1%3Bs%3A40%3A%22oscGmXtgN7lH1IINFeBh9KwfL0sWDqIBBHQCFaaO%22%3B%7D; CraftSessionId=4qeribircfaeqr2afr5a2fff77; a8b7b1ec9ffb8baf2c6eaa253fe57112_username=26b9ec8568da68d3882e55afaa5d203483c6c5810ee05b5a55c8a0eb10cab93ea%3A2%3A%7Bi%3A0%3Bs%3A41%3A%22a8b7b1ec9ffb8baf2c6eaa253fe57112_username%22%3Bi%3A1%3Bs%3A8%3A%22odegiuli%22%3B%7D; Craft-3626ffc1-d0a3-42e3-98aa-37e8aa759561_sidebar=expanded'
    'HTTP_ACCEPT_LANGUAGE' => 'de,en-US;q=0.9,en;q=0.8'
    'HTTP_ACCEPT_ENCODING' => 'gzip, deflate, br, zstd'
    'HTTP_ACCEPT' => 'application/json, text/plain, */*'
    'HTTP_USER_AGENT' => 'Mozilla/5.0 (Macintosh; Intel Mac OS X 10.15; rv:150.0) Gecko/20100101 Firefox/150.0'
    'HTTP_HOST' => 'derschmuckmacher-v3.ddev.site'
    'HTTPS' => 'on'
    'REDIRECT_STATUS' => '200'
    'SERVER_NAME' => 'derschmuckmacher-v3.ddev.site'
    'SERVER_PORT' => '80'
    'SERVER_ADDR' => '172.18.0.3'
    'REMOTE_PORT' => '43764'
    'REMOTE_ADDR' => '172.18.0.5'
    'SERVER_SOFTWARE' => 'nginx/1.28.0'
    'GATEWAY_INTERFACE' => 'CGI/1.1'
    'REQUEST_SCHEME' => 'http'
    'SERVER_PROTOCOL' => 'HTTP/1.1'
    'DOCUMENT_ROOT' => '/var/www/html/web'
    'DOCUMENT_URI' => '/index.php'
    'REQUEST_URI' => '/index.php?p=dW2axQ3b%2Factions%2Fusers%2Fsession-info&dontExtendSession=1&v=1778803981048'
    'CONTENT_LENGTH' => ''
    'CONTENT_TYPE' => ''
    'REQUEST_METHOD' => 'GET'
    'QUERY_STRING' => 'p=dW2axQ3b%2Factions%2Fusers%2Fsession-info&dontExtendSession=1&v=1778803981048'
    'SCRIPT_NAME' => '/index.php'
    'SCRIPT_FILENAME' => '/var/www/html/web/index.php'
    'FCGI_ROLE' => 'RESPONDER'
    'PHP_SELF' => '/index.php'
    'REQUEST_TIME_FLOAT' => 1778803981.0864
    'REQUEST_TIME' => 1778803981
    'CRAFT_APP_ID' => 'CraftCMS--3933bc78-29f5-4b79-bcc5-c31faf0fcd20'
    'CRAFT_ENVIRONMENT' => 'dev'
    'ENVIRONMENT' => 'dev'
    'CRAFT_SECURITY_KEY' => '••••••••••••••••••••••••••••••••'
    'CP_TRIGGER' => 'dW2axQ3b'
    'CRAFT_DB_SCHEMA' => 'public'
    'CRAFT_DB_TABLE_PREFIX' => ''
    'DEV_MODE' => 'true'
    'ALLOW_ADMIN_CHANGES' => 'true'
    'DISALLOW_ROBOTS' => 'true'
    'TIMEZONE' => 'Europe/Zurich'
    'CAPTCHA_SITE_KEY' => '••••••••••••••••••••••••••••••••••••••••'
    'CAPTCHA_SECRET_KEY' => '••••••••••••••••••••••••••••••••••••••••'
    'WEB_URL' => 'https://derschmuckmacher-v3.ddev.site'
    'WEB_ROOT' => '/var/www/html/web'
    'ASSETS_BASE_URL' => 'https://derschmuckmacher-v3.ddev.site/public'
    'ASSETS_BASE_PATH' => '/var/www/html/web/public'
    'SCHMUCK_BASE_URL' => 'https://derschmuckmacher-v3.ddev.site/public/uploads/schmuck'
    'SCHMUCK_BASE_PATH' => '/var/www/html/web/public/uploads/schmuck'
    'BILDER_BASE_URL' => 'https://derschmuckmacher-v3.ddev.site/public/uploads/bilder'
    'BILDER_BASE_PATH' => '/var/www/html/web/public/uploads/bilder'
] {"environment":"dev"} 
2026-05-15 02:14:01 [web.INFO] [yii\db\Connection::open] Opening DB connection: mysql:host=db;dbname=db;port=3306 {"memory":1097536} 
2026-05-15 02:14:01 [web.INFO] [yii\web\Session::open] Session started {"memory":1517664} 
2026-05-15 02:14:01 [web.INFO] [nystudio107\codeeditor\CodeEditor::bootstrap] CodeEditor module bootstrapped {"memory":1538632} 
2026-05-15 02:14:01 [web.INFO] [adigital\cookieconsentbanner\CookieConsentBanner::init] Cookie Consent Banner plugin loaded {"memory":1753640} 
2026-05-15 02:14:01 [web.INFO] [miranj\obfuscator\Obfuscator::init] Obfuscator plugin loaded {"memory":2717712} 
2026-05-15 02:14:01 [web.INFO] [application] Request context:
$_GET = [
    'p' => 'dW2axQ3b/actions/users/session-info'
    'dontExtendSession' => '1'
    'v' => '1778804041305'
]

$_POST = []

$_FILES = []

$_COOKIE = [
    'cookieconsent_status' => 'allow'
    'CRAFT_CSRF_TOKEN' => '••••••••••••••••••••••••••••••••••••••••••••••••••••••••••••••••••••••••••••••••••••••••••••••••••••••••••••••••••••••••••••••••••••••••••••••••••••••'
    'CraftSessionId' => '4qeribircfaeqr2afr5a2fff77'
    'a8b7b1ec9ffb8baf2c6eaa253fe57112_username' => '26b9ec8568da68d3882e55afaa5d203483c6c5810ee05b5a55c8a0eb10cab93ea:2:{i:0;s:41:\"a8b7b1ec9ffb8baf2c6eaa253fe57112_username\";i:1;s:8:\"odegiuli\";}'
    'Craft-3626ffc1-d0a3-42e3-98aa-37e8aa759561_sidebar' => 'expanded'
]

$_SESSION = [
    '22b6a59deafcfb2ffb13c3adf3d98a3b__flash' => []
]

$_SERVER = [
    'DEPLOY_NAME' => 'local'
    'DDEV_WEBSERVER_TYPE' => 'nginx-fpm'
    'npm_config_cache' => '/mnt/ddev-global-cache/npm'
    'COREPACK_ENABLE_DOWNLOAD_PROMPT' => '0'
    'DDEV_GOOS' => 'darwin'
    'IS_DDEV_PROJECT' => 'true'
    'PHP_DEFAULT_VERSION' => '8.3'
    'HOSTNAME' => 'derschmuckmacher-v3-web'
    'MAILPIT_SMTP_PORT' => '1025'
    'MH_SMTP_BIND_ADDR' => '127.0.0.1:1025'
    'DDEV_PRIMARY_URL_WITHOUT_PORT' => 'https://derschmuckmacher-v3.ddev.site'
    'CRAFT_DB_PORT' => '3306'
    'SSH_AUTH_SOCK' => '/home/.ssh-agent/socket'
    'DDEV_GID' => '20'
    'NODE_EXTRA_CA_CERTS' => '/mnt/ddev-global-cache/mkcert/rootCA.pem'
    'DOCKER_IP' => '127.0.0.1'
    'PGPASSWORD' => 'db'
    'CRAFT_WEB_ROOT' => '/var/www/html/web'
    'DDEV_DOCROOT' => 'web'
    'PWD' => '/var/www/html'
    'PLATFORMSH_CLI_UPDATES_CHECK' => '0'
    'DDEV_APPROOT' => '/var/www/html'
    'DDEV_FILES_DIR' => ''
    'START_SCRIPT_TIMEOUT' => '57'
    'APACHE_SITE_TEMPLATE' => '/etc/apache2/apache-site.conf'
    'PHP_INI' => '/etc/php/8.3/fpm/php.ini'
    'DDEV_VERSION' => 'v1.24.10'
    'PRIMARY_SITE_URL' => 'https://derschmuckmacher-v3.ddev.site'
    'TZ' => 'Europe/Zurich'
    'DDEV_XHPROF_MODE' => 'prepend'
    'HTTPS_EXPOSE' => '443:80,8026:8025'
    'COREPACK_HOME' => '/mnt/ddev-global-cache/corepack'
    'CRAFT_DB_DATABASE' => 'db'
    'DDEV_PRIMARY_URL' => 'https://derschmuckmacher-v3.ddev.site'
    'LINES' => '6'
    'DDEV_SITENAME' => 'derschmuckmacher-v3'
    'HOME' => '/home/omar'
    'DRUSH_OPTIONS_URI' => 'https://derschmuckmacher-v3.ddev.site'
    'LANG' => 'C.UTF-8'
    'COLUMNS' => '371'
    'DDEV_MUTAGEN_ENABLED' => 'true'
    'DDEV_USER' => 'omar'
    'PGUSER' => 'db'
    'TERMINUS_CACHE_DIR' => '/mnt/ddev-global-cache/terminus/cache'
    'DDEV_PRIMARY_URL_PORT' => '443'
    'DDEV_ROUTER_HTTP_PORT' => '80'
    'MAILPIT_SMTP_HOSTNAME' => '127.0.0.1'
    'CRAFT_DB_DRIVER' => 'mysql'
    'COMPOSER_PROCESS_TIMEOUT' => '2000'
    'NGINX_SITE_TEMPLATE' => '/etc/nginx/nginx-site.conf'
    'DDEV_FILES_DIRS' => ''
    'CRAFT_DB_SERVER' => 'db'
    'HTTP_EXPOSE' => '80:80,8025:8025'
    'NVM_DIR' => '/home/omar/.nvm'
    'DDEV_PHP_VERSION' => '8.3'
    'DDEV_TLD' => 'ddev.site'
    'DDEV_HOSTNAME' => 'derschmuckmacher-v3.ddev.site'
    'DDEV_PROJECT' => 'derschmuckmacher-v3'
    'DDEV_GOARCH' => 'arm64'
    'VIRTUAL_HOST' => 'derschmuckmacher-v3.ddev.site'
    'TERM' => 'xterm'
    'USER' => 'omar'
    'MYSQL_HISTFILE' => '/mnt/ddev-global-cache/mysqlhistory/derschmuckmacher-v3-web/mysql_history'
    'DDEV_WEB_ENTRYPOINT' => '/mnt/ddev_config/web-entrypoint.d'
    'DDEV_UID' => '501'
    'CAROOT' => '/mnt/ddev-global-cache/mkcert'
    'SHLVL' => '1'
    'COMPOSER_ALLOW_SUPERUSER' => '1'
    'BASH_ENV' => '/etc/bash.nointeractive.bashrc'
    'DDEV_DATABASE' => 'mysql:8.0'
    'PGDATABASE' => 'db'
    'CRAFT_DB_USER' => 'db'
    'DDEV_SCHEME' => 'https'
    'XHPROF_OUTPUT_DIR' => '/tmp/xhprof'
    'COMPOSER_CACHE_DIR' => '/mnt/ddev-global-cache/composer'
    'DDEV_XDEBUG_ENABLED' => 'false'
    'DDEV_DATABASE_FAMILY' => 'mysql'
    'PGHOST' => 'db'
    'DDEV_COMPOSER_ROOT' => '/var/www/html'
    'CRAFT_DB_PASSWORD' => '••'
    'DOCROOT' => 'web'
    'TERMINUS_HIDE_UPDATE_MESSAGE' => '1'
    'PATH' => '/home/omar/bin:/var/www/html/vendor/bin:/usr/local/sbin:/usr/local/bin:/usr/sbin:/usr/bin:/sbin:/bin:/var/www/html/bin:/mnt/ddev-global-cache/global-commands/web'
    'HOST_DOCKER_INTERNAL_IP' => ''
    'DDEV_PROJECT_TYPE' => 'craftcms'
    'DEBIAN_FRONTEND' => 'noninteractive'
    'DDEV_ROUTER_HTTPS_PORT' => '443'
    'EXECIGNORE' => '/var/www/html/vendor/bin/composer'
    'SUPERVISOR_ENABLED' => '1'
    'SUPERVISOR_SERVER_URL' => 'unix:///var/run/supervisor.sock'
    'SUPERVISOR_PROCESS_NAME' => 'php-fpm'
    'SUPERVISOR_GROUP_NAME' => 'php-fpm'
    'HTTP_X_REQUESTED_WITH' => 'XMLHttpRequest'
    'HTTP_X_REGISTERED_JS_FILES' => ''
    'HTTP_X_REGISTERED_ASSET_BUNDLES' => 'e38a2e07,22e517a2,aee7f8dc,26c46c25,e505ffd6,6b4d7555,bb2f10a0,e5e48399,815d39ea,fc0bc163,1ccab40d,1e21896b,54698ee0,b842675b,1c3c9add,4b1fd285,d8d08e47,8f00ce04,8768f48b,cf3018d6,ec6d0256,11858fc6,8550f857,6f12186f,c7a8fe38'
    'HTTP_X_REAL_IP' => '172.18.0.1'
    'HTTP_X_FORWARDED_SERVER' => '617e9e3cc3a1'
    'HTTP_X_FORWARDED_PROTO' => 'https'
    'HTTP_X_FORWARDED_PORT' => '443'
    'HTTP_X_FORWARDED_HOST' => 'derschmuckmacher-v3.ddev.site'
    'HTTP_X_FORWARDED_FOR' => '172.18.0.1'
    'HTTP_X_CSRF_TOKEN' => '••••••••••••••••••••••••••••••••••••••••••••••••••••••••••••••••••••••••••••••••••••••••••••••••••••••••••••'
    'HTTP_TE' => 'trailers'
    'HTTP_SEC_GPC' => '1'
    'HTTP_SEC_FETCH_SITE' => 'same-origin'
    'HTTP_SEC_FETCH_MODE' => 'cors'
    'HTTP_SEC_FETCH_DEST' => 'empty'
    'HTTP_REFERER' => 'https://derschmuckmacher-v3.ddev.site/dW2axQ3b/dashboard'
    'HTTP_COOKIE' => 'cookieconsent_status=allow; CRAFT_CSRF_TOKEN=c46764d17b682367679c529f1043872bbfd294280b0a6b522869cb3868f8a6a6a%3A2%3A%7Bi%3A0%3Bs%3A16%3A%22CRAFT_CSRF_TOKEN%22%3Bi%3A1%3Bs%3A40%3A%22oscGmXtgN7lH1IINFeBh9KwfL0sWDqIBBHQCFaaO%22%3B%7D; CraftSessionId=4qeribircfaeqr2afr5a2fff77; a8b7b1ec9ffb8baf2c6eaa253fe57112_username=26b9ec8568da68d3882e55afaa5d203483c6c5810ee05b5a55c8a0eb10cab93ea%3A2%3A%7Bi%3A0%3Bs%3A41%3A%22a8b7b1ec9ffb8baf2c6eaa253fe57112_username%22%3Bi%3A1%3Bs%3A8%3A%22odegiuli%22%3B%7D; Craft-3626ffc1-d0a3-42e3-98aa-37e8aa759561_sidebar=expanded'
    'HTTP_ACCEPT_LANGUAGE' => 'de,en-US;q=0.9,en;q=0.8'
    'HTTP_ACCEPT_ENCODING' => 'gzip, deflate, br, zstd'
    'HTTP_ACCEPT' => 'application/json, text/plain, */*'
    'HTTP_USER_AGENT' => 'Mozilla/5.0 (Macintosh; Intel Mac OS X 10.15; rv:150.0) Gecko/20100101 Firefox/150.0'
    'HTTP_HOST' => 'derschmuckmacher-v3.ddev.site'
    'HTTPS' => 'on'
    'REDIRECT_STATUS' => '200'
    'SERVER_NAME' => 'derschmuckmacher-v3.ddev.site'
    'SERVER_PORT' => '80'
    'SERVER_ADDR' => '172.18.0.3'
    'REMOTE_PORT' => '54308'
    'REMOTE_ADDR' => '172.18.0.5'
    'SERVER_SOFTWARE' => 'nginx/1.28.0'
    'GATEWAY_INTERFACE' => 'CGI/1.1'
    'REQUEST_SCHEME' => 'http'
    'SERVER_PROTOCOL' => 'HTTP/1.1'
    'DOCUMENT_ROOT' => '/var/www/html/web'
    'DOCUMENT_URI' => '/index.php'
    'REQUEST_URI' => '/index.php?p=dW2axQ3b%2Factions%2Fusers%2Fsession-info&dontExtendSession=1&v=1778804041305'
    'CONTENT_LENGTH' => ''
    'CONTENT_TYPE' => ''
    'REQUEST_METHOD' => 'GET'
    'QUERY_STRING' => 'p=dW2axQ3b%2Factions%2Fusers%2Fsession-info&dontExtendSession=1&v=1778804041305'
    'SCRIPT_NAME' => '/index.php'
    'SCRIPT_FILENAME' => '/var/www/html/web/index.php'
    'FCGI_ROLE' => 'RESPONDER'
    'PHP_SELF' => '/index.php'
    'REQUEST_TIME_FLOAT' => 1778804041.3276
    'REQUEST_TIME' => 1778804041
    'CRAFT_APP_ID' => 'CraftCMS--3933bc78-29f5-4b79-bcc5-c31faf0fcd20'
    'CRAFT_ENVIRONMENT' => 'dev'
    'ENVIRONMENT' => 'dev'
    'CRAFT_SECURITY_KEY' => '••••••••••••••••••••••••••••••••'
    'CP_TRIGGER' => 'dW2axQ3b'
    'CRAFT_DB_SCHEMA' => 'public'
    'CRAFT_DB_TABLE_PREFIX' => ''
    'DEV_MODE' => 'true'
    'ALLOW_ADMIN_CHANGES' => 'true'
    'DISALLOW_ROBOTS' => 'true'
    'TIMEZONE' => 'Europe/Zurich'
    'CAPTCHA_SITE_KEY' => '••••••••••••••••••••••••••••••••••••••••'
    'CAPTCHA_SECRET_KEY' => '••••••••••••••••••••••••••••••••••••••••'
    'WEB_URL' => 'https://derschmuckmacher-v3.ddev.site'
    'WEB_ROOT' => '/var/www/html/web'
    'ASSETS_BASE_URL' => 'https://derschmuckmacher-v3.ddev.site/public'
    'ASSETS_BASE_PATH' => '/var/www/html/web/public'
    'SCHMUCK_BASE_URL' => 'https://derschmuckmacher-v3.ddev.site/public/uploads/schmuck'
    'SCHMUCK_BASE_PATH' => '/var/www/html/web/public/uploads/schmuck'
    'BILDER_BASE_URL' => 'https://derschmuckmacher-v3.ddev.site/public/uploads/bilder'
    'BILDER_BASE_PATH' => '/var/www/html/web/public/uploads/bilder'
] {"environment":"dev"} 
2026-05-15 02:15:01 [web.INFO] [yii\db\Connection::open] Opening DB connection: mysql:host=db;dbname=db;port=3306 {"memory":1097536} 
2026-05-15 02:15:01 [web.INFO] [yii\web\Session::open] Session started {"memory":1517664} 
2026-05-15 02:15:01 [web.INFO] [nystudio107\codeeditor\CodeEditor::bootstrap] CodeEditor module bootstrapped {"memory":1538632} 
2026-05-15 02:15:01 [web.INFO] [adigital\cookieconsentbanner\CookieConsentBanner::init] Cookie Consent Banner plugin loaded {"memory":1753640} 
2026-05-15 02:15:01 [web.INFO] [miranj\obfuscator\Obfuscator::init] Obfuscator plugin loaded {"memory":2717712} 
2026-05-15 02:15:01 [web.INFO] [application] Request context:
$_GET = [
    'p' => 'dW2axQ3b/actions/users/session-info'
    'dontExtendSession' => '1'
    'v' => '1778804101379'
]

$_POST = []

$_FILES = []

$_COOKIE = [
    'cookieconsent_status' => 'allow'
    'CRAFT_CSRF_TOKEN' => '••••••••••••••••••••••••••••••••••••••••••••••••••••••••••••••••••••••••••••••••••••••••••••••••••••••••••••••••••••••••••••••••••••••••••••••••••••••'
    'CraftSessionId' => '4qeribircfaeqr2afr5a2fff77'
    'a8b7b1ec9ffb8baf2c6eaa253fe57112_username' => '26b9ec8568da68d3882e55afaa5d203483c6c5810ee05b5a55c8a0eb10cab93ea:2:{i:0;s:41:\"a8b7b1ec9ffb8baf2c6eaa253fe57112_username\";i:1;s:8:\"odegiuli\";}'
    'Craft-3626ffc1-d0a3-42e3-98aa-37e8aa759561_sidebar' => 'expanded'
]

$_SESSION = [
    '22b6a59deafcfb2ffb13c3adf3d98a3b__flash' => []
]

$_SERVER = [
    'DEPLOY_NAME' => 'local'
    'DDEV_WEBSERVER_TYPE' => 'nginx-fpm'
    'npm_config_cache' => '/mnt/ddev-global-cache/npm'
    'COREPACK_ENABLE_DOWNLOAD_PROMPT' => '0'
    'DDEV_GOOS' => 'darwin'
    'IS_DDEV_PROJECT' => 'true'
    'PHP_DEFAULT_VERSION' => '8.3'
    'HOSTNAME' => 'derschmuckmacher-v3-web'
    'MAILPIT_SMTP_PORT' => '1025'
    'MH_SMTP_BIND_ADDR' => '127.0.0.1:1025'
    'DDEV_PRIMARY_URL_WITHOUT_PORT' => 'https://derschmuckmacher-v3.ddev.site'
    'CRAFT_DB_PORT' => '3306'
    'SSH_AUTH_SOCK' => '/home/.ssh-agent/socket'
    'DDEV_GID' => '20'
    'NODE_EXTRA_CA_CERTS' => '/mnt/ddev-global-cache/mkcert/rootCA.pem'
    'DOCKER_IP' => '127.0.0.1'
    'PGPASSWORD' => 'db'
    'CRAFT_WEB_ROOT' => '/var/www/html/web'
    'DDEV_DOCROOT' => 'web'
    'PWD' => '/var/www/html'
    'PLATFORMSH_CLI_UPDATES_CHECK' => '0'
    'DDEV_APPROOT' => '/var/www/html'
    'DDEV_FILES_DIR' => ''
    'START_SCRIPT_TIMEOUT' => '57'
    'APACHE_SITE_TEMPLATE' => '/etc/apache2/apache-site.conf'
    'PHP_INI' => '/etc/php/8.3/fpm/php.ini'
    'DDEV_VERSION' => 'v1.24.10'
    'PRIMARY_SITE_URL' => 'https://derschmuckmacher-v3.ddev.site'
    'TZ' => 'Europe/Zurich'
    'DDEV_XHPROF_MODE' => 'prepend'
    'HTTPS_EXPOSE' => '443:80,8026:8025'
    'COREPACK_HOME' => '/mnt/ddev-global-cache/corepack'
    'CRAFT_DB_DATABASE' => 'db'
    'DDEV_PRIMARY_URL' => 'https://derschmuckmacher-v3.ddev.site'
    'LINES' => '6'
    'DDEV_SITENAME' => 'derschmuckmacher-v3'
    'HOME' => '/home/omar'
    'DRUSH_OPTIONS_URI' => 'https://derschmuckmacher-v3.ddev.site'
    'LANG' => 'C.UTF-8'
    'COLUMNS' => '371'
    'DDEV_MUTAGEN_ENABLED' => 'true'
    'DDEV_USER' => 'omar'
    'PGUSER' => 'db'
    'TERMINUS_CACHE_DIR' => '/mnt/ddev-global-cache/terminus/cache'
    'DDEV_PRIMARY_URL_PORT' => '443'
    'DDEV_ROUTER_HTTP_PORT' => '80'
    'MAILPIT_SMTP_HOSTNAME' => '127.0.0.1'
    'CRAFT_DB_DRIVER' => 'mysql'
    'COMPOSER_PROCESS_TIMEOUT' => '2000'
    'NGINX_SITE_TEMPLATE' => '/etc/nginx/nginx-site.conf'
    'DDEV_FILES_DIRS' => ''
    'CRAFT_DB_SERVER' => 'db'
    'HTTP_EXPOSE' => '80:80,8025:8025'
    'NVM_DIR' => '/home/omar/.nvm'
    'DDEV_PHP_VERSION' => '8.3'
    'DDEV_TLD' => 'ddev.site'
    'DDEV_HOSTNAME' => 'derschmuckmacher-v3.ddev.site'
    'DDEV_PROJECT' => 'derschmuckmacher-v3'
    'DDEV_GOARCH' => 'arm64'
    'VIRTUAL_HOST' => 'derschmuckmacher-v3.ddev.site'
    'TERM' => 'xterm'
    'USER' => 'omar'
    'MYSQL_HISTFILE' => '/mnt/ddev-global-cache/mysqlhistory/derschmuckmacher-v3-web/mysql_history'
    'DDEV_WEB_ENTRYPOINT' => '/mnt/ddev_config/web-entrypoint.d'
    'DDEV_UID' => '501'
    'CAROOT' => '/mnt/ddev-global-cache/mkcert'
    'SHLVL' => '1'
    'COMPOSER_ALLOW_SUPERUSER' => '1'
    'BASH_ENV' => '/etc/bash.nointeractive.bashrc'
    'DDEV_DATABASE' => 'mysql:8.0'
    'PGDATABASE' => 'db'
    'CRAFT_DB_USER' => 'db'
    'DDEV_SCHEME' => 'https'
    'XHPROF_OUTPUT_DIR' => '/tmp/xhprof'
    'COMPOSER_CACHE_DIR' => '/mnt/ddev-global-cache/composer'
    'DDEV_XDEBUG_ENABLED' => 'false'
    'DDEV_DATABASE_FAMILY' => 'mysql'
    'PGHOST' => 'db'
    'DDEV_COMPOSER_ROOT' => '/var/www/html'
    'CRAFT_DB_PASSWORD' => '••'
    'DOCROOT' => 'web'
    'TERMINUS_HIDE_UPDATE_MESSAGE' => '1'
    'PATH' => '/home/omar/bin:/var/www/html/vendor/bin:/usr/local/sbin:/usr/local/bin:/usr/sbin:/usr/bin:/sbin:/bin:/var/www/html/bin:/mnt/ddev-global-cache/global-commands/web'
    'HOST_DOCKER_INTERNAL_IP' => ''
    'DDEV_PROJECT_TYPE' => 'craftcms'
    'DEBIAN_FRONTEND' => 'noninteractive'
    'DDEV_ROUTER_HTTPS_PORT' => '443'
    'EXECIGNORE' => '/var/www/html/vendor/bin/composer'
    'SUPERVISOR_ENABLED' => '1'
    'SUPERVISOR_SERVER_URL' => 'unix:///var/run/supervisor.sock'
    'SUPERVISOR_PROCESS_NAME' => 'php-fpm'
    'SUPERVISOR_GROUP_NAME' => 'php-fpm'
    'HTTP_X_REQUESTED_WITH' => 'XMLHttpRequest'
    'HTTP_X_REGISTERED_JS_FILES' => ''
    'HTTP_X_REGISTERED_ASSET_BUNDLES' => 'e38a2e07,22e517a2,aee7f8dc,26c46c25,e505ffd6,6b4d7555,bb2f10a0,e5e48399,815d39ea,fc0bc163,1ccab40d,1e21896b,54698ee0,b842675b,1c3c9add,4b1fd285,d8d08e47,8f00ce04,8768f48b,cf3018d6,ec6d0256,11858fc6,8550f857,6f12186f,c7a8fe38'
    'HTTP_X_REAL_IP' => '172.18.0.1'
    'HTTP_X_FORWARDED_SERVER' => '617e9e3cc3a1'
    'HTTP_X_FORWARDED_PROTO' => 'https'
    'HTTP_X_FORWARDED_PORT' => '443'
    'HTTP_X_FORWARDED_HOST' => 'derschmuckmacher-v3.ddev.site'
    'HTTP_X_FORWARDED_FOR' => '172.18.0.1'
    'HTTP_X_CSRF_TOKEN' => '••••••••••••••••••••••••••••••••••••••••••••••••••••••••••••••••••••••••••••••••••••••••••••••••••••••••••••'
    'HTTP_TE' => 'trailers'
    'HTTP_SEC_GPC' => '1'
    'HTTP_SEC_FETCH_SITE' => 'same-origin'
    'HTTP_SEC_FETCH_MODE' => 'cors'
    'HTTP_SEC_FETCH_DEST' => 'empty'
    'HTTP_REFERER' => 'https://derschmuckmacher-v3.ddev.site/dW2axQ3b/dashboard'
    'HTTP_COOKIE' => 'cookieconsent_status=allow; CRAFT_CSRF_TOKEN=c46764d17b682367679c529f1043872bbfd294280b0a6b522869cb3868f8a6a6a%3A2%3A%7Bi%3A0%3Bs%3A16%3A%22CRAFT_CSRF_TOKEN%22%3Bi%3A1%3Bs%3A40%3A%22oscGmXtgN7lH1IINFeBh9KwfL0sWDqIBBHQCFaaO%22%3B%7D; CraftSessionId=4qeribircfaeqr2afr5a2fff77; a8b7b1ec9ffb8baf2c6eaa253fe57112_username=26b9ec8568da68d3882e55afaa5d203483c6c5810ee05b5a55c8a0eb10cab93ea%3A2%3A%7Bi%3A0%3Bs%3A41%3A%22a8b7b1ec9ffb8baf2c6eaa253fe57112_username%22%3Bi%3A1%3Bs%3A8%3A%22odegiuli%22%3B%7D; Craft-3626ffc1-d0a3-42e3-98aa-37e8aa759561_sidebar=expanded'
    'HTTP_ACCEPT_LANGUAGE' => 'de,en-US;q=0.9,en;q=0.8'
    'HTTP_ACCEPT_ENCODING' => 'gzip, deflate, br, zstd'
    'HTTP_ACCEPT' => 'application/json, text/plain, */*'
    'HTTP_USER_AGENT' => 'Mozilla/5.0 (Macintosh; Intel Mac OS X 10.15; rv:150.0) Gecko/20100101 Firefox/150.0'
    'HTTP_HOST' => 'derschmuckmacher-v3.ddev.site'
    'HTTPS' => 'on'
    'REDIRECT_STATUS' => '200'
    'SERVER_NAME' => 'derschmuckmacher-v3.ddev.site'
    'SERVER_PORT' => '80'
    'SERVER_ADDR' => '172.18.0.3'
    'REMOTE_PORT' => '50696'
    'REMOTE_ADDR' => '172.18.0.5'
    'SERVER_SOFTWARE' => 'nginx/1.28.0'
    'GATEWAY_INTERFACE' => 'CGI/1.1'
    'REQUEST_SCHEME' => 'http'
    'SERVER_PROTOCOL' => 'HTTP/1.1'
    'DOCUMENT_ROOT' => '/var/www/html/web'
    'DOCUMENT_URI' => '/index.php'
    'REQUEST_URI' => '/index.php?p=dW2axQ3b%2Factions%2Fusers%2Fsession-info&dontExtendSession=1&v=1778804101379'
    'CONTENT_LENGTH' => ''
    'CONTENT_TYPE' => ''
    'REQUEST_METHOD' => 'GET'
    'QUERY_STRING' => 'p=dW2axQ3b%2Factions%2Fusers%2Fsession-info&dontExtendSession=1&v=1778804101379'
    'SCRIPT_NAME' => '/index.php'
    'SCRIPT_FILENAME' => '/var/www/html/web/index.php'
    'FCGI_ROLE' => 'RESPONDER'
    'PHP_SELF' => '/index.php'
    'REQUEST_TIME_FLOAT' => 1778804101.402
    'REQUEST_TIME' => 1778804101
    'CRAFT_APP_ID' => 'CraftCMS--3933bc78-29f5-4b79-bcc5-c31faf0fcd20'
    'CRAFT_ENVIRONMENT' => 'dev'
    'ENVIRONMENT' => 'dev'
    'CRAFT_SECURITY_KEY' => '••••••••••••••••••••••••••••••••'
    'CP_TRIGGER' => 'dW2axQ3b'
    'CRAFT_DB_SCHEMA' => 'public'
    'CRAFT_DB_TABLE_PREFIX' => ''
    'DEV_MODE' => 'true'
    'ALLOW_ADMIN_CHANGES' => 'true'
    'DISALLOW_ROBOTS' => 'true'
    'TIMEZONE' => 'Europe/Zurich'
    'CAPTCHA_SITE_KEY' => '••••••••••••••••••••••••••••••••••••••••'
    'CAPTCHA_SECRET_KEY' => '••••••••••••••••••••••••••••••••••••••••'
    'WEB_URL' => 'https://derschmuckmacher-v3.ddev.site'
    'WEB_ROOT' => '/var/www/html/web'
    'ASSETS_BASE_URL' => 'https://derschmuckmacher-v3.ddev.site/public'
    'ASSETS_BASE_PATH' => '/var/www/html/web/public'
    'SCHMUCK_BASE_URL' => 'https://derschmuckmacher-v3.ddev.site/public/uploads/schmuck'
    'SCHMUCK_BASE_PATH' => '/var/www/html/web/public/uploads/schmuck'
    'BILDER_BASE_URL' => 'https://derschmuckmacher-v3.ddev.site/public/uploads/bilder'
    'BILDER_BASE_PATH' => '/var/www/html/web/public/uploads/bilder'
] {"environment":"dev"} 
2026-05-15 02:16:02 [web.INFO] [yii\db\Connection::open] Opening DB connection: mysql:host=db;dbname=db;port=3306 {"memory":1097536} 
2026-05-15 02:16:02 [web.INFO] [yii\web\Session::open] Session started {"memory":1517664} 
2026-05-15 02:16:02 [web.INFO] [nystudio107\codeeditor\CodeEditor::bootstrap] CodeEditor module bootstrapped {"memory":1538632} 
2026-05-15 02:16:02 [web.INFO] [adigital\cookieconsentbanner\CookieConsentBanner::init] Cookie Consent Banner plugin loaded {"memory":1753640} 
2026-05-15 02:16:02 [web.INFO] [miranj\obfuscator\Obfuscator::init] Obfuscator plugin loaded {"memory":2717712} 
2026-05-15 02:16:02 [web.INFO] [application] Request context:
$_GET = [
    'p' => 'dW2axQ3b/actions/users/session-info'
    'dontExtendSession' => '1'
    'v' => '1778804162007'
]

$_POST = []

$_FILES = []

$_COOKIE = [
    'cookieconsent_status' => 'allow'
    'CRAFT_CSRF_TOKEN' => '••••••••••••••••••••••••••••••••••••••••••••••••••••••••••••••••••••••••••••••••••••••••••••••••••••••••••••••••••••••••••••••••••••••••••••••••••••••'
    'CraftSessionId' => '4qeribircfaeqr2afr5a2fff77'
    'a8b7b1ec9ffb8baf2c6eaa253fe57112_username' => '26b9ec8568da68d3882e55afaa5d203483c6c5810ee05b5a55c8a0eb10cab93ea:2:{i:0;s:41:\"a8b7b1ec9ffb8baf2c6eaa253fe57112_username\";i:1;s:8:\"odegiuli\";}'
    'Craft-3626ffc1-d0a3-42e3-98aa-37e8aa759561_sidebar' => 'expanded'
]

$_SESSION = [
    '22b6a59deafcfb2ffb13c3adf3d98a3b__flash' => []
]

$_SERVER = [
    'DEPLOY_NAME' => 'local'
    'DDEV_WEBSERVER_TYPE' => 'nginx-fpm'
    'npm_config_cache' => '/mnt/ddev-global-cache/npm'
    'COREPACK_ENABLE_DOWNLOAD_PROMPT' => '0'
    'DDEV_GOOS' => 'darwin'
    'IS_DDEV_PROJECT' => 'true'
    'PHP_DEFAULT_VERSION' => '8.3'
    'HOSTNAME' => 'derschmuckmacher-v3-web'
    'MAILPIT_SMTP_PORT' => '1025'
    'MH_SMTP_BIND_ADDR' => '127.0.0.1:1025'
    'DDEV_PRIMARY_URL_WITHOUT_PORT' => 'https://derschmuckmacher-v3.ddev.site'
    'CRAFT_DB_PORT' => '3306'
    'SSH_AUTH_SOCK' => '/home/.ssh-agent/socket'
    'DDEV_GID' => '20'
    'NODE_EXTRA_CA_CERTS' => '/mnt/ddev-global-cache/mkcert/rootCA.pem'
    'DOCKER_IP' => '127.0.0.1'
    'PGPASSWORD' => 'db'
    'CRAFT_WEB_ROOT' => '/var/www/html/web'
    'DDEV_DOCROOT' => 'web'
    'PWD' => '/var/www/html'
    'PLATFORMSH_CLI_UPDATES_CHECK' => '0'
    'DDEV_APPROOT' => '/var/www/html'
    'DDEV_FILES_DIR' => ''
    'START_SCRIPT_TIMEOUT' => '57'
    'APACHE_SITE_TEMPLATE' => '/etc/apache2/apache-site.conf'
    'PHP_INI' => '/etc/php/8.3/fpm/php.ini'
    'DDEV_VERSION' => 'v1.24.10'
    'PRIMARY_SITE_URL' => 'https://derschmuckmacher-v3.ddev.site'
    'TZ' => 'Europe/Zurich'
    'DDEV_XHPROF_MODE' => 'prepend'
    'HTTPS_EXPOSE' => '443:80,8026:8025'
    'COREPACK_HOME' => '/mnt/ddev-global-cache/corepack'
    'CRAFT_DB_DATABASE' => 'db'
    'DDEV_PRIMARY_URL' => 'https://derschmuckmacher-v3.ddev.site'
    'LINES' => '6'
    'DDEV_SITENAME' => 'derschmuckmacher-v3'
    'HOME' => '/home/omar'
    'DRUSH_OPTIONS_URI' => 'https://derschmuckmacher-v3.ddev.site'
    'LANG' => 'C.UTF-8'
    'COLUMNS' => '371'
    'DDEV_MUTAGEN_ENABLED' => 'true'
    'DDEV_USER' => 'omar'
    'PGUSER' => 'db'
    'TERMINUS_CACHE_DIR' => '/mnt/ddev-global-cache/terminus/cache'
    'DDEV_PRIMARY_URL_PORT' => '443'
    'DDEV_ROUTER_HTTP_PORT' => '80'
    'MAILPIT_SMTP_HOSTNAME' => '127.0.0.1'
    'CRAFT_DB_DRIVER' => 'mysql'
    'COMPOSER_PROCESS_TIMEOUT' => '2000'
    'NGINX_SITE_TEMPLATE' => '/etc/nginx/nginx-site.conf'
    'DDEV_FILES_DIRS' => ''
    'CRAFT_DB_SERVER' => 'db'
    'HTTP_EXPOSE' => '80:80,8025:8025'
    'NVM_DIR' => '/home/omar/.nvm'
    'DDEV_PHP_VERSION' => '8.3'
    'DDEV_TLD' => 'ddev.site'
    'DDEV_HOSTNAME' => 'derschmuckmacher-v3.ddev.site'
    'DDEV_PROJECT' => 'derschmuckmacher-v3'
    'DDEV_GOARCH' => 'arm64'
    'VIRTUAL_HOST' => 'derschmuckmacher-v3.ddev.site'
    'TERM' => 'xterm'
    'USER' => 'omar'
    'MYSQL_HISTFILE' => '/mnt/ddev-global-cache/mysqlhistory/derschmuckmacher-v3-web/mysql_history'
    'DDEV_WEB_ENTRYPOINT' => '/mnt/ddev_config/web-entrypoint.d'
    'DDEV_UID' => '501'
    'CAROOT' => '/mnt/ddev-global-cache/mkcert'
    'SHLVL' => '1'
    'COMPOSER_ALLOW_SUPERUSER' => '1'
    'BASH_ENV' => '/etc/bash.nointeractive.bashrc'
    'DDEV_DATABASE' => 'mysql:8.0'
    'PGDATABASE' => 'db'
    'CRAFT_DB_USER' => 'db'
    'DDEV_SCHEME' => 'https'
    'XHPROF_OUTPUT_DIR' => '/tmp/xhprof'
    'COMPOSER_CACHE_DIR' => '/mnt/ddev-global-cache/composer'
    'DDEV_XDEBUG_ENABLED' => 'false'
    'DDEV_DATABASE_FAMILY' => 'mysql'
    'PGHOST' => 'db'
    'DDEV_COMPOSER_ROOT' => '/var/www/html'
    'CRAFT_DB_PASSWORD' => '••'
    'DOCROOT' => 'web'
    'TERMINUS_HIDE_UPDATE_MESSAGE' => '1'
    'PATH' => '/home/omar/bin:/var/www/html/vendor/bin:/usr/local/sbin:/usr/local/bin:/usr/sbin:/usr/bin:/sbin:/bin:/var/www/html/bin:/mnt/ddev-global-cache/global-commands/web'
    'HOST_DOCKER_INTERNAL_IP' => ''
    'DDEV_PROJECT_TYPE' => 'craftcms'
    'DEBIAN_FRONTEND' => 'noninteractive'
    'DDEV_ROUTER_HTTPS_PORT' => '443'
    'EXECIGNORE' => '/var/www/html/vendor/bin/composer'
    'SUPERVISOR_ENABLED' => '1'
    'SUPERVISOR_SERVER_URL' => 'unix:///var/run/supervisor.sock'
    'SUPERVISOR_PROCESS_NAME' => 'php-fpm'
    'SUPERVISOR_GROUP_NAME' => 'php-fpm'
    'HTTP_X_REQUESTED_WITH' => 'XMLHttpRequest'
    'HTTP_X_REGISTERED_JS_FILES' => ''
    'HTTP_X_REGISTERED_ASSET_BUNDLES' => 'e38a2e07,22e517a2,aee7f8dc,26c46c25,e505ffd6,6b4d7555,bb2f10a0,e5e48399,815d39ea,fc0bc163,1ccab40d,1e21896b,54698ee0,b842675b,1c3c9add,4b1fd285,d8d08e47,8f00ce04,8768f48b,cf3018d6,ec6d0256,11858fc6,8550f857,6f12186f,c7a8fe38'
    'HTTP_X_REAL_IP' => '172.18.0.1'
    'HTTP_X_FORWARDED_SERVER' => '617e9e3cc3a1'
    'HTTP_X_FORWARDED_PROTO' => 'https'
    'HTTP_X_FORWARDED_PORT' => '443'
    'HTTP_X_FORWARDED_HOST' => 'derschmuckmacher-v3.ddev.site'
    'HTTP_X_FORWARDED_FOR' => '172.18.0.1'
    'HTTP_X_CSRF_TOKEN' => '••••••••••••••••••••••••••••••••••••••••••••••••••••••••••••••••••••••••••••••••••••••••••••••••••••••••••••'
    'HTTP_TE' => 'trailers'
    'HTTP_SEC_GPC' => '1'
    'HTTP_SEC_FETCH_SITE' => 'same-origin'
    'HTTP_SEC_FETCH_MODE' => 'cors'
    'HTTP_SEC_FETCH_DEST' => 'empty'
    'HTTP_REFERER' => 'https://derschmuckmacher-v3.ddev.site/dW2axQ3b/dashboard'
    'HTTP_COOKIE' => 'cookieconsent_status=allow; CRAFT_CSRF_TOKEN=c46764d17b682367679c529f1043872bbfd294280b0a6b522869cb3868f8a6a6a%3A2%3A%7Bi%3A0%3Bs%3A16%3A%22CRAFT_CSRF_TOKEN%22%3Bi%3A1%3Bs%3A40%3A%22oscGmXtgN7lH1IINFeBh9KwfL0sWDqIBBHQCFaaO%22%3B%7D; CraftSessionId=4qeribircfaeqr2afr5a2fff77; a8b7b1ec9ffb8baf2c6eaa253fe57112_username=26b9ec8568da68d3882e55afaa5d203483c6c5810ee05b5a55c8a0eb10cab93ea%3A2%3A%7Bi%3A0%3Bs%3A41%3A%22a8b7b1ec9ffb8baf2c6eaa253fe57112_username%22%3Bi%3A1%3Bs%3A8%3A%22odegiuli%22%3B%7D; Craft-3626ffc1-d0a3-42e3-98aa-37e8aa759561_sidebar=expanded'
    'HTTP_ACCEPT_LANGUAGE' => 'de,en-US;q=0.9,en;q=0.8'
    'HTTP_ACCEPT_ENCODING' => 'gzip, deflate, br, zstd'
    'HTTP_ACCEPT' => 'application/json, text/plain, */*'
    'HTTP_USER_AGENT' => 'Mozilla/5.0 (Macintosh; Intel Mac OS X 10.15; rv:150.0) Gecko/20100101 Firefox/150.0'
    'HTTP_HOST' => 'derschmuckmacher-v3.ddev.site'
    'HTTPS' => 'on'
    'REDIRECT_STATUS' => '200'
    'SERVER_NAME' => 'derschmuckmacher-v3.ddev.site'
    'SERVER_PORT' => '80'
    'SERVER_ADDR' => '172.18.0.3'
    'REMOTE_PORT' => '43002'
    'REMOTE_ADDR' => '172.18.0.5'
    'SERVER_SOFTWARE' => 'nginx/1.28.0'
    'GATEWAY_INTERFACE' => 'CGI/1.1'
    'REQUEST_SCHEME' => 'http'
    'SERVER_PROTOCOL' => 'HTTP/1.1'
    'DOCUMENT_ROOT' => '/var/www/html/web'
    'DOCUMENT_URI' => '/index.php'
    'REQUEST_URI' => '/index.php?p=dW2axQ3b%2Factions%2Fusers%2Fsession-info&dontExtendSession=1&v=1778804162007'
    'CONTENT_LENGTH' => ''
    'CONTENT_TYPE' => ''
    'REQUEST_METHOD' => 'GET'
    'QUERY_STRING' => 'p=dW2axQ3b%2Factions%2Fusers%2Fsession-info&dontExtendSession=1&v=1778804162007'
    'SCRIPT_NAME' => '/index.php'
    'SCRIPT_FILENAME' => '/var/www/html/web/index.php'
    'FCGI_ROLE' => 'RESPONDER'
    'PHP_SELF' => '/index.php'
    'REQUEST_TIME_FLOAT' => 1778804162.0283
    'REQUEST_TIME' => 1778804162
    'CRAFT_APP_ID' => 'CraftCMS--3933bc78-29f5-4b79-bcc5-c31faf0fcd20'
    'CRAFT_ENVIRONMENT' => 'dev'
    'ENVIRONMENT' => 'dev'
    'CRAFT_SECURITY_KEY' => '••••••••••••••••••••••••••••••••'
    'CP_TRIGGER' => 'dW2axQ3b'
    'CRAFT_DB_SCHEMA' => 'public'
    'CRAFT_DB_TABLE_PREFIX' => ''
    'DEV_MODE' => 'true'
    'ALLOW_ADMIN_CHANGES' => 'true'
    'DISALLOW_ROBOTS' => 'true'
    'TIMEZONE' => 'Europe/Zurich'
    'CAPTCHA_SITE_KEY' => '••••••••••••••••••••••••••••••••••••••••'
    'CAPTCHA_SECRET_KEY' => '••••••••••••••••••••••••••••••••••••••••'
    'WEB_URL' => 'https://derschmuckmacher-v3.ddev.site'
    'WEB_ROOT' => '/var/www/html/web'
    'ASSETS_BASE_URL' => 'https://derschmuckmacher-v3.ddev.site/public'
    'ASSETS_BASE_PATH' => '/var/www/html/web/public'
    'SCHMUCK_BASE_URL' => 'https://derschmuckmacher-v3.ddev.site/public/uploads/schmuck'
    'SCHMUCK_BASE_PATH' => '/var/www/html/web/public/uploads/schmuck'
    'BILDER_BASE_URL' => 'https://derschmuckmacher-v3.ddev.site/public/uploads/bilder'
    'BILDER_BASE_PATH' => '/var/www/html/web/public/uploads/bilder'
] {"environment":"dev"} 
2026-05-15 02:17:02 [web.INFO] [yii\db\Connection::open] Opening DB connection: mysql:host=db;dbname=db;port=3306 {"memory":1097536} 
2026-05-15 02:17:02 [web.INFO] [yii\web\Session::open] Session started {"memory":1517664} 
2026-05-15 02:17:02 [web.INFO] [nystudio107\codeeditor\CodeEditor::bootstrap] CodeEditor module bootstrapped {"memory":1538632} 
2026-05-15 02:17:02 [web.INFO] [adigital\cookieconsentbanner\CookieConsentBanner::init] Cookie Consent Banner plugin loaded {"memory":1753640} 
2026-05-15 02:17:02 [web.INFO] [miranj\obfuscator\Obfuscator::init] Obfuscator plugin loaded {"memory":2717712} 
2026-05-15 02:17:02 [web.INFO] [application] Request context:
$_GET = [
    'p' => 'dW2axQ3b/actions/users/session-info'
    'dontExtendSession' => '1'
    'v' => '1778804222084'
]

$_POST = []

$_FILES = []

$_COOKIE = [
    'cookieconsent_status' => 'allow'
    'CRAFT_CSRF_TOKEN' => '••••••••••••••••••••••••••••••••••••••••••••••••••••••••••••••••••••••••••••••••••••••••••••••••••••••••••••••••••••••••••••••••••••••••••••••••••••••'
    'CraftSessionId' => '4qeribircfaeqr2afr5a2fff77'
    'a8b7b1ec9ffb8baf2c6eaa253fe57112_username' => '26b9ec8568da68d3882e55afaa5d203483c6c5810ee05b5a55c8a0eb10cab93ea:2:{i:0;s:41:\"a8b7b1ec9ffb8baf2c6eaa253fe57112_username\";i:1;s:8:\"odegiuli\";}'
    'Craft-3626ffc1-d0a3-42e3-98aa-37e8aa759561_sidebar' => 'expanded'
]

$_SESSION = [
    '22b6a59deafcfb2ffb13c3adf3d98a3b__flash' => []
]

$_SERVER = [
    'DEPLOY_NAME' => 'local'
    'DDEV_WEBSERVER_TYPE' => 'nginx-fpm'
    'npm_config_cache' => '/mnt/ddev-global-cache/npm'
    'COREPACK_ENABLE_DOWNLOAD_PROMPT' => '0'
    'DDEV_GOOS' => 'darwin'
    'IS_DDEV_PROJECT' => 'true'
    'PHP_DEFAULT_VERSION' => '8.3'
    'HOSTNAME' => 'derschmuckmacher-v3-web'
    'MAILPIT_SMTP_PORT' => '1025'
    'MH_SMTP_BIND_ADDR' => '127.0.0.1:1025'
    'DDEV_PRIMARY_URL_WITHOUT_PORT' => 'https://derschmuckmacher-v3.ddev.site'
    'CRAFT_DB_PORT' => '3306'
    'SSH_AUTH_SOCK' => '/home/.ssh-agent/socket'
    'DDEV_GID' => '20'
    'NODE_EXTRA_CA_CERTS' => '/mnt/ddev-global-cache/mkcert/rootCA.pem'
    'DOCKER_IP' => '127.0.0.1'
    'PGPASSWORD' => 'db'
    'CRAFT_WEB_ROOT' => '/var/www/html/web'
    'DDEV_DOCROOT' => 'web'
    'PWD' => '/var/www/html'
    'PLATFORMSH_CLI_UPDATES_CHECK' => '0'
    'DDEV_APPROOT' => '/var/www/html'
    'DDEV_FILES_DIR' => ''
    'START_SCRIPT_TIMEOUT' => '57'
    'APACHE_SITE_TEMPLATE' => '/etc/apache2/apache-site.conf'
    'PHP_INI' => '/etc/php/8.3/fpm/php.ini'
    'DDEV_VERSION' => 'v1.24.10'
    'PRIMARY_SITE_URL' => 'https://derschmuckmacher-v3.ddev.site'
    'TZ' => 'Europe/Zurich'
    'DDEV_XHPROF_MODE' => 'prepend'
    'HTTPS_EXPOSE' => '443:80,8026:8025'
    'COREPACK_HOME' => '/mnt/ddev-global-cache/corepack'
    'CRAFT_DB_DATABASE' => 'db'
    'DDEV_PRIMARY_URL' => 'https://derschmuckmacher-v3.ddev.site'
    'LINES' => '6'
    'DDEV_SITENAME' => 'derschmuckmacher-v3'
    'HOME' => '/home/omar'
    'DRUSH_OPTIONS_URI' => 'https://derschmuckmacher-v3.ddev.site'
    'LANG' => 'C.UTF-8'
    'COLUMNS' => '371'
    'DDEV_MUTAGEN_ENABLED' => 'true'
    'DDEV_USER' => 'omar'
    'PGUSER' => 'db'
    'TERMINUS_CACHE_DIR' => '/mnt/ddev-global-cache/terminus/cache'
    'DDEV_PRIMARY_URL_PORT' => '443'
    'DDEV_ROUTER_HTTP_PORT' => '80'
    'MAILPIT_SMTP_HOSTNAME' => '127.0.0.1'
    'CRAFT_DB_DRIVER' => 'mysql'
    'COMPOSER_PROCESS_TIMEOUT' => '2000'
    'NGINX_SITE_TEMPLATE' => '/etc/nginx/nginx-site.conf'
    'DDEV_FILES_DIRS' => ''
    'CRAFT_DB_SERVER' => 'db'
    'HTTP_EXPOSE' => '80:80,8025:8025'
    'NVM_DIR' => '/home/omar/.nvm'
    'DDEV_PHP_VERSION' => '8.3'
    'DDEV_TLD' => 'ddev.site'
    'DDEV_HOSTNAME' => 'derschmuckmacher-v3.ddev.site'
    'DDEV_PROJECT' => 'derschmuckmacher-v3'
    'DDEV_GOARCH' => 'arm64'
    'VIRTUAL_HOST' => 'derschmuckmacher-v3.ddev.site'
    'TERM' => 'xterm'
    'USER' => 'omar'
    'MYSQL_HISTFILE' => '/mnt/ddev-global-cache/mysqlhistory/derschmuckmacher-v3-web/mysql_history'
    'DDEV_WEB_ENTRYPOINT' => '/mnt/ddev_config/web-entrypoint.d'
    'DDEV_UID' => '501'
    'CAROOT' => '/mnt/ddev-global-cache/mkcert'
    'SHLVL' => '1'
    'COMPOSER_ALLOW_SUPERUSER' => '1'
    'BASH_ENV' => '/etc/bash.nointeractive.bashrc'
    'DDEV_DATABASE' => 'mysql:8.0'
    'PGDATABASE' => 'db'
    'CRAFT_DB_USER' => 'db'
    'DDEV_SCHEME' => 'https'
    'XHPROF_OUTPUT_DIR' => '/tmp/xhprof'
    'COMPOSER_CACHE_DIR' => '/mnt/ddev-global-cache/composer'
    'DDEV_XDEBUG_ENABLED' => 'false'
    'DDEV_DATABASE_FAMILY' => 'mysql'
    'PGHOST' => 'db'
    'DDEV_COMPOSER_ROOT' => '/var/www/html'
    'CRAFT_DB_PASSWORD' => '••'
    'DOCROOT' => 'web'
    'TERMINUS_HIDE_UPDATE_MESSAGE' => '1'
    'PATH' => '/home/omar/bin:/var/www/html/vendor/bin:/usr/local/sbin:/usr/local/bin:/usr/sbin:/usr/bin:/sbin:/bin:/var/www/html/bin:/mnt/ddev-global-cache/global-commands/web'
    'HOST_DOCKER_INTERNAL_IP' => ''
    'DDEV_PROJECT_TYPE' => 'craftcms'
    'DEBIAN_FRONTEND' => 'noninteractive'
    'DDEV_ROUTER_HTTPS_PORT' => '443'
    'EXECIGNORE' => '/var/www/html/vendor/bin/composer'
    'SUPERVISOR_ENABLED' => '1'
    'SUPERVISOR_SERVER_URL' => 'unix:///var/run/supervisor.sock'
    'SUPERVISOR_PROCESS_NAME' => 'php-fpm'
    'SUPERVISOR_GROUP_NAME' => 'php-fpm'
    'HTTP_X_REQUESTED_WITH' => 'XMLHttpRequest'
    'HTTP_X_REGISTERED_JS_FILES' => ''
    'HTTP_X_REGISTERED_ASSET_BUNDLES' => 'e38a2e07,22e517a2,aee7f8dc,26c46c25,e505ffd6,6b4d7555,bb2f10a0,e5e48399,815d39ea,fc0bc163,1ccab40d,1e21896b,54698ee0,b842675b,1c3c9add,4b1fd285,d8d08e47,8f00ce04,8768f48b,cf3018d6,ec6d0256,11858fc6,8550f857,6f12186f,c7a8fe38'
    'HTTP_X_REAL_IP' => '172.18.0.1'
    'HTTP_X_FORWARDED_SERVER' => '617e9e3cc3a1'
    'HTTP_X_FORWARDED_PROTO' => 'https'
    'HTTP_X_FORWARDED_PORT' => '443'
    'HTTP_X_FORWARDED_HOST' => 'derschmuckmacher-v3.ddev.site'
    'HTTP_X_FORWARDED_FOR' => '172.18.0.1'
    'HTTP_X_CSRF_TOKEN' => '••••••••••••••••••••••••••••••••••••••••••••••••••••••••••••••••••••••••••••••••••••••••••••••••••••••••••••'
    'HTTP_TE' => 'trailers'
    'HTTP_SEC_GPC' => '1'
    'HTTP_SEC_FETCH_SITE' => 'same-origin'
    'HTTP_SEC_FETCH_MODE' => 'cors'
    'HTTP_SEC_FETCH_DEST' => 'empty'
    'HTTP_REFERER' => 'https://derschmuckmacher-v3.ddev.site/dW2axQ3b/dashboard'
    'HTTP_COOKIE' => 'cookieconsent_status=allow; CRAFT_CSRF_TOKEN=c46764d17b682367679c529f1043872bbfd294280b0a6b522869cb3868f8a6a6a%3A2%3A%7Bi%3A0%3Bs%3A16%3A%22CRAFT_CSRF_TOKEN%22%3Bi%3A1%3Bs%3A40%3A%22oscGmXtgN7lH1IINFeBh9KwfL0sWDqIBBHQCFaaO%22%3B%7D; CraftSessionId=4qeribircfaeqr2afr5a2fff77; a8b7b1ec9ffb8baf2c6eaa253fe57112_username=26b9ec8568da68d3882e55afaa5d203483c6c5810ee05b5a55c8a0eb10cab93ea%3A2%3A%7Bi%3A0%3Bs%3A41%3A%22a8b7b1ec9ffb8baf2c6eaa253fe57112_username%22%3Bi%3A1%3Bs%3A8%3A%22odegiuli%22%3B%7D; Craft-3626ffc1-d0a3-42e3-98aa-37e8aa759561_sidebar=expanded'
    'HTTP_ACCEPT_LANGUAGE' => 'de,en-US;q=0.9,en;q=0.8'
    'HTTP_ACCEPT_ENCODING' => 'gzip, deflate, br, zstd'
    'HTTP_ACCEPT' => 'application/json, text/plain, */*'
    'HTTP_USER_AGENT' => 'Mozilla/5.0 (Macintosh; Intel Mac OS X 10.15; rv:150.0) Gecko/20100101 Firefox/150.0'
    'HTTP_HOST' => 'derschmuckmacher-v3.ddev.site'
    'HTTPS' => 'on'
    'REDIRECT_STATUS' => '200'
    'SERVER_NAME' => 'derschmuckmacher-v3.ddev.site'
    'SERVER_PORT' => '80'
    'SERVER_ADDR' => '172.18.0.3'
    'REMOTE_PORT' => '54184'
    'REMOTE_ADDR' => '172.18.0.5'
    'SERVER_SOFTWARE' => 'nginx/1.28.0'
    'GATEWAY_INTERFACE' => 'CGI/1.1'
    'REQUEST_SCHEME' => 'http'
    'SERVER_PROTOCOL' => 'HTTP/1.1'
    'DOCUMENT_ROOT' => '/var/www/html/web'
    'DOCUMENT_URI' => '/index.php'
    'REQUEST_URI' => '/index.php?p=dW2axQ3b%2Factions%2Fusers%2Fsession-info&dontExtendSession=1&v=1778804222084'
    'CONTENT_LENGTH' => ''
    'CONTENT_TYPE' => ''
    'REQUEST_METHOD' => 'GET'
    'QUERY_STRING' => 'p=dW2axQ3b%2Factions%2Fusers%2Fsession-info&dontExtendSession=1&v=1778804222084'
    'SCRIPT_NAME' => '/index.php'
    'SCRIPT_FILENAME' => '/var/www/html/web/index.php'
    'FCGI_ROLE' => 'RESPONDER'
    'PHP_SELF' => '/index.php'
    'REQUEST_TIME_FLOAT' => 1778804222.1035
    'REQUEST_TIME' => 1778804222
    'CRAFT_APP_ID' => 'CraftCMS--3933bc78-29f5-4b79-bcc5-c31faf0fcd20'
    'CRAFT_ENVIRONMENT' => 'dev'
    'ENVIRONMENT' => 'dev'
    'CRAFT_SECURITY_KEY' => '••••••••••••••••••••••••••••••••'
    'CP_TRIGGER' => 'dW2axQ3b'
    'CRAFT_DB_SCHEMA' => 'public'
    'CRAFT_DB_TABLE_PREFIX' => ''
    'DEV_MODE' => 'true'
    'ALLOW_ADMIN_CHANGES' => 'true'
    'DISALLOW_ROBOTS' => 'true'
    'TIMEZONE' => 'Europe/Zurich'
    'CAPTCHA_SITE_KEY' => '••••••••••••••••••••••••••••••••••••••••'
    'CAPTCHA_SECRET_KEY' => '••••••••••••••••••••••••••••••••••••••••'
    'WEB_URL' => 'https://derschmuckmacher-v3.ddev.site'
    'WEB_ROOT' => '/var/www/html/web'
    'ASSETS_BASE_URL' => 'https://derschmuckmacher-v3.ddev.site/public'
    'ASSETS_BASE_PATH' => '/var/www/html/web/public'
    'SCHMUCK_BASE_URL' => 'https://derschmuckmacher-v3.ddev.site/public/uploads/schmuck'
    'SCHMUCK_BASE_PATH' => '/var/www/html/web/public/uploads/schmuck'
    'BILDER_BASE_URL' => 'https://derschmuckmacher-v3.ddev.site/public/uploads/bilder'
    'BILDER_BASE_PATH' => '/var/www/html/web/public/uploads/bilder'
] {"environment":"dev"} 
2026-05-15 02:18:02 [web.INFO] [yii\db\Connection::open] Opening DB connection: mysql:host=db;dbname=db;port=3306 {"memory":1097536} 
2026-05-15 02:18:02 [web.INFO] [yii\web\Session::open] Session started {"memory":1517664} 
2026-05-15 02:18:02 [web.INFO] [nystudio107\codeeditor\CodeEditor::bootstrap] CodeEditor module bootstrapped {"memory":1538632} 
2026-05-15 02:18:02 [web.INFO] [adigital\cookieconsentbanner\CookieConsentBanner::init] Cookie Consent Banner plugin loaded {"memory":1753640} 
2026-05-15 02:18:02 [web.INFO] [miranj\obfuscator\Obfuscator::init] Obfuscator plugin loaded {"memory":2717712} 
2026-05-15 02:18:02 [web.INFO] [application] Request context:
$_GET = [
    'p' => 'dW2axQ3b/actions/users/session-info'
    'dontExtendSession' => '1'
    'v' => '1778804282155'
]

$_POST = []

$_FILES = []

$_COOKIE = [
    'cookieconsent_status' => 'allow'
    'CRAFT_CSRF_TOKEN' => '••••••••••••••••••••••••••••••••••••••••••••••••••••••••••••••••••••••••••••••••••••••••••••••••••••••••••••••••••••••••••••••••••••••••••••••••••••••'
    'CraftSessionId' => '4qeribircfaeqr2afr5a2fff77'
    'a8b7b1ec9ffb8baf2c6eaa253fe57112_username' => '26b9ec8568da68d3882e55afaa5d203483c6c5810ee05b5a55c8a0eb10cab93ea:2:{i:0;s:41:\"a8b7b1ec9ffb8baf2c6eaa253fe57112_username\";i:1;s:8:\"odegiuli\";}'
    'Craft-3626ffc1-d0a3-42e3-98aa-37e8aa759561_sidebar' => 'expanded'
]

$_SESSION = [
    '22b6a59deafcfb2ffb13c3adf3d98a3b__flash' => []
]

$_SERVER = [
    'DEPLOY_NAME' => 'local'
    'DDEV_WEBSERVER_TYPE' => 'nginx-fpm'
    'npm_config_cache' => '/mnt/ddev-global-cache/npm'
    'COREPACK_ENABLE_DOWNLOAD_PROMPT' => '0'
    'DDEV_GOOS' => 'darwin'
    'IS_DDEV_PROJECT' => 'true'
    'PHP_DEFAULT_VERSION' => '8.3'
    'HOSTNAME' => 'derschmuckmacher-v3-web'
    'MAILPIT_SMTP_PORT' => '1025'
    'MH_SMTP_BIND_ADDR' => '127.0.0.1:1025'
    'DDEV_PRIMARY_URL_WITHOUT_PORT' => 'https://derschmuckmacher-v3.ddev.site'
    'CRAFT_DB_PORT' => '3306'
    'SSH_AUTH_SOCK' => '/home/.ssh-agent/socket'
    'DDEV_GID' => '20'
    'NODE_EXTRA_CA_CERTS' => '/mnt/ddev-global-cache/mkcert/rootCA.pem'
    'DOCKER_IP' => '127.0.0.1'
    'PGPASSWORD' => 'db'
    'CRAFT_WEB_ROOT' => '/var/www/html/web'
    'DDEV_DOCROOT' => 'web'
    'PWD' => '/var/www/html'
    'PLATFORMSH_CLI_UPDATES_CHECK' => '0'
    'DDEV_APPROOT' => '/var/www/html'
    'DDEV_FILES_DIR' => ''
    'START_SCRIPT_TIMEOUT' => '57'
    'APACHE_SITE_TEMPLATE' => '/etc/apache2/apache-site.conf'
    'PHP_INI' => '/etc/php/8.3/fpm/php.ini'
    'DDEV_VERSION' => 'v1.24.10'
    'PRIMARY_SITE_URL' => 'https://derschmuckmacher-v3.ddev.site'
    'TZ' => 'Europe/Zurich'
    'DDEV_XHPROF_MODE' => 'prepend'
    'HTTPS_EXPOSE' => '443:80,8026:8025'
    'COREPACK_HOME' => '/mnt/ddev-global-cache/corepack'
    'CRAFT_DB_DATABASE' => 'db'
    'DDEV_PRIMARY_URL' => 'https://derschmuckmacher-v3.ddev.site'
    'LINES' => '6'
    'DDEV_SITENAME' => 'derschmuckmacher-v3'
    'HOME' => '/home/omar'
    'DRUSH_OPTIONS_URI' => 'https://derschmuckmacher-v3.ddev.site'
    'LANG' => 'C.UTF-8'
    'COLUMNS' => '371'
    'DDEV_MUTAGEN_ENABLED' => 'true'
    'DDEV_USER' => 'omar'
    'PGUSER' => 'db'
    'TERMINUS_CACHE_DIR' => '/mnt/ddev-global-cache/terminus/cache'
    'DDEV_PRIMARY_URL_PORT' => '443'
    'DDEV_ROUTER_HTTP_PORT' => '80'
    'MAILPIT_SMTP_HOSTNAME' => '127.0.0.1'
    'CRAFT_DB_DRIVER' => 'mysql'
    'COMPOSER_PROCESS_TIMEOUT' => '2000'
    'NGINX_SITE_TEMPLATE' => '/etc/nginx/nginx-site.conf'
    'DDEV_FILES_DIRS' => ''
    'CRAFT_DB_SERVER' => 'db'
    'HTTP_EXPOSE' => '80:80,8025:8025'
    'NVM_DIR' => '/home/omar/.nvm'
    'DDEV_PHP_VERSION' => '8.3'
    'DDEV_TLD' => 'ddev.site'
    'DDEV_HOSTNAME' => 'derschmuckmacher-v3.ddev.site'
    'DDEV_PROJECT' => 'derschmuckmacher-v3'
    'DDEV_GOARCH' => 'arm64'
    'VIRTUAL_HOST' => 'derschmuckmacher-v3.ddev.site'
    'TERM' => 'xterm'
    'USER' => 'omar'
    'MYSQL_HISTFILE' => '/mnt/ddev-global-cache/mysqlhistory/derschmuckmacher-v3-web/mysql_history'
    'DDEV_WEB_ENTRYPOINT' => '/mnt/ddev_config/web-entrypoint.d'
    'DDEV_UID' => '501'
    'CAROOT' => '/mnt/ddev-global-cache/mkcert'
    'SHLVL' => '1'
    'COMPOSER_ALLOW_SUPERUSER' => '1'
    'BASH_ENV' => '/etc/bash.nointeractive.bashrc'
    'DDEV_DATABASE' => 'mysql:8.0'
    'PGDATABASE' => 'db'
    'CRAFT_DB_USER' => 'db'
    'DDEV_SCHEME' => 'https'
    'XHPROF_OUTPUT_DIR' => '/tmp/xhprof'
    'COMPOSER_CACHE_DIR' => '/mnt/ddev-global-cache/composer'
    'DDEV_XDEBUG_ENABLED' => 'false'
    'DDEV_DATABASE_FAMILY' => 'mysql'
    'PGHOST' => 'db'
    'DDEV_COMPOSER_ROOT' => '/var/www/html'
    'CRAFT_DB_PASSWORD' => '••'
    'DOCROOT' => 'web'
    'TERMINUS_HIDE_UPDATE_MESSAGE' => '1'
    'PATH' => '/home/omar/bin:/var/www/html/vendor/bin:/usr/local/sbin:/usr/local/bin:/usr/sbin:/usr/bin:/sbin:/bin:/var/www/html/bin:/mnt/ddev-global-cache/global-commands/web'
    'HOST_DOCKER_INTERNAL_IP' => ''
    'DDEV_PROJECT_TYPE' => 'craftcms'
    'DEBIAN_FRONTEND' => 'noninteractive'
    'DDEV_ROUTER_HTTPS_PORT' => '443'
    'EXECIGNORE' => '/var/www/html/vendor/bin/composer'
    'SUPERVISOR_ENABLED' => '1'
    'SUPERVISOR_SERVER_URL' => 'unix:///var/run/supervisor.sock'
    'SUPERVISOR_PROCESS_NAME' => 'php-fpm'
    'SUPERVISOR_GROUP_NAME' => 'php-fpm'
    'HTTP_X_REQUESTED_WITH' => 'XMLHttpRequest'
    'HTTP_X_REGISTERED_JS_FILES' => ''
    'HTTP_X_REGISTERED_ASSET_BUNDLES' => 'e38a2e07,22e517a2,aee7f8dc,26c46c25,e505ffd6,6b4d7555,bb2f10a0,e5e48399,815d39ea,fc0bc163,1ccab40d,1e21896b,54698ee0,b842675b,1c3c9add,4b1fd285,d8d08e47,8f00ce04,8768f48b,cf3018d6,ec6d0256,11858fc6,8550f857,6f12186f,c7a8fe38'
    'HTTP_X_REAL_IP' => '172.18.0.1'
    'HTTP_X_FORWARDED_SERVER' => '617e9e3cc3a1'
    'HTTP_X_FORWARDED_PROTO' => 'https'
    'HTTP_X_FORWARDED_PORT' => '443'
    'HTTP_X_FORWARDED_HOST' => 'derschmuckmacher-v3.ddev.site'
    'HTTP_X_FORWARDED_FOR' => '172.18.0.1'
    'HTTP_X_CSRF_TOKEN' => '••••••••••••••••••••••••••••••••••••••••••••••••••••••••••••••••••••••••••••••••••••••••••••••••••••••••••••'
    'HTTP_TE' => 'trailers'
    'HTTP_SEC_GPC' => '1'
    'HTTP_SEC_FETCH_SITE' => 'same-origin'
    'HTTP_SEC_FETCH_MODE' => 'cors'
    'HTTP_SEC_FETCH_DEST' => 'empty'
    'HTTP_REFERER' => 'https://derschmuckmacher-v3.ddev.site/dW2axQ3b/dashboard'
    'HTTP_COOKIE' => 'cookieconsent_status=allow; CRAFT_CSRF_TOKEN=c46764d17b682367679c529f1043872bbfd294280b0a6b522869cb3868f8a6a6a%3A2%3A%7Bi%3A0%3Bs%3A16%3A%22CRAFT_CSRF_TOKEN%22%3Bi%3A1%3Bs%3A40%3A%22oscGmXtgN7lH1IINFeBh9KwfL0sWDqIBBHQCFaaO%22%3B%7D; CraftSessionId=4qeribircfaeqr2afr5a2fff77; a8b7b1ec9ffb8baf2c6eaa253fe57112_username=26b9ec8568da68d3882e55afaa5d203483c6c5810ee05b5a55c8a0eb10cab93ea%3A2%3A%7Bi%3A0%3Bs%3A41%3A%22a8b7b1ec9ffb8baf2c6eaa253fe57112_username%22%3Bi%3A1%3Bs%3A8%3A%22odegiuli%22%3B%7D; Craft-3626ffc1-d0a3-42e3-98aa-37e8aa759561_sidebar=expanded'
    'HTTP_ACCEPT_LANGUAGE' => 'de,en-US;q=0.9,en;q=0.8'
    'HTTP_ACCEPT_ENCODING' => 'gzip, deflate, br, zstd'
    'HTTP_ACCEPT' => 'application/json, text/plain, */*'
    'HTTP_USER_AGENT' => 'Mozilla/5.0 (Macintosh; Intel Mac OS X 10.15; rv:150.0) Gecko/20100101 Firefox/150.0'
    'HTTP_HOST' => 'derschmuckmacher-v3.ddev.site'
    'HTTPS' => 'on'
    'REDIRECT_STATUS' => '200'
    'SERVER_NAME' => 'derschmuckmacher-v3.ddev.site'
    'SERVER_PORT' => '80'
    'SERVER_ADDR' => '172.18.0.3'
    'REMOTE_PORT' => '40084'
    'REMOTE_ADDR' => '172.18.0.5'
    'SERVER_SOFTWARE' => 'nginx/1.28.0'
    'GATEWAY_INTERFACE' => 'CGI/1.1'
    'REQUEST_SCHEME' => 'http'
    'SERVER_PROTOCOL' => 'HTTP/1.1'
    'DOCUMENT_ROOT' => '/var/www/html/web'
    'DOCUMENT_URI' => '/index.php'
    'REQUEST_URI' => '/index.php?p=dW2axQ3b%2Factions%2Fusers%2Fsession-info&dontExtendSession=1&v=1778804282155'
    'CONTENT_LENGTH' => ''
    'CONTENT_TYPE' => ''
    'REQUEST_METHOD' => 'GET'
    'QUERY_STRING' => 'p=dW2axQ3b%2Factions%2Fusers%2Fsession-info&dontExtendSession=1&v=1778804282155'
    'SCRIPT_NAME' => '/index.php'
    'SCRIPT_FILENAME' => '/var/www/html/web/index.php'
    'FCGI_ROLE' => 'RESPONDER'
    'PHP_SELF' => '/index.php'
    'REQUEST_TIME_FLOAT' => 1778804282.1746
    'REQUEST_TIME' => 1778804282
    'CRAFT_APP_ID' => 'CraftCMS--3933bc78-29f5-4b79-bcc5-c31faf0fcd20'
    'CRAFT_ENVIRONMENT' => 'dev'
    'ENVIRONMENT' => 'dev'
    'CRAFT_SECURITY_KEY' => '••••••••••••••••••••••••••••••••'
    'CP_TRIGGER' => 'dW2axQ3b'
    'CRAFT_DB_SCHEMA' => 'public'
    'CRAFT_DB_TABLE_PREFIX' => ''
    'DEV_MODE' => 'true'
    'ALLOW_ADMIN_CHANGES' => 'true'
    'DISALLOW_ROBOTS' => 'true'
    'TIMEZONE' => 'Europe/Zurich'
    'CAPTCHA_SITE_KEY' => '••••••••••••••••••••••••••••••••••••••••'
    'CAPTCHA_SECRET_KEY' => '••••••••••••••••••••••••••••••••••••••••'
    'WEB_URL' => 'https://derschmuckmacher-v3.ddev.site'
    'WEB_ROOT' => '/var/www/html/web'
    'ASSETS_BASE_URL' => 'https://derschmuckmacher-v3.ddev.site/public'
    'ASSETS_BASE_PATH' => '/var/www/html/web/public'
    'SCHMUCK_BASE_URL' => 'https://derschmuckmacher-v3.ddev.site/public/uploads/schmuck'
    'SCHMUCK_BASE_PATH' => '/var/www/html/web/public/uploads/schmuck'
    'BILDER_BASE_URL' => 'https://derschmuckmacher-v3.ddev.site/public/uploads/bilder'
    'BILDER_BASE_PATH' => '/var/www/html/web/public/uploads/bilder'
] {"environment":"dev"} 
2026-05-15 02:19:02 [web.INFO] [yii\db\Connection::open] Opening DB connection: mysql:host=db;dbname=db;port=3306 {"memory":1097536} 
2026-05-15 02:19:02 [web.INFO] [yii\web\Session::open] Session started {"memory":1517664} 
2026-05-15 02:19:02 [web.INFO] [nystudio107\codeeditor\CodeEditor::bootstrap] CodeEditor module bootstrapped {"memory":1538632} 
2026-05-15 02:19:02 [web.INFO] [adigital\cookieconsentbanner\CookieConsentBanner::init] Cookie Consent Banner plugin loaded {"memory":1753640} 
2026-05-15 02:19:02 [web.INFO] [miranj\obfuscator\Obfuscator::init] Obfuscator plugin loaded {"memory":2717712} 
2026-05-15 02:19:02 [web.INFO] [application] Request context:
$_GET = [
    'p' => 'dW2axQ3b/actions/users/session-info'
    'dontExtendSession' => '1'
    'v' => '1778804342227'
]

$_POST = []

$_FILES = []

$_COOKIE = [
    'cookieconsent_status' => 'allow'
    'CRAFT_CSRF_TOKEN' => '••••••••••••••••••••••••••••••••••••••••••••••••••••••••••••••••••••••••••••••••••••••••••••••••••••••••••••••••••••••••••••••••••••••••••••••••••••••'
    'CraftSessionId' => '4qeribircfaeqr2afr5a2fff77'
    'a8b7b1ec9ffb8baf2c6eaa253fe57112_username' => '26b9ec8568da68d3882e55afaa5d203483c6c5810ee05b5a55c8a0eb10cab93ea:2:{i:0;s:41:\"a8b7b1ec9ffb8baf2c6eaa253fe57112_username\";i:1;s:8:\"odegiuli\";}'
    'Craft-3626ffc1-d0a3-42e3-98aa-37e8aa759561_sidebar' => 'expanded'
]

$_SESSION = [
    '22b6a59deafcfb2ffb13c3adf3d98a3b__flash' => []
]

$_SERVER = [
    'DEPLOY_NAME' => 'local'
    'DDEV_WEBSERVER_TYPE' => 'nginx-fpm'
    'npm_config_cache' => '/mnt/ddev-global-cache/npm'
    'COREPACK_ENABLE_DOWNLOAD_PROMPT' => '0'
    'DDEV_GOOS' => 'darwin'
    'IS_DDEV_PROJECT' => 'true'
    'PHP_DEFAULT_VERSION' => '8.3'
    'HOSTNAME' => 'derschmuckmacher-v3-web'
    'MAILPIT_SMTP_PORT' => '1025'
    'MH_SMTP_BIND_ADDR' => '127.0.0.1:1025'
    'DDEV_PRIMARY_URL_WITHOUT_PORT' => 'https://derschmuckmacher-v3.ddev.site'
    'CRAFT_DB_PORT' => '3306'
    'SSH_AUTH_SOCK' => '/home/.ssh-agent/socket'
    'DDEV_GID' => '20'
    'NODE_EXTRA_CA_CERTS' => '/mnt/ddev-global-cache/mkcert/rootCA.pem'
    'DOCKER_IP' => '127.0.0.1'
    'PGPASSWORD' => 'db'
    'CRAFT_WEB_ROOT' => '/var/www/html/web'
    'DDEV_DOCROOT' => 'web'
    'PWD' => '/var/www/html'
    'PLATFORMSH_CLI_UPDATES_CHECK' => '0'
    'DDEV_APPROOT' => '/var/www/html'
    'DDEV_FILES_DIR' => ''
    'START_SCRIPT_TIMEOUT' => '57'
    'APACHE_SITE_TEMPLATE' => '/etc/apache2/apache-site.conf'
    'PHP_INI' => '/etc/php/8.3/fpm/php.ini'
    'DDEV_VERSION' => 'v1.24.10'
    'PRIMARY_SITE_URL' => 'https://derschmuckmacher-v3.ddev.site'
    'TZ' => 'Europe/Zurich'
    'DDEV_XHPROF_MODE' => 'prepend'
    'HTTPS_EXPOSE' => '443:80,8026:8025'
    'COREPACK_HOME' => '/mnt/ddev-global-cache/corepack'
    'CRAFT_DB_DATABASE' => 'db'
    'DDEV_PRIMARY_URL' => 'https://derschmuckmacher-v3.ddev.site'
    'LINES' => '6'
    'DDEV_SITENAME' => 'derschmuckmacher-v3'
    'HOME' => '/home/omar'
    'DRUSH_OPTIONS_URI' => 'https://derschmuckmacher-v3.ddev.site'
    'LANG' => 'C.UTF-8'
    'COLUMNS' => '371'
    'DDEV_MUTAGEN_ENABLED' => 'true'
    'DDEV_USER' => 'omar'
    'PGUSER' => 'db'
    'TERMINUS_CACHE_DIR' => '/mnt/ddev-global-cache/terminus/cache'
    'DDEV_PRIMARY_URL_PORT' => '443'
    'DDEV_ROUTER_HTTP_PORT' => '80'
    'MAILPIT_SMTP_HOSTNAME' => '127.0.0.1'
    'CRAFT_DB_DRIVER' => 'mysql'
    'COMPOSER_PROCESS_TIMEOUT' => '2000'
    'NGINX_SITE_TEMPLATE' => '/etc/nginx/nginx-site.conf'
    'DDEV_FILES_DIRS' => ''
    'CRAFT_DB_SERVER' => 'db'
    'HTTP_EXPOSE' => '80:80,8025:8025'
    'NVM_DIR' => '/home/omar/.nvm'
    'DDEV_PHP_VERSION' => '8.3'
    'DDEV_TLD' => 'ddev.site'
    'DDEV_HOSTNAME' => 'derschmuckmacher-v3.ddev.site'
    'DDEV_PROJECT' => 'derschmuckmacher-v3'
    'DDEV_GOARCH' => 'arm64'
    'VIRTUAL_HOST' => 'derschmuckmacher-v3.ddev.site'
    'TERM' => 'xterm'
    'USER' => 'omar'
    'MYSQL_HISTFILE' => '/mnt/ddev-global-cache/mysqlhistory/derschmuckmacher-v3-web/mysql_history'
    'DDEV_WEB_ENTRYPOINT' => '/mnt/ddev_config/web-entrypoint.d'
    'DDEV_UID' => '501'
    'CAROOT' => '/mnt/ddev-global-cache/mkcert'
    'SHLVL' => '1'
    'COMPOSER_ALLOW_SUPERUSER' => '1'
    'BASH_ENV' => '/etc/bash.nointeractive.bashrc'
    'DDEV_DATABASE' => 'mysql:8.0'
    'PGDATABASE' => 'db'
    'CRAFT_DB_USER' => 'db'
    'DDEV_SCHEME' => 'https'
    'XHPROF_OUTPUT_DIR' => '/tmp/xhprof'
    'COMPOSER_CACHE_DIR' => '/mnt/ddev-global-cache/composer'
    'DDEV_XDEBUG_ENABLED' => 'false'
    'DDEV_DATABASE_FAMILY' => 'mysql'
    'PGHOST' => 'db'
    'DDEV_COMPOSER_ROOT' => '/var/www/html'
    'CRAFT_DB_PASSWORD' => '••'
    'DOCROOT' => 'web'
    'TERMINUS_HIDE_UPDATE_MESSAGE' => '1'
    'PATH' => '/home/omar/bin:/var/www/html/vendor/bin:/usr/local/sbin:/usr/local/bin:/usr/sbin:/usr/bin:/sbin:/bin:/var/www/html/bin:/mnt/ddev-global-cache/global-commands/web'
    'HOST_DOCKER_INTERNAL_IP' => ''
    'DDEV_PROJECT_TYPE' => 'craftcms'
    'DEBIAN_FRONTEND' => 'noninteractive'
    'DDEV_ROUTER_HTTPS_PORT' => '443'
    'EXECIGNORE' => '/var/www/html/vendor/bin/composer'
    'SUPERVISOR_ENABLED' => '1'
    'SUPERVISOR_SERVER_URL' => 'unix:///var/run/supervisor.sock'
    'SUPERVISOR_PROCESS_NAME' => 'php-fpm'
    'SUPERVISOR_GROUP_NAME' => 'php-fpm'
    'HTTP_X_REQUESTED_WITH' => 'XMLHttpRequest'
    'HTTP_X_REGISTERED_JS_FILES' => ''
    'HTTP_X_REGISTERED_ASSET_BUNDLES' => 'e38a2e07,22e517a2,aee7f8dc,26c46c25,e505ffd6,6b4d7555,bb2f10a0,e5e48399,815d39ea,fc0bc163,1ccab40d,1e21896b,54698ee0,b842675b,1c3c9add,4b1fd285,d8d08e47,8f00ce04,8768f48b,cf3018d6,ec6d0256,11858fc6,8550f857,6f12186f,c7a8fe38'
    'HTTP_X_REAL_IP' => '172.18.0.1'
    'HTTP_X_FORWARDED_SERVER' => '617e9e3cc3a1'
    'HTTP_X_FORWARDED_PROTO' => 'https'
    'HTTP_X_FORWARDED_PORT' => '443'
    'HTTP_X_FORWARDED_HOST' => 'derschmuckmacher-v3.ddev.site'
    'HTTP_X_FORWARDED_FOR' => '172.18.0.1'
    'HTTP_X_CSRF_TOKEN' => '••••••••••••••••••••••••••••••••••••••••••••••••••••••••••••••••••••••••••••••••••••••••••••••••••••••••••••'
    'HTTP_TE' => 'trailers'
    'HTTP_SEC_GPC' => '1'
    'HTTP_SEC_FETCH_SITE' => 'same-origin'
    'HTTP_SEC_FETCH_MODE' => 'cors'
    'HTTP_SEC_FETCH_DEST' => 'empty'
    'HTTP_REFERER' => 'https://derschmuckmacher-v3.ddev.site/dW2axQ3b/dashboard'
    'HTTP_COOKIE' => 'cookieconsent_status=allow; CRAFT_CSRF_TOKEN=c46764d17b682367679c529f1043872bbfd294280b0a6b522869cb3868f8a6a6a%3A2%3A%7Bi%3A0%3Bs%3A16%3A%22CRAFT_CSRF_TOKEN%22%3Bi%3A1%3Bs%3A40%3A%22oscGmXtgN7lH1IINFeBh9KwfL0sWDqIBBHQCFaaO%22%3B%7D; CraftSessionId=4qeribircfaeqr2afr5a2fff77; a8b7b1ec9ffb8baf2c6eaa253fe57112_username=26b9ec8568da68d3882e55afaa5d203483c6c5810ee05b5a55c8a0eb10cab93ea%3A2%3A%7Bi%3A0%3Bs%3A41%3A%22a8b7b1ec9ffb8baf2c6eaa253fe57112_username%22%3Bi%3A1%3Bs%3A8%3A%22odegiuli%22%3B%7D; Craft-3626ffc1-d0a3-42e3-98aa-37e8aa759561_sidebar=expanded'
    'HTTP_ACCEPT_LANGUAGE' => 'de,en-US;q=0.9,en;q=0.8'
    'HTTP_ACCEPT_ENCODING' => 'gzip, deflate, br, zstd'
    'HTTP_ACCEPT' => 'application/json, text/plain, */*'
    'HTTP_USER_AGENT' => 'Mozilla/5.0 (Macintosh; Intel Mac OS X 10.15; rv:150.0) Gecko/20100101 Firefox/150.0'
    'HTTP_HOST' => 'derschmuckmacher-v3.ddev.site'
    'HTTPS' => 'on'
    'REDIRECT_STATUS' => '200'
    'SERVER_NAME' => 'derschmuckmacher-v3.ddev.site'
    'SERVER_PORT' => '80'
    'SERVER_ADDR' => '172.18.0.3'
    'REMOTE_PORT' => '34514'
    'REMOTE_ADDR' => '172.18.0.5'
    'SERVER_SOFTWARE' => 'nginx/1.28.0'
    'GATEWAY_INTERFACE' => 'CGI/1.1'
    'REQUEST_SCHEME' => 'http'
    'SERVER_PROTOCOL' => 'HTTP/1.1'
    'DOCUMENT_ROOT' => '/var/www/html/web'
    'DOCUMENT_URI' => '/index.php'
    'REQUEST_URI' => '/index.php?p=dW2axQ3b%2Factions%2Fusers%2Fsession-info&dontExtendSession=1&v=1778804342227'
    'CONTENT_LENGTH' => ''
    'CONTENT_TYPE' => ''
    'REQUEST_METHOD' => 'GET'
    'QUERY_STRING' => 'p=dW2axQ3b%2Factions%2Fusers%2Fsession-info&dontExtendSession=1&v=1778804342227'
    'SCRIPT_NAME' => '/index.php'
    'SCRIPT_FILENAME' => '/var/www/html/web/index.php'
    'FCGI_ROLE' => 'RESPONDER'
    'PHP_SELF' => '/index.php'
    'REQUEST_TIME_FLOAT' => 1778804342.2348
    'REQUEST_TIME' => 1778804342
    'CRAFT_APP_ID' => 'CraftCMS--3933bc78-29f5-4b79-bcc5-c31faf0fcd20'
    'CRAFT_ENVIRONMENT' => 'dev'
    'ENVIRONMENT' => 'dev'
    'CRAFT_SECURITY_KEY' => '••••••••••••••••••••••••••••••••'
    'CP_TRIGGER' => 'dW2axQ3b'
    'CRAFT_DB_SCHEMA' => 'public'
    'CRAFT_DB_TABLE_PREFIX' => ''
    'DEV_MODE' => 'true'
    'ALLOW_ADMIN_CHANGES' => 'true'
    'DISALLOW_ROBOTS' => 'true'
    'TIMEZONE' => 'Europe/Zurich'
    'CAPTCHA_SITE_KEY' => '••••••••••••••••••••••••••••••••••••••••'
    'CAPTCHA_SECRET_KEY' => '••••••••••••••••••••••••••••••••••••••••'
    'WEB_URL' => 'https://derschmuckmacher-v3.ddev.site'
    'WEB_ROOT' => '/var/www/html/web'
    'ASSETS_BASE_URL' => 'https://derschmuckmacher-v3.ddev.site/public'
    'ASSETS_BASE_PATH' => '/var/www/html/web/public'
    'SCHMUCK_BASE_URL' => 'https://derschmuckmacher-v3.ddev.site/public/uploads/schmuck'
    'SCHMUCK_BASE_PATH' => '/var/www/html/web/public/uploads/schmuck'
    'BILDER_BASE_URL' => 'https://derschmuckmacher-v3.ddev.site/public/uploads/bilder'
    'BILDER_BASE_PATH' => '/var/www/html/web/public/uploads/bilder'
] {"environment":"dev"} 
2026-05-15 02:20:02 [web.INFO] [yii\db\Connection::open] Opening DB connection: mysql:host=db;dbname=db;port=3306 {"memory":1097536} 
2026-05-15 02:20:02 [web.INFO] [yii\web\Session::open] Session started {"memory":1517664} 
2026-05-15 02:20:02 [web.INFO] [nystudio107\codeeditor\CodeEditor::bootstrap] CodeEditor module bootstrapped {"memory":1538632} 
2026-05-15 02:20:02 [web.INFO] [adigital\cookieconsentbanner\CookieConsentBanner::init] Cookie Consent Banner plugin loaded {"memory":1753640} 
2026-05-15 02:20:02 [web.INFO] [miranj\obfuscator\Obfuscator::init] Obfuscator plugin loaded {"memory":2717712} 
2026-05-15 02:20:02 [web.INFO] [application] Request context:
$_GET = [
    'p' => 'dW2axQ3b/actions/users/session-info'
    'dontExtendSession' => '1'
    'v' => '1778804402778'
]

$_POST = []

$_FILES = []

$_COOKIE = [
    'cookieconsent_status' => 'allow'
    'CRAFT_CSRF_TOKEN' => '••••••••••••••••••••••••••••••••••••••••••••••••••••••••••••••••••••••••••••••••••••••••••••••••••••••••••••••••••••••••••••••••••••••••••••••••••••••'
    'CraftSessionId' => '4qeribircfaeqr2afr5a2fff77'
    'a8b7b1ec9ffb8baf2c6eaa253fe57112_username' => '26b9ec8568da68d3882e55afaa5d203483c6c5810ee05b5a55c8a0eb10cab93ea:2:{i:0;s:41:\"a8b7b1ec9ffb8baf2c6eaa253fe57112_username\";i:1;s:8:\"odegiuli\";}'
    'Craft-3626ffc1-d0a3-42e3-98aa-37e8aa759561_sidebar' => 'expanded'
]

$_SESSION = [
    '22b6a59deafcfb2ffb13c3adf3d98a3b__flash' => []
]

$_SERVER = [
    'DEPLOY_NAME' => 'local'
    'DDEV_WEBSERVER_TYPE' => 'nginx-fpm'
    'npm_config_cache' => '/mnt/ddev-global-cache/npm'
    'COREPACK_ENABLE_DOWNLOAD_PROMPT' => '0'
    'DDEV_GOOS' => 'darwin'
    'IS_DDEV_PROJECT' => 'true'
    'PHP_DEFAULT_VERSION' => '8.3'
    'HOSTNAME' => 'derschmuckmacher-v3-web'
    'MAILPIT_SMTP_PORT' => '1025'
    'MH_SMTP_BIND_ADDR' => '127.0.0.1:1025'
    'DDEV_PRIMARY_URL_WITHOUT_PORT' => 'https://derschmuckmacher-v3.ddev.site'
    'CRAFT_DB_PORT' => '3306'
    'SSH_AUTH_SOCK' => '/home/.ssh-agent/socket'
    'DDEV_GID' => '20'
    'NODE_EXTRA_CA_CERTS' => '/mnt/ddev-global-cache/mkcert/rootCA.pem'
    'DOCKER_IP' => '127.0.0.1'
    'PGPASSWORD' => 'db'
    'CRAFT_WEB_ROOT' => '/var/www/html/web'
    'DDEV_DOCROOT' => 'web'
    'PWD' => '/var/www/html'
    'PLATFORMSH_CLI_UPDATES_CHECK' => '0'
    'DDEV_APPROOT' => '/var/www/html'
    'DDEV_FILES_DIR' => ''
    'START_SCRIPT_TIMEOUT' => '57'
    'APACHE_SITE_TEMPLATE' => '/etc/apache2/apache-site.conf'
    'PHP_INI' => '/etc/php/8.3/fpm/php.ini'
    'DDEV_VERSION' => 'v1.24.10'
    'PRIMARY_SITE_URL' => 'https://derschmuckmacher-v3.ddev.site'
    'TZ' => 'Europe/Zurich'
    'DDEV_XHPROF_MODE' => 'prepend'
    'HTTPS_EXPOSE' => '443:80,8026:8025'
    'COREPACK_HOME' => '/mnt/ddev-global-cache/corepack'
    'CRAFT_DB_DATABASE' => 'db'
    'DDEV_PRIMARY_URL' => 'https://derschmuckmacher-v3.ddev.site'
    'LINES' => '6'
    'DDEV_SITENAME' => 'derschmuckmacher-v3'
    'HOME' => '/home/omar'
    'DRUSH_OPTIONS_URI' => 'https://derschmuckmacher-v3.ddev.site'
    'LANG' => 'C.UTF-8'
    'COLUMNS' => '371'
    'DDEV_MUTAGEN_ENABLED' => 'true'
    'DDEV_USER' => 'omar'
    'PGUSER' => 'db'
    'TERMINUS_CACHE_DIR' => '/mnt/ddev-global-cache/terminus/cache'
    'DDEV_PRIMARY_URL_PORT' => '443'
    'DDEV_ROUTER_HTTP_PORT' => '80'
    'MAILPIT_SMTP_HOSTNAME' => '127.0.0.1'
    'CRAFT_DB_DRIVER' => 'mysql'
    'COMPOSER_PROCESS_TIMEOUT' => '2000'
    'NGINX_SITE_TEMPLATE' => '/etc/nginx/nginx-site.conf'
    'DDEV_FILES_DIRS' => ''
    'CRAFT_DB_SERVER' => 'db'
    'HTTP_EXPOSE' => '80:80,8025:8025'
    'NVM_DIR' => '/home/omar/.nvm'
    'DDEV_PHP_VERSION' => '8.3'
    'DDEV_TLD' => 'ddev.site'
    'DDEV_HOSTNAME' => 'derschmuckmacher-v3.ddev.site'
    'DDEV_PROJECT' => 'derschmuckmacher-v3'
    'DDEV_GOARCH' => 'arm64'
    'VIRTUAL_HOST' => 'derschmuckmacher-v3.ddev.site'
    'TERM' => 'xterm'
    'USER' => 'omar'
    'MYSQL_HISTFILE' => '/mnt/ddev-global-cache/mysqlhistory/derschmuckmacher-v3-web/mysql_history'
    'DDEV_WEB_ENTRYPOINT' => '/mnt/ddev_config/web-entrypoint.d'
    'DDEV_UID' => '501'
    'CAROOT' => '/mnt/ddev-global-cache/mkcert'
    'SHLVL' => '1'
    'COMPOSER_ALLOW_SUPERUSER' => '1'
    'BASH_ENV' => '/etc/bash.nointeractive.bashrc'
    'DDEV_DATABASE' => 'mysql:8.0'
    'PGDATABASE' => 'db'
    'CRAFT_DB_USER' => 'db'
    'DDEV_SCHEME' => 'https'
    'XHPROF_OUTPUT_DIR' => '/tmp/xhprof'
    'COMPOSER_CACHE_DIR' => '/mnt/ddev-global-cache/composer'
    'DDEV_XDEBUG_ENABLED' => 'false'
    'DDEV_DATABASE_FAMILY' => 'mysql'
    'PGHOST' => 'db'
    'DDEV_COMPOSER_ROOT' => '/var/www/html'
    'CRAFT_DB_PASSWORD' => '••'
    'DOCROOT' => 'web'
    'TERMINUS_HIDE_UPDATE_MESSAGE' => '1'
    'PATH' => '/home/omar/bin:/var/www/html/vendor/bin:/usr/local/sbin:/usr/local/bin:/usr/sbin:/usr/bin:/sbin:/bin:/var/www/html/bin:/mnt/ddev-global-cache/global-commands/web'
    'HOST_DOCKER_INTERNAL_IP' => ''
    'DDEV_PROJECT_TYPE' => 'craftcms'
    'DEBIAN_FRONTEND' => 'noninteractive'
    'DDEV_ROUTER_HTTPS_PORT' => '443'
    'EXECIGNORE' => '/var/www/html/vendor/bin/composer'
    'SUPERVISOR_ENABLED' => '1'
    'SUPERVISOR_SERVER_URL' => 'unix:///var/run/supervisor.sock'
    'SUPERVISOR_PROCESS_NAME' => 'php-fpm'
    'SUPERVISOR_GROUP_NAME' => 'php-fpm'
    'HTTP_X_REQUESTED_WITH' => 'XMLHttpRequest'
    'HTTP_X_REGISTERED_JS_FILES' => ''
    'HTTP_X_REGISTERED_ASSET_BUNDLES' => 'e38a2e07,22e517a2,aee7f8dc,26c46c25,e505ffd6,6b4d7555,bb2f10a0,e5e48399,815d39ea,fc0bc163,1ccab40d,1e21896b,54698ee0,b842675b,1c3c9add,4b1fd285,d8d08e47,8f00ce04,8768f48b,cf3018d6,ec6d0256,11858fc6,8550f857,6f12186f,c7a8fe38'
    'HTTP_X_REAL_IP' => '172.18.0.1'
    'HTTP_X_FORWARDED_SERVER' => '617e9e3cc3a1'
    'HTTP_X_FORWARDED_PROTO' => 'https'
    'HTTP_X_FORWARDED_PORT' => '443'
    'HTTP_X_FORWARDED_HOST' => 'derschmuckmacher-v3.ddev.site'
    'HTTP_X_FORWARDED_FOR' => '172.18.0.1'
    'HTTP_X_CSRF_TOKEN' => '••••••••••••••••••••••••••••••••••••••••••••••••••••••••••••••••••••••••••••••••••••••••••••••••••••••••••••'
    'HTTP_TE' => 'trailers'
    'HTTP_SEC_GPC' => '1'
    'HTTP_SEC_FETCH_SITE' => 'same-origin'
    'HTTP_SEC_FETCH_MODE' => 'cors'
    'HTTP_SEC_FETCH_DEST' => 'empty'
    'HTTP_REFERER' => 'https://derschmuckmacher-v3.ddev.site/dW2axQ3b/dashboard'
    'HTTP_COOKIE' => 'cookieconsent_status=allow; CRAFT_CSRF_TOKEN=c46764d17b682367679c529f1043872bbfd294280b0a6b522869cb3868f8a6a6a%3A2%3A%7Bi%3A0%3Bs%3A16%3A%22CRAFT_CSRF_TOKEN%22%3Bi%3A1%3Bs%3A40%3A%22oscGmXtgN7lH1IINFeBh9KwfL0sWDqIBBHQCFaaO%22%3B%7D; CraftSessionId=4qeribircfaeqr2afr5a2fff77; a8b7b1ec9ffb8baf2c6eaa253fe57112_username=26b9ec8568da68d3882e55afaa5d203483c6c5810ee05b5a55c8a0eb10cab93ea%3A2%3A%7Bi%3A0%3Bs%3A41%3A%22a8b7b1ec9ffb8baf2c6eaa253fe57112_username%22%3Bi%3A1%3Bs%3A8%3A%22odegiuli%22%3B%7D; Craft-3626ffc1-d0a3-42e3-98aa-37e8aa759561_sidebar=expanded'
    'HTTP_ACCEPT_LANGUAGE' => 'de,en-US;q=0.9,en;q=0.8'
    'HTTP_ACCEPT_ENCODING' => 'gzip, deflate, br, zstd'
    'HTTP_ACCEPT' => 'application/json, text/plain, */*'
    'HTTP_USER_AGENT' => 'Mozilla/5.0 (Macintosh; Intel Mac OS X 10.15; rv:150.0) Gecko/20100101 Firefox/150.0'
    'HTTP_HOST' => 'derschmuckmacher-v3.ddev.site'
    'HTTPS' => 'on'
    'REDIRECT_STATUS' => '200'
    'SERVER_NAME' => 'derschmuckmacher-v3.ddev.site'
    'SERVER_PORT' => '80'
    'SERVER_ADDR' => '172.18.0.3'
    'REMOTE_PORT' => '60084'
    'REMOTE_ADDR' => '172.18.0.5'
    'SERVER_SOFTWARE' => 'nginx/1.28.0'
    'GATEWAY_INTERFACE' => 'CGI/1.1'
    'REQUEST_SCHEME' => 'http'
    'SERVER_PROTOCOL' => 'HTTP/1.1'
    'DOCUMENT_ROOT' => '/var/www/html/web'
    'DOCUMENT_URI' => '/index.php'
    'REQUEST_URI' => '/index.php?p=dW2axQ3b%2Factions%2Fusers%2Fsession-info&dontExtendSession=1&v=1778804402778'
    'CONTENT_LENGTH' => ''
    'CONTENT_TYPE' => ''
    'REQUEST_METHOD' => 'GET'
    'QUERY_STRING' => 'p=dW2axQ3b%2Factions%2Fusers%2Fsession-info&dontExtendSession=1&v=1778804402778'
    'SCRIPT_NAME' => '/index.php'
    'SCRIPT_FILENAME' => '/var/www/html/web/index.php'
    'FCGI_ROLE' => 'RESPONDER'
    'PHP_SELF' => '/index.php'
    'REQUEST_TIME_FLOAT' => 1778804402.7963
    'REQUEST_TIME' => 1778804402
    'CRAFT_APP_ID' => 'CraftCMS--3933bc78-29f5-4b79-bcc5-c31faf0fcd20'
    'CRAFT_ENVIRONMENT' => 'dev'
    'ENVIRONMENT' => 'dev'
    'CRAFT_SECURITY_KEY' => '••••••••••••••••••••••••••••••••'
    'CP_TRIGGER' => 'dW2axQ3b'
    'CRAFT_DB_SCHEMA' => 'public'
    'CRAFT_DB_TABLE_PREFIX' => ''
    'DEV_MODE' => 'true'
    'ALLOW_ADMIN_CHANGES' => 'true'
    'DISALLOW_ROBOTS' => 'true'
    'TIMEZONE' => 'Europe/Zurich'
    'CAPTCHA_SITE_KEY' => '••••••••••••••••••••••••••••••••••••••••'
    'CAPTCHA_SECRET_KEY' => '••••••••••••••••••••••••••••••••••••••••'
    'WEB_URL' => 'https://derschmuckmacher-v3.ddev.site'
    'WEB_ROOT' => '/var/www/html/web'
    'ASSETS_BASE_URL' => 'https://derschmuckmacher-v3.ddev.site/public'
    'ASSETS_BASE_PATH' => '/var/www/html/web/public'
    'SCHMUCK_BASE_URL' => 'https://derschmuckmacher-v3.ddev.site/public/uploads/schmuck'
    'SCHMUCK_BASE_PATH' => '/var/www/html/web/public/uploads/schmuck'
    'BILDER_BASE_URL' => 'https://derschmuckmacher-v3.ddev.site/public/uploads/bilder'
    'BILDER_BASE_PATH' => '/var/www/html/web/public/uploads/bilder'
] {"environment":"dev"} 
2026-05-15 02:21:02 [web.INFO] [yii\db\Connection::open] Opening DB connection: mysql:host=db;dbname=db;port=3306 {"memory":1097536} 
2026-05-15 02:21:02 [web.INFO] [yii\web\Session::open] Session started {"memory":1517664} 
2026-05-15 02:21:02 [web.INFO] [nystudio107\codeeditor\CodeEditor::bootstrap] CodeEditor module bootstrapped {"memory":1538632} 
2026-05-15 02:21:02 [web.INFO] [adigital\cookieconsentbanner\CookieConsentBanner::init] Cookie Consent Banner plugin loaded {"memory":1753640} 
2026-05-15 02:21:02 [web.INFO] [miranj\obfuscator\Obfuscator::init] Obfuscator plugin loaded {"memory":2717712} 
2026-05-15 02:21:02 [web.INFO] [application] Request context:
$_GET = [
    'p' => 'dW2axQ3b/actions/users/session-info'
    'dontExtendSession' => '1'
    'v' => '1778804462851'
]

$_POST = []

$_FILES = []

$_COOKIE = [
    'cookieconsent_status' => 'allow'
    'CRAFT_CSRF_TOKEN' => '••••••••••••••••••••••••••••••••••••••••••••••••••••••••••••••••••••••••••••••••••••••••••••••••••••••••••••••••••••••••••••••••••••••••••••••••••••••'
    'CraftSessionId' => '4qeribircfaeqr2afr5a2fff77'
    'a8b7b1ec9ffb8baf2c6eaa253fe57112_username' => '26b9ec8568da68d3882e55afaa5d203483c6c5810ee05b5a55c8a0eb10cab93ea:2:{i:0;s:41:\"a8b7b1ec9ffb8baf2c6eaa253fe57112_username\";i:1;s:8:\"odegiuli\";}'
    'Craft-3626ffc1-d0a3-42e3-98aa-37e8aa759561_sidebar' => 'expanded'
]

$_SESSION = [
    '22b6a59deafcfb2ffb13c3adf3d98a3b__flash' => []
]

$_SERVER = [
    'DEPLOY_NAME' => 'local'
    'DDEV_WEBSERVER_TYPE' => 'nginx-fpm'
    'npm_config_cache' => '/mnt/ddev-global-cache/npm'
    'COREPACK_ENABLE_DOWNLOAD_PROMPT' => '0'
    'DDEV_GOOS' => 'darwin'
    'IS_DDEV_PROJECT' => 'true'
    'PHP_DEFAULT_VERSION' => '8.3'
    'HOSTNAME' => 'derschmuckmacher-v3-web'
    'MAILPIT_SMTP_PORT' => '1025'
    'MH_SMTP_BIND_ADDR' => '127.0.0.1:1025'
    'DDEV_PRIMARY_URL_WITHOUT_PORT' => 'https://derschmuckmacher-v3.ddev.site'
    'CRAFT_DB_PORT' => '3306'
    'SSH_AUTH_SOCK' => '/home/.ssh-agent/socket'
    'DDEV_GID' => '20'
    'NODE_EXTRA_CA_CERTS' => '/mnt/ddev-global-cache/mkcert/rootCA.pem'
    'DOCKER_IP' => '127.0.0.1'
    'PGPASSWORD' => 'db'
    'CRAFT_WEB_ROOT' => '/var/www/html/web'
    'DDEV_DOCROOT' => 'web'
    'PWD' => '/var/www/html'
    'PLATFORMSH_CLI_UPDATES_CHECK' => '0'
    'DDEV_APPROOT' => '/var/www/html'
    'DDEV_FILES_DIR' => ''
    'START_SCRIPT_TIMEOUT' => '57'
    'APACHE_SITE_TEMPLATE' => '/etc/apache2/apache-site.conf'
    'PHP_INI' => '/etc/php/8.3/fpm/php.ini'
    'DDEV_VERSION' => 'v1.24.10'
    'PRIMARY_SITE_URL' => 'https://derschmuckmacher-v3.ddev.site'
    'TZ' => 'Europe/Zurich'
    'DDEV_XHPROF_MODE' => 'prepend'
    'HTTPS_EXPOSE' => '443:80,8026:8025'
    'COREPACK_HOME' => '/mnt/ddev-global-cache/corepack'
    'CRAFT_DB_DATABASE' => 'db'
    'DDEV_PRIMARY_URL' => 'https://derschmuckmacher-v3.ddev.site'
    'LINES' => '6'
    'DDEV_SITENAME' => 'derschmuckmacher-v3'
    'HOME' => '/home/omar'
    'DRUSH_OPTIONS_URI' => 'https://derschmuckmacher-v3.ddev.site'
    'LANG' => 'C.UTF-8'
    'COLUMNS' => '371'
    'DDEV_MUTAGEN_ENABLED' => 'true'
    'DDEV_USER' => 'omar'
    'PGUSER' => 'db'
    'TERMINUS_CACHE_DIR' => '/mnt/ddev-global-cache/terminus/cache'
    'DDEV_PRIMARY_URL_PORT' => '443'
    'DDEV_ROUTER_HTTP_PORT' => '80'
    'MAILPIT_SMTP_HOSTNAME' => '127.0.0.1'
    'CRAFT_DB_DRIVER' => 'mysql'
    'COMPOSER_PROCESS_TIMEOUT' => '2000'
    'NGINX_SITE_TEMPLATE' => '/etc/nginx/nginx-site.conf'
    'DDEV_FILES_DIRS' => ''
    'CRAFT_DB_SERVER' => 'db'
    'HTTP_EXPOSE' => '80:80,8025:8025'
    'NVM_DIR' => '/home/omar/.nvm'
    'DDEV_PHP_VERSION' => '8.3'
    'DDEV_TLD' => 'ddev.site'
    'DDEV_HOSTNAME' => 'derschmuckmacher-v3.ddev.site'
    'DDEV_PROJECT' => 'derschmuckmacher-v3'
    'DDEV_GOARCH' => 'arm64'
    'VIRTUAL_HOST' => 'derschmuckmacher-v3.ddev.site'
    'TERM' => 'xterm'
    'USER' => 'omar'
    'MYSQL_HISTFILE' => '/mnt/ddev-global-cache/mysqlhistory/derschmuckmacher-v3-web/mysql_history'
    'DDEV_WEB_ENTRYPOINT' => '/mnt/ddev_config/web-entrypoint.d'
    'DDEV_UID' => '501'
    'CAROOT' => '/mnt/ddev-global-cache/mkcert'
    'SHLVL' => '1'
    'COMPOSER_ALLOW_SUPERUSER' => '1'
    'BASH_ENV' => '/etc/bash.nointeractive.bashrc'
    'DDEV_DATABASE' => 'mysql:8.0'
    'PGDATABASE' => 'db'
    'CRAFT_DB_USER' => 'db'
    'DDEV_SCHEME' => 'https'
    'XHPROF_OUTPUT_DIR' => '/tmp/xhprof'
    'COMPOSER_CACHE_DIR' => '/mnt/ddev-global-cache/composer'
    'DDEV_XDEBUG_ENABLED' => 'false'
    'DDEV_DATABASE_FAMILY' => 'mysql'
    'PGHOST' => 'db'
    'DDEV_COMPOSER_ROOT' => '/var/www/html'
    'CRAFT_DB_PASSWORD' => '••'
    'DOCROOT' => 'web'
    'TERMINUS_HIDE_UPDATE_MESSAGE' => '1'
    'PATH' => '/home/omar/bin:/var/www/html/vendor/bin:/usr/local/sbin:/usr/local/bin:/usr/sbin:/usr/bin:/sbin:/bin:/var/www/html/bin:/mnt/ddev-global-cache/global-commands/web'
    'HOST_DOCKER_INTERNAL_IP' => ''
    'DDEV_PROJECT_TYPE' => 'craftcms'
    'DEBIAN_FRONTEND' => 'noninteractive'
    'DDEV_ROUTER_HTTPS_PORT' => '443'
    'EXECIGNORE' => '/var/www/html/vendor/bin/composer'
    'SUPERVISOR_ENABLED' => '1'
    'SUPERVISOR_SERVER_URL' => 'unix:///var/run/supervisor.sock'
    'SUPERVISOR_PROCESS_NAME' => 'php-fpm'
    'SUPERVISOR_GROUP_NAME' => 'php-fpm'
    'HTTP_X_REQUESTED_WITH' => 'XMLHttpRequest'
    'HTTP_X_REGISTERED_JS_FILES' => ''
    'HTTP_X_REGISTERED_ASSET_BUNDLES' => 'e38a2e07,22e517a2,aee7f8dc,26c46c25,e505ffd6,6b4d7555,bb2f10a0,e5e48399,815d39ea,fc0bc163,1ccab40d,1e21896b,54698ee0,b842675b,1c3c9add,4b1fd285,d8d08e47,8f00ce04,8768f48b,cf3018d6,ec6d0256,11858fc6,8550f857,6f12186f,c7a8fe38'
    'HTTP_X_REAL_IP' => '172.18.0.1'
    'HTTP_X_FORWARDED_SERVER' => '617e9e3cc3a1'
    'HTTP_X_FORWARDED_PROTO' => 'https'
    'HTTP_X_FORWARDED_PORT' => '443'
    'HTTP_X_FORWARDED_HOST' => 'derschmuckmacher-v3.ddev.site'
    'HTTP_X_FORWARDED_FOR' => '172.18.0.1'
    'HTTP_X_CSRF_TOKEN' => '••••••••••••••••••••••••••••••••••••••••••••••••••••••••••••••••••••••••••••••••••••••••••••••••••••••••••••'
    'HTTP_TE' => 'trailers'
    'HTTP_SEC_GPC' => '1'
    'HTTP_SEC_FETCH_SITE' => 'same-origin'
    'HTTP_SEC_FETCH_MODE' => 'cors'
    'HTTP_SEC_FETCH_DEST' => 'empty'
    'HTTP_REFERER' => 'https://derschmuckmacher-v3.ddev.site/dW2axQ3b/dashboard'
    'HTTP_COOKIE' => 'cookieconsent_status=allow; CRAFT_CSRF_TOKEN=c46764d17b682367679c529f1043872bbfd294280b0a6b522869cb3868f8a6a6a%3A2%3A%7Bi%3A0%3Bs%3A16%3A%22CRAFT_CSRF_TOKEN%22%3Bi%3A1%3Bs%3A40%3A%22oscGmXtgN7lH1IINFeBh9KwfL0sWDqIBBHQCFaaO%22%3B%7D; CraftSessionId=4qeribircfaeqr2afr5a2fff77; a8b7b1ec9ffb8baf2c6eaa253fe57112_username=26b9ec8568da68d3882e55afaa5d203483c6c5810ee05b5a55c8a0eb10cab93ea%3A2%3A%7Bi%3A0%3Bs%3A41%3A%22a8b7b1ec9ffb8baf2c6eaa253fe57112_username%22%3Bi%3A1%3Bs%3A8%3A%22odegiuli%22%3B%7D; Craft-3626ffc1-d0a3-42e3-98aa-37e8aa759561_sidebar=expanded'
    'HTTP_ACCEPT_LANGUAGE' => 'de,en-US;q=0.9,en;q=0.8'
    'HTTP_ACCEPT_ENCODING' => 'gzip, deflate, br, zstd'
    'HTTP_ACCEPT' => 'application/json, text/plain, */*'
    'HTTP_USER_AGENT' => 'Mozilla/5.0 (Macintosh; Intel Mac OS X 10.15; rv:150.0) Gecko/20100101 Firefox/150.0'
    'HTTP_HOST' => 'derschmuckmacher-v3.ddev.site'
    'HTTPS' => 'on'
    'REDIRECT_STATUS' => '200'
    'SERVER_NAME' => 'derschmuckmacher-v3.ddev.site'
    'SERVER_PORT' => '80'
    'SERVER_ADDR' => '172.18.0.3'
    'REMOTE_PORT' => '52128'
    'REMOTE_ADDR' => '172.18.0.5'
    'SERVER_SOFTWARE' => 'nginx/1.28.0'
    'GATEWAY_INTERFACE' => 'CGI/1.1'
    'REQUEST_SCHEME' => 'http'
    'SERVER_PROTOCOL' => 'HTTP/1.1'
    'DOCUMENT_ROOT' => '/var/www/html/web'
    'DOCUMENT_URI' => '/index.php'
    'REQUEST_URI' => '/index.php?p=dW2axQ3b%2Factions%2Fusers%2Fsession-info&dontExtendSession=1&v=1778804462851'
    'CONTENT_LENGTH' => ''
    'CONTENT_TYPE' => ''
    'REQUEST_METHOD' => 'GET'
    'QUERY_STRING' => 'p=dW2axQ3b%2Factions%2Fusers%2Fsession-info&dontExtendSession=1&v=1778804462851'
    'SCRIPT_NAME' => '/index.php'
    'SCRIPT_FILENAME' => '/var/www/html/web/index.php'
    'FCGI_ROLE' => 'RESPONDER'
    'PHP_SELF' => '/index.php'
    'REQUEST_TIME_FLOAT' => 1778804462.8739
    'REQUEST_TIME' => 1778804462
    'CRAFT_APP_ID' => 'CraftCMS--3933bc78-29f5-4b79-bcc5-c31faf0fcd20'
    'CRAFT_ENVIRONMENT' => 'dev'
    'ENVIRONMENT' => 'dev'
    'CRAFT_SECURITY_KEY' => '••••••••••••••••••••••••••••••••'
    'CP_TRIGGER' => 'dW2axQ3b'
    'CRAFT_DB_SCHEMA' => 'public'
    'CRAFT_DB_TABLE_PREFIX' => ''
    'DEV_MODE' => 'true'
    'ALLOW_ADMIN_CHANGES' => 'true'
    'DISALLOW_ROBOTS' => 'true'
    'TIMEZONE' => 'Europe/Zurich'
    'CAPTCHA_SITE_KEY' => '••••••••••••••••••••••••••••••••••••••••'
    'CAPTCHA_SECRET_KEY' => '••••••••••••••••••••••••••••••••••••••••'
    'WEB_URL' => 'https://derschmuckmacher-v3.ddev.site'
    'WEB_ROOT' => '/var/www/html/web'
    'ASSETS_BASE_URL' => 'https://derschmuckmacher-v3.ddev.site/public'
    'ASSETS_BASE_PATH' => '/var/www/html/web/public'
    'SCHMUCK_BASE_URL' => 'https://derschmuckmacher-v3.ddev.site/public/uploads/schmuck'
    'SCHMUCK_BASE_PATH' => '/var/www/html/web/public/uploads/schmuck'
    'BILDER_BASE_URL' => 'https://derschmuckmacher-v3.ddev.site/public/uploads/bilder'
    'BILDER_BASE_PATH' => '/var/www/html/web/public/uploads/bilder'
] {"environment":"dev"} 
2026-05-15 02:22:02 [web.INFO] [yii\db\Connection::open] Opening DB connection: mysql:host=db;dbname=db;port=3306 {"memory":1097536} 
2026-05-15 02:22:02 [web.INFO] [yii\web\Session::open] Session started {"memory":1517664} 
2026-05-15 02:22:02 [web.INFO] [nystudio107\codeeditor\CodeEditor::bootstrap] CodeEditor module bootstrapped {"memory":1538632} 
2026-05-15 02:22:02 [web.INFO] [adigital\cookieconsentbanner\CookieConsentBanner::init] Cookie Consent Banner plugin loaded {"memory":1753640} 
2026-05-15 02:22:02 [web.INFO] [miranj\obfuscator\Obfuscator::init] Obfuscator plugin loaded {"memory":2717712} 
2026-05-15 02:22:02 [web.INFO] [application] Request context:
$_GET = [
    'p' => 'dW2axQ3b/actions/users/session-info'
    'dontExtendSession' => '1'
    'v' => '1778804522937'
]

$_POST = []

$_FILES = []

$_COOKIE = [
    'cookieconsent_status' => 'allow'
    'CRAFT_CSRF_TOKEN' => '••••••••••••••••••••••••••••••••••••••••••••••••••••••••••••••••••••••••••••••••••••••••••••••••••••••••••••••••••••••••••••••••••••••••••••••••••••••'
    'CraftSessionId' => '4qeribircfaeqr2afr5a2fff77'
    'a8b7b1ec9ffb8baf2c6eaa253fe57112_username' => '26b9ec8568da68d3882e55afaa5d203483c6c5810ee05b5a55c8a0eb10cab93ea:2:{i:0;s:41:\"a8b7b1ec9ffb8baf2c6eaa253fe57112_username\";i:1;s:8:\"odegiuli\";}'
    'Craft-3626ffc1-d0a3-42e3-98aa-37e8aa759561_sidebar' => 'expanded'
]

$_SESSION = [
    '22b6a59deafcfb2ffb13c3adf3d98a3b__flash' => []
]

$_SERVER = [
    'DEPLOY_NAME' => 'local'
    'DDEV_WEBSERVER_TYPE' => 'nginx-fpm'
    'npm_config_cache' => '/mnt/ddev-global-cache/npm'
    'COREPACK_ENABLE_DOWNLOAD_PROMPT' => '0'
    'DDEV_GOOS' => 'darwin'
    'IS_DDEV_PROJECT' => 'true'
    'PHP_DEFAULT_VERSION' => '8.3'
    'HOSTNAME' => 'derschmuckmacher-v3-web'
    'MAILPIT_SMTP_PORT' => '1025'
    'MH_SMTP_BIND_ADDR' => '127.0.0.1:1025'
    'DDEV_PRIMARY_URL_WITHOUT_PORT' => 'https://derschmuckmacher-v3.ddev.site'
    'CRAFT_DB_PORT' => '3306'
    'SSH_AUTH_SOCK' => '/home/.ssh-agent/socket'
    'DDEV_GID' => '20'
    'NODE_EXTRA_CA_CERTS' => '/mnt/ddev-global-cache/mkcert/rootCA.pem'
    'DOCKER_IP' => '127.0.0.1'
    'PGPASSWORD' => 'db'
    'CRAFT_WEB_ROOT' => '/var/www/html/web'
    'DDEV_DOCROOT' => 'web'
    'PWD' => '/var/www/html'
    'PLATFORMSH_CLI_UPDATES_CHECK' => '0'
    'DDEV_APPROOT' => '/var/www/html'
    'DDEV_FILES_DIR' => ''
    'START_SCRIPT_TIMEOUT' => '57'
    'APACHE_SITE_TEMPLATE' => '/etc/apache2/apache-site.conf'
    'PHP_INI' => '/etc/php/8.3/fpm/php.ini'
    'DDEV_VERSION' => 'v1.24.10'
    'PRIMARY_SITE_URL' => 'https://derschmuckmacher-v3.ddev.site'
    'TZ' => 'Europe/Zurich'
    'DDEV_XHPROF_MODE' => 'prepend'
    'HTTPS_EXPOSE' => '443:80,8026:8025'
    'COREPACK_HOME' => '/mnt/ddev-global-cache/corepack'
    'CRAFT_DB_DATABASE' => 'db'
    'DDEV_PRIMARY_URL' => 'https://derschmuckmacher-v3.ddev.site'
    'LINES' => '6'
    'DDEV_SITENAME' => 'derschmuckmacher-v3'
    'HOME' => '/home/omar'
    'DRUSH_OPTIONS_URI' => 'https://derschmuckmacher-v3.ddev.site'
    'LANG' => 'C.UTF-8'
    'COLUMNS' => '371'
    'DDEV_MUTAGEN_ENABLED' => 'true'
    'DDEV_USER' => 'omar'
    'PGUSER' => 'db'
    'TERMINUS_CACHE_DIR' => '/mnt/ddev-global-cache/terminus/cache'
    'DDEV_PRIMARY_URL_PORT' => '443'
    'DDEV_ROUTER_HTTP_PORT' => '80'
    'MAILPIT_SMTP_HOSTNAME' => '127.0.0.1'
    'CRAFT_DB_DRIVER' => 'mysql'
    'COMPOSER_PROCESS_TIMEOUT' => '2000'
    'NGINX_SITE_TEMPLATE' => '/etc/nginx/nginx-site.conf'
    'DDEV_FILES_DIRS' => ''
    'CRAFT_DB_SERVER' => 'db'
    'HTTP_EXPOSE' => '80:80,8025:8025'
    'NVM_DIR' => '/home/omar/.nvm'
    'DDEV_PHP_VERSION' => '8.3'
    'DDEV_TLD' => 'ddev.site'
    'DDEV_HOSTNAME' => 'derschmuckmacher-v3.ddev.site'
    'DDEV_PROJECT' => 'derschmuckmacher-v3'
    'DDEV_GOARCH' => 'arm64'
    'VIRTUAL_HOST' => 'derschmuckmacher-v3.ddev.site'
    'TERM' => 'xterm'
    'USER' => 'omar'
    'MYSQL_HISTFILE' => '/mnt/ddev-global-cache/mysqlhistory/derschmuckmacher-v3-web/mysql_history'
    'DDEV_WEB_ENTRYPOINT' => '/mnt/ddev_config/web-entrypoint.d'
    'DDEV_UID' => '501'
    'CAROOT' => '/mnt/ddev-global-cache/mkcert'
    'SHLVL' => '1'
    'COMPOSER_ALLOW_SUPERUSER' => '1'
    'BASH_ENV' => '/etc/bash.nointeractive.bashrc'
    'DDEV_DATABASE' => 'mysql:8.0'
    'PGDATABASE' => 'db'
    'CRAFT_DB_USER' => 'db'
    'DDEV_SCHEME' => 'https'
    'XHPROF_OUTPUT_DIR' => '/tmp/xhprof'
    'COMPOSER_CACHE_DIR' => '/mnt/ddev-global-cache/composer'
    'DDEV_XDEBUG_ENABLED' => 'false'
    'DDEV_DATABASE_FAMILY' => 'mysql'
    'PGHOST' => 'db'
    'DDEV_COMPOSER_ROOT' => '/var/www/html'
    'CRAFT_DB_PASSWORD' => '••'
    'DOCROOT' => 'web'
    'TERMINUS_HIDE_UPDATE_MESSAGE' => '1'
    'PATH' => '/home/omar/bin:/var/www/html/vendor/bin:/usr/local/sbin:/usr/local/bin:/usr/sbin:/usr/bin:/sbin:/bin:/var/www/html/bin:/mnt/ddev-global-cache/global-commands/web'
    'HOST_DOCKER_INTERNAL_IP' => ''
    'DDEV_PROJECT_TYPE' => 'craftcms'
    'DEBIAN_FRONTEND' => 'noninteractive'
    'DDEV_ROUTER_HTTPS_PORT' => '443'
    'EXECIGNORE' => '/var/www/html/vendor/bin/composer'
    'SUPERVISOR_ENABLED' => '1'
    'SUPERVISOR_SERVER_URL' => 'unix:///var/run/supervisor.sock'
    'SUPERVISOR_PROCESS_NAME' => 'php-fpm'
    'SUPERVISOR_GROUP_NAME' => 'php-fpm'
    'HTTP_X_REQUESTED_WITH' => 'XMLHttpRequest'
    'HTTP_X_REGISTERED_JS_FILES' => ''
    'HTTP_X_REGISTERED_ASSET_BUNDLES' => 'e38a2e07,22e517a2,aee7f8dc,26c46c25,e505ffd6,6b4d7555,bb2f10a0,e5e48399,815d39ea,fc0bc163,1ccab40d,1e21896b,54698ee0,b842675b,1c3c9add,4b1fd285,d8d08e47,8f00ce04,8768f48b,cf3018d6,ec6d0256,11858fc6,8550f857,6f12186f,c7a8fe38'
    'HTTP_X_REAL_IP' => '172.18.0.1'
    'HTTP_X_FORWARDED_SERVER' => '617e9e3cc3a1'
    'HTTP_X_FORWARDED_PROTO' => 'https'
    'HTTP_X_FORWARDED_PORT' => '443'
    'HTTP_X_FORWARDED_HOST' => 'derschmuckmacher-v3.ddev.site'
    'HTTP_X_FORWARDED_FOR' => '172.18.0.1'
    'HTTP_X_CSRF_TOKEN' => '••••••••••••••••••••••••••••••••••••••••••••••••••••••••••••••••••••••••••••••••••••••••••••••••••••••••••••'
    'HTTP_TE' => 'trailers'
    'HTTP_SEC_GPC' => '1'
    'HTTP_SEC_FETCH_SITE' => 'same-origin'
    'HTTP_SEC_FETCH_MODE' => 'cors'
    'HTTP_SEC_FETCH_DEST' => 'empty'
    'HTTP_REFERER' => 'https://derschmuckmacher-v3.ddev.site/dW2axQ3b/dashboard'
    'HTTP_COOKIE' => 'cookieconsent_status=allow; CRAFT_CSRF_TOKEN=c46764d17b682367679c529f1043872bbfd294280b0a6b522869cb3868f8a6a6a%3A2%3A%7Bi%3A0%3Bs%3A16%3A%22CRAFT_CSRF_TOKEN%22%3Bi%3A1%3Bs%3A40%3A%22oscGmXtgN7lH1IINFeBh9KwfL0sWDqIBBHQCFaaO%22%3B%7D; CraftSessionId=4qeribircfaeqr2afr5a2fff77; a8b7b1ec9ffb8baf2c6eaa253fe57112_username=26b9ec8568da68d3882e55afaa5d203483c6c5810ee05b5a55c8a0eb10cab93ea%3A2%3A%7Bi%3A0%3Bs%3A41%3A%22a8b7b1ec9ffb8baf2c6eaa253fe57112_username%22%3Bi%3A1%3Bs%3A8%3A%22odegiuli%22%3B%7D; Craft-3626ffc1-d0a3-42e3-98aa-37e8aa759561_sidebar=expanded'
    'HTTP_ACCEPT_LANGUAGE' => 'de,en-US;q=0.9,en;q=0.8'
    'HTTP_ACCEPT_ENCODING' => 'gzip, deflate, br, zstd'
    'HTTP_ACCEPT' => 'application/json, text/plain, */*'
    'HTTP_USER_AGENT' => 'Mozilla/5.0 (Macintosh; Intel Mac OS X 10.15; rv:150.0) Gecko/20100101 Firefox/150.0'
    'HTTP_HOST' => 'derschmuckmacher-v3.ddev.site'
    'HTTPS' => 'on'
    'REDIRECT_STATUS' => '200'
    'SERVER_NAME' => 'derschmuckmacher-v3.ddev.site'
    'SERVER_PORT' => '80'
    'SERVER_ADDR' => '172.18.0.3'
    'REMOTE_PORT' => '53302'
    'REMOTE_ADDR' => '172.18.0.5'
    'SERVER_SOFTWARE' => 'nginx/1.28.0'
    'GATEWAY_INTERFACE' => 'CGI/1.1'
    'REQUEST_SCHEME' => 'http'
    'SERVER_PROTOCOL' => 'HTTP/1.1'
    'DOCUMENT_ROOT' => '/var/www/html/web'
    'DOCUMENT_URI' => '/index.php'
    'REQUEST_URI' => '/index.php?p=dW2axQ3b%2Factions%2Fusers%2Fsession-info&dontExtendSession=1&v=1778804522937'
    'CONTENT_LENGTH' => ''
    'CONTENT_TYPE' => ''
    'REQUEST_METHOD' => 'GET'
    'QUERY_STRING' => 'p=dW2axQ3b%2Factions%2Fusers%2Fsession-info&dontExtendSession=1&v=1778804522937'
    'SCRIPT_NAME' => '/index.php'
    'SCRIPT_FILENAME' => '/var/www/html/web/index.php'
    'FCGI_ROLE' => 'RESPONDER'
    'PHP_SELF' => '/index.php'
    'REQUEST_TIME_FLOAT' => 1778804522.9522
    'REQUEST_TIME' => 1778804522
    'CRAFT_APP_ID' => 'CraftCMS--3933bc78-29f5-4b79-bcc5-c31faf0fcd20'
    'CRAFT_ENVIRONMENT' => 'dev'
    'ENVIRONMENT' => 'dev'
    'CRAFT_SECURITY_KEY' => '••••••••••••••••••••••••••••••••'
    'CP_TRIGGER' => 'dW2axQ3b'
    'CRAFT_DB_SCHEMA' => 'public'
    'CRAFT_DB_TABLE_PREFIX' => ''
    'DEV_MODE' => 'true'
    'ALLOW_ADMIN_CHANGES' => 'true'
    'DISALLOW_ROBOTS' => 'true'
    'TIMEZONE' => 'Europe/Zurich'
    'CAPTCHA_SITE_KEY' => '••••••••••••••••••••••••••••••••••••••••'
    'CAPTCHA_SECRET_KEY' => '••••••••••••••••••••••••••••••••••••••••'
    'WEB_URL' => 'https://derschmuckmacher-v3.ddev.site'
    'WEB_ROOT' => '/var/www/html/web'
    'ASSETS_BASE_URL' => 'https://derschmuckmacher-v3.ddev.site/public'
    'ASSETS_BASE_PATH' => '/var/www/html/web/public'
    'SCHMUCK_BASE_URL' => 'https://derschmuckmacher-v3.ddev.site/public/uploads/schmuck'
    'SCHMUCK_BASE_PATH' => '/var/www/html/web/public/uploads/schmuck'
    'BILDER_BASE_URL' => 'https://derschmuckmacher-v3.ddev.site/public/uploads/bilder'
    'BILDER_BASE_PATH' => '/var/www/html/web/public/uploads/bilder'
] {"environment":"dev"} 
2026-05-15 02:23:03 [web.INFO] [yii\db\Connection::open] Opening DB connection: mysql:host=db;dbname=db;port=3306 {"memory":1097536} 
2026-05-15 02:23:03 [web.INFO] [yii\web\Session::open] Session started {"memory":1517664} 
2026-05-15 02:23:03 [web.INFO] [nystudio107\codeeditor\CodeEditor::bootstrap] CodeEditor module bootstrapped {"memory":1538632} 
2026-05-15 02:23:03 [web.INFO] [adigital\cookieconsentbanner\CookieConsentBanner::init] Cookie Consent Banner plugin loaded {"memory":1753640} 
2026-05-15 02:23:03 [web.INFO] [miranj\obfuscator\Obfuscator::init] Obfuscator plugin loaded {"memory":2717712} 
2026-05-15 02:23:03 [web.INFO] [application] Request context:
$_GET = [
    'p' => 'dW2axQ3b/actions/users/session-info'
    'dontExtendSession' => '1'
    'v' => '1778804583001'
]

$_POST = []

$_FILES = []

$_COOKIE = [
    'cookieconsent_status' => 'allow'
    'CRAFT_CSRF_TOKEN' => '••••••••••••••••••••••••••••••••••••••••••••••••••••••••••••••••••••••••••••••••••••••••••••••••••••••••••••••••••••••••••••••••••••••••••••••••••••••'
    'CraftSessionId' => '4qeribircfaeqr2afr5a2fff77'
    'a8b7b1ec9ffb8baf2c6eaa253fe57112_username' => '26b9ec8568da68d3882e55afaa5d203483c6c5810ee05b5a55c8a0eb10cab93ea:2:{i:0;s:41:\"a8b7b1ec9ffb8baf2c6eaa253fe57112_username\";i:1;s:8:\"odegiuli\";}'
    'Craft-3626ffc1-d0a3-42e3-98aa-37e8aa759561_sidebar' => 'expanded'
]

$_SESSION = [
    '22b6a59deafcfb2ffb13c3adf3d98a3b__flash' => []
]

$_SERVER = [
    'DEPLOY_NAME' => 'local'
    'DDEV_WEBSERVER_TYPE' => 'nginx-fpm'
    'npm_config_cache' => '/mnt/ddev-global-cache/npm'
    'COREPACK_ENABLE_DOWNLOAD_PROMPT' => '0'
    'DDEV_GOOS' => 'darwin'
    'IS_DDEV_PROJECT' => 'true'
    'PHP_DEFAULT_VERSION' => '8.3'
    'HOSTNAME' => 'derschmuckmacher-v3-web'
    'MAILPIT_SMTP_PORT' => '1025'
    'MH_SMTP_BIND_ADDR' => '127.0.0.1:1025'
    'DDEV_PRIMARY_URL_WITHOUT_PORT' => 'https://derschmuckmacher-v3.ddev.site'
    'CRAFT_DB_PORT' => '3306'
    'SSH_AUTH_SOCK' => '/home/.ssh-agent/socket'
    'DDEV_GID' => '20'
    'NODE_EXTRA_CA_CERTS' => '/mnt/ddev-global-cache/mkcert/rootCA.pem'
    'DOCKER_IP' => '127.0.0.1'
    'PGPASSWORD' => 'db'
    'CRAFT_WEB_ROOT' => '/var/www/html/web'
    'DDEV_DOCROOT' => 'web'
    'PWD' => '/var/www/html'
    'PLATFORMSH_CLI_UPDATES_CHECK' => '0'
    'DDEV_APPROOT' => '/var/www/html'
    'DDEV_FILES_DIR' => ''
    'START_SCRIPT_TIMEOUT' => '57'
    'APACHE_SITE_TEMPLATE' => '/etc/apache2/apache-site.conf'
    'PHP_INI' => '/etc/php/8.3/fpm/php.ini'
    'DDEV_VERSION' => 'v1.24.10'
    'PRIMARY_SITE_URL' => 'https://derschmuckmacher-v3.ddev.site'
    'TZ' => 'Europe/Zurich'
    'DDEV_XHPROF_MODE' => 'prepend'
    'HTTPS_EXPOSE' => '443:80,8026:8025'
    'COREPACK_HOME' => '/mnt/ddev-global-cache/corepack'
    'CRAFT_DB_DATABASE' => 'db'
    'DDEV_PRIMARY_URL' => 'https://derschmuckmacher-v3.ddev.site'
    'LINES' => '6'
    'DDEV_SITENAME' => 'derschmuckmacher-v3'
    'HOME' => '/home/omar'
    'DRUSH_OPTIONS_URI' => 'https://derschmuckmacher-v3.ddev.site'
    'LANG' => 'C.UTF-8'
    'COLUMNS' => '371'
    'DDEV_MUTAGEN_ENABLED' => 'true'
    'DDEV_USER' => 'omar'
    'PGUSER' => 'db'
    'TERMINUS_CACHE_DIR' => '/mnt/ddev-global-cache/terminus/cache'
    'DDEV_PRIMARY_URL_PORT' => '443'
    'DDEV_ROUTER_HTTP_PORT' => '80'
    'MAILPIT_SMTP_HOSTNAME' => '127.0.0.1'
    'CRAFT_DB_DRIVER' => 'mysql'
    'COMPOSER_PROCESS_TIMEOUT' => '2000'
    'NGINX_SITE_TEMPLATE' => '/etc/nginx/nginx-site.conf'
    'DDEV_FILES_DIRS' => ''
    'CRAFT_DB_SERVER' => 'db'
    'HTTP_EXPOSE' => '80:80,8025:8025'
    'NVM_DIR' => '/home/omar/.nvm'
    'DDEV_PHP_VERSION' => '8.3'
    'DDEV_TLD' => 'ddev.site'
    'DDEV_HOSTNAME' => 'derschmuckmacher-v3.ddev.site'
    'DDEV_PROJECT' => 'derschmuckmacher-v3'
    'DDEV_GOARCH' => 'arm64'
    'VIRTUAL_HOST' => 'derschmuckmacher-v3.ddev.site'
    'TERM' => 'xterm'
    'USER' => 'omar'
    'MYSQL_HISTFILE' => '/mnt/ddev-global-cache/mysqlhistory/derschmuckmacher-v3-web/mysql_history'
    'DDEV_WEB_ENTRYPOINT' => '/mnt/ddev_config/web-entrypoint.d'
    'DDEV_UID' => '501'
    'CAROOT' => '/mnt/ddev-global-cache/mkcert'
    'SHLVL' => '1'
    'COMPOSER_ALLOW_SUPERUSER' => '1'
    'BASH_ENV' => '/etc/bash.nointeractive.bashrc'
    'DDEV_DATABASE' => 'mysql:8.0'
    'PGDATABASE' => 'db'
    'CRAFT_DB_USER' => 'db'
    'DDEV_SCHEME' => 'https'
    'XHPROF_OUTPUT_DIR' => '/tmp/xhprof'
    'COMPOSER_CACHE_DIR' => '/mnt/ddev-global-cache/composer'
    'DDEV_XDEBUG_ENABLED' => 'false'
    'DDEV_DATABASE_FAMILY' => 'mysql'
    'PGHOST' => 'db'
    'DDEV_COMPOSER_ROOT' => '/var/www/html'
    'CRAFT_DB_PASSWORD' => '••'
    'DOCROOT' => 'web'
    'TERMINUS_HIDE_UPDATE_MESSAGE' => '1'
    'PATH' => '/home/omar/bin:/var/www/html/vendor/bin:/usr/local/sbin:/usr/local/bin:/usr/sbin:/usr/bin:/sbin:/bin:/var/www/html/bin:/mnt/ddev-global-cache/global-commands/web'
    'HOST_DOCKER_INTERNAL_IP' => ''
    'DDEV_PROJECT_TYPE' => 'craftcms'
    'DEBIAN_FRONTEND' => 'noninteractive'
    'DDEV_ROUTER_HTTPS_PORT' => '443'
    'EXECIGNORE' => '/var/www/html/vendor/bin/composer'
    'SUPERVISOR_ENABLED' => '1'
    'SUPERVISOR_SERVER_URL' => 'unix:///var/run/supervisor.sock'
    'SUPERVISOR_PROCESS_NAME' => 'php-fpm'
    'SUPERVISOR_GROUP_NAME' => 'php-fpm'
    'HTTP_X_REQUESTED_WITH' => 'XMLHttpRequest'
    'HTTP_X_REGISTERED_JS_FILES' => ''
    'HTTP_X_REGISTERED_ASSET_BUNDLES' => 'e38a2e07,22e517a2,aee7f8dc,26c46c25,e505ffd6,6b4d7555,bb2f10a0,e5e48399,815d39ea,fc0bc163,1ccab40d,1e21896b,54698ee0,b842675b,1c3c9add,4b1fd285,d8d08e47,8f00ce04,8768f48b,cf3018d6,ec6d0256,11858fc6,8550f857,6f12186f,c7a8fe38'
    'HTTP_X_REAL_IP' => '172.18.0.1'
    'HTTP_X_FORWARDED_SERVER' => '617e9e3cc3a1'
    'HTTP_X_FORWARDED_PROTO' => 'https'
    'HTTP_X_FORWARDED_PORT' => '443'
    'HTTP_X_FORWARDED_HOST' => 'derschmuckmacher-v3.ddev.site'
    'HTTP_X_FORWARDED_FOR' => '172.18.0.1'
    'HTTP_X_CSRF_TOKEN' => '••••••••••••••••••••••••••••••••••••••••••••••••••••••••••••••••••••••••••••••••••••••••••••••••••••••••••••'
    'HTTP_TE' => 'trailers'
    'HTTP_SEC_GPC' => '1'
    'HTTP_SEC_FETCH_SITE' => 'same-origin'
    'HTTP_SEC_FETCH_MODE' => 'cors'
    'HTTP_SEC_FETCH_DEST' => 'empty'
    'HTTP_REFERER' => 'https://derschmuckmacher-v3.ddev.site/dW2axQ3b/dashboard'
    'HTTP_COOKIE' => 'cookieconsent_status=allow; CRAFT_CSRF_TOKEN=c46764d17b682367679c529f1043872bbfd294280b0a6b522869cb3868f8a6a6a%3A2%3A%7Bi%3A0%3Bs%3A16%3A%22CRAFT_CSRF_TOKEN%22%3Bi%3A1%3Bs%3A40%3A%22oscGmXtgN7lH1IINFeBh9KwfL0sWDqIBBHQCFaaO%22%3B%7D; CraftSessionId=4qeribircfaeqr2afr5a2fff77; a8b7b1ec9ffb8baf2c6eaa253fe57112_username=26b9ec8568da68d3882e55afaa5d203483c6c5810ee05b5a55c8a0eb10cab93ea%3A2%3A%7Bi%3A0%3Bs%3A41%3A%22a8b7b1ec9ffb8baf2c6eaa253fe57112_username%22%3Bi%3A1%3Bs%3A8%3A%22odegiuli%22%3B%7D; Craft-3626ffc1-d0a3-42e3-98aa-37e8aa759561_sidebar=expanded'
    'HTTP_ACCEPT_LANGUAGE' => 'de,en-US;q=0.9,en;q=0.8'
    'HTTP_ACCEPT_ENCODING' => 'gzip, deflate, br, zstd'
    'HTTP_ACCEPT' => 'application/json, text/plain, */*'
    'HTTP_USER_AGENT' => 'Mozilla/5.0 (Macintosh; Intel Mac OS X 10.15; rv:150.0) Gecko/20100101 Firefox/150.0'
    'HTTP_HOST' => 'derschmuckmacher-v3.ddev.site'
    'HTTPS' => 'on'
    'REDIRECT_STATUS' => '200'
    'SERVER_NAME' => 'derschmuckmacher-v3.ddev.site'
    'SERVER_PORT' => '80'
    'SERVER_ADDR' => '172.18.0.3'
    'REMOTE_PORT' => '57836'
    'REMOTE_ADDR' => '172.18.0.5'
    'SERVER_SOFTWARE' => 'nginx/1.28.0'
    'GATEWAY_INTERFACE' => 'CGI/1.1'
    'REQUEST_SCHEME' => 'http'
    'SERVER_PROTOCOL' => 'HTTP/1.1'
    'DOCUMENT_ROOT' => '/var/www/html/web'
    'DOCUMENT_URI' => '/index.php'
    'REQUEST_URI' => '/index.php?p=dW2axQ3b%2Factions%2Fusers%2Fsession-info&dontExtendSession=1&v=1778804583001'
    'CONTENT_LENGTH' => ''
    'CONTENT_TYPE' => ''
    'REQUEST_METHOD' => 'GET'
    'QUERY_STRING' => 'p=dW2axQ3b%2Factions%2Fusers%2Fsession-info&dontExtendSession=1&v=1778804583001'
    'SCRIPT_NAME' => '/index.php'
    'SCRIPT_FILENAME' => '/var/www/html/web/index.php'
    'FCGI_ROLE' => 'RESPONDER'
    'PHP_SELF' => '/index.php'
    'REQUEST_TIME_FLOAT' => 1778804583.0184
    'REQUEST_TIME' => 1778804583
    'CRAFT_APP_ID' => 'CraftCMS--3933bc78-29f5-4b79-bcc5-c31faf0fcd20'
    'CRAFT_ENVIRONMENT' => 'dev'
    'ENVIRONMENT' => 'dev'
    'CRAFT_SECURITY_KEY' => '••••••••••••••••••••••••••••••••'
    'CP_TRIGGER' => 'dW2axQ3b'
    'CRAFT_DB_SCHEMA' => 'public'
    'CRAFT_DB_TABLE_PREFIX' => ''
    'DEV_MODE' => 'true'
    'ALLOW_ADMIN_CHANGES' => 'true'
    'DISALLOW_ROBOTS' => 'true'
    'TIMEZONE' => 'Europe/Zurich'
    'CAPTCHA_SITE_KEY' => '••••••••••••••••••••••••••••••••••••••••'
    'CAPTCHA_SECRET_KEY' => '••••••••••••••••••••••••••••••••••••••••'
    'WEB_URL' => 'https://derschmuckmacher-v3.ddev.site'
    'WEB_ROOT' => '/var/www/html/web'
    'ASSETS_BASE_URL' => 'https://derschmuckmacher-v3.ddev.site/public'
    'ASSETS_BASE_PATH' => '/var/www/html/web/public'
    'SCHMUCK_BASE_URL' => 'https://derschmuckmacher-v3.ddev.site/public/uploads/schmuck'
    'SCHMUCK_BASE_PATH' => '/var/www/html/web/public/uploads/schmuck'
    'BILDER_BASE_URL' => 'https://derschmuckmacher-v3.ddev.site/public/uploads/bilder'
    'BILDER_BASE_PATH' => '/var/www/html/web/public/uploads/bilder'
] {"environment":"dev"} 
2026-05-15 02:24:03 [web.INFO] [yii\db\Connection::open] Opening DB connection: mysql:host=db;dbname=db;port=3306 {"memory":1097536} 
2026-05-15 02:24:03 [web.INFO] [yii\web\Session::open] Session started {"memory":1517664} 
2026-05-15 02:24:03 [web.INFO] [nystudio107\codeeditor\CodeEditor::bootstrap] CodeEditor module bootstrapped {"memory":1538632} 
2026-05-15 02:24:03 [web.INFO] [adigital\cookieconsentbanner\CookieConsentBanner::init] Cookie Consent Banner plugin loaded {"memory":1753640} 
2026-05-15 02:24:03 [web.INFO] [miranj\obfuscator\Obfuscator::init] Obfuscator plugin loaded {"memory":2717712} 
2026-05-15 02:24:03 [web.INFO] [application] Request context:
$_GET = [
    'p' => 'dW2axQ3b/actions/users/session-info'
    'dontExtendSession' => '1'
    'v' => '1778804643072'
]

$_POST = []

$_FILES = []

$_COOKIE = [
    'cookieconsent_status' => 'allow'
    'CRAFT_CSRF_TOKEN' => '••••••••••••••••••••••••••••••••••••••••••••••••••••••••••••••••••••••••••••••••••••••••••••••••••••••••••••••••••••••••••••••••••••••••••••••••••••••'
    'CraftSessionId' => '4qeribircfaeqr2afr5a2fff77'
    'a8b7b1ec9ffb8baf2c6eaa253fe57112_username' => '26b9ec8568da68d3882e55afaa5d203483c6c5810ee05b5a55c8a0eb10cab93ea:2:{i:0;s:41:\"a8b7b1ec9ffb8baf2c6eaa253fe57112_username\";i:1;s:8:\"odegiuli\";}'
    'Craft-3626ffc1-d0a3-42e3-98aa-37e8aa759561_sidebar' => 'expanded'
]

$_SESSION = [
    '22b6a59deafcfb2ffb13c3adf3d98a3b__flash' => []
]

$_SERVER = [
    'DEPLOY_NAME' => 'local'
    'DDEV_WEBSERVER_TYPE' => 'nginx-fpm'
    'npm_config_cache' => '/mnt/ddev-global-cache/npm'
    'COREPACK_ENABLE_DOWNLOAD_PROMPT' => '0'
    'DDEV_GOOS' => 'darwin'
    'IS_DDEV_PROJECT' => 'true'
    'PHP_DEFAULT_VERSION' => '8.3'
    'HOSTNAME' => 'derschmuckmacher-v3-web'
    'MAILPIT_SMTP_PORT' => '1025'
    'MH_SMTP_BIND_ADDR' => '127.0.0.1:1025'
    'DDEV_PRIMARY_URL_WITHOUT_PORT' => 'https://derschmuckmacher-v3.ddev.site'
    'CRAFT_DB_PORT' => '3306'
    'SSH_AUTH_SOCK' => '/home/.ssh-agent/socket'
    'DDEV_GID' => '20'
    'NODE_EXTRA_CA_CERTS' => '/mnt/ddev-global-cache/mkcert/rootCA.pem'
    'DOCKER_IP' => '127.0.0.1'
    'PGPASSWORD' => 'db'
    'CRAFT_WEB_ROOT' => '/var/www/html/web'
    'DDEV_DOCROOT' => 'web'
    'PWD' => '/var/www/html'
    'PLATFORMSH_CLI_UPDATES_CHECK' => '0'
    'DDEV_APPROOT' => '/var/www/html'
    'DDEV_FILES_DIR' => ''
    'START_SCRIPT_TIMEOUT' => '57'
    'APACHE_SITE_TEMPLATE' => '/etc/apache2/apache-site.conf'
    'PHP_INI' => '/etc/php/8.3/fpm/php.ini'
    'DDEV_VERSION' => 'v1.24.10'
    'PRIMARY_SITE_URL' => 'https://derschmuckmacher-v3.ddev.site'
    'TZ' => 'Europe/Zurich'
    'DDEV_XHPROF_MODE' => 'prepend'
    'HTTPS_EXPOSE' => '443:80,8026:8025'
    'COREPACK_HOME' => '/mnt/ddev-global-cache/corepack'
    'CRAFT_DB_DATABASE' => 'db'
    'DDEV_PRIMARY_URL' => 'https://derschmuckmacher-v3.ddev.site'
    'LINES' => '6'
    'DDEV_SITENAME' => 'derschmuckmacher-v3'
    'HOME' => '/home/omar'
    'DRUSH_OPTIONS_URI' => 'https://derschmuckmacher-v3.ddev.site'
    'LANG' => 'C.UTF-8'
    'COLUMNS' => '371'
    'DDEV_MUTAGEN_ENABLED' => 'true'
    'DDEV_USER' => 'omar'
    'PGUSER' => 'db'
    'TERMINUS_CACHE_DIR' => '/mnt/ddev-global-cache/terminus/cache'
    'DDEV_PRIMARY_URL_PORT' => '443'
    'DDEV_ROUTER_HTTP_PORT' => '80'
    'MAILPIT_SMTP_HOSTNAME' => '127.0.0.1'
    'CRAFT_DB_DRIVER' => 'mysql'
    'COMPOSER_PROCESS_TIMEOUT' => '2000'
    'NGINX_SITE_TEMPLATE' => '/etc/nginx/nginx-site.conf'
    'DDEV_FILES_DIRS' => ''
    'CRAFT_DB_SERVER' => 'db'
    'HTTP_EXPOSE' => '80:80,8025:8025'
    'NVM_DIR' => '/home/omar/.nvm'
    'DDEV_PHP_VERSION' => '8.3'
    'DDEV_TLD' => 'ddev.site'
    'DDEV_HOSTNAME' => 'derschmuckmacher-v3.ddev.site'
    'DDEV_PROJECT' => 'derschmuckmacher-v3'
    'DDEV_GOARCH' => 'arm64'
    'VIRTUAL_HOST' => 'derschmuckmacher-v3.ddev.site'
    'TERM' => 'xterm'
    'USER' => 'omar'
    'MYSQL_HISTFILE' => '/mnt/ddev-global-cache/mysqlhistory/derschmuckmacher-v3-web/mysql_history'
    'DDEV_WEB_ENTRYPOINT' => '/mnt/ddev_config/web-entrypoint.d'
    'DDEV_UID' => '501'
    'CAROOT' => '/mnt/ddev-global-cache/mkcert'
    'SHLVL' => '1'
    'COMPOSER_ALLOW_SUPERUSER' => '1'
    'BASH_ENV' => '/etc/bash.nointeractive.bashrc'
    'DDEV_DATABASE' => 'mysql:8.0'
    'PGDATABASE' => 'db'
    'CRAFT_DB_USER' => 'db'
    'DDEV_SCHEME' => 'https'
    'XHPROF_OUTPUT_DIR' => '/tmp/xhprof'
    'COMPOSER_CACHE_DIR' => '/mnt/ddev-global-cache/composer'
    'DDEV_XDEBUG_ENABLED' => 'false'
    'DDEV_DATABASE_FAMILY' => 'mysql'
    'PGHOST' => 'db'
    'DDEV_COMPOSER_ROOT' => '/var/www/html'
    'CRAFT_DB_PASSWORD' => '••'
    'DOCROOT' => 'web'
    'TERMINUS_HIDE_UPDATE_MESSAGE' => '1'
    'PATH' => '/home/omar/bin:/var/www/html/vendor/bin:/usr/local/sbin:/usr/local/bin:/usr/sbin:/usr/bin:/sbin:/bin:/var/www/html/bin:/mnt/ddev-global-cache/global-commands/web'
    'HOST_DOCKER_INTERNAL_IP' => ''
    'DDEV_PROJECT_TYPE' => 'craftcms'
    'DEBIAN_FRONTEND' => 'noninteractive'
    'DDEV_ROUTER_HTTPS_PORT' => '443'
    'EXECIGNORE' => '/var/www/html/vendor/bin/composer'
    'SUPERVISOR_ENABLED' => '1'
    'SUPERVISOR_SERVER_URL' => 'unix:///var/run/supervisor.sock'
    'SUPERVISOR_PROCESS_NAME' => 'php-fpm'
    'SUPERVISOR_GROUP_NAME' => 'php-fpm'
    'HTTP_X_REQUESTED_WITH' => 'XMLHttpRequest'
    'HTTP_X_REGISTERED_JS_FILES' => ''
    'HTTP_X_REGISTERED_ASSET_BUNDLES' => 'e38a2e07,22e517a2,aee7f8dc,26c46c25,e505ffd6,6b4d7555,bb2f10a0,e5e48399,815d39ea,fc0bc163,1ccab40d,1e21896b,54698ee0,b842675b,1c3c9add,4b1fd285,d8d08e47,8f00ce04,8768f48b,cf3018d6,ec6d0256,11858fc6,8550f857,6f12186f,c7a8fe38'
    'HTTP_X_REAL_IP' => '172.18.0.1'
    'HTTP_X_FORWARDED_SERVER' => '617e9e3cc3a1'
    'HTTP_X_FORWARDED_PROTO' => 'https'
    'HTTP_X_FORWARDED_PORT' => '443'
    'HTTP_X_FORWARDED_HOST' => 'derschmuckmacher-v3.ddev.site'
    'HTTP_X_FORWARDED_FOR' => '172.18.0.1'
    'HTTP_X_CSRF_TOKEN' => '••••••••••••••••••••••••••••••••••••••••••••••••••••••••••••••••••••••••••••••••••••••••••••••••••••••••••••'
    'HTTP_TE' => 'trailers'
    'HTTP_SEC_GPC' => '1'
    'HTTP_SEC_FETCH_SITE' => 'same-origin'
    'HTTP_SEC_FETCH_MODE' => 'cors'
    'HTTP_SEC_FETCH_DEST' => 'empty'
    'HTTP_REFERER' => 'https://derschmuckmacher-v3.ddev.site/dW2axQ3b/dashboard'
    'HTTP_COOKIE' => 'cookieconsent_status=allow; CRAFT_CSRF_TOKEN=c46764d17b682367679c529f1043872bbfd294280b0a6b522869cb3868f8a6a6a%3A2%3A%7Bi%3A0%3Bs%3A16%3A%22CRAFT_CSRF_TOKEN%22%3Bi%3A1%3Bs%3A40%3A%22oscGmXtgN7lH1IINFeBh9KwfL0sWDqIBBHQCFaaO%22%3B%7D; CraftSessionId=4qeribircfaeqr2afr5a2fff77; a8b7b1ec9ffb8baf2c6eaa253fe57112_username=26b9ec8568da68d3882e55afaa5d203483c6c5810ee05b5a55c8a0eb10cab93ea%3A2%3A%7Bi%3A0%3Bs%3A41%3A%22a8b7b1ec9ffb8baf2c6eaa253fe57112_username%22%3Bi%3A1%3Bs%3A8%3A%22odegiuli%22%3B%7D; Craft-3626ffc1-d0a3-42e3-98aa-37e8aa759561_sidebar=expanded'
    'HTTP_ACCEPT_LANGUAGE' => 'de,en-US;q=0.9,en;q=0.8'
    'HTTP_ACCEPT_ENCODING' => 'gzip, deflate, br, zstd'
    'HTTP_ACCEPT' => 'application/json, text/plain, */*'
    'HTTP_USER_AGENT' => 'Mozilla/5.0 (Macintosh; Intel Mac OS X 10.15; rv:150.0) Gecko/20100101 Firefox/150.0'
    'HTTP_HOST' => 'derschmuckmacher-v3.ddev.site'
    'HTTPS' => 'on'
    'REDIRECT_STATUS' => '200'
    'SERVER_NAME' => 'derschmuckmacher-v3.ddev.site'
    'SERVER_PORT' => '80'
    'SERVER_ADDR' => '172.18.0.3'
    'REMOTE_PORT' => '56690'
    'REMOTE_ADDR' => '172.18.0.5'
    'SERVER_SOFTWARE' => 'nginx/1.28.0'
    'GATEWAY_INTERFACE' => 'CGI/1.1'
    'REQUEST_SCHEME' => 'http'
    'SERVER_PROTOCOL' => 'HTTP/1.1'
    'DOCUMENT_ROOT' => '/var/www/html/web'
    'DOCUMENT_URI' => '/index.php'
    'REQUEST_URI' => '/index.php?p=dW2axQ3b%2Factions%2Fusers%2Fsession-info&dontExtendSession=1&v=1778804643072'
    'CONTENT_LENGTH' => ''
    'CONTENT_TYPE' => ''
    'REQUEST_METHOD' => 'GET'
    'QUERY_STRING' => 'p=dW2axQ3b%2Factions%2Fusers%2Fsession-info&dontExtendSession=1&v=1778804643072'
    'SCRIPT_NAME' => '/index.php'
    'SCRIPT_FILENAME' => '/var/www/html/web/index.php'
    'FCGI_ROLE' => 'RESPONDER'
    'PHP_SELF' => '/index.php'
    'REQUEST_TIME_FLOAT' => 1778804643.0877
    'REQUEST_TIME' => 1778804643
    'CRAFT_APP_ID' => 'CraftCMS--3933bc78-29f5-4b79-bcc5-c31faf0fcd20'
    'CRAFT_ENVIRONMENT' => 'dev'
    'ENVIRONMENT' => 'dev'
    'CRAFT_SECURITY_KEY' => '••••••••••••••••••••••••••••••••'
    'CP_TRIGGER' => 'dW2axQ3b'
    'CRAFT_DB_SCHEMA' => 'public'
    'CRAFT_DB_TABLE_PREFIX' => ''
    'DEV_MODE' => 'true'
    'ALLOW_ADMIN_CHANGES' => 'true'
    'DISALLOW_ROBOTS' => 'true'
    'TIMEZONE' => 'Europe/Zurich'
    'CAPTCHA_SITE_KEY' => '••••••••••••••••••••••••••••••••••••••••'
    'CAPTCHA_SECRET_KEY' => '••••••••••••••••••••••••••••••••••••••••'
    'WEB_URL' => 'https://derschmuckmacher-v3.ddev.site'
    'WEB_ROOT' => '/var/www/html/web'
    'ASSETS_BASE_URL' => 'https://derschmuckmacher-v3.ddev.site/public'
    'ASSETS_BASE_PATH' => '/var/www/html/web/public'
    'SCHMUCK_BASE_URL' => 'https://derschmuckmacher-v3.ddev.site/public/uploads/schmuck'
    'SCHMUCK_BASE_PATH' => '/var/www/html/web/public/uploads/schmuck'
    'BILDER_BASE_URL' => 'https://derschmuckmacher-v3.ddev.site/public/uploads/bilder'
    'BILDER_BASE_PATH' => '/var/www/html/web/public/uploads/bilder'
] {"environment":"dev"} 
2026-05-15 02:25:03 [web.INFO] [yii\db\Connection::open] Opening DB connection: mysql:host=db;dbname=db;port=3306 {"memory":1097536} 
2026-05-15 02:25:03 [web.INFO] [yii\web\Session::open] Session started {"memory":1517664} 
2026-05-15 02:25:03 [web.INFO] [nystudio107\codeeditor\CodeEditor::bootstrap] CodeEditor module bootstrapped {"memory":1538632} 
2026-05-15 02:25:03 [web.INFO] [adigital\cookieconsentbanner\CookieConsentBanner::init] Cookie Consent Banner plugin loaded {"memory":1753640} 
2026-05-15 02:25:03 [web.INFO] [miranj\obfuscator\Obfuscator::init] Obfuscator plugin loaded {"memory":2717712} 
2026-05-15 02:25:03 [web.INFO] [application] Request context:
$_GET = [
    'p' => 'dW2axQ3b/actions/users/session-info'
    'dontExtendSession' => '1'
    'v' => '1778804703148'
]

$_POST = []

$_FILES = []

$_COOKIE = [
    'cookieconsent_status' => 'allow'
    'CRAFT_CSRF_TOKEN' => '••••••••••••••••••••••••••••••••••••••••••••••••••••••••••••••••••••••••••••••••••••••••••••••••••••••••••••••••••••••••••••••••••••••••••••••••••••••'
    'CraftSessionId' => '4qeribircfaeqr2afr5a2fff77'
    'a8b7b1ec9ffb8baf2c6eaa253fe57112_username' => '26b9ec8568da68d3882e55afaa5d203483c6c5810ee05b5a55c8a0eb10cab93ea:2:{i:0;s:41:\"a8b7b1ec9ffb8baf2c6eaa253fe57112_username\";i:1;s:8:\"odegiuli\";}'
    'Craft-3626ffc1-d0a3-42e3-98aa-37e8aa759561_sidebar' => 'expanded'
]

$_SESSION = [
    '22b6a59deafcfb2ffb13c3adf3d98a3b__flash' => []
]

$_SERVER = [
    'DEPLOY_NAME' => 'local'
    'DDEV_WEBSERVER_TYPE' => 'nginx-fpm'
    'npm_config_cache' => '/mnt/ddev-global-cache/npm'
    'COREPACK_ENABLE_DOWNLOAD_PROMPT' => '0'
    'DDEV_GOOS' => 'darwin'
    'IS_DDEV_PROJECT' => 'true'
    'PHP_DEFAULT_VERSION' => '8.3'
    'HOSTNAME' => 'derschmuckmacher-v3-web'
    'MAILPIT_SMTP_PORT' => '1025'
    'MH_SMTP_BIND_ADDR' => '127.0.0.1:1025'
    'DDEV_PRIMARY_URL_WITHOUT_PORT' => 'https://derschmuckmacher-v3.ddev.site'
    'CRAFT_DB_PORT' => '3306'
    'SSH_AUTH_SOCK' => '/home/.ssh-agent/socket'
    'DDEV_GID' => '20'
    'NODE_EXTRA_CA_CERTS' => '/mnt/ddev-global-cache/mkcert/rootCA.pem'
    'DOCKER_IP' => '127.0.0.1'
    'PGPASSWORD' => 'db'
    'CRAFT_WEB_ROOT' => '/var/www/html/web'
    'DDEV_DOCROOT' => 'web'
    'PWD' => '/var/www/html'
    'PLATFORMSH_CLI_UPDATES_CHECK' => '0'
    'DDEV_APPROOT' => '/var/www/html'
    'DDEV_FILES_DIR' => ''
    'START_SCRIPT_TIMEOUT' => '57'
    'APACHE_SITE_TEMPLATE' => '/etc/apache2/apache-site.conf'
    'PHP_INI' => '/etc/php/8.3/fpm/php.ini'
    'DDEV_VERSION' => 'v1.24.10'
    'PRIMARY_SITE_URL' => 'https://derschmuckmacher-v3.ddev.site'
    'TZ' => 'Europe/Zurich'
    'DDEV_XHPROF_MODE' => 'prepend'
    'HTTPS_EXPOSE' => '443:80,8026:8025'
    'COREPACK_HOME' => '/mnt/ddev-global-cache/corepack'
    'CRAFT_DB_DATABASE' => 'db'
    'DDEV_PRIMARY_URL' => 'https://derschmuckmacher-v3.ddev.site'
    'LINES' => '6'
    'DDEV_SITENAME' => 'derschmuckmacher-v3'
    'HOME' => '/home/omar'
    'DRUSH_OPTIONS_URI' => 'https://derschmuckmacher-v3.ddev.site'
    'LANG' => 'C.UTF-8'
    'COLUMNS' => '371'
    'DDEV_MUTAGEN_ENABLED' => 'true'
    'DDEV_USER' => 'omar'
    'PGUSER' => 'db'
    'TERMINUS_CACHE_DIR' => '/mnt/ddev-global-cache/terminus/cache'
    'DDEV_PRIMARY_URL_PORT' => '443'
    'DDEV_ROUTER_HTTP_PORT' => '80'
    'MAILPIT_SMTP_HOSTNAME' => '127.0.0.1'
    'CRAFT_DB_DRIVER' => 'mysql'
    'COMPOSER_PROCESS_TIMEOUT' => '2000'
    'NGINX_SITE_TEMPLATE' => '/etc/nginx/nginx-site.conf'
    'DDEV_FILES_DIRS' => ''
    'CRAFT_DB_SERVER' => 'db'
    'HTTP_EXPOSE' => '80:80,8025:8025'
    'NVM_DIR' => '/home/omar/.nvm'
    'DDEV_PHP_VERSION' => '8.3'
    'DDEV_TLD' => 'ddev.site'
    'DDEV_HOSTNAME' => 'derschmuckmacher-v3.ddev.site'
    'DDEV_PROJECT' => 'derschmuckmacher-v3'
    'DDEV_GOARCH' => 'arm64'
    'VIRTUAL_HOST' => 'derschmuckmacher-v3.ddev.site'
    'TERM' => 'xterm'
    'USER' => 'omar'
    'MYSQL_HISTFILE' => '/mnt/ddev-global-cache/mysqlhistory/derschmuckmacher-v3-web/mysql_history'
    'DDEV_WEB_ENTRYPOINT' => '/mnt/ddev_config/web-entrypoint.d'
    'DDEV_UID' => '501'
    'CAROOT' => '/mnt/ddev-global-cache/mkcert'
    'SHLVL' => '1'
    'COMPOSER_ALLOW_SUPERUSER' => '1'
    'BASH_ENV' => '/etc/bash.nointeractive.bashrc'
    'DDEV_DATABASE' => 'mysql:8.0'
    'PGDATABASE' => 'db'
    'CRAFT_DB_USER' => 'db'
    'DDEV_SCHEME' => 'https'
    'XHPROF_OUTPUT_DIR' => '/tmp/xhprof'
    'COMPOSER_CACHE_DIR' => '/mnt/ddev-global-cache/composer'
    'DDEV_XDEBUG_ENABLED' => 'false'
    'DDEV_DATABASE_FAMILY' => 'mysql'
    'PGHOST' => 'db'
    'DDEV_COMPOSER_ROOT' => '/var/www/html'
    'CRAFT_DB_PASSWORD' => '••'
    'DOCROOT' => 'web'
    'TERMINUS_HIDE_UPDATE_MESSAGE' => '1'
    'PATH' => '/home/omar/bin:/var/www/html/vendor/bin:/usr/local/sbin:/usr/local/bin:/usr/sbin:/usr/bin:/sbin:/bin:/var/www/html/bin:/mnt/ddev-global-cache/global-commands/web'
    'HOST_DOCKER_INTERNAL_IP' => ''
    'DDEV_PROJECT_TYPE' => 'craftcms'
    'DEBIAN_FRONTEND' => 'noninteractive'
    'DDEV_ROUTER_HTTPS_PORT' => '443'
    'EXECIGNORE' => '/var/www/html/vendor/bin/composer'
    'SUPERVISOR_ENABLED' => '1'
    'SUPERVISOR_SERVER_URL' => 'unix:///var/run/supervisor.sock'
    'SUPERVISOR_PROCESS_NAME' => 'php-fpm'
    'SUPERVISOR_GROUP_NAME' => 'php-fpm'
    'HTTP_X_REQUESTED_WITH' => 'XMLHttpRequest'
    'HTTP_X_REGISTERED_JS_FILES' => ''
    'HTTP_X_REGISTERED_ASSET_BUNDLES' => 'e38a2e07,22e517a2,aee7f8dc,26c46c25,e505ffd6,6b4d7555,bb2f10a0,e5e48399,815d39ea,fc0bc163,1ccab40d,1e21896b,54698ee0,b842675b,1c3c9add,4b1fd285,d8d08e47,8f00ce04,8768f48b,cf3018d6,ec6d0256,11858fc6,8550f857,6f12186f,c7a8fe38'
    'HTTP_X_REAL_IP' => '172.18.0.1'
    'HTTP_X_FORWARDED_SERVER' => '617e9e3cc3a1'
    'HTTP_X_FORWARDED_PROTO' => 'https'
    'HTTP_X_FORWARDED_PORT' => '443'
    'HTTP_X_FORWARDED_HOST' => 'derschmuckmacher-v3.ddev.site'
    'HTTP_X_FORWARDED_FOR' => '172.18.0.1'
    'HTTP_X_CSRF_TOKEN' => '••••••••••••••••••••••••••••••••••••••••••••••••••••••••••••••••••••••••••••••••••••••••••••••••••••••••••••'
    'HTTP_TE' => 'trailers'
    'HTTP_SEC_GPC' => '1'
    'HTTP_SEC_FETCH_SITE' => 'same-origin'
    'HTTP_SEC_FETCH_MODE' => 'cors'
    'HTTP_SEC_FETCH_DEST' => 'empty'
    'HTTP_REFERER' => 'https://derschmuckmacher-v3.ddev.site/dW2axQ3b/dashboard'
    'HTTP_COOKIE' => 'cookieconsent_status=allow; CRAFT_CSRF_TOKEN=c46764d17b682367679c529f1043872bbfd294280b0a6b522869cb3868f8a6a6a%3A2%3A%7Bi%3A0%3Bs%3A16%3A%22CRAFT_CSRF_TOKEN%22%3Bi%3A1%3Bs%3A40%3A%22oscGmXtgN7lH1IINFeBh9KwfL0sWDqIBBHQCFaaO%22%3B%7D; CraftSessionId=4qeribircfaeqr2afr5a2fff77; a8b7b1ec9ffb8baf2c6eaa253fe57112_username=26b9ec8568da68d3882e55afaa5d203483c6c5810ee05b5a55c8a0eb10cab93ea%3A2%3A%7Bi%3A0%3Bs%3A41%3A%22a8b7b1ec9ffb8baf2c6eaa253fe57112_username%22%3Bi%3A1%3Bs%3A8%3A%22odegiuli%22%3B%7D; Craft-3626ffc1-d0a3-42e3-98aa-37e8aa759561_sidebar=expanded'
    'HTTP_ACCEPT_LANGUAGE' => 'de,en-US;q=0.9,en;q=0.8'
    'HTTP_ACCEPT_ENCODING' => 'gzip, deflate, br, zstd'
    'HTTP_ACCEPT' => 'application/json, text/plain, */*'
    'HTTP_USER_AGENT' => 'Mozilla/5.0 (Macintosh; Intel Mac OS X 10.15; rv:150.0) Gecko/20100101 Firefox/150.0'
    'HTTP_HOST' => 'derschmuckmacher-v3.ddev.site'
    'HTTPS' => 'on'
    'REDIRECT_STATUS' => '200'
    'SERVER_NAME' => 'derschmuckmacher-v3.ddev.site'
    'SERVER_PORT' => '80'
    'SERVER_ADDR' => '172.18.0.3'
    'REMOTE_PORT' => '51284'
    'REMOTE_ADDR' => '172.18.0.5'
    'SERVER_SOFTWARE' => 'nginx/1.28.0'
    'GATEWAY_INTERFACE' => 'CGI/1.1'
    'REQUEST_SCHEME' => 'http'
    'SERVER_PROTOCOL' => 'HTTP/1.1'
    'DOCUMENT_ROOT' => '/var/www/html/web'
    'DOCUMENT_URI' => '/index.php'
    'REQUEST_URI' => '/index.php?p=dW2axQ3b%2Factions%2Fusers%2Fsession-info&dontExtendSession=1&v=1778804703148'
    'CONTENT_LENGTH' => ''
    'CONTENT_TYPE' => ''
    'REQUEST_METHOD' => 'GET'
    'QUERY_STRING' => 'p=dW2axQ3b%2Factions%2Fusers%2Fsession-info&dontExtendSession=1&v=1778804703148'
    'SCRIPT_NAME' => '/index.php'
    'SCRIPT_FILENAME' => '/var/www/html/web/index.php'
    'FCGI_ROLE' => 'RESPONDER'
    'PHP_SELF' => '/index.php'
    'REQUEST_TIME_FLOAT' => 1778804703.1616
    'REQUEST_TIME' => 1778804703
    'CRAFT_APP_ID' => 'CraftCMS--3933bc78-29f5-4b79-bcc5-c31faf0fcd20'
    'CRAFT_ENVIRONMENT' => 'dev'
    'ENVIRONMENT' => 'dev'
    'CRAFT_SECURITY_KEY' => '••••••••••••••••••••••••••••••••'
    'CP_TRIGGER' => 'dW2axQ3b'
    'CRAFT_DB_SCHEMA' => 'public'
    'CRAFT_DB_TABLE_PREFIX' => ''
    'DEV_MODE' => 'true'
    'ALLOW_ADMIN_CHANGES' => 'true'
    'DISALLOW_ROBOTS' => 'true'
    'TIMEZONE' => 'Europe/Zurich'
    'CAPTCHA_SITE_KEY' => '••••••••••••••••••••••••••••••••••••••••'
    'CAPTCHA_SECRET_KEY' => '••••••••••••••••••••••••••••••••••••••••'
    'WEB_URL' => 'https://derschmuckmacher-v3.ddev.site'
    'WEB_ROOT' => '/var/www/html/web'
    'ASSETS_BASE_URL' => 'https://derschmuckmacher-v3.ddev.site/public'
    'ASSETS_BASE_PATH' => '/var/www/html/web/public'
    'SCHMUCK_BASE_URL' => 'https://derschmuckmacher-v3.ddev.site/public/uploads/schmuck'
    'SCHMUCK_BASE_PATH' => '/var/www/html/web/public/uploads/schmuck'
    'BILDER_BASE_URL' => 'https://derschmuckmacher-v3.ddev.site/public/uploads/bilder'
    'BILDER_BASE_PATH' => '/var/www/html/web/public/uploads/bilder'
] {"environment":"dev"} 
2026-05-15 02:26:03 [web.INFO] [yii\db\Connection::open] Opening DB connection: mysql:host=db;dbname=db;port=3306 {"memory":1097536} 
2026-05-15 02:26:03 [web.INFO] [yii\web\Session::open] Session started {"memory":1517664} 
2026-05-15 02:26:03 [web.INFO] [nystudio107\codeeditor\CodeEditor::bootstrap] CodeEditor module bootstrapped {"memory":1538632} 
2026-05-15 02:26:03 [web.INFO] [adigital\cookieconsentbanner\CookieConsentBanner::init] Cookie Consent Banner plugin loaded {"memory":1753640} 
2026-05-15 02:26:03 [web.INFO] [miranj\obfuscator\Obfuscator::init] Obfuscator plugin loaded {"memory":2717712} 
2026-05-15 02:26:03 [web.INFO] [application] Request context:
$_GET = [
    'p' => 'dW2axQ3b/actions/users/session-info'
    'dontExtendSession' => '1'
    'v' => '1778804763666'
]

$_POST = []

$_FILES = []

$_COOKIE = [
    'cookieconsent_status' => 'allow'
    'CRAFT_CSRF_TOKEN' => '••••••••••••••••••••••••••••••••••••••••••••••••••••••••••••••••••••••••••••••••••••••••••••••••••••••••••••••••••••••••••••••••••••••••••••••••••••••'
    'CraftSessionId' => '4qeribircfaeqr2afr5a2fff77'
    'a8b7b1ec9ffb8baf2c6eaa253fe57112_username' => '26b9ec8568da68d3882e55afaa5d203483c6c5810ee05b5a55c8a0eb10cab93ea:2:{i:0;s:41:\"a8b7b1ec9ffb8baf2c6eaa253fe57112_username\";i:1;s:8:\"odegiuli\";}'
    'Craft-3626ffc1-d0a3-42e3-98aa-37e8aa759561_sidebar' => 'expanded'
]

$_SESSION = [
    '22b6a59deafcfb2ffb13c3adf3d98a3b__flash' => []
]

$_SERVER = [
    'DEPLOY_NAME' => 'local'
    'DDEV_WEBSERVER_TYPE' => 'nginx-fpm'
    'npm_config_cache' => '/mnt/ddev-global-cache/npm'
    'COREPACK_ENABLE_DOWNLOAD_PROMPT' => '0'
    'DDEV_GOOS' => 'darwin'
    'IS_DDEV_PROJECT' => 'true'
    'PHP_DEFAULT_VERSION' => '8.3'
    'HOSTNAME' => 'derschmuckmacher-v3-web'
    'MAILPIT_SMTP_PORT' => '1025'
    'MH_SMTP_BIND_ADDR' => '127.0.0.1:1025'
    'DDEV_PRIMARY_URL_WITHOUT_PORT' => 'https://derschmuckmacher-v3.ddev.site'
    'CRAFT_DB_PORT' => '3306'
    'SSH_AUTH_SOCK' => '/home/.ssh-agent/socket'
    'DDEV_GID' => '20'
    'NODE_EXTRA_CA_CERTS' => '/mnt/ddev-global-cache/mkcert/rootCA.pem'
    'DOCKER_IP' => '127.0.0.1'
    'PGPASSWORD' => 'db'
    'CRAFT_WEB_ROOT' => '/var/www/html/web'
    'DDEV_DOCROOT' => 'web'
    'PWD' => '/var/www/html'
    'PLATFORMSH_CLI_UPDATES_CHECK' => '0'
    'DDEV_APPROOT' => '/var/www/html'
    'DDEV_FILES_DIR' => ''
    'START_SCRIPT_TIMEOUT' => '57'
    'APACHE_SITE_TEMPLATE' => '/etc/apache2/apache-site.conf'
    'PHP_INI' => '/etc/php/8.3/fpm/php.ini'
    'DDEV_VERSION' => 'v1.24.10'
    'PRIMARY_SITE_URL' => 'https://derschmuckmacher-v3.ddev.site'
    'TZ' => 'Europe/Zurich'
    'DDEV_XHPROF_MODE' => 'prepend'
    'HTTPS_EXPOSE' => '443:80,8026:8025'
    'COREPACK_HOME' => '/mnt/ddev-global-cache/corepack'
    'CRAFT_DB_DATABASE' => 'db'
    'DDEV_PRIMARY_URL' => 'https://derschmuckmacher-v3.ddev.site'
    'LINES' => '6'
    'DDEV_SITENAME' => 'derschmuckmacher-v3'
    'HOME' => '/home/omar'
    'DRUSH_OPTIONS_URI' => 'https://derschmuckmacher-v3.ddev.site'
    'LANG' => 'C.UTF-8'
    'COLUMNS' => '371'
    'DDEV_MUTAGEN_ENABLED' => 'true'
    'DDEV_USER' => 'omar'
    'PGUSER' => 'db'
    'TERMINUS_CACHE_DIR' => '/mnt/ddev-global-cache/terminus/cache'
    'DDEV_PRIMARY_URL_PORT' => '443'
    'DDEV_ROUTER_HTTP_PORT' => '80'
    'MAILPIT_SMTP_HOSTNAME' => '127.0.0.1'
    'CRAFT_DB_DRIVER' => 'mysql'
    'COMPOSER_PROCESS_TIMEOUT' => '2000'
    'NGINX_SITE_TEMPLATE' => '/etc/nginx/nginx-site.conf'
    'DDEV_FILES_DIRS' => ''
    'CRAFT_DB_SERVER' => 'db'
    'HTTP_EXPOSE' => '80:80,8025:8025'
    'NVM_DIR' => '/home/omar/.nvm'
    'DDEV_PHP_VERSION' => '8.3'
    'DDEV_TLD' => 'ddev.site'
    'DDEV_HOSTNAME' => 'derschmuckmacher-v3.ddev.site'
    'DDEV_PROJECT' => 'derschmuckmacher-v3'
    'DDEV_GOARCH' => 'arm64'
    'VIRTUAL_HOST' => 'derschmuckmacher-v3.ddev.site'
    'TERM' => 'xterm'
    'USER' => 'omar'
    'MYSQL_HISTFILE' => '/mnt/ddev-global-cache/mysqlhistory/derschmuckmacher-v3-web/mysql_history'
    'DDEV_WEB_ENTRYPOINT' => '/mnt/ddev_config/web-entrypoint.d'
    'DDEV_UID' => '501'
    'CAROOT' => '/mnt/ddev-global-cache/mkcert'
    'SHLVL' => '1'
    'COMPOSER_ALLOW_SUPERUSER' => '1'
    'BASH_ENV' => '/etc/bash.nointeractive.bashrc'
    'DDEV_DATABASE' => 'mysql:8.0'
    'PGDATABASE' => 'db'
    'CRAFT_DB_USER' => 'db'
    'DDEV_SCHEME' => 'https'
    'XHPROF_OUTPUT_DIR' => '/tmp/xhprof'
    'COMPOSER_CACHE_DIR' => '/mnt/ddev-global-cache/composer'
    'DDEV_XDEBUG_ENABLED' => 'false'
    'DDEV_DATABASE_FAMILY' => 'mysql'
    'PGHOST' => 'db'
    'DDEV_COMPOSER_ROOT' => '/var/www/html'
    'CRAFT_DB_PASSWORD' => '••'
    'DOCROOT' => 'web'
    'TERMINUS_HIDE_UPDATE_MESSAGE' => '1'
    'PATH' => '/home/omar/bin:/var/www/html/vendor/bin:/usr/local/sbin:/usr/local/bin:/usr/sbin:/usr/bin:/sbin:/bin:/var/www/html/bin:/mnt/ddev-global-cache/global-commands/web'
    'HOST_DOCKER_INTERNAL_IP' => ''
    'DDEV_PROJECT_TYPE' => 'craftcms'
    'DEBIAN_FRONTEND' => 'noninteractive'
    'DDEV_ROUTER_HTTPS_PORT' => '443'
    'EXECIGNORE' => '/var/www/html/vendor/bin/composer'
    'SUPERVISOR_ENABLED' => '1'
    'SUPERVISOR_SERVER_URL' => 'unix:///var/run/supervisor.sock'
    'SUPERVISOR_PROCESS_NAME' => 'php-fpm'
    'SUPERVISOR_GROUP_NAME' => 'php-fpm'
    'HTTP_X_REQUESTED_WITH' => 'XMLHttpRequest'
    'HTTP_X_REGISTERED_JS_FILES' => ''
    'HTTP_X_REGISTERED_ASSET_BUNDLES' => 'e38a2e07,22e517a2,aee7f8dc,26c46c25,e505ffd6,6b4d7555,bb2f10a0,e5e48399,815d39ea,fc0bc163,1ccab40d,1e21896b,54698ee0,b842675b,1c3c9add,4b1fd285,d8d08e47,8f00ce04,8768f48b,cf3018d6,ec6d0256,11858fc6,8550f857,6f12186f,c7a8fe38'
    'HTTP_X_REAL_IP' => '172.18.0.1'
    'HTTP_X_FORWARDED_SERVER' => '617e9e3cc3a1'
    'HTTP_X_FORWARDED_PROTO' => 'https'
    'HTTP_X_FORWARDED_PORT' => '443'
    'HTTP_X_FORWARDED_HOST' => 'derschmuckmacher-v3.ddev.site'
    'HTTP_X_FORWARDED_FOR' => '172.18.0.1'
    'HTTP_X_CSRF_TOKEN' => '••••••••••••••••••••••••••••••••••••••••••••••••••••••••••••••••••••••••••••••••••••••••••••••••••••••••••••'
    'HTTP_TE' => 'trailers'
    'HTTP_SEC_GPC' => '1'
    'HTTP_SEC_FETCH_SITE' => 'same-origin'
    'HTTP_SEC_FETCH_MODE' => 'cors'
    'HTTP_SEC_FETCH_DEST' => 'empty'
    'HTTP_REFERER' => 'https://derschmuckmacher-v3.ddev.site/dW2axQ3b/dashboard'
    'HTTP_COOKIE' => 'cookieconsent_status=allow; CRAFT_CSRF_TOKEN=c46764d17b682367679c529f1043872bbfd294280b0a6b522869cb3868f8a6a6a%3A2%3A%7Bi%3A0%3Bs%3A16%3A%22CRAFT_CSRF_TOKEN%22%3Bi%3A1%3Bs%3A40%3A%22oscGmXtgN7lH1IINFeBh9KwfL0sWDqIBBHQCFaaO%22%3B%7D; CraftSessionId=4qeribircfaeqr2afr5a2fff77; a8b7b1ec9ffb8baf2c6eaa253fe57112_username=26b9ec8568da68d3882e55afaa5d203483c6c5810ee05b5a55c8a0eb10cab93ea%3A2%3A%7Bi%3A0%3Bs%3A41%3A%22a8b7b1ec9ffb8baf2c6eaa253fe57112_username%22%3Bi%3A1%3Bs%3A8%3A%22odegiuli%22%3B%7D; Craft-3626ffc1-d0a3-42e3-98aa-37e8aa759561_sidebar=expanded'
    'HTTP_ACCEPT_LANGUAGE' => 'de,en-US;q=0.9,en;q=0.8'
    'HTTP_ACCEPT_ENCODING' => 'gzip, deflate, br, zstd'
    'HTTP_ACCEPT' => 'application/json, text/plain, */*'
    'HTTP_USER_AGENT' => 'Mozilla/5.0 (Macintosh; Intel Mac OS X 10.15; rv:150.0) Gecko/20100101 Firefox/150.0'
    'HTTP_HOST' => 'derschmuckmacher-v3.ddev.site'
    'HTTPS' => 'on'
    'REDIRECT_STATUS' => '200'
    'SERVER_NAME' => 'derschmuckmacher-v3.ddev.site'
    'SERVER_PORT' => '80'
    'SERVER_ADDR' => '172.18.0.3'
    'REMOTE_PORT' => '43586'
    'REMOTE_ADDR' => '172.18.0.5'
    'SERVER_SOFTWARE' => 'nginx/1.28.0'
    'GATEWAY_INTERFACE' => 'CGI/1.1'
    'REQUEST_SCHEME' => 'http'
    'SERVER_PROTOCOL' => 'HTTP/1.1'
    'DOCUMENT_ROOT' => '/var/www/html/web'
    'DOCUMENT_URI' => '/index.php'
    'REQUEST_URI' => '/index.php?p=dW2axQ3b%2Factions%2Fusers%2Fsession-info&dontExtendSession=1&v=1778804763666'
    'CONTENT_LENGTH' => ''
    'CONTENT_TYPE' => ''
    'REQUEST_METHOD' => 'GET'
    'QUERY_STRING' => 'p=dW2axQ3b%2Factions%2Fusers%2Fsession-info&dontExtendSession=1&v=1778804763666'
    'SCRIPT_NAME' => '/index.php'
    'SCRIPT_FILENAME' => '/var/www/html/web/index.php'
    'FCGI_ROLE' => 'RESPONDER'
    'PHP_SELF' => '/index.php'
    'REQUEST_TIME_FLOAT' => 1778804763.6843
    'REQUEST_TIME' => 1778804763
    'CRAFT_APP_ID' => 'CraftCMS--3933bc78-29f5-4b79-bcc5-c31faf0fcd20'
    'CRAFT_ENVIRONMENT' => 'dev'
    'ENVIRONMENT' => 'dev'
    'CRAFT_SECURITY_KEY' => '••••••••••••••••••••••••••••••••'
    'CP_TRIGGER' => 'dW2axQ3b'
    'CRAFT_DB_SCHEMA' => 'public'
    'CRAFT_DB_TABLE_PREFIX' => ''
    'DEV_MODE' => 'true'
    'ALLOW_ADMIN_CHANGES' => 'true'
    'DISALLOW_ROBOTS' => 'true'
    'TIMEZONE' => 'Europe/Zurich'
    'CAPTCHA_SITE_KEY' => '••••••••••••••••••••••••••••••••••••••••'
    'CAPTCHA_SECRET_KEY' => '••••••••••••••••••••••••••••••••••••••••'
    'WEB_URL' => 'https://derschmuckmacher-v3.ddev.site'
    'WEB_ROOT' => '/var/www/html/web'
    'ASSETS_BASE_URL' => 'https://derschmuckmacher-v3.ddev.site/public'
    'ASSETS_BASE_PATH' => '/var/www/html/web/public'
    'SCHMUCK_BASE_URL' => 'https://derschmuckmacher-v3.ddev.site/public/uploads/schmuck'
    'SCHMUCK_BASE_PATH' => '/var/www/html/web/public/uploads/schmuck'
    'BILDER_BASE_URL' => 'https://derschmuckmacher-v3.ddev.site/public/uploads/bilder'
    'BILDER_BASE_PATH' => '/var/www/html/web/public/uploads/bilder'
] {"environment":"dev"} 
2026-05-15 02:27:03 [web.INFO] [yii\db\Connection::open] Opening DB connection: mysql:host=db;dbname=db;port=3306 {"memory":1097536} 
2026-05-15 02:27:03 [web.INFO] [yii\web\Session::open] Session started {"memory":1517664} 
2026-05-15 02:27:03 [web.INFO] [nystudio107\codeeditor\CodeEditor::bootstrap] CodeEditor module bootstrapped {"memory":1538632} 
2026-05-15 02:27:03 [web.INFO] [adigital\cookieconsentbanner\CookieConsentBanner::init] Cookie Consent Banner plugin loaded {"memory":1753640} 
2026-05-15 02:27:03 [web.INFO] [miranj\obfuscator\Obfuscator::init] Obfuscator plugin loaded {"memory":2717712} 
2026-05-15 02:27:03 [web.INFO] [application] Request context:
$_GET = [
    'p' => 'dW2axQ3b/actions/users/session-info'
    'dontExtendSession' => '1'
    'v' => '1778804823733'
]

$_POST = []

$_FILES = []

$_COOKIE = [
    'cookieconsent_status' => 'allow'
    'CRAFT_CSRF_TOKEN' => '••••••••••••••••••••••••••••••••••••••••••••••••••••••••••••••••••••••••••••••••••••••••••••••••••••••••••••••••••••••••••••••••••••••••••••••••••••••'
    'CraftSessionId' => '4qeribircfaeqr2afr5a2fff77'
    'a8b7b1ec9ffb8baf2c6eaa253fe57112_username' => '26b9ec8568da68d3882e55afaa5d203483c6c5810ee05b5a55c8a0eb10cab93ea:2:{i:0;s:41:\"a8b7b1ec9ffb8baf2c6eaa253fe57112_username\";i:1;s:8:\"odegiuli\";}'
    'Craft-3626ffc1-d0a3-42e3-98aa-37e8aa759561_sidebar' => 'expanded'
]

$_SESSION = [
    '22b6a59deafcfb2ffb13c3adf3d98a3b__flash' => []
]

$_SERVER = [
    'DEPLOY_NAME' => 'local'
    'DDEV_WEBSERVER_TYPE' => 'nginx-fpm'
    'npm_config_cache' => '/mnt/ddev-global-cache/npm'
    'COREPACK_ENABLE_DOWNLOAD_PROMPT' => '0'
    'DDEV_GOOS' => 'darwin'
    'IS_DDEV_PROJECT' => 'true'
    'PHP_DEFAULT_VERSION' => '8.3'
    'HOSTNAME' => 'derschmuckmacher-v3-web'
    'MAILPIT_SMTP_PORT' => '1025'
    'MH_SMTP_BIND_ADDR' => '127.0.0.1:1025'
    'DDEV_PRIMARY_URL_WITHOUT_PORT' => 'https://derschmuckmacher-v3.ddev.site'
    'CRAFT_DB_PORT' => '3306'
    'SSH_AUTH_SOCK' => '/home/.ssh-agent/socket'
    'DDEV_GID' => '20'
    'NODE_EXTRA_CA_CERTS' => '/mnt/ddev-global-cache/mkcert/rootCA.pem'
    'DOCKER_IP' => '127.0.0.1'
    'PGPASSWORD' => 'db'
    'CRAFT_WEB_ROOT' => '/var/www/html/web'
    'DDEV_DOCROOT' => 'web'
    'PWD' => '/var/www/html'
    'PLATFORMSH_CLI_UPDATES_CHECK' => '0'
    'DDEV_APPROOT' => '/var/www/html'
    'DDEV_FILES_DIR' => ''
    'START_SCRIPT_TIMEOUT' => '57'
    'APACHE_SITE_TEMPLATE' => '/etc/apache2/apache-site.conf'
    'PHP_INI' => '/etc/php/8.3/fpm/php.ini'
    'DDEV_VERSION' => 'v1.24.10'
    'PRIMARY_SITE_URL' => 'https://derschmuckmacher-v3.ddev.site'
    'TZ' => 'Europe/Zurich'
    'DDEV_XHPROF_MODE' => 'prepend'
    'HTTPS_EXPOSE' => '443:80,8026:8025'
    'COREPACK_HOME' => '/mnt/ddev-global-cache/corepack'
    'CRAFT_DB_DATABASE' => 'db'
    'DDEV_PRIMARY_URL' => 'https://derschmuckmacher-v3.ddev.site'
    'LINES' => '6'
    'DDEV_SITENAME' => 'derschmuckmacher-v3'
    'HOME' => '/home/omar'
    'DRUSH_OPTIONS_URI' => 'https://derschmuckmacher-v3.ddev.site'
    'LANG' => 'C.UTF-8'
    'COLUMNS' => '371'
    'DDEV_MUTAGEN_ENABLED' => 'true'
    'DDEV_USER' => 'omar'
    'PGUSER' => 'db'
    'TERMINUS_CACHE_DIR' => '/mnt/ddev-global-cache/terminus/cache'
    'DDEV_PRIMARY_URL_PORT' => '443'
    'DDEV_ROUTER_HTTP_PORT' => '80'
    'MAILPIT_SMTP_HOSTNAME' => '127.0.0.1'
    'CRAFT_DB_DRIVER' => 'mysql'
    'COMPOSER_PROCESS_TIMEOUT' => '2000'
    'NGINX_SITE_TEMPLATE' => '/etc/nginx/nginx-site.conf'
    'DDEV_FILES_DIRS' => ''
    'CRAFT_DB_SERVER' => 'db'
    'HTTP_EXPOSE' => '80:80,8025:8025'
    'NVM_DIR' => '/home/omar/.nvm'
    'DDEV_PHP_VERSION' => '8.3'
    'DDEV_TLD' => 'ddev.site'
    'DDEV_HOSTNAME' => 'derschmuckmacher-v3.ddev.site'
    'DDEV_PROJECT' => 'derschmuckmacher-v3'
    'DDEV_GOARCH' => 'arm64'
    'VIRTUAL_HOST' => 'derschmuckmacher-v3.ddev.site'
    'TERM' => 'xterm'
    'USER' => 'omar'
    'MYSQL_HISTFILE' => '/mnt/ddev-global-cache/mysqlhistory/derschmuckmacher-v3-web/mysql_history'
    'DDEV_WEB_ENTRYPOINT' => '/mnt/ddev_config/web-entrypoint.d'
    'DDEV_UID' => '501'
    'CAROOT' => '/mnt/ddev-global-cache/mkcert'
    'SHLVL' => '1'
    'COMPOSER_ALLOW_SUPERUSER' => '1'
    'BASH_ENV' => '/etc/bash.nointeractive.bashrc'
    'DDEV_DATABASE' => 'mysql:8.0'
    'PGDATABASE' => 'db'
    'CRAFT_DB_USER' => 'db'
    'DDEV_SCHEME' => 'https'
    'XHPROF_OUTPUT_DIR' => '/tmp/xhprof'
    'COMPOSER_CACHE_DIR' => '/mnt/ddev-global-cache/composer'
    'DDEV_XDEBUG_ENABLED' => 'false'
    'DDEV_DATABASE_FAMILY' => 'mysql'
    'PGHOST' => 'db'
    'DDEV_COMPOSER_ROOT' => '/var/www/html'
    'CRAFT_DB_PASSWORD' => '••'
    'DOCROOT' => 'web'
    'TERMINUS_HIDE_UPDATE_MESSAGE' => '1'
    'PATH' => '/home/omar/bin:/var/www/html/vendor/bin:/usr/local/sbin:/usr/local/bin:/usr/sbin:/usr/bin:/sbin:/bin:/var/www/html/bin:/mnt/ddev-global-cache/global-commands/web'
    'HOST_DOCKER_INTERNAL_IP' => ''
    'DDEV_PROJECT_TYPE' => 'craftcms'
    'DEBIAN_FRONTEND' => 'noninteractive'
    'DDEV_ROUTER_HTTPS_PORT' => '443'
    'EXECIGNORE' => '/var/www/html/vendor/bin/composer'
    'SUPERVISOR_ENABLED' => '1'
    'SUPERVISOR_SERVER_URL' => 'unix:///var/run/supervisor.sock'
    'SUPERVISOR_PROCESS_NAME' => 'php-fpm'
    'SUPERVISOR_GROUP_NAME' => 'php-fpm'
    'HTTP_X_REQUESTED_WITH' => 'XMLHttpRequest'
    'HTTP_X_REGISTERED_JS_FILES' => ''
    'HTTP_X_REGISTERED_ASSET_BUNDLES' => 'e38a2e07,22e517a2,aee7f8dc,26c46c25,e505ffd6,6b4d7555,bb2f10a0,e5e48399,815d39ea,fc0bc163,1ccab40d,1e21896b,54698ee0,b842675b,1c3c9add,4b1fd285,d8d08e47,8f00ce04,8768f48b,cf3018d6,ec6d0256,11858fc6,8550f857,6f12186f,c7a8fe38'
    'HTTP_X_REAL_IP' => '172.18.0.1'
    'HTTP_X_FORWARDED_SERVER' => '617e9e3cc3a1'
    'HTTP_X_FORWARDED_PROTO' => 'https'
    'HTTP_X_FORWARDED_PORT' => '443'
    'HTTP_X_FORWARDED_HOST' => 'derschmuckmacher-v3.ddev.site'
    'HTTP_X_FORWARDED_FOR' => '172.18.0.1'
    'HTTP_X_CSRF_TOKEN' => '••••••••••••••••••••••••••••••••••••••••••••••••••••••••••••••••••••••••••••••••••••••••••••••••••••••••••••'
    'HTTP_TE' => 'trailers'
    'HTTP_SEC_GPC' => '1'
    'HTTP_SEC_FETCH_SITE' => 'same-origin'
    'HTTP_SEC_FETCH_MODE' => 'cors'
    'HTTP_SEC_FETCH_DEST' => 'empty'
    'HTTP_REFERER' => 'https://derschmuckmacher-v3.ddev.site/dW2axQ3b/dashboard'
    'HTTP_COOKIE' => 'cookieconsent_status=allow; CRAFT_CSRF_TOKEN=c46764d17b682367679c529f1043872bbfd294280b0a6b522869cb3868f8a6a6a%3A2%3A%7Bi%3A0%3Bs%3A16%3A%22CRAFT_CSRF_TOKEN%22%3Bi%3A1%3Bs%3A40%3A%22oscGmXtgN7lH1IINFeBh9KwfL0sWDqIBBHQCFaaO%22%3B%7D; CraftSessionId=4qeribircfaeqr2afr5a2fff77; a8b7b1ec9ffb8baf2c6eaa253fe57112_username=26b9ec8568da68d3882e55afaa5d203483c6c5810ee05b5a55c8a0eb10cab93ea%3A2%3A%7Bi%3A0%3Bs%3A41%3A%22a8b7b1ec9ffb8baf2c6eaa253fe57112_username%22%3Bi%3A1%3Bs%3A8%3A%22odegiuli%22%3B%7D; Craft-3626ffc1-d0a3-42e3-98aa-37e8aa759561_sidebar=expanded'
    'HTTP_ACCEPT_LANGUAGE' => 'de,en-US;q=0.9,en;q=0.8'
    'HTTP_ACCEPT_ENCODING' => 'gzip, deflate, br, zstd'
    'HTTP_ACCEPT' => 'application/json, text/plain, */*'
    'HTTP_USER_AGENT' => 'Mozilla/5.0 (Macintosh; Intel Mac OS X 10.15; rv:150.0) Gecko/20100101 Firefox/150.0'
    'HTTP_HOST' => 'derschmuckmacher-v3.ddev.site'
    'HTTPS' => 'on'
    'REDIRECT_STATUS' => '200'
    'SERVER_NAME' => 'derschmuckmacher-v3.ddev.site'
    'SERVER_PORT' => '80'
    'SERVER_ADDR' => '172.18.0.3'
    'REMOTE_PORT' => '57976'
    'REMOTE_ADDR' => '172.18.0.5'
    'SERVER_SOFTWARE' => 'nginx/1.28.0'
    'GATEWAY_INTERFACE' => 'CGI/1.1'
    'REQUEST_SCHEME' => 'http'
    'SERVER_PROTOCOL' => 'HTTP/1.1'
    'DOCUMENT_ROOT' => '/var/www/html/web'
    'DOCUMENT_URI' => '/index.php'
    'REQUEST_URI' => '/index.php?p=dW2axQ3b%2Factions%2Fusers%2Fsession-info&dontExtendSession=1&v=1778804823733'
    'CONTENT_LENGTH' => ''
    'CONTENT_TYPE' => ''
    'REQUEST_METHOD' => 'GET'
    'QUERY_STRING' => 'p=dW2axQ3b%2Factions%2Fusers%2Fsession-info&dontExtendSession=1&v=1778804823733'
    'SCRIPT_NAME' => '/index.php'
    'SCRIPT_FILENAME' => '/var/www/html/web/index.php'
    'FCGI_ROLE' => 'RESPONDER'
    'PHP_SELF' => '/index.php'
    'REQUEST_TIME_FLOAT' => 1778804823.7464
    'REQUEST_TIME' => 1778804823
    'CRAFT_APP_ID' => 'CraftCMS--3933bc78-29f5-4b79-bcc5-c31faf0fcd20'
    'CRAFT_ENVIRONMENT' => 'dev'
    'ENVIRONMENT' => 'dev'
    'CRAFT_SECURITY_KEY' => '••••••••••••••••••••••••••••••••'
    'CP_TRIGGER' => 'dW2axQ3b'
    'CRAFT_DB_SCHEMA' => 'public'
    'CRAFT_DB_TABLE_PREFIX' => ''
    'DEV_MODE' => 'true'
    'ALLOW_ADMIN_CHANGES' => 'true'
    'DISALLOW_ROBOTS' => 'true'
    'TIMEZONE' => 'Europe/Zurich'
    'CAPTCHA_SITE_KEY' => '••••••••••••••••••••••••••••••••••••••••'
    'CAPTCHA_SECRET_KEY' => '••••••••••••••••••••••••••••••••••••••••'
    'WEB_URL' => 'https://derschmuckmacher-v3.ddev.site'
    'WEB_ROOT' => '/var/www/html/web'
    'ASSETS_BASE_URL' => 'https://derschmuckmacher-v3.ddev.site/public'
    'ASSETS_BASE_PATH' => '/var/www/html/web/public'
    'SCHMUCK_BASE_URL' => 'https://derschmuckmacher-v3.ddev.site/public/uploads/schmuck'
    'SCHMUCK_BASE_PATH' => '/var/www/html/web/public/uploads/schmuck'
    'BILDER_BASE_URL' => 'https://derschmuckmacher-v3.ddev.site/public/uploads/bilder'
    'BILDER_BASE_PATH' => '/var/www/html/web/public/uploads/bilder'
] {"environment":"dev"} 
2026-05-15 02:28:03 [web.INFO] [yii\db\Connection::open] Opening DB connection: mysql:host=db;dbname=db;port=3306 {"memory":1097536} 
2026-05-15 02:28:03 [web.INFO] [yii\web\Session::open] Session started {"memory":1517664} 
2026-05-15 02:28:03 [web.INFO] [nystudio107\codeeditor\CodeEditor::bootstrap] CodeEditor module bootstrapped {"memory":1538632} 
2026-05-15 02:28:03 [web.INFO] [adigital\cookieconsentbanner\CookieConsentBanner::init] Cookie Consent Banner plugin loaded {"memory":1753640} 
2026-05-15 02:28:03 [web.INFO] [miranj\obfuscator\Obfuscator::init] Obfuscator plugin loaded {"memory":2717712} 
2026-05-15 02:28:03 [web.INFO] [application] Request context:
$_GET = [
    'p' => 'dW2axQ3b/actions/users/session-info'
    'dontExtendSession' => '1'
    'v' => '1778804883805'
]

$_POST = []

$_FILES = []

$_COOKIE = [
    'cookieconsent_status' => 'allow'
    'CRAFT_CSRF_TOKEN' => '••••••••••••••••••••••••••••••••••••••••••••••••••••••••••••••••••••••••••••••••••••••••••••••••••••••••••••••••••••••••••••••••••••••••••••••••••••••'
    'CraftSessionId' => '4qeribircfaeqr2afr5a2fff77'
    'a8b7b1ec9ffb8baf2c6eaa253fe57112_username' => '26b9ec8568da68d3882e55afaa5d203483c6c5810ee05b5a55c8a0eb10cab93ea:2:{i:0;s:41:\"a8b7b1ec9ffb8baf2c6eaa253fe57112_username\";i:1;s:8:\"odegiuli\";}'
    'Craft-3626ffc1-d0a3-42e3-98aa-37e8aa759561_sidebar' => 'expanded'
]

$_SESSION = [
    '22b6a59deafcfb2ffb13c3adf3d98a3b__flash' => []
]

$_SERVER = [
    'DEPLOY_NAME' => 'local'
    'DDEV_WEBSERVER_TYPE' => 'nginx-fpm'
    'npm_config_cache' => '/mnt/ddev-global-cache/npm'
    'COREPACK_ENABLE_DOWNLOAD_PROMPT' => '0'
    'DDEV_GOOS' => 'darwin'
    'IS_DDEV_PROJECT' => 'true'
    'PHP_DEFAULT_VERSION' => '8.3'
    'HOSTNAME' => 'derschmuckmacher-v3-web'
    'MAILPIT_SMTP_PORT' => '1025'
    'MH_SMTP_BIND_ADDR' => '127.0.0.1:1025'
    'DDEV_PRIMARY_URL_WITHOUT_PORT' => 'https://derschmuckmacher-v3.ddev.site'
    'CRAFT_DB_PORT' => '3306'
    'SSH_AUTH_SOCK' => '/home/.ssh-agent/socket'
    'DDEV_GID' => '20'
    'NODE_EXTRA_CA_CERTS' => '/mnt/ddev-global-cache/mkcert/rootCA.pem'
    'DOCKER_IP' => '127.0.0.1'
    'PGPASSWORD' => 'db'
    'CRAFT_WEB_ROOT' => '/var/www/html/web'
    'DDEV_DOCROOT' => 'web'
    'PWD' => '/var/www/html'
    'PLATFORMSH_CLI_UPDATES_CHECK' => '0'
    'DDEV_APPROOT' => '/var/www/html'
    'DDEV_FILES_DIR' => ''
    'START_SCRIPT_TIMEOUT' => '57'
    'APACHE_SITE_TEMPLATE' => '/etc/apache2/apache-site.conf'
    'PHP_INI' => '/etc/php/8.3/fpm/php.ini'
    'DDEV_VERSION' => 'v1.24.10'
    'PRIMARY_SITE_URL' => 'https://derschmuckmacher-v3.ddev.site'
    'TZ' => 'Europe/Zurich'
    'DDEV_XHPROF_MODE' => 'prepend'
    'HTTPS_EXPOSE' => '443:80,8026:8025'
    'COREPACK_HOME' => '/mnt/ddev-global-cache/corepack'
    'CRAFT_DB_DATABASE' => 'db'
    'DDEV_PRIMARY_URL' => 'https://derschmuckmacher-v3.ddev.site'
    'LINES' => '6'
    'DDEV_SITENAME' => 'derschmuckmacher-v3'
    'HOME' => '/home/omar'
    'DRUSH_OPTIONS_URI' => 'https://derschmuckmacher-v3.ddev.site'
    'LANG' => 'C.UTF-8'
    'COLUMNS' => '371'
    'DDEV_MUTAGEN_ENABLED' => 'true'
    'DDEV_USER' => 'omar'
    'PGUSER' => 'db'
    'TERMINUS_CACHE_DIR' => '/mnt/ddev-global-cache/terminus/cache'
    'DDEV_PRIMARY_URL_PORT' => '443'
    'DDEV_ROUTER_HTTP_PORT' => '80'
    'MAILPIT_SMTP_HOSTNAME' => '127.0.0.1'
    'CRAFT_DB_DRIVER' => 'mysql'
    'COMPOSER_PROCESS_TIMEOUT' => '2000'
    'NGINX_SITE_TEMPLATE' => '/etc/nginx/nginx-site.conf'
    'DDEV_FILES_DIRS' => ''
    'CRAFT_DB_SERVER' => 'db'
    'HTTP_EXPOSE' => '80:80,8025:8025'
    'NVM_DIR' => '/home/omar/.nvm'
    'DDEV_PHP_VERSION' => '8.3'
    'DDEV_TLD' => 'ddev.site'
    'DDEV_HOSTNAME' => 'derschmuckmacher-v3.ddev.site'
    'DDEV_PROJECT' => 'derschmuckmacher-v3'
    'DDEV_GOARCH' => 'arm64'
    'VIRTUAL_HOST' => 'derschmuckmacher-v3.ddev.site'
    'TERM' => 'xterm'
    'USER' => 'omar'
    'MYSQL_HISTFILE' => '/mnt/ddev-global-cache/mysqlhistory/derschmuckmacher-v3-web/mysql_history'
    'DDEV_WEB_ENTRYPOINT' => '/mnt/ddev_config/web-entrypoint.d'
    'DDEV_UID' => '501'
    'CAROOT' => '/mnt/ddev-global-cache/mkcert'
    'SHLVL' => '1'
    'COMPOSER_ALLOW_SUPERUSER' => '1'
    'BASH_ENV' => '/etc/bash.nointeractive.bashrc'
    'DDEV_DATABASE' => 'mysql:8.0'
    'PGDATABASE' => 'db'
    'CRAFT_DB_USER' => 'db'
    'DDEV_SCHEME' => 'https'
    'XHPROF_OUTPUT_DIR' => '/tmp/xhprof'
    'COMPOSER_CACHE_DIR' => '/mnt/ddev-global-cache/composer'
    'DDEV_XDEBUG_ENABLED' => 'false'
    'DDEV_DATABASE_FAMILY' => 'mysql'
    'PGHOST' => 'db'
    'DDEV_COMPOSER_ROOT' => '/var/www/html'
    'CRAFT_DB_PASSWORD' => '••'
    'DOCROOT' => 'web'
    'TERMINUS_HIDE_UPDATE_MESSAGE' => '1'
    'PATH' => '/home/omar/bin:/var/www/html/vendor/bin:/usr/local/sbin:/usr/local/bin:/usr/sbin:/usr/bin:/sbin:/bin:/var/www/html/bin:/mnt/ddev-global-cache/global-commands/web'
    'HOST_DOCKER_INTERNAL_IP' => ''
    'DDEV_PROJECT_TYPE' => 'craftcms'
    'DEBIAN_FRONTEND' => 'noninteractive'
    'DDEV_ROUTER_HTTPS_PORT' => '443'
    'EXECIGNORE' => '/var/www/html/vendor/bin/composer'
    'SUPERVISOR_ENABLED' => '1'
    'SUPERVISOR_SERVER_URL' => 'unix:///var/run/supervisor.sock'
    'SUPERVISOR_PROCESS_NAME' => 'php-fpm'
    'SUPERVISOR_GROUP_NAME' => 'php-fpm'
    'HTTP_X_REQUESTED_WITH' => 'XMLHttpRequest'
    'HTTP_X_REGISTERED_JS_FILES' => ''
    'HTTP_X_REGISTERED_ASSET_BUNDLES' => 'e38a2e07,22e517a2,aee7f8dc,26c46c25,e505ffd6,6b4d7555,bb2f10a0,e5e48399,815d39ea,fc0bc163,1ccab40d,1e21896b,54698ee0,b842675b,1c3c9add,4b1fd285,d8d08e47,8f00ce04,8768f48b,cf3018d6,ec6d0256,11858fc6,8550f857,6f12186f,c7a8fe38'
    'HTTP_X_REAL_IP' => '172.18.0.1'
    'HTTP_X_FORWARDED_SERVER' => '617e9e3cc3a1'
    'HTTP_X_FORWARDED_PROTO' => 'https'
    'HTTP_X_FORWARDED_PORT' => '443'
    'HTTP_X_FORWARDED_HOST' => 'derschmuckmacher-v3.ddev.site'
    'HTTP_X_FORWARDED_FOR' => '172.18.0.1'
    'HTTP_X_CSRF_TOKEN' => '••••••••••••••••••••••••••••••••••••••••••••••••••••••••••••••••••••••••••••••••••••••••••••••••••••••••••••'
    'HTTP_TE' => 'trailers'
    'HTTP_SEC_GPC' => '1'
    'HTTP_SEC_FETCH_SITE' => 'same-origin'
    'HTTP_SEC_FETCH_MODE' => 'cors'
    'HTTP_SEC_FETCH_DEST' => 'empty'
    'HTTP_REFERER' => 'https://derschmuckmacher-v3.ddev.site/dW2axQ3b/dashboard'
    'HTTP_COOKIE' => 'cookieconsent_status=allow; CRAFT_CSRF_TOKEN=c46764d17b682367679c529f1043872bbfd294280b0a6b522869cb3868f8a6a6a%3A2%3A%7Bi%3A0%3Bs%3A16%3A%22CRAFT_CSRF_TOKEN%22%3Bi%3A1%3Bs%3A40%3A%22oscGmXtgN7lH1IINFeBh9KwfL0sWDqIBBHQCFaaO%22%3B%7D; CraftSessionId=4qeribircfaeqr2afr5a2fff77; a8b7b1ec9ffb8baf2c6eaa253fe57112_username=26b9ec8568da68d3882e55afaa5d203483c6c5810ee05b5a55c8a0eb10cab93ea%3A2%3A%7Bi%3A0%3Bs%3A41%3A%22a8b7b1ec9ffb8baf2c6eaa253fe57112_username%22%3Bi%3A1%3Bs%3A8%3A%22odegiuli%22%3B%7D; Craft-3626ffc1-d0a3-42e3-98aa-37e8aa759561_sidebar=expanded'
    'HTTP_ACCEPT_LANGUAGE' => 'de,en-US;q=0.9,en;q=0.8'
    'HTTP_ACCEPT_ENCODING' => 'gzip, deflate, br, zstd'
    'HTTP_ACCEPT' => 'application/json, text/plain, */*'
    'HTTP_USER_AGENT' => 'Mozilla/5.0 (Macintosh; Intel Mac OS X 10.15; rv:150.0) Gecko/20100101 Firefox/150.0'
    'HTTP_HOST' => 'derschmuckmacher-v3.ddev.site'
    'HTTPS' => 'on'
    'REDIRECT_STATUS' => '200'
    'SERVER_NAME' => 'derschmuckmacher-v3.ddev.site'
    'SERVER_PORT' => '80'
    'SERVER_ADDR' => '172.18.0.3'
    'REMOTE_PORT' => '50852'
    'REMOTE_ADDR' => '172.18.0.5'
    'SERVER_SOFTWARE' => 'nginx/1.28.0'
    'GATEWAY_INTERFACE' => 'CGI/1.1'
    'REQUEST_SCHEME' => 'http'
    'SERVER_PROTOCOL' => 'HTTP/1.1'
    'DOCUMENT_ROOT' => '/var/www/html/web'
    'DOCUMENT_URI' => '/index.php'
    'REQUEST_URI' => '/index.php?p=dW2axQ3b%2Factions%2Fusers%2Fsession-info&dontExtendSession=1&v=1778804883805'
    'CONTENT_LENGTH' => ''
    'CONTENT_TYPE' => ''
    'REQUEST_METHOD' => 'GET'
    'QUERY_STRING' => 'p=dW2axQ3b%2Factions%2Fusers%2Fsession-info&dontExtendSession=1&v=1778804883805'
    'SCRIPT_NAME' => '/index.php'
    'SCRIPT_FILENAME' => '/var/www/html/web/index.php'
    'FCGI_ROLE' => 'RESPONDER'
    'PHP_SELF' => '/index.php'
    'REQUEST_TIME_FLOAT' => 1778804883.8344
    'REQUEST_TIME' => 1778804883
    'CRAFT_APP_ID' => 'CraftCMS--3933bc78-29f5-4b79-bcc5-c31faf0fcd20'
    'CRAFT_ENVIRONMENT' => 'dev'
    'ENVIRONMENT' => 'dev'
    'CRAFT_SECURITY_KEY' => '••••••••••••••••••••••••••••••••'
    'CP_TRIGGER' => 'dW2axQ3b'
    'CRAFT_DB_SCHEMA' => 'public'
    'CRAFT_DB_TABLE_PREFIX' => ''
    'DEV_MODE' => 'true'
    'ALLOW_ADMIN_CHANGES' => 'true'
    'DISALLOW_ROBOTS' => 'true'
    'TIMEZONE' => 'Europe/Zurich'
    'CAPTCHA_SITE_KEY' => '••••••••••••••••••••••••••••••••••••••••'
    'CAPTCHA_SECRET_KEY' => '••••••••••••••••••••••••••••••••••••••••'
    'WEB_URL' => 'https://derschmuckmacher-v3.ddev.site'
    'WEB_ROOT' => '/var/www/html/web'
    'ASSETS_BASE_URL' => 'https://derschmuckmacher-v3.ddev.site/public'
    'ASSETS_BASE_PATH' => '/var/www/html/web/public'
    'SCHMUCK_BASE_URL' => 'https://derschmuckmacher-v3.ddev.site/public/uploads/schmuck'
    'SCHMUCK_BASE_PATH' => '/var/www/html/web/public/uploads/schmuck'
    'BILDER_BASE_URL' => 'https://derschmuckmacher-v3.ddev.site/public/uploads/bilder'
    'BILDER_BASE_PATH' => '/var/www/html/web/public/uploads/bilder'
] {"environment":"dev"} 
2026-05-15 02:29:04 [web.INFO] [yii\db\Connection::open] Opening DB connection: mysql:host=db;dbname=db;port=3306 {"memory":1097536} 
2026-05-15 02:29:04 [web.INFO] [yii\web\Session::open] Session started {"memory":1517664} 
2026-05-15 02:29:04 [web.INFO] [nystudio107\codeeditor\CodeEditor::bootstrap] CodeEditor module bootstrapped {"memory":1538632} 
2026-05-15 02:29:04 [web.INFO] [adigital\cookieconsentbanner\CookieConsentBanner::init] Cookie Consent Banner plugin loaded {"memory":1753640} 
2026-05-15 02:29:04 [web.INFO] [miranj\obfuscator\Obfuscator::init] Obfuscator plugin loaded {"memory":2717712} 
2026-05-15 02:29:04 [web.INFO] [application] Request context:
$_GET = [
    'p' => 'dW2axQ3b/actions/users/session-info'
    'dontExtendSession' => '1'
    'v' => '1778804944399'
]

$_POST = []

$_FILES = []

$_COOKIE = [
    'cookieconsent_status' => 'allow'
    'CRAFT_CSRF_TOKEN' => '••••••••••••••••••••••••••••••••••••••••••••••••••••••••••••••••••••••••••••••••••••••••••••••••••••••••••••••••••••••••••••••••••••••••••••••••••••••'
    'CraftSessionId' => '4qeribircfaeqr2afr5a2fff77'
    'a8b7b1ec9ffb8baf2c6eaa253fe57112_username' => '26b9ec8568da68d3882e55afaa5d203483c6c5810ee05b5a55c8a0eb10cab93ea:2:{i:0;s:41:\"a8b7b1ec9ffb8baf2c6eaa253fe57112_username\";i:1;s:8:\"odegiuli\";}'
    'Craft-3626ffc1-d0a3-42e3-98aa-37e8aa759561_sidebar' => 'expanded'
]

$_SESSION = [
    '22b6a59deafcfb2ffb13c3adf3d98a3b__flash' => []
]

$_SERVER = [
    'DEPLOY_NAME' => 'local'
    'DDEV_WEBSERVER_TYPE' => 'nginx-fpm'
    'npm_config_cache' => '/mnt/ddev-global-cache/npm'
    'COREPACK_ENABLE_DOWNLOAD_PROMPT' => '0'
    'DDEV_GOOS' => 'darwin'
    'IS_DDEV_PROJECT' => 'true'
    'PHP_DEFAULT_VERSION' => '8.3'
    'HOSTNAME' => 'derschmuckmacher-v3-web'
    'MAILPIT_SMTP_PORT' => '1025'
    'MH_SMTP_BIND_ADDR' => '127.0.0.1:1025'
    'DDEV_PRIMARY_URL_WITHOUT_PORT' => 'https://derschmuckmacher-v3.ddev.site'
    'CRAFT_DB_PORT' => '3306'
    'SSH_AUTH_SOCK' => '/home/.ssh-agent/socket'
    'DDEV_GID' => '20'
    'NODE_EXTRA_CA_CERTS' => '/mnt/ddev-global-cache/mkcert/rootCA.pem'
    'DOCKER_IP' => '127.0.0.1'
    'PGPASSWORD' => 'db'
    'CRAFT_WEB_ROOT' => '/var/www/html/web'
    'DDEV_DOCROOT' => 'web'
    'PWD' => '/var/www/html'
    'PLATFORMSH_CLI_UPDATES_CHECK' => '0'
    'DDEV_APPROOT' => '/var/www/html'
    'DDEV_FILES_DIR' => ''
    'START_SCRIPT_TIMEOUT' => '57'
    'APACHE_SITE_TEMPLATE' => '/etc/apache2/apache-site.conf'
    'PHP_INI' => '/etc/php/8.3/fpm/php.ini'
    'DDEV_VERSION' => 'v1.24.10'
    'PRIMARY_SITE_URL' => 'https://derschmuckmacher-v3.ddev.site'
    'TZ' => 'Europe/Zurich'
    'DDEV_XHPROF_MODE' => 'prepend'
    'HTTPS_EXPOSE' => '443:80,8026:8025'
    'COREPACK_HOME' => '/mnt/ddev-global-cache/corepack'
    'CRAFT_DB_DATABASE' => 'db'
    'DDEV_PRIMARY_URL' => 'https://derschmuckmacher-v3.ddev.site'
    'LINES' => '6'
    'DDEV_SITENAME' => 'derschmuckmacher-v3'
    'HOME' => '/home/omar'
    'DRUSH_OPTIONS_URI' => 'https://derschmuckmacher-v3.ddev.site'
    'LANG' => 'C.UTF-8'
    'COLUMNS' => '371'
    'DDEV_MUTAGEN_ENABLED' => 'true'
    'DDEV_USER' => 'omar'
    'PGUSER' => 'db'
    'TERMINUS_CACHE_DIR' => '/mnt/ddev-global-cache/terminus/cache'
    'DDEV_PRIMARY_URL_PORT' => '443'
    'DDEV_ROUTER_HTTP_PORT' => '80'
    'MAILPIT_SMTP_HOSTNAME' => '127.0.0.1'
    'CRAFT_DB_DRIVER' => 'mysql'
    'COMPOSER_PROCESS_TIMEOUT' => '2000'
    'NGINX_SITE_TEMPLATE' => '/etc/nginx/nginx-site.conf'
    'DDEV_FILES_DIRS' => ''
    'CRAFT_DB_SERVER' => 'db'
    'HTTP_EXPOSE' => '80:80,8025:8025'
    'NVM_DIR' => '/home/omar/.nvm'
    'DDEV_PHP_VERSION' => '8.3'
    'DDEV_TLD' => 'ddev.site'
    'DDEV_HOSTNAME' => 'derschmuckmacher-v3.ddev.site'
    'DDEV_PROJECT' => 'derschmuckmacher-v3'
    'DDEV_GOARCH' => 'arm64'
    'VIRTUAL_HOST' => 'derschmuckmacher-v3.ddev.site'
    'TERM' => 'xterm'
    'USER' => 'omar'
    'MYSQL_HISTFILE' => '/mnt/ddev-global-cache/mysqlhistory/derschmuckmacher-v3-web/mysql_history'
    'DDEV_WEB_ENTRYPOINT' => '/mnt/ddev_config/web-entrypoint.d'
    'DDEV_UID' => '501'
    'CAROOT' => '/mnt/ddev-global-cache/mkcert'
    'SHLVL' => '1'
    'COMPOSER_ALLOW_SUPERUSER' => '1'
    'BASH_ENV' => '/etc/bash.nointeractive.bashrc'
    'DDEV_DATABASE' => 'mysql:8.0'
    'PGDATABASE' => 'db'
    'CRAFT_DB_USER' => 'db'
    'DDEV_SCHEME' => 'https'
    'XHPROF_OUTPUT_DIR' => '/tmp/xhprof'
    'COMPOSER_CACHE_DIR' => '/mnt/ddev-global-cache/composer'
    'DDEV_XDEBUG_ENABLED' => 'false'
    'DDEV_DATABASE_FAMILY' => 'mysql'
    'PGHOST' => 'db'
    'DDEV_COMPOSER_ROOT' => '/var/www/html'
    'CRAFT_DB_PASSWORD' => '••'
    'DOCROOT' => 'web'
    'TERMINUS_HIDE_UPDATE_MESSAGE' => '1'
    'PATH' => '/home/omar/bin:/var/www/html/vendor/bin:/usr/local/sbin:/usr/local/bin:/usr/sbin:/usr/bin:/sbin:/bin:/var/www/html/bin:/mnt/ddev-global-cache/global-commands/web'
    'HOST_DOCKER_INTERNAL_IP' => ''
    'DDEV_PROJECT_TYPE' => 'craftcms'
    'DEBIAN_FRONTEND' => 'noninteractive'
    'DDEV_ROUTER_HTTPS_PORT' => '443'
    'EXECIGNORE' => '/var/www/html/vendor/bin/composer'
    'SUPERVISOR_ENABLED' => '1'
    'SUPERVISOR_SERVER_URL' => 'unix:///var/run/supervisor.sock'
    'SUPERVISOR_PROCESS_NAME' => 'php-fpm'
    'SUPERVISOR_GROUP_NAME' => 'php-fpm'
    'HTTP_X_REQUESTED_WITH' => 'XMLHttpRequest'
    'HTTP_X_REGISTERED_JS_FILES' => ''
    'HTTP_X_REGISTERED_ASSET_BUNDLES' => 'e38a2e07,22e517a2,aee7f8dc,26c46c25,e505ffd6,6b4d7555,bb2f10a0,e5e48399,815d39ea,fc0bc163,1ccab40d,1e21896b,54698ee0,b842675b,1c3c9add,4b1fd285,d8d08e47,8f00ce04,8768f48b,cf3018d6,ec6d0256,11858fc6,8550f857,6f12186f,c7a8fe38'
    'HTTP_X_REAL_IP' => '172.18.0.1'
    'HTTP_X_FORWARDED_SERVER' => '617e9e3cc3a1'
    'HTTP_X_FORWARDED_PROTO' => 'https'
    'HTTP_X_FORWARDED_PORT' => '443'
    'HTTP_X_FORWARDED_HOST' => 'derschmuckmacher-v3.ddev.site'
    'HTTP_X_FORWARDED_FOR' => '172.18.0.1'
    'HTTP_X_CSRF_TOKEN' => '••••••••••••••••••••••••••••••••••••••••••••••••••••••••••••••••••••••••••••••••••••••••••••••••••••••••••••'
    'HTTP_TE' => 'trailers'
    'HTTP_SEC_GPC' => '1'
    'HTTP_SEC_FETCH_SITE' => 'same-origin'
    'HTTP_SEC_FETCH_MODE' => 'cors'
    'HTTP_SEC_FETCH_DEST' => 'empty'
    'HTTP_REFERER' => 'https://derschmuckmacher-v3.ddev.site/dW2axQ3b/dashboard'
    'HTTP_COOKIE' => 'cookieconsent_status=allow; CRAFT_CSRF_TOKEN=c46764d17b682367679c529f1043872bbfd294280b0a6b522869cb3868f8a6a6a%3A2%3A%7Bi%3A0%3Bs%3A16%3A%22CRAFT_CSRF_TOKEN%22%3Bi%3A1%3Bs%3A40%3A%22oscGmXtgN7lH1IINFeBh9KwfL0sWDqIBBHQCFaaO%22%3B%7D; CraftSessionId=4qeribircfaeqr2afr5a2fff77; a8b7b1ec9ffb8baf2c6eaa253fe57112_username=26b9ec8568da68d3882e55afaa5d203483c6c5810ee05b5a55c8a0eb10cab93ea%3A2%3A%7Bi%3A0%3Bs%3A41%3A%22a8b7b1ec9ffb8baf2c6eaa253fe57112_username%22%3Bi%3A1%3Bs%3A8%3A%22odegiuli%22%3B%7D; Craft-3626ffc1-d0a3-42e3-98aa-37e8aa759561_sidebar=expanded'
    'HTTP_ACCEPT_LANGUAGE' => 'de,en-US;q=0.9,en;q=0.8'
    'HTTP_ACCEPT_ENCODING' => 'gzip, deflate, br, zstd'
    'HTTP_ACCEPT' => 'application/json, text/plain, */*'
    'HTTP_USER_AGENT' => 'Mozilla/5.0 (Macintosh; Intel Mac OS X 10.15; rv:150.0) Gecko/20100101 Firefox/150.0'
    'HTTP_HOST' => 'derschmuckmacher-v3.ddev.site'
    'HTTPS' => 'on'
    'REDIRECT_STATUS' => '200'
    'SERVER_NAME' => 'derschmuckmacher-v3.ddev.site'
    'SERVER_PORT' => '80'
    'SERVER_ADDR' => '172.18.0.3'
    'REMOTE_PORT' => '51884'
    'REMOTE_ADDR' => '172.18.0.5'
    'SERVER_SOFTWARE' => 'nginx/1.28.0'
    'GATEWAY_INTERFACE' => 'CGI/1.1'
    'REQUEST_SCHEME' => 'http'
    'SERVER_PROTOCOL' => 'HTTP/1.1'
    'DOCUMENT_ROOT' => '/var/www/html/web'
    'DOCUMENT_URI' => '/index.php'
    'REQUEST_URI' => '/index.php?p=dW2axQ3b%2Factions%2Fusers%2Fsession-info&dontExtendSession=1&v=1778804944399'
    'CONTENT_LENGTH' => ''
    'CONTENT_TYPE' => ''
    'REQUEST_METHOD' => 'GET'
    'QUERY_STRING' => 'p=dW2axQ3b%2Factions%2Fusers%2Fsession-info&dontExtendSession=1&v=1778804944399'
    'SCRIPT_NAME' => '/index.php'
    'SCRIPT_FILENAME' => '/var/www/html/web/index.php'
    'FCGI_ROLE' => 'RESPONDER'
    'PHP_SELF' => '/index.php'
    'REQUEST_TIME_FLOAT' => 1778804944.4124
    'REQUEST_TIME' => 1778804944
    'CRAFT_APP_ID' => 'CraftCMS--3933bc78-29f5-4b79-bcc5-c31faf0fcd20'
    'CRAFT_ENVIRONMENT' => 'dev'
    'ENVIRONMENT' => 'dev'
    'CRAFT_SECURITY_KEY' => '••••••••••••••••••••••••••••••••'
    'CP_TRIGGER' => 'dW2axQ3b'
    'CRAFT_DB_SCHEMA' => 'public'
    'CRAFT_DB_TABLE_PREFIX' => ''
    'DEV_MODE' => 'true'
    'ALLOW_ADMIN_CHANGES' => 'true'
    'DISALLOW_ROBOTS' => 'true'
    'TIMEZONE' => 'Europe/Zurich'
    'CAPTCHA_SITE_KEY' => '••••••••••••••••••••••••••••••••••••••••'
    'CAPTCHA_SECRET_KEY' => '••••••••••••••••••••••••••••••••••••••••'
    'WEB_URL' => 'https://derschmuckmacher-v3.ddev.site'
    'WEB_ROOT' => '/var/www/html/web'
    'ASSETS_BASE_URL' => 'https://derschmuckmacher-v3.ddev.site/public'
    'ASSETS_BASE_PATH' => '/var/www/html/web/public'
    'SCHMUCK_BASE_URL' => 'https://derschmuckmacher-v3.ddev.site/public/uploads/schmuck'
    'SCHMUCK_BASE_PATH' => '/var/www/html/web/public/uploads/schmuck'
    'BILDER_BASE_URL' => 'https://derschmuckmacher-v3.ddev.site/public/uploads/bilder'
    'BILDER_BASE_PATH' => '/var/www/html/web/public/uploads/bilder'
] {"environment":"dev"} 
2026-05-15 02:30:04 [web.INFO] [yii\db\Connection::open] Opening DB connection: mysql:host=db;dbname=db;port=3306 {"memory":1097536} 
2026-05-15 02:30:04 [web.INFO] [yii\web\Session::open] Session started {"memory":1517664} 
2026-05-15 02:30:04 [web.INFO] [nystudio107\codeeditor\CodeEditor::bootstrap] CodeEditor module bootstrapped {"memory":1538632} 
2026-05-15 02:30:04 [web.INFO] [adigital\cookieconsentbanner\CookieConsentBanner::init] Cookie Consent Banner plugin loaded {"memory":1753640} 
2026-05-15 02:30:04 [web.INFO] [miranj\obfuscator\Obfuscator::init] Obfuscator plugin loaded {"memory":2717712} 
2026-05-15 02:30:04 [web.INFO] [application] Request context:
$_GET = [
    'p' => 'dW2axQ3b/actions/users/session-info'
    'dontExtendSession' => '1'
    'v' => '1778805004475'
]

$_POST = []

$_FILES = []

$_COOKIE = [
    'cookieconsent_status' => 'allow'
    'CRAFT_CSRF_TOKEN' => '••••••••••••••••••••••••••••••••••••••••••••••••••••••••••••••••••••••••••••••••••••••••••••••••••••••••••••••••••••••••••••••••••••••••••••••••••••••'
    'CraftSessionId' => '4qeribircfaeqr2afr5a2fff77'
    'a8b7b1ec9ffb8baf2c6eaa253fe57112_username' => '26b9ec8568da68d3882e55afaa5d203483c6c5810ee05b5a55c8a0eb10cab93ea:2:{i:0;s:41:\"a8b7b1ec9ffb8baf2c6eaa253fe57112_username\";i:1;s:8:\"odegiuli\";}'
    'Craft-3626ffc1-d0a3-42e3-98aa-37e8aa759561_sidebar' => 'expanded'
]

$_SESSION = [
    '22b6a59deafcfb2ffb13c3adf3d98a3b__flash' => []
]

$_SERVER = [
    'DEPLOY_NAME' => 'local'
    'DDEV_WEBSERVER_TYPE' => 'nginx-fpm'
    'npm_config_cache' => '/mnt/ddev-global-cache/npm'
    'COREPACK_ENABLE_DOWNLOAD_PROMPT' => '0'
    'DDEV_GOOS' => 'darwin'
    'IS_DDEV_PROJECT' => 'true'
    'PHP_DEFAULT_VERSION' => '8.3'
    'HOSTNAME' => 'derschmuckmacher-v3-web'
    'MAILPIT_SMTP_PORT' => '1025'
    'MH_SMTP_BIND_ADDR' => '127.0.0.1:1025'
    'DDEV_PRIMARY_URL_WITHOUT_PORT' => 'https://derschmuckmacher-v3.ddev.site'
    'CRAFT_DB_PORT' => '3306'
    'SSH_AUTH_SOCK' => '/home/.ssh-agent/socket'
    'DDEV_GID' => '20'
    'NODE_EXTRA_CA_CERTS' => '/mnt/ddev-global-cache/mkcert/rootCA.pem'
    'DOCKER_IP' => '127.0.0.1'
    'PGPASSWORD' => 'db'
    'CRAFT_WEB_ROOT' => '/var/www/html/web'
    'DDEV_DOCROOT' => 'web'
    'PWD' => '/var/www/html'
    'PLATFORMSH_CLI_UPDATES_CHECK' => '0'
    'DDEV_APPROOT' => '/var/www/html'
    'DDEV_FILES_DIR' => ''
    'START_SCRIPT_TIMEOUT' => '57'
    'APACHE_SITE_TEMPLATE' => '/etc/apache2/apache-site.conf'
    'PHP_INI' => '/etc/php/8.3/fpm/php.ini'
    'DDEV_VERSION' => 'v1.24.10'
    'PRIMARY_SITE_URL' => 'https://derschmuckmacher-v3.ddev.site'
    'TZ' => 'Europe/Zurich'
    'DDEV_XHPROF_MODE' => 'prepend'
    'HTTPS_EXPOSE' => '443:80,8026:8025'
    'COREPACK_HOME' => '/mnt/ddev-global-cache/corepack'
    'CRAFT_DB_DATABASE' => 'db'
    'DDEV_PRIMARY_URL' => 'https://derschmuckmacher-v3.ddev.site'
    'LINES' => '6'
    'DDEV_SITENAME' => 'derschmuckmacher-v3'
    'HOME' => '/home/omar'
    'DRUSH_OPTIONS_URI' => 'https://derschmuckmacher-v3.ddev.site'
    'LANG' => 'C.UTF-8'
    'COLUMNS' => '371'
    'DDEV_MUTAGEN_ENABLED' => 'true'
    'DDEV_USER' => 'omar'
    'PGUSER' => 'db'
    'TERMINUS_CACHE_DIR' => '/mnt/ddev-global-cache/terminus/cache'
    'DDEV_PRIMARY_URL_PORT' => '443'
    'DDEV_ROUTER_HTTP_PORT' => '80'
    'MAILPIT_SMTP_HOSTNAME' => '127.0.0.1'
    'CRAFT_DB_DRIVER' => 'mysql'
    'COMPOSER_PROCESS_TIMEOUT' => '2000'
    'NGINX_SITE_TEMPLATE' => '/etc/nginx/nginx-site.conf'
    'DDEV_FILES_DIRS' => ''
    'CRAFT_DB_SERVER' => 'db'
    'HTTP_EXPOSE' => '80:80,8025:8025'
    'NVM_DIR' => '/home/omar/.nvm'
    'DDEV_PHP_VERSION' => '8.3'
    'DDEV_TLD' => 'ddev.site'
    'DDEV_HOSTNAME' => 'derschmuckmacher-v3.ddev.site'
    'DDEV_PROJECT' => 'derschmuckmacher-v3'
    'DDEV_GOARCH' => 'arm64'
    'VIRTUAL_HOST' => 'derschmuckmacher-v3.ddev.site'
    'TERM' => 'xterm'
    'USER' => 'omar'
    'MYSQL_HISTFILE' => '/mnt/ddev-global-cache/mysqlhistory/derschmuckmacher-v3-web/mysql_history'
    'DDEV_WEB_ENTRYPOINT' => '/mnt/ddev_config/web-entrypoint.d'
    'DDEV_UID' => '501'
    'CAROOT' => '/mnt/ddev-global-cache/mkcert'
    'SHLVL' => '1'
    'COMPOSER_ALLOW_SUPERUSER' => '1'
    'BASH_ENV' => '/etc/bash.nointeractive.bashrc'
    'DDEV_DATABASE' => 'mysql:8.0'
    'PGDATABASE' => 'db'
    'CRAFT_DB_USER' => 'db'
    'DDEV_SCHEME' => 'https'
    'XHPROF_OUTPUT_DIR' => '/tmp/xhprof'
    'COMPOSER_CACHE_DIR' => '/mnt/ddev-global-cache/composer'
    'DDEV_XDEBUG_ENABLED' => 'false'
    'DDEV_DATABASE_FAMILY' => 'mysql'
    'PGHOST' => 'db'
    'DDEV_COMPOSER_ROOT' => '/var/www/html'
    'CRAFT_DB_PASSWORD' => '••'
    'DOCROOT' => 'web'
    'TERMINUS_HIDE_UPDATE_MESSAGE' => '1'
    'PATH' => '/home/omar/bin:/var/www/html/vendor/bin:/usr/local/sbin:/usr/local/bin:/usr/sbin:/usr/bin:/sbin:/bin:/var/www/html/bin:/mnt/ddev-global-cache/global-commands/web'
    'HOST_DOCKER_INTERNAL_IP' => ''
    'DDEV_PROJECT_TYPE' => 'craftcms'
    'DEBIAN_FRONTEND' => 'noninteractive'
    'DDEV_ROUTER_HTTPS_PORT' => '443'
    'EXECIGNORE' => '/var/www/html/vendor/bin/composer'
    'SUPERVISOR_ENABLED' => '1'
    'SUPERVISOR_SERVER_URL' => 'unix:///var/run/supervisor.sock'
    'SUPERVISOR_PROCESS_NAME' => 'php-fpm'
    'SUPERVISOR_GROUP_NAME' => 'php-fpm'
    'HTTP_X_REQUESTED_WITH' => 'XMLHttpRequest'
    'HTTP_X_REGISTERED_JS_FILES' => ''
    'HTTP_X_REGISTERED_ASSET_BUNDLES' => 'e38a2e07,22e517a2,aee7f8dc,26c46c25,e505ffd6,6b4d7555,bb2f10a0,e5e48399,815d39ea,fc0bc163,1ccab40d,1e21896b,54698ee0,b842675b,1c3c9add,4b1fd285,d8d08e47,8f00ce04,8768f48b,cf3018d6,ec6d0256,11858fc6,8550f857,6f12186f,c7a8fe38'
    'HTTP_X_REAL_IP' => '172.18.0.1'
    'HTTP_X_FORWARDED_SERVER' => '617e9e3cc3a1'
    'HTTP_X_FORWARDED_PROTO' => 'https'
    'HTTP_X_FORWARDED_PORT' => '443'
    'HTTP_X_FORWARDED_HOST' => 'derschmuckmacher-v3.ddev.site'
    'HTTP_X_FORWARDED_FOR' => '172.18.0.1'
    'HTTP_X_CSRF_TOKEN' => '••••••••••••••••••••••••••••••••••••••••••••••••••••••••••••••••••••••••••••••••••••••••••••••••••••••••••••'
    'HTTP_TE' => 'trailers'
    'HTTP_SEC_GPC' => '1'
    'HTTP_SEC_FETCH_SITE' => 'same-origin'
    'HTTP_SEC_FETCH_MODE' => 'cors'
    'HTTP_SEC_FETCH_DEST' => 'empty'
    'HTTP_REFERER' => 'https://derschmuckmacher-v3.ddev.site/dW2axQ3b/dashboard'
    'HTTP_COOKIE' => 'cookieconsent_status=allow; CRAFT_CSRF_TOKEN=c46764d17b682367679c529f1043872bbfd294280b0a6b522869cb3868f8a6a6a%3A2%3A%7Bi%3A0%3Bs%3A16%3A%22CRAFT_CSRF_TOKEN%22%3Bi%3A1%3Bs%3A40%3A%22oscGmXtgN7lH1IINFeBh9KwfL0sWDqIBBHQCFaaO%22%3B%7D; CraftSessionId=4qeribircfaeqr2afr5a2fff77; a8b7b1ec9ffb8baf2c6eaa253fe57112_username=26b9ec8568da68d3882e55afaa5d203483c6c5810ee05b5a55c8a0eb10cab93ea%3A2%3A%7Bi%3A0%3Bs%3A41%3A%22a8b7b1ec9ffb8baf2c6eaa253fe57112_username%22%3Bi%3A1%3Bs%3A8%3A%22odegiuli%22%3B%7D; Craft-3626ffc1-d0a3-42e3-98aa-37e8aa759561_sidebar=expanded'
    'HTTP_ACCEPT_LANGUAGE' => 'de,en-US;q=0.9,en;q=0.8'
    'HTTP_ACCEPT_ENCODING' => 'gzip, deflate, br, zstd'
    'HTTP_ACCEPT' => 'application/json, text/plain, */*'
    'HTTP_USER_AGENT' => 'Mozilla/5.0 (Macintosh; Intel Mac OS X 10.15; rv:150.0) Gecko/20100101 Firefox/150.0'
    'HTTP_HOST' => 'derschmuckmacher-v3.ddev.site'
    'HTTPS' => 'on'
    'REDIRECT_STATUS' => '200'
    'SERVER_NAME' => 'derschmuckmacher-v3.ddev.site'
    'SERVER_PORT' => '80'
    'SERVER_ADDR' => '172.18.0.3'
    'REMOTE_PORT' => '60388'
    'REMOTE_ADDR' => '172.18.0.5'
    'SERVER_SOFTWARE' => 'nginx/1.28.0'
    'GATEWAY_INTERFACE' => 'CGI/1.1'
    'REQUEST_SCHEME' => 'http'
    'SERVER_PROTOCOL' => 'HTTP/1.1'
    'DOCUMENT_ROOT' => '/var/www/html/web'
    'DOCUMENT_URI' => '/index.php'
    'REQUEST_URI' => '/index.php?p=dW2axQ3b%2Factions%2Fusers%2Fsession-info&dontExtendSession=1&v=1778805004475'
    'CONTENT_LENGTH' => ''
    'CONTENT_TYPE' => ''
    'REQUEST_METHOD' => 'GET'
    'QUERY_STRING' => 'p=dW2axQ3b%2Factions%2Fusers%2Fsession-info&dontExtendSession=1&v=1778805004475'
    'SCRIPT_NAME' => '/index.php'
    'SCRIPT_FILENAME' => '/var/www/html/web/index.php'
    'FCGI_ROLE' => 'RESPONDER'
    'PHP_SELF' => '/index.php'
    'REQUEST_TIME_FLOAT' => 1778805004.4948
    'REQUEST_TIME' => 1778805004
    'CRAFT_APP_ID' => 'CraftCMS--3933bc78-29f5-4b79-bcc5-c31faf0fcd20'
    'CRAFT_ENVIRONMENT' => 'dev'
    'ENVIRONMENT' => 'dev'
    'CRAFT_SECURITY_KEY' => '••••••••••••••••••••••••••••••••'
    'CP_TRIGGER' => 'dW2axQ3b'
    'CRAFT_DB_SCHEMA' => 'public'
    'CRAFT_DB_TABLE_PREFIX' => ''
    'DEV_MODE' => 'true'
    'ALLOW_ADMIN_CHANGES' => 'true'
    'DISALLOW_ROBOTS' => 'true'
    'TIMEZONE' => 'Europe/Zurich'
    'CAPTCHA_SITE_KEY' => '••••••••••••••••••••••••••••••••••••••••'
    'CAPTCHA_SECRET_KEY' => '••••••••••••••••••••••••••••••••••••••••'
    'WEB_URL' => 'https://derschmuckmacher-v3.ddev.site'
    'WEB_ROOT' => '/var/www/html/web'
    'ASSETS_BASE_URL' => 'https://derschmuckmacher-v3.ddev.site/public'
    'ASSETS_BASE_PATH' => '/var/www/html/web/public'
    'SCHMUCK_BASE_URL' => 'https://derschmuckmacher-v3.ddev.site/public/uploads/schmuck'
    'SCHMUCK_BASE_PATH' => '/var/www/html/web/public/uploads/schmuck'
    'BILDER_BASE_URL' => 'https://derschmuckmacher-v3.ddev.site/public/uploads/bilder'
    'BILDER_BASE_PATH' => '/var/www/html/web/public/uploads/bilder'
] {"environment":"dev"} 
2026-05-15 02:31:04 [web.INFO] [yii\db\Connection::open] Opening DB connection: mysql:host=db;dbname=db;port=3306 {"memory":1097536} 
2026-05-15 02:31:04 [web.INFO] [yii\web\Session::open] Session started {"memory":1517664} 
2026-05-15 02:31:04 [web.INFO] [nystudio107\codeeditor\CodeEditor::bootstrap] CodeEditor module bootstrapped {"memory":1538632} 
2026-05-15 02:31:04 [web.INFO] [adigital\cookieconsentbanner\CookieConsentBanner::init] Cookie Consent Banner plugin loaded {"memory":1753640} 
2026-05-15 02:31:04 [web.INFO] [miranj\obfuscator\Obfuscator::init] Obfuscator plugin loaded {"memory":2717712} 
2026-05-15 02:31:04 [web.INFO] [application] Request context:
$_GET = [
    'p' => 'dW2axQ3b/actions/users/session-info'
    'dontExtendSession' => '1'
    'v' => '1778805064546'
]

$_POST = []

$_FILES = []

$_COOKIE = [
    'cookieconsent_status' => 'allow'
    'CRAFT_CSRF_TOKEN' => '••••••••••••••••••••••••••••••••••••••••••••••••••••••••••••••••••••••••••••••••••••••••••••••••••••••••••••••••••••••••••••••••••••••••••••••••••••••'
    'CraftSessionId' => '4qeribircfaeqr2afr5a2fff77'
    'a8b7b1ec9ffb8baf2c6eaa253fe57112_username' => '26b9ec8568da68d3882e55afaa5d203483c6c5810ee05b5a55c8a0eb10cab93ea:2:{i:0;s:41:\"a8b7b1ec9ffb8baf2c6eaa253fe57112_username\";i:1;s:8:\"odegiuli\";}'
    'Craft-3626ffc1-d0a3-42e3-98aa-37e8aa759561_sidebar' => 'expanded'
]

$_SESSION = [
    '22b6a59deafcfb2ffb13c3adf3d98a3b__flash' => []
]

$_SERVER = [
    'DEPLOY_NAME' => 'local'
    'DDEV_WEBSERVER_TYPE' => 'nginx-fpm'
    'npm_config_cache' => '/mnt/ddev-global-cache/npm'
    'COREPACK_ENABLE_DOWNLOAD_PROMPT' => '0'
    'DDEV_GOOS' => 'darwin'
    'IS_DDEV_PROJECT' => 'true'
    'PHP_DEFAULT_VERSION' => '8.3'
    'HOSTNAME' => 'derschmuckmacher-v3-web'
    'MAILPIT_SMTP_PORT' => '1025'
    'MH_SMTP_BIND_ADDR' => '127.0.0.1:1025'
    'DDEV_PRIMARY_URL_WITHOUT_PORT' => 'https://derschmuckmacher-v3.ddev.site'
    'CRAFT_DB_PORT' => '3306'
    'SSH_AUTH_SOCK' => '/home/.ssh-agent/socket'
    'DDEV_GID' => '20'
    'NODE_EXTRA_CA_CERTS' => '/mnt/ddev-global-cache/mkcert/rootCA.pem'
    'DOCKER_IP' => '127.0.0.1'
    'PGPASSWORD' => 'db'
    'CRAFT_WEB_ROOT' => '/var/www/html/web'
    'DDEV_DOCROOT' => 'web'
    'PWD' => '/var/www/html'
    'PLATFORMSH_CLI_UPDATES_CHECK' => '0'
    'DDEV_APPROOT' => '/var/www/html'
    'DDEV_FILES_DIR' => ''
    'START_SCRIPT_TIMEOUT' => '57'
    'APACHE_SITE_TEMPLATE' => '/etc/apache2/apache-site.conf'
    'PHP_INI' => '/etc/php/8.3/fpm/php.ini'
    'DDEV_VERSION' => 'v1.24.10'
    'PRIMARY_SITE_URL' => 'https://derschmuckmacher-v3.ddev.site'
    'TZ' => 'Europe/Zurich'
    'DDEV_XHPROF_MODE' => 'prepend'
    'HTTPS_EXPOSE' => '443:80,8026:8025'
    'COREPACK_HOME' => '/mnt/ddev-global-cache/corepack'
    'CRAFT_DB_DATABASE' => 'db'
    'DDEV_PRIMARY_URL' => 'https://derschmuckmacher-v3.ddev.site'
    'LINES' => '6'
    'DDEV_SITENAME' => 'derschmuckmacher-v3'
    'HOME' => '/home/omar'
    'DRUSH_OPTIONS_URI' => 'https://derschmuckmacher-v3.ddev.site'
    'LANG' => 'C.UTF-8'
    'COLUMNS' => '371'
    'DDEV_MUTAGEN_ENABLED' => 'true'
    'DDEV_USER' => 'omar'
    'PGUSER' => 'db'
    'TERMINUS_CACHE_DIR' => '/mnt/ddev-global-cache/terminus/cache'
    'DDEV_PRIMARY_URL_PORT' => '443'
    'DDEV_ROUTER_HTTP_PORT' => '80'
    'MAILPIT_SMTP_HOSTNAME' => '127.0.0.1'
    'CRAFT_DB_DRIVER' => 'mysql'
    'COMPOSER_PROCESS_TIMEOUT' => '2000'
    'NGINX_SITE_TEMPLATE' => '/etc/nginx/nginx-site.conf'
    'DDEV_FILES_DIRS' => ''
    'CRAFT_DB_SERVER' => 'db'
    'HTTP_EXPOSE' => '80:80,8025:8025'
    'NVM_DIR' => '/home/omar/.nvm'
    'DDEV_PHP_VERSION' => '8.3'
    'DDEV_TLD' => 'ddev.site'
    'DDEV_HOSTNAME' => 'derschmuckmacher-v3.ddev.site'
    'DDEV_PROJECT' => 'derschmuckmacher-v3'
    'DDEV_GOARCH' => 'arm64'
    'VIRTUAL_HOST' => 'derschmuckmacher-v3.ddev.site'
    'TERM' => 'xterm'
    'USER' => 'omar'
    'MYSQL_HISTFILE' => '/mnt/ddev-global-cache/mysqlhistory/derschmuckmacher-v3-web/mysql_history'
    'DDEV_WEB_ENTRYPOINT' => '/mnt/ddev_config/web-entrypoint.d'
    'DDEV_UID' => '501'
    'CAROOT' => '/mnt/ddev-global-cache/mkcert'
    'SHLVL' => '1'
    'COMPOSER_ALLOW_SUPERUSER' => '1'
    'BASH_ENV' => '/etc/bash.nointeractive.bashrc'
    'DDEV_DATABASE' => 'mysql:8.0'
    'PGDATABASE' => 'db'
    'CRAFT_DB_USER' => 'db'
    'DDEV_SCHEME' => 'https'
    'XHPROF_OUTPUT_DIR' => '/tmp/xhprof'
    'COMPOSER_CACHE_DIR' => '/mnt/ddev-global-cache/composer'
    'DDEV_XDEBUG_ENABLED' => 'false'
    'DDEV_DATABASE_FAMILY' => 'mysql'
    'PGHOST' => 'db'
    'DDEV_COMPOSER_ROOT' => '/var/www/html'
    'CRAFT_DB_PASSWORD' => '••'
    'DOCROOT' => 'web'
    'TERMINUS_HIDE_UPDATE_MESSAGE' => '1'
    'PATH' => '/home/omar/bin:/var/www/html/vendor/bin:/usr/local/sbin:/usr/local/bin:/usr/sbin:/usr/bin:/sbin:/bin:/var/www/html/bin:/mnt/ddev-global-cache/global-commands/web'
    'HOST_DOCKER_INTERNAL_IP' => ''
    'DDEV_PROJECT_TYPE' => 'craftcms'
    'DEBIAN_FRONTEND' => 'noninteractive'
    'DDEV_ROUTER_HTTPS_PORT' => '443'
    'EXECIGNORE' => '/var/www/html/vendor/bin/composer'
    'SUPERVISOR_ENABLED' => '1'
    'SUPERVISOR_SERVER_URL' => 'unix:///var/run/supervisor.sock'
    'SUPERVISOR_PROCESS_NAME' => 'php-fpm'
    'SUPERVISOR_GROUP_NAME' => 'php-fpm'
    'HTTP_X_REQUESTED_WITH' => 'XMLHttpRequest'
    'HTTP_X_REGISTERED_JS_FILES' => ''
    'HTTP_X_REGISTERED_ASSET_BUNDLES' => 'e38a2e07,22e517a2,aee7f8dc,26c46c25,e505ffd6,6b4d7555,bb2f10a0,e5e48399,815d39ea,fc0bc163,1ccab40d,1e21896b,54698ee0,b842675b,1c3c9add,4b1fd285,d8d08e47,8f00ce04,8768f48b,cf3018d6,ec6d0256,11858fc6,8550f857,6f12186f,c7a8fe38'
    'HTTP_X_REAL_IP' => '172.18.0.1'
    'HTTP_X_FORWARDED_SERVER' => '617e9e3cc3a1'
    'HTTP_X_FORWARDED_PROTO' => 'https'
    'HTTP_X_FORWARDED_PORT' => '443'
    'HTTP_X_FORWARDED_HOST' => 'derschmuckmacher-v3.ddev.site'
    'HTTP_X_FORWARDED_FOR' => '172.18.0.1'
    'HTTP_X_CSRF_TOKEN' => '••••••••••••••••••••••••••••••••••••••••••••••••••••••••••••••••••••••••••••••••••••••••••••••••••••••••••••'
    'HTTP_TE' => 'trailers'
    'HTTP_SEC_GPC' => '1'
    'HTTP_SEC_FETCH_SITE' => 'same-origin'
    'HTTP_SEC_FETCH_MODE' => 'cors'
    'HTTP_SEC_FETCH_DEST' => 'empty'
    'HTTP_REFERER' => 'https://derschmuckmacher-v3.ddev.site/dW2axQ3b/dashboard'
    'HTTP_COOKIE' => 'cookieconsent_status=allow; CRAFT_CSRF_TOKEN=c46764d17b682367679c529f1043872bbfd294280b0a6b522869cb3868f8a6a6a%3A2%3A%7Bi%3A0%3Bs%3A16%3A%22CRAFT_CSRF_TOKEN%22%3Bi%3A1%3Bs%3A40%3A%22oscGmXtgN7lH1IINFeBh9KwfL0sWDqIBBHQCFaaO%22%3B%7D; CraftSessionId=4qeribircfaeqr2afr5a2fff77; a8b7b1ec9ffb8baf2c6eaa253fe57112_username=26b9ec8568da68d3882e55afaa5d203483c6c5810ee05b5a55c8a0eb10cab93ea%3A2%3A%7Bi%3A0%3Bs%3A41%3A%22a8b7b1ec9ffb8baf2c6eaa253fe57112_username%22%3Bi%3A1%3Bs%3A8%3A%22odegiuli%22%3B%7D; Craft-3626ffc1-d0a3-42e3-98aa-37e8aa759561_sidebar=expanded'
    'HTTP_ACCEPT_LANGUAGE' => 'de,en-US;q=0.9,en;q=0.8'
    'HTTP_ACCEPT_ENCODING' => 'gzip, deflate, br, zstd'
    'HTTP_ACCEPT' => 'application/json, text/plain, */*'
    'HTTP_USER_AGENT' => 'Mozilla/5.0 (Macintosh; Intel Mac OS X 10.15; rv:150.0) Gecko/20100101 Firefox/150.0'
    'HTTP_HOST' => 'derschmuckmacher-v3.ddev.site'
    'HTTPS' => 'on'
    'REDIRECT_STATUS' => '200'
    'SERVER_NAME' => 'derschmuckmacher-v3.ddev.site'
    'SERVER_PORT' => '80'
    'SERVER_ADDR' => '172.18.0.3'
    'REMOTE_PORT' => '33870'
    'REMOTE_ADDR' => '172.18.0.5'
    'SERVER_SOFTWARE' => 'nginx/1.28.0'
    'GATEWAY_INTERFACE' => 'CGI/1.1'
    'REQUEST_SCHEME' => 'http'
    'SERVER_PROTOCOL' => 'HTTP/1.1'
    'DOCUMENT_ROOT' => '/var/www/html/web'
    'DOCUMENT_URI' => '/index.php'
    'REQUEST_URI' => '/index.php?p=dW2axQ3b%2Factions%2Fusers%2Fsession-info&dontExtendSession=1&v=1778805064546'
    'CONTENT_LENGTH' => ''
    'CONTENT_TYPE' => ''
    'REQUEST_METHOD' => 'GET'
    'QUERY_STRING' => 'p=dW2axQ3b%2Factions%2Fusers%2Fsession-info&dontExtendSession=1&v=1778805064546'
    'SCRIPT_NAME' => '/index.php'
    'SCRIPT_FILENAME' => '/var/www/html/web/index.php'
    'FCGI_ROLE' => 'RESPONDER'
    'PHP_SELF' => '/index.php'
    'REQUEST_TIME_FLOAT' => 1778805064.5657
    'REQUEST_TIME' => 1778805064
    'CRAFT_APP_ID' => 'CraftCMS--3933bc78-29f5-4b79-bcc5-c31faf0fcd20'
    'CRAFT_ENVIRONMENT' => 'dev'
    'ENVIRONMENT' => 'dev'
    'CRAFT_SECURITY_KEY' => '••••••••••••••••••••••••••••••••'
    'CP_TRIGGER' => 'dW2axQ3b'
    'CRAFT_DB_SCHEMA' => 'public'
    'CRAFT_DB_TABLE_PREFIX' => ''
    'DEV_MODE' => 'true'
    'ALLOW_ADMIN_CHANGES' => 'true'
    'DISALLOW_ROBOTS' => 'true'
    'TIMEZONE' => 'Europe/Zurich'
    'CAPTCHA_SITE_KEY' => '••••••••••••••••••••••••••••••••••••••••'
    'CAPTCHA_SECRET_KEY' => '••••••••••••••••••••••••••••••••••••••••'
    'WEB_URL' => 'https://derschmuckmacher-v3.ddev.site'
    'WEB_ROOT' => '/var/www/html/web'
    'ASSETS_BASE_URL' => 'https://derschmuckmacher-v3.ddev.site/public'
    'ASSETS_BASE_PATH' => '/var/www/html/web/public'
    'SCHMUCK_BASE_URL' => 'https://derschmuckmacher-v3.ddev.site/public/uploads/schmuck'
    'SCHMUCK_BASE_PATH' => '/var/www/html/web/public/uploads/schmuck'
    'BILDER_BASE_URL' => 'https://derschmuckmacher-v3.ddev.site/public/uploads/bilder'
    'BILDER_BASE_PATH' => '/var/www/html/web/public/uploads/bilder'
] {"environment":"dev"} 
2026-05-15 02:32:04 [web.INFO] [yii\db\Connection::open] Opening DB connection: mysql:host=db;dbname=db;port=3306 {"memory":1097536} 
2026-05-15 02:32:04 [web.INFO] [yii\web\Session::open] Session started {"memory":1517664} 
2026-05-15 02:32:04 [web.INFO] [nystudio107\codeeditor\CodeEditor::bootstrap] CodeEditor module bootstrapped {"memory":1538632} 
2026-05-15 02:32:04 [web.INFO] [adigital\cookieconsentbanner\CookieConsentBanner::init] Cookie Consent Banner plugin loaded {"memory":1753640} 
2026-05-15 02:32:04 [web.INFO] [miranj\obfuscator\Obfuscator::init] Obfuscator plugin loaded {"memory":2717712} 
2026-05-15 02:32:04 [web.INFO] [application] Request context:
$_GET = [
    'p' => 'dW2axQ3b/actions/users/session-info'
    'dontExtendSession' => '1'
    'v' => '1778805124618'
]

$_POST = []

$_FILES = []

$_COOKIE = [
    'cookieconsent_status' => 'allow'
    'CRAFT_CSRF_TOKEN' => '••••••••••••••••••••••••••••••••••••••••••••••••••••••••••••••••••••••••••••••••••••••••••••••••••••••••••••••••••••••••••••••••••••••••••••••••••••••'
    'CraftSessionId' => '4qeribircfaeqr2afr5a2fff77'
    'a8b7b1ec9ffb8baf2c6eaa253fe57112_username' => '26b9ec8568da68d3882e55afaa5d203483c6c5810ee05b5a55c8a0eb10cab93ea:2:{i:0;s:41:\"a8b7b1ec9ffb8baf2c6eaa253fe57112_username\";i:1;s:8:\"odegiuli\";}'
    'Craft-3626ffc1-d0a3-42e3-98aa-37e8aa759561_sidebar' => 'expanded'
]

$_SESSION = [
    '22b6a59deafcfb2ffb13c3adf3d98a3b__flash' => []
]

$_SERVER = [
    'DEPLOY_NAME' => 'local'
    'DDEV_WEBSERVER_TYPE' => 'nginx-fpm'
    'npm_config_cache' => '/mnt/ddev-global-cache/npm'
    'COREPACK_ENABLE_DOWNLOAD_PROMPT' => '0'
    'DDEV_GOOS' => 'darwin'
    'IS_DDEV_PROJECT' => 'true'
    'PHP_DEFAULT_VERSION' => '8.3'
    'HOSTNAME' => 'derschmuckmacher-v3-web'
    'MAILPIT_SMTP_PORT' => '1025'
    'MH_SMTP_BIND_ADDR' => '127.0.0.1:1025'
    'DDEV_PRIMARY_URL_WITHOUT_PORT' => 'https://derschmuckmacher-v3.ddev.site'
    'CRAFT_DB_PORT' => '3306'
    'SSH_AUTH_SOCK' => '/home/.ssh-agent/socket'
    'DDEV_GID' => '20'
    'NODE_EXTRA_CA_CERTS' => '/mnt/ddev-global-cache/mkcert/rootCA.pem'
    'DOCKER_IP' => '127.0.0.1'
    'PGPASSWORD' => 'db'
    'CRAFT_WEB_ROOT' => '/var/www/html/web'
    'DDEV_DOCROOT' => 'web'
    'PWD' => '/var/www/html'
    'PLATFORMSH_CLI_UPDATES_CHECK' => '0'
    'DDEV_APPROOT' => '/var/www/html'
    'DDEV_FILES_DIR' => ''
    'START_SCRIPT_TIMEOUT' => '57'
    'APACHE_SITE_TEMPLATE' => '/etc/apache2/apache-site.conf'
    'PHP_INI' => '/etc/php/8.3/fpm/php.ini'
    'DDEV_VERSION' => 'v1.24.10'
    'PRIMARY_SITE_URL' => 'https://derschmuckmacher-v3.ddev.site'
    'TZ' => 'Europe/Zurich'
    'DDEV_XHPROF_MODE' => 'prepend'
    'HTTPS_EXPOSE' => '443:80,8026:8025'
    'COREPACK_HOME' => '/mnt/ddev-global-cache/corepack'
    'CRAFT_DB_DATABASE' => 'db'
    'DDEV_PRIMARY_URL' => 'https://derschmuckmacher-v3.ddev.site'
    'LINES' => '6'
    'DDEV_SITENAME' => 'derschmuckmacher-v3'
    'HOME' => '/home/omar'
    'DRUSH_OPTIONS_URI' => 'https://derschmuckmacher-v3.ddev.site'
    'LANG' => 'C.UTF-8'
    'COLUMNS' => '371'
    'DDEV_MUTAGEN_ENABLED' => 'true'
    'DDEV_USER' => 'omar'
    'PGUSER' => 'db'
    'TERMINUS_CACHE_DIR' => '/mnt/ddev-global-cache/terminus/cache'
    'DDEV_PRIMARY_URL_PORT' => '443'
    'DDEV_ROUTER_HTTP_PORT' => '80'
    'MAILPIT_SMTP_HOSTNAME' => '127.0.0.1'
    'CRAFT_DB_DRIVER' => 'mysql'
    'COMPOSER_PROCESS_TIMEOUT' => '2000'
    'NGINX_SITE_TEMPLATE' => '/etc/nginx/nginx-site.conf'
    'DDEV_FILES_DIRS' => ''
    'CRAFT_DB_SERVER' => 'db'
    'HTTP_EXPOSE' => '80:80,8025:8025'
    'NVM_DIR' => '/home/omar/.nvm'
    'DDEV_PHP_VERSION' => '8.3'
    'DDEV_TLD' => 'ddev.site'
    'DDEV_HOSTNAME' => 'derschmuckmacher-v3.ddev.site'
    'DDEV_PROJECT' => 'derschmuckmacher-v3'
    'DDEV_GOARCH' => 'arm64'
    'VIRTUAL_HOST' => 'derschmuckmacher-v3.ddev.site'
    'TERM' => 'xterm'
    'USER' => 'omar'
    'MYSQL_HISTFILE' => '/mnt/ddev-global-cache/mysqlhistory/derschmuckmacher-v3-web/mysql_history'
    'DDEV_WEB_ENTRYPOINT' => '/mnt/ddev_config/web-entrypoint.d'
    'DDEV_UID' => '501'
    'CAROOT' => '/mnt/ddev-global-cache/mkcert'
    'SHLVL' => '1'
    'COMPOSER_ALLOW_SUPERUSER' => '1'
    'BASH_ENV' => '/etc/bash.nointeractive.bashrc'
    'DDEV_DATABASE' => 'mysql:8.0'
    'PGDATABASE' => 'db'
    'CRAFT_DB_USER' => 'db'
    'DDEV_SCHEME' => 'https'
    'XHPROF_OUTPUT_DIR' => '/tmp/xhprof'
    'COMPOSER_CACHE_DIR' => '/mnt/ddev-global-cache/composer'
    'DDEV_XDEBUG_ENABLED' => 'false'
    'DDEV_DATABASE_FAMILY' => 'mysql'
    'PGHOST' => 'db'
    'DDEV_COMPOSER_ROOT' => '/var/www/html'
    'CRAFT_DB_PASSWORD' => '••'
    'DOCROOT' => 'web'
    'TERMINUS_HIDE_UPDATE_MESSAGE' => '1'
    'PATH' => '/home/omar/bin:/var/www/html/vendor/bin:/usr/local/sbin:/usr/local/bin:/usr/sbin:/usr/bin:/sbin:/bin:/var/www/html/bin:/mnt/ddev-global-cache/global-commands/web'
    'HOST_DOCKER_INTERNAL_IP' => ''
    'DDEV_PROJECT_TYPE' => 'craftcms'
    'DEBIAN_FRONTEND' => 'noninteractive'
    'DDEV_ROUTER_HTTPS_PORT' => '443'
    'EXECIGNORE' => '/var/www/html/vendor/bin/composer'
    'SUPERVISOR_ENABLED' => '1'
    'SUPERVISOR_SERVER_URL' => 'unix:///var/run/supervisor.sock'
    'SUPERVISOR_PROCESS_NAME' => 'php-fpm'
    'SUPERVISOR_GROUP_NAME' => 'php-fpm'
    'HTTP_X_REQUESTED_WITH' => 'XMLHttpRequest'
    'HTTP_X_REGISTERED_JS_FILES' => ''
    'HTTP_X_REGISTERED_ASSET_BUNDLES' => 'e38a2e07,22e517a2,aee7f8dc,26c46c25,e505ffd6,6b4d7555,bb2f10a0,e5e48399,815d39ea,fc0bc163,1ccab40d,1e21896b,54698ee0,b842675b,1c3c9add,4b1fd285,d8d08e47,8f00ce04,8768f48b,cf3018d6,ec6d0256,11858fc6,8550f857,6f12186f,c7a8fe38'
    'HTTP_X_REAL_IP' => '172.18.0.1'
    'HTTP_X_FORWARDED_SERVER' => '617e9e3cc3a1'
    'HTTP_X_FORWARDED_PROTO' => 'https'
    'HTTP_X_FORWARDED_PORT' => '443'
    'HTTP_X_FORWARDED_HOST' => 'derschmuckmacher-v3.ddev.site'
    'HTTP_X_FORWARDED_FOR' => '172.18.0.1'
    'HTTP_X_CSRF_TOKEN' => '••••••••••••••••••••••••••••••••••••••••••••••••••••••••••••••••••••••••••••••••••••••••••••••••••••••••••••'
    'HTTP_TE' => 'trailers'
    'HTTP_SEC_GPC' => '1'
    'HTTP_SEC_FETCH_SITE' => 'same-origin'
    'HTTP_SEC_FETCH_MODE' => 'cors'
    'HTTP_SEC_FETCH_DEST' => 'empty'
    'HTTP_REFERER' => 'https://derschmuckmacher-v3.ddev.site/dW2axQ3b/dashboard'
    'HTTP_COOKIE' => 'cookieconsent_status=allow; CRAFT_CSRF_TOKEN=c46764d17b682367679c529f1043872bbfd294280b0a6b522869cb3868f8a6a6a%3A2%3A%7Bi%3A0%3Bs%3A16%3A%22CRAFT_CSRF_TOKEN%22%3Bi%3A1%3Bs%3A40%3A%22oscGmXtgN7lH1IINFeBh9KwfL0sWDqIBBHQCFaaO%22%3B%7D; CraftSessionId=4qeribircfaeqr2afr5a2fff77; a8b7b1ec9ffb8baf2c6eaa253fe57112_username=26b9ec8568da68d3882e55afaa5d203483c6c5810ee05b5a55c8a0eb10cab93ea%3A2%3A%7Bi%3A0%3Bs%3A41%3A%22a8b7b1ec9ffb8baf2c6eaa253fe57112_username%22%3Bi%3A1%3Bs%3A8%3A%22odegiuli%22%3B%7D; Craft-3626ffc1-d0a3-42e3-98aa-37e8aa759561_sidebar=expanded'
    'HTTP_ACCEPT_LANGUAGE' => 'de,en-US;q=0.9,en;q=0.8'
    'HTTP_ACCEPT_ENCODING' => 'gzip, deflate, br, zstd'
    'HTTP_ACCEPT' => 'application/json, text/plain, */*'
    'HTTP_USER_AGENT' => 'Mozilla/5.0 (Macintosh; Intel Mac OS X 10.15; rv:150.0) Gecko/20100101 Firefox/150.0'
    'HTTP_HOST' => 'derschmuckmacher-v3.ddev.site'
    'HTTPS' => 'on'
    'REDIRECT_STATUS' => '200'
    'SERVER_NAME' => 'derschmuckmacher-v3.ddev.site'
    'SERVER_PORT' => '80'
    'SERVER_ADDR' => '172.18.0.3'
    'REMOTE_PORT' => '57812'
    'REMOTE_ADDR' => '172.18.0.5'
    'SERVER_SOFTWARE' => 'nginx/1.28.0'
    'GATEWAY_INTERFACE' => 'CGI/1.1'
    'REQUEST_SCHEME' => 'http'
    'SERVER_PROTOCOL' => 'HTTP/1.1'
    'DOCUMENT_ROOT' => '/var/www/html/web'
    'DOCUMENT_URI' => '/index.php'
    'REQUEST_URI' => '/index.php?p=dW2axQ3b%2Factions%2Fusers%2Fsession-info&dontExtendSession=1&v=1778805124618'
    'CONTENT_LENGTH' => ''
    'CONTENT_TYPE' => ''
    'REQUEST_METHOD' => 'GET'
    'QUERY_STRING' => 'p=dW2axQ3b%2Factions%2Fusers%2Fsession-info&dontExtendSession=1&v=1778805124618'
    'SCRIPT_NAME' => '/index.php'
    'SCRIPT_FILENAME' => '/var/www/html/web/index.php'
    'FCGI_ROLE' => 'RESPONDER'
    'PHP_SELF' => '/index.php'
    'REQUEST_TIME_FLOAT' => 1778805124.6376
    'REQUEST_TIME' => 1778805124
    'CRAFT_APP_ID' => 'CraftCMS--3933bc78-29f5-4b79-bcc5-c31faf0fcd20'
    'CRAFT_ENVIRONMENT' => 'dev'
    'ENVIRONMENT' => 'dev'
    'CRAFT_SECURITY_KEY' => '••••••••••••••••••••••••••••••••'
    'CP_TRIGGER' => 'dW2axQ3b'
    'CRAFT_DB_SCHEMA' => 'public'
    'CRAFT_DB_TABLE_PREFIX' => ''
    'DEV_MODE' => 'true'
    'ALLOW_ADMIN_CHANGES' => 'true'
    'DISALLOW_ROBOTS' => 'true'
    'TIMEZONE' => 'Europe/Zurich'
    'CAPTCHA_SITE_KEY' => '••••••••••••••••••••••••••••••••••••••••'
    'CAPTCHA_SECRET_KEY' => '••••••••••••••••••••••••••••••••••••••••'
    'WEB_URL' => 'https://derschmuckmacher-v3.ddev.site'
    'WEB_ROOT' => '/var/www/html/web'
    'ASSETS_BASE_URL' => 'https://derschmuckmacher-v3.ddev.site/public'
    'ASSETS_BASE_PATH' => '/var/www/html/web/public'
    'SCHMUCK_BASE_URL' => 'https://derschmuckmacher-v3.ddev.site/public/uploads/schmuck'
    'SCHMUCK_BASE_PATH' => '/var/www/html/web/public/uploads/schmuck'
    'BILDER_BASE_URL' => 'https://derschmuckmacher-v3.ddev.site/public/uploads/bilder'
    'BILDER_BASE_PATH' => '/var/www/html/web/public/uploads/bilder'
] {"environment":"dev"} 
2026-05-15 02:33:04 [web.INFO] [yii\db\Connection::open] Opening DB connection: mysql:host=db;dbname=db;port=3306 {"memory":1097536} 
2026-05-15 02:33:04 [web.INFO] [yii\web\Session::open] Session started {"memory":1517664} 
2026-05-15 02:33:04 [web.INFO] [nystudio107\codeeditor\CodeEditor::bootstrap] CodeEditor module bootstrapped {"memory":1538632} 
2026-05-15 02:33:04 [web.INFO] [adigital\cookieconsentbanner\CookieConsentBanner::init] Cookie Consent Banner plugin loaded {"memory":1753640} 
2026-05-15 02:33:04 [web.INFO] [miranj\obfuscator\Obfuscator::init] Obfuscator plugin loaded {"memory":2717712} 
2026-05-15 02:33:04 [web.INFO] [application] Request context:
$_GET = [
    'p' => 'dW2axQ3b/actions/users/session-info'
    'dontExtendSession' => '1'
    'v' => '1778805184690'
]

$_POST = []

$_FILES = []

$_COOKIE = [
    'cookieconsent_status' => 'allow'
    'CRAFT_CSRF_TOKEN' => '••••••••••••••••••••••••••••••••••••••••••••••••••••••••••••••••••••••••••••••••••••••••••••••••••••••••••••••••••••••••••••••••••••••••••••••••••••••'
    'CraftSessionId' => '4qeribircfaeqr2afr5a2fff77'
    'a8b7b1ec9ffb8baf2c6eaa253fe57112_username' => '26b9ec8568da68d3882e55afaa5d203483c6c5810ee05b5a55c8a0eb10cab93ea:2:{i:0;s:41:\"a8b7b1ec9ffb8baf2c6eaa253fe57112_username\";i:1;s:8:\"odegiuli\";}'
    'Craft-3626ffc1-d0a3-42e3-98aa-37e8aa759561_sidebar' => 'expanded'
]

$_SESSION = [
    '22b6a59deafcfb2ffb13c3adf3d98a3b__flash' => []
]

$_SERVER = [
    'DEPLOY_NAME' => 'local'
    'DDEV_WEBSERVER_TYPE' => 'nginx-fpm'
    'npm_config_cache' => '/mnt/ddev-global-cache/npm'
    'COREPACK_ENABLE_DOWNLOAD_PROMPT' => '0'
    'DDEV_GOOS' => 'darwin'
    'IS_DDEV_PROJECT' => 'true'
    'PHP_DEFAULT_VERSION' => '8.3'
    'HOSTNAME' => 'derschmuckmacher-v3-web'
    'MAILPIT_SMTP_PORT' => '1025'
    'MH_SMTP_BIND_ADDR' => '127.0.0.1:1025'
    'DDEV_PRIMARY_URL_WITHOUT_PORT' => 'https://derschmuckmacher-v3.ddev.site'
    'CRAFT_DB_PORT' => '3306'
    'SSH_AUTH_SOCK' => '/home/.ssh-agent/socket'
    'DDEV_GID' => '20'
    'NODE_EXTRA_CA_CERTS' => '/mnt/ddev-global-cache/mkcert/rootCA.pem'
    'DOCKER_IP' => '127.0.0.1'
    'PGPASSWORD' => 'db'
    'CRAFT_WEB_ROOT' => '/var/www/html/web'
    'DDEV_DOCROOT' => 'web'
    'PWD' => '/var/www/html'
    'PLATFORMSH_CLI_UPDATES_CHECK' => '0'
    'DDEV_APPROOT' => '/var/www/html'
    'DDEV_FILES_DIR' => ''
    'START_SCRIPT_TIMEOUT' => '57'
    'APACHE_SITE_TEMPLATE' => '/etc/apache2/apache-site.conf'
    'PHP_INI' => '/etc/php/8.3/fpm/php.ini'
    'DDEV_VERSION' => 'v1.24.10'
    'PRIMARY_SITE_URL' => 'https://derschmuckmacher-v3.ddev.site'
    'TZ' => 'Europe/Zurich'
    'DDEV_XHPROF_MODE' => 'prepend'
    'HTTPS_EXPOSE' => '443:80,8026:8025'
    'COREPACK_HOME' => '/mnt/ddev-global-cache/corepack'
    'CRAFT_DB_DATABASE' => 'db'
    'DDEV_PRIMARY_URL' => 'https://derschmuckmacher-v3.ddev.site'
    'LINES' => '6'
    'DDEV_SITENAME' => 'derschmuckmacher-v3'
    'HOME' => '/home/omar'
    'DRUSH_OPTIONS_URI' => 'https://derschmuckmacher-v3.ddev.site'
    'LANG' => 'C.UTF-8'
    'COLUMNS' => '371'
    'DDEV_MUTAGEN_ENABLED' => 'true'
    'DDEV_USER' => 'omar'
    'PGUSER' => 'db'
    'TERMINUS_CACHE_DIR' => '/mnt/ddev-global-cache/terminus/cache'
    'DDEV_PRIMARY_URL_PORT' => '443'
    'DDEV_ROUTER_HTTP_PORT' => '80'
    'MAILPIT_SMTP_HOSTNAME' => '127.0.0.1'
    'CRAFT_DB_DRIVER' => 'mysql'
    'COMPOSER_PROCESS_TIMEOUT' => '2000'
    'NGINX_SITE_TEMPLATE' => '/etc/nginx/nginx-site.conf'
    'DDEV_FILES_DIRS' => ''
    'CRAFT_DB_SERVER' => 'db'
    'HTTP_EXPOSE' => '80:80,8025:8025'
    'NVM_DIR' => '/home/omar/.nvm'
    'DDEV_PHP_VERSION' => '8.3'
    'DDEV_TLD' => 'ddev.site'
    'DDEV_HOSTNAME' => 'derschmuckmacher-v3.ddev.site'
    'DDEV_PROJECT' => 'derschmuckmacher-v3'
    'DDEV_GOARCH' => 'arm64'
    'VIRTUAL_HOST' => 'derschmuckmacher-v3.ddev.site'
    'TERM' => 'xterm'
    'USER' => 'omar'
    'MYSQL_HISTFILE' => '/mnt/ddev-global-cache/mysqlhistory/derschmuckmacher-v3-web/mysql_history'
    'DDEV_WEB_ENTRYPOINT' => '/mnt/ddev_config/web-entrypoint.d'
    'DDEV_UID' => '501'
    'CAROOT' => '/mnt/ddev-global-cache/mkcert'
    'SHLVL' => '1'
    'COMPOSER_ALLOW_SUPERUSER' => '1'
    'BASH_ENV' => '/etc/bash.nointeractive.bashrc'
    'DDEV_DATABASE' => 'mysql:8.0'
    'PGDATABASE' => 'db'
    'CRAFT_DB_USER' => 'db'
    'DDEV_SCHEME' => 'https'
    'XHPROF_OUTPUT_DIR' => '/tmp/xhprof'
    'COMPOSER_CACHE_DIR' => '/mnt/ddev-global-cache/composer'
    'DDEV_XDEBUG_ENABLED' => 'false'
    'DDEV_DATABASE_FAMILY' => 'mysql'
    'PGHOST' => 'db'
    'DDEV_COMPOSER_ROOT' => '/var/www/html'
    'CRAFT_DB_PASSWORD' => '••'
    'DOCROOT' => 'web'
    'TERMINUS_HIDE_UPDATE_MESSAGE' => '1'
    'PATH' => '/home/omar/bin:/var/www/html/vendor/bin:/usr/local/sbin:/usr/local/bin:/usr/sbin:/usr/bin:/sbin:/bin:/var/www/html/bin:/mnt/ddev-global-cache/global-commands/web'
    'HOST_DOCKER_INTERNAL_IP' => ''
    'DDEV_PROJECT_TYPE' => 'craftcms'
    'DEBIAN_FRONTEND' => 'noninteractive'
    'DDEV_ROUTER_HTTPS_PORT' => '443'
    'EXECIGNORE' => '/var/www/html/vendor/bin/composer'
    'SUPERVISOR_ENABLED' => '1'
    'SUPERVISOR_SERVER_URL' => 'unix:///var/run/supervisor.sock'
    'SUPERVISOR_PROCESS_NAME' => 'php-fpm'
    'SUPERVISOR_GROUP_NAME' => 'php-fpm'
    'HTTP_X_REQUESTED_WITH' => 'XMLHttpRequest'
    'HTTP_X_REGISTERED_JS_FILES' => ''
    'HTTP_X_REGISTERED_ASSET_BUNDLES' => 'e38a2e07,22e517a2,aee7f8dc,26c46c25,e505ffd6,6b4d7555,bb2f10a0,e5e48399,815d39ea,fc0bc163,1ccab40d,1e21896b,54698ee0,b842675b,1c3c9add,4b1fd285,d8d08e47,8f00ce04,8768f48b,cf3018d6,ec6d0256,11858fc6,8550f857,6f12186f,c7a8fe38'
    'HTTP_X_REAL_IP' => '172.18.0.1'
    'HTTP_X_FORWARDED_SERVER' => '617e9e3cc3a1'
    'HTTP_X_FORWARDED_PROTO' => 'https'
    'HTTP_X_FORWARDED_PORT' => '443'
    'HTTP_X_FORWARDED_HOST' => 'derschmuckmacher-v3.ddev.site'
    'HTTP_X_FORWARDED_FOR' => '172.18.0.1'
    'HTTP_X_CSRF_TOKEN' => '••••••••••••••••••••••••••••••••••••••••••••••••••••••••••••••••••••••••••••••••••••••••••••••••••••••••••••'
    'HTTP_TE' => 'trailers'
    'HTTP_SEC_GPC' => '1'
    'HTTP_SEC_FETCH_SITE' => 'same-origin'
    'HTTP_SEC_FETCH_MODE' => 'cors'
    'HTTP_SEC_FETCH_DEST' => 'empty'
    'HTTP_REFERER' => 'https://derschmuckmacher-v3.ddev.site/dW2axQ3b/dashboard'
    'HTTP_COOKIE' => 'cookieconsent_status=allow; CRAFT_CSRF_TOKEN=c46764d17b682367679c529f1043872bbfd294280b0a6b522869cb3868f8a6a6a%3A2%3A%7Bi%3A0%3Bs%3A16%3A%22CRAFT_CSRF_TOKEN%22%3Bi%3A1%3Bs%3A40%3A%22oscGmXtgN7lH1IINFeBh9KwfL0sWDqIBBHQCFaaO%22%3B%7D; CraftSessionId=4qeribircfaeqr2afr5a2fff77; a8b7b1ec9ffb8baf2c6eaa253fe57112_username=26b9ec8568da68d3882e55afaa5d203483c6c5810ee05b5a55c8a0eb10cab93ea%3A2%3A%7Bi%3A0%3Bs%3A41%3A%22a8b7b1ec9ffb8baf2c6eaa253fe57112_username%22%3Bi%3A1%3Bs%3A8%3A%22odegiuli%22%3B%7D; Craft-3626ffc1-d0a3-42e3-98aa-37e8aa759561_sidebar=expanded'
    'HTTP_ACCEPT_LANGUAGE' => 'de,en-US;q=0.9,en;q=0.8'
    'HTTP_ACCEPT_ENCODING' => 'gzip, deflate, br, zstd'
    'HTTP_ACCEPT' => 'application/json, text/plain, */*'
    'HTTP_USER_AGENT' => 'Mozilla/5.0 (Macintosh; Intel Mac OS X 10.15; rv:150.0) Gecko/20100101 Firefox/150.0'
    'HTTP_HOST' => 'derschmuckmacher-v3.ddev.site'
    'HTTPS' => 'on'
    'REDIRECT_STATUS' => '200'
    'SERVER_NAME' => 'derschmuckmacher-v3.ddev.site'
    'SERVER_PORT' => '80'
    'SERVER_ADDR' => '172.18.0.3'
    'REMOTE_PORT' => '56330'
    'REMOTE_ADDR' => '172.18.0.5'
    'SERVER_SOFTWARE' => 'nginx/1.28.0'
    'GATEWAY_INTERFACE' => 'CGI/1.1'
    'REQUEST_SCHEME' => 'http'
    'SERVER_PROTOCOL' => 'HTTP/1.1'
    'DOCUMENT_ROOT' => '/var/www/html/web'
    'DOCUMENT_URI' => '/index.php'
    'REQUEST_URI' => '/index.php?p=dW2axQ3b%2Factions%2Fusers%2Fsession-info&dontExtendSession=1&v=1778805184690'
    'CONTENT_LENGTH' => ''
    'CONTENT_TYPE' => ''
    'REQUEST_METHOD' => 'GET'
    'QUERY_STRING' => 'p=dW2axQ3b%2Factions%2Fusers%2Fsession-info&dontExtendSession=1&v=1778805184690'
    'SCRIPT_NAME' => '/index.php'
    'SCRIPT_FILENAME' => '/var/www/html/web/index.php'
    'FCGI_ROLE' => 'RESPONDER'
    'PHP_SELF' => '/index.php'
    'REQUEST_TIME_FLOAT' => 1778805184.7087
    'REQUEST_TIME' => 1778805184
    'CRAFT_APP_ID' => 'CraftCMS--3933bc78-29f5-4b79-bcc5-c31faf0fcd20'
    'CRAFT_ENVIRONMENT' => 'dev'
    'ENVIRONMENT' => 'dev'
    'CRAFT_SECURITY_KEY' => '••••••••••••••••••••••••••••••••'
    'CP_TRIGGER' => 'dW2axQ3b'
    'CRAFT_DB_SCHEMA' => 'public'
    'CRAFT_DB_TABLE_PREFIX' => ''
    'DEV_MODE' => 'true'
    'ALLOW_ADMIN_CHANGES' => 'true'
    'DISALLOW_ROBOTS' => 'true'
    'TIMEZONE' => 'Europe/Zurich'
    'CAPTCHA_SITE_KEY' => '••••••••••••••••••••••••••••••••••••••••'
    'CAPTCHA_SECRET_KEY' => '••••••••••••••••••••••••••••••••••••••••'
    'WEB_URL' => 'https://derschmuckmacher-v3.ddev.site'
    'WEB_ROOT' => '/var/www/html/web'
    'ASSETS_BASE_URL' => 'https://derschmuckmacher-v3.ddev.site/public'
    'ASSETS_BASE_PATH' => '/var/www/html/web/public'
    'SCHMUCK_BASE_URL' => 'https://derschmuckmacher-v3.ddev.site/public/uploads/schmuck'
    'SCHMUCK_BASE_PATH' => '/var/www/html/web/public/uploads/schmuck'
    'BILDER_BASE_URL' => 'https://derschmuckmacher-v3.ddev.site/public/uploads/bilder'
    'BILDER_BASE_PATH' => '/var/www/html/web/public/uploads/bilder'
] {"environment":"dev"} 
2026-05-15 02:34:04 [web.INFO] [yii\db\Connection::open] Opening DB connection: mysql:host=db;dbname=db;port=3306 {"memory":1097536} 
2026-05-15 02:34:04 [web.INFO] [yii\web\Session::open] Session started {"memory":1517664} 
2026-05-15 02:34:04 [web.INFO] [nystudio107\codeeditor\CodeEditor::bootstrap] CodeEditor module bootstrapped {"memory":1538632} 
2026-05-15 02:34:04 [web.INFO] [adigital\cookieconsentbanner\CookieConsentBanner::init] Cookie Consent Banner plugin loaded {"memory":1753640} 
2026-05-15 02:34:04 [web.INFO] [miranj\obfuscator\Obfuscator::init] Obfuscator plugin loaded {"memory":2717712} 
2026-05-15 02:34:04 [web.INFO] [application] Request context:
$_GET = [
    'p' => 'dW2axQ3b/actions/users/session-info'
    'dontExtendSession' => '1'
    'v' => '1778805244764'
]

$_POST = []

$_FILES = []

$_COOKIE = [
    'cookieconsent_status' => 'allow'
    'CRAFT_CSRF_TOKEN' => '••••••••••••••••••••••••••••••••••••••••••••••••••••••••••••••••••••••••••••••••••••••••••••••••••••••••••••••••••••••••••••••••••••••••••••••••••••••'
    'CraftSessionId' => '4qeribircfaeqr2afr5a2fff77'
    'a8b7b1ec9ffb8baf2c6eaa253fe57112_username' => '26b9ec8568da68d3882e55afaa5d203483c6c5810ee05b5a55c8a0eb10cab93ea:2:{i:0;s:41:\"a8b7b1ec9ffb8baf2c6eaa253fe57112_username\";i:1;s:8:\"odegiuli\";}'
    'Craft-3626ffc1-d0a3-42e3-98aa-37e8aa759561_sidebar' => 'expanded'
]

$_SESSION = [
    '22b6a59deafcfb2ffb13c3adf3d98a3b__flash' => []
]

$_SERVER = [
    'DEPLOY_NAME' => 'local'
    'DDEV_WEBSERVER_TYPE' => 'nginx-fpm'
    'npm_config_cache' => '/mnt/ddev-global-cache/npm'
    'COREPACK_ENABLE_DOWNLOAD_PROMPT' => '0'
    'DDEV_GOOS' => 'darwin'
    'IS_DDEV_PROJECT' => 'true'
    'PHP_DEFAULT_VERSION' => '8.3'
    'HOSTNAME' => 'derschmuckmacher-v3-web'
    'MAILPIT_SMTP_PORT' => '1025'
    'MH_SMTP_BIND_ADDR' => '127.0.0.1:1025'
    'DDEV_PRIMARY_URL_WITHOUT_PORT' => 'https://derschmuckmacher-v3.ddev.site'
    'CRAFT_DB_PORT' => '3306'
    'SSH_AUTH_SOCK' => '/home/.ssh-agent/socket'
    'DDEV_GID' => '20'
    'NODE_EXTRA_CA_CERTS' => '/mnt/ddev-global-cache/mkcert/rootCA.pem'
    'DOCKER_IP' => '127.0.0.1'
    'PGPASSWORD' => 'db'
    'CRAFT_WEB_ROOT' => '/var/www/html/web'
    'DDEV_DOCROOT' => 'web'
    'PWD' => '/var/www/html'
    'PLATFORMSH_CLI_UPDATES_CHECK' => '0'
    'DDEV_APPROOT' => '/var/www/html'
    'DDEV_FILES_DIR' => ''
    'START_SCRIPT_TIMEOUT' => '57'
    'APACHE_SITE_TEMPLATE' => '/etc/apache2/apache-site.conf'
    'PHP_INI' => '/etc/php/8.3/fpm/php.ini'
    'DDEV_VERSION' => 'v1.24.10'
    'PRIMARY_SITE_URL' => 'https://derschmuckmacher-v3.ddev.site'
    'TZ' => 'Europe/Zurich'
    'DDEV_XHPROF_MODE' => 'prepend'
    'HTTPS_EXPOSE' => '443:80,8026:8025'
    'COREPACK_HOME' => '/mnt/ddev-global-cache/corepack'
    'CRAFT_DB_DATABASE' => 'db'
    'DDEV_PRIMARY_URL' => 'https://derschmuckmacher-v3.ddev.site'
    'LINES' => '6'
    'DDEV_SITENAME' => 'derschmuckmacher-v3'
    'HOME' => '/home/omar'
    'DRUSH_OPTIONS_URI' => 'https://derschmuckmacher-v3.ddev.site'
    'LANG' => 'C.UTF-8'
    'COLUMNS' => '371'
    'DDEV_MUTAGEN_ENABLED' => 'true'
    'DDEV_USER' => 'omar'
    'PGUSER' => 'db'
    'TERMINUS_CACHE_DIR' => '/mnt/ddev-global-cache/terminus/cache'
    'DDEV_PRIMARY_URL_PORT' => '443'
    'DDEV_ROUTER_HTTP_PORT' => '80'
    'MAILPIT_SMTP_HOSTNAME' => '127.0.0.1'
    'CRAFT_DB_DRIVER' => 'mysql'
    'COMPOSER_PROCESS_TIMEOUT' => '2000'
    'NGINX_SITE_TEMPLATE' => '/etc/nginx/nginx-site.conf'
    'DDEV_FILES_DIRS' => ''
    'CRAFT_DB_SERVER' => 'db'
    'HTTP_EXPOSE' => '80:80,8025:8025'
    'NVM_DIR' => '/home/omar/.nvm'
    'DDEV_PHP_VERSION' => '8.3'
    'DDEV_TLD' => 'ddev.site'
    'DDEV_HOSTNAME' => 'derschmuckmacher-v3.ddev.site'
    'DDEV_PROJECT' => 'derschmuckmacher-v3'
    'DDEV_GOARCH' => 'arm64'
    'VIRTUAL_HOST' => 'derschmuckmacher-v3.ddev.site'
    'TERM' => 'xterm'
    'USER' => 'omar'
    'MYSQL_HISTFILE' => '/mnt/ddev-global-cache/mysqlhistory/derschmuckmacher-v3-web/mysql_history'
    'DDEV_WEB_ENTRYPOINT' => '/mnt/ddev_config/web-entrypoint.d'
    'DDEV_UID' => '501'
    'CAROOT' => '/mnt/ddev-global-cache/mkcert'
    'SHLVL' => '1'
    'COMPOSER_ALLOW_SUPERUSER' => '1'
    'BASH_ENV' => '/etc/bash.nointeractive.bashrc'
    'DDEV_DATABASE' => 'mysql:8.0'
    'PGDATABASE' => 'db'
    'CRAFT_DB_USER' => 'db'
    'DDEV_SCHEME' => 'https'
    'XHPROF_OUTPUT_DIR' => '/tmp/xhprof'
    'COMPOSER_CACHE_DIR' => '/mnt/ddev-global-cache/composer'
    'DDEV_XDEBUG_ENABLED' => 'false'
    'DDEV_DATABASE_FAMILY' => 'mysql'
    'PGHOST' => 'db'
    'DDEV_COMPOSER_ROOT' => '/var/www/html'
    'CRAFT_DB_PASSWORD' => '••'
    'DOCROOT' => 'web'
    'TERMINUS_HIDE_UPDATE_MESSAGE' => '1'
    'PATH' => '/home/omar/bin:/var/www/html/vendor/bin:/usr/local/sbin:/usr/local/bin:/usr/sbin:/usr/bin:/sbin:/bin:/var/www/html/bin:/mnt/ddev-global-cache/global-commands/web'
    'HOST_DOCKER_INTERNAL_IP' => ''
    'DDEV_PROJECT_TYPE' => 'craftcms'
    'DEBIAN_FRONTEND' => 'noninteractive'
    'DDEV_ROUTER_HTTPS_PORT' => '443'
    'EXECIGNORE' => '/var/www/html/vendor/bin/composer'
    'SUPERVISOR_ENABLED' => '1'
    'SUPERVISOR_SERVER_URL' => 'unix:///var/run/supervisor.sock'
    'SUPERVISOR_PROCESS_NAME' => 'php-fpm'
    'SUPERVISOR_GROUP_NAME' => 'php-fpm'
    'HTTP_X_REQUESTED_WITH' => 'XMLHttpRequest'
    'HTTP_X_REGISTERED_JS_FILES' => ''
    'HTTP_X_REGISTERED_ASSET_BUNDLES' => 'e38a2e07,22e517a2,aee7f8dc,26c46c25,e505ffd6,6b4d7555,bb2f10a0,e5e48399,815d39ea,fc0bc163,1ccab40d,1e21896b,54698ee0,b842675b,1c3c9add,4b1fd285,d8d08e47,8f00ce04,8768f48b,cf3018d6,ec6d0256,11858fc6,8550f857,6f12186f,c7a8fe38'
    'HTTP_X_REAL_IP' => '172.18.0.1'
    'HTTP_X_FORWARDED_SERVER' => '617e9e3cc3a1'
    'HTTP_X_FORWARDED_PROTO' => 'https'
    'HTTP_X_FORWARDED_PORT' => '443'
    'HTTP_X_FORWARDED_HOST' => 'derschmuckmacher-v3.ddev.site'
    'HTTP_X_FORWARDED_FOR' => '172.18.0.1'
    'HTTP_X_CSRF_TOKEN' => '••••••••••••••••••••••••••••••••••••••••••••••••••••••••••••••••••••••••••••••••••••••••••••••••••••••••••••'
    'HTTP_TE' => 'trailers'
    'HTTP_SEC_GPC' => '1'
    'HTTP_SEC_FETCH_SITE' => 'same-origin'
    'HTTP_SEC_FETCH_MODE' => 'cors'
    'HTTP_SEC_FETCH_DEST' => 'empty'
    'HTTP_REFERER' => 'https://derschmuckmacher-v3.ddev.site/dW2axQ3b/dashboard'
    'HTTP_COOKIE' => 'cookieconsent_status=allow; CRAFT_CSRF_TOKEN=c46764d17b682367679c529f1043872bbfd294280b0a6b522869cb3868f8a6a6a%3A2%3A%7Bi%3A0%3Bs%3A16%3A%22CRAFT_CSRF_TOKEN%22%3Bi%3A1%3Bs%3A40%3A%22oscGmXtgN7lH1IINFeBh9KwfL0sWDqIBBHQCFaaO%22%3B%7D; CraftSessionId=4qeribircfaeqr2afr5a2fff77; a8b7b1ec9ffb8baf2c6eaa253fe57112_username=26b9ec8568da68d3882e55afaa5d203483c6c5810ee05b5a55c8a0eb10cab93ea%3A2%3A%7Bi%3A0%3Bs%3A41%3A%22a8b7b1ec9ffb8baf2c6eaa253fe57112_username%22%3Bi%3A1%3Bs%3A8%3A%22odegiuli%22%3B%7D; Craft-3626ffc1-d0a3-42e3-98aa-37e8aa759561_sidebar=expanded'
    'HTTP_ACCEPT_LANGUAGE' => 'de,en-US;q=0.9,en;q=0.8'
    'HTTP_ACCEPT_ENCODING' => 'gzip, deflate, br, zstd'
    'HTTP_ACCEPT' => 'application/json, text/plain, */*'
    'HTTP_USER_AGENT' => 'Mozilla/5.0 (Macintosh; Intel Mac OS X 10.15; rv:150.0) Gecko/20100101 Firefox/150.0'
    'HTTP_HOST' => 'derschmuckmacher-v3.ddev.site'
    'HTTPS' => 'on'
    'REDIRECT_STATUS' => '200'
    'SERVER_NAME' => 'derschmuckmacher-v3.ddev.site'
    'SERVER_PORT' => '80'
    'SERVER_ADDR' => '172.18.0.3'
    'REMOTE_PORT' => '47474'
    'REMOTE_ADDR' => '172.18.0.5'
    'SERVER_SOFTWARE' => 'nginx/1.28.0'
    'GATEWAY_INTERFACE' => 'CGI/1.1'
    'REQUEST_SCHEME' => 'http'
    'SERVER_PROTOCOL' => 'HTTP/1.1'
    'DOCUMENT_ROOT' => '/var/www/html/web'
    'DOCUMENT_URI' => '/index.php'
    'REQUEST_URI' => '/index.php?p=dW2axQ3b%2Factions%2Fusers%2Fsession-info&dontExtendSession=1&v=1778805244764'
    'CONTENT_LENGTH' => ''
    'CONTENT_TYPE' => ''
    'REQUEST_METHOD' => 'GET'
    'QUERY_STRING' => 'p=dW2axQ3b%2Factions%2Fusers%2Fsession-info&dontExtendSession=1&v=1778805244764'
    'SCRIPT_NAME' => '/index.php'
    'SCRIPT_FILENAME' => '/var/www/html/web/index.php'
    'FCGI_ROLE' => 'RESPONDER'
    'PHP_SELF' => '/index.php'
    'REQUEST_TIME_FLOAT' => 1778805244.781
    'REQUEST_TIME' => 1778805244
    'CRAFT_APP_ID' => 'CraftCMS--3933bc78-29f5-4b79-bcc5-c31faf0fcd20'
    'CRAFT_ENVIRONMENT' => 'dev'
    'ENVIRONMENT' => 'dev'
    'CRAFT_SECURITY_KEY' => '••••••••••••••••••••••••••••••••'
    'CP_TRIGGER' => 'dW2axQ3b'
    'CRAFT_DB_SCHEMA' => 'public'
    'CRAFT_DB_TABLE_PREFIX' => ''
    'DEV_MODE' => 'true'
    'ALLOW_ADMIN_CHANGES' => 'true'
    'DISALLOW_ROBOTS' => 'true'
    'TIMEZONE' => 'Europe/Zurich'
    'CAPTCHA_SITE_KEY' => '••••••••••••••••••••••••••••••••••••••••'
    'CAPTCHA_SECRET_KEY' => '••••••••••••••••••••••••••••••••••••••••'
    'WEB_URL' => 'https://derschmuckmacher-v3.ddev.site'
    'WEB_ROOT' => '/var/www/html/web'
    'ASSETS_BASE_URL' => 'https://derschmuckmacher-v3.ddev.site/public'
    'ASSETS_BASE_PATH' => '/var/www/html/web/public'
    'SCHMUCK_BASE_URL' => 'https://derschmuckmacher-v3.ddev.site/public/uploads/schmuck'
    'SCHMUCK_BASE_PATH' => '/var/www/html/web/public/uploads/schmuck'
    'BILDER_BASE_URL' => 'https://derschmuckmacher-v3.ddev.site/public/uploads/bilder'
    'BILDER_BASE_PATH' => '/var/www/html/web/public/uploads/bilder'
] {"environment":"dev"} 
2026-05-15 02:35:04 [web.INFO] [yii\db\Connection::open] Opening DB connection: mysql:host=db;dbname=db;port=3306 {"memory":1097536} 
2026-05-15 02:35:04 [web.INFO] [yii\web\Session::open] Session started {"memory":1517664} 
2026-05-15 02:35:04 [web.INFO] [nystudio107\codeeditor\CodeEditor::bootstrap] CodeEditor module bootstrapped {"memory":1538632} 
2026-05-15 02:35:04 [web.INFO] [adigital\cookieconsentbanner\CookieConsentBanner::init] Cookie Consent Banner plugin loaded {"memory":1753640} 
2026-05-15 02:35:04 [web.INFO] [miranj\obfuscator\Obfuscator::init] Obfuscator plugin loaded {"memory":2717712} 
2026-05-15 02:35:04 [web.INFO] [application] Request context:
$_GET = [
    'p' => 'dW2axQ3b/actions/users/session-info'
    'dontExtendSession' => '1'
    'v' => '1778805304833'
]

$_POST = []

$_FILES = []

$_COOKIE = [
    'cookieconsent_status' => 'allow'
    'CRAFT_CSRF_TOKEN' => '••••••••••••••••••••••••••••••••••••••••••••••••••••••••••••••••••••••••••••••••••••••••••••••••••••••••••••••••••••••••••••••••••••••••••••••••••••••'
    'CraftSessionId' => '4qeribircfaeqr2afr5a2fff77'
    'a8b7b1ec9ffb8baf2c6eaa253fe57112_username' => '26b9ec8568da68d3882e55afaa5d203483c6c5810ee05b5a55c8a0eb10cab93ea:2:{i:0;s:41:\"a8b7b1ec9ffb8baf2c6eaa253fe57112_username\";i:1;s:8:\"odegiuli\";}'
    'Craft-3626ffc1-d0a3-42e3-98aa-37e8aa759561_sidebar' => 'expanded'
]

$_SESSION = [
    '22b6a59deafcfb2ffb13c3adf3d98a3b__flash' => []
]

$_SERVER = [
    'DEPLOY_NAME' => 'local'
    'DDEV_WEBSERVER_TYPE' => 'nginx-fpm'
    'npm_config_cache' => '/mnt/ddev-global-cache/npm'
    'COREPACK_ENABLE_DOWNLOAD_PROMPT' => '0'
    'DDEV_GOOS' => 'darwin'
    'IS_DDEV_PROJECT' => 'true'
    'PHP_DEFAULT_VERSION' => '8.3'
    'HOSTNAME' => 'derschmuckmacher-v3-web'
    'MAILPIT_SMTP_PORT' => '1025'
    'MH_SMTP_BIND_ADDR' => '127.0.0.1:1025'
    'DDEV_PRIMARY_URL_WITHOUT_PORT' => 'https://derschmuckmacher-v3.ddev.site'
    'CRAFT_DB_PORT' => '3306'
    'SSH_AUTH_SOCK' => '/home/.ssh-agent/socket'
    'DDEV_GID' => '20'
    'NODE_EXTRA_CA_CERTS' => '/mnt/ddev-global-cache/mkcert/rootCA.pem'
    'DOCKER_IP' => '127.0.0.1'
    'PGPASSWORD' => 'db'
    'CRAFT_WEB_ROOT' => '/var/www/html/web'
    'DDEV_DOCROOT' => 'web'
    'PWD' => '/var/www/html'
    'PLATFORMSH_CLI_UPDATES_CHECK' => '0'
    'DDEV_APPROOT' => '/var/www/html'
    'DDEV_FILES_DIR' => ''
    'START_SCRIPT_TIMEOUT' => '57'
    'APACHE_SITE_TEMPLATE' => '/etc/apache2/apache-site.conf'
    'PHP_INI' => '/etc/php/8.3/fpm/php.ini'
    'DDEV_VERSION' => 'v1.24.10'
    'PRIMARY_SITE_URL' => 'https://derschmuckmacher-v3.ddev.site'
    'TZ' => 'Europe/Zurich'
    'DDEV_XHPROF_MODE' => 'prepend'
    'HTTPS_EXPOSE' => '443:80,8026:8025'
    'COREPACK_HOME' => '/mnt/ddev-global-cache/corepack'
    'CRAFT_DB_DATABASE' => 'db'
    'DDEV_PRIMARY_URL' => 'https://derschmuckmacher-v3.ddev.site'
    'LINES' => '6'
    'DDEV_SITENAME' => 'derschmuckmacher-v3'
    'HOME' => '/home/omar'
    'DRUSH_OPTIONS_URI' => 'https://derschmuckmacher-v3.ddev.site'
    'LANG' => 'C.UTF-8'
    'COLUMNS' => '371'
    'DDEV_MUTAGEN_ENABLED' => 'true'
    'DDEV_USER' => 'omar'
    'PGUSER' => 'db'
    'TERMINUS_CACHE_DIR' => '/mnt/ddev-global-cache/terminus/cache'
    'DDEV_PRIMARY_URL_PORT' => '443'
    'DDEV_ROUTER_HTTP_PORT' => '80'
    'MAILPIT_SMTP_HOSTNAME' => '127.0.0.1'
    'CRAFT_DB_DRIVER' => 'mysql'
    'COMPOSER_PROCESS_TIMEOUT' => '2000'
    'NGINX_SITE_TEMPLATE' => '/etc/nginx/nginx-site.conf'
    'DDEV_FILES_DIRS' => ''
    'CRAFT_DB_SERVER' => 'db'
    'HTTP_EXPOSE' => '80:80,8025:8025'
    'NVM_DIR' => '/home/omar/.nvm'
    'DDEV_PHP_VERSION' => '8.3'
    'DDEV_TLD' => 'ddev.site'
    'DDEV_HOSTNAME' => 'derschmuckmacher-v3.ddev.site'
    'DDEV_PROJECT' => 'derschmuckmacher-v3'
    'DDEV_GOARCH' => 'arm64'
    'VIRTUAL_HOST' => 'derschmuckmacher-v3.ddev.site'
    'TERM' => 'xterm'
    'USER' => 'omar'
    'MYSQL_HISTFILE' => '/mnt/ddev-global-cache/mysqlhistory/derschmuckmacher-v3-web/mysql_history'
    'DDEV_WEB_ENTRYPOINT' => '/mnt/ddev_config/web-entrypoint.d'
    'DDEV_UID' => '501'
    'CAROOT' => '/mnt/ddev-global-cache/mkcert'
    'SHLVL' => '1'
    'COMPOSER_ALLOW_SUPERUSER' => '1'
    'BASH_ENV' => '/etc/bash.nointeractive.bashrc'
    'DDEV_DATABASE' => 'mysql:8.0'
    'PGDATABASE' => 'db'
    'CRAFT_DB_USER' => 'db'
    'DDEV_SCHEME' => 'https'
    'XHPROF_OUTPUT_DIR' => '/tmp/xhprof'
    'COMPOSER_CACHE_DIR' => '/mnt/ddev-global-cache/composer'
    'DDEV_XDEBUG_ENABLED' => 'false'
    'DDEV_DATABASE_FAMILY' => 'mysql'
    'PGHOST' => 'db'
    'DDEV_COMPOSER_ROOT' => '/var/www/html'
    'CRAFT_DB_PASSWORD' => '••'
    'DOCROOT' => 'web'
    'TERMINUS_HIDE_UPDATE_MESSAGE' => '1'
    'PATH' => '/home/omar/bin:/var/www/html/vendor/bin:/usr/local/sbin:/usr/local/bin:/usr/sbin:/usr/bin:/sbin:/bin:/var/www/html/bin:/mnt/ddev-global-cache/global-commands/web'
    'HOST_DOCKER_INTERNAL_IP' => ''
    'DDEV_PROJECT_TYPE' => 'craftcms'
    'DEBIAN_FRONTEND' => 'noninteractive'
    'DDEV_ROUTER_HTTPS_PORT' => '443'
    'EXECIGNORE' => '/var/www/html/vendor/bin/composer'
    'SUPERVISOR_ENABLED' => '1'
    'SUPERVISOR_SERVER_URL' => 'unix:///var/run/supervisor.sock'
    'SUPERVISOR_PROCESS_NAME' => 'php-fpm'
    'SUPERVISOR_GROUP_NAME' => 'php-fpm'
    'HTTP_X_REQUESTED_WITH' => 'XMLHttpRequest'
    'HTTP_X_REGISTERED_JS_FILES' => ''
    'HTTP_X_REGISTERED_ASSET_BUNDLES' => 'e38a2e07,22e517a2,aee7f8dc,26c46c25,e505ffd6,6b4d7555,bb2f10a0,e5e48399,815d39ea,fc0bc163,1ccab40d,1e21896b,54698ee0,b842675b,1c3c9add,4b1fd285,d8d08e47,8f00ce04,8768f48b,cf3018d6,ec6d0256,11858fc6,8550f857,6f12186f,c7a8fe38'
    'HTTP_X_REAL_IP' => '172.18.0.1'
    'HTTP_X_FORWARDED_SERVER' => '617e9e3cc3a1'
    'HTTP_X_FORWARDED_PROTO' => 'https'
    'HTTP_X_FORWARDED_PORT' => '443'
    'HTTP_X_FORWARDED_HOST' => 'derschmuckmacher-v3.ddev.site'
    'HTTP_X_FORWARDED_FOR' => '172.18.0.1'
    'HTTP_X_CSRF_TOKEN' => '••••••••••••••••••••••••••••••••••••••••••••••••••••••••••••••••••••••••••••••••••••••••••••••••••••••••••••'
    'HTTP_TE' => 'trailers'
    'HTTP_SEC_GPC' => '1'
    'HTTP_SEC_FETCH_SITE' => 'same-origin'
    'HTTP_SEC_FETCH_MODE' => 'cors'
    'HTTP_SEC_FETCH_DEST' => 'empty'
    'HTTP_REFERER' => 'https://derschmuckmacher-v3.ddev.site/dW2axQ3b/dashboard'
    'HTTP_COOKIE' => 'cookieconsent_status=allow; CRAFT_CSRF_TOKEN=c46764d17b682367679c529f1043872bbfd294280b0a6b522869cb3868f8a6a6a%3A2%3A%7Bi%3A0%3Bs%3A16%3A%22CRAFT_CSRF_TOKEN%22%3Bi%3A1%3Bs%3A40%3A%22oscGmXtgN7lH1IINFeBh9KwfL0sWDqIBBHQCFaaO%22%3B%7D; CraftSessionId=4qeribircfaeqr2afr5a2fff77; a8b7b1ec9ffb8baf2c6eaa253fe57112_username=26b9ec8568da68d3882e55afaa5d203483c6c5810ee05b5a55c8a0eb10cab93ea%3A2%3A%7Bi%3A0%3Bs%3A41%3A%22a8b7b1ec9ffb8baf2c6eaa253fe57112_username%22%3Bi%3A1%3Bs%3A8%3A%22odegiuli%22%3B%7D; Craft-3626ffc1-d0a3-42e3-98aa-37e8aa759561_sidebar=expanded'
    'HTTP_ACCEPT_LANGUAGE' => 'de,en-US;q=0.9,en;q=0.8'
    'HTTP_ACCEPT_ENCODING' => 'gzip, deflate, br, zstd'
    'HTTP_ACCEPT' => 'application/json, text/plain, */*'
    'HTTP_USER_AGENT' => 'Mozilla/5.0 (Macintosh; Intel Mac OS X 10.15; rv:150.0) Gecko/20100101 Firefox/150.0'
    'HTTP_HOST' => 'derschmuckmacher-v3.ddev.site'
    'HTTPS' => 'on'
    'REDIRECT_STATUS' => '200'
    'SERVER_NAME' => 'derschmuckmacher-v3.ddev.site'
    'SERVER_PORT' => '80'
    'SERVER_ADDR' => '172.18.0.3'
    'REMOTE_PORT' => '52128'
    'REMOTE_ADDR' => '172.18.0.5'
    'SERVER_SOFTWARE' => 'nginx/1.28.0'
    'GATEWAY_INTERFACE' => 'CGI/1.1'
    'REQUEST_SCHEME' => 'http'
    'SERVER_PROTOCOL' => 'HTTP/1.1'
    'DOCUMENT_ROOT' => '/var/www/html/web'
    'DOCUMENT_URI' => '/index.php'
    'REQUEST_URI' => '/index.php?p=dW2axQ3b%2Factions%2Fusers%2Fsession-info&dontExtendSession=1&v=1778805304833'
    'CONTENT_LENGTH' => ''
    'CONTENT_TYPE' => ''
    'REQUEST_METHOD' => 'GET'
    'QUERY_STRING' => 'p=dW2axQ3b%2Factions%2Fusers%2Fsession-info&dontExtendSession=1&v=1778805304833'
    'SCRIPT_NAME' => '/index.php'
    'SCRIPT_FILENAME' => '/var/www/html/web/index.php'
    'FCGI_ROLE' => 'RESPONDER'
    'PHP_SELF' => '/index.php'
    'REQUEST_TIME_FLOAT' => 1778805304.8516
    'REQUEST_TIME' => 1778805304
    'CRAFT_APP_ID' => 'CraftCMS--3933bc78-29f5-4b79-bcc5-c31faf0fcd20'
    'CRAFT_ENVIRONMENT' => 'dev'
    'ENVIRONMENT' => 'dev'
    'CRAFT_SECURITY_KEY' => '••••••••••••••••••••••••••••••••'
    'CP_TRIGGER' => 'dW2axQ3b'
    'CRAFT_DB_SCHEMA' => 'public'
    'CRAFT_DB_TABLE_PREFIX' => ''
    'DEV_MODE' => 'true'
    'ALLOW_ADMIN_CHANGES' => 'true'
    'DISALLOW_ROBOTS' => 'true'
    'TIMEZONE' => 'Europe/Zurich'
    'CAPTCHA_SITE_KEY' => '••••••••••••••••••••••••••••••••••••••••'
    'CAPTCHA_SECRET_KEY' => '••••••••••••••••••••••••••••••••••••••••'
    'WEB_URL' => 'https://derschmuckmacher-v3.ddev.site'
    'WEB_ROOT' => '/var/www/html/web'
    'ASSETS_BASE_URL' => 'https://derschmuckmacher-v3.ddev.site/public'
    'ASSETS_BASE_PATH' => '/var/www/html/web/public'
    'SCHMUCK_BASE_URL' => 'https://derschmuckmacher-v3.ddev.site/public/uploads/schmuck'
    'SCHMUCK_BASE_PATH' => '/var/www/html/web/public/uploads/schmuck'
    'BILDER_BASE_URL' => 'https://derschmuckmacher-v3.ddev.site/public/uploads/bilder'
    'BILDER_BASE_PATH' => '/var/www/html/web/public/uploads/bilder'
] {"environment":"dev"} 
