2026-05-16 02:25:00 [web.INFO] [yii\db\Connection::open] Opening DB connection: mysql:host=db;dbname=db;port=3306 {"memory":1097536} 
2026-05-16 02:25:00 [web.INFO] [yii\web\Session::open] Session started {"memory":1517664} 
2026-05-16 02:25:00 [web.INFO] [nystudio107\codeeditor\CodeEditor::bootstrap] CodeEditor module bootstrapped {"memory":1538632} 
2026-05-16 02:25:00 [web.INFO] [adigital\cookieconsentbanner\CookieConsentBanner::init] Cookie Consent Banner plugin loaded {"memory":1753640} 
2026-05-16 02:25:00 [web.INFO] [miranj\obfuscator\Obfuscator::init] Obfuscator plugin loaded {"memory":2717712} 
2026-05-16 02:25:00 [web.INFO] [application] Request context:
$_GET = [
    'p' => 'dW2axQ3b/actions/users/session-info'
    'dontExtendSession' => '1'
    'v' => '1778891100279'
]

$_POST = []

$_FILES = []

$_COOKIE = [
    'cookieconsent_status' => 'allow'
    'CRAFT_CSRF_TOKEN' => '••••••••••••••••••••••••••••••••••••••••••••••••••••••••••••••••••••••••••••••••••••••••••••••••••••••••••••••••••••••••••••••••••••••••••••••••••••••'
    'CraftSessionId' => '8dln48qoin5lenmi6jccge1uaf'
    'a8b7b1ec9ffb8baf2c6eaa253fe57112_username' => '26b9ec8568da68d3882e55afaa5d203483c6c5810ee05b5a55c8a0eb10cab93ea:2:{i:0;s:41:\"a8b7b1ec9ffb8baf2c6eaa253fe57112_username\";i:1;s:8:\"odegiuli\";}'
    'Craft-3626ffc1-d0a3-42e3-98aa-37e8aa759561_sidebar' => 'expanded'
]

$_SESSION = [
    '22b6a59deafcfb2ffb13c3adf3d98a3b__flash' => []
]

$_SERVER = [
    'DEPLOY_NAME' => 'local'
    'DDEV_WEBSERVER_TYPE' => 'nginx-fpm'
    'npm_config_cache' => '/mnt/ddev-global-cache/npm'
    'COREPACK_ENABLE_DOWNLOAD_PROMPT' => '0'
    'DDEV_GOOS' => 'darwin'
    'IS_DDEV_PROJECT' => 'true'
    'PHP_DEFAULT_VERSION' => '8.3'
    'HOSTNAME' => 'derschmuckmacher-v3-web'
    'MAILPIT_SMTP_PORT' => '1025'
    'MH_SMTP_BIND_ADDR' => '127.0.0.1:1025'
    'DDEV_PRIMARY_URL_WITHOUT_PORT' => 'https://derschmuckmacher-v3.ddev.site'
    'CRAFT_DB_PORT' => '3306'
    'SSH_AUTH_SOCK' => '/home/.ssh-agent/socket'
    'DDEV_GID' => '20'
    'NODE_EXTRA_CA_CERTS' => '/mnt/ddev-global-cache/mkcert/rootCA.pem'
    'DOCKER_IP' => '127.0.0.1'
    'PGPASSWORD' => 'db'
    'CRAFT_WEB_ROOT' => '/var/www/html/web'
    'DDEV_DOCROOT' => 'web'
    'PWD' => '/var/www/html'
    'PLATFORMSH_CLI_UPDATES_CHECK' => '0'
    'DDEV_APPROOT' => '/var/www/html'
    'DDEV_FILES_DIR' => ''
    'START_SCRIPT_TIMEOUT' => '57'
    'APACHE_SITE_TEMPLATE' => '/etc/apache2/apache-site.conf'
    'PHP_INI' => '/etc/php/8.3/fpm/php.ini'
    'DDEV_VERSION' => 'v1.24.10'
    'PRIMARY_SITE_URL' => 'https://derschmuckmacher-v3.ddev.site'
    'TZ' => 'Europe/Zurich'
    'DDEV_XHPROF_MODE' => 'prepend'
    'HTTPS_EXPOSE' => '443:80,8026:8025'
    'COREPACK_HOME' => '/mnt/ddev-global-cache/corepack'
    'CRAFT_DB_DATABASE' => 'db'
    'DDEV_PRIMARY_URL' => 'https://derschmuckmacher-v3.ddev.site'
    'LINES' => '6'
    'DDEV_SITENAME' => 'derschmuckmacher-v3'
    'HOME' => '/home/omar'
    'DRUSH_OPTIONS_URI' => 'https://derschmuckmacher-v3.ddev.site'
    'LANG' => 'C.UTF-8'
    'COLUMNS' => '371'
    'DDEV_MUTAGEN_ENABLED' => 'true'
    'DDEV_USER' => 'omar'
    'PGUSER' => 'db'
    'TERMINUS_CACHE_DIR' => '/mnt/ddev-global-cache/terminus/cache'
    'DDEV_PRIMARY_URL_PORT' => '443'
    'DDEV_ROUTER_HTTP_PORT' => '80'
    'MAILPIT_SMTP_HOSTNAME' => '127.0.0.1'
    'CRAFT_DB_DRIVER' => 'mysql'
    'COMPOSER_PROCESS_TIMEOUT' => '2000'
    'NGINX_SITE_TEMPLATE' => '/etc/nginx/nginx-site.conf'
    'DDEV_FILES_DIRS' => ''
    'CRAFT_DB_SERVER' => 'db'
    'HTTP_EXPOSE' => '80:80,8025:8025'
    'NVM_DIR' => '/home/omar/.nvm'
    'DDEV_PHP_VERSION' => '8.3'
    'DDEV_TLD' => 'ddev.site'
    'DDEV_HOSTNAME' => 'derschmuckmacher-v3.ddev.site'
    'DDEV_PROJECT' => 'derschmuckmacher-v3'
    'DDEV_GOARCH' => 'arm64'
    'VIRTUAL_HOST' => 'derschmuckmacher-v3.ddev.site'
    'TERM' => 'xterm'
    'USER' => 'omar'
    'MYSQL_HISTFILE' => '/mnt/ddev-global-cache/mysqlhistory/derschmuckmacher-v3-web/mysql_history'
    'DDEV_WEB_ENTRYPOINT' => '/mnt/ddev_config/web-entrypoint.d'
    'DDEV_UID' => '501'
    'CAROOT' => '/mnt/ddev-global-cache/mkcert'
    'SHLVL' => '1'
    'COMPOSER_ALLOW_SUPERUSER' => '1'
    'BASH_ENV' => '/etc/bash.nointeractive.bashrc'
    'DDEV_DATABASE' => 'mysql:8.0'
    'PGDATABASE' => 'db'
    'CRAFT_DB_USER' => 'db'
    'DDEV_SCHEME' => 'https'
    'XHPROF_OUTPUT_DIR' => '/tmp/xhprof'
    'COMPOSER_CACHE_DIR' => '/mnt/ddev-global-cache/composer'
    'DDEV_XDEBUG_ENABLED' => 'false'
    'DDEV_DATABASE_FAMILY' => 'mysql'
    'PGHOST' => 'db'
    'DDEV_COMPOSER_ROOT' => '/var/www/html'
    'CRAFT_DB_PASSWORD' => '••'
    'DOCROOT' => 'web'
    'TERMINUS_HIDE_UPDATE_MESSAGE' => '1'
    'PATH' => '/home/omar/bin:/var/www/html/vendor/bin:/usr/local/sbin:/usr/local/bin:/usr/sbin:/usr/bin:/sbin:/bin:/var/www/html/bin:/mnt/ddev-global-cache/global-commands/web'
    'HOST_DOCKER_INTERNAL_IP' => ''
    'DDEV_PROJECT_TYPE' => 'craftcms'
    'DEBIAN_FRONTEND' => 'noninteractive'
    'DDEV_ROUTER_HTTPS_PORT' => '443'
    'EXECIGNORE' => '/var/www/html/vendor/bin/composer'
    'SUPERVISOR_ENABLED' => '1'
    'SUPERVISOR_SERVER_URL' => 'unix:///var/run/supervisor.sock'
    'SUPERVISOR_PROCESS_NAME' => 'php-fpm'
    'SUPERVISOR_GROUP_NAME' => 'php-fpm'
    'HTTP_X_REQUESTED_WITH' => 'XMLHttpRequest'
    'HTTP_X_REGISTERED_JS_FILES' => ''
    'HTTP_X_REGISTERED_ASSET_BUNDLES' => 'e38a2e07,22e517a2,aee7f8dc,26c46c25,e505ffd6,6b4d7555,bb2f10a0,e5e48399,815d39ea,fc0bc163,1ccab40d,1e21896b,54698ee0,b842675b,1c3c9add,4b1fd285,d8d08e47,8f00ce04,8768f48b,cf3018d6,ec6d0256,11858fc6,8550f857,6f12186f,c7a8fe38'
    'HTTP_X_REAL_IP' => '172.18.0.1'
    'HTTP_X_FORWARDED_SERVER' => '617e9e3cc3a1'
    'HTTP_X_FORWARDED_PROTO' => 'https'
    'HTTP_X_FORWARDED_PORT' => '443'
    'HTTP_X_FORWARDED_HOST' => 'derschmuckmacher-v3.ddev.site'
    'HTTP_X_FORWARDED_FOR' => '172.18.0.1'
    'HTTP_X_CSRF_TOKEN' => '••••••••••••••••••••••••••••••••••••••••••••••••••••••••••••••••••••••••••••••••••••••••••••••••••••••••••••'
    'HTTP_TE' => 'trailers'
    'HTTP_SEC_GPC' => '1'
    'HTTP_SEC_FETCH_SITE' => 'same-origin'
    'HTTP_SEC_FETCH_MODE' => 'cors'
    'HTTP_SEC_FETCH_DEST' => 'empty'
    'HTTP_REFERER' => 'https://derschmuckmacher-v3.ddev.site/dW2axQ3b/dashboard'
    'HTTP_COOKIE' => 'cookieconsent_status=allow; CRAFT_CSRF_TOKEN=c46764d17b682367679c529f1043872bbfd294280b0a6b522869cb3868f8a6a6a%3A2%3A%7Bi%3A0%3Bs%3A16%3A%22CRAFT_CSRF_TOKEN%22%3Bi%3A1%3Bs%3A40%3A%22oscGmXtgN7lH1IINFeBh9KwfL0sWDqIBBHQCFaaO%22%3B%7D; CraftSessionId=8dln48qoin5lenmi6jccge1uaf; a8b7b1ec9ffb8baf2c6eaa253fe57112_username=26b9ec8568da68d3882e55afaa5d203483c6c5810ee05b5a55c8a0eb10cab93ea%3A2%3A%7Bi%3A0%3Bs%3A41%3A%22a8b7b1ec9ffb8baf2c6eaa253fe57112_username%22%3Bi%3A1%3Bs%3A8%3A%22odegiuli%22%3B%7D; Craft-3626ffc1-d0a3-42e3-98aa-37e8aa759561_sidebar=expanded'
    'HTTP_ACCEPT_LANGUAGE' => 'de,en-US;q=0.9,en;q=0.8'
    'HTTP_ACCEPT_ENCODING' => 'gzip, deflate, br, zstd'
    'HTTP_ACCEPT' => 'application/json, text/plain, */*'
    'HTTP_USER_AGENT' => 'Mozilla/5.0 (Macintosh; Intel Mac OS X 10.15; rv:150.0) Gecko/20100101 Firefox/150.0'
    'HTTP_HOST' => 'derschmuckmacher-v3.ddev.site'
    'HTTPS' => 'on'
    'REDIRECT_STATUS' => '200'
    'SERVER_NAME' => 'derschmuckmacher-v3.ddev.site'
    'SERVER_PORT' => '80'
    'SERVER_ADDR' => '172.18.0.3'
    'REMOTE_PORT' => '45030'
    'REMOTE_ADDR' => '172.18.0.5'
    'SERVER_SOFTWARE' => 'nginx/1.28.0'
    'GATEWAY_INTERFACE' => 'CGI/1.1'
    'REQUEST_SCHEME' => 'http'
    'SERVER_PROTOCOL' => 'HTTP/1.1'
    'DOCUMENT_ROOT' => '/var/www/html/web'
    'DOCUMENT_URI' => '/index.php'
    'REQUEST_URI' => '/index.php?p=dW2axQ3b%2Factions%2Fusers%2Fsession-info&dontExtendSession=1&v=1778891100279'
    'CONTENT_LENGTH' => ''
    'CONTENT_TYPE' => ''
    'REQUEST_METHOD' => 'GET'
    'QUERY_STRING' => 'p=dW2axQ3b%2Factions%2Fusers%2Fsession-info&dontExtendSession=1&v=1778891100279'
    'SCRIPT_NAME' => '/index.php'
    'SCRIPT_FILENAME' => '/var/www/html/web/index.php'
    'FCGI_ROLE' => 'RESPONDER'
    'PHP_SELF' => '/index.php'
    'REQUEST_TIME_FLOAT' => 1778891100.285
    'REQUEST_TIME' => 1778891100
    'CRAFT_APP_ID' => 'CraftCMS--3933bc78-29f5-4b79-bcc5-c31faf0fcd20'
    'CRAFT_ENVIRONMENT' => 'dev'
    'ENVIRONMENT' => 'dev'
    'CRAFT_SECURITY_KEY' => '••••••••••••••••••••••••••••••••'
    'CP_TRIGGER' => 'dW2axQ3b'
    'CRAFT_DB_SCHEMA' => 'public'
    'CRAFT_DB_TABLE_PREFIX' => ''
    'DEV_MODE' => 'true'
    'ALLOW_ADMIN_CHANGES' => 'true'
    'DISALLOW_ROBOTS' => 'true'
    'TIMEZONE' => 'Europe/Zurich'
    'CAPTCHA_SITE_KEY' => '••••••••••••••••••••••••••••••••••••••••'
    'CAPTCHA_SECRET_KEY' => '••••••••••••••••••••••••••••••••••••••••'
    'WEB_URL' => 'https://derschmuckmacher-v3.ddev.site'
    'WEB_ROOT' => '/var/www/html/web'
    'ASSETS_BASE_URL' => 'https://derschmuckmacher-v3.ddev.site/public'
    'ASSETS_BASE_PATH' => '/var/www/html/web/public'
    'SCHMUCK_BASE_URL' => 'https://derschmuckmacher-v3.ddev.site/public/uploads/schmuck'
    'SCHMUCK_BASE_PATH' => '/var/www/html/web/public/uploads/schmuck'
    'BILDER_BASE_URL' => 'https://derschmuckmacher-v3.ddev.site/public/uploads/bilder'
    'BILDER_BASE_PATH' => '/var/www/html/web/public/uploads/bilder'
] {"environment":"dev"} 
2026-05-16 02:41:48 [web.INFO] [yii\db\Connection::open] Opening DB connection: mysql:host=db;dbname=db;port=3306 {"memory":1097536} 
2026-05-16 02:41:48 [web.INFO] [yii\web\Session::open] Session started {"memory":1517664} 
2026-05-16 02:41:48 [web.INFO] [nystudio107\codeeditor\CodeEditor::bootstrap] CodeEditor module bootstrapped {"memory":1538632} 
2026-05-16 02:41:48 [web.INFO] [adigital\cookieconsentbanner\CookieConsentBanner::init] Cookie Consent Banner plugin loaded {"memory":1753640} 
2026-05-16 02:41:48 [web.INFO] [miranj\obfuscator\Obfuscator::init] Obfuscator plugin loaded {"memory":2717712} 
2026-05-16 02:41:48 [web.INFO] [yii\db\Connection::open] Opening DB connection: mysql:host=db;dbname=db;port=3306 {"memory":2826416} 
2026-05-16 02:41:48 [web.INFO] [application] Request context:
$_GET = [
    'p' => 'dW2axQ3b/actions/users/session-info'
    'dontExtendSession' => '1'
    'v' => '1778892108622'
]

$_POST = []

$_FILES = []

$_COOKIE = [
    'cookieconsent_status' => 'allow'
    'CRAFT_CSRF_TOKEN' => '••••••••••••••••••••••••••••••••••••••••••••••••••••••••••••••••••••••••••••••••••••••••••••••••••••••••••••••••••••••••••••••••••••••••••••••••••••••'
    'CraftSessionId' => '8dln48qoin5lenmi6jccge1uaf'
    'a8b7b1ec9ffb8baf2c6eaa253fe57112_username' => '26b9ec8568da68d3882e55afaa5d203483c6c5810ee05b5a55c8a0eb10cab93ea:2:{i:0;s:41:\"a8b7b1ec9ffb8baf2c6eaa253fe57112_username\";i:1;s:8:\"odegiuli\";}'
    'Craft-3626ffc1-d0a3-42e3-98aa-37e8aa759561_sidebar' => 'expanded'
]

$_SESSION = [
    '22b6a59deafcfb2ffb13c3adf3d98a3b__flash' => []
]

$_SERVER = [
    'DEPLOY_NAME' => 'local'
    'DDEV_WEBSERVER_TYPE' => 'nginx-fpm'
    'npm_config_cache' => '/mnt/ddev-global-cache/npm'
    'COREPACK_ENABLE_DOWNLOAD_PROMPT' => '0'
    'DDEV_GOOS' => 'darwin'
    'IS_DDEV_PROJECT' => 'true'
    'PHP_DEFAULT_VERSION' => '8.3'
    'HOSTNAME' => 'derschmuckmacher-v3-web'
    'MAILPIT_SMTP_PORT' => '1025'
    'MH_SMTP_BIND_ADDR' => '127.0.0.1:1025'
    'DDEV_PRIMARY_URL_WITHOUT_PORT' => 'https://derschmuckmacher-v3.ddev.site'
    'CRAFT_DB_PORT' => '3306'
    'SSH_AUTH_SOCK' => '/home/.ssh-agent/socket'
    'DDEV_GID' => '20'
    'NODE_EXTRA_CA_CERTS' => '/mnt/ddev-global-cache/mkcert/rootCA.pem'
    'DOCKER_IP' => '127.0.0.1'
    'PGPASSWORD' => 'db'
    'CRAFT_WEB_ROOT' => '/var/www/html/web'
    'DDEV_DOCROOT' => 'web'
    'PWD' => '/var/www/html'
    'PLATFORMSH_CLI_UPDATES_CHECK' => '0'
    'DDEV_APPROOT' => '/var/www/html'
    'DDEV_FILES_DIR' => ''
    'START_SCRIPT_TIMEOUT' => '57'
    'APACHE_SITE_TEMPLATE' => '/etc/apache2/apache-site.conf'
    'PHP_INI' => '/etc/php/8.3/fpm/php.ini'
    'DDEV_VERSION' => 'v1.24.10'
    'PRIMARY_SITE_URL' => 'https://derschmuckmacher-v3.ddev.site'
    'TZ' => 'Europe/Zurich'
    'DDEV_XHPROF_MODE' => 'prepend'
    'HTTPS_EXPOSE' => '443:80,8026:8025'
    'COREPACK_HOME' => '/mnt/ddev-global-cache/corepack'
    'CRAFT_DB_DATABASE' => 'db'
    'DDEV_PRIMARY_URL' => 'https://derschmuckmacher-v3.ddev.site'
    'LINES' => '6'
    'DDEV_SITENAME' => 'derschmuckmacher-v3'
    'HOME' => '/home/omar'
    'DRUSH_OPTIONS_URI' => 'https://derschmuckmacher-v3.ddev.site'
    'LANG' => 'C.UTF-8'
    'COLUMNS' => '371'
    'DDEV_MUTAGEN_ENABLED' => 'true'
    'DDEV_USER' => 'omar'
    'PGUSER' => 'db'
    'TERMINUS_CACHE_DIR' => '/mnt/ddev-global-cache/terminus/cache'
    'DDEV_PRIMARY_URL_PORT' => '443'
    'DDEV_ROUTER_HTTP_PORT' => '80'
    'MAILPIT_SMTP_HOSTNAME' => '127.0.0.1'
    'CRAFT_DB_DRIVER' => 'mysql'
    'COMPOSER_PROCESS_TIMEOUT' => '2000'
    'NGINX_SITE_TEMPLATE' => '/etc/nginx/nginx-site.conf'
    'DDEV_FILES_DIRS' => ''
    'CRAFT_DB_SERVER' => 'db'
    'HTTP_EXPOSE' => '80:80,8025:8025'
    'NVM_DIR' => '/home/omar/.nvm'
    'DDEV_PHP_VERSION' => '8.3'
    'DDEV_TLD' => 'ddev.site'
    'DDEV_HOSTNAME' => 'derschmuckmacher-v3.ddev.site'
    'DDEV_PROJECT' => 'derschmuckmacher-v3'
    'DDEV_GOARCH' => 'arm64'
    'VIRTUAL_HOST' => 'derschmuckmacher-v3.ddev.site'
    'TERM' => 'xterm'
    'USER' => 'omar'
    'MYSQL_HISTFILE' => '/mnt/ddev-global-cache/mysqlhistory/derschmuckmacher-v3-web/mysql_history'
    'DDEV_WEB_ENTRYPOINT' => '/mnt/ddev_config/web-entrypoint.d'
    'DDEV_UID' => '501'
    'CAROOT' => '/mnt/ddev-global-cache/mkcert'
    'SHLVL' => '1'
    'COMPOSER_ALLOW_SUPERUSER' => '1'
    'BASH_ENV' => '/etc/bash.nointeractive.bashrc'
    'DDEV_DATABASE' => 'mysql:8.0'
    'PGDATABASE' => 'db'
    'CRAFT_DB_USER' => 'db'
    'DDEV_SCHEME' => 'https'
    'XHPROF_OUTPUT_DIR' => '/tmp/xhprof'
    'COMPOSER_CACHE_DIR' => '/mnt/ddev-global-cache/composer'
    'DDEV_XDEBUG_ENABLED' => 'false'
    'DDEV_DATABASE_FAMILY' => 'mysql'
    'PGHOST' => 'db'
    'DDEV_COMPOSER_ROOT' => '/var/www/html'
    'CRAFT_DB_PASSWORD' => '••'
    'DOCROOT' => 'web'
    'TERMINUS_HIDE_UPDATE_MESSAGE' => '1'
    'PATH' => '/home/omar/bin:/var/www/html/vendor/bin:/usr/local/sbin:/usr/local/bin:/usr/sbin:/usr/bin:/sbin:/bin:/var/www/html/bin:/mnt/ddev-global-cache/global-commands/web'
    'HOST_DOCKER_INTERNAL_IP' => ''
    'DDEV_PROJECT_TYPE' => 'craftcms'
    'DEBIAN_FRONTEND' => 'noninteractive'
    'DDEV_ROUTER_HTTPS_PORT' => '443'
    'EXECIGNORE' => '/var/www/html/vendor/bin/composer'
    'SUPERVISOR_ENABLED' => '1'
    'SUPERVISOR_SERVER_URL' => 'unix:///var/run/supervisor.sock'
    'SUPERVISOR_PROCESS_NAME' => 'php-fpm'
    'SUPERVISOR_GROUP_NAME' => 'php-fpm'
    'HTTP_X_REQUESTED_WITH' => 'XMLHttpRequest'
    'HTTP_X_REGISTERED_JS_FILES' => ''
    'HTTP_X_REGISTERED_ASSET_BUNDLES' => 'e38a2e07,22e517a2,aee7f8dc,26c46c25,e505ffd6,6b4d7555,bb2f10a0,e5e48399,815d39ea,fc0bc163,1ccab40d,1e21896b,54698ee0,b842675b,1c3c9add,4b1fd285,d8d08e47,8f00ce04,8768f48b,cf3018d6,ec6d0256,11858fc6,8550f857,6f12186f,c7a8fe38'
    'HTTP_X_REAL_IP' => '172.18.0.1'
    'HTTP_X_FORWARDED_SERVER' => '617e9e3cc3a1'
    'HTTP_X_FORWARDED_PROTO' => 'https'
    'HTTP_X_FORWARDED_PORT' => '443'
    'HTTP_X_FORWARDED_HOST' => 'derschmuckmacher-v3.ddev.site'
    'HTTP_X_FORWARDED_FOR' => '172.18.0.1'
    'HTTP_X_CSRF_TOKEN' => '••••••••••••••••••••••••••••••••••••••••••••••••••••••••••••••••••••••••••••••••••••••••••••••••••••••••••••'
    'HTTP_TE' => 'trailers'
    'HTTP_SEC_GPC' => '1'
    'HTTP_SEC_FETCH_SITE' => 'same-origin'
    'HTTP_SEC_FETCH_MODE' => 'cors'
    'HTTP_SEC_FETCH_DEST' => 'empty'
    'HTTP_REFERER' => 'https://derschmuckmacher-v3.ddev.site/dW2axQ3b/dashboard'
    'HTTP_COOKIE' => 'cookieconsent_status=allow; CRAFT_CSRF_TOKEN=c46764d17b682367679c529f1043872bbfd294280b0a6b522869cb3868f8a6a6a%3A2%3A%7Bi%3A0%3Bs%3A16%3A%22CRAFT_CSRF_TOKEN%22%3Bi%3A1%3Bs%3A40%3A%22oscGmXtgN7lH1IINFeBh9KwfL0sWDqIBBHQCFaaO%22%3B%7D; CraftSessionId=8dln48qoin5lenmi6jccge1uaf; a8b7b1ec9ffb8baf2c6eaa253fe57112_username=26b9ec8568da68d3882e55afaa5d203483c6c5810ee05b5a55c8a0eb10cab93ea%3A2%3A%7Bi%3A0%3Bs%3A41%3A%22a8b7b1ec9ffb8baf2c6eaa253fe57112_username%22%3Bi%3A1%3Bs%3A8%3A%22odegiuli%22%3B%7D; Craft-3626ffc1-d0a3-42e3-98aa-37e8aa759561_sidebar=expanded'
    'HTTP_ACCEPT_LANGUAGE' => 'de,en-US;q=0.9,en;q=0.8'
    'HTTP_ACCEPT_ENCODING' => 'gzip, deflate, br, zstd'
    'HTTP_ACCEPT' => 'application/json, text/plain, */*'
    'HTTP_USER_AGENT' => 'Mozilla/5.0 (Macintosh; Intel Mac OS X 10.15; rv:150.0) Gecko/20100101 Firefox/150.0'
    'HTTP_HOST' => 'derschmuckmacher-v3.ddev.site'
    'HTTPS' => 'on'
    'REDIRECT_STATUS' => '200'
    'SERVER_NAME' => 'derschmuckmacher-v3.ddev.site'
    'SERVER_PORT' => '80'
    'SERVER_ADDR' => '172.18.0.3'
    'REMOTE_PORT' => '43644'
    'REMOTE_ADDR' => '172.18.0.5'
    'SERVER_SOFTWARE' => 'nginx/1.28.0'
    'GATEWAY_INTERFACE' => 'CGI/1.1'
    'REQUEST_SCHEME' => 'http'
    'SERVER_PROTOCOL' => 'HTTP/1.1'
    'DOCUMENT_ROOT' => '/var/www/html/web'
    'DOCUMENT_URI' => '/index.php'
    'REQUEST_URI' => '/index.php?p=dW2axQ3b%2Factions%2Fusers%2Fsession-info&dontExtendSession=1&v=1778892108622'
    'CONTENT_LENGTH' => ''
    'CONTENT_TYPE' => ''
    'REQUEST_METHOD' => 'GET'
    'QUERY_STRING' => 'p=dW2axQ3b%2Factions%2Fusers%2Fsession-info&dontExtendSession=1&v=1778892108622'
    'SCRIPT_NAME' => '/index.php'
    'SCRIPT_FILENAME' => '/var/www/html/web/index.php'
    'FCGI_ROLE' => 'RESPONDER'
    'PHP_SELF' => '/index.php'
    'REQUEST_TIME_FLOAT' => 1778892108.6404
    'REQUEST_TIME' => 1778892108
    'CRAFT_APP_ID' => 'CraftCMS--3933bc78-29f5-4b79-bcc5-c31faf0fcd20'
    'CRAFT_ENVIRONMENT' => 'dev'
    'ENVIRONMENT' => 'dev'
    'CRAFT_SECURITY_KEY' => '••••••••••••••••••••••••••••••••'
    'CP_TRIGGER' => 'dW2axQ3b'
    'CRAFT_DB_SCHEMA' => 'public'
    'CRAFT_DB_TABLE_PREFIX' => ''
    'DEV_MODE' => 'true'
    'ALLOW_ADMIN_CHANGES' => 'true'
    'DISALLOW_ROBOTS' => 'true'
    'TIMEZONE' => 'Europe/Zurich'
    'CAPTCHA_SITE_KEY' => '••••••••••••••••••••••••••••••••••••••••'
    'CAPTCHA_SECRET_KEY' => '••••••••••••••••••••••••••••••••••••••••'
    'WEB_URL' => 'https://derschmuckmacher-v3.ddev.site'
    'WEB_ROOT' => '/var/www/html/web'
    'ASSETS_BASE_URL' => 'https://derschmuckmacher-v3.ddev.site/public'
    'ASSETS_BASE_PATH' => '/var/www/html/web/public'
    'SCHMUCK_BASE_URL' => 'https://derschmuckmacher-v3.ddev.site/public/uploads/schmuck'
    'SCHMUCK_BASE_PATH' => '/var/www/html/web/public/uploads/schmuck'
    'BILDER_BASE_URL' => 'https://derschmuckmacher-v3.ddev.site/public/uploads/bilder'
    'BILDER_BASE_PATH' => '/var/www/html/web/public/uploads/bilder'
] {"environment":"dev"} 
2026-05-16 02:58:40 [web.INFO] [yii\db\Connection::open] Opening DB connection: mysql:host=db;dbname=db;port=3306 {"memory":1097536} 
2026-05-16 02:58:40 [web.INFO] [yii\web\Session::open] Session started {"memory":1517664} 
2026-05-16 02:58:40 [web.INFO] [nystudio107\codeeditor\CodeEditor::bootstrap] CodeEditor module bootstrapped {"memory":1538632} 
2026-05-16 02:58:40 [web.INFO] [adigital\cookieconsentbanner\CookieConsentBanner::init] Cookie Consent Banner plugin loaded {"memory":1753640} 
2026-05-16 02:58:40 [web.INFO] [miranj\obfuscator\Obfuscator::init] Obfuscator plugin loaded {"memory":2719640} 
2026-05-16 02:58:40 [web.INFO] [application] Request context:
$_GET = [
    'p' => 'dW2axQ3b/actions/users/session-info'
    'dontExtendSession' => '1'
    'v' => '1778893120108'
]

$_POST = []

$_FILES = []

$_COOKIE = [
    'cookieconsent_status' => 'allow'
    'CRAFT_CSRF_TOKEN' => '••••••••••••••••••••••••••••••••••••••••••••••••••••••••••••••••••••••••••••••••••••••••••••••••••••••••••••••••••••••••••••••••••••••••••••••••••••••'
    'CraftSessionId' => '8dln48qoin5lenmi6jccge1uaf'
    'a8b7b1ec9ffb8baf2c6eaa253fe57112_username' => '26b9ec8568da68d3882e55afaa5d203483c6c5810ee05b5a55c8a0eb10cab93ea:2:{i:0;s:41:\"a8b7b1ec9ffb8baf2c6eaa253fe57112_username\";i:1;s:8:\"odegiuli\";}'
    'Craft-3626ffc1-d0a3-42e3-98aa-37e8aa759561_sidebar' => 'expanded'
]

$_SESSION = [
    '22b6a59deafcfb2ffb13c3adf3d98a3b__flash' => []
]

$_SERVER = [
    'DEPLOY_NAME' => 'local'
    'DDEV_WEBSERVER_TYPE' => 'nginx-fpm'
    'npm_config_cache' => '/mnt/ddev-global-cache/npm'
    'COREPACK_ENABLE_DOWNLOAD_PROMPT' => '0'
    'DDEV_GOOS' => 'darwin'
    'IS_DDEV_PROJECT' => 'true'
    'PHP_DEFAULT_VERSION' => '8.3'
    'HOSTNAME' => 'derschmuckmacher-v3-web'
    'MAILPIT_SMTP_PORT' => '1025'
    'MH_SMTP_BIND_ADDR' => '127.0.0.1:1025'
    'DDEV_PRIMARY_URL_WITHOUT_PORT' => 'https://derschmuckmacher-v3.ddev.site'
    'CRAFT_DB_PORT' => '3306'
    'SSH_AUTH_SOCK' => '/home/.ssh-agent/socket'
    'DDEV_GID' => '20'
    'NODE_EXTRA_CA_CERTS' => '/mnt/ddev-global-cache/mkcert/rootCA.pem'
    'DOCKER_IP' => '127.0.0.1'
    'PGPASSWORD' => 'db'
    'CRAFT_WEB_ROOT' => '/var/www/html/web'
    'DDEV_DOCROOT' => 'web'
    'PWD' => '/var/www/html'
    'PLATFORMSH_CLI_UPDATES_CHECK' => '0'
    'DDEV_APPROOT' => '/var/www/html'
    'DDEV_FILES_DIR' => ''
    'START_SCRIPT_TIMEOUT' => '57'
    'APACHE_SITE_TEMPLATE' => '/etc/apache2/apache-site.conf'
    'PHP_INI' => '/etc/php/8.3/fpm/php.ini'
    'DDEV_VERSION' => 'v1.24.10'
    'PRIMARY_SITE_URL' => 'https://derschmuckmacher-v3.ddev.site'
    'TZ' => 'Europe/Zurich'
    'DDEV_XHPROF_MODE' => 'prepend'
    'HTTPS_EXPOSE' => '443:80,8026:8025'
    'COREPACK_HOME' => '/mnt/ddev-global-cache/corepack'
    'CRAFT_DB_DATABASE' => 'db'
    'DDEV_PRIMARY_URL' => 'https://derschmuckmacher-v3.ddev.site'
    'LINES' => '6'
    'DDEV_SITENAME' => 'derschmuckmacher-v3'
    'HOME' => '/home/omar'
    'DRUSH_OPTIONS_URI' => 'https://derschmuckmacher-v3.ddev.site'
    'LANG' => 'C.UTF-8'
    'COLUMNS' => '371'
    'DDEV_MUTAGEN_ENABLED' => 'true'
    'DDEV_USER' => 'omar'
    'PGUSER' => 'db'
    'TERMINUS_CACHE_DIR' => '/mnt/ddev-global-cache/terminus/cache'
    'DDEV_PRIMARY_URL_PORT' => '443'
    'DDEV_ROUTER_HTTP_PORT' => '80'
    'MAILPIT_SMTP_HOSTNAME' => '127.0.0.1'
    'CRAFT_DB_DRIVER' => 'mysql'
    'COMPOSER_PROCESS_TIMEOUT' => '2000'
    'NGINX_SITE_TEMPLATE' => '/etc/nginx/nginx-site.conf'
    'DDEV_FILES_DIRS' => ''
    'CRAFT_DB_SERVER' => 'db'
    'HTTP_EXPOSE' => '80:80,8025:8025'
    'NVM_DIR' => '/home/omar/.nvm'
    'DDEV_PHP_VERSION' => '8.3'
    'DDEV_TLD' => 'ddev.site'
    'DDEV_HOSTNAME' => 'derschmuckmacher-v3.ddev.site'
    'DDEV_PROJECT' => 'derschmuckmacher-v3'
    'DDEV_GOARCH' => 'arm64'
    'VIRTUAL_HOST' => 'derschmuckmacher-v3.ddev.site'
    'TERM' => 'xterm'
    'USER' => 'omar'
    'MYSQL_HISTFILE' => '/mnt/ddev-global-cache/mysqlhistory/derschmuckmacher-v3-web/mysql_history'
    'DDEV_WEB_ENTRYPOINT' => '/mnt/ddev_config/web-entrypoint.d'
    'DDEV_UID' => '501'
    'CAROOT' => '/mnt/ddev-global-cache/mkcert'
    'SHLVL' => '1'
    'COMPOSER_ALLOW_SUPERUSER' => '1'
    'BASH_ENV' => '/etc/bash.nointeractive.bashrc'
    'DDEV_DATABASE' => 'mysql:8.0'
    'PGDATABASE' => 'db'
    'CRAFT_DB_USER' => 'db'
    'DDEV_SCHEME' => 'https'
    'XHPROF_OUTPUT_DIR' => '/tmp/xhprof'
    'COMPOSER_CACHE_DIR' => '/mnt/ddev-global-cache/composer'
    'DDEV_XDEBUG_ENABLED' => 'false'
    'DDEV_DATABASE_FAMILY' => 'mysql'
    'PGHOST' => 'db'
    'DDEV_COMPOSER_ROOT' => '/var/www/html'
    'CRAFT_DB_PASSWORD' => '••'
    'DOCROOT' => 'web'
    'TERMINUS_HIDE_UPDATE_MESSAGE' => '1'
    'PATH' => '/home/omar/bin:/var/www/html/vendor/bin:/usr/local/sbin:/usr/local/bin:/usr/sbin:/usr/bin:/sbin:/bin:/var/www/html/bin:/mnt/ddev-global-cache/global-commands/web'
    'HOST_DOCKER_INTERNAL_IP' => ''
    'DDEV_PROJECT_TYPE' => 'craftcms'
    'DEBIAN_FRONTEND' => 'noninteractive'
    'DDEV_ROUTER_HTTPS_PORT' => '443'
    'EXECIGNORE' => '/var/www/html/vendor/bin/composer'
    'SUPERVISOR_ENABLED' => '1'
    'SUPERVISOR_SERVER_URL' => 'unix:///var/run/supervisor.sock'
    'SUPERVISOR_PROCESS_NAME' => 'php-fpm'
    'SUPERVISOR_GROUP_NAME' => 'php-fpm'
    'HTTP_X_REQUESTED_WITH' => 'XMLHttpRequest'
    'HTTP_X_REGISTERED_JS_FILES' => ''
    'HTTP_X_REGISTERED_ASSET_BUNDLES' => 'e38a2e07,22e517a2,aee7f8dc,26c46c25,e505ffd6,6b4d7555,bb2f10a0,e5e48399,815d39ea,fc0bc163,1ccab40d,1e21896b,54698ee0,b842675b,1c3c9add,4b1fd285,d8d08e47,8f00ce04,8768f48b,cf3018d6,ec6d0256,11858fc6,8550f857,6f12186f,c7a8fe38'
    'HTTP_X_REAL_IP' => '172.18.0.1'
    'HTTP_X_FORWARDED_SERVER' => '617e9e3cc3a1'
    'HTTP_X_FORWARDED_PROTO' => 'https'
    'HTTP_X_FORWARDED_PORT' => '443'
    'HTTP_X_FORWARDED_HOST' => 'derschmuckmacher-v3.ddev.site'
    'HTTP_X_FORWARDED_FOR' => '172.18.0.1'
    'HTTP_X_CSRF_TOKEN' => '••••••••••••••••••••••••••••••••••••••••••••••••••••••••••••••••••••••••••••••••••••••••••••••••••••••••••••'
    'HTTP_TE' => 'trailers'
    'HTTP_SEC_GPC' => '1'
    'HTTP_SEC_FETCH_SITE' => 'same-origin'
    'HTTP_SEC_FETCH_MODE' => 'cors'
    'HTTP_SEC_FETCH_DEST' => 'empty'
    'HTTP_REFERER' => 'https://derschmuckmacher-v3.ddev.site/dW2axQ3b/dashboard'
    'HTTP_COOKIE' => 'cookieconsent_status=allow; CRAFT_CSRF_TOKEN=c46764d17b682367679c529f1043872bbfd294280b0a6b522869cb3868f8a6a6a%3A2%3A%7Bi%3A0%3Bs%3A16%3A%22CRAFT_CSRF_TOKEN%22%3Bi%3A1%3Bs%3A40%3A%22oscGmXtgN7lH1IINFeBh9KwfL0sWDqIBBHQCFaaO%22%3B%7D; CraftSessionId=8dln48qoin5lenmi6jccge1uaf; a8b7b1ec9ffb8baf2c6eaa253fe57112_username=26b9ec8568da68d3882e55afaa5d203483c6c5810ee05b5a55c8a0eb10cab93ea%3A2%3A%7Bi%3A0%3Bs%3A41%3A%22a8b7b1ec9ffb8baf2c6eaa253fe57112_username%22%3Bi%3A1%3Bs%3A8%3A%22odegiuli%22%3B%7D; Craft-3626ffc1-d0a3-42e3-98aa-37e8aa759561_sidebar=expanded'
    'HTTP_ACCEPT_LANGUAGE' => 'de,en-US;q=0.9,en;q=0.8'
    'HTTP_ACCEPT_ENCODING' => 'gzip, deflate, br, zstd'
    'HTTP_ACCEPT' => 'application/json, text/plain, */*'
    'HTTP_USER_AGENT' => 'Mozilla/5.0 (Macintosh; Intel Mac OS X 10.15; rv:150.0) Gecko/20100101 Firefox/150.0'
    'HTTP_HOST' => 'derschmuckmacher-v3.ddev.site'
    'HTTPS' => 'on'
    'REDIRECT_STATUS' => '200'
    'SERVER_NAME' => 'derschmuckmacher-v3.ddev.site'
    'SERVER_PORT' => '80'
    'SERVER_ADDR' => '172.18.0.3'
    'REMOTE_PORT' => '51094'
    'REMOTE_ADDR' => '172.18.0.5'
    'SERVER_SOFTWARE' => 'nginx/1.28.0'
    'GATEWAY_INTERFACE' => 'CGI/1.1'
    'REQUEST_SCHEME' => 'http'
    'SERVER_PROTOCOL' => 'HTTP/1.1'
    'DOCUMENT_ROOT' => '/var/www/html/web'
    'DOCUMENT_URI' => '/index.php'
    'REQUEST_URI' => '/index.php?p=dW2axQ3b%2Factions%2Fusers%2Fsession-info&dontExtendSession=1&v=1778893120108'
    'CONTENT_LENGTH' => ''
    'CONTENT_TYPE' => ''
    'REQUEST_METHOD' => 'GET'
    'QUERY_STRING' => 'p=dW2axQ3b%2Factions%2Fusers%2Fsession-info&dontExtendSession=1&v=1778893120108'
    'SCRIPT_NAME' => '/index.php'
    'SCRIPT_FILENAME' => '/var/www/html/web/index.php'
    'FCGI_ROLE' => 'RESPONDER'
    'PHP_SELF' => '/index.php'
    'REQUEST_TIME_FLOAT' => 1778893120.1227
    'REQUEST_TIME' => 1778893120
    'CRAFT_APP_ID' => 'CraftCMS--3933bc78-29f5-4b79-bcc5-c31faf0fcd20'
    'CRAFT_ENVIRONMENT' => 'dev'
    'ENVIRONMENT' => 'dev'
    'CRAFT_SECURITY_KEY' => '••••••••••••••••••••••••••••••••'
    'CP_TRIGGER' => 'dW2axQ3b'
    'CRAFT_DB_SCHEMA' => 'public'
    'CRAFT_DB_TABLE_PREFIX' => ''
    'DEV_MODE' => 'true'
    'ALLOW_ADMIN_CHANGES' => 'true'
    'DISALLOW_ROBOTS' => 'true'
    'TIMEZONE' => 'Europe/Zurich'
    'CAPTCHA_SITE_KEY' => '••••••••••••••••••••••••••••••••••••••••'
    'CAPTCHA_SECRET_KEY' => '••••••••••••••••••••••••••••••••••••••••'
    'WEB_URL' => 'https://derschmuckmacher-v3.ddev.site'
    'WEB_ROOT' => '/var/www/html/web'
    'ASSETS_BASE_URL' => 'https://derschmuckmacher-v3.ddev.site/public'
    'ASSETS_BASE_PATH' => '/var/www/html/web/public'
    'SCHMUCK_BASE_URL' => 'https://derschmuckmacher-v3.ddev.site/public/uploads/schmuck'
    'SCHMUCK_BASE_PATH' => '/var/www/html/web/public/uploads/schmuck'
    'BILDER_BASE_URL' => 'https://derschmuckmacher-v3.ddev.site/public/uploads/bilder'
    'BILDER_BASE_PATH' => '/var/www/html/web/public/uploads/bilder'
] {"environment":"dev"} 
2026-05-16 03:15:06 [web.INFO] [yii\db\Connection::open] Opening DB connection: mysql:host=db;dbname=db;port=3306 {"memory":1097536} 
2026-05-16 03:15:06 [web.INFO] [yii\web\Session::open] Session started {"memory":1517664} 
2026-05-16 03:15:06 [web.INFO] [nystudio107\codeeditor\CodeEditor::bootstrap] CodeEditor module bootstrapped {"memory":1538632} 
2026-05-16 03:15:06 [web.INFO] [adigital\cookieconsentbanner\CookieConsentBanner::init] Cookie Consent Banner plugin loaded {"memory":1753640} 
2026-05-16 03:15:06 [web.INFO] [miranj\obfuscator\Obfuscator::init] Obfuscator plugin loaded {"memory":2717712} 
2026-05-16 03:15:06 [web.INFO] [application] Request context:
$_GET = [
    'p' => 'dW2axQ3b/actions/users/session-info'
    'dontExtendSession' => '1'
    'v' => '1778894105982'
]

$_POST = []

$_FILES = []

$_COOKIE = [
    'cookieconsent_status' => 'allow'
    'CRAFT_CSRF_TOKEN' => '••••••••••••••••••••••••••••••••••••••••••••••••••••••••••••••••••••••••••••••••••••••••••••••••••••••••••••••••••••••••••••••••••••••••••••••••••••••'
    'CraftSessionId' => '8dln48qoin5lenmi6jccge1uaf'
    'a8b7b1ec9ffb8baf2c6eaa253fe57112_username' => '26b9ec8568da68d3882e55afaa5d203483c6c5810ee05b5a55c8a0eb10cab93ea:2:{i:0;s:41:\"a8b7b1ec9ffb8baf2c6eaa253fe57112_username\";i:1;s:8:\"odegiuli\";}'
    'Craft-3626ffc1-d0a3-42e3-98aa-37e8aa759561_sidebar' => 'expanded'
]

$_SESSION = [
    '22b6a59deafcfb2ffb13c3adf3d98a3b__flash' => []
]

$_SERVER = [
    'DEPLOY_NAME' => 'local'
    'DDEV_WEBSERVER_TYPE' => 'nginx-fpm'
    'npm_config_cache' => '/mnt/ddev-global-cache/npm'
    'COREPACK_ENABLE_DOWNLOAD_PROMPT' => '0'
    'DDEV_GOOS' => 'darwin'
    'IS_DDEV_PROJECT' => 'true'
    'PHP_DEFAULT_VERSION' => '8.3'
    'HOSTNAME' => 'derschmuckmacher-v3-web'
    'MAILPIT_SMTP_PORT' => '1025'
    'MH_SMTP_BIND_ADDR' => '127.0.0.1:1025'
    'DDEV_PRIMARY_URL_WITHOUT_PORT' => 'https://derschmuckmacher-v3.ddev.site'
    'CRAFT_DB_PORT' => '3306'
    'SSH_AUTH_SOCK' => '/home/.ssh-agent/socket'
    'DDEV_GID' => '20'
    'NODE_EXTRA_CA_CERTS' => '/mnt/ddev-global-cache/mkcert/rootCA.pem'
    'DOCKER_IP' => '127.0.0.1'
    'PGPASSWORD' => 'db'
    'CRAFT_WEB_ROOT' => '/var/www/html/web'
    'DDEV_DOCROOT' => 'web'
    'PWD' => '/var/www/html'
    'PLATFORMSH_CLI_UPDATES_CHECK' => '0'
    'DDEV_APPROOT' => '/var/www/html'
    'DDEV_FILES_DIR' => ''
    'START_SCRIPT_TIMEOUT' => '57'
    'APACHE_SITE_TEMPLATE' => '/etc/apache2/apache-site.conf'
    'PHP_INI' => '/etc/php/8.3/fpm/php.ini'
    'DDEV_VERSION' => 'v1.24.10'
    'PRIMARY_SITE_URL' => 'https://derschmuckmacher-v3.ddev.site'
    'TZ' => 'Europe/Zurich'
    'DDEV_XHPROF_MODE' => 'prepend'
    'HTTPS_EXPOSE' => '443:80,8026:8025'
    'COREPACK_HOME' => '/mnt/ddev-global-cache/corepack'
    'CRAFT_DB_DATABASE' => 'db'
    'DDEV_PRIMARY_URL' => 'https://derschmuckmacher-v3.ddev.site'
    'LINES' => '6'
    'DDEV_SITENAME' => 'derschmuckmacher-v3'
    'HOME' => '/home/omar'
    'DRUSH_OPTIONS_URI' => 'https://derschmuckmacher-v3.ddev.site'
    'LANG' => 'C.UTF-8'
    'COLUMNS' => '371'
    'DDEV_MUTAGEN_ENABLED' => 'true'
    'DDEV_USER' => 'omar'
    'PGUSER' => 'db'
    'TERMINUS_CACHE_DIR' => '/mnt/ddev-global-cache/terminus/cache'
    'DDEV_PRIMARY_URL_PORT' => '443'
    'DDEV_ROUTER_HTTP_PORT' => '80'
    'MAILPIT_SMTP_HOSTNAME' => '127.0.0.1'
    'CRAFT_DB_DRIVER' => 'mysql'
    'COMPOSER_PROCESS_TIMEOUT' => '2000'
    'NGINX_SITE_TEMPLATE' => '/etc/nginx/nginx-site.conf'
    'DDEV_FILES_DIRS' => ''
    'CRAFT_DB_SERVER' => 'db'
    'HTTP_EXPOSE' => '80:80,8025:8025'
    'NVM_DIR' => '/home/omar/.nvm'
    'DDEV_PHP_VERSION' => '8.3'
    'DDEV_TLD' => 'ddev.site'
    'DDEV_HOSTNAME' => 'derschmuckmacher-v3.ddev.site'
    'DDEV_PROJECT' => 'derschmuckmacher-v3'
    'DDEV_GOARCH' => 'arm64'
    'VIRTUAL_HOST' => 'derschmuckmacher-v3.ddev.site'
    'TERM' => 'xterm'
    'USER' => 'omar'
    'MYSQL_HISTFILE' => '/mnt/ddev-global-cache/mysqlhistory/derschmuckmacher-v3-web/mysql_history'
    'DDEV_WEB_ENTRYPOINT' => '/mnt/ddev_config/web-entrypoint.d'
    'DDEV_UID' => '501'
    'CAROOT' => '/mnt/ddev-global-cache/mkcert'
    'SHLVL' => '1'
    'COMPOSER_ALLOW_SUPERUSER' => '1'
    'BASH_ENV' => '/etc/bash.nointeractive.bashrc'
    'DDEV_DATABASE' => 'mysql:8.0'
    'PGDATABASE' => 'db'
    'CRAFT_DB_USER' => 'db'
    'DDEV_SCHEME' => 'https'
    'XHPROF_OUTPUT_DIR' => '/tmp/xhprof'
    'COMPOSER_CACHE_DIR' => '/mnt/ddev-global-cache/composer'
    'DDEV_XDEBUG_ENABLED' => 'false'
    'DDEV_DATABASE_FAMILY' => 'mysql'
    'PGHOST' => 'db'
    'DDEV_COMPOSER_ROOT' => '/var/www/html'
    'CRAFT_DB_PASSWORD' => '••'
    'DOCROOT' => 'web'
    'TERMINUS_HIDE_UPDATE_MESSAGE' => '1'
    'PATH' => '/home/omar/bin:/var/www/html/vendor/bin:/usr/local/sbin:/usr/local/bin:/usr/sbin:/usr/bin:/sbin:/bin:/var/www/html/bin:/mnt/ddev-global-cache/global-commands/web'
    'HOST_DOCKER_INTERNAL_IP' => ''
    'DDEV_PROJECT_TYPE' => 'craftcms'
    'DEBIAN_FRONTEND' => 'noninteractive'
    'DDEV_ROUTER_HTTPS_PORT' => '443'
    'EXECIGNORE' => '/var/www/html/vendor/bin/composer'
    'SUPERVISOR_ENABLED' => '1'
    'SUPERVISOR_SERVER_URL' => 'unix:///var/run/supervisor.sock'
    'SUPERVISOR_PROCESS_NAME' => 'php-fpm'
    'SUPERVISOR_GROUP_NAME' => 'php-fpm'
    'HTTP_X_REQUESTED_WITH' => 'XMLHttpRequest'
    'HTTP_X_REGISTERED_JS_FILES' => ''
    'HTTP_X_REGISTERED_ASSET_BUNDLES' => 'e38a2e07,22e517a2,aee7f8dc,26c46c25,e505ffd6,6b4d7555,bb2f10a0,e5e48399,815d39ea,fc0bc163,1ccab40d,1e21896b,54698ee0,b842675b,1c3c9add,4b1fd285,d8d08e47,8f00ce04,8768f48b,cf3018d6,ec6d0256,11858fc6,8550f857,6f12186f,c7a8fe38'
    'HTTP_X_REAL_IP' => '172.18.0.1'
    'HTTP_X_FORWARDED_SERVER' => '617e9e3cc3a1'
    'HTTP_X_FORWARDED_PROTO' => 'https'
    'HTTP_X_FORWARDED_PORT' => '443'
    'HTTP_X_FORWARDED_HOST' => 'derschmuckmacher-v3.ddev.site'
    'HTTP_X_FORWARDED_FOR' => '172.18.0.1'
    'HTTP_X_CSRF_TOKEN' => '••••••••••••••••••••••••••••••••••••••••••••••••••••••••••••••••••••••••••••••••••••••••••••••••••••••••••••'
    'HTTP_TE' => 'trailers'
    'HTTP_SEC_GPC' => '1'
    'HTTP_SEC_FETCH_SITE' => 'same-origin'
    'HTTP_SEC_FETCH_MODE' => 'cors'
    'HTTP_SEC_FETCH_DEST' => 'empty'
    'HTTP_REFERER' => 'https://derschmuckmacher-v3.ddev.site/dW2axQ3b/dashboard'
    'HTTP_COOKIE' => 'cookieconsent_status=allow; CRAFT_CSRF_TOKEN=c46764d17b682367679c529f1043872bbfd294280b0a6b522869cb3868f8a6a6a%3A2%3A%7Bi%3A0%3Bs%3A16%3A%22CRAFT_CSRF_TOKEN%22%3Bi%3A1%3Bs%3A40%3A%22oscGmXtgN7lH1IINFeBh9KwfL0sWDqIBBHQCFaaO%22%3B%7D; CraftSessionId=8dln48qoin5lenmi6jccge1uaf; a8b7b1ec9ffb8baf2c6eaa253fe57112_username=26b9ec8568da68d3882e55afaa5d203483c6c5810ee05b5a55c8a0eb10cab93ea%3A2%3A%7Bi%3A0%3Bs%3A41%3A%22a8b7b1ec9ffb8baf2c6eaa253fe57112_username%22%3Bi%3A1%3Bs%3A8%3A%22odegiuli%22%3B%7D; Craft-3626ffc1-d0a3-42e3-98aa-37e8aa759561_sidebar=expanded'
    'HTTP_ACCEPT_LANGUAGE' => 'de,en-US;q=0.9,en;q=0.8'
    'HTTP_ACCEPT_ENCODING' => 'gzip, deflate, br, zstd'
    'HTTP_ACCEPT' => 'application/json, text/plain, */*'
    'HTTP_USER_AGENT' => 'Mozilla/5.0 (Macintosh; Intel Mac OS X 10.15; rv:150.0) Gecko/20100101 Firefox/150.0'
    'HTTP_HOST' => 'derschmuckmacher-v3.ddev.site'
    'HTTPS' => 'on'
    'REDIRECT_STATUS' => '200'
    'SERVER_NAME' => 'derschmuckmacher-v3.ddev.site'
    'SERVER_PORT' => '80'
    'SERVER_ADDR' => '172.18.0.3'
    'REMOTE_PORT' => '54522'
    'REMOTE_ADDR' => '172.18.0.5'
    'SERVER_SOFTWARE' => 'nginx/1.28.0'
    'GATEWAY_INTERFACE' => 'CGI/1.1'
    'REQUEST_SCHEME' => 'http'
    'SERVER_PROTOCOL' => 'HTTP/1.1'
    'DOCUMENT_ROOT' => '/var/www/html/web'
    'DOCUMENT_URI' => '/index.php'
    'REQUEST_URI' => '/index.php?p=dW2axQ3b%2Factions%2Fusers%2Fsession-info&dontExtendSession=1&v=1778894105982'
    'CONTENT_LENGTH' => ''
    'CONTENT_TYPE' => ''
    'REQUEST_METHOD' => 'GET'
    'QUERY_STRING' => 'p=dW2axQ3b%2Factions%2Fusers%2Fsession-info&dontExtendSession=1&v=1778894105982'
    'SCRIPT_NAME' => '/index.php'
    'SCRIPT_FILENAME' => '/var/www/html/web/index.php'
    'FCGI_ROLE' => 'RESPONDER'
    'PHP_SELF' => '/index.php'
    'REQUEST_TIME_FLOAT' => 1778894105.9992
    'REQUEST_TIME' => 1778894105
    'CRAFT_APP_ID' => 'CraftCMS--3933bc78-29f5-4b79-bcc5-c31faf0fcd20'
    'CRAFT_ENVIRONMENT' => 'dev'
    'ENVIRONMENT' => 'dev'
    'CRAFT_SECURITY_KEY' => '••••••••••••••••••••••••••••••••'
    'CP_TRIGGER' => 'dW2axQ3b'
    'CRAFT_DB_SCHEMA' => 'public'
    'CRAFT_DB_TABLE_PREFIX' => ''
    'DEV_MODE' => 'true'
    'ALLOW_ADMIN_CHANGES' => 'true'
    'DISALLOW_ROBOTS' => 'true'
    'TIMEZONE' => 'Europe/Zurich'
    'CAPTCHA_SITE_KEY' => '••••••••••••••••••••••••••••••••••••••••'
    'CAPTCHA_SECRET_KEY' => '••••••••••••••••••••••••••••••••••••••••'
    'WEB_URL' => 'https://derschmuckmacher-v3.ddev.site'
    'WEB_ROOT' => '/var/www/html/web'
    'ASSETS_BASE_URL' => 'https://derschmuckmacher-v3.ddev.site/public'
    'ASSETS_BASE_PATH' => '/var/www/html/web/public'
    'SCHMUCK_BASE_URL' => 'https://derschmuckmacher-v3.ddev.site/public/uploads/schmuck'
    'SCHMUCK_BASE_PATH' => '/var/www/html/web/public/uploads/schmuck'
    'BILDER_BASE_URL' => 'https://derschmuckmacher-v3.ddev.site/public/uploads/bilder'
    'BILDER_BASE_PATH' => '/var/www/html/web/public/uploads/bilder'
] {"environment":"dev"} 
2026-05-16 03:39:24 [web.INFO] [yii\db\Connection::open] Opening DB connection: mysql:host=db;dbname=db;port=3306 {"memory":1097536} 
2026-05-16 03:39:24 [web.INFO] [yii\web\Session::open] Session started {"memory":1517664} 
2026-05-16 03:39:24 [web.INFO] [nystudio107\codeeditor\CodeEditor::bootstrap] CodeEditor module bootstrapped {"memory":1538632} 
2026-05-16 03:39:24 [web.INFO] [adigital\cookieconsentbanner\CookieConsentBanner::init] Cookie Consent Banner plugin loaded {"memory":1753640} 
2026-05-16 03:39:24 [web.INFO] [yii\db\Connection::open] Opening DB connection: mysql:host=db;dbname=db;port=3306 {"memory":2754536} 
2026-05-16 03:39:24 [web.INFO] [miranj\obfuscator\Obfuscator::init] Obfuscator plugin loaded {"memory":2786104} 
2026-05-16 03:39:24 [web.INFO] [application] Request context:
$_GET = [
    'p' => 'dW2axQ3b/actions/users/session-info'
    'dontExtendSession' => '1'
    'v' => '1778895563610'
]

$_POST = []

$_FILES = []

$_COOKIE = [
    'cookieconsent_status' => 'allow'
    'CRAFT_CSRF_TOKEN' => '••••••••••••••••••••••••••••••••••••••••••••••••••••••••••••••••••••••••••••••••••••••••••••••••••••••••••••••••••••••••••••••••••••••••••••••••••••••'
    'CraftSessionId' => '8dln48qoin5lenmi6jccge1uaf'
    'a8b7b1ec9ffb8baf2c6eaa253fe57112_username' => '26b9ec8568da68d3882e55afaa5d203483c6c5810ee05b5a55c8a0eb10cab93ea:2:{i:0;s:41:\"a8b7b1ec9ffb8baf2c6eaa253fe57112_username\";i:1;s:8:\"odegiuli\";}'
    'Craft-3626ffc1-d0a3-42e3-98aa-37e8aa759561_sidebar' => 'expanded'
]

$_SESSION = [
    '22b6a59deafcfb2ffb13c3adf3d98a3b__flash' => []
]

$_SERVER = [
    'DEPLOY_NAME' => 'local'
    'DDEV_WEBSERVER_TYPE' => 'nginx-fpm'
    'npm_config_cache' => '/mnt/ddev-global-cache/npm'
    'COREPACK_ENABLE_DOWNLOAD_PROMPT' => '0'
    'DDEV_GOOS' => 'darwin'
    'IS_DDEV_PROJECT' => 'true'
    'PHP_DEFAULT_VERSION' => '8.3'
    'HOSTNAME' => 'derschmuckmacher-v3-web'
    'MAILPIT_SMTP_PORT' => '1025'
    'MH_SMTP_BIND_ADDR' => '127.0.0.1:1025'
    'DDEV_PRIMARY_URL_WITHOUT_PORT' => 'https://derschmuckmacher-v3.ddev.site'
    'CRAFT_DB_PORT' => '3306'
    'SSH_AUTH_SOCK' => '/home/.ssh-agent/socket'
    'DDEV_GID' => '20'
    'NODE_EXTRA_CA_CERTS' => '/mnt/ddev-global-cache/mkcert/rootCA.pem'
    'DOCKER_IP' => '127.0.0.1'
    'PGPASSWORD' => 'db'
    'CRAFT_WEB_ROOT' => '/var/www/html/web'
    'DDEV_DOCROOT' => 'web'
    'PWD' => '/var/www/html'
    'PLATFORMSH_CLI_UPDATES_CHECK' => '0'
    'DDEV_APPROOT' => '/var/www/html'
    'DDEV_FILES_DIR' => ''
    'START_SCRIPT_TIMEOUT' => '57'
    'APACHE_SITE_TEMPLATE' => '/etc/apache2/apache-site.conf'
    'PHP_INI' => '/etc/php/8.3/fpm/php.ini'
    'DDEV_VERSION' => 'v1.24.10'
    'PRIMARY_SITE_URL' => 'https://derschmuckmacher-v3.ddev.site'
    'TZ' => 'Europe/Zurich'
    'DDEV_XHPROF_MODE' => 'prepend'
    'HTTPS_EXPOSE' => '443:80,8026:8025'
    'COREPACK_HOME' => '/mnt/ddev-global-cache/corepack'
    'CRAFT_DB_DATABASE' => 'db'
    'DDEV_PRIMARY_URL' => 'https://derschmuckmacher-v3.ddev.site'
    'LINES' => '6'
    'DDEV_SITENAME' => 'derschmuckmacher-v3'
    'HOME' => '/home/omar'
    'DRUSH_OPTIONS_URI' => 'https://derschmuckmacher-v3.ddev.site'
    'LANG' => 'C.UTF-8'
    'COLUMNS' => '371'
    'DDEV_MUTAGEN_ENABLED' => 'true'
    'DDEV_USER' => 'omar'
    'PGUSER' => 'db'
    'TERMINUS_CACHE_DIR' => '/mnt/ddev-global-cache/terminus/cache'
    'DDEV_PRIMARY_URL_PORT' => '443'
    'DDEV_ROUTER_HTTP_PORT' => '80'
    'MAILPIT_SMTP_HOSTNAME' => '127.0.0.1'
    'CRAFT_DB_DRIVER' => 'mysql'
    'COMPOSER_PROCESS_TIMEOUT' => '2000'
    'NGINX_SITE_TEMPLATE' => '/etc/nginx/nginx-site.conf'
    'DDEV_FILES_DIRS' => ''
    'CRAFT_DB_SERVER' => 'db'
    'HTTP_EXPOSE' => '80:80,8025:8025'
    'NVM_DIR' => '/home/omar/.nvm'
    'DDEV_PHP_VERSION' => '8.3'
    'DDEV_TLD' => 'ddev.site'
    'DDEV_HOSTNAME' => 'derschmuckmacher-v3.ddev.site'
    'DDEV_PROJECT' => 'derschmuckmacher-v3'
    'DDEV_GOARCH' => 'arm64'
    'VIRTUAL_HOST' => 'derschmuckmacher-v3.ddev.site'
    'TERM' => 'xterm'
    'USER' => 'omar'
    'MYSQL_HISTFILE' => '/mnt/ddev-global-cache/mysqlhistory/derschmuckmacher-v3-web/mysql_history'
    'DDEV_WEB_ENTRYPOINT' => '/mnt/ddev_config/web-entrypoint.d'
    'DDEV_UID' => '501'
    'CAROOT' => '/mnt/ddev-global-cache/mkcert'
    'SHLVL' => '1'
    'COMPOSER_ALLOW_SUPERUSER' => '1'
    'BASH_ENV' => '/etc/bash.nointeractive.bashrc'
    'DDEV_DATABASE' => 'mysql:8.0'
    'PGDATABASE' => 'db'
    'CRAFT_DB_USER' => 'db'
    'DDEV_SCHEME' => 'https'
    'XHPROF_OUTPUT_DIR' => '/tmp/xhprof'
    'COMPOSER_CACHE_DIR' => '/mnt/ddev-global-cache/composer'
    'DDEV_XDEBUG_ENABLED' => 'false'
    'DDEV_DATABASE_FAMILY' => 'mysql'
    'PGHOST' => 'db'
    'DDEV_COMPOSER_ROOT' => '/var/www/html'
    'CRAFT_DB_PASSWORD' => '••'
    'DOCROOT' => 'web'
    'TERMINUS_HIDE_UPDATE_MESSAGE' => '1'
    'PATH' => '/home/omar/bin:/var/www/html/vendor/bin:/usr/local/sbin:/usr/local/bin:/usr/sbin:/usr/bin:/sbin:/bin:/var/www/html/bin:/mnt/ddev-global-cache/global-commands/web'
    'HOST_DOCKER_INTERNAL_IP' => ''
    'DDEV_PROJECT_TYPE' => 'craftcms'
    'DEBIAN_FRONTEND' => 'noninteractive'
    'DDEV_ROUTER_HTTPS_PORT' => '443'
    'EXECIGNORE' => '/var/www/html/vendor/bin/composer'
    'SUPERVISOR_ENABLED' => '1'
    'SUPERVISOR_SERVER_URL' => 'unix:///var/run/supervisor.sock'
    'SUPERVISOR_PROCESS_NAME' => 'php-fpm'
    'SUPERVISOR_GROUP_NAME' => 'php-fpm'
    'HTTP_X_REQUESTED_WITH' => 'XMLHttpRequest'
    'HTTP_X_REGISTERED_JS_FILES' => ''
    'HTTP_X_REGISTERED_ASSET_BUNDLES' => 'e38a2e07,22e517a2,aee7f8dc,26c46c25,e505ffd6,6b4d7555,bb2f10a0,e5e48399,815d39ea,fc0bc163,1ccab40d,1e21896b,54698ee0,b842675b,1c3c9add,4b1fd285,d8d08e47,8f00ce04,8768f48b,cf3018d6,ec6d0256,11858fc6,8550f857,6f12186f,c7a8fe38'
    'HTTP_X_REAL_IP' => '172.18.0.1'
    'HTTP_X_FORWARDED_SERVER' => '617e9e3cc3a1'
    'HTTP_X_FORWARDED_PROTO' => 'https'
    'HTTP_X_FORWARDED_PORT' => '443'
    'HTTP_X_FORWARDED_HOST' => 'derschmuckmacher-v3.ddev.site'
    'HTTP_X_FORWARDED_FOR' => '172.18.0.1'
    'HTTP_X_CSRF_TOKEN' => '••••••••••••••••••••••••••••••••••••••••••••••••••••••••••••••••••••••••••••••••••••••••••••••••••••••••••••'
    'HTTP_TE' => 'trailers'
    'HTTP_SEC_GPC' => '1'
    'HTTP_SEC_FETCH_SITE' => 'same-origin'
    'HTTP_SEC_FETCH_MODE' => 'cors'
    'HTTP_SEC_FETCH_DEST' => 'empty'
    'HTTP_REFERER' => 'https://derschmuckmacher-v3.ddev.site/dW2axQ3b/dashboard'
    'HTTP_COOKIE' => 'cookieconsent_status=allow; CRAFT_CSRF_TOKEN=c46764d17b682367679c529f1043872bbfd294280b0a6b522869cb3868f8a6a6a%3A2%3A%7Bi%3A0%3Bs%3A16%3A%22CRAFT_CSRF_TOKEN%22%3Bi%3A1%3Bs%3A40%3A%22oscGmXtgN7lH1IINFeBh9KwfL0sWDqIBBHQCFaaO%22%3B%7D; CraftSessionId=8dln48qoin5lenmi6jccge1uaf; a8b7b1ec9ffb8baf2c6eaa253fe57112_username=26b9ec8568da68d3882e55afaa5d203483c6c5810ee05b5a55c8a0eb10cab93ea%3A2%3A%7Bi%3A0%3Bs%3A41%3A%22a8b7b1ec9ffb8baf2c6eaa253fe57112_username%22%3Bi%3A1%3Bs%3A8%3A%22odegiuli%22%3B%7D; Craft-3626ffc1-d0a3-42e3-98aa-37e8aa759561_sidebar=expanded'
    'HTTP_ACCEPT_LANGUAGE' => 'de,en-US;q=0.9,en;q=0.8'
    'HTTP_ACCEPT_ENCODING' => 'gzip, deflate, br, zstd'
    'HTTP_ACCEPT' => 'application/json, text/plain, */*'
    'HTTP_USER_AGENT' => 'Mozilla/5.0 (Macintosh; Intel Mac OS X 10.15; rv:150.0) Gecko/20100101 Firefox/150.0'
    'HTTP_HOST' => 'derschmuckmacher-v3.ddev.site'
    'HTTPS' => 'on'
    'REDIRECT_STATUS' => '200'
    'SERVER_NAME' => 'derschmuckmacher-v3.ddev.site'
    'SERVER_PORT' => '80'
    'SERVER_ADDR' => '172.18.0.3'
    'REMOTE_PORT' => '41880'
    'REMOTE_ADDR' => '172.18.0.5'
    'SERVER_SOFTWARE' => 'nginx/1.28.0'
    'GATEWAY_INTERFACE' => 'CGI/1.1'
    'REQUEST_SCHEME' => 'http'
    'SERVER_PROTOCOL' => 'HTTP/1.1'
    'DOCUMENT_ROOT' => '/var/www/html/web'
    'DOCUMENT_URI' => '/index.php'
    'REQUEST_URI' => '/index.php?p=dW2axQ3b%2Factions%2Fusers%2Fsession-info&dontExtendSession=1&v=1778895563610'
    'CONTENT_LENGTH' => ''
    'CONTENT_TYPE' => ''
    'REQUEST_METHOD' => 'GET'
    'QUERY_STRING' => 'p=dW2axQ3b%2Factions%2Fusers%2Fsession-info&dontExtendSession=1&v=1778895563610'
    'SCRIPT_NAME' => '/index.php'
    'SCRIPT_FILENAME' => '/var/www/html/web/index.php'
    'FCGI_ROLE' => 'RESPONDER'
    'PHP_SELF' => '/index.php'
    'REQUEST_TIME_FLOAT' => 1778895563.6344
    'REQUEST_TIME' => 1778895563
    'CRAFT_APP_ID' => 'CraftCMS--3933bc78-29f5-4b79-bcc5-c31faf0fcd20'
    'CRAFT_ENVIRONMENT' => 'dev'
    'ENVIRONMENT' => 'dev'
    'CRAFT_SECURITY_KEY' => '••••••••••••••••••••••••••••••••'
    'CP_TRIGGER' => 'dW2axQ3b'
    'CRAFT_DB_SCHEMA' => 'public'
    'CRAFT_DB_TABLE_PREFIX' => ''
    'DEV_MODE' => 'true'
    'ALLOW_ADMIN_CHANGES' => 'true'
    'DISALLOW_ROBOTS' => 'true'
    'TIMEZONE' => 'Europe/Zurich'
    'CAPTCHA_SITE_KEY' => '••••••••••••••••••••••••••••••••••••••••'
    'CAPTCHA_SECRET_KEY' => '••••••••••••••••••••••••••••••••••••••••'
    'WEB_URL' => 'https://derschmuckmacher-v3.ddev.site'
    'WEB_ROOT' => '/var/www/html/web'
    'ASSETS_BASE_URL' => 'https://derschmuckmacher-v3.ddev.site/public'
    'ASSETS_BASE_PATH' => '/var/www/html/web/public'
    'SCHMUCK_BASE_URL' => 'https://derschmuckmacher-v3.ddev.site/public/uploads/schmuck'
    'SCHMUCK_BASE_PATH' => '/var/www/html/web/public/uploads/schmuck'
    'BILDER_BASE_URL' => 'https://derschmuckmacher-v3.ddev.site/public/uploads/bilder'
    'BILDER_BASE_PATH' => '/var/www/html/web/public/uploads/bilder'
] {"environment":"dev"} 
2026-05-16 03:55:24 [web.INFO] [yii\db\Connection::open] Opening DB connection: mysql:host=db;dbname=db;port=3306 {"memory":1097536} 
2026-05-16 03:55:24 [web.INFO] [yii\web\Session::open] Session started {"memory":1517664} 
2026-05-16 03:55:24 [web.INFO] [nystudio107\codeeditor\CodeEditor::bootstrap] CodeEditor module bootstrapped {"memory":1538632} 
2026-05-16 03:55:24 [web.INFO] [adigital\cookieconsentbanner\CookieConsentBanner::init] Cookie Consent Banner plugin loaded {"memory":1753640} 
2026-05-16 03:55:24 [web.INFO] [miranj\obfuscator\Obfuscator::init] Obfuscator plugin loaded {"memory":2717712} 
2026-05-16 03:55:24 [web.INFO] [application] Request context:
$_GET = [
    'p' => 'dW2axQ3b/actions/users/session-info'
    'dontExtendSession' => '1'
    'v' => '1778896524454'
]

$_POST = []

$_FILES = []

$_COOKIE = [
    'cookieconsent_status' => 'allow'
    'CRAFT_CSRF_TOKEN' => '••••••••••••••••••••••••••••••••••••••••••••••••••••••••••••••••••••••••••••••••••••••••••••••••••••••••••••••••••••••••••••••••••••••••••••••••••••••'
    'CraftSessionId' => '8dln48qoin5lenmi6jccge1uaf'
    'a8b7b1ec9ffb8baf2c6eaa253fe57112_username' => '26b9ec8568da68d3882e55afaa5d203483c6c5810ee05b5a55c8a0eb10cab93ea:2:{i:0;s:41:\"a8b7b1ec9ffb8baf2c6eaa253fe57112_username\";i:1;s:8:\"odegiuli\";}'
    'Craft-3626ffc1-d0a3-42e3-98aa-37e8aa759561_sidebar' => 'expanded'
]

$_SESSION = [
    '22b6a59deafcfb2ffb13c3adf3d98a3b__flash' => []
]

$_SERVER = [
    'DEPLOY_NAME' => 'local'
    'DDEV_WEBSERVER_TYPE' => 'nginx-fpm'
    'npm_config_cache' => '/mnt/ddev-global-cache/npm'
    'COREPACK_ENABLE_DOWNLOAD_PROMPT' => '0'
    'DDEV_GOOS' => 'darwin'
    'IS_DDEV_PROJECT' => 'true'
    'PHP_DEFAULT_VERSION' => '8.3'
    'HOSTNAME' => 'derschmuckmacher-v3-web'
    'MAILPIT_SMTP_PORT' => '1025'
    'MH_SMTP_BIND_ADDR' => '127.0.0.1:1025'
    'DDEV_PRIMARY_URL_WITHOUT_PORT' => 'https://derschmuckmacher-v3.ddev.site'
    'CRAFT_DB_PORT' => '3306'
    'SSH_AUTH_SOCK' => '/home/.ssh-agent/socket'
    'DDEV_GID' => '20'
    'NODE_EXTRA_CA_CERTS' => '/mnt/ddev-global-cache/mkcert/rootCA.pem'
    'DOCKER_IP' => '127.0.0.1'
    'PGPASSWORD' => 'db'
    'CRAFT_WEB_ROOT' => '/var/www/html/web'
    'DDEV_DOCROOT' => 'web'
    'PWD' => '/var/www/html'
    'PLATFORMSH_CLI_UPDATES_CHECK' => '0'
    'DDEV_APPROOT' => '/var/www/html'
    'DDEV_FILES_DIR' => ''
    'START_SCRIPT_TIMEOUT' => '57'
    'APACHE_SITE_TEMPLATE' => '/etc/apache2/apache-site.conf'
    'PHP_INI' => '/etc/php/8.3/fpm/php.ini'
    'DDEV_VERSION' => 'v1.24.10'
    'PRIMARY_SITE_URL' => 'https://derschmuckmacher-v3.ddev.site'
    'TZ' => 'Europe/Zurich'
    'DDEV_XHPROF_MODE' => 'prepend'
    'HTTPS_EXPOSE' => '443:80,8026:8025'
    'COREPACK_HOME' => '/mnt/ddev-global-cache/corepack'
    'CRAFT_DB_DATABASE' => 'db'
    'DDEV_PRIMARY_URL' => 'https://derschmuckmacher-v3.ddev.site'
    'LINES' => '6'
    'DDEV_SITENAME' => 'derschmuckmacher-v3'
    'HOME' => '/home/omar'
    'DRUSH_OPTIONS_URI' => 'https://derschmuckmacher-v3.ddev.site'
    'LANG' => 'C.UTF-8'
    'COLUMNS' => '371'
    'DDEV_MUTAGEN_ENABLED' => 'true'
    'DDEV_USER' => 'omar'
    'PGUSER' => 'db'
    'TERMINUS_CACHE_DIR' => '/mnt/ddev-global-cache/terminus/cache'
    'DDEV_PRIMARY_URL_PORT' => '443'
    'DDEV_ROUTER_HTTP_PORT' => '80'
    'MAILPIT_SMTP_HOSTNAME' => '127.0.0.1'
    'CRAFT_DB_DRIVER' => 'mysql'
    'COMPOSER_PROCESS_TIMEOUT' => '2000'
    'NGINX_SITE_TEMPLATE' => '/etc/nginx/nginx-site.conf'
    'DDEV_FILES_DIRS' => ''
    'CRAFT_DB_SERVER' => 'db'
    'HTTP_EXPOSE' => '80:80,8025:8025'
    'NVM_DIR' => '/home/omar/.nvm'
    'DDEV_PHP_VERSION' => '8.3'
    'DDEV_TLD' => 'ddev.site'
    'DDEV_HOSTNAME' => 'derschmuckmacher-v3.ddev.site'
    'DDEV_PROJECT' => 'derschmuckmacher-v3'
    'DDEV_GOARCH' => 'arm64'
    'VIRTUAL_HOST' => 'derschmuckmacher-v3.ddev.site'
    'TERM' => 'xterm'
    'USER' => 'omar'
    'MYSQL_HISTFILE' => '/mnt/ddev-global-cache/mysqlhistory/derschmuckmacher-v3-web/mysql_history'
    'DDEV_WEB_ENTRYPOINT' => '/mnt/ddev_config/web-entrypoint.d'
    'DDEV_UID' => '501'
    'CAROOT' => '/mnt/ddev-global-cache/mkcert'
    'SHLVL' => '1'
    'COMPOSER_ALLOW_SUPERUSER' => '1'
    'BASH_ENV' => '/etc/bash.nointeractive.bashrc'
    'DDEV_DATABASE' => 'mysql:8.0'
    'PGDATABASE' => 'db'
    'CRAFT_DB_USER' => 'db'
    'DDEV_SCHEME' => 'https'
    'XHPROF_OUTPUT_DIR' => '/tmp/xhprof'
    'COMPOSER_CACHE_DIR' => '/mnt/ddev-global-cache/composer'
    'DDEV_XDEBUG_ENABLED' => 'false'
    'DDEV_DATABASE_FAMILY' => 'mysql'
    'PGHOST' => 'db'
    'DDEV_COMPOSER_ROOT' => '/var/www/html'
    'CRAFT_DB_PASSWORD' => '••'
    'DOCROOT' => 'web'
    'TERMINUS_HIDE_UPDATE_MESSAGE' => '1'
    'PATH' => '/home/omar/bin:/var/www/html/vendor/bin:/usr/local/sbin:/usr/local/bin:/usr/sbin:/usr/bin:/sbin:/bin:/var/www/html/bin:/mnt/ddev-global-cache/global-commands/web'
    'HOST_DOCKER_INTERNAL_IP' => ''
    'DDEV_PROJECT_TYPE' => 'craftcms'
    'DEBIAN_FRONTEND' => 'noninteractive'
    'DDEV_ROUTER_HTTPS_PORT' => '443'
    'EXECIGNORE' => '/var/www/html/vendor/bin/composer'
    'SUPERVISOR_ENABLED' => '1'
    'SUPERVISOR_SERVER_URL' => 'unix:///var/run/supervisor.sock'
    'SUPERVISOR_PROCESS_NAME' => 'php-fpm'
    'SUPERVISOR_GROUP_NAME' => 'php-fpm'
    'HTTP_X_REQUESTED_WITH' => 'XMLHttpRequest'
    'HTTP_X_REGISTERED_JS_FILES' => ''
    'HTTP_X_REGISTERED_ASSET_BUNDLES' => 'e38a2e07,22e517a2,aee7f8dc,26c46c25,e505ffd6,6b4d7555,bb2f10a0,e5e48399,815d39ea,fc0bc163,1ccab40d,1e21896b,54698ee0,b842675b,1c3c9add,4b1fd285,d8d08e47,8f00ce04,8768f48b,cf3018d6,ec6d0256,11858fc6,8550f857,6f12186f,c7a8fe38'
    'HTTP_X_REAL_IP' => '172.18.0.1'
    'HTTP_X_FORWARDED_SERVER' => '617e9e3cc3a1'
    'HTTP_X_FORWARDED_PROTO' => 'https'
    'HTTP_X_FORWARDED_PORT' => '443'
    'HTTP_X_FORWARDED_HOST' => 'derschmuckmacher-v3.ddev.site'
    'HTTP_X_FORWARDED_FOR' => '172.18.0.1'
    'HTTP_X_CSRF_TOKEN' => '••••••••••••••••••••••••••••••••••••••••••••••••••••••••••••••••••••••••••••••••••••••••••••••••••••••••••••'
    'HTTP_TE' => 'trailers'
    'HTTP_SEC_GPC' => '1'
    'HTTP_SEC_FETCH_SITE' => 'same-origin'
    'HTTP_SEC_FETCH_MODE' => 'cors'
    'HTTP_SEC_FETCH_DEST' => 'empty'
    'HTTP_REFERER' => 'https://derschmuckmacher-v3.ddev.site/dW2axQ3b/dashboard'
    'HTTP_COOKIE' => 'cookieconsent_status=allow; CRAFT_CSRF_TOKEN=c46764d17b682367679c529f1043872bbfd294280b0a6b522869cb3868f8a6a6a%3A2%3A%7Bi%3A0%3Bs%3A16%3A%22CRAFT_CSRF_TOKEN%22%3Bi%3A1%3Bs%3A40%3A%22oscGmXtgN7lH1IINFeBh9KwfL0sWDqIBBHQCFaaO%22%3B%7D; CraftSessionId=8dln48qoin5lenmi6jccge1uaf; a8b7b1ec9ffb8baf2c6eaa253fe57112_username=26b9ec8568da68d3882e55afaa5d203483c6c5810ee05b5a55c8a0eb10cab93ea%3A2%3A%7Bi%3A0%3Bs%3A41%3A%22a8b7b1ec9ffb8baf2c6eaa253fe57112_username%22%3Bi%3A1%3Bs%3A8%3A%22odegiuli%22%3B%7D; Craft-3626ffc1-d0a3-42e3-98aa-37e8aa759561_sidebar=expanded'
    'HTTP_ACCEPT_LANGUAGE' => 'de,en-US;q=0.9,en;q=0.8'
    'HTTP_ACCEPT_ENCODING' => 'gzip, deflate, br, zstd'
    'HTTP_ACCEPT' => 'application/json, text/plain, */*'
    'HTTP_USER_AGENT' => 'Mozilla/5.0 (Macintosh; Intel Mac OS X 10.15; rv:150.0) Gecko/20100101 Firefox/150.0'
    'HTTP_HOST' => 'derschmuckmacher-v3.ddev.site'
    'HTTPS' => 'on'
    'REDIRECT_STATUS' => '200'
    'SERVER_NAME' => 'derschmuckmacher-v3.ddev.site'
    'SERVER_PORT' => '80'
    'SERVER_ADDR' => '172.18.0.3'
    'REMOTE_PORT' => '55702'
    'REMOTE_ADDR' => '172.18.0.5'
    'SERVER_SOFTWARE' => 'nginx/1.28.0'
    'GATEWAY_INTERFACE' => 'CGI/1.1'
    'REQUEST_SCHEME' => 'http'
    'SERVER_PROTOCOL' => 'HTTP/1.1'
    'DOCUMENT_ROOT' => '/var/www/html/web'
    'DOCUMENT_URI' => '/index.php'
    'REQUEST_URI' => '/index.php?p=dW2axQ3b%2Factions%2Fusers%2Fsession-info&dontExtendSession=1&v=1778896524454'
    'CONTENT_LENGTH' => ''
    'CONTENT_TYPE' => ''
    'REQUEST_METHOD' => 'GET'
    'QUERY_STRING' => 'p=dW2axQ3b%2Factions%2Fusers%2Fsession-info&dontExtendSession=1&v=1778896524454'
    'SCRIPT_NAME' => '/index.php'
    'SCRIPT_FILENAME' => '/var/www/html/web/index.php'
    'FCGI_ROLE' => 'RESPONDER'
    'PHP_SELF' => '/index.php'
    'REQUEST_TIME_FLOAT' => 1778896524.4743
    'REQUEST_TIME' => 1778896524
    'CRAFT_APP_ID' => 'CraftCMS--3933bc78-29f5-4b79-bcc5-c31faf0fcd20'
    'CRAFT_ENVIRONMENT' => 'dev'
    'ENVIRONMENT' => 'dev'
    'CRAFT_SECURITY_KEY' => '••••••••••••••••••••••••••••••••'
    'CP_TRIGGER' => 'dW2axQ3b'
    'CRAFT_DB_SCHEMA' => 'public'
    'CRAFT_DB_TABLE_PREFIX' => ''
    'DEV_MODE' => 'true'
    'ALLOW_ADMIN_CHANGES' => 'true'
    'DISALLOW_ROBOTS' => 'true'
    'TIMEZONE' => 'Europe/Zurich'
    'CAPTCHA_SITE_KEY' => '••••••••••••••••••••••••••••••••••••••••'
    'CAPTCHA_SECRET_KEY' => '••••••••••••••••••••••••••••••••••••••••'
    'WEB_URL' => 'https://derschmuckmacher-v3.ddev.site'
    'WEB_ROOT' => '/var/www/html/web'
    'ASSETS_BASE_URL' => 'https://derschmuckmacher-v3.ddev.site/public'
    'ASSETS_BASE_PATH' => '/var/www/html/web/public'
    'SCHMUCK_BASE_URL' => 'https://derschmuckmacher-v3.ddev.site/public/uploads/schmuck'
    'SCHMUCK_BASE_PATH' => '/var/www/html/web/public/uploads/schmuck'
    'BILDER_BASE_URL' => 'https://derschmuckmacher-v3.ddev.site/public/uploads/bilder'
    'BILDER_BASE_PATH' => '/var/www/html/web/public/uploads/bilder'
] {"environment":"dev"} 
2026-05-16 04:11:30 [web.INFO] [yii\db\Connection::open] Opening DB connection: mysql:host=db;dbname=db;port=3306 {"memory":1097536} 
2026-05-16 04:11:30 [web.INFO] [yii\web\Session::open] Session started {"memory":1517664} 
2026-05-16 04:11:30 [web.INFO] [nystudio107\codeeditor\CodeEditor::bootstrap] CodeEditor module bootstrapped {"memory":1538632} 
2026-05-16 04:11:30 [web.INFO] [adigital\cookieconsentbanner\CookieConsentBanner::init] Cookie Consent Banner plugin loaded {"memory":1753640} 
2026-05-16 04:11:30 [web.INFO] [miranj\obfuscator\Obfuscator::init] Obfuscator plugin loaded {"memory":2719640} 
2026-05-16 04:11:30 [web.INFO] [application] Request context:
$_GET = [
    'p' => 'dW2axQ3b/actions/users/session-info'
    'dontExtendSession' => '1'
    'v' => '1778897490599'
]

$_POST = []

$_FILES = []

$_COOKIE = [
    'cookieconsent_status' => 'allow'
    'CRAFT_CSRF_TOKEN' => '••••••••••••••••••••••••••••••••••••••••••••••••••••••••••••••••••••••••••••••••••••••••••••••••••••••••••••••••••••••••••••••••••••••••••••••••••••••'
    'CraftSessionId' => '8dln48qoin5lenmi6jccge1uaf'
    'a8b7b1ec9ffb8baf2c6eaa253fe57112_username' => '26b9ec8568da68d3882e55afaa5d203483c6c5810ee05b5a55c8a0eb10cab93ea:2:{i:0;s:41:\"a8b7b1ec9ffb8baf2c6eaa253fe57112_username\";i:1;s:8:\"odegiuli\";}'
    'Craft-3626ffc1-d0a3-42e3-98aa-37e8aa759561_sidebar' => 'expanded'
]

$_SESSION = [
    '22b6a59deafcfb2ffb13c3adf3d98a3b__flash' => []
]

$_SERVER = [
    'DEPLOY_NAME' => 'local'
    'DDEV_WEBSERVER_TYPE' => 'nginx-fpm'
    'npm_config_cache' => '/mnt/ddev-global-cache/npm'
    'COREPACK_ENABLE_DOWNLOAD_PROMPT' => '0'
    'DDEV_GOOS' => 'darwin'
    'IS_DDEV_PROJECT' => 'true'
    'PHP_DEFAULT_VERSION' => '8.3'
    'HOSTNAME' => 'derschmuckmacher-v3-web'
    'MAILPIT_SMTP_PORT' => '1025'
    'MH_SMTP_BIND_ADDR' => '127.0.0.1:1025'
    'DDEV_PRIMARY_URL_WITHOUT_PORT' => 'https://derschmuckmacher-v3.ddev.site'
    'CRAFT_DB_PORT' => '3306'
    'SSH_AUTH_SOCK' => '/home/.ssh-agent/socket'
    'DDEV_GID' => '20'
    'NODE_EXTRA_CA_CERTS' => '/mnt/ddev-global-cache/mkcert/rootCA.pem'
    'DOCKER_IP' => '127.0.0.1'
    'PGPASSWORD' => 'db'
    'CRAFT_WEB_ROOT' => '/var/www/html/web'
    'DDEV_DOCROOT' => 'web'
    'PWD' => '/var/www/html'
    'PLATFORMSH_CLI_UPDATES_CHECK' => '0'
    'DDEV_APPROOT' => '/var/www/html'
    'DDEV_FILES_DIR' => ''
    'START_SCRIPT_TIMEOUT' => '57'
    'APACHE_SITE_TEMPLATE' => '/etc/apache2/apache-site.conf'
    'PHP_INI' => '/etc/php/8.3/fpm/php.ini'
    'DDEV_VERSION' => 'v1.24.10'
    'PRIMARY_SITE_URL' => 'https://derschmuckmacher-v3.ddev.site'
    'TZ' => 'Europe/Zurich'
    'DDEV_XHPROF_MODE' => 'prepend'
    'HTTPS_EXPOSE' => '443:80,8026:8025'
    'COREPACK_HOME' => '/mnt/ddev-global-cache/corepack'
    'CRAFT_DB_DATABASE' => 'db'
    'DDEV_PRIMARY_URL' => 'https://derschmuckmacher-v3.ddev.site'
    'LINES' => '6'
    'DDEV_SITENAME' => 'derschmuckmacher-v3'
    'HOME' => '/home/omar'
    'DRUSH_OPTIONS_URI' => 'https://derschmuckmacher-v3.ddev.site'
    'LANG' => 'C.UTF-8'
    'COLUMNS' => '371'
    'DDEV_MUTAGEN_ENABLED' => 'true'
    'DDEV_USER' => 'omar'
    'PGUSER' => 'db'
    'TERMINUS_CACHE_DIR' => '/mnt/ddev-global-cache/terminus/cache'
    'DDEV_PRIMARY_URL_PORT' => '443'
    'DDEV_ROUTER_HTTP_PORT' => '80'
    'MAILPIT_SMTP_HOSTNAME' => '127.0.0.1'
    'CRAFT_DB_DRIVER' => 'mysql'
    'COMPOSER_PROCESS_TIMEOUT' => '2000'
    'NGINX_SITE_TEMPLATE' => '/etc/nginx/nginx-site.conf'
    'DDEV_FILES_DIRS' => ''
    'CRAFT_DB_SERVER' => 'db'
    'HTTP_EXPOSE' => '80:80,8025:8025'
    'NVM_DIR' => '/home/omar/.nvm'
    'DDEV_PHP_VERSION' => '8.3'
    'DDEV_TLD' => 'ddev.site'
    'DDEV_HOSTNAME' => 'derschmuckmacher-v3.ddev.site'
    'DDEV_PROJECT' => 'derschmuckmacher-v3'
    'DDEV_GOARCH' => 'arm64'
    'VIRTUAL_HOST' => 'derschmuckmacher-v3.ddev.site'
    'TERM' => 'xterm'
    'USER' => 'omar'
    'MYSQL_HISTFILE' => '/mnt/ddev-global-cache/mysqlhistory/derschmuckmacher-v3-web/mysql_history'
    'DDEV_WEB_ENTRYPOINT' => '/mnt/ddev_config/web-entrypoint.d'
    'DDEV_UID' => '501'
    'CAROOT' => '/mnt/ddev-global-cache/mkcert'
    'SHLVL' => '1'
    'COMPOSER_ALLOW_SUPERUSER' => '1'
    'BASH_ENV' => '/etc/bash.nointeractive.bashrc'
    'DDEV_DATABASE' => 'mysql:8.0'
    'PGDATABASE' => 'db'
    'CRAFT_DB_USER' => 'db'
    'DDEV_SCHEME' => 'https'
    'XHPROF_OUTPUT_DIR' => '/tmp/xhprof'
    'COMPOSER_CACHE_DIR' => '/mnt/ddev-global-cache/composer'
    'DDEV_XDEBUG_ENABLED' => 'false'
    'DDEV_DATABASE_FAMILY' => 'mysql'
    'PGHOST' => 'db'
    'DDEV_COMPOSER_ROOT' => '/var/www/html'
    'CRAFT_DB_PASSWORD' => '••'
    'DOCROOT' => 'web'
    'TERMINUS_HIDE_UPDATE_MESSAGE' => '1'
    'PATH' => '/home/omar/bin:/var/www/html/vendor/bin:/usr/local/sbin:/usr/local/bin:/usr/sbin:/usr/bin:/sbin:/bin:/var/www/html/bin:/mnt/ddev-global-cache/global-commands/web'
    'HOST_DOCKER_INTERNAL_IP' => ''
    'DDEV_PROJECT_TYPE' => 'craftcms'
    'DEBIAN_FRONTEND' => 'noninteractive'
    'DDEV_ROUTER_HTTPS_PORT' => '443'
    'EXECIGNORE' => '/var/www/html/vendor/bin/composer'
    'SUPERVISOR_ENABLED' => '1'
    'SUPERVISOR_SERVER_URL' => 'unix:///var/run/supervisor.sock'
    'SUPERVISOR_PROCESS_NAME' => 'php-fpm'
    'SUPERVISOR_GROUP_NAME' => 'php-fpm'
    'HTTP_X_REQUESTED_WITH' => 'XMLHttpRequest'
    'HTTP_X_REGISTERED_JS_FILES' => ''
    'HTTP_X_REGISTERED_ASSET_BUNDLES' => 'e38a2e07,22e517a2,aee7f8dc,26c46c25,e505ffd6,6b4d7555,bb2f10a0,e5e48399,815d39ea,fc0bc163,1ccab40d,1e21896b,54698ee0,b842675b,1c3c9add,4b1fd285,d8d08e47,8f00ce04,8768f48b,cf3018d6,ec6d0256,11858fc6,8550f857,6f12186f,c7a8fe38'
    'HTTP_X_REAL_IP' => '172.18.0.1'
    'HTTP_X_FORWARDED_SERVER' => '617e9e3cc3a1'
    'HTTP_X_FORWARDED_PROTO' => 'https'
    'HTTP_X_FORWARDED_PORT' => '443'
    'HTTP_X_FORWARDED_HOST' => 'derschmuckmacher-v3.ddev.site'
    'HTTP_X_FORWARDED_FOR' => '172.18.0.1'
    'HTTP_X_CSRF_TOKEN' => '••••••••••••••••••••••••••••••••••••••••••••••••••••••••••••••••••••••••••••••••••••••••••••••••••••••••••••'
    'HTTP_TE' => 'trailers'
    'HTTP_SEC_GPC' => '1'
    'HTTP_SEC_FETCH_SITE' => 'same-origin'
    'HTTP_SEC_FETCH_MODE' => 'cors'
    'HTTP_SEC_FETCH_DEST' => 'empty'
    'HTTP_REFERER' => 'https://derschmuckmacher-v3.ddev.site/dW2axQ3b/dashboard'
    'HTTP_COOKIE' => 'cookieconsent_status=allow; CRAFT_CSRF_TOKEN=c46764d17b682367679c529f1043872bbfd294280b0a6b522869cb3868f8a6a6a%3A2%3A%7Bi%3A0%3Bs%3A16%3A%22CRAFT_CSRF_TOKEN%22%3Bi%3A1%3Bs%3A40%3A%22oscGmXtgN7lH1IINFeBh9KwfL0sWDqIBBHQCFaaO%22%3B%7D; CraftSessionId=8dln48qoin5lenmi6jccge1uaf; a8b7b1ec9ffb8baf2c6eaa253fe57112_username=26b9ec8568da68d3882e55afaa5d203483c6c5810ee05b5a55c8a0eb10cab93ea%3A2%3A%7Bi%3A0%3Bs%3A41%3A%22a8b7b1ec9ffb8baf2c6eaa253fe57112_username%22%3Bi%3A1%3Bs%3A8%3A%22odegiuli%22%3B%7D; Craft-3626ffc1-d0a3-42e3-98aa-37e8aa759561_sidebar=expanded'
    'HTTP_ACCEPT_LANGUAGE' => 'de,en-US;q=0.9,en;q=0.8'
    'HTTP_ACCEPT_ENCODING' => 'gzip, deflate, br, zstd'
    'HTTP_ACCEPT' => 'application/json, text/plain, */*'
    'HTTP_USER_AGENT' => 'Mozilla/5.0 (Macintosh; Intel Mac OS X 10.15; rv:150.0) Gecko/20100101 Firefox/150.0'
    'HTTP_HOST' => 'derschmuckmacher-v3.ddev.site'
    'HTTPS' => 'on'
    'REDIRECT_STATUS' => '200'
    'SERVER_NAME' => 'derschmuckmacher-v3.ddev.site'
    'SERVER_PORT' => '80'
    'SERVER_ADDR' => '172.18.0.3'
    'REMOTE_PORT' => '49794'
    'REMOTE_ADDR' => '172.18.0.5'
    'SERVER_SOFTWARE' => 'nginx/1.28.0'
    'GATEWAY_INTERFACE' => 'CGI/1.1'
    'REQUEST_SCHEME' => 'http'
    'SERVER_PROTOCOL' => 'HTTP/1.1'
    'DOCUMENT_ROOT' => '/var/www/html/web'
    'DOCUMENT_URI' => '/index.php'
    'REQUEST_URI' => '/index.php?p=dW2axQ3b%2Factions%2Fusers%2Fsession-info&dontExtendSession=1&v=1778897490599'
    'CONTENT_LENGTH' => ''
    'CONTENT_TYPE' => ''
    'REQUEST_METHOD' => 'GET'
    'QUERY_STRING' => 'p=dW2axQ3b%2Factions%2Fusers%2Fsession-info&dontExtendSession=1&v=1778897490599'
    'SCRIPT_NAME' => '/index.php'
    'SCRIPT_FILENAME' => '/var/www/html/web/index.php'
    'FCGI_ROLE' => 'RESPONDER'
    'PHP_SELF' => '/index.php'
    'REQUEST_TIME_FLOAT' => 1778897490.614
    'REQUEST_TIME' => 1778897490
    'CRAFT_APP_ID' => 'CraftCMS--3933bc78-29f5-4b79-bcc5-c31faf0fcd20'
    'CRAFT_ENVIRONMENT' => 'dev'
    'ENVIRONMENT' => 'dev'
    'CRAFT_SECURITY_KEY' => '••••••••••••••••••••••••••••••••'
    'CP_TRIGGER' => 'dW2axQ3b'
    'CRAFT_DB_SCHEMA' => 'public'
    'CRAFT_DB_TABLE_PREFIX' => ''
    'DEV_MODE' => 'true'
    'ALLOW_ADMIN_CHANGES' => 'true'
    'DISALLOW_ROBOTS' => 'true'
    'TIMEZONE' => 'Europe/Zurich'
    'CAPTCHA_SITE_KEY' => '••••••••••••••••••••••••••••••••••••••••'
    'CAPTCHA_SECRET_KEY' => '••••••••••••••••••••••••••••••••••••••••'
    'WEB_URL' => 'https://derschmuckmacher-v3.ddev.site'
    'WEB_ROOT' => '/var/www/html/web'
    'ASSETS_BASE_URL' => 'https://derschmuckmacher-v3.ddev.site/public'
    'ASSETS_BASE_PATH' => '/var/www/html/web/public'
    'SCHMUCK_BASE_URL' => 'https://derschmuckmacher-v3.ddev.site/public/uploads/schmuck'
    'SCHMUCK_BASE_PATH' => '/var/www/html/web/public/uploads/schmuck'
    'BILDER_BASE_URL' => 'https://derschmuckmacher-v3.ddev.site/public/uploads/bilder'
    'BILDER_BASE_PATH' => '/var/www/html/web/public/uploads/bilder'
] {"environment":"dev"} 
2026-05-16 04:24:20 [web.INFO] [yii\db\Connection::open] Opening DB connection: mysql:host=db;dbname=db;port=3306 {"memory":1097536} 
2026-05-16 04:24:20 [web.INFO] [yii\web\Session::open] Session started {"memory":1517664} 
2026-05-16 04:24:20 [web.INFO] [nystudio107\codeeditor\CodeEditor::bootstrap] CodeEditor module bootstrapped {"memory":1538632} 
2026-05-16 04:24:20 [web.INFO] [adigital\cookieconsentbanner\CookieConsentBanner::init] Cookie Consent Banner plugin loaded {"memory":1753640} 
2026-05-16 04:24:20 [web.INFO] [miranj\obfuscator\Obfuscator::init] Obfuscator plugin loaded {"memory":2717712} 
2026-05-16 04:24:20 [web.INFO] [application] Request context:
$_GET = [
    'p' => 'dW2axQ3b/actions/users/session-info'
    'dontExtendSession' => '1'
    'v' => '1778898259959'
]

$_POST = []

$_FILES = []

$_COOKIE = [
    'cookieconsent_status' => 'allow'
    'CRAFT_CSRF_TOKEN' => '••••••••••••••••••••••••••••••••••••••••••••••••••••••••••••••••••••••••••••••••••••••••••••••••••••••••••••••••••••••••••••••••••••••••••••••••••••••'
    'CraftSessionId' => '8dln48qoin5lenmi6jccge1uaf'
    'a8b7b1ec9ffb8baf2c6eaa253fe57112_username' => '26b9ec8568da68d3882e55afaa5d203483c6c5810ee05b5a55c8a0eb10cab93ea:2:{i:0;s:41:\"a8b7b1ec9ffb8baf2c6eaa253fe57112_username\";i:1;s:8:\"odegiuli\";}'
    'Craft-3626ffc1-d0a3-42e3-98aa-37e8aa759561_sidebar' => 'expanded'
]

$_SESSION = [
    '22b6a59deafcfb2ffb13c3adf3d98a3b__flash' => []
]

$_SERVER = [
    'DEPLOY_NAME' => 'local'
    'DDEV_WEBSERVER_TYPE' => 'nginx-fpm'
    'npm_config_cache' => '/mnt/ddev-global-cache/npm'
    'COREPACK_ENABLE_DOWNLOAD_PROMPT' => '0'
    'DDEV_GOOS' => 'darwin'
    'IS_DDEV_PROJECT' => 'true'
    'PHP_DEFAULT_VERSION' => '8.3'
    'HOSTNAME' => 'derschmuckmacher-v3-web'
    'MAILPIT_SMTP_PORT' => '1025'
    'MH_SMTP_BIND_ADDR' => '127.0.0.1:1025'
    'DDEV_PRIMARY_URL_WITHOUT_PORT' => 'https://derschmuckmacher-v3.ddev.site'
    'CRAFT_DB_PORT' => '3306'
    'SSH_AUTH_SOCK' => '/home/.ssh-agent/socket'
    'DDEV_GID' => '20'
    'NODE_EXTRA_CA_CERTS' => '/mnt/ddev-global-cache/mkcert/rootCA.pem'
    'DOCKER_IP' => '127.0.0.1'
    'PGPASSWORD' => 'db'
    'CRAFT_WEB_ROOT' => '/var/www/html/web'
    'DDEV_DOCROOT' => 'web'
    'PWD' => '/var/www/html'
    'PLATFORMSH_CLI_UPDATES_CHECK' => '0'
    'DDEV_APPROOT' => '/var/www/html'
    'DDEV_FILES_DIR' => ''
    'START_SCRIPT_TIMEOUT' => '57'
    'APACHE_SITE_TEMPLATE' => '/etc/apache2/apache-site.conf'
    'PHP_INI' => '/etc/php/8.3/fpm/php.ini'
    'DDEV_VERSION' => 'v1.24.10'
    'PRIMARY_SITE_URL' => 'https://derschmuckmacher-v3.ddev.site'
    'TZ' => 'Europe/Zurich'
    'DDEV_XHPROF_MODE' => 'prepend'
    'HTTPS_EXPOSE' => '443:80,8026:8025'
    'COREPACK_HOME' => '/mnt/ddev-global-cache/corepack'
    'CRAFT_DB_DATABASE' => 'db'
    'DDEV_PRIMARY_URL' => 'https://derschmuckmacher-v3.ddev.site'
    'LINES' => '6'
    'DDEV_SITENAME' => 'derschmuckmacher-v3'
    'HOME' => '/home/omar'
    'DRUSH_OPTIONS_URI' => 'https://derschmuckmacher-v3.ddev.site'
    'LANG' => 'C.UTF-8'
    'COLUMNS' => '371'
    'DDEV_MUTAGEN_ENABLED' => 'true'
    'DDEV_USER' => 'omar'
    'PGUSER' => 'db'
    'TERMINUS_CACHE_DIR' => '/mnt/ddev-global-cache/terminus/cache'
    'DDEV_PRIMARY_URL_PORT' => '443'
    'DDEV_ROUTER_HTTP_PORT' => '80'
    'MAILPIT_SMTP_HOSTNAME' => '127.0.0.1'
    'CRAFT_DB_DRIVER' => 'mysql'
    'COMPOSER_PROCESS_TIMEOUT' => '2000'
    'NGINX_SITE_TEMPLATE' => '/etc/nginx/nginx-site.conf'
    'DDEV_FILES_DIRS' => ''
    'CRAFT_DB_SERVER' => 'db'
    'HTTP_EXPOSE' => '80:80,8025:8025'
    'NVM_DIR' => '/home/omar/.nvm'
    'DDEV_PHP_VERSION' => '8.3'
    'DDEV_TLD' => 'ddev.site'
    'DDEV_HOSTNAME' => 'derschmuckmacher-v3.ddev.site'
    'DDEV_PROJECT' => 'derschmuckmacher-v3'
    'DDEV_GOARCH' => 'arm64'
    'VIRTUAL_HOST' => 'derschmuckmacher-v3.ddev.site'
    'TERM' => 'xterm'
    'USER' => 'omar'
    'MYSQL_HISTFILE' => '/mnt/ddev-global-cache/mysqlhistory/derschmuckmacher-v3-web/mysql_history'
    'DDEV_WEB_ENTRYPOINT' => '/mnt/ddev_config/web-entrypoint.d'
    'DDEV_UID' => '501'
    'CAROOT' => '/mnt/ddev-global-cache/mkcert'
    'SHLVL' => '1'
    'COMPOSER_ALLOW_SUPERUSER' => '1'
    'BASH_ENV' => '/etc/bash.nointeractive.bashrc'
    'DDEV_DATABASE' => 'mysql:8.0'
    'PGDATABASE' => 'db'
    'CRAFT_DB_USER' => 'db'
    'DDEV_SCHEME' => 'https'
    'XHPROF_OUTPUT_DIR' => '/tmp/xhprof'
    'COMPOSER_CACHE_DIR' => '/mnt/ddev-global-cache/composer'
    'DDEV_XDEBUG_ENABLED' => 'false'
    'DDEV_DATABASE_FAMILY' => 'mysql'
    'PGHOST' => 'db'
    'DDEV_COMPOSER_ROOT' => '/var/www/html'
    'CRAFT_DB_PASSWORD' => '••'
    'DOCROOT' => 'web'
    'TERMINUS_HIDE_UPDATE_MESSAGE' => '1'
    'PATH' => '/home/omar/bin:/var/www/html/vendor/bin:/usr/local/sbin:/usr/local/bin:/usr/sbin:/usr/bin:/sbin:/bin:/var/www/html/bin:/mnt/ddev-global-cache/global-commands/web'
    'HOST_DOCKER_INTERNAL_IP' => ''
    'DDEV_PROJECT_TYPE' => 'craftcms'
    'DEBIAN_FRONTEND' => 'noninteractive'
    'DDEV_ROUTER_HTTPS_PORT' => '443'
    'EXECIGNORE' => '/var/www/html/vendor/bin/composer'
    'SUPERVISOR_ENABLED' => '1'
    'SUPERVISOR_SERVER_URL' => 'unix:///var/run/supervisor.sock'
    'SUPERVISOR_PROCESS_NAME' => 'php-fpm'
    'SUPERVISOR_GROUP_NAME' => 'php-fpm'
    'HTTP_X_REQUESTED_WITH' => 'XMLHttpRequest'
    'HTTP_X_REGISTERED_JS_FILES' => ''
    'HTTP_X_REGISTERED_ASSET_BUNDLES' => 'e38a2e07,22e517a2,aee7f8dc,26c46c25,e505ffd6,6b4d7555,bb2f10a0,e5e48399,815d39ea,fc0bc163,1ccab40d,1e21896b,54698ee0,b842675b,1c3c9add,4b1fd285,d8d08e47,8f00ce04,8768f48b,cf3018d6,ec6d0256,11858fc6,8550f857,6f12186f,c7a8fe38'
    'HTTP_X_REAL_IP' => '172.18.0.1'
    'HTTP_X_FORWARDED_SERVER' => '617e9e3cc3a1'
    'HTTP_X_FORWARDED_PROTO' => 'https'
    'HTTP_X_FORWARDED_PORT' => '443'
    'HTTP_X_FORWARDED_HOST' => 'derschmuckmacher-v3.ddev.site'
    'HTTP_X_FORWARDED_FOR' => '172.18.0.1'
    'HTTP_X_CSRF_TOKEN' => '••••••••••••••••••••••••••••••••••••••••••••••••••••••••••••••••••••••••••••••••••••••••••••••••••••••••••••'
    'HTTP_TE' => 'trailers'
    'HTTP_SEC_GPC' => '1'
    'HTTP_SEC_FETCH_SITE' => 'same-origin'
    'HTTP_SEC_FETCH_MODE' => 'cors'
    'HTTP_SEC_FETCH_DEST' => 'empty'
    'HTTP_REFERER' => 'https://derschmuckmacher-v3.ddev.site/dW2axQ3b/dashboard'
    'HTTP_COOKIE' => 'cookieconsent_status=allow; CRAFT_CSRF_TOKEN=c46764d17b682367679c529f1043872bbfd294280b0a6b522869cb3868f8a6a6a%3A2%3A%7Bi%3A0%3Bs%3A16%3A%22CRAFT_CSRF_TOKEN%22%3Bi%3A1%3Bs%3A40%3A%22oscGmXtgN7lH1IINFeBh9KwfL0sWDqIBBHQCFaaO%22%3B%7D; CraftSessionId=8dln48qoin5lenmi6jccge1uaf; a8b7b1ec9ffb8baf2c6eaa253fe57112_username=26b9ec8568da68d3882e55afaa5d203483c6c5810ee05b5a55c8a0eb10cab93ea%3A2%3A%7Bi%3A0%3Bs%3A41%3A%22a8b7b1ec9ffb8baf2c6eaa253fe57112_username%22%3Bi%3A1%3Bs%3A8%3A%22odegiuli%22%3B%7D; Craft-3626ffc1-d0a3-42e3-98aa-37e8aa759561_sidebar=expanded'
    'HTTP_ACCEPT_LANGUAGE' => 'de,en-US;q=0.9,en;q=0.8'
    'HTTP_ACCEPT_ENCODING' => 'gzip, deflate, br, zstd'
    'HTTP_ACCEPT' => 'application/json, text/plain, */*'
    'HTTP_USER_AGENT' => 'Mozilla/5.0 (Macintosh; Intel Mac OS X 10.15; rv:150.0) Gecko/20100101 Firefox/150.0'
    'HTTP_HOST' => 'derschmuckmacher-v3.ddev.site'
    'HTTPS' => 'on'
    'REDIRECT_STATUS' => '200'
    'SERVER_NAME' => 'derschmuckmacher-v3.ddev.site'
    'SERVER_PORT' => '80'
    'SERVER_ADDR' => '172.18.0.3'
    'REMOTE_PORT' => '58350'
    'REMOTE_ADDR' => '172.18.0.5'
    'SERVER_SOFTWARE' => 'nginx/1.28.0'
    'GATEWAY_INTERFACE' => 'CGI/1.1'
    'REQUEST_SCHEME' => 'http'
    'SERVER_PROTOCOL' => 'HTTP/1.1'
    'DOCUMENT_ROOT' => '/var/www/html/web'
    'DOCUMENT_URI' => '/index.php'
    'REQUEST_URI' => '/index.php?p=dW2axQ3b%2Factions%2Fusers%2Fsession-info&dontExtendSession=1&v=1778898259959'
    'CONTENT_LENGTH' => ''
    'CONTENT_TYPE' => ''
    'REQUEST_METHOD' => 'GET'
    'QUERY_STRING' => 'p=dW2axQ3b%2Factions%2Fusers%2Fsession-info&dontExtendSession=1&v=1778898259959'
    'SCRIPT_NAME' => '/index.php'
    'SCRIPT_FILENAME' => '/var/www/html/web/index.php'
    'FCGI_ROLE' => 'RESPONDER'
    'PHP_SELF' => '/index.php'
    'REQUEST_TIME_FLOAT' => 1778898259.9761
    'REQUEST_TIME' => 1778898259
    'CRAFT_APP_ID' => 'CraftCMS--3933bc78-29f5-4b79-bcc5-c31faf0fcd20'
    'CRAFT_ENVIRONMENT' => 'dev'
    'ENVIRONMENT' => 'dev'
    'CRAFT_SECURITY_KEY' => '••••••••••••••••••••••••••••••••'
    'CP_TRIGGER' => 'dW2axQ3b'
    'CRAFT_DB_SCHEMA' => 'public'
    'CRAFT_DB_TABLE_PREFIX' => ''
    'DEV_MODE' => 'true'
    'ALLOW_ADMIN_CHANGES' => 'true'
    'DISALLOW_ROBOTS' => 'true'
    'TIMEZONE' => 'Europe/Zurich'
    'CAPTCHA_SITE_KEY' => '••••••••••••••••••••••••••••••••••••••••'
    'CAPTCHA_SECRET_KEY' => '••••••••••••••••••••••••••••••••••••••••'
    'WEB_URL' => 'https://derschmuckmacher-v3.ddev.site'
    'WEB_ROOT' => '/var/www/html/web'
    'ASSETS_BASE_URL' => 'https://derschmuckmacher-v3.ddev.site/public'
    'ASSETS_BASE_PATH' => '/var/www/html/web/public'
    'SCHMUCK_BASE_URL' => 'https://derschmuckmacher-v3.ddev.site/public/uploads/schmuck'
    'SCHMUCK_BASE_PATH' => '/var/www/html/web/public/uploads/schmuck'
    'BILDER_BASE_URL' => 'https://derschmuckmacher-v3.ddev.site/public/uploads/bilder'
    'BILDER_BASE_PATH' => '/var/www/html/web/public/uploads/bilder'
] {"environment":"dev"} 
2026-05-16 04:41:47 [web.INFO] [yii\db\Connection::open] Opening DB connection: mysql:host=db;dbname=db;port=3306 {"memory":1097536} 
2026-05-16 04:41:47 [web.INFO] [yii\web\Session::open] Session started {"memory":1517664} 
2026-05-16 04:41:47 [web.INFO] [nystudio107\codeeditor\CodeEditor::bootstrap] CodeEditor module bootstrapped {"memory":1538632} 
2026-05-16 04:41:47 [web.INFO] [adigital\cookieconsentbanner\CookieConsentBanner::init] Cookie Consent Banner plugin loaded {"memory":1753640} 
2026-05-16 04:41:47 [web.INFO] [miranj\obfuscator\Obfuscator::init] Obfuscator plugin loaded {"memory":2717712} 
2026-05-16 04:41:47 [web.INFO] [application] Request context:
$_GET = [
    'p' => 'dW2axQ3b/actions/users/session-info'
    'dontExtendSession' => '1'
    'v' => '1778900216905'
]

$_POST = []

$_FILES = []

$_COOKIE = [
    'cookieconsent_status' => 'allow'
    'CRAFT_CSRF_TOKEN' => '••••••••••••••••••••••••••••••••••••••••••••••••••••••••••••••••••••••••••••••••••••••••••••••••••••••••••••••••••••••••••••••••••••••••••••••••••••••'
    'CraftSessionId' => '8dln48qoin5lenmi6jccge1uaf'
    'a8b7b1ec9ffb8baf2c6eaa253fe57112_username' => '26b9ec8568da68d3882e55afaa5d203483c6c5810ee05b5a55c8a0eb10cab93ea:2:{i:0;s:41:\"a8b7b1ec9ffb8baf2c6eaa253fe57112_username\";i:1;s:8:\"odegiuli\";}'
    'Craft-3626ffc1-d0a3-42e3-98aa-37e8aa759561_sidebar' => 'expanded'
]

$_SESSION = [
    '22b6a59deafcfb2ffb13c3adf3d98a3b__flash' => []
]

$_SERVER = [
    'DEPLOY_NAME' => 'local'
    'DDEV_WEBSERVER_TYPE' => 'nginx-fpm'
    'npm_config_cache' => '/mnt/ddev-global-cache/npm'
    'COREPACK_ENABLE_DOWNLOAD_PROMPT' => '0'
    'DDEV_GOOS' => 'darwin'
    'IS_DDEV_PROJECT' => 'true'
    'PHP_DEFAULT_VERSION' => '8.3'
    'HOSTNAME' => 'derschmuckmacher-v3-web'
    'MAILPIT_SMTP_PORT' => '1025'
    'MH_SMTP_BIND_ADDR' => '127.0.0.1:1025'
    'DDEV_PRIMARY_URL_WITHOUT_PORT' => 'https://derschmuckmacher-v3.ddev.site'
    'CRAFT_DB_PORT' => '3306'
    'SSH_AUTH_SOCK' => '/home/.ssh-agent/socket'
    'DDEV_GID' => '20'
    'NODE_EXTRA_CA_CERTS' => '/mnt/ddev-global-cache/mkcert/rootCA.pem'
    'DOCKER_IP' => '127.0.0.1'
    'PGPASSWORD' => 'db'
    'CRAFT_WEB_ROOT' => '/var/www/html/web'
    'DDEV_DOCROOT' => 'web'
    'PWD' => '/var/www/html'
    'PLATFORMSH_CLI_UPDATES_CHECK' => '0'
    'DDEV_APPROOT' => '/var/www/html'
    'DDEV_FILES_DIR' => ''
    'START_SCRIPT_TIMEOUT' => '57'
    'APACHE_SITE_TEMPLATE' => '/etc/apache2/apache-site.conf'
    'PHP_INI' => '/etc/php/8.3/fpm/php.ini'
    'DDEV_VERSION' => 'v1.24.10'
    'PRIMARY_SITE_URL' => 'https://derschmuckmacher-v3.ddev.site'
    'TZ' => 'Europe/Zurich'
    'DDEV_XHPROF_MODE' => 'prepend'
    'HTTPS_EXPOSE' => '443:80,8026:8025'
    'COREPACK_HOME' => '/mnt/ddev-global-cache/corepack'
    'CRAFT_DB_DATABASE' => 'db'
    'DDEV_PRIMARY_URL' => 'https://derschmuckmacher-v3.ddev.site'
    'LINES' => '6'
    'DDEV_SITENAME' => 'derschmuckmacher-v3'
    'HOME' => '/home/omar'
    'DRUSH_OPTIONS_URI' => 'https://derschmuckmacher-v3.ddev.site'
    'LANG' => 'C.UTF-8'
    'COLUMNS' => '371'
    'DDEV_MUTAGEN_ENABLED' => 'true'
    'DDEV_USER' => 'omar'
    'PGUSER' => 'db'
    'TERMINUS_CACHE_DIR' => '/mnt/ddev-global-cache/terminus/cache'
    'DDEV_PRIMARY_URL_PORT' => '443'
    'DDEV_ROUTER_HTTP_PORT' => '80'
    'MAILPIT_SMTP_HOSTNAME' => '127.0.0.1'
    'CRAFT_DB_DRIVER' => 'mysql'
    'COMPOSER_PROCESS_TIMEOUT' => '2000'
    'NGINX_SITE_TEMPLATE' => '/etc/nginx/nginx-site.conf'
    'DDEV_FILES_DIRS' => ''
    'CRAFT_DB_SERVER' => 'db'
    'HTTP_EXPOSE' => '80:80,8025:8025'
    'NVM_DIR' => '/home/omar/.nvm'
    'DDEV_PHP_VERSION' => '8.3'
    'DDEV_TLD' => 'ddev.site'
    'DDEV_HOSTNAME' => 'derschmuckmacher-v3.ddev.site'
    'DDEV_PROJECT' => 'derschmuckmacher-v3'
    'DDEV_GOARCH' => 'arm64'
    'VIRTUAL_HOST' => 'derschmuckmacher-v3.ddev.site'
    'TERM' => 'xterm'
    'USER' => 'omar'
    'MYSQL_HISTFILE' => '/mnt/ddev-global-cache/mysqlhistory/derschmuckmacher-v3-web/mysql_history'
    'DDEV_WEB_ENTRYPOINT' => '/mnt/ddev_config/web-entrypoint.d'
    'DDEV_UID' => '501'
    'CAROOT' => '/mnt/ddev-global-cache/mkcert'
    'SHLVL' => '1'
    'COMPOSER_ALLOW_SUPERUSER' => '1'
    'BASH_ENV' => '/etc/bash.nointeractive.bashrc'
    'DDEV_DATABASE' => 'mysql:8.0'
    'PGDATABASE' => 'db'
    'CRAFT_DB_USER' => 'db'
    'DDEV_SCHEME' => 'https'
    'XHPROF_OUTPUT_DIR' => '/tmp/xhprof'
    'COMPOSER_CACHE_DIR' => '/mnt/ddev-global-cache/composer'
    'DDEV_XDEBUG_ENABLED' => 'false'
    'DDEV_DATABASE_FAMILY' => 'mysql'
    'PGHOST' => 'db'
    'DDEV_COMPOSER_ROOT' => '/var/www/html'
    'CRAFT_DB_PASSWORD' => '••'
    'DOCROOT' => 'web'
    'TERMINUS_HIDE_UPDATE_MESSAGE' => '1'
    'PATH' => '/home/omar/bin:/var/www/html/vendor/bin:/usr/local/sbin:/usr/local/bin:/usr/sbin:/usr/bin:/sbin:/bin:/var/www/html/bin:/mnt/ddev-global-cache/global-commands/web'
    'HOST_DOCKER_INTERNAL_IP' => ''
    'DDEV_PROJECT_TYPE' => 'craftcms'
    'DEBIAN_FRONTEND' => 'noninteractive'
    'DDEV_ROUTER_HTTPS_PORT' => '443'
    'EXECIGNORE' => '/var/www/html/vendor/bin/composer'
    'SUPERVISOR_ENABLED' => '1'
    'SUPERVISOR_SERVER_URL' => 'unix:///var/run/supervisor.sock'
    'SUPERVISOR_PROCESS_NAME' => 'php-fpm'
    'SUPERVISOR_GROUP_NAME' => 'php-fpm'
    'HTTP_X_REQUESTED_WITH' => 'XMLHttpRequest'
    'HTTP_X_REGISTERED_JS_FILES' => ''
    'HTTP_X_REGISTERED_ASSET_BUNDLES' => 'e38a2e07,22e517a2,aee7f8dc,26c46c25,e505ffd6,6b4d7555,bb2f10a0,e5e48399,815d39ea,fc0bc163,1ccab40d,1e21896b,54698ee0,b842675b,1c3c9add,4b1fd285,d8d08e47,8f00ce04,8768f48b,cf3018d6,ec6d0256,11858fc6,8550f857,6f12186f,c7a8fe38'
    'HTTP_X_REAL_IP' => '172.18.0.1'
    'HTTP_X_FORWARDED_SERVER' => '617e9e3cc3a1'
    'HTTP_X_FORWARDED_PROTO' => 'https'
    'HTTP_X_FORWARDED_PORT' => '443'
    'HTTP_X_FORWARDED_HOST' => 'derschmuckmacher-v3.ddev.site'
    'HTTP_X_FORWARDED_FOR' => '172.18.0.1'
    'HTTP_X_CSRF_TOKEN' => '••••••••••••••••••••••••••••••••••••••••••••••••••••••••••••••••••••••••••••••••••••••••••••••••••••••••••••'
    'HTTP_TE' => 'trailers'
    'HTTP_SEC_GPC' => '1'
    'HTTP_SEC_FETCH_SITE' => 'same-origin'
    'HTTP_SEC_FETCH_MODE' => 'cors'
    'HTTP_SEC_FETCH_DEST' => 'empty'
    'HTTP_REFERER' => 'https://derschmuckmacher-v3.ddev.site/dW2axQ3b/dashboard'
    'HTTP_COOKIE' => 'cookieconsent_status=allow; CRAFT_CSRF_TOKEN=c46764d17b682367679c529f1043872bbfd294280b0a6b522869cb3868f8a6a6a%3A2%3A%7Bi%3A0%3Bs%3A16%3A%22CRAFT_CSRF_TOKEN%22%3Bi%3A1%3Bs%3A40%3A%22oscGmXtgN7lH1IINFeBh9KwfL0sWDqIBBHQCFaaO%22%3B%7D; CraftSessionId=8dln48qoin5lenmi6jccge1uaf; a8b7b1ec9ffb8baf2c6eaa253fe57112_username=26b9ec8568da68d3882e55afaa5d203483c6c5810ee05b5a55c8a0eb10cab93ea%3A2%3A%7Bi%3A0%3Bs%3A41%3A%22a8b7b1ec9ffb8baf2c6eaa253fe57112_username%22%3Bi%3A1%3Bs%3A8%3A%22odegiuli%22%3B%7D; Craft-3626ffc1-d0a3-42e3-98aa-37e8aa759561_sidebar=expanded'
    'HTTP_ACCEPT_LANGUAGE' => 'de,en-US;q=0.9,en;q=0.8'
    'HTTP_ACCEPT_ENCODING' => 'gzip, deflate, br, zstd'
    'HTTP_ACCEPT' => 'application/json, text/plain, */*'
    'HTTP_USER_AGENT' => 'Mozilla/5.0 (Macintosh; Intel Mac OS X 10.15; rv:150.0) Gecko/20100101 Firefox/150.0'
    'HTTP_HOST' => 'derschmuckmacher-v3.ddev.site'
    'HTTPS' => 'on'
    'REDIRECT_STATUS' => '200'
    'SERVER_NAME' => 'derschmuckmacher-v3.ddev.site'
    'SERVER_PORT' => '80'
    'SERVER_ADDR' => '172.18.0.3'
    'REMOTE_PORT' => '39184'
    'REMOTE_ADDR' => '172.18.0.5'
    'SERVER_SOFTWARE' => 'nginx/1.28.0'
    'GATEWAY_INTERFACE' => 'CGI/1.1'
    'REQUEST_SCHEME' => 'http'
    'SERVER_PROTOCOL' => 'HTTP/1.1'
    'DOCUMENT_ROOT' => '/var/www/html/web'
    'DOCUMENT_URI' => '/index.php'
    'REQUEST_URI' => '/index.php?p=dW2axQ3b%2Factions%2Fusers%2Fsession-info&dontExtendSession=1&v=1778900216905'
    'CONTENT_LENGTH' => ''
    'CONTENT_TYPE' => ''
    'REQUEST_METHOD' => 'GET'
    'QUERY_STRING' => 'p=dW2axQ3b%2Factions%2Fusers%2Fsession-info&dontExtendSession=1&v=1778900216905'
    'SCRIPT_NAME' => '/index.php'
    'SCRIPT_FILENAME' => '/var/www/html/web/index.php'
    'FCGI_ROLE' => 'RESPONDER'
    'PHP_SELF' => '/index.php'
    'REQUEST_TIME_FLOAT' => 1778899307.5594
    'REQUEST_TIME' => 1778899307
    'CRAFT_APP_ID' => 'CraftCMS--3933bc78-29f5-4b79-bcc5-c31faf0fcd20'
    'CRAFT_ENVIRONMENT' => 'dev'
    'ENVIRONMENT' => 'dev'
    'CRAFT_SECURITY_KEY' => '••••••••••••••••••••••••••••••••'
    'CP_TRIGGER' => 'dW2axQ3b'
    'CRAFT_DB_SCHEMA' => 'public'
    'CRAFT_DB_TABLE_PREFIX' => ''
    'DEV_MODE' => 'true'
    'ALLOW_ADMIN_CHANGES' => 'true'
    'DISALLOW_ROBOTS' => 'true'
    'TIMEZONE' => 'Europe/Zurich'
    'CAPTCHA_SITE_KEY' => '••••••••••••••••••••••••••••••••••••••••'
    'CAPTCHA_SECRET_KEY' => '••••••••••••••••••••••••••••••••••••••••'
    'WEB_URL' => 'https://derschmuckmacher-v3.ddev.site'
    'WEB_ROOT' => '/var/www/html/web'
    'ASSETS_BASE_URL' => 'https://derschmuckmacher-v3.ddev.site/public'
    'ASSETS_BASE_PATH' => '/var/www/html/web/public'
    'SCHMUCK_BASE_URL' => 'https://derschmuckmacher-v3.ddev.site/public/uploads/schmuck'
    'SCHMUCK_BASE_PATH' => '/var/www/html/web/public/uploads/schmuck'
    'BILDER_BASE_URL' => 'https://derschmuckmacher-v3.ddev.site/public/uploads/bilder'
    'BILDER_BASE_PATH' => '/var/www/html/web/public/uploads/bilder'
] {"environment":"dev"} 
2026-05-16 04:57:57 [web.INFO] [yii\db\Connection::open] Opening DB connection: mysql:host=db;dbname=db;port=3306 {"memory":1097536} 
2026-05-16 04:57:57 [web.INFO] [yii\web\Session::open] Session started {"memory":1517664} 
2026-05-16 04:57:57 [web.INFO] [nystudio107\codeeditor\CodeEditor::bootstrap] CodeEditor module bootstrapped {"memory":1538632} 
2026-05-16 04:57:57 [web.INFO] [adigital\cookieconsentbanner\CookieConsentBanner::init] Cookie Consent Banner plugin loaded {"memory":1753640} 
2026-05-16 04:57:57 [web.INFO] [miranj\obfuscator\Obfuscator::init] Obfuscator plugin loaded {"memory":2717712} 
2026-05-16 04:57:57 [web.INFO] [application] Request context:
$_GET = [
    'p' => 'dW2axQ3b/actions/users/session-info'
    'dontExtendSession' => '1'
    'v' => '1778900277000'
]

$_POST = []

$_FILES = []

$_COOKIE = [
    'cookieconsent_status' => 'allow'
    'CRAFT_CSRF_TOKEN' => '••••••••••••••••••••••••••••••••••••••••••••••••••••••••••••••••••••••••••••••••••••••••••••••••••••••••••••••••••••••••••••••••••••••••••••••••••••••'
    'CraftSessionId' => '8dln48qoin5lenmi6jccge1uaf'
    'a8b7b1ec9ffb8baf2c6eaa253fe57112_username' => '26b9ec8568da68d3882e55afaa5d203483c6c5810ee05b5a55c8a0eb10cab93ea:2:{i:0;s:41:\"a8b7b1ec9ffb8baf2c6eaa253fe57112_username\";i:1;s:8:\"odegiuli\";}'
    'Craft-3626ffc1-d0a3-42e3-98aa-37e8aa759561_sidebar' => 'expanded'
]

$_SESSION = [
    '22b6a59deafcfb2ffb13c3adf3d98a3b__flash' => []
]

$_SERVER = [
    'DEPLOY_NAME' => 'local'
    'DDEV_WEBSERVER_TYPE' => 'nginx-fpm'
    'npm_config_cache' => '/mnt/ddev-global-cache/npm'
    'COREPACK_ENABLE_DOWNLOAD_PROMPT' => '0'
    'DDEV_GOOS' => 'darwin'
    'IS_DDEV_PROJECT' => 'true'
    'PHP_DEFAULT_VERSION' => '8.3'
    'HOSTNAME' => 'derschmuckmacher-v3-web'
    'MAILPIT_SMTP_PORT' => '1025'
    'MH_SMTP_BIND_ADDR' => '127.0.0.1:1025'
    'DDEV_PRIMARY_URL_WITHOUT_PORT' => 'https://derschmuckmacher-v3.ddev.site'
    'CRAFT_DB_PORT' => '3306'
    'SSH_AUTH_SOCK' => '/home/.ssh-agent/socket'
    'DDEV_GID' => '20'
    'NODE_EXTRA_CA_CERTS' => '/mnt/ddev-global-cache/mkcert/rootCA.pem'
    'DOCKER_IP' => '127.0.0.1'
    'PGPASSWORD' => 'db'
    'CRAFT_WEB_ROOT' => '/var/www/html/web'
    'DDEV_DOCROOT' => 'web'
    'PWD' => '/var/www/html'
    'PLATFORMSH_CLI_UPDATES_CHECK' => '0'
    'DDEV_APPROOT' => '/var/www/html'
    'DDEV_FILES_DIR' => ''
    'START_SCRIPT_TIMEOUT' => '57'
    'APACHE_SITE_TEMPLATE' => '/etc/apache2/apache-site.conf'
    'PHP_INI' => '/etc/php/8.3/fpm/php.ini'
    'DDEV_VERSION' => 'v1.24.10'
    'PRIMARY_SITE_URL' => 'https://derschmuckmacher-v3.ddev.site'
    'TZ' => 'Europe/Zurich'
    'DDEV_XHPROF_MODE' => 'prepend'
    'HTTPS_EXPOSE' => '443:80,8026:8025'
    'COREPACK_HOME' => '/mnt/ddev-global-cache/corepack'
    'CRAFT_DB_DATABASE' => 'db'
    'DDEV_PRIMARY_URL' => 'https://derschmuckmacher-v3.ddev.site'
    'LINES' => '6'
    'DDEV_SITENAME' => 'derschmuckmacher-v3'
    'HOME' => '/home/omar'
    'DRUSH_OPTIONS_URI' => 'https://derschmuckmacher-v3.ddev.site'
    'LANG' => 'C.UTF-8'
    'COLUMNS' => '371'
    'DDEV_MUTAGEN_ENABLED' => 'true'
    'DDEV_USER' => 'omar'
    'PGUSER' => 'db'
    'TERMINUS_CACHE_DIR' => '/mnt/ddev-global-cache/terminus/cache'
    'DDEV_PRIMARY_URL_PORT' => '443'
    'DDEV_ROUTER_HTTP_PORT' => '80'
    'MAILPIT_SMTP_HOSTNAME' => '127.0.0.1'
    'CRAFT_DB_DRIVER' => 'mysql'
    'COMPOSER_PROCESS_TIMEOUT' => '2000'
    'NGINX_SITE_TEMPLATE' => '/etc/nginx/nginx-site.conf'
    'DDEV_FILES_DIRS' => ''
    'CRAFT_DB_SERVER' => 'db'
    'HTTP_EXPOSE' => '80:80,8025:8025'
    'NVM_DIR' => '/home/omar/.nvm'
    'DDEV_PHP_VERSION' => '8.3'
    'DDEV_TLD' => 'ddev.site'
    'DDEV_HOSTNAME' => 'derschmuckmacher-v3.ddev.site'
    'DDEV_PROJECT' => 'derschmuckmacher-v3'
    'DDEV_GOARCH' => 'arm64'
    'VIRTUAL_HOST' => 'derschmuckmacher-v3.ddev.site'
    'TERM' => 'xterm'
    'USER' => 'omar'
    'MYSQL_HISTFILE' => '/mnt/ddev-global-cache/mysqlhistory/derschmuckmacher-v3-web/mysql_history'
    'DDEV_WEB_ENTRYPOINT' => '/mnt/ddev_config/web-entrypoint.d'
    'DDEV_UID' => '501'
    'CAROOT' => '/mnt/ddev-global-cache/mkcert'
    'SHLVL' => '1'
    'COMPOSER_ALLOW_SUPERUSER' => '1'
    'BASH_ENV' => '/etc/bash.nointeractive.bashrc'
    'DDEV_DATABASE' => 'mysql:8.0'
    'PGDATABASE' => 'db'
    'CRAFT_DB_USER' => 'db'
    'DDEV_SCHEME' => 'https'
    'XHPROF_OUTPUT_DIR' => '/tmp/xhprof'
    'COMPOSER_CACHE_DIR' => '/mnt/ddev-global-cache/composer'
    'DDEV_XDEBUG_ENABLED' => 'false'
    'DDEV_DATABASE_FAMILY' => 'mysql'
    'PGHOST' => 'db'
    'DDEV_COMPOSER_ROOT' => '/var/www/html'
    'CRAFT_DB_PASSWORD' => '••'
    'DOCROOT' => 'web'
    'TERMINUS_HIDE_UPDATE_MESSAGE' => '1'
    'PATH' => '/home/omar/bin:/var/www/html/vendor/bin:/usr/local/sbin:/usr/local/bin:/usr/sbin:/usr/bin:/sbin:/bin:/var/www/html/bin:/mnt/ddev-global-cache/global-commands/web'
    'HOST_DOCKER_INTERNAL_IP' => ''
    'DDEV_PROJECT_TYPE' => 'craftcms'
    'DEBIAN_FRONTEND' => 'noninteractive'
    'DDEV_ROUTER_HTTPS_PORT' => '443'
    'EXECIGNORE' => '/var/www/html/vendor/bin/composer'
    'SUPERVISOR_ENABLED' => '1'
    'SUPERVISOR_SERVER_URL' => 'unix:///var/run/supervisor.sock'
    'SUPERVISOR_PROCESS_NAME' => 'php-fpm'
    'SUPERVISOR_GROUP_NAME' => 'php-fpm'
    'HTTP_X_REQUESTED_WITH' => 'XMLHttpRequest'
    'HTTP_X_REGISTERED_JS_FILES' => ''
    'HTTP_X_REGISTERED_ASSET_BUNDLES' => 'e38a2e07,22e517a2,aee7f8dc,26c46c25,e505ffd6,6b4d7555,bb2f10a0,e5e48399,815d39ea,fc0bc163,1ccab40d,1e21896b,54698ee0,b842675b,1c3c9add,4b1fd285,d8d08e47,8f00ce04,8768f48b,cf3018d6,ec6d0256,11858fc6,8550f857,6f12186f,c7a8fe38'
    'HTTP_X_REAL_IP' => '172.18.0.1'
    'HTTP_X_FORWARDED_SERVER' => '617e9e3cc3a1'
    'HTTP_X_FORWARDED_PROTO' => 'https'
    'HTTP_X_FORWARDED_PORT' => '443'
    'HTTP_X_FORWARDED_HOST' => 'derschmuckmacher-v3.ddev.site'
    'HTTP_X_FORWARDED_FOR' => '172.18.0.1'
    'HTTP_X_CSRF_TOKEN' => '••••••••••••••••••••••••••••••••••••••••••••••••••••••••••••••••••••••••••••••••••••••••••••••••••••••••••••'
    'HTTP_TE' => 'trailers'
    'HTTP_SEC_GPC' => '1'
    'HTTP_SEC_FETCH_SITE' => 'same-origin'
    'HTTP_SEC_FETCH_MODE' => 'cors'
    'HTTP_SEC_FETCH_DEST' => 'empty'
    'HTTP_REFERER' => 'https://derschmuckmacher-v3.ddev.site/dW2axQ3b/dashboard'
    'HTTP_COOKIE' => 'cookieconsent_status=allow; CRAFT_CSRF_TOKEN=c46764d17b682367679c529f1043872bbfd294280b0a6b522869cb3868f8a6a6a%3A2%3A%7Bi%3A0%3Bs%3A16%3A%22CRAFT_CSRF_TOKEN%22%3Bi%3A1%3Bs%3A40%3A%22oscGmXtgN7lH1IINFeBh9KwfL0sWDqIBBHQCFaaO%22%3B%7D; CraftSessionId=8dln48qoin5lenmi6jccge1uaf; a8b7b1ec9ffb8baf2c6eaa253fe57112_username=26b9ec8568da68d3882e55afaa5d203483c6c5810ee05b5a55c8a0eb10cab93ea%3A2%3A%7Bi%3A0%3Bs%3A41%3A%22a8b7b1ec9ffb8baf2c6eaa253fe57112_username%22%3Bi%3A1%3Bs%3A8%3A%22odegiuli%22%3B%7D; Craft-3626ffc1-d0a3-42e3-98aa-37e8aa759561_sidebar=expanded'
    'HTTP_ACCEPT_LANGUAGE' => 'de,en-US;q=0.9,en;q=0.8'
    'HTTP_ACCEPT_ENCODING' => 'gzip, deflate, br, zstd'
    'HTTP_ACCEPT' => 'application/json, text/plain, */*'
    'HTTP_USER_AGENT' => 'Mozilla/5.0 (Macintosh; Intel Mac OS X 10.15; rv:150.0) Gecko/20100101 Firefox/150.0'
    'HTTP_HOST' => 'derschmuckmacher-v3.ddev.site'
    'HTTPS' => 'on'
    'REDIRECT_STATUS' => '200'
    'SERVER_NAME' => 'derschmuckmacher-v3.ddev.site'
    'SERVER_PORT' => '80'
    'SERVER_ADDR' => '172.18.0.3'
    'REMOTE_PORT' => '49890'
    'REMOTE_ADDR' => '172.18.0.5'
    'SERVER_SOFTWARE' => 'nginx/1.28.0'
    'GATEWAY_INTERFACE' => 'CGI/1.1'
    'REQUEST_SCHEME' => 'http'
    'SERVER_PROTOCOL' => 'HTTP/1.1'
    'DOCUMENT_ROOT' => '/var/www/html/web'
    'DOCUMENT_URI' => '/index.php'
    'REQUEST_URI' => '/index.php?p=dW2axQ3b%2Factions%2Fusers%2Fsession-info&dontExtendSession=1&v=1778900277000'
    'CONTENT_LENGTH' => ''
    'CONTENT_TYPE' => ''
    'REQUEST_METHOD' => 'GET'
    'QUERY_STRING' => 'p=dW2axQ3b%2Factions%2Fusers%2Fsession-info&dontExtendSession=1&v=1778900277000'
    'SCRIPT_NAME' => '/index.php'
    'SCRIPT_FILENAME' => '/var/www/html/web/index.php'
    'FCGI_ROLE' => 'RESPONDER'
    'PHP_SELF' => '/index.php'
    'REQUEST_TIME_FLOAT' => 1778900277.0099
    'REQUEST_TIME' => 1778900277
    'CRAFT_APP_ID' => 'CraftCMS--3933bc78-29f5-4b79-bcc5-c31faf0fcd20'
    'CRAFT_ENVIRONMENT' => 'dev'
    'ENVIRONMENT' => 'dev'
    'CRAFT_SECURITY_KEY' => '••••••••••••••••••••••••••••••••'
    'CP_TRIGGER' => 'dW2axQ3b'
    'CRAFT_DB_SCHEMA' => 'public'
    'CRAFT_DB_TABLE_PREFIX' => ''
    'DEV_MODE' => 'true'
    'ALLOW_ADMIN_CHANGES' => 'true'
    'DISALLOW_ROBOTS' => 'true'
    'TIMEZONE' => 'Europe/Zurich'
    'CAPTCHA_SITE_KEY' => '••••••••••••••••••••••••••••••••••••••••'
    'CAPTCHA_SECRET_KEY' => '••••••••••••••••••••••••••••••••••••••••'
    'WEB_URL' => 'https://derschmuckmacher-v3.ddev.site'
    'WEB_ROOT' => '/var/www/html/web'
    'ASSETS_BASE_URL' => 'https://derschmuckmacher-v3.ddev.site/public'
    'ASSETS_BASE_PATH' => '/var/www/html/web/public'
    'SCHMUCK_BASE_URL' => 'https://derschmuckmacher-v3.ddev.site/public/uploads/schmuck'
    'SCHMUCK_BASE_PATH' => '/var/www/html/web/public/uploads/schmuck'
    'BILDER_BASE_URL' => 'https://derschmuckmacher-v3.ddev.site/public/uploads/bilder'
    'BILDER_BASE_PATH' => '/var/www/html/web/public/uploads/bilder'
] {"environment":"dev"} 
2026-05-16 05:10:26 [web.INFO] [yii\db\Connection::open] Opening DB connection: mysql:host=db;dbname=db;port=3306 {"memory":1097536} 
2026-05-16 05:10:26 [web.INFO] [yii\web\Session::open] Session started {"memory":1517664} 
2026-05-16 05:10:26 [web.INFO] [nystudio107\codeeditor\CodeEditor::bootstrap] CodeEditor module bootstrapped {"memory":1538632} 
2026-05-16 05:10:26 [web.INFO] [adigital\cookieconsentbanner\CookieConsentBanner::init] Cookie Consent Banner plugin loaded {"memory":1753640} 
2026-05-16 05:10:26 [web.INFO] [miranj\obfuscator\Obfuscator::init] Obfuscator plugin loaded {"memory":2717712} 
2026-05-16 05:10:26 [web.INFO] [application] Request context:
$_GET = [
    'p' => 'dW2axQ3b/actions/users/session-info'
    'dontExtendSession' => '1'
    'v' => '1778901026364'
]

$_POST = []

$_FILES = []

$_COOKIE = [
    'cookieconsent_status' => 'allow'
    'CRAFT_CSRF_TOKEN' => '••••••••••••••••••••••••••••••••••••••••••••••••••••••••••••••••••••••••••••••••••••••••••••••••••••••••••••••••••••••••••••••••••••••••••••••••••••••'
    'CraftSessionId' => '8dln48qoin5lenmi6jccge1uaf'
    'a8b7b1ec9ffb8baf2c6eaa253fe57112_username' => '26b9ec8568da68d3882e55afaa5d203483c6c5810ee05b5a55c8a0eb10cab93ea:2:{i:0;s:41:\"a8b7b1ec9ffb8baf2c6eaa253fe57112_username\";i:1;s:8:\"odegiuli\";}'
    'Craft-3626ffc1-d0a3-42e3-98aa-37e8aa759561_sidebar' => 'expanded'
]

$_SESSION = [
    '22b6a59deafcfb2ffb13c3adf3d98a3b__flash' => []
]

$_SERVER = [
    'DEPLOY_NAME' => 'local'
    'DDEV_WEBSERVER_TYPE' => 'nginx-fpm'
    'npm_config_cache' => '/mnt/ddev-global-cache/npm'
    'COREPACK_ENABLE_DOWNLOAD_PROMPT' => '0'
    'DDEV_GOOS' => 'darwin'
    'IS_DDEV_PROJECT' => 'true'
    'PHP_DEFAULT_VERSION' => '8.3'
    'HOSTNAME' => 'derschmuckmacher-v3-web'
    'MAILPIT_SMTP_PORT' => '1025'
    'MH_SMTP_BIND_ADDR' => '127.0.0.1:1025'
    'DDEV_PRIMARY_URL_WITHOUT_PORT' => 'https://derschmuckmacher-v3.ddev.site'
    'CRAFT_DB_PORT' => '3306'
    'SSH_AUTH_SOCK' => '/home/.ssh-agent/socket'
    'DDEV_GID' => '20'
    'NODE_EXTRA_CA_CERTS' => '/mnt/ddev-global-cache/mkcert/rootCA.pem'
    'DOCKER_IP' => '127.0.0.1'
    'PGPASSWORD' => 'db'
    'CRAFT_WEB_ROOT' => '/var/www/html/web'
    'DDEV_DOCROOT' => 'web'
    'PWD' => '/var/www/html'
    'PLATFORMSH_CLI_UPDATES_CHECK' => '0'
    'DDEV_APPROOT' => '/var/www/html'
    'DDEV_FILES_DIR' => ''
    'START_SCRIPT_TIMEOUT' => '57'
    'APACHE_SITE_TEMPLATE' => '/etc/apache2/apache-site.conf'
    'PHP_INI' => '/etc/php/8.3/fpm/php.ini'
    'DDEV_VERSION' => 'v1.24.10'
    'PRIMARY_SITE_URL' => 'https://derschmuckmacher-v3.ddev.site'
    'TZ' => 'Europe/Zurich'
    'DDEV_XHPROF_MODE' => 'prepend'
    'HTTPS_EXPOSE' => '443:80,8026:8025'
    'COREPACK_HOME' => '/mnt/ddev-global-cache/corepack'
    'CRAFT_DB_DATABASE' => 'db'
    'DDEV_PRIMARY_URL' => 'https://derschmuckmacher-v3.ddev.site'
    'LINES' => '6'
    'DDEV_SITENAME' => 'derschmuckmacher-v3'
    'HOME' => '/home/omar'
    'DRUSH_OPTIONS_URI' => 'https://derschmuckmacher-v3.ddev.site'
    'LANG' => 'C.UTF-8'
    'COLUMNS' => '371'
    'DDEV_MUTAGEN_ENABLED' => 'true'
    'DDEV_USER' => 'omar'
    'PGUSER' => 'db'
    'TERMINUS_CACHE_DIR' => '/mnt/ddev-global-cache/terminus/cache'
    'DDEV_PRIMARY_URL_PORT' => '443'
    'DDEV_ROUTER_HTTP_PORT' => '80'
    'MAILPIT_SMTP_HOSTNAME' => '127.0.0.1'
    'CRAFT_DB_DRIVER' => 'mysql'
    'COMPOSER_PROCESS_TIMEOUT' => '2000'
    'NGINX_SITE_TEMPLATE' => '/etc/nginx/nginx-site.conf'
    'DDEV_FILES_DIRS' => ''
    'CRAFT_DB_SERVER' => 'db'
    'HTTP_EXPOSE' => '80:80,8025:8025'
    'NVM_DIR' => '/home/omar/.nvm'
    'DDEV_PHP_VERSION' => '8.3'
    'DDEV_TLD' => 'ddev.site'
    'DDEV_HOSTNAME' => 'derschmuckmacher-v3.ddev.site'
    'DDEV_PROJECT' => 'derschmuckmacher-v3'
    'DDEV_GOARCH' => 'arm64'
    'VIRTUAL_HOST' => 'derschmuckmacher-v3.ddev.site'
    'TERM' => 'xterm'
    'USER' => 'omar'
    'MYSQL_HISTFILE' => '/mnt/ddev-global-cache/mysqlhistory/derschmuckmacher-v3-web/mysql_history'
    'DDEV_WEB_ENTRYPOINT' => '/mnt/ddev_config/web-entrypoint.d'
    'DDEV_UID' => '501'
    'CAROOT' => '/mnt/ddev-global-cache/mkcert'
    'SHLVL' => '1'
    'COMPOSER_ALLOW_SUPERUSER' => '1'
    'BASH_ENV' => '/etc/bash.nointeractive.bashrc'
    'DDEV_DATABASE' => 'mysql:8.0'
    'PGDATABASE' => 'db'
    'CRAFT_DB_USER' => 'db'
    'DDEV_SCHEME' => 'https'
    'XHPROF_OUTPUT_DIR' => '/tmp/xhprof'
    'COMPOSER_CACHE_DIR' => '/mnt/ddev-global-cache/composer'
    'DDEV_XDEBUG_ENABLED' => 'false'
    'DDEV_DATABASE_FAMILY' => 'mysql'
    'PGHOST' => 'db'
    'DDEV_COMPOSER_ROOT' => '/var/www/html'
    'CRAFT_DB_PASSWORD' => '••'
    'DOCROOT' => 'web'
    'TERMINUS_HIDE_UPDATE_MESSAGE' => '1'
    'PATH' => '/home/omar/bin:/var/www/html/vendor/bin:/usr/local/sbin:/usr/local/bin:/usr/sbin:/usr/bin:/sbin:/bin:/var/www/html/bin:/mnt/ddev-global-cache/global-commands/web'
    'HOST_DOCKER_INTERNAL_IP' => ''
    'DDEV_PROJECT_TYPE' => 'craftcms'
    'DEBIAN_FRONTEND' => 'noninteractive'
    'DDEV_ROUTER_HTTPS_PORT' => '443'
    'EXECIGNORE' => '/var/www/html/vendor/bin/composer'
    'SUPERVISOR_ENABLED' => '1'
    'SUPERVISOR_SERVER_URL' => 'unix:///var/run/supervisor.sock'
    'SUPERVISOR_PROCESS_NAME' => 'php-fpm'
    'SUPERVISOR_GROUP_NAME' => 'php-fpm'
    'HTTP_X_REQUESTED_WITH' => 'XMLHttpRequest'
    'HTTP_X_REGISTERED_JS_FILES' => ''
    'HTTP_X_REGISTERED_ASSET_BUNDLES' => 'e38a2e07,22e517a2,aee7f8dc,26c46c25,e505ffd6,6b4d7555,bb2f10a0,e5e48399,815d39ea,fc0bc163,1ccab40d,1e21896b,54698ee0,b842675b,1c3c9add,4b1fd285,d8d08e47,8f00ce04,8768f48b,cf3018d6,ec6d0256,11858fc6,8550f857,6f12186f,c7a8fe38'
    'HTTP_X_REAL_IP' => '172.18.0.1'
    'HTTP_X_FORWARDED_SERVER' => '617e9e3cc3a1'
    'HTTP_X_FORWARDED_PROTO' => 'https'
    'HTTP_X_FORWARDED_PORT' => '443'
    'HTTP_X_FORWARDED_HOST' => 'derschmuckmacher-v3.ddev.site'
    'HTTP_X_FORWARDED_FOR' => '172.18.0.1'
    'HTTP_X_CSRF_TOKEN' => '••••••••••••••••••••••••••••••••••••••••••••••••••••••••••••••••••••••••••••••••••••••••••••••••••••••••••••'
    'HTTP_TE' => 'trailers'
    'HTTP_SEC_GPC' => '1'
    'HTTP_SEC_FETCH_SITE' => 'same-origin'
    'HTTP_SEC_FETCH_MODE' => 'cors'
    'HTTP_SEC_FETCH_DEST' => 'empty'
    'HTTP_REFERER' => 'https://derschmuckmacher-v3.ddev.site/dW2axQ3b/dashboard'
    'HTTP_COOKIE' => 'cookieconsent_status=allow; CRAFT_CSRF_TOKEN=c46764d17b682367679c529f1043872bbfd294280b0a6b522869cb3868f8a6a6a%3A2%3A%7Bi%3A0%3Bs%3A16%3A%22CRAFT_CSRF_TOKEN%22%3Bi%3A1%3Bs%3A40%3A%22oscGmXtgN7lH1IINFeBh9KwfL0sWDqIBBHQCFaaO%22%3B%7D; CraftSessionId=8dln48qoin5lenmi6jccge1uaf; a8b7b1ec9ffb8baf2c6eaa253fe57112_username=26b9ec8568da68d3882e55afaa5d203483c6c5810ee05b5a55c8a0eb10cab93ea%3A2%3A%7Bi%3A0%3Bs%3A41%3A%22a8b7b1ec9ffb8baf2c6eaa253fe57112_username%22%3Bi%3A1%3Bs%3A8%3A%22odegiuli%22%3B%7D; Craft-3626ffc1-d0a3-42e3-98aa-37e8aa759561_sidebar=expanded'
    'HTTP_ACCEPT_LANGUAGE' => 'de,en-US;q=0.9,en;q=0.8'
    'HTTP_ACCEPT_ENCODING' => 'gzip, deflate, br, zstd'
    'HTTP_ACCEPT' => 'application/json, text/plain, */*'
    'HTTP_USER_AGENT' => 'Mozilla/5.0 (Macintosh; Intel Mac OS X 10.15; rv:150.0) Gecko/20100101 Firefox/150.0'
    'HTTP_HOST' => 'derschmuckmacher-v3.ddev.site'
    'HTTPS' => 'on'
    'REDIRECT_STATUS' => '200'
    'SERVER_NAME' => 'derschmuckmacher-v3.ddev.site'
    'SERVER_PORT' => '80'
    'SERVER_ADDR' => '172.18.0.3'
    'REMOTE_PORT' => '50666'
    'REMOTE_ADDR' => '172.18.0.5'
    'SERVER_SOFTWARE' => 'nginx/1.28.0'
    'GATEWAY_INTERFACE' => 'CGI/1.1'
    'REQUEST_SCHEME' => 'http'
    'SERVER_PROTOCOL' => 'HTTP/1.1'
    'DOCUMENT_ROOT' => '/var/www/html/web'
    'DOCUMENT_URI' => '/index.php'
    'REQUEST_URI' => '/index.php?p=dW2axQ3b%2Factions%2Fusers%2Fsession-info&dontExtendSession=1&v=1778901026364'
    'CONTENT_LENGTH' => ''
    'CONTENT_TYPE' => ''
    'REQUEST_METHOD' => 'GET'
    'QUERY_STRING' => 'p=dW2axQ3b%2Factions%2Fusers%2Fsession-info&dontExtendSession=1&v=1778901026364'
    'SCRIPT_NAME' => '/index.php'
    'SCRIPT_FILENAME' => '/var/www/html/web/index.php'
    'FCGI_ROLE' => 'RESPONDER'
    'PHP_SELF' => '/index.php'
    'REQUEST_TIME_FLOAT' => 1778901026.3824
    'REQUEST_TIME' => 1778901026
    'CRAFT_APP_ID' => 'CraftCMS--3933bc78-29f5-4b79-bcc5-c31faf0fcd20'
    'CRAFT_ENVIRONMENT' => 'dev'
    'ENVIRONMENT' => 'dev'
    'CRAFT_SECURITY_KEY' => '••••••••••••••••••••••••••••••••'
    'CP_TRIGGER' => 'dW2axQ3b'
    'CRAFT_DB_SCHEMA' => 'public'
    'CRAFT_DB_TABLE_PREFIX' => ''
    'DEV_MODE' => 'true'
    'ALLOW_ADMIN_CHANGES' => 'true'
    'DISALLOW_ROBOTS' => 'true'
    'TIMEZONE' => 'Europe/Zurich'
    'CAPTCHA_SITE_KEY' => '••••••••••••••••••••••••••••••••••••••••'
    'CAPTCHA_SECRET_KEY' => '••••••••••••••••••••••••••••••••••••••••'
    'WEB_URL' => 'https://derschmuckmacher-v3.ddev.site'
    'WEB_ROOT' => '/var/www/html/web'
    'ASSETS_BASE_URL' => 'https://derschmuckmacher-v3.ddev.site/public'
    'ASSETS_BASE_PATH' => '/var/www/html/web/public'
    'SCHMUCK_BASE_URL' => 'https://derschmuckmacher-v3.ddev.site/public/uploads/schmuck'
    'SCHMUCK_BASE_PATH' => '/var/www/html/web/public/uploads/schmuck'
    'BILDER_BASE_URL' => 'https://derschmuckmacher-v3.ddev.site/public/uploads/bilder'
    'BILDER_BASE_PATH' => '/var/www/html/web/public/uploads/bilder'
] {"environment":"dev"} 
2026-05-16 05:11:26 [web.INFO] [yii\db\Connection::open] Opening DB connection: mysql:host=db;dbname=db;port=3306 {"memory":1097536} 
2026-05-16 05:11:26 [web.INFO] [yii\web\Session::open] Session started {"memory":1517664} 
2026-05-16 05:11:26 [web.INFO] [nystudio107\codeeditor\CodeEditor::bootstrap] CodeEditor module bootstrapped {"memory":1538632} 
2026-05-16 05:11:26 [web.INFO] [adigital\cookieconsentbanner\CookieConsentBanner::init] Cookie Consent Banner plugin loaded {"memory":1753640} 
2026-05-16 05:11:26 [web.INFO] [miranj\obfuscator\Obfuscator::init] Obfuscator plugin loaded {"memory":2717712} 
2026-05-16 05:11:26 [web.INFO] [application] Request context:
$_GET = [
    'p' => 'dW2axQ3b/actions/users/session-info'
    'dontExtendSession' => '1'
    'v' => '1778901086438'
]

$_POST = []

$_FILES = []

$_COOKIE = [
    'cookieconsent_status' => 'allow'
    'CRAFT_CSRF_TOKEN' => '••••••••••••••••••••••••••••••••••••••••••••••••••••••••••••••••••••••••••••••••••••••••••••••••••••••••••••••••••••••••••••••••••••••••••••••••••••••'
    'CraftSessionId' => '8dln48qoin5lenmi6jccge1uaf'
    'a8b7b1ec9ffb8baf2c6eaa253fe57112_username' => '26b9ec8568da68d3882e55afaa5d203483c6c5810ee05b5a55c8a0eb10cab93ea:2:{i:0;s:41:\"a8b7b1ec9ffb8baf2c6eaa253fe57112_username\";i:1;s:8:\"odegiuli\";}'
    'Craft-3626ffc1-d0a3-42e3-98aa-37e8aa759561_sidebar' => 'expanded'
]

$_SESSION = [
    '22b6a59deafcfb2ffb13c3adf3d98a3b__flash' => []
]

$_SERVER = [
    'DEPLOY_NAME' => 'local'
    'DDEV_WEBSERVER_TYPE' => 'nginx-fpm'
    'npm_config_cache' => '/mnt/ddev-global-cache/npm'
    'COREPACK_ENABLE_DOWNLOAD_PROMPT' => '0'
    'DDEV_GOOS' => 'darwin'
    'IS_DDEV_PROJECT' => 'true'
    'PHP_DEFAULT_VERSION' => '8.3'
    'HOSTNAME' => 'derschmuckmacher-v3-web'
    'MAILPIT_SMTP_PORT' => '1025'
    'MH_SMTP_BIND_ADDR' => '127.0.0.1:1025'
    'DDEV_PRIMARY_URL_WITHOUT_PORT' => 'https://derschmuckmacher-v3.ddev.site'
    'CRAFT_DB_PORT' => '3306'
    'SSH_AUTH_SOCK' => '/home/.ssh-agent/socket'
    'DDEV_GID' => '20'
    'NODE_EXTRA_CA_CERTS' => '/mnt/ddev-global-cache/mkcert/rootCA.pem'
    'DOCKER_IP' => '127.0.0.1'
    'PGPASSWORD' => 'db'
    'CRAFT_WEB_ROOT' => '/var/www/html/web'
    'DDEV_DOCROOT' => 'web'
    'PWD' => '/var/www/html'
    'PLATFORMSH_CLI_UPDATES_CHECK' => '0'
    'DDEV_APPROOT' => '/var/www/html'
    'DDEV_FILES_DIR' => ''
    'START_SCRIPT_TIMEOUT' => '57'
    'APACHE_SITE_TEMPLATE' => '/etc/apache2/apache-site.conf'
    'PHP_INI' => '/etc/php/8.3/fpm/php.ini'
    'DDEV_VERSION' => 'v1.24.10'
    'PRIMARY_SITE_URL' => 'https://derschmuckmacher-v3.ddev.site'
    'TZ' => 'Europe/Zurich'
    'DDEV_XHPROF_MODE' => 'prepend'
    'HTTPS_EXPOSE' => '443:80,8026:8025'
    'COREPACK_HOME' => '/mnt/ddev-global-cache/corepack'
    'CRAFT_DB_DATABASE' => 'db'
    'DDEV_PRIMARY_URL' => 'https://derschmuckmacher-v3.ddev.site'
    'LINES' => '6'
    'DDEV_SITENAME' => 'derschmuckmacher-v3'
    'HOME' => '/home/omar'
    'DRUSH_OPTIONS_URI' => 'https://derschmuckmacher-v3.ddev.site'
    'LANG' => 'C.UTF-8'
    'COLUMNS' => '371'
    'DDEV_MUTAGEN_ENABLED' => 'true'
    'DDEV_USER' => 'omar'
    'PGUSER' => 'db'
    'TERMINUS_CACHE_DIR' => '/mnt/ddev-global-cache/terminus/cache'
    'DDEV_PRIMARY_URL_PORT' => '443'
    'DDEV_ROUTER_HTTP_PORT' => '80'
    'MAILPIT_SMTP_HOSTNAME' => '127.0.0.1'
    'CRAFT_DB_DRIVER' => 'mysql'
    'COMPOSER_PROCESS_TIMEOUT' => '2000'
    'NGINX_SITE_TEMPLATE' => '/etc/nginx/nginx-site.conf'
    'DDEV_FILES_DIRS' => ''
    'CRAFT_DB_SERVER' => 'db'
    'HTTP_EXPOSE' => '80:80,8025:8025'
    'NVM_DIR' => '/home/omar/.nvm'
    'DDEV_PHP_VERSION' => '8.3'
    'DDEV_TLD' => 'ddev.site'
    'DDEV_HOSTNAME' => 'derschmuckmacher-v3.ddev.site'
    'DDEV_PROJECT' => 'derschmuckmacher-v3'
    'DDEV_GOARCH' => 'arm64'
    'VIRTUAL_HOST' => 'derschmuckmacher-v3.ddev.site'
    'TERM' => 'xterm'
    'USER' => 'omar'
    'MYSQL_HISTFILE' => '/mnt/ddev-global-cache/mysqlhistory/derschmuckmacher-v3-web/mysql_history'
    'DDEV_WEB_ENTRYPOINT' => '/mnt/ddev_config/web-entrypoint.d'
    'DDEV_UID' => '501'
    'CAROOT' => '/mnt/ddev-global-cache/mkcert'
    'SHLVL' => '1'
    'COMPOSER_ALLOW_SUPERUSER' => '1'
    'BASH_ENV' => '/etc/bash.nointeractive.bashrc'
    'DDEV_DATABASE' => 'mysql:8.0'
    'PGDATABASE' => 'db'
    'CRAFT_DB_USER' => 'db'
    'DDEV_SCHEME' => 'https'
    'XHPROF_OUTPUT_DIR' => '/tmp/xhprof'
    'COMPOSER_CACHE_DIR' => '/mnt/ddev-global-cache/composer'
    'DDEV_XDEBUG_ENABLED' => 'false'
    'DDEV_DATABASE_FAMILY' => 'mysql'
    'PGHOST' => 'db'
    'DDEV_COMPOSER_ROOT' => '/var/www/html'
    'CRAFT_DB_PASSWORD' => '••'
    'DOCROOT' => 'web'
    'TERMINUS_HIDE_UPDATE_MESSAGE' => '1'
    'PATH' => '/home/omar/bin:/var/www/html/vendor/bin:/usr/local/sbin:/usr/local/bin:/usr/sbin:/usr/bin:/sbin:/bin:/var/www/html/bin:/mnt/ddev-global-cache/global-commands/web'
    'HOST_DOCKER_INTERNAL_IP' => ''
    'DDEV_PROJECT_TYPE' => 'craftcms'
    'DEBIAN_FRONTEND' => 'noninteractive'
    'DDEV_ROUTER_HTTPS_PORT' => '443'
    'EXECIGNORE' => '/var/www/html/vendor/bin/composer'
    'SUPERVISOR_ENABLED' => '1'
    'SUPERVISOR_SERVER_URL' => 'unix:///var/run/supervisor.sock'
    'SUPERVISOR_PROCESS_NAME' => 'php-fpm'
    'SUPERVISOR_GROUP_NAME' => 'php-fpm'
    'HTTP_X_REQUESTED_WITH' => 'XMLHttpRequest'
    'HTTP_X_REGISTERED_JS_FILES' => ''
    'HTTP_X_REGISTERED_ASSET_BUNDLES' => 'e38a2e07,22e517a2,aee7f8dc,26c46c25,e505ffd6,6b4d7555,bb2f10a0,e5e48399,815d39ea,fc0bc163,1ccab40d,1e21896b,54698ee0,b842675b,1c3c9add,4b1fd285,d8d08e47,8f00ce04,8768f48b,cf3018d6,ec6d0256,11858fc6,8550f857,6f12186f,c7a8fe38'
    'HTTP_X_REAL_IP' => '172.18.0.1'
    'HTTP_X_FORWARDED_SERVER' => '617e9e3cc3a1'
    'HTTP_X_FORWARDED_PROTO' => 'https'
    'HTTP_X_FORWARDED_PORT' => '443'
    'HTTP_X_FORWARDED_HOST' => 'derschmuckmacher-v3.ddev.site'
    'HTTP_X_FORWARDED_FOR' => '172.18.0.1'
    'HTTP_X_CSRF_TOKEN' => '••••••••••••••••••••••••••••••••••••••••••••••••••••••••••••••••••••••••••••••••••••••••••••••••••••••••••••'
    'HTTP_TE' => 'trailers'
    'HTTP_SEC_GPC' => '1'
    'HTTP_SEC_FETCH_SITE' => 'same-origin'
    'HTTP_SEC_FETCH_MODE' => 'cors'
    'HTTP_SEC_FETCH_DEST' => 'empty'
    'HTTP_REFERER' => 'https://derschmuckmacher-v3.ddev.site/dW2axQ3b/dashboard'
    'HTTP_COOKIE' => 'cookieconsent_status=allow; CRAFT_CSRF_TOKEN=c46764d17b682367679c529f1043872bbfd294280b0a6b522869cb3868f8a6a6a%3A2%3A%7Bi%3A0%3Bs%3A16%3A%22CRAFT_CSRF_TOKEN%22%3Bi%3A1%3Bs%3A40%3A%22oscGmXtgN7lH1IINFeBh9KwfL0sWDqIBBHQCFaaO%22%3B%7D; CraftSessionId=8dln48qoin5lenmi6jccge1uaf; a8b7b1ec9ffb8baf2c6eaa253fe57112_username=26b9ec8568da68d3882e55afaa5d203483c6c5810ee05b5a55c8a0eb10cab93ea%3A2%3A%7Bi%3A0%3Bs%3A41%3A%22a8b7b1ec9ffb8baf2c6eaa253fe57112_username%22%3Bi%3A1%3Bs%3A8%3A%22odegiuli%22%3B%7D; Craft-3626ffc1-d0a3-42e3-98aa-37e8aa759561_sidebar=expanded'
    'HTTP_ACCEPT_LANGUAGE' => 'de,en-US;q=0.9,en;q=0.8'
    'HTTP_ACCEPT_ENCODING' => 'gzip, deflate, br, zstd'
    'HTTP_ACCEPT' => 'application/json, text/plain, */*'
    'HTTP_USER_AGENT' => 'Mozilla/5.0 (Macintosh; Intel Mac OS X 10.15; rv:150.0) Gecko/20100101 Firefox/150.0'
    'HTTP_HOST' => 'derschmuckmacher-v3.ddev.site'
    'HTTPS' => 'on'
    'REDIRECT_STATUS' => '200'
    'SERVER_NAME' => 'derschmuckmacher-v3.ddev.site'
    'SERVER_PORT' => '80'
    'SERVER_ADDR' => '172.18.0.3'
    'REMOTE_PORT' => '49940'
    'REMOTE_ADDR' => '172.18.0.5'
    'SERVER_SOFTWARE' => 'nginx/1.28.0'
    'GATEWAY_INTERFACE' => 'CGI/1.1'
    'REQUEST_SCHEME' => 'http'
    'SERVER_PROTOCOL' => 'HTTP/1.1'
    'DOCUMENT_ROOT' => '/var/www/html/web'
    'DOCUMENT_URI' => '/index.php'
    'REQUEST_URI' => '/index.php?p=dW2axQ3b%2Factions%2Fusers%2Fsession-info&dontExtendSession=1&v=1778901086438'
    'CONTENT_LENGTH' => ''
    'CONTENT_TYPE' => ''
    'REQUEST_METHOD' => 'GET'
    'QUERY_STRING' => 'p=dW2axQ3b%2Factions%2Fusers%2Fsession-info&dontExtendSession=1&v=1778901086438'
    'SCRIPT_NAME' => '/index.php'
    'SCRIPT_FILENAME' => '/var/www/html/web/index.php'
    'FCGI_ROLE' => 'RESPONDER'
    'PHP_SELF' => '/index.php'
    'REQUEST_TIME_FLOAT' => 1778901086.4552
    'REQUEST_TIME' => 1778901086
    'CRAFT_APP_ID' => 'CraftCMS--3933bc78-29f5-4b79-bcc5-c31faf0fcd20'
    'CRAFT_ENVIRONMENT' => 'dev'
    'ENVIRONMENT' => 'dev'
    'CRAFT_SECURITY_KEY' => '••••••••••••••••••••••••••••••••'
    'CP_TRIGGER' => 'dW2axQ3b'
    'CRAFT_DB_SCHEMA' => 'public'
    'CRAFT_DB_TABLE_PREFIX' => ''
    'DEV_MODE' => 'true'
    'ALLOW_ADMIN_CHANGES' => 'true'
    'DISALLOW_ROBOTS' => 'true'
    'TIMEZONE' => 'Europe/Zurich'
    'CAPTCHA_SITE_KEY' => '••••••••••••••••••••••••••••••••••••••••'
    'CAPTCHA_SECRET_KEY' => '••••••••••••••••••••••••••••••••••••••••'
    'WEB_URL' => 'https://derschmuckmacher-v3.ddev.site'
    'WEB_ROOT' => '/var/www/html/web'
    'ASSETS_BASE_URL' => 'https://derschmuckmacher-v3.ddev.site/public'
    'ASSETS_BASE_PATH' => '/var/www/html/web/public'
    'SCHMUCK_BASE_URL' => 'https://derschmuckmacher-v3.ddev.site/public/uploads/schmuck'
    'SCHMUCK_BASE_PATH' => '/var/www/html/web/public/uploads/schmuck'
    'BILDER_BASE_URL' => 'https://derschmuckmacher-v3.ddev.site/public/uploads/bilder'
    'BILDER_BASE_PATH' => '/var/www/html/web/public/uploads/bilder'
] {"environment":"dev"} 
2026-05-16 05:12:26 [web.INFO] [yii\db\Connection::open] Opening DB connection: mysql:host=db;dbname=db;port=3306 {"memory":1097536} 
2026-05-16 05:12:26 [web.INFO] [yii\web\Session::open] Session started {"memory":1517664} 
2026-05-16 05:12:26 [web.INFO] [nystudio107\codeeditor\CodeEditor::bootstrap] CodeEditor module bootstrapped {"memory":1538632} 
2026-05-16 05:12:26 [web.INFO] [adigital\cookieconsentbanner\CookieConsentBanner::init] Cookie Consent Banner plugin loaded {"memory":1753640} 
2026-05-16 05:12:26 [web.INFO] [miranj\obfuscator\Obfuscator::init] Obfuscator plugin loaded {"memory":2719640} 
2026-05-16 05:12:26 [web.INFO] [application] Request context:
$_GET = [
    'p' => 'dW2axQ3b/actions/users/session-info'
    'dontExtendSession' => '1'
    'v' => '1778901146507'
]

$_POST = []

$_FILES = []

$_COOKIE = [
    'cookieconsent_status' => 'allow'
    'CRAFT_CSRF_TOKEN' => '••••••••••••••••••••••••••••••••••••••••••••••••••••••••••••••••••••••••••••••••••••••••••••••••••••••••••••••••••••••••••••••••••••••••••••••••••••••'
    'CraftSessionId' => '8dln48qoin5lenmi6jccge1uaf'
    'a8b7b1ec9ffb8baf2c6eaa253fe57112_username' => '26b9ec8568da68d3882e55afaa5d203483c6c5810ee05b5a55c8a0eb10cab93ea:2:{i:0;s:41:\"a8b7b1ec9ffb8baf2c6eaa253fe57112_username\";i:1;s:8:\"odegiuli\";}'
    'Craft-3626ffc1-d0a3-42e3-98aa-37e8aa759561_sidebar' => 'expanded'
]

$_SESSION = [
    '22b6a59deafcfb2ffb13c3adf3d98a3b__flash' => []
]

$_SERVER = [
    'DEPLOY_NAME' => 'local'
    'DDEV_WEBSERVER_TYPE' => 'nginx-fpm'
    'npm_config_cache' => '/mnt/ddev-global-cache/npm'
    'COREPACK_ENABLE_DOWNLOAD_PROMPT' => '0'
    'DDEV_GOOS' => 'darwin'
    'IS_DDEV_PROJECT' => 'true'
    'PHP_DEFAULT_VERSION' => '8.3'
    'HOSTNAME' => 'derschmuckmacher-v3-web'
    'MAILPIT_SMTP_PORT' => '1025'
    'MH_SMTP_BIND_ADDR' => '127.0.0.1:1025'
    'DDEV_PRIMARY_URL_WITHOUT_PORT' => 'https://derschmuckmacher-v3.ddev.site'
    'CRAFT_DB_PORT' => '3306'
    'SSH_AUTH_SOCK' => '/home/.ssh-agent/socket'
    'DDEV_GID' => '20'
    'NODE_EXTRA_CA_CERTS' => '/mnt/ddev-global-cache/mkcert/rootCA.pem'
    'DOCKER_IP' => '127.0.0.1'
    'PGPASSWORD' => 'db'
    'CRAFT_WEB_ROOT' => '/var/www/html/web'
    'DDEV_DOCROOT' => 'web'
    'PWD' => '/var/www/html'
    'PLATFORMSH_CLI_UPDATES_CHECK' => '0'
    'DDEV_APPROOT' => '/var/www/html'
    'DDEV_FILES_DIR' => ''
    'START_SCRIPT_TIMEOUT' => '57'
    'APACHE_SITE_TEMPLATE' => '/etc/apache2/apache-site.conf'
    'PHP_INI' => '/etc/php/8.3/fpm/php.ini'
    'DDEV_VERSION' => 'v1.24.10'
    'PRIMARY_SITE_URL' => 'https://derschmuckmacher-v3.ddev.site'
    'TZ' => 'Europe/Zurich'
    'DDEV_XHPROF_MODE' => 'prepend'
    'HTTPS_EXPOSE' => '443:80,8026:8025'
    'COREPACK_HOME' => '/mnt/ddev-global-cache/corepack'
    'CRAFT_DB_DATABASE' => 'db'
    'DDEV_PRIMARY_URL' => 'https://derschmuckmacher-v3.ddev.site'
    'LINES' => '6'
    'DDEV_SITENAME' => 'derschmuckmacher-v3'
    'HOME' => '/home/omar'
    'DRUSH_OPTIONS_URI' => 'https://derschmuckmacher-v3.ddev.site'
    'LANG' => 'C.UTF-8'
    'COLUMNS' => '371'
    'DDEV_MUTAGEN_ENABLED' => 'true'
    'DDEV_USER' => 'omar'
    'PGUSER' => 'db'
    'TERMINUS_CACHE_DIR' => '/mnt/ddev-global-cache/terminus/cache'
    'DDEV_PRIMARY_URL_PORT' => '443'
    'DDEV_ROUTER_HTTP_PORT' => '80'
    'MAILPIT_SMTP_HOSTNAME' => '127.0.0.1'
    'CRAFT_DB_DRIVER' => 'mysql'
    'COMPOSER_PROCESS_TIMEOUT' => '2000'
    'NGINX_SITE_TEMPLATE' => '/etc/nginx/nginx-site.conf'
    'DDEV_FILES_DIRS' => ''
    'CRAFT_DB_SERVER' => 'db'
    'HTTP_EXPOSE' => '80:80,8025:8025'
    'NVM_DIR' => '/home/omar/.nvm'
    'DDEV_PHP_VERSION' => '8.3'
    'DDEV_TLD' => 'ddev.site'
    'DDEV_HOSTNAME' => 'derschmuckmacher-v3.ddev.site'
    'DDEV_PROJECT' => 'derschmuckmacher-v3'
    'DDEV_GOARCH' => 'arm64'
    'VIRTUAL_HOST' => 'derschmuckmacher-v3.ddev.site'
    'TERM' => 'xterm'
    'USER' => 'omar'
    'MYSQL_HISTFILE' => '/mnt/ddev-global-cache/mysqlhistory/derschmuckmacher-v3-web/mysql_history'
    'DDEV_WEB_ENTRYPOINT' => '/mnt/ddev_config/web-entrypoint.d'
    'DDEV_UID' => '501'
    'CAROOT' => '/mnt/ddev-global-cache/mkcert'
    'SHLVL' => '1'
    'COMPOSER_ALLOW_SUPERUSER' => '1'
    'BASH_ENV' => '/etc/bash.nointeractive.bashrc'
    'DDEV_DATABASE' => 'mysql:8.0'
    'PGDATABASE' => 'db'
    'CRAFT_DB_USER' => 'db'
    'DDEV_SCHEME' => 'https'
    'XHPROF_OUTPUT_DIR' => '/tmp/xhprof'
    'COMPOSER_CACHE_DIR' => '/mnt/ddev-global-cache/composer'
    'DDEV_XDEBUG_ENABLED' => 'false'
    'DDEV_DATABASE_FAMILY' => 'mysql'
    'PGHOST' => 'db'
    'DDEV_COMPOSER_ROOT' => '/var/www/html'
    'CRAFT_DB_PASSWORD' => '••'
    'DOCROOT' => 'web'
    'TERMINUS_HIDE_UPDATE_MESSAGE' => '1'
    'PATH' => '/home/omar/bin:/var/www/html/vendor/bin:/usr/local/sbin:/usr/local/bin:/usr/sbin:/usr/bin:/sbin:/bin:/var/www/html/bin:/mnt/ddev-global-cache/global-commands/web'
    'HOST_DOCKER_INTERNAL_IP' => ''
    'DDEV_PROJECT_TYPE' => 'craftcms'
    'DEBIAN_FRONTEND' => 'noninteractive'
    'DDEV_ROUTER_HTTPS_PORT' => '443'
    'EXECIGNORE' => '/var/www/html/vendor/bin/composer'
    'SUPERVISOR_ENABLED' => '1'
    'SUPERVISOR_SERVER_URL' => 'unix:///var/run/supervisor.sock'
    'SUPERVISOR_PROCESS_NAME' => 'php-fpm'
    'SUPERVISOR_GROUP_NAME' => 'php-fpm'
    'HTTP_X_REQUESTED_WITH' => 'XMLHttpRequest'
    'HTTP_X_REGISTERED_JS_FILES' => ''
    'HTTP_X_REGISTERED_ASSET_BUNDLES' => 'e38a2e07,22e517a2,aee7f8dc,26c46c25,e505ffd6,6b4d7555,bb2f10a0,e5e48399,815d39ea,fc0bc163,1ccab40d,1e21896b,54698ee0,b842675b,1c3c9add,4b1fd285,d8d08e47,8f00ce04,8768f48b,cf3018d6,ec6d0256,11858fc6,8550f857,6f12186f,c7a8fe38'
    'HTTP_X_REAL_IP' => '172.18.0.1'
    'HTTP_X_FORWARDED_SERVER' => '617e9e3cc3a1'
    'HTTP_X_FORWARDED_PROTO' => 'https'
    'HTTP_X_FORWARDED_PORT' => '443'
    'HTTP_X_FORWARDED_HOST' => 'derschmuckmacher-v3.ddev.site'
    'HTTP_X_FORWARDED_FOR' => '172.18.0.1'
    'HTTP_X_CSRF_TOKEN' => '••••••••••••••••••••••••••••••••••••••••••••••••••••••••••••••••••••••••••••••••••••••••••••••••••••••••••••'
    'HTTP_TE' => 'trailers'
    'HTTP_SEC_GPC' => '1'
    'HTTP_SEC_FETCH_SITE' => 'same-origin'
    'HTTP_SEC_FETCH_MODE' => 'cors'
    'HTTP_SEC_FETCH_DEST' => 'empty'
    'HTTP_REFERER' => 'https://derschmuckmacher-v3.ddev.site/dW2axQ3b/dashboard'
    'HTTP_COOKIE' => 'cookieconsent_status=allow; CRAFT_CSRF_TOKEN=c46764d17b682367679c529f1043872bbfd294280b0a6b522869cb3868f8a6a6a%3A2%3A%7Bi%3A0%3Bs%3A16%3A%22CRAFT_CSRF_TOKEN%22%3Bi%3A1%3Bs%3A40%3A%22oscGmXtgN7lH1IINFeBh9KwfL0sWDqIBBHQCFaaO%22%3B%7D; CraftSessionId=8dln48qoin5lenmi6jccge1uaf; a8b7b1ec9ffb8baf2c6eaa253fe57112_username=26b9ec8568da68d3882e55afaa5d203483c6c5810ee05b5a55c8a0eb10cab93ea%3A2%3A%7Bi%3A0%3Bs%3A41%3A%22a8b7b1ec9ffb8baf2c6eaa253fe57112_username%22%3Bi%3A1%3Bs%3A8%3A%22odegiuli%22%3B%7D; Craft-3626ffc1-d0a3-42e3-98aa-37e8aa759561_sidebar=expanded'
    'HTTP_ACCEPT_LANGUAGE' => 'de,en-US;q=0.9,en;q=0.8'
    'HTTP_ACCEPT_ENCODING' => 'gzip, deflate, br, zstd'
    'HTTP_ACCEPT' => 'application/json, text/plain, */*'
    'HTTP_USER_AGENT' => 'Mozilla/5.0 (Macintosh; Intel Mac OS X 10.15; rv:150.0) Gecko/20100101 Firefox/150.0'
    'HTTP_HOST' => 'derschmuckmacher-v3.ddev.site'
    'HTTPS' => 'on'
    'REDIRECT_STATUS' => '200'
    'SERVER_NAME' => 'derschmuckmacher-v3.ddev.site'
    'SERVER_PORT' => '80'
    'SERVER_ADDR' => '172.18.0.3'
    'REMOTE_PORT' => '51798'
    'REMOTE_ADDR' => '172.18.0.5'
    'SERVER_SOFTWARE' => 'nginx/1.28.0'
    'GATEWAY_INTERFACE' => 'CGI/1.1'
    'REQUEST_SCHEME' => 'http'
    'SERVER_PROTOCOL' => 'HTTP/1.1'
    'DOCUMENT_ROOT' => '/var/www/html/web'
    'DOCUMENT_URI' => '/index.php'
    'REQUEST_URI' => '/index.php?p=dW2axQ3b%2Factions%2Fusers%2Fsession-info&dontExtendSession=1&v=1778901146507'
    'CONTENT_LENGTH' => ''
    'CONTENT_TYPE' => ''
    'REQUEST_METHOD' => 'GET'
    'QUERY_STRING' => 'p=dW2axQ3b%2Factions%2Fusers%2Fsession-info&dontExtendSession=1&v=1778901146507'
    'SCRIPT_NAME' => '/index.php'
    'SCRIPT_FILENAME' => '/var/www/html/web/index.php'
    'FCGI_ROLE' => 'RESPONDER'
    'PHP_SELF' => '/index.php'
    'REQUEST_TIME_FLOAT' => 1778901146.5238
    'REQUEST_TIME' => 1778901146
    'CRAFT_APP_ID' => 'CraftCMS--3933bc78-29f5-4b79-bcc5-c31faf0fcd20'
    'CRAFT_ENVIRONMENT' => 'dev'
    'ENVIRONMENT' => 'dev'
    'CRAFT_SECURITY_KEY' => '••••••••••••••••••••••••••••••••'
    'CP_TRIGGER' => 'dW2axQ3b'
    'CRAFT_DB_SCHEMA' => 'public'
    'CRAFT_DB_TABLE_PREFIX' => ''
    'DEV_MODE' => 'true'
    'ALLOW_ADMIN_CHANGES' => 'true'
    'DISALLOW_ROBOTS' => 'true'
    'TIMEZONE' => 'Europe/Zurich'
    'CAPTCHA_SITE_KEY' => '••••••••••••••••••••••••••••••••••••••••'
    'CAPTCHA_SECRET_KEY' => '••••••••••••••••••••••••••••••••••••••••'
    'WEB_URL' => 'https://derschmuckmacher-v3.ddev.site'
    'WEB_ROOT' => '/var/www/html/web'
    'ASSETS_BASE_URL' => 'https://derschmuckmacher-v3.ddev.site/public'
    'ASSETS_BASE_PATH' => '/var/www/html/web/public'
    'SCHMUCK_BASE_URL' => 'https://derschmuckmacher-v3.ddev.site/public/uploads/schmuck'
    'SCHMUCK_BASE_PATH' => '/var/www/html/web/public/uploads/schmuck'
    'BILDER_BASE_URL' => 'https://derschmuckmacher-v3.ddev.site/public/uploads/bilder'
    'BILDER_BASE_PATH' => '/var/www/html/web/public/uploads/bilder'
] {"environment":"dev"} 
2026-05-16 05:25:40 [web.INFO] [yii\db\Connection::open] Opening DB connection: mysql:host=db;dbname=db;port=3306 {"memory":1097536} 
2026-05-16 05:25:40 [web.INFO] [yii\web\Session::open] Session started {"memory":1517664} 
2026-05-16 05:25:40 [web.INFO] [nystudio107\codeeditor\CodeEditor::bootstrap] CodeEditor module bootstrapped {"memory":1538632} 
2026-05-16 05:25:40 [web.INFO] [adigital\cookieconsentbanner\CookieConsentBanner::init] Cookie Consent Banner plugin loaded {"memory":1753640} 
2026-05-16 05:25:40 [web.INFO] [miranj\obfuscator\Obfuscator::init] Obfuscator plugin loaded {"memory":2717712} 
2026-05-16 05:25:40 [web.INFO] [application] Request context:
$_GET = [
    'p' => 'dW2axQ3b/actions/users/session-info'
    'dontExtendSession' => '1'
    'v' => '1778902874318'
]

$_POST = []

$_FILES = []

$_COOKIE = [
    'cookieconsent_status' => 'allow'
    'CRAFT_CSRF_TOKEN' => '••••••••••••••••••••••••••••••••••••••••••••••••••••••••••••••••••••••••••••••••••••••••••••••••••••••••••••••••••••••••••••••••••••••••••••••••••••••'
    'CraftSessionId' => '8dln48qoin5lenmi6jccge1uaf'
    'a8b7b1ec9ffb8baf2c6eaa253fe57112_username' => '26b9ec8568da68d3882e55afaa5d203483c6c5810ee05b5a55c8a0eb10cab93ea:2:{i:0;s:41:\"a8b7b1ec9ffb8baf2c6eaa253fe57112_username\";i:1;s:8:\"odegiuli\";}'
    'Craft-3626ffc1-d0a3-42e3-98aa-37e8aa759561_sidebar' => 'expanded'
]

$_SESSION = [
    '22b6a59deafcfb2ffb13c3adf3d98a3b__flash' => []
]

$_SERVER = [
    'DEPLOY_NAME' => 'local'
    'DDEV_WEBSERVER_TYPE' => 'nginx-fpm'
    'npm_config_cache' => '/mnt/ddev-global-cache/npm'
    'COREPACK_ENABLE_DOWNLOAD_PROMPT' => '0'
    'DDEV_GOOS' => 'darwin'
    'IS_DDEV_PROJECT' => 'true'
    'PHP_DEFAULT_VERSION' => '8.3'
    'HOSTNAME' => 'derschmuckmacher-v3-web'
    'MAILPIT_SMTP_PORT' => '1025'
    'MH_SMTP_BIND_ADDR' => '127.0.0.1:1025'
    'DDEV_PRIMARY_URL_WITHOUT_PORT' => 'https://derschmuckmacher-v3.ddev.site'
    'CRAFT_DB_PORT' => '3306'
    'SSH_AUTH_SOCK' => '/home/.ssh-agent/socket'
    'DDEV_GID' => '20'
    'NODE_EXTRA_CA_CERTS' => '/mnt/ddev-global-cache/mkcert/rootCA.pem'
    'DOCKER_IP' => '127.0.0.1'
    'PGPASSWORD' => 'db'
    'CRAFT_WEB_ROOT' => '/var/www/html/web'
    'DDEV_DOCROOT' => 'web'
    'PWD' => '/var/www/html'
    'PLATFORMSH_CLI_UPDATES_CHECK' => '0'
    'DDEV_APPROOT' => '/var/www/html'
    'DDEV_FILES_DIR' => ''
    'START_SCRIPT_TIMEOUT' => '57'
    'APACHE_SITE_TEMPLATE' => '/etc/apache2/apache-site.conf'
    'PHP_INI' => '/etc/php/8.3/fpm/php.ini'
    'DDEV_VERSION' => 'v1.24.10'
    'PRIMARY_SITE_URL' => 'https://derschmuckmacher-v3.ddev.site'
    'TZ' => 'Europe/Zurich'
    'DDEV_XHPROF_MODE' => 'prepend'
    'HTTPS_EXPOSE' => '443:80,8026:8025'
    'COREPACK_HOME' => '/mnt/ddev-global-cache/corepack'
    'CRAFT_DB_DATABASE' => 'db'
    'DDEV_PRIMARY_URL' => 'https://derschmuckmacher-v3.ddev.site'
    'LINES' => '6'
    'DDEV_SITENAME' => 'derschmuckmacher-v3'
    'HOME' => '/home/omar'
    'DRUSH_OPTIONS_URI' => 'https://derschmuckmacher-v3.ddev.site'
    'LANG' => 'C.UTF-8'
    'COLUMNS' => '371'
    'DDEV_MUTAGEN_ENABLED' => 'true'
    'DDEV_USER' => 'omar'
    'PGUSER' => 'db'
    'TERMINUS_CACHE_DIR' => '/mnt/ddev-global-cache/terminus/cache'
    'DDEV_PRIMARY_URL_PORT' => '443'
    'DDEV_ROUTER_HTTP_PORT' => '80'
    'MAILPIT_SMTP_HOSTNAME' => '127.0.0.1'
    'CRAFT_DB_DRIVER' => 'mysql'
    'COMPOSER_PROCESS_TIMEOUT' => '2000'
    'NGINX_SITE_TEMPLATE' => '/etc/nginx/nginx-site.conf'
    'DDEV_FILES_DIRS' => ''
    'CRAFT_DB_SERVER' => 'db'
    'HTTP_EXPOSE' => '80:80,8025:8025'
    'NVM_DIR' => '/home/omar/.nvm'
    'DDEV_PHP_VERSION' => '8.3'
    'DDEV_TLD' => 'ddev.site'
    'DDEV_HOSTNAME' => 'derschmuckmacher-v3.ddev.site'
    'DDEV_PROJECT' => 'derschmuckmacher-v3'
    'DDEV_GOARCH' => 'arm64'
    'VIRTUAL_HOST' => 'derschmuckmacher-v3.ddev.site'
    'TERM' => 'xterm'
    'USER' => 'omar'
    'MYSQL_HISTFILE' => '/mnt/ddev-global-cache/mysqlhistory/derschmuckmacher-v3-web/mysql_history'
    'DDEV_WEB_ENTRYPOINT' => '/mnt/ddev_config/web-entrypoint.d'
    'DDEV_UID' => '501'
    'CAROOT' => '/mnt/ddev-global-cache/mkcert'
    'SHLVL' => '1'
    'COMPOSER_ALLOW_SUPERUSER' => '1'
    'BASH_ENV' => '/etc/bash.nointeractive.bashrc'
    'DDEV_DATABASE' => 'mysql:8.0'
    'PGDATABASE' => 'db'
    'CRAFT_DB_USER' => 'db'
    'DDEV_SCHEME' => 'https'
    'XHPROF_OUTPUT_DIR' => '/tmp/xhprof'
    'COMPOSER_CACHE_DIR' => '/mnt/ddev-global-cache/composer'
    'DDEV_XDEBUG_ENABLED' => 'false'
    'DDEV_DATABASE_FAMILY' => 'mysql'
    'PGHOST' => 'db'
    'DDEV_COMPOSER_ROOT' => '/var/www/html'
    'CRAFT_DB_PASSWORD' => '••'
    'DOCROOT' => 'web'
    'TERMINUS_HIDE_UPDATE_MESSAGE' => '1'
    'PATH' => '/home/omar/bin:/var/www/html/vendor/bin:/usr/local/sbin:/usr/local/bin:/usr/sbin:/usr/bin:/sbin:/bin:/var/www/html/bin:/mnt/ddev-global-cache/global-commands/web'
    'HOST_DOCKER_INTERNAL_IP' => ''
    'DDEV_PROJECT_TYPE' => 'craftcms'
    'DEBIAN_FRONTEND' => 'noninteractive'
    'DDEV_ROUTER_HTTPS_PORT' => '443'
    'EXECIGNORE' => '/var/www/html/vendor/bin/composer'
    'SUPERVISOR_ENABLED' => '1'
    'SUPERVISOR_SERVER_URL' => 'unix:///var/run/supervisor.sock'
    'SUPERVISOR_PROCESS_NAME' => 'php-fpm'
    'SUPERVISOR_GROUP_NAME' => 'php-fpm'
    'HTTP_X_REQUESTED_WITH' => 'XMLHttpRequest'
    'HTTP_X_REGISTERED_JS_FILES' => ''
    'HTTP_X_REGISTERED_ASSET_BUNDLES' => 'e38a2e07,22e517a2,aee7f8dc,26c46c25,e505ffd6,6b4d7555,bb2f10a0,e5e48399,815d39ea,fc0bc163,1ccab40d,1e21896b,54698ee0,b842675b,1c3c9add,4b1fd285,d8d08e47,8f00ce04,8768f48b,cf3018d6,ec6d0256,11858fc6,8550f857,6f12186f,c7a8fe38'
    'HTTP_X_REAL_IP' => '172.18.0.1'
    'HTTP_X_FORWARDED_SERVER' => '617e9e3cc3a1'
    'HTTP_X_FORWARDED_PROTO' => 'https'
    'HTTP_X_FORWARDED_PORT' => '443'
    'HTTP_X_FORWARDED_HOST' => 'derschmuckmacher-v3.ddev.site'
    'HTTP_X_FORWARDED_FOR' => '172.18.0.1'
    'HTTP_X_CSRF_TOKEN' => '••••••••••••••••••••••••••••••••••••••••••••••••••••••••••••••••••••••••••••••••••••••••••••••••••••••••••••'
    'HTTP_TE' => 'trailers'
    'HTTP_SEC_GPC' => '1'
    'HTTP_SEC_FETCH_SITE' => 'same-origin'
    'HTTP_SEC_FETCH_MODE' => 'cors'
    'HTTP_SEC_FETCH_DEST' => 'empty'
    'HTTP_REFERER' => 'https://derschmuckmacher-v3.ddev.site/dW2axQ3b/dashboard'
    'HTTP_COOKIE' => 'cookieconsent_status=allow; CRAFT_CSRF_TOKEN=c46764d17b682367679c529f1043872bbfd294280b0a6b522869cb3868f8a6a6a%3A2%3A%7Bi%3A0%3Bs%3A16%3A%22CRAFT_CSRF_TOKEN%22%3Bi%3A1%3Bs%3A40%3A%22oscGmXtgN7lH1IINFeBh9KwfL0sWDqIBBHQCFaaO%22%3B%7D; CraftSessionId=8dln48qoin5lenmi6jccge1uaf; a8b7b1ec9ffb8baf2c6eaa253fe57112_username=26b9ec8568da68d3882e55afaa5d203483c6c5810ee05b5a55c8a0eb10cab93ea%3A2%3A%7Bi%3A0%3Bs%3A41%3A%22a8b7b1ec9ffb8baf2c6eaa253fe57112_username%22%3Bi%3A1%3Bs%3A8%3A%22odegiuli%22%3B%7D; Craft-3626ffc1-d0a3-42e3-98aa-37e8aa759561_sidebar=expanded'
    'HTTP_ACCEPT_LANGUAGE' => 'de,en-US;q=0.9,en;q=0.8'
    'HTTP_ACCEPT_ENCODING' => 'gzip, deflate, br, zstd'
    'HTTP_ACCEPT' => 'application/json, text/plain, */*'
    'HTTP_USER_AGENT' => 'Mozilla/5.0 (Macintosh; Intel Mac OS X 10.15; rv:150.0) Gecko/20100101 Firefox/150.0'
    'HTTP_HOST' => 'derschmuckmacher-v3.ddev.site'
    'HTTPS' => 'on'
    'REDIRECT_STATUS' => '200'
    'SERVER_NAME' => 'derschmuckmacher-v3.ddev.site'
    'SERVER_PORT' => '80'
    'SERVER_ADDR' => '172.18.0.3'
    'REMOTE_PORT' => '39124'
    'REMOTE_ADDR' => '172.18.0.5'
    'SERVER_SOFTWARE' => 'nginx/1.28.0'
    'GATEWAY_INTERFACE' => 'CGI/1.1'
    'REQUEST_SCHEME' => 'http'
    'SERVER_PROTOCOL' => 'HTTP/1.1'
    'DOCUMENT_ROOT' => '/var/www/html/web'
    'DOCUMENT_URI' => '/index.php'
    'REQUEST_URI' => '/index.php?p=dW2axQ3b%2Factions%2Fusers%2Fsession-info&dontExtendSession=1&v=1778902874318'
    'CONTENT_LENGTH' => ''
    'CONTENT_TYPE' => ''
    'REQUEST_METHOD' => 'GET'
    'QUERY_STRING' => 'p=dW2axQ3b%2Factions%2Fusers%2Fsession-info&dontExtendSession=1&v=1778902874318'
    'SCRIPT_NAME' => '/index.php'
    'SCRIPT_FILENAME' => '/var/www/html/web/index.php'
    'FCGI_ROLE' => 'RESPONDER'
    'PHP_SELF' => '/index.php'
    'REQUEST_TIME_FLOAT' => 1778901940.9303
    'REQUEST_TIME' => 1778901940
    'CRAFT_APP_ID' => 'CraftCMS--3933bc78-29f5-4b79-bcc5-c31faf0fcd20'
    'CRAFT_ENVIRONMENT' => 'dev'
    'ENVIRONMENT' => 'dev'
    'CRAFT_SECURITY_KEY' => '••••••••••••••••••••••••••••••••'
    'CP_TRIGGER' => 'dW2axQ3b'
    'CRAFT_DB_SCHEMA' => 'public'
    'CRAFT_DB_TABLE_PREFIX' => ''
    'DEV_MODE' => 'true'
    'ALLOW_ADMIN_CHANGES' => 'true'
    'DISALLOW_ROBOTS' => 'true'
    'TIMEZONE' => 'Europe/Zurich'
    'CAPTCHA_SITE_KEY' => '••••••••••••••••••••••••••••••••••••••••'
    'CAPTCHA_SECRET_KEY' => '••••••••••••••••••••••••••••••••••••••••'
    'WEB_URL' => 'https://derschmuckmacher-v3.ddev.site'
    'WEB_ROOT' => '/var/www/html/web'
    'ASSETS_BASE_URL' => 'https://derschmuckmacher-v3.ddev.site/public'
    'ASSETS_BASE_PATH' => '/var/www/html/web/public'
    'SCHMUCK_BASE_URL' => 'https://derschmuckmacher-v3.ddev.site/public/uploads/schmuck'
    'SCHMUCK_BASE_PATH' => '/var/www/html/web/public/uploads/schmuck'
    'BILDER_BASE_URL' => 'https://derschmuckmacher-v3.ddev.site/public/uploads/bilder'
    'BILDER_BASE_PATH' => '/var/www/html/web/public/uploads/bilder'
] {"environment":"dev"} 
2026-05-16 05:47:10 [web.INFO] [yii\db\Connection::open] Opening DB connection: mysql:host=db;dbname=db;port=3306 {"memory":1097536} 
2026-05-16 05:47:10 [web.INFO] [yii\web\Session::open] Session started {"memory":1517664} 
2026-05-16 05:47:10 [web.INFO] [nystudio107\codeeditor\CodeEditor::bootstrap] CodeEditor module bootstrapped {"memory":1538632} 
2026-05-16 05:47:10 [web.INFO] [adigital\cookieconsentbanner\CookieConsentBanner::init] Cookie Consent Banner plugin loaded {"memory":1753640} 
2026-05-16 05:47:10 [web.INFO] [miranj\obfuscator\Obfuscator::init] Obfuscator plugin loaded {"memory":2717712} 
2026-05-16 05:47:10 [web.INFO] [yii\db\Connection::open] Opening DB connection: mysql:host=db;dbname=db;port=3306 {"memory":2826416} 
2026-05-16 05:47:10 [web.INFO] [application] Request context:
$_GET = [
    'p' => 'dW2axQ3b/actions/users/session-info'
    'dontExtendSession' => '1'
    'v' => '1778903230671'
]

$_POST = []

$_FILES = []

$_COOKIE = [
    'cookieconsent_status' => 'allow'
    'CRAFT_CSRF_TOKEN' => '••••••••••••••••••••••••••••••••••••••••••••••••••••••••••••••••••••••••••••••••••••••••••••••••••••••••••••••••••••••••••••••••••••••••••••••••••••••'
    'CraftSessionId' => '8dln48qoin5lenmi6jccge1uaf'
    'a8b7b1ec9ffb8baf2c6eaa253fe57112_username' => '26b9ec8568da68d3882e55afaa5d203483c6c5810ee05b5a55c8a0eb10cab93ea:2:{i:0;s:41:\"a8b7b1ec9ffb8baf2c6eaa253fe57112_username\";i:1;s:8:\"odegiuli\";}'
    'Craft-3626ffc1-d0a3-42e3-98aa-37e8aa759561_sidebar' => 'expanded'
]

$_SESSION = [
    '22b6a59deafcfb2ffb13c3adf3d98a3b__flash' => []
]

$_SERVER = [
    'DEPLOY_NAME' => 'local'
    'DDEV_WEBSERVER_TYPE' => 'nginx-fpm'
    'npm_config_cache' => '/mnt/ddev-global-cache/npm'
    'COREPACK_ENABLE_DOWNLOAD_PROMPT' => '0'
    'DDEV_GOOS' => 'darwin'
    'IS_DDEV_PROJECT' => 'true'
    'PHP_DEFAULT_VERSION' => '8.3'
    'HOSTNAME' => 'derschmuckmacher-v3-web'
    'MAILPIT_SMTP_PORT' => '1025'
    'MH_SMTP_BIND_ADDR' => '127.0.0.1:1025'
    'DDEV_PRIMARY_URL_WITHOUT_PORT' => 'https://derschmuckmacher-v3.ddev.site'
    'CRAFT_DB_PORT' => '3306'
    'SSH_AUTH_SOCK' => '/home/.ssh-agent/socket'
    'DDEV_GID' => '20'
    'NODE_EXTRA_CA_CERTS' => '/mnt/ddev-global-cache/mkcert/rootCA.pem'
    'DOCKER_IP' => '127.0.0.1'
    'PGPASSWORD' => 'db'
    'CRAFT_WEB_ROOT' => '/var/www/html/web'
    'DDEV_DOCROOT' => 'web'
    'PWD' => '/var/www/html'
    'PLATFORMSH_CLI_UPDATES_CHECK' => '0'
    'DDEV_APPROOT' => '/var/www/html'
    'DDEV_FILES_DIR' => ''
    'START_SCRIPT_TIMEOUT' => '57'
    'APACHE_SITE_TEMPLATE' => '/etc/apache2/apache-site.conf'
    'PHP_INI' => '/etc/php/8.3/fpm/php.ini'
    'DDEV_VERSION' => 'v1.24.10'
    'PRIMARY_SITE_URL' => 'https://derschmuckmacher-v3.ddev.site'
    'TZ' => 'Europe/Zurich'
    'DDEV_XHPROF_MODE' => 'prepend'
    'HTTPS_EXPOSE' => '443:80,8026:8025'
    'COREPACK_HOME' => '/mnt/ddev-global-cache/corepack'
    'CRAFT_DB_DATABASE' => 'db'
    'DDEV_PRIMARY_URL' => 'https://derschmuckmacher-v3.ddev.site'
    'LINES' => '6'
    'DDEV_SITENAME' => 'derschmuckmacher-v3'
    'HOME' => '/home/omar'
    'DRUSH_OPTIONS_URI' => 'https://derschmuckmacher-v3.ddev.site'
    'LANG' => 'C.UTF-8'
    'COLUMNS' => '371'
    'DDEV_MUTAGEN_ENABLED' => 'true'
    'DDEV_USER' => 'omar'
    'PGUSER' => 'db'
    'TERMINUS_CACHE_DIR' => '/mnt/ddev-global-cache/terminus/cache'
    'DDEV_PRIMARY_URL_PORT' => '443'
    'DDEV_ROUTER_HTTP_PORT' => '80'
    'MAILPIT_SMTP_HOSTNAME' => '127.0.0.1'
    'CRAFT_DB_DRIVER' => 'mysql'
    'COMPOSER_PROCESS_TIMEOUT' => '2000'
    'NGINX_SITE_TEMPLATE' => '/etc/nginx/nginx-site.conf'
    'DDEV_FILES_DIRS' => ''
    'CRAFT_DB_SERVER' => 'db'
    'HTTP_EXPOSE' => '80:80,8025:8025'
    'NVM_DIR' => '/home/omar/.nvm'
    'DDEV_PHP_VERSION' => '8.3'
    'DDEV_TLD' => 'ddev.site'
    'DDEV_HOSTNAME' => 'derschmuckmacher-v3.ddev.site'
    'DDEV_PROJECT' => 'derschmuckmacher-v3'
    'DDEV_GOARCH' => 'arm64'
    'VIRTUAL_HOST' => 'derschmuckmacher-v3.ddev.site'
    'TERM' => 'xterm'
    'USER' => 'omar'
    'MYSQL_HISTFILE' => '/mnt/ddev-global-cache/mysqlhistory/derschmuckmacher-v3-web/mysql_history'
    'DDEV_WEB_ENTRYPOINT' => '/mnt/ddev_config/web-entrypoint.d'
    'DDEV_UID' => '501'
    'CAROOT' => '/mnt/ddev-global-cache/mkcert'
    'SHLVL' => '1'
    'COMPOSER_ALLOW_SUPERUSER' => '1'
    'BASH_ENV' => '/etc/bash.nointeractive.bashrc'
    'DDEV_DATABASE' => 'mysql:8.0'
    'PGDATABASE' => 'db'
    'CRAFT_DB_USER' => 'db'
    'DDEV_SCHEME' => 'https'
    'XHPROF_OUTPUT_DIR' => '/tmp/xhprof'
    'COMPOSER_CACHE_DIR' => '/mnt/ddev-global-cache/composer'
    'DDEV_XDEBUG_ENABLED' => 'false'
    'DDEV_DATABASE_FAMILY' => 'mysql'
    'PGHOST' => 'db'
    'DDEV_COMPOSER_ROOT' => '/var/www/html'
    'CRAFT_DB_PASSWORD' => '••'
    'DOCROOT' => 'web'
    'TERMINUS_HIDE_UPDATE_MESSAGE' => '1'
    'PATH' => '/home/omar/bin:/var/www/html/vendor/bin:/usr/local/sbin:/usr/local/bin:/usr/sbin:/usr/bin:/sbin:/bin:/var/www/html/bin:/mnt/ddev-global-cache/global-commands/web'
    'HOST_DOCKER_INTERNAL_IP' => ''
    'DDEV_PROJECT_TYPE' => 'craftcms'
    'DEBIAN_FRONTEND' => 'noninteractive'
    'DDEV_ROUTER_HTTPS_PORT' => '443'
    'EXECIGNORE' => '/var/www/html/vendor/bin/composer'
    'SUPERVISOR_ENABLED' => '1'
    'SUPERVISOR_SERVER_URL' => 'unix:///var/run/supervisor.sock'
    'SUPERVISOR_PROCESS_NAME' => 'php-fpm'
    'SUPERVISOR_GROUP_NAME' => 'php-fpm'
    'HTTP_X_REQUESTED_WITH' => 'XMLHttpRequest'
    'HTTP_X_REGISTERED_JS_FILES' => ''
    'HTTP_X_REGISTERED_ASSET_BUNDLES' => 'e38a2e07,22e517a2,aee7f8dc,26c46c25,e505ffd6,6b4d7555,bb2f10a0,e5e48399,815d39ea,fc0bc163,1ccab40d,1e21896b,54698ee0,b842675b,1c3c9add,4b1fd285,d8d08e47,8f00ce04,8768f48b,cf3018d6,ec6d0256,11858fc6,8550f857,6f12186f,c7a8fe38'
    'HTTP_X_REAL_IP' => '172.18.0.1'
    'HTTP_X_FORWARDED_SERVER' => '617e9e3cc3a1'
    'HTTP_X_FORWARDED_PROTO' => 'https'
    'HTTP_X_FORWARDED_PORT' => '443'
    'HTTP_X_FORWARDED_HOST' => 'derschmuckmacher-v3.ddev.site'
    'HTTP_X_FORWARDED_FOR' => '172.18.0.1'
    'HTTP_X_CSRF_TOKEN' => '••••••••••••••••••••••••••••••••••••••••••••••••••••••••••••••••••••••••••••••••••••••••••••••••••••••••••••'
    'HTTP_TE' => 'trailers'
    'HTTP_SEC_GPC' => '1'
    'HTTP_SEC_FETCH_SITE' => 'same-origin'
    'HTTP_SEC_FETCH_MODE' => 'cors'
    'HTTP_SEC_FETCH_DEST' => 'empty'
    'HTTP_REFERER' => 'https://derschmuckmacher-v3.ddev.site/dW2axQ3b/dashboard'
    'HTTP_COOKIE' => 'cookieconsent_status=allow; CRAFT_CSRF_TOKEN=c46764d17b682367679c529f1043872bbfd294280b0a6b522869cb3868f8a6a6a%3A2%3A%7Bi%3A0%3Bs%3A16%3A%22CRAFT_CSRF_TOKEN%22%3Bi%3A1%3Bs%3A40%3A%22oscGmXtgN7lH1IINFeBh9KwfL0sWDqIBBHQCFaaO%22%3B%7D; CraftSessionId=8dln48qoin5lenmi6jccge1uaf; a8b7b1ec9ffb8baf2c6eaa253fe57112_username=26b9ec8568da68d3882e55afaa5d203483c6c5810ee05b5a55c8a0eb10cab93ea%3A2%3A%7Bi%3A0%3Bs%3A41%3A%22a8b7b1ec9ffb8baf2c6eaa253fe57112_username%22%3Bi%3A1%3Bs%3A8%3A%22odegiuli%22%3B%7D; Craft-3626ffc1-d0a3-42e3-98aa-37e8aa759561_sidebar=expanded'
    'HTTP_ACCEPT_LANGUAGE' => 'de,en-US;q=0.9,en;q=0.8'
    'HTTP_ACCEPT_ENCODING' => 'gzip, deflate, br, zstd'
    'HTTP_ACCEPT' => 'application/json, text/plain, */*'
    'HTTP_USER_AGENT' => 'Mozilla/5.0 (Macintosh; Intel Mac OS X 10.15; rv:150.0) Gecko/20100101 Firefox/150.0'
    'HTTP_HOST' => 'derschmuckmacher-v3.ddev.site'
    'HTTPS' => 'on'
    'REDIRECT_STATUS' => '200'
    'SERVER_NAME' => 'derschmuckmacher-v3.ddev.site'
    'SERVER_PORT' => '80'
    'SERVER_ADDR' => '172.18.0.3'
    'REMOTE_PORT' => '51972'
    'REMOTE_ADDR' => '172.18.0.5'
    'SERVER_SOFTWARE' => 'nginx/1.28.0'
    'GATEWAY_INTERFACE' => 'CGI/1.1'
    'REQUEST_SCHEME' => 'http'
    'SERVER_PROTOCOL' => 'HTTP/1.1'
    'DOCUMENT_ROOT' => '/var/www/html/web'
    'DOCUMENT_URI' => '/index.php'
    'REQUEST_URI' => '/index.php?p=dW2axQ3b%2Factions%2Fusers%2Fsession-info&dontExtendSession=1&v=1778903230671'
    'CONTENT_LENGTH' => ''
    'CONTENT_TYPE' => ''
    'REQUEST_METHOD' => 'GET'
    'QUERY_STRING' => 'p=dW2axQ3b%2Factions%2Fusers%2Fsession-info&dontExtendSession=1&v=1778903230671'
    'SCRIPT_NAME' => '/index.php'
    'SCRIPT_FILENAME' => '/var/www/html/web/index.php'
    'FCGI_ROLE' => 'RESPONDER'
    'PHP_SELF' => '/index.php'
    'REQUEST_TIME_FLOAT' => 1778903230.6877
    'REQUEST_TIME' => 1778903230
    'CRAFT_APP_ID' => 'CraftCMS--3933bc78-29f5-4b79-bcc5-c31faf0fcd20'
    'CRAFT_ENVIRONMENT' => 'dev'
    'ENVIRONMENT' => 'dev'
    'CRAFT_SECURITY_KEY' => '••••••••••••••••••••••••••••••••'
    'CP_TRIGGER' => 'dW2axQ3b'
    'CRAFT_DB_SCHEMA' => 'public'
    'CRAFT_DB_TABLE_PREFIX' => ''
    'DEV_MODE' => 'true'
    'ALLOW_ADMIN_CHANGES' => 'true'
    'DISALLOW_ROBOTS' => 'true'
    'TIMEZONE' => 'Europe/Zurich'
    'CAPTCHA_SITE_KEY' => '••••••••••••••••••••••••••••••••••••••••'
    'CAPTCHA_SECRET_KEY' => '••••••••••••••••••••••••••••••••••••••••'
    'WEB_URL' => 'https://derschmuckmacher-v3.ddev.site'
    'WEB_ROOT' => '/var/www/html/web'
    'ASSETS_BASE_URL' => 'https://derschmuckmacher-v3.ddev.site/public'
    'ASSETS_BASE_PATH' => '/var/www/html/web/public'
    'SCHMUCK_BASE_URL' => 'https://derschmuckmacher-v3.ddev.site/public/uploads/schmuck'
    'SCHMUCK_BASE_PATH' => '/var/www/html/web/public/uploads/schmuck'
    'BILDER_BASE_URL' => 'https://derschmuckmacher-v3.ddev.site/public/uploads/bilder'
    'BILDER_BASE_PATH' => '/var/www/html/web/public/uploads/bilder'
] {"environment":"dev"} 
2026-05-16 05:52:20 [web.INFO] [yii\db\Connection::open] Opening DB connection: mysql:host=db;dbname=db;port=3306 {"memory":1097536} 
2026-05-16 05:52:20 [web.INFO] [yii\web\Session::open] Session started {"memory":1517664} 
2026-05-16 05:52:20 [web.INFO] [nystudio107\codeeditor\CodeEditor::bootstrap] CodeEditor module bootstrapped {"memory":1538632} 
2026-05-16 05:52:20 [web.INFO] [adigital\cookieconsentbanner\CookieConsentBanner::init] Cookie Consent Banner plugin loaded {"memory":1753640} 
2026-05-16 05:52:20 [web.INFO] [miranj\obfuscator\Obfuscator::init] Obfuscator plugin loaded {"memory":2717712} 
2026-05-16 05:52:20 [web.INFO] [application] Request context:
$_GET = [
    'p' => 'dW2axQ3b/actions/users/session-info'
    'dontExtendSession' => '1'
    'v' => '1778903540186'
]

$_POST = []

$_FILES = []

$_COOKIE = [
    'cookieconsent_status' => 'allow'
    'CRAFT_CSRF_TOKEN' => '••••••••••••••••••••••••••••••••••••••••••••••••••••••••••••••••••••••••••••••••••••••••••••••••••••••••••••••••••••••••••••••••••••••••••••••••••••••'
    'CraftSessionId' => '8dln48qoin5lenmi6jccge1uaf'
    'a8b7b1ec9ffb8baf2c6eaa253fe57112_username' => '26b9ec8568da68d3882e55afaa5d203483c6c5810ee05b5a55c8a0eb10cab93ea:2:{i:0;s:41:\"a8b7b1ec9ffb8baf2c6eaa253fe57112_username\";i:1;s:8:\"odegiuli\";}'
    'Craft-3626ffc1-d0a3-42e3-98aa-37e8aa759561_sidebar' => 'expanded'
]

$_SESSION = [
    '22b6a59deafcfb2ffb13c3adf3d98a3b__flash' => []
]

$_SERVER = [
    'DEPLOY_NAME' => 'local'
    'DDEV_WEBSERVER_TYPE' => 'nginx-fpm'
    'npm_config_cache' => '/mnt/ddev-global-cache/npm'
    'COREPACK_ENABLE_DOWNLOAD_PROMPT' => '0'
    'DDEV_GOOS' => 'darwin'
    'IS_DDEV_PROJECT' => 'true'
    'PHP_DEFAULT_VERSION' => '8.3'
    'HOSTNAME' => 'derschmuckmacher-v3-web'
    'MAILPIT_SMTP_PORT' => '1025'
    'MH_SMTP_BIND_ADDR' => '127.0.0.1:1025'
    'DDEV_PRIMARY_URL_WITHOUT_PORT' => 'https://derschmuckmacher-v3.ddev.site'
    'CRAFT_DB_PORT' => '3306'
    'SSH_AUTH_SOCK' => '/home/.ssh-agent/socket'
    'DDEV_GID' => '20'
    'NODE_EXTRA_CA_CERTS' => '/mnt/ddev-global-cache/mkcert/rootCA.pem'
    'DOCKER_IP' => '127.0.0.1'
    'PGPASSWORD' => 'db'
    'CRAFT_WEB_ROOT' => '/var/www/html/web'
    'DDEV_DOCROOT' => 'web'
    'PWD' => '/var/www/html'
    'PLATFORMSH_CLI_UPDATES_CHECK' => '0'
    'DDEV_APPROOT' => '/var/www/html'
    'DDEV_FILES_DIR' => ''
    'START_SCRIPT_TIMEOUT' => '57'
    'APACHE_SITE_TEMPLATE' => '/etc/apache2/apache-site.conf'
    'PHP_INI' => '/etc/php/8.3/fpm/php.ini'
    'DDEV_VERSION' => 'v1.24.10'
    'PRIMARY_SITE_URL' => 'https://derschmuckmacher-v3.ddev.site'
    'TZ' => 'Europe/Zurich'
    'DDEV_XHPROF_MODE' => 'prepend'
    'HTTPS_EXPOSE' => '443:80,8026:8025'
    'COREPACK_HOME' => '/mnt/ddev-global-cache/corepack'
    'CRAFT_DB_DATABASE' => 'db'
    'DDEV_PRIMARY_URL' => 'https://derschmuckmacher-v3.ddev.site'
    'LINES' => '6'
    'DDEV_SITENAME' => 'derschmuckmacher-v3'
    'HOME' => '/home/omar'
    'DRUSH_OPTIONS_URI' => 'https://derschmuckmacher-v3.ddev.site'
    'LANG' => 'C.UTF-8'
    'COLUMNS' => '371'
    'DDEV_MUTAGEN_ENABLED' => 'true'
    'DDEV_USER' => 'omar'
    'PGUSER' => 'db'
    'TERMINUS_CACHE_DIR' => '/mnt/ddev-global-cache/terminus/cache'
    'DDEV_PRIMARY_URL_PORT' => '443'
    'DDEV_ROUTER_HTTP_PORT' => '80'
    'MAILPIT_SMTP_HOSTNAME' => '127.0.0.1'
    'CRAFT_DB_DRIVER' => 'mysql'
    'COMPOSER_PROCESS_TIMEOUT' => '2000'
    'NGINX_SITE_TEMPLATE' => '/etc/nginx/nginx-site.conf'
    'DDEV_FILES_DIRS' => ''
    'CRAFT_DB_SERVER' => 'db'
    'HTTP_EXPOSE' => '80:80,8025:8025'
    'NVM_DIR' => '/home/omar/.nvm'
    'DDEV_PHP_VERSION' => '8.3'
    'DDEV_TLD' => 'ddev.site'
    'DDEV_HOSTNAME' => 'derschmuckmacher-v3.ddev.site'
    'DDEV_PROJECT' => 'derschmuckmacher-v3'
    'DDEV_GOARCH' => 'arm64'
    'VIRTUAL_HOST' => 'derschmuckmacher-v3.ddev.site'
    'TERM' => 'xterm'
    'USER' => 'omar'
    'MYSQL_HISTFILE' => '/mnt/ddev-global-cache/mysqlhistory/derschmuckmacher-v3-web/mysql_history'
    'DDEV_WEB_ENTRYPOINT' => '/mnt/ddev_config/web-entrypoint.d'
    'DDEV_UID' => '501'
    'CAROOT' => '/mnt/ddev-global-cache/mkcert'
    'SHLVL' => '1'
    'COMPOSER_ALLOW_SUPERUSER' => '1'
    'BASH_ENV' => '/etc/bash.nointeractive.bashrc'
    'DDEV_DATABASE' => 'mysql:8.0'
    'PGDATABASE' => 'db'
    'CRAFT_DB_USER' => 'db'
    'DDEV_SCHEME' => 'https'
    'XHPROF_OUTPUT_DIR' => '/tmp/xhprof'
    'COMPOSER_CACHE_DIR' => '/mnt/ddev-global-cache/composer'
    'DDEV_XDEBUG_ENABLED' => 'false'
    'DDEV_DATABASE_FAMILY' => 'mysql'
    'PGHOST' => 'db'
    'DDEV_COMPOSER_ROOT' => '/var/www/html'
    'CRAFT_DB_PASSWORD' => '••'
    'DOCROOT' => 'web'
    'TERMINUS_HIDE_UPDATE_MESSAGE' => '1'
    'PATH' => '/home/omar/bin:/var/www/html/vendor/bin:/usr/local/sbin:/usr/local/bin:/usr/sbin:/usr/bin:/sbin:/bin:/var/www/html/bin:/mnt/ddev-global-cache/global-commands/web'
    'HOST_DOCKER_INTERNAL_IP' => ''
    'DDEV_PROJECT_TYPE' => 'craftcms'
    'DEBIAN_FRONTEND' => 'noninteractive'
    'DDEV_ROUTER_HTTPS_PORT' => '443'
    'EXECIGNORE' => '/var/www/html/vendor/bin/composer'
    'SUPERVISOR_ENABLED' => '1'
    'SUPERVISOR_SERVER_URL' => 'unix:///var/run/supervisor.sock'
    'SUPERVISOR_PROCESS_NAME' => 'php-fpm'
    'SUPERVISOR_GROUP_NAME' => 'php-fpm'
    'HTTP_X_REQUESTED_WITH' => 'XMLHttpRequest'
    'HTTP_X_REGISTERED_JS_FILES' => ''
    'HTTP_X_REGISTERED_ASSET_BUNDLES' => 'e38a2e07,22e517a2,aee7f8dc,26c46c25,e505ffd6,6b4d7555,bb2f10a0,e5e48399,815d39ea,fc0bc163,1ccab40d,1e21896b,54698ee0,b842675b,1c3c9add,4b1fd285,d8d08e47,8f00ce04,8768f48b,cf3018d6,ec6d0256,11858fc6,8550f857,6f12186f,c7a8fe38'
    'HTTP_X_REAL_IP' => '172.18.0.1'
    'HTTP_X_FORWARDED_SERVER' => '617e9e3cc3a1'
    'HTTP_X_FORWARDED_PROTO' => 'https'
    'HTTP_X_FORWARDED_PORT' => '443'
    'HTTP_X_FORWARDED_HOST' => 'derschmuckmacher-v3.ddev.site'
    'HTTP_X_FORWARDED_FOR' => '172.18.0.1'
    'HTTP_X_CSRF_TOKEN' => '••••••••••••••••••••••••••••••••••••••••••••••••••••••••••••••••••••••••••••••••••••••••••••••••••••••••••••'
    'HTTP_TE' => 'trailers'
    'HTTP_SEC_GPC' => '1'
    'HTTP_SEC_FETCH_SITE' => 'same-origin'
    'HTTP_SEC_FETCH_MODE' => 'cors'
    'HTTP_SEC_FETCH_DEST' => 'empty'
    'HTTP_REFERER' => 'https://derschmuckmacher-v3.ddev.site/dW2axQ3b/dashboard'
    'HTTP_COOKIE' => 'cookieconsent_status=allow; CRAFT_CSRF_TOKEN=c46764d17b682367679c529f1043872bbfd294280b0a6b522869cb3868f8a6a6a%3A2%3A%7Bi%3A0%3Bs%3A16%3A%22CRAFT_CSRF_TOKEN%22%3Bi%3A1%3Bs%3A40%3A%22oscGmXtgN7lH1IINFeBh9KwfL0sWDqIBBHQCFaaO%22%3B%7D; CraftSessionId=8dln48qoin5lenmi6jccge1uaf; a8b7b1ec9ffb8baf2c6eaa253fe57112_username=26b9ec8568da68d3882e55afaa5d203483c6c5810ee05b5a55c8a0eb10cab93ea%3A2%3A%7Bi%3A0%3Bs%3A41%3A%22a8b7b1ec9ffb8baf2c6eaa253fe57112_username%22%3Bi%3A1%3Bs%3A8%3A%22odegiuli%22%3B%7D; Craft-3626ffc1-d0a3-42e3-98aa-37e8aa759561_sidebar=expanded'
    'HTTP_ACCEPT_LANGUAGE' => 'de,en-US;q=0.9,en;q=0.8'
    'HTTP_ACCEPT_ENCODING' => 'gzip, deflate, br, zstd'
    'HTTP_ACCEPT' => 'application/json, text/plain, */*'
    'HTTP_USER_AGENT' => 'Mozilla/5.0 (Macintosh; Intel Mac OS X 10.15; rv:150.0) Gecko/20100101 Firefox/150.0'
    'HTTP_HOST' => 'derschmuckmacher-v3.ddev.site'
    'HTTPS' => 'on'
    'REDIRECT_STATUS' => '200'
    'SERVER_NAME' => 'derschmuckmacher-v3.ddev.site'
    'SERVER_PORT' => '80'
    'SERVER_ADDR' => '172.18.0.3'
    'REMOTE_PORT' => '55472'
    'REMOTE_ADDR' => '172.18.0.5'
    'SERVER_SOFTWARE' => 'nginx/1.28.0'
    'GATEWAY_INTERFACE' => 'CGI/1.1'
    'REQUEST_SCHEME' => 'http'
    'SERVER_PROTOCOL' => 'HTTP/1.1'
    'DOCUMENT_ROOT' => '/var/www/html/web'
    'DOCUMENT_URI' => '/index.php'
    'REQUEST_URI' => '/index.php?p=dW2axQ3b%2Factions%2Fusers%2Fsession-info&dontExtendSession=1&v=1778903540186'
    'CONTENT_LENGTH' => ''
    'CONTENT_TYPE' => ''
    'REQUEST_METHOD' => 'GET'
    'QUERY_STRING' => 'p=dW2axQ3b%2Factions%2Fusers%2Fsession-info&dontExtendSession=1&v=1778903540186'
    'SCRIPT_NAME' => '/index.php'
    'SCRIPT_FILENAME' => '/var/www/html/web/index.php'
    'FCGI_ROLE' => 'RESPONDER'
    'PHP_SELF' => '/index.php'
    'REQUEST_TIME_FLOAT' => 1778903540.204
    'REQUEST_TIME' => 1778903540
    'CRAFT_APP_ID' => 'CraftCMS--3933bc78-29f5-4b79-bcc5-c31faf0fcd20'
    'CRAFT_ENVIRONMENT' => 'dev'
    'ENVIRONMENT' => 'dev'
    'CRAFT_SECURITY_KEY' => '••••••••••••••••••••••••••••••••'
    'CP_TRIGGER' => 'dW2axQ3b'
    'CRAFT_DB_SCHEMA' => 'public'
    'CRAFT_DB_TABLE_PREFIX' => ''
    'DEV_MODE' => 'true'
    'ALLOW_ADMIN_CHANGES' => 'true'
    'DISALLOW_ROBOTS' => 'true'
    'TIMEZONE' => 'Europe/Zurich'
    'CAPTCHA_SITE_KEY' => '••••••••••••••••••••••••••••••••••••••••'
    'CAPTCHA_SECRET_KEY' => '••••••••••••••••••••••••••••••••••••••••'
    'WEB_URL' => 'https://derschmuckmacher-v3.ddev.site'
    'WEB_ROOT' => '/var/www/html/web'
    'ASSETS_BASE_URL' => 'https://derschmuckmacher-v3.ddev.site/public'
    'ASSETS_BASE_PATH' => '/var/www/html/web/public'
    'SCHMUCK_BASE_URL' => 'https://derschmuckmacher-v3.ddev.site/public/uploads/schmuck'
    'SCHMUCK_BASE_PATH' => '/var/www/html/web/public/uploads/schmuck'
    'BILDER_BASE_URL' => 'https://derschmuckmacher-v3.ddev.site/public/uploads/bilder'
    'BILDER_BASE_PATH' => '/var/www/html/web/public/uploads/bilder'
] {"environment":"dev"} 
2026-05-16 06:08:21 [web.INFO] [yii\db\Connection::open] Opening DB connection: mysql:host=db;dbname=db;port=3306 {"memory":1097536} 
2026-05-16 06:08:21 [web.INFO] [yii\web\Session::open] Session started {"memory":1517664} 
2026-05-16 06:08:21 [web.INFO] [nystudio107\codeeditor\CodeEditor::bootstrap] CodeEditor module bootstrapped {"memory":1538632} 
2026-05-16 06:08:21 [web.INFO] [adigital\cookieconsentbanner\CookieConsentBanner::init] Cookie Consent Banner plugin loaded {"memory":1753640} 
2026-05-16 06:08:21 [web.INFO] [miranj\obfuscator\Obfuscator::init] Obfuscator plugin loaded {"memory":2717712} 
2026-05-16 06:08:21 [web.INFO] [application] Request context:
$_GET = [
    'p' => 'dW2axQ3b/actions/users/session-info'
    'dontExtendSession' => '1'
    'v' => '1778904501135'
]

$_POST = []

$_FILES = []

$_COOKIE = [
    'cookieconsent_status' => 'allow'
    'CRAFT_CSRF_TOKEN' => '••••••••••••••••••••••••••••••••••••••••••••••••••••••••••••••••••••••••••••••••••••••••••••••••••••••••••••••••••••••••••••••••••••••••••••••••••••••'
    'CraftSessionId' => '8dln48qoin5lenmi6jccge1uaf'
    'a8b7b1ec9ffb8baf2c6eaa253fe57112_username' => '26b9ec8568da68d3882e55afaa5d203483c6c5810ee05b5a55c8a0eb10cab93ea:2:{i:0;s:41:\"a8b7b1ec9ffb8baf2c6eaa253fe57112_username\";i:1;s:8:\"odegiuli\";}'
    'Craft-3626ffc1-d0a3-42e3-98aa-37e8aa759561_sidebar' => 'expanded'
]

$_SESSION = [
    '22b6a59deafcfb2ffb13c3adf3d98a3b__flash' => []
]

$_SERVER = [
    'DEPLOY_NAME' => 'local'
    'DDEV_WEBSERVER_TYPE' => 'nginx-fpm'
    'npm_config_cache' => '/mnt/ddev-global-cache/npm'
    'COREPACK_ENABLE_DOWNLOAD_PROMPT' => '0'
    'DDEV_GOOS' => 'darwin'
    'IS_DDEV_PROJECT' => 'true'
    'PHP_DEFAULT_VERSION' => '8.3'
    'HOSTNAME' => 'derschmuckmacher-v3-web'
    'MAILPIT_SMTP_PORT' => '1025'
    'MH_SMTP_BIND_ADDR' => '127.0.0.1:1025'
    'DDEV_PRIMARY_URL_WITHOUT_PORT' => 'https://derschmuckmacher-v3.ddev.site'
    'CRAFT_DB_PORT' => '3306'
    'SSH_AUTH_SOCK' => '/home/.ssh-agent/socket'
    'DDEV_GID' => '20'
    'NODE_EXTRA_CA_CERTS' => '/mnt/ddev-global-cache/mkcert/rootCA.pem'
    'DOCKER_IP' => '127.0.0.1'
    'PGPASSWORD' => 'db'
    'CRAFT_WEB_ROOT' => '/var/www/html/web'
    'DDEV_DOCROOT' => 'web'
    'PWD' => '/var/www/html'
    'PLATFORMSH_CLI_UPDATES_CHECK' => '0'
    'DDEV_APPROOT' => '/var/www/html'
    'DDEV_FILES_DIR' => ''
    'START_SCRIPT_TIMEOUT' => '57'
    'APACHE_SITE_TEMPLATE' => '/etc/apache2/apache-site.conf'
    'PHP_INI' => '/etc/php/8.3/fpm/php.ini'
    'DDEV_VERSION' => 'v1.24.10'
    'PRIMARY_SITE_URL' => 'https://derschmuckmacher-v3.ddev.site'
    'TZ' => 'Europe/Zurich'
    'DDEV_XHPROF_MODE' => 'prepend'
    'HTTPS_EXPOSE' => '443:80,8026:8025'
    'COREPACK_HOME' => '/mnt/ddev-global-cache/corepack'
    'CRAFT_DB_DATABASE' => 'db'
    'DDEV_PRIMARY_URL' => 'https://derschmuckmacher-v3.ddev.site'
    'LINES' => '6'
    'DDEV_SITENAME' => 'derschmuckmacher-v3'
    'HOME' => '/home/omar'
    'DRUSH_OPTIONS_URI' => 'https://derschmuckmacher-v3.ddev.site'
    'LANG' => 'C.UTF-8'
    'COLUMNS' => '371'
    'DDEV_MUTAGEN_ENABLED' => 'true'
    'DDEV_USER' => 'omar'
    'PGUSER' => 'db'
    'TERMINUS_CACHE_DIR' => '/mnt/ddev-global-cache/terminus/cache'
    'DDEV_PRIMARY_URL_PORT' => '443'
    'DDEV_ROUTER_HTTP_PORT' => '80'
    'MAILPIT_SMTP_HOSTNAME' => '127.0.0.1'
    'CRAFT_DB_DRIVER' => 'mysql'
    'COMPOSER_PROCESS_TIMEOUT' => '2000'
    'NGINX_SITE_TEMPLATE' => '/etc/nginx/nginx-site.conf'
    'DDEV_FILES_DIRS' => ''
    'CRAFT_DB_SERVER' => 'db'
    'HTTP_EXPOSE' => '80:80,8025:8025'
    'NVM_DIR' => '/home/omar/.nvm'
    'DDEV_PHP_VERSION' => '8.3'
    'DDEV_TLD' => 'ddev.site'
    'DDEV_HOSTNAME' => 'derschmuckmacher-v3.ddev.site'
    'DDEV_PROJECT' => 'derschmuckmacher-v3'
    'DDEV_GOARCH' => 'arm64'
    'VIRTUAL_HOST' => 'derschmuckmacher-v3.ddev.site'
    'TERM' => 'xterm'
    'USER' => 'omar'
    'MYSQL_HISTFILE' => '/mnt/ddev-global-cache/mysqlhistory/derschmuckmacher-v3-web/mysql_history'
    'DDEV_WEB_ENTRYPOINT' => '/mnt/ddev_config/web-entrypoint.d'
    'DDEV_UID' => '501'
    'CAROOT' => '/mnt/ddev-global-cache/mkcert'
    'SHLVL' => '1'
    'COMPOSER_ALLOW_SUPERUSER' => '1'
    'BASH_ENV' => '/etc/bash.nointeractive.bashrc'
    'DDEV_DATABASE' => 'mysql:8.0'
    'PGDATABASE' => 'db'
    'CRAFT_DB_USER' => 'db'
    'DDEV_SCHEME' => 'https'
    'XHPROF_OUTPUT_DIR' => '/tmp/xhprof'
    'COMPOSER_CACHE_DIR' => '/mnt/ddev-global-cache/composer'
    'DDEV_XDEBUG_ENABLED' => 'false'
    'DDEV_DATABASE_FAMILY' => 'mysql'
    'PGHOST' => 'db'
    'DDEV_COMPOSER_ROOT' => '/var/www/html'
    'CRAFT_DB_PASSWORD' => '••'
    'DOCROOT' => 'web'
    'TERMINUS_HIDE_UPDATE_MESSAGE' => '1'
    'PATH' => '/home/omar/bin:/var/www/html/vendor/bin:/usr/local/sbin:/usr/local/bin:/usr/sbin:/usr/bin:/sbin:/bin:/var/www/html/bin:/mnt/ddev-global-cache/global-commands/web'
    'HOST_DOCKER_INTERNAL_IP' => ''
    'DDEV_PROJECT_TYPE' => 'craftcms'
    'DEBIAN_FRONTEND' => 'noninteractive'
    'DDEV_ROUTER_HTTPS_PORT' => '443'
    'EXECIGNORE' => '/var/www/html/vendor/bin/composer'
    'SUPERVISOR_ENABLED' => '1'
    'SUPERVISOR_SERVER_URL' => 'unix:///var/run/supervisor.sock'
    'SUPERVISOR_PROCESS_NAME' => 'php-fpm'
    'SUPERVISOR_GROUP_NAME' => 'php-fpm'
    'HTTP_X_REQUESTED_WITH' => 'XMLHttpRequest'
    'HTTP_X_REGISTERED_JS_FILES' => ''
    'HTTP_X_REGISTERED_ASSET_BUNDLES' => 'e38a2e07,22e517a2,aee7f8dc,26c46c25,e505ffd6,6b4d7555,bb2f10a0,e5e48399,815d39ea,fc0bc163,1ccab40d,1e21896b,54698ee0,b842675b,1c3c9add,4b1fd285,d8d08e47,8f00ce04,8768f48b,cf3018d6,ec6d0256,11858fc6,8550f857,6f12186f,c7a8fe38'
    'HTTP_X_REAL_IP' => '172.18.0.1'
    'HTTP_X_FORWARDED_SERVER' => '617e9e3cc3a1'
    'HTTP_X_FORWARDED_PROTO' => 'https'
    'HTTP_X_FORWARDED_PORT' => '443'
    'HTTP_X_FORWARDED_HOST' => 'derschmuckmacher-v3.ddev.site'
    'HTTP_X_FORWARDED_FOR' => '172.18.0.1'
    'HTTP_X_CSRF_TOKEN' => '••••••••••••••••••••••••••••••••••••••••••••••••••••••••••••••••••••••••••••••••••••••••••••••••••••••••••••'
    'HTTP_TE' => 'trailers'
    'HTTP_SEC_GPC' => '1'
    'HTTP_SEC_FETCH_SITE' => 'same-origin'
    'HTTP_SEC_FETCH_MODE' => 'cors'
    'HTTP_SEC_FETCH_DEST' => 'empty'
    'HTTP_REFERER' => 'https://derschmuckmacher-v3.ddev.site/dW2axQ3b/dashboard'
    'HTTP_COOKIE' => 'cookieconsent_status=allow; CRAFT_CSRF_TOKEN=c46764d17b682367679c529f1043872bbfd294280b0a6b522869cb3868f8a6a6a%3A2%3A%7Bi%3A0%3Bs%3A16%3A%22CRAFT_CSRF_TOKEN%22%3Bi%3A1%3Bs%3A40%3A%22oscGmXtgN7lH1IINFeBh9KwfL0sWDqIBBHQCFaaO%22%3B%7D; CraftSessionId=8dln48qoin5lenmi6jccge1uaf; a8b7b1ec9ffb8baf2c6eaa253fe57112_username=26b9ec8568da68d3882e55afaa5d203483c6c5810ee05b5a55c8a0eb10cab93ea%3A2%3A%7Bi%3A0%3Bs%3A41%3A%22a8b7b1ec9ffb8baf2c6eaa253fe57112_username%22%3Bi%3A1%3Bs%3A8%3A%22odegiuli%22%3B%7D; Craft-3626ffc1-d0a3-42e3-98aa-37e8aa759561_sidebar=expanded'
    'HTTP_ACCEPT_LANGUAGE' => 'de,en-US;q=0.9,en;q=0.8'
    'HTTP_ACCEPT_ENCODING' => 'gzip, deflate, br, zstd'
    'HTTP_ACCEPT' => 'application/json, text/plain, */*'
    'HTTP_USER_AGENT' => 'Mozilla/5.0 (Macintosh; Intel Mac OS X 10.15; rv:150.0) Gecko/20100101 Firefox/150.0'
    'HTTP_HOST' => 'derschmuckmacher-v3.ddev.site'
    'HTTPS' => 'on'
    'REDIRECT_STATUS' => '200'
    'SERVER_NAME' => 'derschmuckmacher-v3.ddev.site'
    'SERVER_PORT' => '80'
    'SERVER_ADDR' => '172.18.0.3'
    'REMOTE_PORT' => '60468'
    'REMOTE_ADDR' => '172.18.0.5'
    'SERVER_SOFTWARE' => 'nginx/1.28.0'
    'GATEWAY_INTERFACE' => 'CGI/1.1'
    'REQUEST_SCHEME' => 'http'
    'SERVER_PROTOCOL' => 'HTTP/1.1'
    'DOCUMENT_ROOT' => '/var/www/html/web'
    'DOCUMENT_URI' => '/index.php'
    'REQUEST_URI' => '/index.php?p=dW2axQ3b%2Factions%2Fusers%2Fsession-info&dontExtendSession=1&v=1778904501135'
    'CONTENT_LENGTH' => ''
    'CONTENT_TYPE' => ''
    'REQUEST_METHOD' => 'GET'
    'QUERY_STRING' => 'p=dW2axQ3b%2Factions%2Fusers%2Fsession-info&dontExtendSession=1&v=1778904501135'
    'SCRIPT_NAME' => '/index.php'
    'SCRIPT_FILENAME' => '/var/www/html/web/index.php'
    'FCGI_ROLE' => 'RESPONDER'
    'PHP_SELF' => '/index.php'
    'REQUEST_TIME_FLOAT' => 1778904501.1544
    'REQUEST_TIME' => 1778904501
    'CRAFT_APP_ID' => 'CraftCMS--3933bc78-29f5-4b79-bcc5-c31faf0fcd20'
    'CRAFT_ENVIRONMENT' => 'dev'
    'ENVIRONMENT' => 'dev'
    'CRAFT_SECURITY_KEY' => '••••••••••••••••••••••••••••••••'
    'CP_TRIGGER' => 'dW2axQ3b'
    'CRAFT_DB_SCHEMA' => 'public'
    'CRAFT_DB_TABLE_PREFIX' => ''
    'DEV_MODE' => 'true'
    'ALLOW_ADMIN_CHANGES' => 'true'
    'DISALLOW_ROBOTS' => 'true'
    'TIMEZONE' => 'Europe/Zurich'
    'CAPTCHA_SITE_KEY' => '••••••••••••••••••••••••••••••••••••••••'
    'CAPTCHA_SECRET_KEY' => '••••••••••••••••••••••••••••••••••••••••'
    'WEB_URL' => 'https://derschmuckmacher-v3.ddev.site'
    'WEB_ROOT' => '/var/www/html/web'
    'ASSETS_BASE_URL' => 'https://derschmuckmacher-v3.ddev.site/public'
    'ASSETS_BASE_PATH' => '/var/www/html/web/public'
    'SCHMUCK_BASE_URL' => 'https://derschmuckmacher-v3.ddev.site/public/uploads/schmuck'
    'SCHMUCK_BASE_PATH' => '/var/www/html/web/public/uploads/schmuck'
    'BILDER_BASE_URL' => 'https://derschmuckmacher-v3.ddev.site/public/uploads/bilder'
    'BILDER_BASE_PATH' => '/var/www/html/web/public/uploads/bilder'
] {"environment":"dev"} 
2026-05-16 06:24:26 [web.INFO] [yii\db\Connection::open] Opening DB connection: mysql:host=db;dbname=db;port=3306 {"memory":1097536} 
2026-05-16 06:24:26 [web.INFO] [yii\web\Session::open] Session started {"memory":1517664} 
2026-05-16 06:24:26 [web.INFO] [nystudio107\codeeditor\CodeEditor::bootstrap] CodeEditor module bootstrapped {"memory":1538632} 
2026-05-16 06:24:26 [web.INFO] [adigital\cookieconsentbanner\CookieConsentBanner::init] Cookie Consent Banner plugin loaded {"memory":1753640} 
2026-05-16 06:24:26 [web.INFO] [miranj\obfuscator\Obfuscator::init] Obfuscator plugin loaded {"memory":2719640} 
2026-05-16 06:24:26 [web.INFO] [application] Request context:
$_GET = [
    'p' => 'dW2axQ3b/actions/users/session-info'
    'dontExtendSession' => '1'
    'v' => '1778905556750'
]

$_POST = []

$_FILES = []

$_COOKIE = [
    'cookieconsent_status' => 'allow'
    'CRAFT_CSRF_TOKEN' => '••••••••••••••••••••••••••••••••••••••••••••••••••••••••••••••••••••••••••••••••••••••••••••••••••••••••••••••••••••••••••••••••••••••••••••••••••••••'
    'CraftSessionId' => '8dln48qoin5lenmi6jccge1uaf'
    'a8b7b1ec9ffb8baf2c6eaa253fe57112_username' => '26b9ec8568da68d3882e55afaa5d203483c6c5810ee05b5a55c8a0eb10cab93ea:2:{i:0;s:41:\"a8b7b1ec9ffb8baf2c6eaa253fe57112_username\";i:1;s:8:\"odegiuli\";}'
    'Craft-3626ffc1-d0a3-42e3-98aa-37e8aa759561_sidebar' => 'expanded'
]

$_SESSION = [
    '22b6a59deafcfb2ffb13c3adf3d98a3b__flash' => []
]

$_SERVER = [
    'DEPLOY_NAME' => 'local'
    'DDEV_WEBSERVER_TYPE' => 'nginx-fpm'
    'npm_config_cache' => '/mnt/ddev-global-cache/npm'
    'COREPACK_ENABLE_DOWNLOAD_PROMPT' => '0'
    'DDEV_GOOS' => 'darwin'
    'IS_DDEV_PROJECT' => 'true'
    'PHP_DEFAULT_VERSION' => '8.3'
    'HOSTNAME' => 'derschmuckmacher-v3-web'
    'MAILPIT_SMTP_PORT' => '1025'
    'MH_SMTP_BIND_ADDR' => '127.0.0.1:1025'
    'DDEV_PRIMARY_URL_WITHOUT_PORT' => 'https://derschmuckmacher-v3.ddev.site'
    'CRAFT_DB_PORT' => '3306'
    'SSH_AUTH_SOCK' => '/home/.ssh-agent/socket'
    'DDEV_GID' => '20'
    'NODE_EXTRA_CA_CERTS' => '/mnt/ddev-global-cache/mkcert/rootCA.pem'
    'DOCKER_IP' => '127.0.0.1'
    'PGPASSWORD' => 'db'
    'CRAFT_WEB_ROOT' => '/var/www/html/web'
    'DDEV_DOCROOT' => 'web'
    'PWD' => '/var/www/html'
    'PLATFORMSH_CLI_UPDATES_CHECK' => '0'
    'DDEV_APPROOT' => '/var/www/html'
    'DDEV_FILES_DIR' => ''
    'START_SCRIPT_TIMEOUT' => '57'
    'APACHE_SITE_TEMPLATE' => '/etc/apache2/apache-site.conf'
    'PHP_INI' => '/etc/php/8.3/fpm/php.ini'
    'DDEV_VERSION' => 'v1.24.10'
    'PRIMARY_SITE_URL' => 'https://derschmuckmacher-v3.ddev.site'
    'TZ' => 'Europe/Zurich'
    'DDEV_XHPROF_MODE' => 'prepend'
    'HTTPS_EXPOSE' => '443:80,8026:8025'
    'COREPACK_HOME' => '/mnt/ddev-global-cache/corepack'
    'CRAFT_DB_DATABASE' => 'db'
    'DDEV_PRIMARY_URL' => 'https://derschmuckmacher-v3.ddev.site'
    'LINES' => '6'
    'DDEV_SITENAME' => 'derschmuckmacher-v3'
    'HOME' => '/home/omar'
    'DRUSH_OPTIONS_URI' => 'https://derschmuckmacher-v3.ddev.site'
    'LANG' => 'C.UTF-8'
    'COLUMNS' => '371'
    'DDEV_MUTAGEN_ENABLED' => 'true'
    'DDEV_USER' => 'omar'
    'PGUSER' => 'db'
    'TERMINUS_CACHE_DIR' => '/mnt/ddev-global-cache/terminus/cache'
    'DDEV_PRIMARY_URL_PORT' => '443'
    'DDEV_ROUTER_HTTP_PORT' => '80'
    'MAILPIT_SMTP_HOSTNAME' => '127.0.0.1'
    'CRAFT_DB_DRIVER' => 'mysql'
    'COMPOSER_PROCESS_TIMEOUT' => '2000'
    'NGINX_SITE_TEMPLATE' => '/etc/nginx/nginx-site.conf'
    'DDEV_FILES_DIRS' => ''
    'CRAFT_DB_SERVER' => 'db'
    'HTTP_EXPOSE' => '80:80,8025:8025'
    'NVM_DIR' => '/home/omar/.nvm'
    'DDEV_PHP_VERSION' => '8.3'
    'DDEV_TLD' => 'ddev.site'
    'DDEV_HOSTNAME' => 'derschmuckmacher-v3.ddev.site'
    'DDEV_PROJECT' => 'derschmuckmacher-v3'
    'DDEV_GOARCH' => 'arm64'
    'VIRTUAL_HOST' => 'derschmuckmacher-v3.ddev.site'
    'TERM' => 'xterm'
    'USER' => 'omar'
    'MYSQL_HISTFILE' => '/mnt/ddev-global-cache/mysqlhistory/derschmuckmacher-v3-web/mysql_history'
    'DDEV_WEB_ENTRYPOINT' => '/mnt/ddev_config/web-entrypoint.d'
    'DDEV_UID' => '501'
    'CAROOT' => '/mnt/ddev-global-cache/mkcert'
    'SHLVL' => '1'
    'COMPOSER_ALLOW_SUPERUSER' => '1'
    'BASH_ENV' => '/etc/bash.nointeractive.bashrc'
    'DDEV_DATABASE' => 'mysql:8.0'
    'PGDATABASE' => 'db'
    'CRAFT_DB_USER' => 'db'
    'DDEV_SCHEME' => 'https'
    'XHPROF_OUTPUT_DIR' => '/tmp/xhprof'
    'COMPOSER_CACHE_DIR' => '/mnt/ddev-global-cache/composer'
    'DDEV_XDEBUG_ENABLED' => 'false'
    'DDEV_DATABASE_FAMILY' => 'mysql'
    'PGHOST' => 'db'
    'DDEV_COMPOSER_ROOT' => '/var/www/html'
    'CRAFT_DB_PASSWORD' => '••'
    'DOCROOT' => 'web'
    'TERMINUS_HIDE_UPDATE_MESSAGE' => '1'
    'PATH' => '/home/omar/bin:/var/www/html/vendor/bin:/usr/local/sbin:/usr/local/bin:/usr/sbin:/usr/bin:/sbin:/bin:/var/www/html/bin:/mnt/ddev-global-cache/global-commands/web'
    'HOST_DOCKER_INTERNAL_IP' => ''
    'DDEV_PROJECT_TYPE' => 'craftcms'
    'DEBIAN_FRONTEND' => 'noninteractive'
    'DDEV_ROUTER_HTTPS_PORT' => '443'
    'EXECIGNORE' => '/var/www/html/vendor/bin/composer'
    'SUPERVISOR_ENABLED' => '1'
    'SUPERVISOR_SERVER_URL' => 'unix:///var/run/supervisor.sock'
    'SUPERVISOR_PROCESS_NAME' => 'php-fpm'
    'SUPERVISOR_GROUP_NAME' => 'php-fpm'
    'HTTP_X_REQUESTED_WITH' => 'XMLHttpRequest'
    'HTTP_X_REGISTERED_JS_FILES' => ''
    'HTTP_X_REGISTERED_ASSET_BUNDLES' => 'e38a2e07,22e517a2,aee7f8dc,26c46c25,e505ffd6,6b4d7555,bb2f10a0,e5e48399,815d39ea,fc0bc163,1ccab40d,1e21896b,54698ee0,b842675b,1c3c9add,4b1fd285,d8d08e47,8f00ce04,8768f48b,cf3018d6,ec6d0256,11858fc6,8550f857,6f12186f,c7a8fe38'
    'HTTP_X_REAL_IP' => '172.18.0.1'
    'HTTP_X_FORWARDED_SERVER' => '617e9e3cc3a1'
    'HTTP_X_FORWARDED_PROTO' => 'https'
    'HTTP_X_FORWARDED_PORT' => '443'
    'HTTP_X_FORWARDED_HOST' => 'derschmuckmacher-v3.ddev.site'
    'HTTP_X_FORWARDED_FOR' => '172.18.0.1'
    'HTTP_X_CSRF_TOKEN' => '••••••••••••••••••••••••••••••••••••••••••••••••••••••••••••••••••••••••••••••••••••••••••••••••••••••••••••'
    'HTTP_TE' => 'trailers'
    'HTTP_SEC_GPC' => '1'
    'HTTP_SEC_FETCH_SITE' => 'same-origin'
    'HTTP_SEC_FETCH_MODE' => 'cors'
    'HTTP_SEC_FETCH_DEST' => 'empty'
    'HTTP_REFERER' => 'https://derschmuckmacher-v3.ddev.site/dW2axQ3b/dashboard'
    'HTTP_COOKIE' => 'cookieconsent_status=allow; CRAFT_CSRF_TOKEN=c46764d17b682367679c529f1043872bbfd294280b0a6b522869cb3868f8a6a6a%3A2%3A%7Bi%3A0%3Bs%3A16%3A%22CRAFT_CSRF_TOKEN%22%3Bi%3A1%3Bs%3A40%3A%22oscGmXtgN7lH1IINFeBh9KwfL0sWDqIBBHQCFaaO%22%3B%7D; CraftSessionId=8dln48qoin5lenmi6jccge1uaf; a8b7b1ec9ffb8baf2c6eaa253fe57112_username=26b9ec8568da68d3882e55afaa5d203483c6c5810ee05b5a55c8a0eb10cab93ea%3A2%3A%7Bi%3A0%3Bs%3A41%3A%22a8b7b1ec9ffb8baf2c6eaa253fe57112_username%22%3Bi%3A1%3Bs%3A8%3A%22odegiuli%22%3B%7D; Craft-3626ffc1-d0a3-42e3-98aa-37e8aa759561_sidebar=expanded'
    'HTTP_ACCEPT_LANGUAGE' => 'de,en-US;q=0.9,en;q=0.8'
    'HTTP_ACCEPT_ENCODING' => 'gzip, deflate, br, zstd'
    'HTTP_ACCEPT' => 'application/json, text/plain, */*'
    'HTTP_USER_AGENT' => 'Mozilla/5.0 (Macintosh; Intel Mac OS X 10.15; rv:150.0) Gecko/20100101 Firefox/150.0'
    'HTTP_HOST' => 'derschmuckmacher-v3.ddev.site'
    'HTTPS' => 'on'
    'REDIRECT_STATUS' => '200'
    'SERVER_NAME' => 'derschmuckmacher-v3.ddev.site'
    'SERVER_PORT' => '80'
    'SERVER_ADDR' => '172.18.0.3'
    'REMOTE_PORT' => '41908'
    'REMOTE_ADDR' => '172.18.0.5'
    'SERVER_SOFTWARE' => 'nginx/1.28.0'
    'GATEWAY_INTERFACE' => 'CGI/1.1'
    'REQUEST_SCHEME' => 'http'
    'SERVER_PROTOCOL' => 'HTTP/1.1'
    'DOCUMENT_ROOT' => '/var/www/html/web'
    'DOCUMENT_URI' => '/index.php'
    'REQUEST_URI' => '/index.php?p=dW2axQ3b%2Factions%2Fusers%2Fsession-info&dontExtendSession=1&v=1778905556750'
    'CONTENT_LENGTH' => ''
    'CONTENT_TYPE' => ''
    'REQUEST_METHOD' => 'GET'
    'QUERY_STRING' => 'p=dW2axQ3b%2Factions%2Fusers%2Fsession-info&dontExtendSession=1&v=1778905556750'
    'SCRIPT_NAME' => '/index.php'
    'SCRIPT_FILENAME' => '/var/www/html/web/index.php'
    'FCGI_ROLE' => 'RESPONDER'
    'PHP_SELF' => '/index.php'
    'REQUEST_TIME_FLOAT' => 1778905466.4919
    'REQUEST_TIME' => 1778905466
    'CRAFT_APP_ID' => 'CraftCMS--3933bc78-29f5-4b79-bcc5-c31faf0fcd20'
    'CRAFT_ENVIRONMENT' => 'dev'
    'ENVIRONMENT' => 'dev'
    'CRAFT_SECURITY_KEY' => '••••••••••••••••••••••••••••••••'
    'CP_TRIGGER' => 'dW2axQ3b'
    'CRAFT_DB_SCHEMA' => 'public'
    'CRAFT_DB_TABLE_PREFIX' => ''
    'DEV_MODE' => 'true'
    'ALLOW_ADMIN_CHANGES' => 'true'
    'DISALLOW_ROBOTS' => 'true'
    'TIMEZONE' => 'Europe/Zurich'
    'CAPTCHA_SITE_KEY' => '••••••••••••••••••••••••••••••••••••••••'
    'CAPTCHA_SECRET_KEY' => '••••••••••••••••••••••••••••••••••••••••'
    'WEB_URL' => 'https://derschmuckmacher-v3.ddev.site'
    'WEB_ROOT' => '/var/www/html/web'
    'ASSETS_BASE_URL' => 'https://derschmuckmacher-v3.ddev.site/public'
    'ASSETS_BASE_PATH' => '/var/www/html/web/public'
    'SCHMUCK_BASE_URL' => 'https://derschmuckmacher-v3.ddev.site/public/uploads/schmuck'
    'SCHMUCK_BASE_PATH' => '/var/www/html/web/public/uploads/schmuck'
    'BILDER_BASE_URL' => 'https://derschmuckmacher-v3.ddev.site/public/uploads/bilder'
    'BILDER_BASE_PATH' => '/var/www/html/web/public/uploads/bilder'
] {"environment":"dev"} 
2026-05-16 06:42:07 [web.INFO] [yii\db\Connection::open] Opening DB connection: mysql:host=db;dbname=db;port=3306 {"memory":1097536} 
2026-05-16 06:42:07 [web.INFO] [yii\web\Session::open] Session started {"memory":1517664} 
2026-05-16 06:42:07 [web.INFO] [nystudio107\codeeditor\CodeEditor::bootstrap] CodeEditor module bootstrapped {"memory":1538632} 
2026-05-16 06:42:07 [web.INFO] [adigital\cookieconsentbanner\CookieConsentBanner::init] Cookie Consent Banner plugin loaded {"memory":1753640} 
2026-05-16 06:42:07 [web.INFO] [miranj\obfuscator\Obfuscator::init] Obfuscator plugin loaded {"memory":2717712} 
2026-05-16 06:42:07 [web.INFO] [application] Request context:
$_GET = [
    'p' => 'dW2axQ3b/actions/users/session-info'
    'dontExtendSession' => '1'
    'v' => '1778906527217'
]

$_POST = []

$_FILES = []

$_COOKIE = [
    'cookieconsent_status' => 'allow'
    'CRAFT_CSRF_TOKEN' => '••••••••••••••••••••••••••••••••••••••••••••••••••••••••••••••••••••••••••••••••••••••••••••••••••••••••••••••••••••••••••••••••••••••••••••••••••••••'
    'CraftSessionId' => '8dln48qoin5lenmi6jccge1uaf'
    'a8b7b1ec9ffb8baf2c6eaa253fe57112_username' => '26b9ec8568da68d3882e55afaa5d203483c6c5810ee05b5a55c8a0eb10cab93ea:2:{i:0;s:41:\"a8b7b1ec9ffb8baf2c6eaa253fe57112_username\";i:1;s:8:\"odegiuli\";}'
    'Craft-3626ffc1-d0a3-42e3-98aa-37e8aa759561_sidebar' => 'expanded'
]

$_SESSION = [
    '22b6a59deafcfb2ffb13c3adf3d98a3b__flash' => []
]

$_SERVER = [
    'DEPLOY_NAME' => 'local'
    'DDEV_WEBSERVER_TYPE' => 'nginx-fpm'
    'npm_config_cache' => '/mnt/ddev-global-cache/npm'
    'COREPACK_ENABLE_DOWNLOAD_PROMPT' => '0'
    'DDEV_GOOS' => 'darwin'
    'IS_DDEV_PROJECT' => 'true'
    'PHP_DEFAULT_VERSION' => '8.3'
    'HOSTNAME' => 'derschmuckmacher-v3-web'
    'MAILPIT_SMTP_PORT' => '1025'
    'MH_SMTP_BIND_ADDR' => '127.0.0.1:1025'
    'DDEV_PRIMARY_URL_WITHOUT_PORT' => 'https://derschmuckmacher-v3.ddev.site'
    'CRAFT_DB_PORT' => '3306'
    'SSH_AUTH_SOCK' => '/home/.ssh-agent/socket'
    'DDEV_GID' => '20'
    'NODE_EXTRA_CA_CERTS' => '/mnt/ddev-global-cache/mkcert/rootCA.pem'
    'DOCKER_IP' => '127.0.0.1'
    'PGPASSWORD' => 'db'
    'CRAFT_WEB_ROOT' => '/var/www/html/web'
    'DDEV_DOCROOT' => 'web'
    'PWD' => '/var/www/html'
    'PLATFORMSH_CLI_UPDATES_CHECK' => '0'
    'DDEV_APPROOT' => '/var/www/html'
    'DDEV_FILES_DIR' => ''
    'START_SCRIPT_TIMEOUT' => '57'
    'APACHE_SITE_TEMPLATE' => '/etc/apache2/apache-site.conf'
    'PHP_INI' => '/etc/php/8.3/fpm/php.ini'
    'DDEV_VERSION' => 'v1.24.10'
    'PRIMARY_SITE_URL' => 'https://derschmuckmacher-v3.ddev.site'
    'TZ' => 'Europe/Zurich'
    'DDEV_XHPROF_MODE' => 'prepend'
    'HTTPS_EXPOSE' => '443:80,8026:8025'
    'COREPACK_HOME' => '/mnt/ddev-global-cache/corepack'
    'CRAFT_DB_DATABASE' => 'db'
    'DDEV_PRIMARY_URL' => 'https://derschmuckmacher-v3.ddev.site'
    'LINES' => '6'
    'DDEV_SITENAME' => 'derschmuckmacher-v3'
    'HOME' => '/home/omar'
    'DRUSH_OPTIONS_URI' => 'https://derschmuckmacher-v3.ddev.site'
    'LANG' => 'C.UTF-8'
    'COLUMNS' => '371'
    'DDEV_MUTAGEN_ENABLED' => 'true'
    'DDEV_USER' => 'omar'
    'PGUSER' => 'db'
    'TERMINUS_CACHE_DIR' => '/mnt/ddev-global-cache/terminus/cache'
    'DDEV_PRIMARY_URL_PORT' => '443'
    'DDEV_ROUTER_HTTP_PORT' => '80'
    'MAILPIT_SMTP_HOSTNAME' => '127.0.0.1'
    'CRAFT_DB_DRIVER' => 'mysql'
    'COMPOSER_PROCESS_TIMEOUT' => '2000'
    'NGINX_SITE_TEMPLATE' => '/etc/nginx/nginx-site.conf'
    'DDEV_FILES_DIRS' => ''
    'CRAFT_DB_SERVER' => 'db'
    'HTTP_EXPOSE' => '80:80,8025:8025'
    'NVM_DIR' => '/home/omar/.nvm'
    'DDEV_PHP_VERSION' => '8.3'
    'DDEV_TLD' => 'ddev.site'
    'DDEV_HOSTNAME' => 'derschmuckmacher-v3.ddev.site'
    'DDEV_PROJECT' => 'derschmuckmacher-v3'
    'DDEV_GOARCH' => 'arm64'
    'VIRTUAL_HOST' => 'derschmuckmacher-v3.ddev.site'
    'TERM' => 'xterm'
    'USER' => 'omar'
    'MYSQL_HISTFILE' => '/mnt/ddev-global-cache/mysqlhistory/derschmuckmacher-v3-web/mysql_history'
    'DDEV_WEB_ENTRYPOINT' => '/mnt/ddev_config/web-entrypoint.d'
    'DDEV_UID' => '501'
    'CAROOT' => '/mnt/ddev-global-cache/mkcert'
    'SHLVL' => '1'
    'COMPOSER_ALLOW_SUPERUSER' => '1'
    'BASH_ENV' => '/etc/bash.nointeractive.bashrc'
    'DDEV_DATABASE' => 'mysql:8.0'
    'PGDATABASE' => 'db'
    'CRAFT_DB_USER' => 'db'
    'DDEV_SCHEME' => 'https'
    'XHPROF_OUTPUT_DIR' => '/tmp/xhprof'
    'COMPOSER_CACHE_DIR' => '/mnt/ddev-global-cache/composer'
    'DDEV_XDEBUG_ENABLED' => 'false'
    'DDEV_DATABASE_FAMILY' => 'mysql'
    'PGHOST' => 'db'
    'DDEV_COMPOSER_ROOT' => '/var/www/html'
    'CRAFT_DB_PASSWORD' => '••'
    'DOCROOT' => 'web'
    'TERMINUS_HIDE_UPDATE_MESSAGE' => '1'
    'PATH' => '/home/omar/bin:/var/www/html/vendor/bin:/usr/local/sbin:/usr/local/bin:/usr/sbin:/usr/bin:/sbin:/bin:/var/www/html/bin:/mnt/ddev-global-cache/global-commands/web'
    'HOST_DOCKER_INTERNAL_IP' => ''
    'DDEV_PROJECT_TYPE' => 'craftcms'
    'DEBIAN_FRONTEND' => 'noninteractive'
    'DDEV_ROUTER_HTTPS_PORT' => '443'
    'EXECIGNORE' => '/var/www/html/vendor/bin/composer'
    'SUPERVISOR_ENABLED' => '1'
    'SUPERVISOR_SERVER_URL' => 'unix:///var/run/supervisor.sock'
    'SUPERVISOR_PROCESS_NAME' => 'php-fpm'
    'SUPERVISOR_GROUP_NAME' => 'php-fpm'
    'HTTP_X_REQUESTED_WITH' => 'XMLHttpRequest'
    'HTTP_X_REGISTERED_JS_FILES' => ''
    'HTTP_X_REGISTERED_ASSET_BUNDLES' => 'e38a2e07,22e517a2,aee7f8dc,26c46c25,e505ffd6,6b4d7555,bb2f10a0,e5e48399,815d39ea,fc0bc163,1ccab40d,1e21896b,54698ee0,b842675b,1c3c9add,4b1fd285,d8d08e47,8f00ce04,8768f48b,cf3018d6,ec6d0256,11858fc6,8550f857,6f12186f,c7a8fe38'
    'HTTP_X_REAL_IP' => '172.18.0.1'
    'HTTP_X_FORWARDED_SERVER' => '617e9e3cc3a1'
    'HTTP_X_FORWARDED_PROTO' => 'https'
    'HTTP_X_FORWARDED_PORT' => '443'
    'HTTP_X_FORWARDED_HOST' => 'derschmuckmacher-v3.ddev.site'
    'HTTP_X_FORWARDED_FOR' => '172.18.0.1'
    'HTTP_X_CSRF_TOKEN' => '••••••••••••••••••••••••••••••••••••••••••••••••••••••••••••••••••••••••••••••••••••••••••••••••••••••••••••'
    'HTTP_TE' => 'trailers'
    'HTTP_SEC_GPC' => '1'
    'HTTP_SEC_FETCH_SITE' => 'same-origin'
    'HTTP_SEC_FETCH_MODE' => 'cors'
    'HTTP_SEC_FETCH_DEST' => 'empty'
    'HTTP_REFERER' => 'https://derschmuckmacher-v3.ddev.site/dW2axQ3b/dashboard'
    'HTTP_COOKIE' => 'cookieconsent_status=allow; CRAFT_CSRF_TOKEN=c46764d17b682367679c529f1043872bbfd294280b0a6b522869cb3868f8a6a6a%3A2%3A%7Bi%3A0%3Bs%3A16%3A%22CRAFT_CSRF_TOKEN%22%3Bi%3A1%3Bs%3A40%3A%22oscGmXtgN7lH1IINFeBh9KwfL0sWDqIBBHQCFaaO%22%3B%7D; CraftSessionId=8dln48qoin5lenmi6jccge1uaf; a8b7b1ec9ffb8baf2c6eaa253fe57112_username=26b9ec8568da68d3882e55afaa5d203483c6c5810ee05b5a55c8a0eb10cab93ea%3A2%3A%7Bi%3A0%3Bs%3A41%3A%22a8b7b1ec9ffb8baf2c6eaa253fe57112_username%22%3Bi%3A1%3Bs%3A8%3A%22odegiuli%22%3B%7D; Craft-3626ffc1-d0a3-42e3-98aa-37e8aa759561_sidebar=expanded'
    'HTTP_ACCEPT_LANGUAGE' => 'de,en-US;q=0.9,en;q=0.8'
    'HTTP_ACCEPT_ENCODING' => 'gzip, deflate, br, zstd'
    'HTTP_ACCEPT' => 'application/json, text/plain, */*'
    'HTTP_USER_AGENT' => 'Mozilla/5.0 (Macintosh; Intel Mac OS X 10.15; rv:150.0) Gecko/20100101 Firefox/150.0'
    'HTTP_HOST' => 'derschmuckmacher-v3.ddev.site'
    'HTTPS' => 'on'
    'REDIRECT_STATUS' => '200'
    'SERVER_NAME' => 'derschmuckmacher-v3.ddev.site'
    'SERVER_PORT' => '80'
    'SERVER_ADDR' => '172.18.0.3'
    'REMOTE_PORT' => '39666'
    'REMOTE_ADDR' => '172.18.0.5'
    'SERVER_SOFTWARE' => 'nginx/1.28.0'
    'GATEWAY_INTERFACE' => 'CGI/1.1'
    'REQUEST_SCHEME' => 'http'
    'SERVER_PROTOCOL' => 'HTTP/1.1'
    'DOCUMENT_ROOT' => '/var/www/html/web'
    'DOCUMENT_URI' => '/index.php'
    'REQUEST_URI' => '/index.php?p=dW2axQ3b%2Factions%2Fusers%2Fsession-info&dontExtendSession=1&v=1778906527217'
    'CONTENT_LENGTH' => ''
    'CONTENT_TYPE' => ''
    'REQUEST_METHOD' => 'GET'
    'QUERY_STRING' => 'p=dW2axQ3b%2Factions%2Fusers%2Fsession-info&dontExtendSession=1&v=1778906527217'
    'SCRIPT_NAME' => '/index.php'
    'SCRIPT_FILENAME' => '/var/www/html/web/index.php'
    'FCGI_ROLE' => 'RESPONDER'
    'PHP_SELF' => '/index.php'
    'REQUEST_TIME_FLOAT' => 1778906527.2395
    'REQUEST_TIME' => 1778906527
    'CRAFT_APP_ID' => 'CraftCMS--3933bc78-29f5-4b79-bcc5-c31faf0fcd20'
    'CRAFT_ENVIRONMENT' => 'dev'
    'ENVIRONMENT' => 'dev'
    'CRAFT_SECURITY_KEY' => '••••••••••••••••••••••••••••••••'
    'CP_TRIGGER' => 'dW2axQ3b'
    'CRAFT_DB_SCHEMA' => 'public'
    'CRAFT_DB_TABLE_PREFIX' => ''
    'DEV_MODE' => 'true'
    'ALLOW_ADMIN_CHANGES' => 'true'
    'DISALLOW_ROBOTS' => 'true'
    'TIMEZONE' => 'Europe/Zurich'
    'CAPTCHA_SITE_KEY' => '••••••••••••••••••••••••••••••••••••••••'
    'CAPTCHA_SECRET_KEY' => '••••••••••••••••••••••••••••••••••••••••'
    'WEB_URL' => 'https://derschmuckmacher-v3.ddev.site'
    'WEB_ROOT' => '/var/www/html/web'
    'ASSETS_BASE_URL' => 'https://derschmuckmacher-v3.ddev.site/public'
    'ASSETS_BASE_PATH' => '/var/www/html/web/public'
    'SCHMUCK_BASE_URL' => 'https://derschmuckmacher-v3.ddev.site/public/uploads/schmuck'
    'SCHMUCK_BASE_PATH' => '/var/www/html/web/public/uploads/schmuck'
    'BILDER_BASE_URL' => 'https://derschmuckmacher-v3.ddev.site/public/uploads/bilder'
    'BILDER_BASE_PATH' => '/var/www/html/web/public/uploads/bilder'
] {"environment":"dev"} 
2026-05-16 06:59:57 [web.INFO] [yii\db\Connection::open] Opening DB connection: mysql:host=db;dbname=db;port=3306 {"memory":1097536} 
2026-05-16 06:59:57 [web.INFO] [yii\web\Session::open] Session started {"memory":1517664} 
2026-05-16 06:59:57 [web.INFO] [nystudio107\codeeditor\CodeEditor::bootstrap] CodeEditor module bootstrapped {"memory":1538632} 
2026-05-16 06:59:57 [web.INFO] [adigital\cookieconsentbanner\CookieConsentBanner::init] Cookie Consent Banner plugin loaded {"memory":1753640} 
2026-05-16 06:59:57 [web.INFO] [miranj\obfuscator\Obfuscator::init] Obfuscator plugin loaded {"memory":2717712} 
2026-05-16 06:59:57 [web.INFO] [application] Request context:
$_GET = [
    'p' => 'dW2axQ3b/actions/users/session-info'
    'dontExtendSession' => '1'
    'v' => '1778907597569'
]

$_POST = []

$_FILES = []

$_COOKIE = [
    'cookieconsent_status' => 'allow'
    'CRAFT_CSRF_TOKEN' => '••••••••••••••••••••••••••••••••••••••••••••••••••••••••••••••••••••••••••••••••••••••••••••••••••••••••••••••••••••••••••••••••••••••••••••••••••••••'
    'CraftSessionId' => '8dln48qoin5lenmi6jccge1uaf'
    'a8b7b1ec9ffb8baf2c6eaa253fe57112_username' => '26b9ec8568da68d3882e55afaa5d203483c6c5810ee05b5a55c8a0eb10cab93ea:2:{i:0;s:41:\"a8b7b1ec9ffb8baf2c6eaa253fe57112_username\";i:1;s:8:\"odegiuli\";}'
    'Craft-3626ffc1-d0a3-42e3-98aa-37e8aa759561_sidebar' => 'expanded'
]

$_SESSION = [
    '22b6a59deafcfb2ffb13c3adf3d98a3b__flash' => []
]

$_SERVER = [
    'DEPLOY_NAME' => 'local'
    'DDEV_WEBSERVER_TYPE' => 'nginx-fpm'
    'npm_config_cache' => '/mnt/ddev-global-cache/npm'
    'COREPACK_ENABLE_DOWNLOAD_PROMPT' => '0'
    'DDEV_GOOS' => 'darwin'
    'IS_DDEV_PROJECT' => 'true'
    'PHP_DEFAULT_VERSION' => '8.3'
    'HOSTNAME' => 'derschmuckmacher-v3-web'
    'MAILPIT_SMTP_PORT' => '1025'
    'MH_SMTP_BIND_ADDR' => '127.0.0.1:1025'
    'DDEV_PRIMARY_URL_WITHOUT_PORT' => 'https://derschmuckmacher-v3.ddev.site'
    'CRAFT_DB_PORT' => '3306'
    'SSH_AUTH_SOCK' => '/home/.ssh-agent/socket'
    'DDEV_GID' => '20'
    'NODE_EXTRA_CA_CERTS' => '/mnt/ddev-global-cache/mkcert/rootCA.pem'
    'DOCKER_IP' => '127.0.0.1'
    'PGPASSWORD' => 'db'
    'CRAFT_WEB_ROOT' => '/var/www/html/web'
    'DDEV_DOCROOT' => 'web'
    'PWD' => '/var/www/html'
    'PLATFORMSH_CLI_UPDATES_CHECK' => '0'
    'DDEV_APPROOT' => '/var/www/html'
    'DDEV_FILES_DIR' => ''
    'START_SCRIPT_TIMEOUT' => '57'
    'APACHE_SITE_TEMPLATE' => '/etc/apache2/apache-site.conf'
    'PHP_INI' => '/etc/php/8.3/fpm/php.ini'
    'DDEV_VERSION' => 'v1.24.10'
    'PRIMARY_SITE_URL' => 'https://derschmuckmacher-v3.ddev.site'
    'TZ' => 'Europe/Zurich'
    'DDEV_XHPROF_MODE' => 'prepend'
    'HTTPS_EXPOSE' => '443:80,8026:8025'
    'COREPACK_HOME' => '/mnt/ddev-global-cache/corepack'
    'CRAFT_DB_DATABASE' => 'db'
    'DDEV_PRIMARY_URL' => 'https://derschmuckmacher-v3.ddev.site'
    'LINES' => '6'
    'DDEV_SITENAME' => 'derschmuckmacher-v3'
    'HOME' => '/home/omar'
    'DRUSH_OPTIONS_URI' => 'https://derschmuckmacher-v3.ddev.site'
    'LANG' => 'C.UTF-8'
    'COLUMNS' => '371'
    'DDEV_MUTAGEN_ENABLED' => 'true'
    'DDEV_USER' => 'omar'
    'PGUSER' => 'db'
    'TERMINUS_CACHE_DIR' => '/mnt/ddev-global-cache/terminus/cache'
    'DDEV_PRIMARY_URL_PORT' => '443'
    'DDEV_ROUTER_HTTP_PORT' => '80'
    'MAILPIT_SMTP_HOSTNAME' => '127.0.0.1'
    'CRAFT_DB_DRIVER' => 'mysql'
    'COMPOSER_PROCESS_TIMEOUT' => '2000'
    'NGINX_SITE_TEMPLATE' => '/etc/nginx/nginx-site.conf'
    'DDEV_FILES_DIRS' => ''
    'CRAFT_DB_SERVER' => 'db'
    'HTTP_EXPOSE' => '80:80,8025:8025'
    'NVM_DIR' => '/home/omar/.nvm'
    'DDEV_PHP_VERSION' => '8.3'
    'DDEV_TLD' => 'ddev.site'
    'DDEV_HOSTNAME' => 'derschmuckmacher-v3.ddev.site'
    'DDEV_PROJECT' => 'derschmuckmacher-v3'
    'DDEV_GOARCH' => 'arm64'
    'VIRTUAL_HOST' => 'derschmuckmacher-v3.ddev.site'
    'TERM' => 'xterm'
    'USER' => 'omar'
    'MYSQL_HISTFILE' => '/mnt/ddev-global-cache/mysqlhistory/derschmuckmacher-v3-web/mysql_history'
    'DDEV_WEB_ENTRYPOINT' => '/mnt/ddev_config/web-entrypoint.d'
    'DDEV_UID' => '501'
    'CAROOT' => '/mnt/ddev-global-cache/mkcert'
    'SHLVL' => '1'
    'COMPOSER_ALLOW_SUPERUSER' => '1'
    'BASH_ENV' => '/etc/bash.nointeractive.bashrc'
    'DDEV_DATABASE' => 'mysql:8.0'
    'PGDATABASE' => 'db'
    'CRAFT_DB_USER' => 'db'
    'DDEV_SCHEME' => 'https'
    'XHPROF_OUTPUT_DIR' => '/tmp/xhprof'
    'COMPOSER_CACHE_DIR' => '/mnt/ddev-global-cache/composer'
    'DDEV_XDEBUG_ENABLED' => 'false'
    'DDEV_DATABASE_FAMILY' => 'mysql'
    'PGHOST' => 'db'
    'DDEV_COMPOSER_ROOT' => '/var/www/html'
    'CRAFT_DB_PASSWORD' => '••'
    'DOCROOT' => 'web'
    'TERMINUS_HIDE_UPDATE_MESSAGE' => '1'
    'PATH' => '/home/omar/bin:/var/www/html/vendor/bin:/usr/local/sbin:/usr/local/bin:/usr/sbin:/usr/bin:/sbin:/bin:/var/www/html/bin:/mnt/ddev-global-cache/global-commands/web'
    'HOST_DOCKER_INTERNAL_IP' => ''
    'DDEV_PROJECT_TYPE' => 'craftcms'
    'DEBIAN_FRONTEND' => 'noninteractive'
    'DDEV_ROUTER_HTTPS_PORT' => '443'
    'EXECIGNORE' => '/var/www/html/vendor/bin/composer'
    'SUPERVISOR_ENABLED' => '1'
    'SUPERVISOR_SERVER_URL' => 'unix:///var/run/supervisor.sock'
    'SUPERVISOR_PROCESS_NAME' => 'php-fpm'
    'SUPERVISOR_GROUP_NAME' => 'php-fpm'
    'HTTP_X_REQUESTED_WITH' => 'XMLHttpRequest'
    'HTTP_X_REGISTERED_JS_FILES' => ''
    'HTTP_X_REGISTERED_ASSET_BUNDLES' => 'e38a2e07,22e517a2,aee7f8dc,26c46c25,e505ffd6,6b4d7555,bb2f10a0,e5e48399,815d39ea,fc0bc163,1ccab40d,1e21896b,54698ee0,b842675b,1c3c9add,4b1fd285,d8d08e47,8f00ce04,8768f48b,cf3018d6,ec6d0256,11858fc6,8550f857,6f12186f,c7a8fe38'
    'HTTP_X_REAL_IP' => '172.18.0.1'
    'HTTP_X_FORWARDED_SERVER' => '617e9e3cc3a1'
    'HTTP_X_FORWARDED_PROTO' => 'https'
    'HTTP_X_FORWARDED_PORT' => '443'
    'HTTP_X_FORWARDED_HOST' => 'derschmuckmacher-v3.ddev.site'
    'HTTP_X_FORWARDED_FOR' => '172.18.0.1'
    'HTTP_X_CSRF_TOKEN' => '••••••••••••••••••••••••••••••••••••••••••••••••••••••••••••••••••••••••••••••••••••••••••••••••••••••••••••'
    'HTTP_TE' => 'trailers'
    'HTTP_SEC_GPC' => '1'
    'HTTP_SEC_FETCH_SITE' => 'same-origin'
    'HTTP_SEC_FETCH_MODE' => 'cors'
    'HTTP_SEC_FETCH_DEST' => 'empty'
    'HTTP_REFERER' => 'https://derschmuckmacher-v3.ddev.site/dW2axQ3b/dashboard'
    'HTTP_COOKIE' => 'cookieconsent_status=allow; CRAFT_CSRF_TOKEN=c46764d17b682367679c529f1043872bbfd294280b0a6b522869cb3868f8a6a6a%3A2%3A%7Bi%3A0%3Bs%3A16%3A%22CRAFT_CSRF_TOKEN%22%3Bi%3A1%3Bs%3A40%3A%22oscGmXtgN7lH1IINFeBh9KwfL0sWDqIBBHQCFaaO%22%3B%7D; CraftSessionId=8dln48qoin5lenmi6jccge1uaf; a8b7b1ec9ffb8baf2c6eaa253fe57112_username=26b9ec8568da68d3882e55afaa5d203483c6c5810ee05b5a55c8a0eb10cab93ea%3A2%3A%7Bi%3A0%3Bs%3A41%3A%22a8b7b1ec9ffb8baf2c6eaa253fe57112_username%22%3Bi%3A1%3Bs%3A8%3A%22odegiuli%22%3B%7D; Craft-3626ffc1-d0a3-42e3-98aa-37e8aa759561_sidebar=expanded'
    'HTTP_ACCEPT_LANGUAGE' => 'de,en-US;q=0.9,en;q=0.8'
    'HTTP_ACCEPT_ENCODING' => 'gzip, deflate, br, zstd'
    'HTTP_ACCEPT' => 'application/json, text/plain, */*'
    'HTTP_USER_AGENT' => 'Mozilla/5.0 (Macintosh; Intel Mac OS X 10.15; rv:150.0) Gecko/20100101 Firefox/150.0'
    'HTTP_HOST' => 'derschmuckmacher-v3.ddev.site'
    'HTTPS' => 'on'
    'REDIRECT_STATUS' => '200'
    'SERVER_NAME' => 'derschmuckmacher-v3.ddev.site'
    'SERVER_PORT' => '80'
    'SERVER_ADDR' => '172.18.0.3'
    'REMOTE_PORT' => '58838'
    'REMOTE_ADDR' => '172.18.0.5'
    'SERVER_SOFTWARE' => 'nginx/1.28.0'
    'GATEWAY_INTERFACE' => 'CGI/1.1'
    'REQUEST_SCHEME' => 'http'
    'SERVER_PROTOCOL' => 'HTTP/1.1'
    'DOCUMENT_ROOT' => '/var/www/html/web'
    'DOCUMENT_URI' => '/index.php'
    'REQUEST_URI' => '/index.php?p=dW2axQ3b%2Factions%2Fusers%2Fsession-info&dontExtendSession=1&v=1778907597569'
    'CONTENT_LENGTH' => ''
    'CONTENT_TYPE' => ''
    'REQUEST_METHOD' => 'GET'
    'QUERY_STRING' => 'p=dW2axQ3b%2Factions%2Fusers%2Fsession-info&dontExtendSession=1&v=1778907597569'
    'SCRIPT_NAME' => '/index.php'
    'SCRIPT_FILENAME' => '/var/www/html/web/index.php'
    'FCGI_ROLE' => 'RESPONDER'
    'PHP_SELF' => '/index.php'
    'REQUEST_TIME_FLOAT' => 1778907597.5859
    'REQUEST_TIME' => 1778907597
    'CRAFT_APP_ID' => 'CraftCMS--3933bc78-29f5-4b79-bcc5-c31faf0fcd20'
    'CRAFT_ENVIRONMENT' => 'dev'
    'ENVIRONMENT' => 'dev'
    'CRAFT_SECURITY_KEY' => '••••••••••••••••••••••••••••••••'
    'CP_TRIGGER' => 'dW2axQ3b'
    'CRAFT_DB_SCHEMA' => 'public'
    'CRAFT_DB_TABLE_PREFIX' => ''
    'DEV_MODE' => 'true'
    'ALLOW_ADMIN_CHANGES' => 'true'
    'DISALLOW_ROBOTS' => 'true'
    'TIMEZONE' => 'Europe/Zurich'
    'CAPTCHA_SITE_KEY' => '••••••••••••••••••••••••••••••••••••••••'
    'CAPTCHA_SECRET_KEY' => '••••••••••••••••••••••••••••••••••••••••'
    'WEB_URL' => 'https://derschmuckmacher-v3.ddev.site'
    'WEB_ROOT' => '/var/www/html/web'
    'ASSETS_BASE_URL' => 'https://derschmuckmacher-v3.ddev.site/public'
    'ASSETS_BASE_PATH' => '/var/www/html/web/public'
    'SCHMUCK_BASE_URL' => 'https://derschmuckmacher-v3.ddev.site/public/uploads/schmuck'
    'SCHMUCK_BASE_PATH' => '/var/www/html/web/public/uploads/schmuck'
    'BILDER_BASE_URL' => 'https://derschmuckmacher-v3.ddev.site/public/uploads/bilder'
    'BILDER_BASE_PATH' => '/var/www/html/web/public/uploads/bilder'
] {"environment":"dev"} 
2026-05-16 07:12:05 [web.INFO] [yii\db\Connection::open] Opening DB connection: mysql:host=db;dbname=db;port=3306 {"memory":1097536} 
2026-05-16 07:12:05 [web.INFO] [yii\web\Session::open] Session started {"memory":1517664} 
2026-05-16 07:12:05 [web.INFO] [nystudio107\codeeditor\CodeEditor::bootstrap] CodeEditor module bootstrapped {"memory":1538632} 
2026-05-16 07:12:05 [web.INFO] [adigital\cookieconsentbanner\CookieConsentBanner::init] Cookie Consent Banner plugin loaded {"memory":1753640} 
2026-05-16 07:12:05 [web.INFO] [miranj\obfuscator\Obfuscator::init] Obfuscator plugin loaded {"memory":2717712} 
2026-05-16 07:12:05 [web.INFO] [application] Request context:
$_GET = [
    'p' => 'dW2axQ3b/actions/users/session-info'
    'dontExtendSession' => '1'
    'v' => '1778908325525'
]

$_POST = []

$_FILES = []

$_COOKIE = [
    'cookieconsent_status' => 'allow'
    'CRAFT_CSRF_TOKEN' => '••••••••••••••••••••••••••••••••••••••••••••••••••••••••••••••••••••••••••••••••••••••••••••••••••••••••••••••••••••••••••••••••••••••••••••••••••••••'
    'CraftSessionId' => '8dln48qoin5lenmi6jccge1uaf'
    'a8b7b1ec9ffb8baf2c6eaa253fe57112_username' => '26b9ec8568da68d3882e55afaa5d203483c6c5810ee05b5a55c8a0eb10cab93ea:2:{i:0;s:41:\"a8b7b1ec9ffb8baf2c6eaa253fe57112_username\";i:1;s:8:\"odegiuli\";}'
    'Craft-3626ffc1-d0a3-42e3-98aa-37e8aa759561_sidebar' => 'expanded'
]

$_SESSION = [
    '22b6a59deafcfb2ffb13c3adf3d98a3b__flash' => []
]

$_SERVER = [
    'DEPLOY_NAME' => 'local'
    'DDEV_WEBSERVER_TYPE' => 'nginx-fpm'
    'npm_config_cache' => '/mnt/ddev-global-cache/npm'
    'COREPACK_ENABLE_DOWNLOAD_PROMPT' => '0'
    'DDEV_GOOS' => 'darwin'
    'IS_DDEV_PROJECT' => 'true'
    'PHP_DEFAULT_VERSION' => '8.3'
    'HOSTNAME' => 'derschmuckmacher-v3-web'
    'MAILPIT_SMTP_PORT' => '1025'
    'MH_SMTP_BIND_ADDR' => '127.0.0.1:1025'
    'DDEV_PRIMARY_URL_WITHOUT_PORT' => 'https://derschmuckmacher-v3.ddev.site'
    'CRAFT_DB_PORT' => '3306'
    'SSH_AUTH_SOCK' => '/home/.ssh-agent/socket'
    'DDEV_GID' => '20'
    'NODE_EXTRA_CA_CERTS' => '/mnt/ddev-global-cache/mkcert/rootCA.pem'
    'DOCKER_IP' => '127.0.0.1'
    'PGPASSWORD' => 'db'
    'CRAFT_WEB_ROOT' => '/var/www/html/web'
    'DDEV_DOCROOT' => 'web'
    'PWD' => '/var/www/html'
    'PLATFORMSH_CLI_UPDATES_CHECK' => '0'
    'DDEV_APPROOT' => '/var/www/html'
    'DDEV_FILES_DIR' => ''
    'START_SCRIPT_TIMEOUT' => '57'
    'APACHE_SITE_TEMPLATE' => '/etc/apache2/apache-site.conf'
    'PHP_INI' => '/etc/php/8.3/fpm/php.ini'
    'DDEV_VERSION' => 'v1.24.10'
    'PRIMARY_SITE_URL' => 'https://derschmuckmacher-v3.ddev.site'
    'TZ' => 'Europe/Zurich'
    'DDEV_XHPROF_MODE' => 'prepend'
    'HTTPS_EXPOSE' => '443:80,8026:8025'
    'COREPACK_HOME' => '/mnt/ddev-global-cache/corepack'
    'CRAFT_DB_DATABASE' => 'db'
    'DDEV_PRIMARY_URL' => 'https://derschmuckmacher-v3.ddev.site'
    'LINES' => '6'
    'DDEV_SITENAME' => 'derschmuckmacher-v3'
    'HOME' => '/home/omar'
    'DRUSH_OPTIONS_URI' => 'https://derschmuckmacher-v3.ddev.site'
    'LANG' => 'C.UTF-8'
    'COLUMNS' => '371'
    'DDEV_MUTAGEN_ENABLED' => 'true'
    'DDEV_USER' => 'omar'
    'PGUSER' => 'db'
    'TERMINUS_CACHE_DIR' => '/mnt/ddev-global-cache/terminus/cache'
    'DDEV_PRIMARY_URL_PORT' => '443'
    'DDEV_ROUTER_HTTP_PORT' => '80'
    'MAILPIT_SMTP_HOSTNAME' => '127.0.0.1'
    'CRAFT_DB_DRIVER' => 'mysql'
    'COMPOSER_PROCESS_TIMEOUT' => '2000'
    'NGINX_SITE_TEMPLATE' => '/etc/nginx/nginx-site.conf'
    'DDEV_FILES_DIRS' => ''
    'CRAFT_DB_SERVER' => 'db'
    'HTTP_EXPOSE' => '80:80,8025:8025'
    'NVM_DIR' => '/home/omar/.nvm'
    'DDEV_PHP_VERSION' => '8.3'
    'DDEV_TLD' => 'ddev.site'
    'DDEV_HOSTNAME' => 'derschmuckmacher-v3.ddev.site'
    'DDEV_PROJECT' => 'derschmuckmacher-v3'
    'DDEV_GOARCH' => 'arm64'
    'VIRTUAL_HOST' => 'derschmuckmacher-v3.ddev.site'
    'TERM' => 'xterm'
    'USER' => 'omar'
    'MYSQL_HISTFILE' => '/mnt/ddev-global-cache/mysqlhistory/derschmuckmacher-v3-web/mysql_history'
    'DDEV_WEB_ENTRYPOINT' => '/mnt/ddev_config/web-entrypoint.d'
    'DDEV_UID' => '501'
    'CAROOT' => '/mnt/ddev-global-cache/mkcert'
    'SHLVL' => '1'
    'COMPOSER_ALLOW_SUPERUSER' => '1'
    'BASH_ENV' => '/etc/bash.nointeractive.bashrc'
    'DDEV_DATABASE' => 'mysql:8.0'
    'PGDATABASE' => 'db'
    'CRAFT_DB_USER' => 'db'
    'DDEV_SCHEME' => 'https'
    'XHPROF_OUTPUT_DIR' => '/tmp/xhprof'
    'COMPOSER_CACHE_DIR' => '/mnt/ddev-global-cache/composer'
    'DDEV_XDEBUG_ENABLED' => 'false'
    'DDEV_DATABASE_FAMILY' => 'mysql'
    'PGHOST' => 'db'
    'DDEV_COMPOSER_ROOT' => '/var/www/html'
    'CRAFT_DB_PASSWORD' => '••'
    'DOCROOT' => 'web'
    'TERMINUS_HIDE_UPDATE_MESSAGE' => '1'
    'PATH' => '/home/omar/bin:/var/www/html/vendor/bin:/usr/local/sbin:/usr/local/bin:/usr/sbin:/usr/bin:/sbin:/bin:/var/www/html/bin:/mnt/ddev-global-cache/global-commands/web'
    'HOST_DOCKER_INTERNAL_IP' => ''
    'DDEV_PROJECT_TYPE' => 'craftcms'
    'DEBIAN_FRONTEND' => 'noninteractive'
    'DDEV_ROUTER_HTTPS_PORT' => '443'
    'EXECIGNORE' => '/var/www/html/vendor/bin/composer'
    'SUPERVISOR_ENABLED' => '1'
    'SUPERVISOR_SERVER_URL' => 'unix:///var/run/supervisor.sock'
    'SUPERVISOR_PROCESS_NAME' => 'php-fpm'
    'SUPERVISOR_GROUP_NAME' => 'php-fpm'
    'HTTP_X_REQUESTED_WITH' => 'XMLHttpRequest'
    'HTTP_X_REGISTERED_JS_FILES' => ''
    'HTTP_X_REGISTERED_ASSET_BUNDLES' => 'e38a2e07,22e517a2,aee7f8dc,26c46c25,e505ffd6,6b4d7555,bb2f10a0,e5e48399,815d39ea,fc0bc163,1ccab40d,1e21896b,54698ee0,b842675b,1c3c9add,4b1fd285,d8d08e47,8f00ce04,8768f48b,cf3018d6,ec6d0256,11858fc6,8550f857,6f12186f,c7a8fe38'
    'HTTP_X_REAL_IP' => '172.18.0.1'
    'HTTP_X_FORWARDED_SERVER' => '617e9e3cc3a1'
    'HTTP_X_FORWARDED_PROTO' => 'https'
    'HTTP_X_FORWARDED_PORT' => '443'
    'HTTP_X_FORWARDED_HOST' => 'derschmuckmacher-v3.ddev.site'
    'HTTP_X_FORWARDED_FOR' => '172.18.0.1'
    'HTTP_X_CSRF_TOKEN' => '••••••••••••••••••••••••••••••••••••••••••••••••••••••••••••••••••••••••••••••••••••••••••••••••••••••••••••'
    'HTTP_TE' => 'trailers'
    'HTTP_SEC_GPC' => '1'
    'HTTP_SEC_FETCH_SITE' => 'same-origin'
    'HTTP_SEC_FETCH_MODE' => 'cors'
    'HTTP_SEC_FETCH_DEST' => 'empty'
    'HTTP_REFERER' => 'https://derschmuckmacher-v3.ddev.site/dW2axQ3b/dashboard'
    'HTTP_COOKIE' => 'cookieconsent_status=allow; CRAFT_CSRF_TOKEN=c46764d17b682367679c529f1043872bbfd294280b0a6b522869cb3868f8a6a6a%3A2%3A%7Bi%3A0%3Bs%3A16%3A%22CRAFT_CSRF_TOKEN%22%3Bi%3A1%3Bs%3A40%3A%22oscGmXtgN7lH1IINFeBh9KwfL0sWDqIBBHQCFaaO%22%3B%7D; CraftSessionId=8dln48qoin5lenmi6jccge1uaf; a8b7b1ec9ffb8baf2c6eaa253fe57112_username=26b9ec8568da68d3882e55afaa5d203483c6c5810ee05b5a55c8a0eb10cab93ea%3A2%3A%7Bi%3A0%3Bs%3A41%3A%22a8b7b1ec9ffb8baf2c6eaa253fe57112_username%22%3Bi%3A1%3Bs%3A8%3A%22odegiuli%22%3B%7D; Craft-3626ffc1-d0a3-42e3-98aa-37e8aa759561_sidebar=expanded'
    'HTTP_ACCEPT_LANGUAGE' => 'de,en-US;q=0.9,en;q=0.8'
    'HTTP_ACCEPT_ENCODING' => 'gzip, deflate, br, zstd'
    'HTTP_ACCEPT' => 'application/json, text/plain, */*'
    'HTTP_USER_AGENT' => 'Mozilla/5.0 (Macintosh; Intel Mac OS X 10.15; rv:150.0) Gecko/20100101 Firefox/150.0'
    'HTTP_HOST' => 'derschmuckmacher-v3.ddev.site'
    'HTTPS' => 'on'
    'REDIRECT_STATUS' => '200'
    'SERVER_NAME' => 'derschmuckmacher-v3.ddev.site'
    'SERVER_PORT' => '80'
    'SERVER_ADDR' => '172.18.0.3'
    'REMOTE_PORT' => '44806'
    'REMOTE_ADDR' => '172.18.0.5'
    'SERVER_SOFTWARE' => 'nginx/1.28.0'
    'GATEWAY_INTERFACE' => 'CGI/1.1'
    'REQUEST_SCHEME' => 'http'
    'SERVER_PROTOCOL' => 'HTTP/1.1'
    'DOCUMENT_ROOT' => '/var/www/html/web'
    'DOCUMENT_URI' => '/index.php'
    'REQUEST_URI' => '/index.php?p=dW2axQ3b%2Factions%2Fusers%2Fsession-info&dontExtendSession=1&v=1778908325525'
    'CONTENT_LENGTH' => ''
    'CONTENT_TYPE' => ''
    'REQUEST_METHOD' => 'GET'
    'QUERY_STRING' => 'p=dW2axQ3b%2Factions%2Fusers%2Fsession-info&dontExtendSession=1&v=1778908325525'
    'SCRIPT_NAME' => '/index.php'
    'SCRIPT_FILENAME' => '/var/www/html/web/index.php'
    'FCGI_ROLE' => 'RESPONDER'
    'PHP_SELF' => '/index.php'
    'REQUEST_TIME_FLOAT' => 1778908325.5426
    'REQUEST_TIME' => 1778908325
    'CRAFT_APP_ID' => 'CraftCMS--3933bc78-29f5-4b79-bcc5-c31faf0fcd20'
    'CRAFT_ENVIRONMENT' => 'dev'
    'ENVIRONMENT' => 'dev'
    'CRAFT_SECURITY_KEY' => '••••••••••••••••••••••••••••••••'
    'CP_TRIGGER' => 'dW2axQ3b'
    'CRAFT_DB_SCHEMA' => 'public'
    'CRAFT_DB_TABLE_PREFIX' => ''
    'DEV_MODE' => 'true'
    'ALLOW_ADMIN_CHANGES' => 'true'
    'DISALLOW_ROBOTS' => 'true'
    'TIMEZONE' => 'Europe/Zurich'
    'CAPTCHA_SITE_KEY' => '••••••••••••••••••••••••••••••••••••••••'
    'CAPTCHA_SECRET_KEY' => '••••••••••••••••••••••••••••••••••••••••'
    'WEB_URL' => 'https://derschmuckmacher-v3.ddev.site'
    'WEB_ROOT' => '/var/www/html/web'
    'ASSETS_BASE_URL' => 'https://derschmuckmacher-v3.ddev.site/public'
    'ASSETS_BASE_PATH' => '/var/www/html/web/public'
    'SCHMUCK_BASE_URL' => 'https://derschmuckmacher-v3.ddev.site/public/uploads/schmuck'
    'SCHMUCK_BASE_PATH' => '/var/www/html/web/public/uploads/schmuck'
    'BILDER_BASE_URL' => 'https://derschmuckmacher-v3.ddev.site/public/uploads/bilder'
    'BILDER_BASE_PATH' => '/var/www/html/web/public/uploads/bilder'
] {"environment":"dev"} 
2026-05-16 07:27:31 [web.INFO] [yii\db\Connection::open] Opening DB connection: mysql:host=db;dbname=db;port=3306 {"memory":1097536} 
2026-05-16 07:27:31 [web.INFO] [yii\web\Session::open] Session started {"memory":1517664} 
2026-05-16 07:27:31 [web.INFO] [nystudio107\codeeditor\CodeEditor::bootstrap] CodeEditor module bootstrapped {"memory":1538632} 
2026-05-16 07:27:31 [web.INFO] [adigital\cookieconsentbanner\CookieConsentBanner::init] Cookie Consent Banner plugin loaded {"memory":1753640} 
2026-05-16 07:27:31 [web.INFO] [miranj\obfuscator\Obfuscator::init] Obfuscator plugin loaded {"memory":2719640} 
2026-05-16 07:27:31 [web.INFO] [application] Request context:
$_GET = [
    'p' => 'dW2axQ3b/actions/users/session-info'
    'dontExtendSession' => '1'
    'v' => '1778909251896'
]

$_POST = []

$_FILES = []

$_COOKIE = [
    'cookieconsent_status' => 'allow'
    'CRAFT_CSRF_TOKEN' => '••••••••••••••••••••••••••••••••••••••••••••••••••••••••••••••••••••••••••••••••••••••••••••••••••••••••••••••••••••••••••••••••••••••••••••••••••••••'
    'CraftSessionId' => '8dln48qoin5lenmi6jccge1uaf'
    'a8b7b1ec9ffb8baf2c6eaa253fe57112_username' => '26b9ec8568da68d3882e55afaa5d203483c6c5810ee05b5a55c8a0eb10cab93ea:2:{i:0;s:41:\"a8b7b1ec9ffb8baf2c6eaa253fe57112_username\";i:1;s:8:\"odegiuli\";}'
    'Craft-3626ffc1-d0a3-42e3-98aa-37e8aa759561_sidebar' => 'expanded'
]

$_SESSION = [
    '22b6a59deafcfb2ffb13c3adf3d98a3b__flash' => []
]

$_SERVER = [
    'DEPLOY_NAME' => 'local'
    'DDEV_WEBSERVER_TYPE' => 'nginx-fpm'
    'npm_config_cache' => '/mnt/ddev-global-cache/npm'
    'COREPACK_ENABLE_DOWNLOAD_PROMPT' => '0'
    'DDEV_GOOS' => 'darwin'
    'IS_DDEV_PROJECT' => 'true'
    'PHP_DEFAULT_VERSION' => '8.3'
    'HOSTNAME' => 'derschmuckmacher-v3-web'
    'MAILPIT_SMTP_PORT' => '1025'
    'MH_SMTP_BIND_ADDR' => '127.0.0.1:1025'
    'DDEV_PRIMARY_URL_WITHOUT_PORT' => 'https://derschmuckmacher-v3.ddev.site'
    'CRAFT_DB_PORT' => '3306'
    'SSH_AUTH_SOCK' => '/home/.ssh-agent/socket'
    'DDEV_GID' => '20'
    'NODE_EXTRA_CA_CERTS' => '/mnt/ddev-global-cache/mkcert/rootCA.pem'
    'DOCKER_IP' => '127.0.0.1'
    'PGPASSWORD' => 'db'
    'CRAFT_WEB_ROOT' => '/var/www/html/web'
    'DDEV_DOCROOT' => 'web'
    'PWD' => '/var/www/html'
    'PLATFORMSH_CLI_UPDATES_CHECK' => '0'
    'DDEV_APPROOT' => '/var/www/html'
    'DDEV_FILES_DIR' => ''
    'START_SCRIPT_TIMEOUT' => '57'
    'APACHE_SITE_TEMPLATE' => '/etc/apache2/apache-site.conf'
    'PHP_INI' => '/etc/php/8.3/fpm/php.ini'
    'DDEV_VERSION' => 'v1.24.10'
    'PRIMARY_SITE_URL' => 'https://derschmuckmacher-v3.ddev.site'
    'TZ' => 'Europe/Zurich'
    'DDEV_XHPROF_MODE' => 'prepend'
    'HTTPS_EXPOSE' => '443:80,8026:8025'
    'COREPACK_HOME' => '/mnt/ddev-global-cache/corepack'
    'CRAFT_DB_DATABASE' => 'db'
    'DDEV_PRIMARY_URL' => 'https://derschmuckmacher-v3.ddev.site'
    'LINES' => '6'
    'DDEV_SITENAME' => 'derschmuckmacher-v3'
    'HOME' => '/home/omar'
    'DRUSH_OPTIONS_URI' => 'https://derschmuckmacher-v3.ddev.site'
    'LANG' => 'C.UTF-8'
    'COLUMNS' => '371'
    'DDEV_MUTAGEN_ENABLED' => 'true'
    'DDEV_USER' => 'omar'
    'PGUSER' => 'db'
    'TERMINUS_CACHE_DIR' => '/mnt/ddev-global-cache/terminus/cache'
    'DDEV_PRIMARY_URL_PORT' => '443'
    'DDEV_ROUTER_HTTP_PORT' => '80'
    'MAILPIT_SMTP_HOSTNAME' => '127.0.0.1'
    'CRAFT_DB_DRIVER' => 'mysql'
    'COMPOSER_PROCESS_TIMEOUT' => '2000'
    'NGINX_SITE_TEMPLATE' => '/etc/nginx/nginx-site.conf'
    'DDEV_FILES_DIRS' => ''
    'CRAFT_DB_SERVER' => 'db'
    'HTTP_EXPOSE' => '80:80,8025:8025'
    'NVM_DIR' => '/home/omar/.nvm'
    'DDEV_PHP_VERSION' => '8.3'
    'DDEV_TLD' => 'ddev.site'
    'DDEV_HOSTNAME' => 'derschmuckmacher-v3.ddev.site'
    'DDEV_PROJECT' => 'derschmuckmacher-v3'
    'DDEV_GOARCH' => 'arm64'
    'VIRTUAL_HOST' => 'derschmuckmacher-v3.ddev.site'
    'TERM' => 'xterm'
    'USER' => 'omar'
    'MYSQL_HISTFILE' => '/mnt/ddev-global-cache/mysqlhistory/derschmuckmacher-v3-web/mysql_history'
    'DDEV_WEB_ENTRYPOINT' => '/mnt/ddev_config/web-entrypoint.d'
    'DDEV_UID' => '501'
    'CAROOT' => '/mnt/ddev-global-cache/mkcert'
    'SHLVL' => '1'
    'COMPOSER_ALLOW_SUPERUSER' => '1'
    'BASH_ENV' => '/etc/bash.nointeractive.bashrc'
    'DDEV_DATABASE' => 'mysql:8.0'
    'PGDATABASE' => 'db'
    'CRAFT_DB_USER' => 'db'
    'DDEV_SCHEME' => 'https'
    'XHPROF_OUTPUT_DIR' => '/tmp/xhprof'
    'COMPOSER_CACHE_DIR' => '/mnt/ddev-global-cache/composer'
    'DDEV_XDEBUG_ENABLED' => 'false'
    'DDEV_DATABASE_FAMILY' => 'mysql'
    'PGHOST' => 'db'
    'DDEV_COMPOSER_ROOT' => '/var/www/html'
    'CRAFT_DB_PASSWORD' => '••'
    'DOCROOT' => 'web'
    'TERMINUS_HIDE_UPDATE_MESSAGE' => '1'
    'PATH' => '/home/omar/bin:/var/www/html/vendor/bin:/usr/local/sbin:/usr/local/bin:/usr/sbin:/usr/bin:/sbin:/bin:/var/www/html/bin:/mnt/ddev-global-cache/global-commands/web'
    'HOST_DOCKER_INTERNAL_IP' => ''
    'DDEV_PROJECT_TYPE' => 'craftcms'
    'DEBIAN_FRONTEND' => 'noninteractive'
    'DDEV_ROUTER_HTTPS_PORT' => '443'
    'EXECIGNORE' => '/var/www/html/vendor/bin/composer'
    'SUPERVISOR_ENABLED' => '1'
    'SUPERVISOR_SERVER_URL' => 'unix:///var/run/supervisor.sock'
    'SUPERVISOR_PROCESS_NAME' => 'php-fpm'
    'SUPERVISOR_GROUP_NAME' => 'php-fpm'
    'HTTP_X_REQUESTED_WITH' => 'XMLHttpRequest'
    'HTTP_X_REGISTERED_JS_FILES' => ''
    'HTTP_X_REGISTERED_ASSET_BUNDLES' => 'e38a2e07,22e517a2,aee7f8dc,26c46c25,e505ffd6,6b4d7555,bb2f10a0,e5e48399,815d39ea,fc0bc163,1ccab40d,1e21896b,54698ee0,b842675b,1c3c9add,4b1fd285,d8d08e47,8f00ce04,8768f48b,cf3018d6,ec6d0256,11858fc6,8550f857,6f12186f,c7a8fe38'
    'HTTP_X_REAL_IP' => '172.18.0.1'
    'HTTP_X_FORWARDED_SERVER' => '617e9e3cc3a1'
    'HTTP_X_FORWARDED_PROTO' => 'https'
    'HTTP_X_FORWARDED_PORT' => '443'
    'HTTP_X_FORWARDED_HOST' => 'derschmuckmacher-v3.ddev.site'
    'HTTP_X_FORWARDED_FOR' => '172.18.0.1'
    'HTTP_X_CSRF_TOKEN' => '••••••••••••••••••••••••••••••••••••••••••••••••••••••••••••••••••••••••••••••••••••••••••••••••••••••••••••'
    'HTTP_TE' => 'trailers'
    'HTTP_SEC_GPC' => '1'
    'HTTP_SEC_FETCH_SITE' => 'same-origin'
    'HTTP_SEC_FETCH_MODE' => 'cors'
    'HTTP_SEC_FETCH_DEST' => 'empty'
    'HTTP_REFERER' => 'https://derschmuckmacher-v3.ddev.site/dW2axQ3b/dashboard'
    'HTTP_COOKIE' => 'cookieconsent_status=allow; CRAFT_CSRF_TOKEN=c46764d17b682367679c529f1043872bbfd294280b0a6b522869cb3868f8a6a6a%3A2%3A%7Bi%3A0%3Bs%3A16%3A%22CRAFT_CSRF_TOKEN%22%3Bi%3A1%3Bs%3A40%3A%22oscGmXtgN7lH1IINFeBh9KwfL0sWDqIBBHQCFaaO%22%3B%7D; CraftSessionId=8dln48qoin5lenmi6jccge1uaf; a8b7b1ec9ffb8baf2c6eaa253fe57112_username=26b9ec8568da68d3882e55afaa5d203483c6c5810ee05b5a55c8a0eb10cab93ea%3A2%3A%7Bi%3A0%3Bs%3A41%3A%22a8b7b1ec9ffb8baf2c6eaa253fe57112_username%22%3Bi%3A1%3Bs%3A8%3A%22odegiuli%22%3B%7D; Craft-3626ffc1-d0a3-42e3-98aa-37e8aa759561_sidebar=expanded'
    'HTTP_ACCEPT_LANGUAGE' => 'de,en-US;q=0.9,en;q=0.8'
    'HTTP_ACCEPT_ENCODING' => 'gzip, deflate, br, zstd'
    'HTTP_ACCEPT' => 'application/json, text/plain, */*'
    'HTTP_USER_AGENT' => 'Mozilla/5.0 (Macintosh; Intel Mac OS X 10.15; rv:150.0) Gecko/20100101 Firefox/150.0'
    'HTTP_HOST' => 'derschmuckmacher-v3.ddev.site'
    'HTTPS' => 'on'
    'REDIRECT_STATUS' => '200'
    'SERVER_NAME' => 'derschmuckmacher-v3.ddev.site'
    'SERVER_PORT' => '80'
    'SERVER_ADDR' => '172.18.0.3'
    'REMOTE_PORT' => '58832'
    'REMOTE_ADDR' => '172.18.0.5'
    'SERVER_SOFTWARE' => 'nginx/1.28.0'
    'GATEWAY_INTERFACE' => 'CGI/1.1'
    'REQUEST_SCHEME' => 'http'
    'SERVER_PROTOCOL' => 'HTTP/1.1'
    'DOCUMENT_ROOT' => '/var/www/html/web'
    'DOCUMENT_URI' => '/index.php'
    'REQUEST_URI' => '/index.php?p=dW2axQ3b%2Factions%2Fusers%2Fsession-info&dontExtendSession=1&v=1778909251896'
    'CONTENT_LENGTH' => ''
    'CONTENT_TYPE' => ''
    'REQUEST_METHOD' => 'GET'
    'QUERY_STRING' => 'p=dW2axQ3b%2Factions%2Fusers%2Fsession-info&dontExtendSession=1&v=1778909251896'
    'SCRIPT_NAME' => '/index.php'
    'SCRIPT_FILENAME' => '/var/www/html/web/index.php'
    'FCGI_ROLE' => 'RESPONDER'
    'PHP_SELF' => '/index.php'
    'REQUEST_TIME_FLOAT' => 1778909251.9067
    'REQUEST_TIME' => 1778909251
    'CRAFT_APP_ID' => 'CraftCMS--3933bc78-29f5-4b79-bcc5-c31faf0fcd20'
    'CRAFT_ENVIRONMENT' => 'dev'
    'ENVIRONMENT' => 'dev'
    'CRAFT_SECURITY_KEY' => '••••••••••••••••••••••••••••••••'
    'CP_TRIGGER' => 'dW2axQ3b'
    'CRAFT_DB_SCHEMA' => 'public'
    'CRAFT_DB_TABLE_PREFIX' => ''
    'DEV_MODE' => 'true'
    'ALLOW_ADMIN_CHANGES' => 'true'
    'DISALLOW_ROBOTS' => 'true'
    'TIMEZONE' => 'Europe/Zurich'
    'CAPTCHA_SITE_KEY' => '••••••••••••••••••••••••••••••••••••••••'
    'CAPTCHA_SECRET_KEY' => '••••••••••••••••••••••••••••••••••••••••'
    'WEB_URL' => 'https://derschmuckmacher-v3.ddev.site'
    'WEB_ROOT' => '/var/www/html/web'
    'ASSETS_BASE_URL' => 'https://derschmuckmacher-v3.ddev.site/public'
    'ASSETS_BASE_PATH' => '/var/www/html/web/public'
    'SCHMUCK_BASE_URL' => 'https://derschmuckmacher-v3.ddev.site/public/uploads/schmuck'
    'SCHMUCK_BASE_PATH' => '/var/www/html/web/public/uploads/schmuck'
    'BILDER_BASE_URL' => 'https://derschmuckmacher-v3.ddev.site/public/uploads/bilder'
    'BILDER_BASE_PATH' => '/var/www/html/web/public/uploads/bilder'
] {"environment":"dev"} 
2026-05-16 08:00:44 [web.INFO] [yii\db\Connection::open] Opening DB connection: mysql:host=db;dbname=db;port=3306 {"memory":1097536} 
2026-05-16 08:00:44 [web.INFO] [yii\web\Session::open] Session started {"memory":1517664} 
2026-05-16 08:00:44 [web.INFO] [nystudio107\codeeditor\CodeEditor::bootstrap] CodeEditor module bootstrapped {"memory":1538632} 
2026-05-16 08:00:44 [web.INFO] [adigital\cookieconsentbanner\CookieConsentBanner::init] Cookie Consent Banner plugin loaded {"memory":1753640} 
2026-05-16 08:00:44 [web.INFO] [miranj\obfuscator\Obfuscator::init] Obfuscator plugin loaded {"memory":2717712} 
2026-05-16 08:00:44 [web.INFO] [application] Request context:
$_GET = [
    'p' => 'dW2axQ3b/actions/users/session-info'
    'dontExtendSession' => '1'
    'v' => '1778911244641'
]

$_POST = []

$_FILES = []

$_COOKIE = [
    'cookieconsent_status' => 'allow'
    'CRAFT_CSRF_TOKEN' => '••••••••••••••••••••••••••••••••••••••••••••••••••••••••••••••••••••••••••••••••••••••••••••••••••••••••••••••••••••••••••••••••••••••••••••••••••••••'
    'CraftSessionId' => '8dln48qoin5lenmi6jccge1uaf'
    'a8b7b1ec9ffb8baf2c6eaa253fe57112_username' => '26b9ec8568da68d3882e55afaa5d203483c6c5810ee05b5a55c8a0eb10cab93ea:2:{i:0;s:41:\"a8b7b1ec9ffb8baf2c6eaa253fe57112_username\";i:1;s:8:\"odegiuli\";}'
    'Craft-3626ffc1-d0a3-42e3-98aa-37e8aa759561_sidebar' => 'expanded'
]

$_SESSION = [
    '22b6a59deafcfb2ffb13c3adf3d98a3b__flash' => []
]

$_SERVER = [
    'DEPLOY_NAME' => 'local'
    'DDEV_WEBSERVER_TYPE' => 'nginx-fpm'
    'npm_config_cache' => '/mnt/ddev-global-cache/npm'
    'COREPACK_ENABLE_DOWNLOAD_PROMPT' => '0'
    'DDEV_GOOS' => 'darwin'
    'IS_DDEV_PROJECT' => 'true'
    'PHP_DEFAULT_VERSION' => '8.3'
    'HOSTNAME' => 'derschmuckmacher-v3-web'
    'MAILPIT_SMTP_PORT' => '1025'
    'MH_SMTP_BIND_ADDR' => '127.0.0.1:1025'
    'DDEV_PRIMARY_URL_WITHOUT_PORT' => 'https://derschmuckmacher-v3.ddev.site'
    'CRAFT_DB_PORT' => '3306'
    'SSH_AUTH_SOCK' => '/home/.ssh-agent/socket'
    'DDEV_GID' => '20'
    'NODE_EXTRA_CA_CERTS' => '/mnt/ddev-global-cache/mkcert/rootCA.pem'
    'DOCKER_IP' => '127.0.0.1'
    'PGPASSWORD' => 'db'
    'CRAFT_WEB_ROOT' => '/var/www/html/web'
    'DDEV_DOCROOT' => 'web'
    'PWD' => '/var/www/html'
    'PLATFORMSH_CLI_UPDATES_CHECK' => '0'
    'DDEV_APPROOT' => '/var/www/html'
    'DDEV_FILES_DIR' => ''
    'START_SCRIPT_TIMEOUT' => '57'
    'APACHE_SITE_TEMPLATE' => '/etc/apache2/apache-site.conf'
    'PHP_INI' => '/etc/php/8.3/fpm/php.ini'
    'DDEV_VERSION' => 'v1.24.10'
    'PRIMARY_SITE_URL' => 'https://derschmuckmacher-v3.ddev.site'
    'TZ' => 'Europe/Zurich'
    'DDEV_XHPROF_MODE' => 'prepend'
    'HTTPS_EXPOSE' => '443:80,8026:8025'
    'COREPACK_HOME' => '/mnt/ddev-global-cache/corepack'
    'CRAFT_DB_DATABASE' => 'db'
    'DDEV_PRIMARY_URL' => 'https://derschmuckmacher-v3.ddev.site'
    'LINES' => '6'
    'DDEV_SITENAME' => 'derschmuckmacher-v3'
    'HOME' => '/home/omar'
    'DRUSH_OPTIONS_URI' => 'https://derschmuckmacher-v3.ddev.site'
    'LANG' => 'C.UTF-8'
    'COLUMNS' => '371'
    'DDEV_MUTAGEN_ENABLED' => 'true'
    'DDEV_USER' => 'omar'
    'PGUSER' => 'db'
    'TERMINUS_CACHE_DIR' => '/mnt/ddev-global-cache/terminus/cache'
    'DDEV_PRIMARY_URL_PORT' => '443'
    'DDEV_ROUTER_HTTP_PORT' => '80'
    'MAILPIT_SMTP_HOSTNAME' => '127.0.0.1'
    'CRAFT_DB_DRIVER' => 'mysql'
    'COMPOSER_PROCESS_TIMEOUT' => '2000'
    'NGINX_SITE_TEMPLATE' => '/etc/nginx/nginx-site.conf'
    'DDEV_FILES_DIRS' => ''
    'CRAFT_DB_SERVER' => 'db'
    'HTTP_EXPOSE' => '80:80,8025:8025'
    'NVM_DIR' => '/home/omar/.nvm'
    'DDEV_PHP_VERSION' => '8.3'
    'DDEV_TLD' => 'ddev.site'
    'DDEV_HOSTNAME' => 'derschmuckmacher-v3.ddev.site'
    'DDEV_PROJECT' => 'derschmuckmacher-v3'
    'DDEV_GOARCH' => 'arm64'
    'VIRTUAL_HOST' => 'derschmuckmacher-v3.ddev.site'
    'TERM' => 'xterm'
    'USER' => 'omar'
    'MYSQL_HISTFILE' => '/mnt/ddev-global-cache/mysqlhistory/derschmuckmacher-v3-web/mysql_history'
    'DDEV_WEB_ENTRYPOINT' => '/mnt/ddev_config/web-entrypoint.d'
    'DDEV_UID' => '501'
    'CAROOT' => '/mnt/ddev-global-cache/mkcert'
    'SHLVL' => '1'
    'COMPOSER_ALLOW_SUPERUSER' => '1'
    'BASH_ENV' => '/etc/bash.nointeractive.bashrc'
    'DDEV_DATABASE' => 'mysql:8.0'
    'PGDATABASE' => 'db'
    'CRAFT_DB_USER' => 'db'
    'DDEV_SCHEME' => 'https'
    'XHPROF_OUTPUT_DIR' => '/tmp/xhprof'
    'COMPOSER_CACHE_DIR' => '/mnt/ddev-global-cache/composer'
    'DDEV_XDEBUG_ENABLED' => 'false'
    'DDEV_DATABASE_FAMILY' => 'mysql'
    'PGHOST' => 'db'
    'DDEV_COMPOSER_ROOT' => '/var/www/html'
    'CRAFT_DB_PASSWORD' => '••'
    'DOCROOT' => 'web'
    'TERMINUS_HIDE_UPDATE_MESSAGE' => '1'
    'PATH' => '/home/omar/bin:/var/www/html/vendor/bin:/usr/local/sbin:/usr/local/bin:/usr/sbin:/usr/bin:/sbin:/bin:/var/www/html/bin:/mnt/ddev-global-cache/global-commands/web'
    'HOST_DOCKER_INTERNAL_IP' => ''
    'DDEV_PROJECT_TYPE' => 'craftcms'
    'DEBIAN_FRONTEND' => 'noninteractive'
    'DDEV_ROUTER_HTTPS_PORT' => '443'
    'EXECIGNORE' => '/var/www/html/vendor/bin/composer'
    'SUPERVISOR_ENABLED' => '1'
    'SUPERVISOR_SERVER_URL' => 'unix:///var/run/supervisor.sock'
    'SUPERVISOR_PROCESS_NAME' => 'php-fpm'
    'SUPERVISOR_GROUP_NAME' => 'php-fpm'
    'HTTP_X_REQUESTED_WITH' => 'XMLHttpRequest'
    'HTTP_X_REGISTERED_JS_FILES' => ''
    'HTTP_X_REGISTERED_ASSET_BUNDLES' => 'e38a2e07,22e517a2,aee7f8dc,26c46c25,e505ffd6,6b4d7555,bb2f10a0,e5e48399,815d39ea,fc0bc163,1ccab40d,1e21896b,54698ee0,b842675b,1c3c9add,4b1fd285,d8d08e47,8f00ce04,8768f48b,cf3018d6,ec6d0256,11858fc6,8550f857,6f12186f,c7a8fe38'
    'HTTP_X_REAL_IP' => '172.18.0.1'
    'HTTP_X_FORWARDED_SERVER' => '617e9e3cc3a1'
    'HTTP_X_FORWARDED_PROTO' => 'https'
    'HTTP_X_FORWARDED_PORT' => '443'
    'HTTP_X_FORWARDED_HOST' => 'derschmuckmacher-v3.ddev.site'
    'HTTP_X_FORWARDED_FOR' => '172.18.0.1'
    'HTTP_X_CSRF_TOKEN' => '••••••••••••••••••••••••••••••••••••••••••••••••••••••••••••••••••••••••••••••••••••••••••••••••••••••••••••'
    'HTTP_TE' => 'trailers'
    'HTTP_SEC_GPC' => '1'
    'HTTP_SEC_FETCH_SITE' => 'same-origin'
    'HTTP_SEC_FETCH_MODE' => 'cors'
    'HTTP_SEC_FETCH_DEST' => 'empty'
    'HTTP_REFERER' => 'https://derschmuckmacher-v3.ddev.site/dW2axQ3b/dashboard'
    'HTTP_COOKIE' => 'cookieconsent_status=allow; CRAFT_CSRF_TOKEN=c46764d17b682367679c529f1043872bbfd294280b0a6b522869cb3868f8a6a6a%3A2%3A%7Bi%3A0%3Bs%3A16%3A%22CRAFT_CSRF_TOKEN%22%3Bi%3A1%3Bs%3A40%3A%22oscGmXtgN7lH1IINFeBh9KwfL0sWDqIBBHQCFaaO%22%3B%7D; CraftSessionId=8dln48qoin5lenmi6jccge1uaf; a8b7b1ec9ffb8baf2c6eaa253fe57112_username=26b9ec8568da68d3882e55afaa5d203483c6c5810ee05b5a55c8a0eb10cab93ea%3A2%3A%7Bi%3A0%3Bs%3A41%3A%22a8b7b1ec9ffb8baf2c6eaa253fe57112_username%22%3Bi%3A1%3Bs%3A8%3A%22odegiuli%22%3B%7D; Craft-3626ffc1-d0a3-42e3-98aa-37e8aa759561_sidebar=expanded'
    'HTTP_ACCEPT_LANGUAGE' => 'de,en-US;q=0.9,en;q=0.8'
    'HTTP_ACCEPT_ENCODING' => 'gzip, deflate, br, zstd'
    'HTTP_ACCEPT' => 'application/json, text/plain, */*'
    'HTTP_USER_AGENT' => 'Mozilla/5.0 (Macintosh; Intel Mac OS X 10.15; rv:150.0) Gecko/20100101 Firefox/150.0'
    'HTTP_HOST' => 'derschmuckmacher-v3.ddev.site'
    'HTTPS' => 'on'
    'REDIRECT_STATUS' => '200'
    'SERVER_NAME' => 'derschmuckmacher-v3.ddev.site'
    'SERVER_PORT' => '80'
    'SERVER_ADDR' => '172.18.0.3'
    'REMOTE_PORT' => '47174'
    'REMOTE_ADDR' => '172.18.0.5'
    'SERVER_SOFTWARE' => 'nginx/1.28.0'
    'GATEWAY_INTERFACE' => 'CGI/1.1'
    'REQUEST_SCHEME' => 'http'
    'SERVER_PROTOCOL' => 'HTTP/1.1'
    'DOCUMENT_ROOT' => '/var/www/html/web'
    'DOCUMENT_URI' => '/index.php'
    'REQUEST_URI' => '/index.php?p=dW2axQ3b%2Factions%2Fusers%2Fsession-info&dontExtendSession=1&v=1778911244641'
    'CONTENT_LENGTH' => ''
    'CONTENT_TYPE' => ''
    'REQUEST_METHOD' => 'GET'
    'QUERY_STRING' => 'p=dW2axQ3b%2Factions%2Fusers%2Fsession-info&dontExtendSession=1&v=1778911244641'
    'SCRIPT_NAME' => '/index.php'
    'SCRIPT_FILENAME' => '/var/www/html/web/index.php'
    'FCGI_ROLE' => 'RESPONDER'
    'PHP_SELF' => '/index.php'
    'REQUEST_TIME_FLOAT' => 1778911244.6542
    'REQUEST_TIME' => 1778911244
    'CRAFT_APP_ID' => 'CraftCMS--3933bc78-29f5-4b79-bcc5-c31faf0fcd20'
    'CRAFT_ENVIRONMENT' => 'dev'
    'ENVIRONMENT' => 'dev'
    'CRAFT_SECURITY_KEY' => '••••••••••••••••••••••••••••••••'
    'CP_TRIGGER' => 'dW2axQ3b'
    'CRAFT_DB_SCHEMA' => 'public'
    'CRAFT_DB_TABLE_PREFIX' => ''
    'DEV_MODE' => 'true'
    'ALLOW_ADMIN_CHANGES' => 'true'
    'DISALLOW_ROBOTS' => 'true'
    'TIMEZONE' => 'Europe/Zurich'
    'CAPTCHA_SITE_KEY' => '••••••••••••••••••••••••••••••••••••••••'
    'CAPTCHA_SECRET_KEY' => '••••••••••••••••••••••••••••••••••••••••'
    'WEB_URL' => 'https://derschmuckmacher-v3.ddev.site'
    'WEB_ROOT' => '/var/www/html/web'
    'ASSETS_BASE_URL' => 'https://derschmuckmacher-v3.ddev.site/public'
    'ASSETS_BASE_PATH' => '/var/www/html/web/public'
    'SCHMUCK_BASE_URL' => 'https://derschmuckmacher-v3.ddev.site/public/uploads/schmuck'
    'SCHMUCK_BASE_PATH' => '/var/www/html/web/public/uploads/schmuck'
    'BILDER_BASE_URL' => 'https://derschmuckmacher-v3.ddev.site/public/uploads/bilder'
    'BILDER_BASE_PATH' => '/var/www/html/web/public/uploads/bilder'
] {"environment":"dev"} 
2026-05-16 08:01:44 [web.INFO] [yii\db\Connection::open] Opening DB connection: mysql:host=db;dbname=db;port=3306 {"memory":1097536} 
2026-05-16 08:01:44 [web.INFO] [yii\web\Session::open] Session started {"memory":1517664} 
2026-05-16 08:01:44 [web.INFO] [nystudio107\codeeditor\CodeEditor::bootstrap] CodeEditor module bootstrapped {"memory":1538632} 
2026-05-16 08:01:44 [web.INFO] [adigital\cookieconsentbanner\CookieConsentBanner::init] Cookie Consent Banner plugin loaded {"memory":1753640} 
2026-05-16 08:01:44 [web.INFO] [miranj\obfuscator\Obfuscator::init] Obfuscator plugin loaded {"memory":2717712} 
2026-05-16 08:01:44 [web.INFO] [application] Request context:
$_GET = [
    'p' => 'dW2axQ3b/actions/users/session-info'
    'dontExtendSession' => '1'
    'v' => '1778912292560'
]

$_POST = []

$_FILES = []

$_COOKIE = [
    'cookieconsent_status' => 'allow'
    'CRAFT_CSRF_TOKEN' => '••••••••••••••••••••••••••••••••••••••••••••••••••••••••••••••••••••••••••••••••••••••••••••••••••••••••••••••••••••••••••••••••••••••••••••••••••••••'
    'CraftSessionId' => '8dln48qoin5lenmi6jccge1uaf'
    'a8b7b1ec9ffb8baf2c6eaa253fe57112_username' => '26b9ec8568da68d3882e55afaa5d203483c6c5810ee05b5a55c8a0eb10cab93ea:2:{i:0;s:41:\"a8b7b1ec9ffb8baf2c6eaa253fe57112_username\";i:1;s:8:\"odegiuli\";}'
    'Craft-3626ffc1-d0a3-42e3-98aa-37e8aa759561_sidebar' => 'expanded'
]

$_SESSION = [
    '22b6a59deafcfb2ffb13c3adf3d98a3b__flash' => []
]

$_SERVER = [
    'DEPLOY_NAME' => 'local'
    'DDEV_WEBSERVER_TYPE' => 'nginx-fpm'
    'npm_config_cache' => '/mnt/ddev-global-cache/npm'
    'COREPACK_ENABLE_DOWNLOAD_PROMPT' => '0'
    'DDEV_GOOS' => 'darwin'
    'IS_DDEV_PROJECT' => 'true'
    'PHP_DEFAULT_VERSION' => '8.3'
    'HOSTNAME' => 'derschmuckmacher-v3-web'
    'MAILPIT_SMTP_PORT' => '1025'
    'MH_SMTP_BIND_ADDR' => '127.0.0.1:1025'
    'DDEV_PRIMARY_URL_WITHOUT_PORT' => 'https://derschmuckmacher-v3.ddev.site'
    'CRAFT_DB_PORT' => '3306'
    'SSH_AUTH_SOCK' => '/home/.ssh-agent/socket'
    'DDEV_GID' => '20'
    'NODE_EXTRA_CA_CERTS' => '/mnt/ddev-global-cache/mkcert/rootCA.pem'
    'DOCKER_IP' => '127.0.0.1'
    'PGPASSWORD' => 'db'
    'CRAFT_WEB_ROOT' => '/var/www/html/web'
    'DDEV_DOCROOT' => 'web'
    'PWD' => '/var/www/html'
    'PLATFORMSH_CLI_UPDATES_CHECK' => '0'
    'DDEV_APPROOT' => '/var/www/html'
    'DDEV_FILES_DIR' => ''
    'START_SCRIPT_TIMEOUT' => '57'
    'APACHE_SITE_TEMPLATE' => '/etc/apache2/apache-site.conf'
    'PHP_INI' => '/etc/php/8.3/fpm/php.ini'
    'DDEV_VERSION' => 'v1.24.10'
    'PRIMARY_SITE_URL' => 'https://derschmuckmacher-v3.ddev.site'
    'TZ' => 'Europe/Zurich'
    'DDEV_XHPROF_MODE' => 'prepend'
    'HTTPS_EXPOSE' => '443:80,8026:8025'
    'COREPACK_HOME' => '/mnt/ddev-global-cache/corepack'
    'CRAFT_DB_DATABASE' => 'db'
    'DDEV_PRIMARY_URL' => 'https://derschmuckmacher-v3.ddev.site'
    'LINES' => '6'
    'DDEV_SITENAME' => 'derschmuckmacher-v3'
    'HOME' => '/home/omar'
    'DRUSH_OPTIONS_URI' => 'https://derschmuckmacher-v3.ddev.site'
    'LANG' => 'C.UTF-8'
    'COLUMNS' => '371'
    'DDEV_MUTAGEN_ENABLED' => 'true'
    'DDEV_USER' => 'omar'
    'PGUSER' => 'db'
    'TERMINUS_CACHE_DIR' => '/mnt/ddev-global-cache/terminus/cache'
    'DDEV_PRIMARY_URL_PORT' => '443'
    'DDEV_ROUTER_HTTP_PORT' => '80'
    'MAILPIT_SMTP_HOSTNAME' => '127.0.0.1'
    'CRAFT_DB_DRIVER' => 'mysql'
    'COMPOSER_PROCESS_TIMEOUT' => '2000'
    'NGINX_SITE_TEMPLATE' => '/etc/nginx/nginx-site.conf'
    'DDEV_FILES_DIRS' => ''
    'CRAFT_DB_SERVER' => 'db'
    'HTTP_EXPOSE' => '80:80,8025:8025'
    'NVM_DIR' => '/home/omar/.nvm'
    'DDEV_PHP_VERSION' => '8.3'
    'DDEV_TLD' => 'ddev.site'
    'DDEV_HOSTNAME' => 'derschmuckmacher-v3.ddev.site'
    'DDEV_PROJECT' => 'derschmuckmacher-v3'
    'DDEV_GOARCH' => 'arm64'
    'VIRTUAL_HOST' => 'derschmuckmacher-v3.ddev.site'
    'TERM' => 'xterm'
    'USER' => 'omar'
    'MYSQL_HISTFILE' => '/mnt/ddev-global-cache/mysqlhistory/derschmuckmacher-v3-web/mysql_history'
    'DDEV_WEB_ENTRYPOINT' => '/mnt/ddev_config/web-entrypoint.d'
    'DDEV_UID' => '501'
    'CAROOT' => '/mnt/ddev-global-cache/mkcert'
    'SHLVL' => '1'
    'COMPOSER_ALLOW_SUPERUSER' => '1'
    'BASH_ENV' => '/etc/bash.nointeractive.bashrc'
    'DDEV_DATABASE' => 'mysql:8.0'
    'PGDATABASE' => 'db'
    'CRAFT_DB_USER' => 'db'
    'DDEV_SCHEME' => 'https'
    'XHPROF_OUTPUT_DIR' => '/tmp/xhprof'
    'COMPOSER_CACHE_DIR' => '/mnt/ddev-global-cache/composer'
    'DDEV_XDEBUG_ENABLED' => 'false'
    'DDEV_DATABASE_FAMILY' => 'mysql'
    'PGHOST' => 'db'
    'DDEV_COMPOSER_ROOT' => '/var/www/html'
    'CRAFT_DB_PASSWORD' => '••'
    'DOCROOT' => 'web'
    'TERMINUS_HIDE_UPDATE_MESSAGE' => '1'
    'PATH' => '/home/omar/bin:/var/www/html/vendor/bin:/usr/local/sbin:/usr/local/bin:/usr/sbin:/usr/bin:/sbin:/bin:/var/www/html/bin:/mnt/ddev-global-cache/global-commands/web'
    'HOST_DOCKER_INTERNAL_IP' => ''
    'DDEV_PROJECT_TYPE' => 'craftcms'
    'DEBIAN_FRONTEND' => 'noninteractive'
    'DDEV_ROUTER_HTTPS_PORT' => '443'
    'EXECIGNORE' => '/var/www/html/vendor/bin/composer'
    'SUPERVISOR_ENABLED' => '1'
    'SUPERVISOR_SERVER_URL' => 'unix:///var/run/supervisor.sock'
    'SUPERVISOR_PROCESS_NAME' => 'php-fpm'
    'SUPERVISOR_GROUP_NAME' => 'php-fpm'
    'HTTP_X_REQUESTED_WITH' => 'XMLHttpRequest'
    'HTTP_X_REGISTERED_JS_FILES' => ''
    'HTTP_X_REGISTERED_ASSET_BUNDLES' => 'e38a2e07,22e517a2,aee7f8dc,26c46c25,e505ffd6,6b4d7555,bb2f10a0,e5e48399,815d39ea,fc0bc163,1ccab40d,1e21896b,54698ee0,b842675b,1c3c9add,4b1fd285,d8d08e47,8f00ce04,8768f48b,cf3018d6,ec6d0256,11858fc6,8550f857,6f12186f,c7a8fe38'
    'HTTP_X_REAL_IP' => '172.18.0.1'
    'HTTP_X_FORWARDED_SERVER' => '617e9e3cc3a1'
    'HTTP_X_FORWARDED_PROTO' => 'https'
    'HTTP_X_FORWARDED_PORT' => '443'
    'HTTP_X_FORWARDED_HOST' => 'derschmuckmacher-v3.ddev.site'
    'HTTP_X_FORWARDED_FOR' => '172.18.0.1'
    'HTTP_X_CSRF_TOKEN' => '••••••••••••••••••••••••••••••••••••••••••••••••••••••••••••••••••••••••••••••••••••••••••••••••••••••••••••'
    'HTTP_TE' => 'trailers'
    'HTTP_SEC_GPC' => '1'
    'HTTP_SEC_FETCH_SITE' => 'same-origin'
    'HTTP_SEC_FETCH_MODE' => 'cors'
    'HTTP_SEC_FETCH_DEST' => 'empty'
    'HTTP_REFERER' => 'https://derschmuckmacher-v3.ddev.site/dW2axQ3b/dashboard'
    'HTTP_COOKIE' => 'cookieconsent_status=allow; CRAFT_CSRF_TOKEN=c46764d17b682367679c529f1043872bbfd294280b0a6b522869cb3868f8a6a6a%3A2%3A%7Bi%3A0%3Bs%3A16%3A%22CRAFT_CSRF_TOKEN%22%3Bi%3A1%3Bs%3A40%3A%22oscGmXtgN7lH1IINFeBh9KwfL0sWDqIBBHQCFaaO%22%3B%7D; CraftSessionId=8dln48qoin5lenmi6jccge1uaf; a8b7b1ec9ffb8baf2c6eaa253fe57112_username=26b9ec8568da68d3882e55afaa5d203483c6c5810ee05b5a55c8a0eb10cab93ea%3A2%3A%7Bi%3A0%3Bs%3A41%3A%22a8b7b1ec9ffb8baf2c6eaa253fe57112_username%22%3Bi%3A1%3Bs%3A8%3A%22odegiuli%22%3B%7D; Craft-3626ffc1-d0a3-42e3-98aa-37e8aa759561_sidebar=expanded'
    'HTTP_ACCEPT_LANGUAGE' => 'de,en-US;q=0.9,en;q=0.8'
    'HTTP_ACCEPT_ENCODING' => 'gzip, deflate, br, zstd'
    'HTTP_ACCEPT' => 'application/json, text/plain, */*'
    'HTTP_USER_AGENT' => 'Mozilla/5.0 (Macintosh; Intel Mac OS X 10.15; rv:150.0) Gecko/20100101 Firefox/150.0'
    'HTTP_HOST' => 'derschmuckmacher-v3.ddev.site'
    'HTTPS' => 'on'
    'REDIRECT_STATUS' => '200'
    'SERVER_NAME' => 'derschmuckmacher-v3.ddev.site'
    'SERVER_PORT' => '80'
    'SERVER_ADDR' => '172.18.0.3'
    'REMOTE_PORT' => '39602'
    'REMOTE_ADDR' => '172.18.0.5'
    'SERVER_SOFTWARE' => 'nginx/1.28.0'
    'GATEWAY_INTERFACE' => 'CGI/1.1'
    'REQUEST_SCHEME' => 'http'
    'SERVER_PROTOCOL' => 'HTTP/1.1'
    'DOCUMENT_ROOT' => '/var/www/html/web'
    'DOCUMENT_URI' => '/index.php'
    'REQUEST_URI' => '/index.php?p=dW2axQ3b%2Factions%2Fusers%2Fsession-info&dontExtendSession=1&v=1778912292560'
    'CONTENT_LENGTH' => ''
    'CONTENT_TYPE' => ''
    'REQUEST_METHOD' => 'GET'
    'QUERY_STRING' => 'p=dW2axQ3b%2Factions%2Fusers%2Fsession-info&dontExtendSession=1&v=1778912292560'
    'SCRIPT_NAME' => '/index.php'
    'SCRIPT_FILENAME' => '/var/www/html/web/index.php'
    'FCGI_ROLE' => 'RESPONDER'
    'PHP_SELF' => '/index.php'
    'REQUEST_TIME_FLOAT' => 1778911304.7572
    'REQUEST_TIME' => 1778911304
    'CRAFT_APP_ID' => 'CraftCMS--3933bc78-29f5-4b79-bcc5-c31faf0fcd20'
    'CRAFT_ENVIRONMENT' => 'dev'
    'ENVIRONMENT' => 'dev'
    'CRAFT_SECURITY_KEY' => '••••••••••••••••••••••••••••••••'
    'CP_TRIGGER' => 'dW2axQ3b'
    'CRAFT_DB_SCHEMA' => 'public'
    'CRAFT_DB_TABLE_PREFIX' => ''
    'DEV_MODE' => 'true'
    'ALLOW_ADMIN_CHANGES' => 'true'
    'DISALLOW_ROBOTS' => 'true'
    'TIMEZONE' => 'Europe/Zurich'
    'CAPTCHA_SITE_KEY' => '••••••••••••••••••••••••••••••••••••••••'
    'CAPTCHA_SECRET_KEY' => '••••••••••••••••••••••••••••••••••••••••'
    'WEB_URL' => 'https://derschmuckmacher-v3.ddev.site'
    'WEB_ROOT' => '/var/www/html/web'
    'ASSETS_BASE_URL' => 'https://derschmuckmacher-v3.ddev.site/public'
    'ASSETS_BASE_PATH' => '/var/www/html/web/public'
    'SCHMUCK_BASE_URL' => 'https://derschmuckmacher-v3.ddev.site/public/uploads/schmuck'
    'SCHMUCK_BASE_PATH' => '/var/www/html/web/public/uploads/schmuck'
    'BILDER_BASE_URL' => 'https://derschmuckmacher-v3.ddev.site/public/uploads/bilder'
    'BILDER_BASE_PATH' => '/var/www/html/web/public/uploads/bilder'
] {"environment":"dev"} 
2026-05-16 08:28:07 [web.INFO] [yii\db\Connection::open] Opening DB connection: mysql:host=db;dbname=db;port=3306 {"memory":1097536} 
2026-05-16 08:28:07 [web.INFO] [yii\web\Session::open] Session started {"memory":1517664} 
2026-05-16 08:28:07 [web.INFO] [nystudio107\codeeditor\CodeEditor::bootstrap] CodeEditor module bootstrapped {"memory":1538632} 
2026-05-16 08:28:07 [web.INFO] [adigital\cookieconsentbanner\CookieConsentBanner::init] Cookie Consent Banner plugin loaded {"memory":1753640} 
2026-05-16 08:28:07 [web.INFO] [miranj\obfuscator\Obfuscator::init] Obfuscator plugin loaded {"memory":2719640} 
2026-05-16 08:28:07 [web.INFO] [application] Request context:
$_GET = [
    'p' => 'dW2axQ3b/actions/users/session-info'
    'dontExtendSession' => '1'
    'v' => '1778912887918'
]

$_POST = []

$_FILES = []

$_COOKIE = [
    'cookieconsent_status' => 'allow'
    'CRAFT_CSRF_TOKEN' => '••••••••••••••••••••••••••••••••••••••••••••••••••••••••••••••••••••••••••••••••••••••••••••••••••••••••••••••••••••••••••••••••••••••••••••••••••••••'
    'CraftSessionId' => '8dln48qoin5lenmi6jccge1uaf'
    'a8b7b1ec9ffb8baf2c6eaa253fe57112_username' => '26b9ec8568da68d3882e55afaa5d203483c6c5810ee05b5a55c8a0eb10cab93ea:2:{i:0;s:41:\"a8b7b1ec9ffb8baf2c6eaa253fe57112_username\";i:1;s:8:\"odegiuli\";}'
    'Craft-3626ffc1-d0a3-42e3-98aa-37e8aa759561_sidebar' => 'expanded'
]

$_SESSION = [
    '22b6a59deafcfb2ffb13c3adf3d98a3b__flash' => []
]

$_SERVER = [
    'DEPLOY_NAME' => 'local'
    'DDEV_WEBSERVER_TYPE' => 'nginx-fpm'
    'npm_config_cache' => '/mnt/ddev-global-cache/npm'
    'COREPACK_ENABLE_DOWNLOAD_PROMPT' => '0'
    'DDEV_GOOS' => 'darwin'
    'IS_DDEV_PROJECT' => 'true'
    'PHP_DEFAULT_VERSION' => '8.3'
    'HOSTNAME' => 'derschmuckmacher-v3-web'
    'MAILPIT_SMTP_PORT' => '1025'
    'MH_SMTP_BIND_ADDR' => '127.0.0.1:1025'
    'DDEV_PRIMARY_URL_WITHOUT_PORT' => 'https://derschmuckmacher-v3.ddev.site'
    'CRAFT_DB_PORT' => '3306'
    'SSH_AUTH_SOCK' => '/home/.ssh-agent/socket'
    'DDEV_GID' => '20'
    'NODE_EXTRA_CA_CERTS' => '/mnt/ddev-global-cache/mkcert/rootCA.pem'
    'DOCKER_IP' => '127.0.0.1'
    'PGPASSWORD' => 'db'
    'CRAFT_WEB_ROOT' => '/var/www/html/web'
    'DDEV_DOCROOT' => 'web'
    'PWD' => '/var/www/html'
    'PLATFORMSH_CLI_UPDATES_CHECK' => '0'
    'DDEV_APPROOT' => '/var/www/html'
    'DDEV_FILES_DIR' => ''
    'START_SCRIPT_TIMEOUT' => '57'
    'APACHE_SITE_TEMPLATE' => '/etc/apache2/apache-site.conf'
    'PHP_INI' => '/etc/php/8.3/fpm/php.ini'
    'DDEV_VERSION' => 'v1.24.10'
    'PRIMARY_SITE_URL' => 'https://derschmuckmacher-v3.ddev.site'
    'TZ' => 'Europe/Zurich'
    'DDEV_XHPROF_MODE' => 'prepend'
    'HTTPS_EXPOSE' => '443:80,8026:8025'
    'COREPACK_HOME' => '/mnt/ddev-global-cache/corepack'
    'CRAFT_DB_DATABASE' => 'db'
    'DDEV_PRIMARY_URL' => 'https://derschmuckmacher-v3.ddev.site'
    'LINES' => '6'
    'DDEV_SITENAME' => 'derschmuckmacher-v3'
    'HOME' => '/home/omar'
    'DRUSH_OPTIONS_URI' => 'https://derschmuckmacher-v3.ddev.site'
    'LANG' => 'C.UTF-8'
    'COLUMNS' => '371'
    'DDEV_MUTAGEN_ENABLED' => 'true'
    'DDEV_USER' => 'omar'
    'PGUSER' => 'db'
    'TERMINUS_CACHE_DIR' => '/mnt/ddev-global-cache/terminus/cache'
    'DDEV_PRIMARY_URL_PORT' => '443'
    'DDEV_ROUTER_HTTP_PORT' => '80'
    'MAILPIT_SMTP_HOSTNAME' => '127.0.0.1'
    'CRAFT_DB_DRIVER' => 'mysql'
    'COMPOSER_PROCESS_TIMEOUT' => '2000'
    'NGINX_SITE_TEMPLATE' => '/etc/nginx/nginx-site.conf'
    'DDEV_FILES_DIRS' => ''
    'CRAFT_DB_SERVER' => 'db'
    'HTTP_EXPOSE' => '80:80,8025:8025'
    'NVM_DIR' => '/home/omar/.nvm'
    'DDEV_PHP_VERSION' => '8.3'
    'DDEV_TLD' => 'ddev.site'
    'DDEV_HOSTNAME' => 'derschmuckmacher-v3.ddev.site'
    'DDEV_PROJECT' => 'derschmuckmacher-v3'
    'DDEV_GOARCH' => 'arm64'
    'VIRTUAL_HOST' => 'derschmuckmacher-v3.ddev.site'
    'TERM' => 'xterm'
    'USER' => 'omar'
    'MYSQL_HISTFILE' => '/mnt/ddev-global-cache/mysqlhistory/derschmuckmacher-v3-web/mysql_history'
    'DDEV_WEB_ENTRYPOINT' => '/mnt/ddev_config/web-entrypoint.d'
    'DDEV_UID' => '501'
    'CAROOT' => '/mnt/ddev-global-cache/mkcert'
    'SHLVL' => '1'
    'COMPOSER_ALLOW_SUPERUSER' => '1'
    'BASH_ENV' => '/etc/bash.nointeractive.bashrc'
    'DDEV_DATABASE' => 'mysql:8.0'
    'PGDATABASE' => 'db'
    'CRAFT_DB_USER' => 'db'
    'DDEV_SCHEME' => 'https'
    'XHPROF_OUTPUT_DIR' => '/tmp/xhprof'
    'COMPOSER_CACHE_DIR' => '/mnt/ddev-global-cache/composer'
    'DDEV_XDEBUG_ENABLED' => 'false'
    'DDEV_DATABASE_FAMILY' => 'mysql'
    'PGHOST' => 'db'
    'DDEV_COMPOSER_ROOT' => '/var/www/html'
    'CRAFT_DB_PASSWORD' => '••'
    'DOCROOT' => 'web'
    'TERMINUS_HIDE_UPDATE_MESSAGE' => '1'
    'PATH' => '/home/omar/bin:/var/www/html/vendor/bin:/usr/local/sbin:/usr/local/bin:/usr/sbin:/usr/bin:/sbin:/bin:/var/www/html/bin:/mnt/ddev-global-cache/global-commands/web'
    'HOST_DOCKER_INTERNAL_IP' => ''
    'DDEV_PROJECT_TYPE' => 'craftcms'
    'DEBIAN_FRONTEND' => 'noninteractive'
    'DDEV_ROUTER_HTTPS_PORT' => '443'
    'EXECIGNORE' => '/var/www/html/vendor/bin/composer'
    'SUPERVISOR_ENABLED' => '1'
    'SUPERVISOR_SERVER_URL' => 'unix:///var/run/supervisor.sock'
    'SUPERVISOR_PROCESS_NAME' => 'php-fpm'
    'SUPERVISOR_GROUP_NAME' => 'php-fpm'
    'HTTP_X_REQUESTED_WITH' => 'XMLHttpRequest'
    'HTTP_X_REGISTERED_JS_FILES' => ''
    'HTTP_X_REGISTERED_ASSET_BUNDLES' => 'e38a2e07,22e517a2,aee7f8dc,26c46c25,e505ffd6,6b4d7555,bb2f10a0,e5e48399,815d39ea,fc0bc163,1ccab40d,1e21896b,54698ee0,b842675b,1c3c9add,4b1fd285,d8d08e47,8f00ce04,8768f48b,cf3018d6,ec6d0256,11858fc6,8550f857,6f12186f,c7a8fe38'
    'HTTP_X_REAL_IP' => '172.18.0.1'
    'HTTP_X_FORWARDED_SERVER' => '617e9e3cc3a1'
    'HTTP_X_FORWARDED_PROTO' => 'https'
    'HTTP_X_FORWARDED_PORT' => '443'
    'HTTP_X_FORWARDED_HOST' => 'derschmuckmacher-v3.ddev.site'
    'HTTP_X_FORWARDED_FOR' => '172.18.0.1'
    'HTTP_X_CSRF_TOKEN' => '••••••••••••••••••••••••••••••••••••••••••••••••••••••••••••••••••••••••••••••••••••••••••••••••••••••••••••'
    'HTTP_TE' => 'trailers'
    'HTTP_SEC_GPC' => '1'
    'HTTP_SEC_FETCH_SITE' => 'same-origin'
    'HTTP_SEC_FETCH_MODE' => 'cors'
    'HTTP_SEC_FETCH_DEST' => 'empty'
    'HTTP_REFERER' => 'https://derschmuckmacher-v3.ddev.site/dW2axQ3b/dashboard'
    'HTTP_COOKIE' => 'cookieconsent_status=allow; CRAFT_CSRF_TOKEN=c46764d17b682367679c529f1043872bbfd294280b0a6b522869cb3868f8a6a6a%3A2%3A%7Bi%3A0%3Bs%3A16%3A%22CRAFT_CSRF_TOKEN%22%3Bi%3A1%3Bs%3A40%3A%22oscGmXtgN7lH1IINFeBh9KwfL0sWDqIBBHQCFaaO%22%3B%7D; CraftSessionId=8dln48qoin5lenmi6jccge1uaf; a8b7b1ec9ffb8baf2c6eaa253fe57112_username=26b9ec8568da68d3882e55afaa5d203483c6c5810ee05b5a55c8a0eb10cab93ea%3A2%3A%7Bi%3A0%3Bs%3A41%3A%22a8b7b1ec9ffb8baf2c6eaa253fe57112_username%22%3Bi%3A1%3Bs%3A8%3A%22odegiuli%22%3B%7D; Craft-3626ffc1-d0a3-42e3-98aa-37e8aa759561_sidebar=expanded'
    'HTTP_ACCEPT_LANGUAGE' => 'de,en-US;q=0.9,en;q=0.8'
    'HTTP_ACCEPT_ENCODING' => 'gzip, deflate, br, zstd'
    'HTTP_ACCEPT' => 'application/json, text/plain, */*'
    'HTTP_USER_AGENT' => 'Mozilla/5.0 (Macintosh; Intel Mac OS X 10.15; rv:150.0) Gecko/20100101 Firefox/150.0'
    'HTTP_HOST' => 'derschmuckmacher-v3.ddev.site'
    'HTTPS' => 'on'
    'REDIRECT_STATUS' => '200'
    'SERVER_NAME' => 'derschmuckmacher-v3.ddev.site'
    'SERVER_PORT' => '80'
    'SERVER_ADDR' => '172.18.0.3'
    'REMOTE_PORT' => '52732'
    'REMOTE_ADDR' => '172.18.0.5'
    'SERVER_SOFTWARE' => 'nginx/1.28.0'
    'GATEWAY_INTERFACE' => 'CGI/1.1'
    'REQUEST_SCHEME' => 'http'
    'SERVER_PROTOCOL' => 'HTTP/1.1'
    'DOCUMENT_ROOT' => '/var/www/html/web'
    'DOCUMENT_URI' => '/index.php'
    'REQUEST_URI' => '/index.php?p=dW2axQ3b%2Factions%2Fusers%2Fsession-info&dontExtendSession=1&v=1778912887918'
    'CONTENT_LENGTH' => ''
    'CONTENT_TYPE' => ''
    'REQUEST_METHOD' => 'GET'
    'QUERY_STRING' => 'p=dW2axQ3b%2Factions%2Fusers%2Fsession-info&dontExtendSession=1&v=1778912887918'
    'SCRIPT_NAME' => '/index.php'
    'SCRIPT_FILENAME' => '/var/www/html/web/index.php'
    'FCGI_ROLE' => 'RESPONDER'
    'PHP_SELF' => '/index.php'
    'REQUEST_TIME_FLOAT' => 1778912887.9282
    'REQUEST_TIME' => 1778912887
    'CRAFT_APP_ID' => 'CraftCMS--3933bc78-29f5-4b79-bcc5-c31faf0fcd20'
    'CRAFT_ENVIRONMENT' => 'dev'
    'ENVIRONMENT' => 'dev'
    'CRAFT_SECURITY_KEY' => '••••••••••••••••••••••••••••••••'
    'CP_TRIGGER' => 'dW2axQ3b'
    'CRAFT_DB_SCHEMA' => 'public'
    'CRAFT_DB_TABLE_PREFIX' => ''
    'DEV_MODE' => 'true'
    'ALLOW_ADMIN_CHANGES' => 'true'
    'DISALLOW_ROBOTS' => 'true'
    'TIMEZONE' => 'Europe/Zurich'
    'CAPTCHA_SITE_KEY' => '••••••••••••••••••••••••••••••••••••••••'
    'CAPTCHA_SECRET_KEY' => '••••••••••••••••••••••••••••••••••••••••'
    'WEB_URL' => 'https://derschmuckmacher-v3.ddev.site'
    'WEB_ROOT' => '/var/www/html/web'
    'ASSETS_BASE_URL' => 'https://derschmuckmacher-v3.ddev.site/public'
    'ASSETS_BASE_PATH' => '/var/www/html/web/public'
    'SCHMUCK_BASE_URL' => 'https://derschmuckmacher-v3.ddev.site/public/uploads/schmuck'
    'SCHMUCK_BASE_PATH' => '/var/www/html/web/public/uploads/schmuck'
    'BILDER_BASE_URL' => 'https://derschmuckmacher-v3.ddev.site/public/uploads/bilder'
    'BILDER_BASE_PATH' => '/var/www/html/web/public/uploads/bilder'
] {"environment":"dev"} 
2026-05-16 08:38:30 [web.INFO] [yii\db\Connection::open] Opening DB connection: mysql:host=db;dbname=db;port=3306 {"memory":1097536} 
2026-05-16 08:38:30 [web.INFO] [yii\web\Session::open] Session started {"memory":1517664} 
2026-05-16 08:38:30 [web.INFO] [nystudio107\codeeditor\CodeEditor::bootstrap] CodeEditor module bootstrapped {"memory":1538632} 
2026-05-16 08:38:30 [web.INFO] [adigital\cookieconsentbanner\CookieConsentBanner::init] Cookie Consent Banner plugin loaded {"memory":1753640} 
2026-05-16 08:38:30 [web.INFO] [miranj\obfuscator\Obfuscator::init] Obfuscator plugin loaded {"memory":2717712} 
2026-05-16 08:38:30 [web.INFO] [application] Request context:
$_GET = [
    'p' => 'dW2axQ3b/actions/users/session-info'
    'dontExtendSession' => '1'
    'v' => '1778913510377'
]

$_POST = []

$_FILES = []

$_COOKIE = [
    'cookieconsent_status' => 'allow'
    'CRAFT_CSRF_TOKEN' => '••••••••••••••••••••••••••••••••••••••••••••••••••••••••••••••••••••••••••••••••••••••••••••••••••••••••••••••••••••••••••••••••••••••••••••••••••••••'
    'CraftSessionId' => '8dln48qoin5lenmi6jccge1uaf'
    'a8b7b1ec9ffb8baf2c6eaa253fe57112_username' => '26b9ec8568da68d3882e55afaa5d203483c6c5810ee05b5a55c8a0eb10cab93ea:2:{i:0;s:41:\"a8b7b1ec9ffb8baf2c6eaa253fe57112_username\";i:1;s:8:\"odegiuli\";}'
    'Craft-3626ffc1-d0a3-42e3-98aa-37e8aa759561_sidebar' => 'expanded'
]

$_SESSION = [
    '22b6a59deafcfb2ffb13c3adf3d98a3b__flash' => []
]

$_SERVER = [
    'DEPLOY_NAME' => 'local'
    'DDEV_WEBSERVER_TYPE' => 'nginx-fpm'
    'npm_config_cache' => '/mnt/ddev-global-cache/npm'
    'COREPACK_ENABLE_DOWNLOAD_PROMPT' => '0'
    'DDEV_GOOS' => 'darwin'
    'IS_DDEV_PROJECT' => 'true'
    'PHP_DEFAULT_VERSION' => '8.3'
    'HOSTNAME' => 'derschmuckmacher-v3-web'
    'MAILPIT_SMTP_PORT' => '1025'
    'MH_SMTP_BIND_ADDR' => '127.0.0.1:1025'
    'DDEV_PRIMARY_URL_WITHOUT_PORT' => 'https://derschmuckmacher-v3.ddev.site'
    'CRAFT_DB_PORT' => '3306'
    'SSH_AUTH_SOCK' => '/home/.ssh-agent/socket'
    'DDEV_GID' => '20'
    'NODE_EXTRA_CA_CERTS' => '/mnt/ddev-global-cache/mkcert/rootCA.pem'
    'DOCKER_IP' => '127.0.0.1'
    'PGPASSWORD' => 'db'
    'CRAFT_WEB_ROOT' => '/var/www/html/web'
    'DDEV_DOCROOT' => 'web'
    'PWD' => '/var/www/html'
    'PLATFORMSH_CLI_UPDATES_CHECK' => '0'
    'DDEV_APPROOT' => '/var/www/html'
    'DDEV_FILES_DIR' => ''
    'START_SCRIPT_TIMEOUT' => '57'
    'APACHE_SITE_TEMPLATE' => '/etc/apache2/apache-site.conf'
    'PHP_INI' => '/etc/php/8.3/fpm/php.ini'
    'DDEV_VERSION' => 'v1.24.10'
    'PRIMARY_SITE_URL' => 'https://derschmuckmacher-v3.ddev.site'
    'TZ' => 'Europe/Zurich'
    'DDEV_XHPROF_MODE' => 'prepend'
    'HTTPS_EXPOSE' => '443:80,8026:8025'
    'COREPACK_HOME' => '/mnt/ddev-global-cache/corepack'
    'CRAFT_DB_DATABASE' => 'db'
    'DDEV_PRIMARY_URL' => 'https://derschmuckmacher-v3.ddev.site'
    'LINES' => '6'
    'DDEV_SITENAME' => 'derschmuckmacher-v3'
    'HOME' => '/home/omar'
    'DRUSH_OPTIONS_URI' => 'https://derschmuckmacher-v3.ddev.site'
    'LANG' => 'C.UTF-8'
    'COLUMNS' => '371'
    'DDEV_MUTAGEN_ENABLED' => 'true'
    'DDEV_USER' => 'omar'
    'PGUSER' => 'db'
    'TERMINUS_CACHE_DIR' => '/mnt/ddev-global-cache/terminus/cache'
    'DDEV_PRIMARY_URL_PORT' => '443'
    'DDEV_ROUTER_HTTP_PORT' => '80'
    'MAILPIT_SMTP_HOSTNAME' => '127.0.0.1'
    'CRAFT_DB_DRIVER' => 'mysql'
    'COMPOSER_PROCESS_TIMEOUT' => '2000'
    'NGINX_SITE_TEMPLATE' => '/etc/nginx/nginx-site.conf'
    'DDEV_FILES_DIRS' => ''
    'CRAFT_DB_SERVER' => 'db'
    'HTTP_EXPOSE' => '80:80,8025:8025'
    'NVM_DIR' => '/home/omar/.nvm'
    'DDEV_PHP_VERSION' => '8.3'
    'DDEV_TLD' => 'ddev.site'
    'DDEV_HOSTNAME' => 'derschmuckmacher-v3.ddev.site'
    'DDEV_PROJECT' => 'derschmuckmacher-v3'
    'DDEV_GOARCH' => 'arm64'
    'VIRTUAL_HOST' => 'derschmuckmacher-v3.ddev.site'
    'TERM' => 'xterm'
    'USER' => 'omar'
    'MYSQL_HISTFILE' => '/mnt/ddev-global-cache/mysqlhistory/derschmuckmacher-v3-web/mysql_history'
    'DDEV_WEB_ENTRYPOINT' => '/mnt/ddev_config/web-entrypoint.d'
    'DDEV_UID' => '501'
    'CAROOT' => '/mnt/ddev-global-cache/mkcert'
    'SHLVL' => '1'
    'COMPOSER_ALLOW_SUPERUSER' => '1'
    'BASH_ENV' => '/etc/bash.nointeractive.bashrc'
    'DDEV_DATABASE' => 'mysql:8.0'
    'PGDATABASE' => 'db'
    'CRAFT_DB_USER' => 'db'
    'DDEV_SCHEME' => 'https'
    'XHPROF_OUTPUT_DIR' => '/tmp/xhprof'
    'COMPOSER_CACHE_DIR' => '/mnt/ddev-global-cache/composer'
    'DDEV_XDEBUG_ENABLED' => 'false'
    'DDEV_DATABASE_FAMILY' => 'mysql'
    'PGHOST' => 'db'
    'DDEV_COMPOSER_ROOT' => '/var/www/html'
    'CRAFT_DB_PASSWORD' => '••'
    'DOCROOT' => 'web'
    'TERMINUS_HIDE_UPDATE_MESSAGE' => '1'
    'PATH' => '/home/omar/bin:/var/www/html/vendor/bin:/usr/local/sbin:/usr/local/bin:/usr/sbin:/usr/bin:/sbin:/bin:/var/www/html/bin:/mnt/ddev-global-cache/global-commands/web'
    'HOST_DOCKER_INTERNAL_IP' => ''
    'DDEV_PROJECT_TYPE' => 'craftcms'
    'DEBIAN_FRONTEND' => 'noninteractive'
    'DDEV_ROUTER_HTTPS_PORT' => '443'
    'EXECIGNORE' => '/var/www/html/vendor/bin/composer'
    'SUPERVISOR_ENABLED' => '1'
    'SUPERVISOR_SERVER_URL' => 'unix:///var/run/supervisor.sock'
    'SUPERVISOR_PROCESS_NAME' => 'php-fpm'
    'SUPERVISOR_GROUP_NAME' => 'php-fpm'
    'HTTP_X_REQUESTED_WITH' => 'XMLHttpRequest'
    'HTTP_X_REGISTERED_JS_FILES' => ''
    'HTTP_X_REGISTERED_ASSET_BUNDLES' => 'e38a2e07,22e517a2,aee7f8dc,26c46c25,e505ffd6,6b4d7555,bb2f10a0,e5e48399,815d39ea,fc0bc163,1ccab40d,1e21896b,54698ee0,b842675b,1c3c9add,4b1fd285,d8d08e47,8f00ce04,8768f48b,cf3018d6,ec6d0256,11858fc6,8550f857,6f12186f,c7a8fe38'
    'HTTP_X_REAL_IP' => '172.18.0.1'
    'HTTP_X_FORWARDED_SERVER' => '617e9e3cc3a1'
    'HTTP_X_FORWARDED_PROTO' => 'https'
    'HTTP_X_FORWARDED_PORT' => '443'
    'HTTP_X_FORWARDED_HOST' => 'derschmuckmacher-v3.ddev.site'
    'HTTP_X_FORWARDED_FOR' => '172.18.0.1'
    'HTTP_X_CSRF_TOKEN' => '••••••••••••••••••••••••••••••••••••••••••••••••••••••••••••••••••••••••••••••••••••••••••••••••••••••••••••'
    'HTTP_TE' => 'trailers'
    'HTTP_SEC_GPC' => '1'
    'HTTP_SEC_FETCH_SITE' => 'same-origin'
    'HTTP_SEC_FETCH_MODE' => 'cors'
    'HTTP_SEC_FETCH_DEST' => 'empty'
    'HTTP_REFERER' => 'https://derschmuckmacher-v3.ddev.site/dW2axQ3b/dashboard'
    'HTTP_COOKIE' => 'cookieconsent_status=allow; CRAFT_CSRF_TOKEN=c46764d17b682367679c529f1043872bbfd294280b0a6b522869cb3868f8a6a6a%3A2%3A%7Bi%3A0%3Bs%3A16%3A%22CRAFT_CSRF_TOKEN%22%3Bi%3A1%3Bs%3A40%3A%22oscGmXtgN7lH1IINFeBh9KwfL0sWDqIBBHQCFaaO%22%3B%7D; CraftSessionId=8dln48qoin5lenmi6jccge1uaf; a8b7b1ec9ffb8baf2c6eaa253fe57112_username=26b9ec8568da68d3882e55afaa5d203483c6c5810ee05b5a55c8a0eb10cab93ea%3A2%3A%7Bi%3A0%3Bs%3A41%3A%22a8b7b1ec9ffb8baf2c6eaa253fe57112_username%22%3Bi%3A1%3Bs%3A8%3A%22odegiuli%22%3B%7D; Craft-3626ffc1-d0a3-42e3-98aa-37e8aa759561_sidebar=expanded'
    'HTTP_ACCEPT_LANGUAGE' => 'de,en-US;q=0.9,en;q=0.8'
    'HTTP_ACCEPT_ENCODING' => 'gzip, deflate, br, zstd'
    'HTTP_ACCEPT' => 'application/json, text/plain, */*'
    'HTTP_USER_AGENT' => 'Mozilla/5.0 (Macintosh; Intel Mac OS X 10.15; rv:150.0) Gecko/20100101 Firefox/150.0'
    'HTTP_HOST' => 'derschmuckmacher-v3.ddev.site'
    'HTTPS' => 'on'
    'REDIRECT_STATUS' => '200'
    'SERVER_NAME' => 'derschmuckmacher-v3.ddev.site'
    'SERVER_PORT' => '80'
    'SERVER_ADDR' => '172.18.0.3'
    'REMOTE_PORT' => '40876'
    'REMOTE_ADDR' => '172.18.0.5'
    'SERVER_SOFTWARE' => 'nginx/1.28.0'
    'GATEWAY_INTERFACE' => 'CGI/1.1'
    'REQUEST_SCHEME' => 'http'
    'SERVER_PROTOCOL' => 'HTTP/1.1'
    'DOCUMENT_ROOT' => '/var/www/html/web'
    'DOCUMENT_URI' => '/index.php'
    'REQUEST_URI' => '/index.php?p=dW2axQ3b%2Factions%2Fusers%2Fsession-info&dontExtendSession=1&v=1778913510377'
    'CONTENT_LENGTH' => ''
    'CONTENT_TYPE' => ''
    'REQUEST_METHOD' => 'GET'
    'QUERY_STRING' => 'p=dW2axQ3b%2Factions%2Fusers%2Fsession-info&dontExtendSession=1&v=1778913510377'
    'SCRIPT_NAME' => '/index.php'
    'SCRIPT_FILENAME' => '/var/www/html/web/index.php'
    'FCGI_ROLE' => 'RESPONDER'
    'PHP_SELF' => '/index.php'
    'REQUEST_TIME_FLOAT' => 1778913510.3935
    'REQUEST_TIME' => 1778913510
    'CRAFT_APP_ID' => 'CraftCMS--3933bc78-29f5-4b79-bcc5-c31faf0fcd20'
    'CRAFT_ENVIRONMENT' => 'dev'
    'ENVIRONMENT' => 'dev'
    'CRAFT_SECURITY_KEY' => '••••••••••••••••••••••••••••••••'
    'CP_TRIGGER' => 'dW2axQ3b'
    'CRAFT_DB_SCHEMA' => 'public'
    'CRAFT_DB_TABLE_PREFIX' => ''
    'DEV_MODE' => 'true'
    'ALLOW_ADMIN_CHANGES' => 'true'
    'DISALLOW_ROBOTS' => 'true'
    'TIMEZONE' => 'Europe/Zurich'
    'CAPTCHA_SITE_KEY' => '••••••••••••••••••••••••••••••••••••••••'
    'CAPTCHA_SECRET_KEY' => '••••••••••••••••••••••••••••••••••••••••'
    'WEB_URL' => 'https://derschmuckmacher-v3.ddev.site'
    'WEB_ROOT' => '/var/www/html/web'
    'ASSETS_BASE_URL' => 'https://derschmuckmacher-v3.ddev.site/public'
    'ASSETS_BASE_PATH' => '/var/www/html/web/public'
    'SCHMUCK_BASE_URL' => 'https://derschmuckmacher-v3.ddev.site/public/uploads/schmuck'
    'SCHMUCK_BASE_PATH' => '/var/www/html/web/public/uploads/schmuck'
    'BILDER_BASE_URL' => 'https://derschmuckmacher-v3.ddev.site/public/uploads/bilder'
    'BILDER_BASE_PATH' => '/var/www/html/web/public/uploads/bilder'
] {"environment":"dev"} 
2026-05-16 08:56:19 [web.INFO] [yii\db\Connection::open] Opening DB connection: mysql:host=db;dbname=db;port=3306 {"memory":1097536} 
2026-05-16 08:56:19 [web.INFO] [yii\web\Session::open] Session started {"memory":1517664} 
2026-05-16 08:56:19 [web.INFO] [nystudio107\codeeditor\CodeEditor::bootstrap] CodeEditor module bootstrapped {"memory":1538632} 
2026-05-16 08:56:19 [web.INFO] [adigital\cookieconsentbanner\CookieConsentBanner::init] Cookie Consent Banner plugin loaded {"memory":1753640} 
2026-05-16 08:56:19 [web.INFO] [yii\db\Connection::open] Opening DB connection: mysql:host=db;dbname=db;port=3306 {"memory":2754536} 
2026-05-16 08:56:19 [web.INFO] [miranj\obfuscator\Obfuscator::init] Obfuscator plugin loaded {"memory":2786104} 
2026-05-16 08:56:19 [web.INFO] [application] Request context:
$_GET = [
    'p' => 'dW2axQ3b/actions/users/session-info'
    'dontExtendSession' => '1'
    'v' => '1778914578735'
]

$_POST = []

$_FILES = []

$_COOKIE = [
    'cookieconsent_status' => 'allow'
    'CRAFT_CSRF_TOKEN' => '••••••••••••••••••••••••••••••••••••••••••••••••••••••••••••••••••••••••••••••••••••••••••••••••••••••••••••••••••••••••••••••••••••••••••••••••••••••'
    'CraftSessionId' => '8dln48qoin5lenmi6jccge1uaf'
    'a8b7b1ec9ffb8baf2c6eaa253fe57112_username' => '26b9ec8568da68d3882e55afaa5d203483c6c5810ee05b5a55c8a0eb10cab93ea:2:{i:0;s:41:\"a8b7b1ec9ffb8baf2c6eaa253fe57112_username\";i:1;s:8:\"odegiuli\";}'
    'Craft-3626ffc1-d0a3-42e3-98aa-37e8aa759561_sidebar' => 'expanded'
]

$_SESSION = [
    '22b6a59deafcfb2ffb13c3adf3d98a3b__flash' => []
]

$_SERVER = [
    'DEPLOY_NAME' => 'local'
    'DDEV_WEBSERVER_TYPE' => 'nginx-fpm'
    'npm_config_cache' => '/mnt/ddev-global-cache/npm'
    'COREPACK_ENABLE_DOWNLOAD_PROMPT' => '0'
    'DDEV_GOOS' => 'darwin'
    'IS_DDEV_PROJECT' => 'true'
    'PHP_DEFAULT_VERSION' => '8.3'
    'HOSTNAME' => 'derschmuckmacher-v3-web'
    'MAILPIT_SMTP_PORT' => '1025'
    'MH_SMTP_BIND_ADDR' => '127.0.0.1:1025'
    'DDEV_PRIMARY_URL_WITHOUT_PORT' => 'https://derschmuckmacher-v3.ddev.site'
    'CRAFT_DB_PORT' => '3306'
    'SSH_AUTH_SOCK' => '/home/.ssh-agent/socket'
    'DDEV_GID' => '20'
    'NODE_EXTRA_CA_CERTS' => '/mnt/ddev-global-cache/mkcert/rootCA.pem'
    'DOCKER_IP' => '127.0.0.1'
    'PGPASSWORD' => 'db'
    'CRAFT_WEB_ROOT' => '/var/www/html/web'
    'DDEV_DOCROOT' => 'web'
    'PWD' => '/var/www/html'
    'PLATFORMSH_CLI_UPDATES_CHECK' => '0'
    'DDEV_APPROOT' => '/var/www/html'
    'DDEV_FILES_DIR' => ''
    'START_SCRIPT_TIMEOUT' => '57'
    'APACHE_SITE_TEMPLATE' => '/etc/apache2/apache-site.conf'
    'PHP_INI' => '/etc/php/8.3/fpm/php.ini'
    'DDEV_VERSION' => 'v1.24.10'
    'PRIMARY_SITE_URL' => 'https://derschmuckmacher-v3.ddev.site'
    'TZ' => 'Europe/Zurich'
    'DDEV_XHPROF_MODE' => 'prepend'
    'HTTPS_EXPOSE' => '443:80,8026:8025'
    'COREPACK_HOME' => '/mnt/ddev-global-cache/corepack'
    'CRAFT_DB_DATABASE' => 'db'
    'DDEV_PRIMARY_URL' => 'https://derschmuckmacher-v3.ddev.site'
    'LINES' => '6'
    'DDEV_SITENAME' => 'derschmuckmacher-v3'
    'HOME' => '/home/omar'
    'DRUSH_OPTIONS_URI' => 'https://derschmuckmacher-v3.ddev.site'
    'LANG' => 'C.UTF-8'
    'COLUMNS' => '371'
    'DDEV_MUTAGEN_ENABLED' => 'true'
    'DDEV_USER' => 'omar'
    'PGUSER' => 'db'
    'TERMINUS_CACHE_DIR' => '/mnt/ddev-global-cache/terminus/cache'
    'DDEV_PRIMARY_URL_PORT' => '443'
    'DDEV_ROUTER_HTTP_PORT' => '80'
    'MAILPIT_SMTP_HOSTNAME' => '127.0.0.1'
    'CRAFT_DB_DRIVER' => 'mysql'
    'COMPOSER_PROCESS_TIMEOUT' => '2000'
    'NGINX_SITE_TEMPLATE' => '/etc/nginx/nginx-site.conf'
    'DDEV_FILES_DIRS' => ''
    'CRAFT_DB_SERVER' => 'db'
    'HTTP_EXPOSE' => '80:80,8025:8025'
    'NVM_DIR' => '/home/omar/.nvm'
    'DDEV_PHP_VERSION' => '8.3'
    'DDEV_TLD' => 'ddev.site'
    'DDEV_HOSTNAME' => 'derschmuckmacher-v3.ddev.site'
    'DDEV_PROJECT' => 'derschmuckmacher-v3'
    'DDEV_GOARCH' => 'arm64'
    'VIRTUAL_HOST' => 'derschmuckmacher-v3.ddev.site'
    'TERM' => 'xterm'
    'USER' => 'omar'
    'MYSQL_HISTFILE' => '/mnt/ddev-global-cache/mysqlhistory/derschmuckmacher-v3-web/mysql_history'
    'DDEV_WEB_ENTRYPOINT' => '/mnt/ddev_config/web-entrypoint.d'
    'DDEV_UID' => '501'
    'CAROOT' => '/mnt/ddev-global-cache/mkcert'
    'SHLVL' => '1'
    'COMPOSER_ALLOW_SUPERUSER' => '1'
    'BASH_ENV' => '/etc/bash.nointeractive.bashrc'
    'DDEV_DATABASE' => 'mysql:8.0'
    'PGDATABASE' => 'db'
    'CRAFT_DB_USER' => 'db'
    'DDEV_SCHEME' => 'https'
    'XHPROF_OUTPUT_DIR' => '/tmp/xhprof'
    'COMPOSER_CACHE_DIR' => '/mnt/ddev-global-cache/composer'
    'DDEV_XDEBUG_ENABLED' => 'false'
    'DDEV_DATABASE_FAMILY' => 'mysql'
    'PGHOST' => 'db'
    'DDEV_COMPOSER_ROOT' => '/var/www/html'
    'CRAFT_DB_PASSWORD' => '••'
    'DOCROOT' => 'web'
    'TERMINUS_HIDE_UPDATE_MESSAGE' => '1'
    'PATH' => '/home/omar/bin:/var/www/html/vendor/bin:/usr/local/sbin:/usr/local/bin:/usr/sbin:/usr/bin:/sbin:/bin:/var/www/html/bin:/mnt/ddev-global-cache/global-commands/web'
    'HOST_DOCKER_INTERNAL_IP' => ''
    'DDEV_PROJECT_TYPE' => 'craftcms'
    'DEBIAN_FRONTEND' => 'noninteractive'
    'DDEV_ROUTER_HTTPS_PORT' => '443'
    'EXECIGNORE' => '/var/www/html/vendor/bin/composer'
    'SUPERVISOR_ENABLED' => '1'
    'SUPERVISOR_SERVER_URL' => 'unix:///var/run/supervisor.sock'
    'SUPERVISOR_PROCESS_NAME' => 'php-fpm'
    'SUPERVISOR_GROUP_NAME' => 'php-fpm'
    'HTTP_X_REQUESTED_WITH' => 'XMLHttpRequest'
    'HTTP_X_REGISTERED_JS_FILES' => ''
    'HTTP_X_REGISTERED_ASSET_BUNDLES' => 'e38a2e07,22e517a2,aee7f8dc,26c46c25,e505ffd6,6b4d7555,bb2f10a0,e5e48399,815d39ea,fc0bc163,1ccab40d,1e21896b,54698ee0,b842675b,1c3c9add,4b1fd285,d8d08e47,8f00ce04,8768f48b,cf3018d6,ec6d0256,11858fc6,8550f857,6f12186f,c7a8fe38'
    'HTTP_X_REAL_IP' => '172.18.0.1'
    'HTTP_X_FORWARDED_SERVER' => '617e9e3cc3a1'
    'HTTP_X_FORWARDED_PROTO' => 'https'
    'HTTP_X_FORWARDED_PORT' => '443'
    'HTTP_X_FORWARDED_HOST' => 'derschmuckmacher-v3.ddev.site'
    'HTTP_X_FORWARDED_FOR' => '172.18.0.1'
    'HTTP_X_CSRF_TOKEN' => '••••••••••••••••••••••••••••••••••••••••••••••••••••••••••••••••••••••••••••••••••••••••••••••••••••••••••••'
    'HTTP_TE' => 'trailers'
    'HTTP_SEC_GPC' => '1'
    'HTTP_SEC_FETCH_SITE' => 'same-origin'
    'HTTP_SEC_FETCH_MODE' => 'cors'
    'HTTP_SEC_FETCH_DEST' => 'empty'
    'HTTP_REFERER' => 'https://derschmuckmacher-v3.ddev.site/dW2axQ3b/dashboard'
    'HTTP_COOKIE' => 'cookieconsent_status=allow; CRAFT_CSRF_TOKEN=c46764d17b682367679c529f1043872bbfd294280b0a6b522869cb3868f8a6a6a%3A2%3A%7Bi%3A0%3Bs%3A16%3A%22CRAFT_CSRF_TOKEN%22%3Bi%3A1%3Bs%3A40%3A%22oscGmXtgN7lH1IINFeBh9KwfL0sWDqIBBHQCFaaO%22%3B%7D; CraftSessionId=8dln48qoin5lenmi6jccge1uaf; a8b7b1ec9ffb8baf2c6eaa253fe57112_username=26b9ec8568da68d3882e55afaa5d203483c6c5810ee05b5a55c8a0eb10cab93ea%3A2%3A%7Bi%3A0%3Bs%3A41%3A%22a8b7b1ec9ffb8baf2c6eaa253fe57112_username%22%3Bi%3A1%3Bs%3A8%3A%22odegiuli%22%3B%7D; Craft-3626ffc1-d0a3-42e3-98aa-37e8aa759561_sidebar=expanded'
    'HTTP_ACCEPT_LANGUAGE' => 'de,en-US;q=0.9,en;q=0.8'
    'HTTP_ACCEPT_ENCODING' => 'gzip, deflate, br, zstd'
    'HTTP_ACCEPT' => 'application/json, text/plain, */*'
    'HTTP_USER_AGENT' => 'Mozilla/5.0 (Macintosh; Intel Mac OS X 10.15; rv:150.0) Gecko/20100101 Firefox/150.0'
    'HTTP_HOST' => 'derschmuckmacher-v3.ddev.site'
    'HTTPS' => 'on'
    'REDIRECT_STATUS' => '200'
    'SERVER_NAME' => 'derschmuckmacher-v3.ddev.site'
    'SERVER_PORT' => '80'
    'SERVER_ADDR' => '172.18.0.3'
    'REMOTE_PORT' => '58518'
    'REMOTE_ADDR' => '172.18.0.5'
    'SERVER_SOFTWARE' => 'nginx/1.28.0'
    'GATEWAY_INTERFACE' => 'CGI/1.1'
    'REQUEST_SCHEME' => 'http'
    'SERVER_PROTOCOL' => 'HTTP/1.1'
    'DOCUMENT_ROOT' => '/var/www/html/web'
    'DOCUMENT_URI' => '/index.php'
    'REQUEST_URI' => '/index.php?p=dW2axQ3b%2Factions%2Fusers%2Fsession-info&dontExtendSession=1&v=1778914578735'
    'CONTENT_LENGTH' => ''
    'CONTENT_TYPE' => ''
    'REQUEST_METHOD' => 'GET'
    'QUERY_STRING' => 'p=dW2axQ3b%2Factions%2Fusers%2Fsession-info&dontExtendSession=1&v=1778914578735'
    'SCRIPT_NAME' => '/index.php'
    'SCRIPT_FILENAME' => '/var/www/html/web/index.php'
    'FCGI_ROLE' => 'RESPONDER'
    'PHP_SELF' => '/index.php'
    'REQUEST_TIME_FLOAT' => 1778914578.7438
    'REQUEST_TIME' => 1778914578
    'CRAFT_APP_ID' => 'CraftCMS--3933bc78-29f5-4b79-bcc5-c31faf0fcd20'
    'CRAFT_ENVIRONMENT' => 'dev'
    'ENVIRONMENT' => 'dev'
    'CRAFT_SECURITY_KEY' => '••••••••••••••••••••••••••••••••'
    'CP_TRIGGER' => 'dW2axQ3b'
    'CRAFT_DB_SCHEMA' => 'public'
    'CRAFT_DB_TABLE_PREFIX' => ''
    'DEV_MODE' => 'true'
    'ALLOW_ADMIN_CHANGES' => 'true'
    'DISALLOW_ROBOTS' => 'true'
    'TIMEZONE' => 'Europe/Zurich'
    'CAPTCHA_SITE_KEY' => '••••••••••••••••••••••••••••••••••••••••'
    'CAPTCHA_SECRET_KEY' => '••••••••••••••••••••••••••••••••••••••••'
    'WEB_URL' => 'https://derschmuckmacher-v3.ddev.site'
    'WEB_ROOT' => '/var/www/html/web'
    'ASSETS_BASE_URL' => 'https://derschmuckmacher-v3.ddev.site/public'
    'ASSETS_BASE_PATH' => '/var/www/html/web/public'
    'SCHMUCK_BASE_URL' => 'https://derschmuckmacher-v3.ddev.site/public/uploads/schmuck'
    'SCHMUCK_BASE_PATH' => '/var/www/html/web/public/uploads/schmuck'
    'BILDER_BASE_URL' => 'https://derschmuckmacher-v3.ddev.site/public/uploads/bilder'
    'BILDER_BASE_PATH' => '/var/www/html/web/public/uploads/bilder'
] {"environment":"dev"} 
2026-05-16 09:12:35 [web.INFO] [yii\db\Connection::open] Opening DB connection: mysql:host=db;dbname=db;port=3306 {"memory":1097536} 
2026-05-16 09:12:35 [web.INFO] [yii\web\Session::open] Session started {"memory":1517664} 
2026-05-16 09:12:35 [web.INFO] [nystudio107\codeeditor\CodeEditor::bootstrap] CodeEditor module bootstrapped {"memory":1538632} 
2026-05-16 09:12:35 [web.INFO] [adigital\cookieconsentbanner\CookieConsentBanner::init] Cookie Consent Banner plugin loaded {"memory":1753640} 
2026-05-16 09:12:35 [web.INFO] [miranj\obfuscator\Obfuscator::init] Obfuscator plugin loaded {"memory":2717712} 
2026-05-16 09:12:35 [web.INFO] [application] Request context:
$_GET = [
    'p' => 'dW2axQ3b/actions/users/session-info'
    'dontExtendSession' => '1'
    'v' => '1778915555087'
]

$_POST = []

$_FILES = []

$_COOKIE = [
    'cookieconsent_status' => 'allow'
    'CRAFT_CSRF_TOKEN' => '••••••••••••••••••••••••••••••••••••••••••••••••••••••••••••••••••••••••••••••••••••••••••••••••••••••••••••••••••••••••••••••••••••••••••••••••••••••'
    'CraftSessionId' => '8dln48qoin5lenmi6jccge1uaf'
    'a8b7b1ec9ffb8baf2c6eaa253fe57112_username' => '26b9ec8568da68d3882e55afaa5d203483c6c5810ee05b5a55c8a0eb10cab93ea:2:{i:0;s:41:\"a8b7b1ec9ffb8baf2c6eaa253fe57112_username\";i:1;s:8:\"odegiuli\";}'
    'Craft-3626ffc1-d0a3-42e3-98aa-37e8aa759561_sidebar' => 'expanded'
]

$_SESSION = [
    '22b6a59deafcfb2ffb13c3adf3d98a3b__flash' => []
]

$_SERVER = [
    'DEPLOY_NAME' => 'local'
    'DDEV_WEBSERVER_TYPE' => 'nginx-fpm'
    'npm_config_cache' => '/mnt/ddev-global-cache/npm'
    'COREPACK_ENABLE_DOWNLOAD_PROMPT' => '0'
    'DDEV_GOOS' => 'darwin'
    'IS_DDEV_PROJECT' => 'true'
    'PHP_DEFAULT_VERSION' => '8.3'
    'HOSTNAME' => 'derschmuckmacher-v3-web'
    'MAILPIT_SMTP_PORT' => '1025'
    'MH_SMTP_BIND_ADDR' => '127.0.0.1:1025'
    'DDEV_PRIMARY_URL_WITHOUT_PORT' => 'https://derschmuckmacher-v3.ddev.site'
    'CRAFT_DB_PORT' => '3306'
    'SSH_AUTH_SOCK' => '/home/.ssh-agent/socket'
    'DDEV_GID' => '20'
    'NODE_EXTRA_CA_CERTS' => '/mnt/ddev-global-cache/mkcert/rootCA.pem'
    'DOCKER_IP' => '127.0.0.1'
    'PGPASSWORD' => 'db'
    'CRAFT_WEB_ROOT' => '/var/www/html/web'
    'DDEV_DOCROOT' => 'web'
    'PWD' => '/var/www/html'
    'PLATFORMSH_CLI_UPDATES_CHECK' => '0'
    'DDEV_APPROOT' => '/var/www/html'
    'DDEV_FILES_DIR' => ''
    'START_SCRIPT_TIMEOUT' => '57'
    'APACHE_SITE_TEMPLATE' => '/etc/apache2/apache-site.conf'
    'PHP_INI' => '/etc/php/8.3/fpm/php.ini'
    'DDEV_VERSION' => 'v1.24.10'
    'PRIMARY_SITE_URL' => 'https://derschmuckmacher-v3.ddev.site'
    'TZ' => 'Europe/Zurich'
    'DDEV_XHPROF_MODE' => 'prepend'
    'HTTPS_EXPOSE' => '443:80,8026:8025'
    'COREPACK_HOME' => '/mnt/ddev-global-cache/corepack'
    'CRAFT_DB_DATABASE' => 'db'
    'DDEV_PRIMARY_URL' => 'https://derschmuckmacher-v3.ddev.site'
    'LINES' => '6'
    'DDEV_SITENAME' => 'derschmuckmacher-v3'
    'HOME' => '/home/omar'
    'DRUSH_OPTIONS_URI' => 'https://derschmuckmacher-v3.ddev.site'
    'LANG' => 'C.UTF-8'
    'COLUMNS' => '371'
    'DDEV_MUTAGEN_ENABLED' => 'true'
    'DDEV_USER' => 'omar'
    'PGUSER' => 'db'
    'TERMINUS_CACHE_DIR' => '/mnt/ddev-global-cache/terminus/cache'
    'DDEV_PRIMARY_URL_PORT' => '443'
    'DDEV_ROUTER_HTTP_PORT' => '80'
    'MAILPIT_SMTP_HOSTNAME' => '127.0.0.1'
    'CRAFT_DB_DRIVER' => 'mysql'
    'COMPOSER_PROCESS_TIMEOUT' => '2000'
    'NGINX_SITE_TEMPLATE' => '/etc/nginx/nginx-site.conf'
    'DDEV_FILES_DIRS' => ''
    'CRAFT_DB_SERVER' => 'db'
    'HTTP_EXPOSE' => '80:80,8025:8025'
    'NVM_DIR' => '/home/omar/.nvm'
    'DDEV_PHP_VERSION' => '8.3'
    'DDEV_TLD' => 'ddev.site'
    'DDEV_HOSTNAME' => 'derschmuckmacher-v3.ddev.site'
    'DDEV_PROJECT' => 'derschmuckmacher-v3'
    'DDEV_GOARCH' => 'arm64'
    'VIRTUAL_HOST' => 'derschmuckmacher-v3.ddev.site'
    'TERM' => 'xterm'
    'USER' => 'omar'
    'MYSQL_HISTFILE' => '/mnt/ddev-global-cache/mysqlhistory/derschmuckmacher-v3-web/mysql_history'
    'DDEV_WEB_ENTRYPOINT' => '/mnt/ddev_config/web-entrypoint.d'
    'DDEV_UID' => '501'
    'CAROOT' => '/mnt/ddev-global-cache/mkcert'
    'SHLVL' => '1'
    'COMPOSER_ALLOW_SUPERUSER' => '1'
    'BASH_ENV' => '/etc/bash.nointeractive.bashrc'
    'DDEV_DATABASE' => 'mysql:8.0'
    'PGDATABASE' => 'db'
    'CRAFT_DB_USER' => 'db'
    'DDEV_SCHEME' => 'https'
    'XHPROF_OUTPUT_DIR' => '/tmp/xhprof'
    'COMPOSER_CACHE_DIR' => '/mnt/ddev-global-cache/composer'
    'DDEV_XDEBUG_ENABLED' => 'false'
    'DDEV_DATABASE_FAMILY' => 'mysql'
    'PGHOST' => 'db'
    'DDEV_COMPOSER_ROOT' => '/var/www/html'
    'CRAFT_DB_PASSWORD' => '••'
    'DOCROOT' => 'web'
    'TERMINUS_HIDE_UPDATE_MESSAGE' => '1'
    'PATH' => '/home/omar/bin:/var/www/html/vendor/bin:/usr/local/sbin:/usr/local/bin:/usr/sbin:/usr/bin:/sbin:/bin:/var/www/html/bin:/mnt/ddev-global-cache/global-commands/web'
    'HOST_DOCKER_INTERNAL_IP' => ''
    'DDEV_PROJECT_TYPE' => 'craftcms'
    'DEBIAN_FRONTEND' => 'noninteractive'
    'DDEV_ROUTER_HTTPS_PORT' => '443'
    'EXECIGNORE' => '/var/www/html/vendor/bin/composer'
    'SUPERVISOR_ENABLED' => '1'
    'SUPERVISOR_SERVER_URL' => 'unix:///var/run/supervisor.sock'
    'SUPERVISOR_PROCESS_NAME' => 'php-fpm'
    'SUPERVISOR_GROUP_NAME' => 'php-fpm'
    'HTTP_X_REQUESTED_WITH' => 'XMLHttpRequest'
    'HTTP_X_REGISTERED_JS_FILES' => ''
    'HTTP_X_REGISTERED_ASSET_BUNDLES' => 'e38a2e07,22e517a2,aee7f8dc,26c46c25,e505ffd6,6b4d7555,bb2f10a0,e5e48399,815d39ea,fc0bc163,1ccab40d,1e21896b,54698ee0,b842675b,1c3c9add,4b1fd285,d8d08e47,8f00ce04,8768f48b,cf3018d6,ec6d0256,11858fc6,8550f857,6f12186f,c7a8fe38'
    'HTTP_X_REAL_IP' => '172.18.0.1'
    'HTTP_X_FORWARDED_SERVER' => '617e9e3cc3a1'
    'HTTP_X_FORWARDED_PROTO' => 'https'
    'HTTP_X_FORWARDED_PORT' => '443'
    'HTTP_X_FORWARDED_HOST' => 'derschmuckmacher-v3.ddev.site'
    'HTTP_X_FORWARDED_FOR' => '172.18.0.1'
    'HTTP_X_CSRF_TOKEN' => '••••••••••••••••••••••••••••••••••••••••••••••••••••••••••••••••••••••••••••••••••••••••••••••••••••••••••••'
    'HTTP_TE' => 'trailers'
    'HTTP_SEC_GPC' => '1'
    'HTTP_SEC_FETCH_SITE' => 'same-origin'
    'HTTP_SEC_FETCH_MODE' => 'cors'
    'HTTP_SEC_FETCH_DEST' => 'empty'
    'HTTP_REFERER' => 'https://derschmuckmacher-v3.ddev.site/dW2axQ3b/dashboard'
    'HTTP_COOKIE' => 'cookieconsent_status=allow; CRAFT_CSRF_TOKEN=c46764d17b682367679c529f1043872bbfd294280b0a6b522869cb3868f8a6a6a%3A2%3A%7Bi%3A0%3Bs%3A16%3A%22CRAFT_CSRF_TOKEN%22%3Bi%3A1%3Bs%3A40%3A%22oscGmXtgN7lH1IINFeBh9KwfL0sWDqIBBHQCFaaO%22%3B%7D; CraftSessionId=8dln48qoin5lenmi6jccge1uaf; a8b7b1ec9ffb8baf2c6eaa253fe57112_username=26b9ec8568da68d3882e55afaa5d203483c6c5810ee05b5a55c8a0eb10cab93ea%3A2%3A%7Bi%3A0%3Bs%3A41%3A%22a8b7b1ec9ffb8baf2c6eaa253fe57112_username%22%3Bi%3A1%3Bs%3A8%3A%22odegiuli%22%3B%7D; Craft-3626ffc1-d0a3-42e3-98aa-37e8aa759561_sidebar=expanded'
    'HTTP_ACCEPT_LANGUAGE' => 'de,en-US;q=0.9,en;q=0.8'
    'HTTP_ACCEPT_ENCODING' => 'gzip, deflate, br, zstd'
    'HTTP_ACCEPT' => 'application/json, text/plain, */*'
    'HTTP_USER_AGENT' => 'Mozilla/5.0 (Macintosh; Intel Mac OS X 10.15; rv:150.0) Gecko/20100101 Firefox/150.0'
    'HTTP_HOST' => 'derschmuckmacher-v3.ddev.site'
    'HTTPS' => 'on'
    'REDIRECT_STATUS' => '200'
    'SERVER_NAME' => 'derschmuckmacher-v3.ddev.site'
    'SERVER_PORT' => '80'
    'SERVER_ADDR' => '172.18.0.3'
    'REMOTE_PORT' => '49950'
    'REMOTE_ADDR' => '172.18.0.5'
    'SERVER_SOFTWARE' => 'nginx/1.28.0'
    'GATEWAY_INTERFACE' => 'CGI/1.1'
    'REQUEST_SCHEME' => 'http'
    'SERVER_PROTOCOL' => 'HTTP/1.1'
    'DOCUMENT_ROOT' => '/var/www/html/web'
    'DOCUMENT_URI' => '/index.php'
    'REQUEST_URI' => '/index.php?p=dW2axQ3b%2Factions%2Fusers%2Fsession-info&dontExtendSession=1&v=1778915555087'
    'CONTENT_LENGTH' => ''
    'CONTENT_TYPE' => ''
    'REQUEST_METHOD' => 'GET'
    'QUERY_STRING' => 'p=dW2axQ3b%2Factions%2Fusers%2Fsession-info&dontExtendSession=1&v=1778915555087'
    'SCRIPT_NAME' => '/index.php'
    'SCRIPT_FILENAME' => '/var/www/html/web/index.php'
    'FCGI_ROLE' => 'RESPONDER'
    'PHP_SELF' => '/index.php'
    'REQUEST_TIME_FLOAT' => 1778915555.1055
    'REQUEST_TIME' => 1778915555
    'CRAFT_APP_ID' => 'CraftCMS--3933bc78-29f5-4b79-bcc5-c31faf0fcd20'
    'CRAFT_ENVIRONMENT' => 'dev'
    'ENVIRONMENT' => 'dev'
    'CRAFT_SECURITY_KEY' => '••••••••••••••••••••••••••••••••'
    'CP_TRIGGER' => 'dW2axQ3b'
    'CRAFT_DB_SCHEMA' => 'public'
    'CRAFT_DB_TABLE_PREFIX' => ''
    'DEV_MODE' => 'true'
    'ALLOW_ADMIN_CHANGES' => 'true'
    'DISALLOW_ROBOTS' => 'true'
    'TIMEZONE' => 'Europe/Zurich'
    'CAPTCHA_SITE_KEY' => '••••••••••••••••••••••••••••••••••••••••'
    'CAPTCHA_SECRET_KEY' => '••••••••••••••••••••••••••••••••••••••••'
    'WEB_URL' => 'https://derschmuckmacher-v3.ddev.site'
    'WEB_ROOT' => '/var/www/html/web'
    'ASSETS_BASE_URL' => 'https://derschmuckmacher-v3.ddev.site/public'
    'ASSETS_BASE_PATH' => '/var/www/html/web/public'
    'SCHMUCK_BASE_URL' => 'https://derschmuckmacher-v3.ddev.site/public/uploads/schmuck'
    'SCHMUCK_BASE_PATH' => '/var/www/html/web/public/uploads/schmuck'
    'BILDER_BASE_URL' => 'https://derschmuckmacher-v3.ddev.site/public/uploads/bilder'
    'BILDER_BASE_PATH' => '/var/www/html/web/public/uploads/bilder'
] {"environment":"dev"} 
2026-05-16 09:29:25 [web.INFO] [yii\db\Connection::open] Opening DB connection: mysql:host=db;dbname=db;port=3306 {"memory":1097536} 
2026-05-16 09:29:25 [web.INFO] [yii\web\Session::open] Session started {"memory":1517664} 
2026-05-16 09:29:25 [web.INFO] [nystudio107\codeeditor\CodeEditor::bootstrap] CodeEditor module bootstrapped {"memory":1538632} 
2026-05-16 09:29:25 [web.INFO] [adigital\cookieconsentbanner\CookieConsentBanner::init] Cookie Consent Banner plugin loaded {"memory":1753640} 
2026-05-16 09:29:25 [web.INFO] [miranj\obfuscator\Obfuscator::init] Obfuscator plugin loaded {"memory":2719640} 
2026-05-16 09:29:25 [web.INFO] [application] Request context:
$_GET = [
    'p' => 'dW2axQ3b/actions/users/session-info'
    'dontExtendSession' => '1'
    'v' => '1778917476916'
]

$_POST = []

$_FILES = []

$_COOKIE = [
    'cookieconsent_status' => 'allow'
    'CRAFT_CSRF_TOKEN' => '••••••••••••••••••••••••••••••••••••••••••••••••••••••••••••••••••••••••••••••••••••••••••••••••••••••••••••••••••••••••••••••••••••••••••••••••••••••'
    'CraftSessionId' => '8dln48qoin5lenmi6jccge1uaf'
    'a8b7b1ec9ffb8baf2c6eaa253fe57112_username' => '26b9ec8568da68d3882e55afaa5d203483c6c5810ee05b5a55c8a0eb10cab93ea:2:{i:0;s:41:\"a8b7b1ec9ffb8baf2c6eaa253fe57112_username\";i:1;s:8:\"odegiuli\";}'
    'Craft-3626ffc1-d0a3-42e3-98aa-37e8aa759561_sidebar' => 'expanded'
]

$_SESSION = [
    '22b6a59deafcfb2ffb13c3adf3d98a3b__flash' => []
]

$_SERVER = [
    'DEPLOY_NAME' => 'local'
    'DDEV_WEBSERVER_TYPE' => 'nginx-fpm'
    'npm_config_cache' => '/mnt/ddev-global-cache/npm'
    'COREPACK_ENABLE_DOWNLOAD_PROMPT' => '0'
    'DDEV_GOOS' => 'darwin'
    'IS_DDEV_PROJECT' => 'true'
    'PHP_DEFAULT_VERSION' => '8.3'
    'HOSTNAME' => 'derschmuckmacher-v3-web'
    'MAILPIT_SMTP_PORT' => '1025'
    'MH_SMTP_BIND_ADDR' => '127.0.0.1:1025'
    'DDEV_PRIMARY_URL_WITHOUT_PORT' => 'https://derschmuckmacher-v3.ddev.site'
    'CRAFT_DB_PORT' => '3306'
    'SSH_AUTH_SOCK' => '/home/.ssh-agent/socket'
    'DDEV_GID' => '20'
    'NODE_EXTRA_CA_CERTS' => '/mnt/ddev-global-cache/mkcert/rootCA.pem'
    'DOCKER_IP' => '127.0.0.1'
    'PGPASSWORD' => 'db'
    'CRAFT_WEB_ROOT' => '/var/www/html/web'
    'DDEV_DOCROOT' => 'web'
    'PWD' => '/var/www/html'
    'PLATFORMSH_CLI_UPDATES_CHECK' => '0'
    'DDEV_APPROOT' => '/var/www/html'
    'DDEV_FILES_DIR' => ''
    'START_SCRIPT_TIMEOUT' => '57'
    'APACHE_SITE_TEMPLATE' => '/etc/apache2/apache-site.conf'
    'PHP_INI' => '/etc/php/8.3/fpm/php.ini'
    'DDEV_VERSION' => 'v1.24.10'
    'PRIMARY_SITE_URL' => 'https://derschmuckmacher-v3.ddev.site'
    'TZ' => 'Europe/Zurich'
    'DDEV_XHPROF_MODE' => 'prepend'
    'HTTPS_EXPOSE' => '443:80,8026:8025'
    'COREPACK_HOME' => '/mnt/ddev-global-cache/corepack'
    'CRAFT_DB_DATABASE' => 'db'
    'DDEV_PRIMARY_URL' => 'https://derschmuckmacher-v3.ddev.site'
    'LINES' => '6'
    'DDEV_SITENAME' => 'derschmuckmacher-v3'
    'HOME' => '/home/omar'
    'DRUSH_OPTIONS_URI' => 'https://derschmuckmacher-v3.ddev.site'
    'LANG' => 'C.UTF-8'
    'COLUMNS' => '371'
    'DDEV_MUTAGEN_ENABLED' => 'true'
    'DDEV_USER' => 'omar'
    'PGUSER' => 'db'
    'TERMINUS_CACHE_DIR' => '/mnt/ddev-global-cache/terminus/cache'
    'DDEV_PRIMARY_URL_PORT' => '443'
    'DDEV_ROUTER_HTTP_PORT' => '80'
    'MAILPIT_SMTP_HOSTNAME' => '127.0.0.1'
    'CRAFT_DB_DRIVER' => 'mysql'
    'COMPOSER_PROCESS_TIMEOUT' => '2000'
    'NGINX_SITE_TEMPLATE' => '/etc/nginx/nginx-site.conf'
    'DDEV_FILES_DIRS' => ''
    'CRAFT_DB_SERVER' => 'db'
    'HTTP_EXPOSE' => '80:80,8025:8025'
    'NVM_DIR' => '/home/omar/.nvm'
    'DDEV_PHP_VERSION' => '8.3'
    'DDEV_TLD' => 'ddev.site'
    'DDEV_HOSTNAME' => 'derschmuckmacher-v3.ddev.site'
    'DDEV_PROJECT' => 'derschmuckmacher-v3'
    'DDEV_GOARCH' => 'arm64'
    'VIRTUAL_HOST' => 'derschmuckmacher-v3.ddev.site'
    'TERM' => 'xterm'
    'USER' => 'omar'
    'MYSQL_HISTFILE' => '/mnt/ddev-global-cache/mysqlhistory/derschmuckmacher-v3-web/mysql_history'
    'DDEV_WEB_ENTRYPOINT' => '/mnt/ddev_config/web-entrypoint.d'
    'DDEV_UID' => '501'
    'CAROOT' => '/mnt/ddev-global-cache/mkcert'
    'SHLVL' => '1'
    'COMPOSER_ALLOW_SUPERUSER' => '1'
    'BASH_ENV' => '/etc/bash.nointeractive.bashrc'
    'DDEV_DATABASE' => 'mysql:8.0'
    'PGDATABASE' => 'db'
    'CRAFT_DB_USER' => 'db'
    'DDEV_SCHEME' => 'https'
    'XHPROF_OUTPUT_DIR' => '/tmp/xhprof'
    'COMPOSER_CACHE_DIR' => '/mnt/ddev-global-cache/composer'
    'DDEV_XDEBUG_ENABLED' => 'false'
    'DDEV_DATABASE_FAMILY' => 'mysql'
    'PGHOST' => 'db'
    'DDEV_COMPOSER_ROOT' => '/var/www/html'
    'CRAFT_DB_PASSWORD' => '••'
    'DOCROOT' => 'web'
    'TERMINUS_HIDE_UPDATE_MESSAGE' => '1'
    'PATH' => '/home/omar/bin:/var/www/html/vendor/bin:/usr/local/sbin:/usr/local/bin:/usr/sbin:/usr/bin:/sbin:/bin:/var/www/html/bin:/mnt/ddev-global-cache/global-commands/web'
    'HOST_DOCKER_INTERNAL_IP' => ''
    'DDEV_PROJECT_TYPE' => 'craftcms'
    'DEBIAN_FRONTEND' => 'noninteractive'
    'DDEV_ROUTER_HTTPS_PORT' => '443'
    'EXECIGNORE' => '/var/www/html/vendor/bin/composer'
    'SUPERVISOR_ENABLED' => '1'
    'SUPERVISOR_SERVER_URL' => 'unix:///var/run/supervisor.sock'
    'SUPERVISOR_PROCESS_NAME' => 'php-fpm'
    'SUPERVISOR_GROUP_NAME' => 'php-fpm'
    'HTTP_X_REQUESTED_WITH' => 'XMLHttpRequest'
    'HTTP_X_REGISTERED_JS_FILES' => ''
    'HTTP_X_REGISTERED_ASSET_BUNDLES' => 'e38a2e07,22e517a2,aee7f8dc,26c46c25,e505ffd6,6b4d7555,bb2f10a0,e5e48399,815d39ea,fc0bc163,1ccab40d,1e21896b,54698ee0,b842675b,1c3c9add,4b1fd285,d8d08e47,8f00ce04,8768f48b,cf3018d6,ec6d0256,11858fc6,8550f857,6f12186f,c7a8fe38'
    'HTTP_X_REAL_IP' => '172.18.0.1'
    'HTTP_X_FORWARDED_SERVER' => '617e9e3cc3a1'
    'HTTP_X_FORWARDED_PROTO' => 'https'
    'HTTP_X_FORWARDED_PORT' => '443'
    'HTTP_X_FORWARDED_HOST' => 'derschmuckmacher-v3.ddev.site'
    'HTTP_X_FORWARDED_FOR' => '172.18.0.1'
    'HTTP_X_CSRF_TOKEN' => '••••••••••••••••••••••••••••••••••••••••••••••••••••••••••••••••••••••••••••••••••••••••••••••••••••••••••••'
    'HTTP_TE' => 'trailers'
    'HTTP_SEC_GPC' => '1'
    'HTTP_SEC_FETCH_SITE' => 'same-origin'
    'HTTP_SEC_FETCH_MODE' => 'cors'
    'HTTP_SEC_FETCH_DEST' => 'empty'
    'HTTP_REFERER' => 'https://derschmuckmacher-v3.ddev.site/dW2axQ3b/dashboard'
    'HTTP_COOKIE' => 'cookieconsent_status=allow; CRAFT_CSRF_TOKEN=c46764d17b682367679c529f1043872bbfd294280b0a6b522869cb3868f8a6a6a%3A2%3A%7Bi%3A0%3Bs%3A16%3A%22CRAFT_CSRF_TOKEN%22%3Bi%3A1%3Bs%3A40%3A%22oscGmXtgN7lH1IINFeBh9KwfL0sWDqIBBHQCFaaO%22%3B%7D; CraftSessionId=8dln48qoin5lenmi6jccge1uaf; a8b7b1ec9ffb8baf2c6eaa253fe57112_username=26b9ec8568da68d3882e55afaa5d203483c6c5810ee05b5a55c8a0eb10cab93ea%3A2%3A%7Bi%3A0%3Bs%3A41%3A%22a8b7b1ec9ffb8baf2c6eaa253fe57112_username%22%3Bi%3A1%3Bs%3A8%3A%22odegiuli%22%3B%7D; Craft-3626ffc1-d0a3-42e3-98aa-37e8aa759561_sidebar=expanded'
    'HTTP_ACCEPT_LANGUAGE' => 'de,en-US;q=0.9,en;q=0.8'
    'HTTP_ACCEPT_ENCODING' => 'gzip, deflate, br, zstd'
    'HTTP_ACCEPT' => 'application/json, text/plain, */*'
    'HTTP_USER_AGENT' => 'Mozilla/5.0 (Macintosh; Intel Mac OS X 10.15; rv:150.0) Gecko/20100101 Firefox/150.0'
    'HTTP_HOST' => 'derschmuckmacher-v3.ddev.site'
    'HTTPS' => 'on'
    'REDIRECT_STATUS' => '200'
    'SERVER_NAME' => 'derschmuckmacher-v3.ddev.site'
    'SERVER_PORT' => '80'
    'SERVER_ADDR' => '172.18.0.3'
    'REMOTE_PORT' => '55670'
    'REMOTE_ADDR' => '172.18.0.5'
    'SERVER_SOFTWARE' => 'nginx/1.28.0'
    'GATEWAY_INTERFACE' => 'CGI/1.1'
    'REQUEST_SCHEME' => 'http'
    'SERVER_PROTOCOL' => 'HTTP/1.1'
    'DOCUMENT_ROOT' => '/var/www/html/web'
    'DOCUMENT_URI' => '/index.php'
    'REQUEST_URI' => '/index.php?p=dW2axQ3b%2Factions%2Fusers%2Fsession-info&dontExtendSession=1&v=1778917476916'
    'CONTENT_LENGTH' => ''
    'CONTENT_TYPE' => ''
    'REQUEST_METHOD' => 'GET'
    'QUERY_STRING' => 'p=dW2axQ3b%2Factions%2Fusers%2Fsession-info&dontExtendSession=1&v=1778917476916'
    'SCRIPT_NAME' => '/index.php'
    'SCRIPT_FILENAME' => '/var/www/html/web/index.php'
    'FCGI_ROLE' => 'RESPONDER'
    'PHP_SELF' => '/index.php'
    'REQUEST_TIME_FLOAT' => 1778916565.4929
    'REQUEST_TIME' => 1778916565
    'CRAFT_APP_ID' => 'CraftCMS--3933bc78-29f5-4b79-bcc5-c31faf0fcd20'
    'CRAFT_ENVIRONMENT' => 'dev'
    'ENVIRONMENT' => 'dev'
    'CRAFT_SECURITY_KEY' => '••••••••••••••••••••••••••••••••'
    'CP_TRIGGER' => 'dW2axQ3b'
    'CRAFT_DB_SCHEMA' => 'public'
    'CRAFT_DB_TABLE_PREFIX' => ''
    'DEV_MODE' => 'true'
    'ALLOW_ADMIN_CHANGES' => 'true'
    'DISALLOW_ROBOTS' => 'true'
    'TIMEZONE' => 'Europe/Zurich'
    'CAPTCHA_SITE_KEY' => '••••••••••••••••••••••••••••••••••••••••'
    'CAPTCHA_SECRET_KEY' => '••••••••••••••••••••••••••••••••••••••••'
    'WEB_URL' => 'https://derschmuckmacher-v3.ddev.site'
    'WEB_ROOT' => '/var/www/html/web'
    'ASSETS_BASE_URL' => 'https://derschmuckmacher-v3.ddev.site/public'
    'ASSETS_BASE_PATH' => '/var/www/html/web/public'
    'SCHMUCK_BASE_URL' => 'https://derschmuckmacher-v3.ddev.site/public/uploads/schmuck'
    'SCHMUCK_BASE_PATH' => '/var/www/html/web/public/uploads/schmuck'
    'BILDER_BASE_URL' => 'https://derschmuckmacher-v3.ddev.site/public/uploads/bilder'
    'BILDER_BASE_PATH' => '/var/www/html/web/public/uploads/bilder'
] {"environment":"dev"} 
2026-05-16 10:01:34 [web.INFO] [yii\db\Connection::open] Opening DB connection: mysql:host=db;dbname=db;port=3306 {"memory":1097536} 
2026-05-16 10:01:34 [web.INFO] [yii\web\Session::open] Session started {"memory":1517664} 
2026-05-16 10:01:34 [web.INFO] [nystudio107\codeeditor\CodeEditor::bootstrap] CodeEditor module bootstrapped {"memory":1538632} 
2026-05-16 10:01:34 [web.INFO] [adigital\cookieconsentbanner\CookieConsentBanner::init] Cookie Consent Banner plugin loaded {"memory":1753640} 
2026-05-16 10:01:34 [web.INFO] [miranj\obfuscator\Obfuscator::init] Obfuscator plugin loaded {"memory":2717712} 
2026-05-16 10:01:34 [web.INFO] [application] Request context:
$_GET = [
    'p' => 'dW2axQ3b/actions/users/session-info'
    'dontExtendSession' => '1'
    'v' => '1778918494415'
]

$_POST = []

$_FILES = []

$_COOKIE = [
    'cookieconsent_status' => 'allow'
    'CRAFT_CSRF_TOKEN' => '••••••••••••••••••••••••••••••••••••••••••••••••••••••••••••••••••••••••••••••••••••••••••••••••••••••••••••••••••••••••••••••••••••••••••••••••••••••'
    'CraftSessionId' => '8dln48qoin5lenmi6jccge1uaf'
    'a8b7b1ec9ffb8baf2c6eaa253fe57112_username' => '26b9ec8568da68d3882e55afaa5d203483c6c5810ee05b5a55c8a0eb10cab93ea:2:{i:0;s:41:\"a8b7b1ec9ffb8baf2c6eaa253fe57112_username\";i:1;s:8:\"odegiuli\";}'
    'Craft-3626ffc1-d0a3-42e3-98aa-37e8aa759561_sidebar' => 'expanded'
]

$_SESSION = [
    '22b6a59deafcfb2ffb13c3adf3d98a3b__flash' => []
]

$_SERVER = [
    'DEPLOY_NAME' => 'local'
    'DDEV_WEBSERVER_TYPE' => 'nginx-fpm'
    'npm_config_cache' => '/mnt/ddev-global-cache/npm'
    'COREPACK_ENABLE_DOWNLOAD_PROMPT' => '0'
    'DDEV_GOOS' => 'darwin'
    'IS_DDEV_PROJECT' => 'true'
    'PHP_DEFAULT_VERSION' => '8.3'
    'HOSTNAME' => 'derschmuckmacher-v3-web'
    'MAILPIT_SMTP_PORT' => '1025'
    'MH_SMTP_BIND_ADDR' => '127.0.0.1:1025'
    'DDEV_PRIMARY_URL_WITHOUT_PORT' => 'https://derschmuckmacher-v3.ddev.site'
    'CRAFT_DB_PORT' => '3306'
    'SSH_AUTH_SOCK' => '/home/.ssh-agent/socket'
    'DDEV_GID' => '20'
    'NODE_EXTRA_CA_CERTS' => '/mnt/ddev-global-cache/mkcert/rootCA.pem'
    'DOCKER_IP' => '127.0.0.1'
    'PGPASSWORD' => 'db'
    'CRAFT_WEB_ROOT' => '/var/www/html/web'
    'DDEV_DOCROOT' => 'web'
    'PWD' => '/var/www/html'
    'PLATFORMSH_CLI_UPDATES_CHECK' => '0'
    'DDEV_APPROOT' => '/var/www/html'
    'DDEV_FILES_DIR' => ''
    'START_SCRIPT_TIMEOUT' => '57'
    'APACHE_SITE_TEMPLATE' => '/etc/apache2/apache-site.conf'
    'PHP_INI' => '/etc/php/8.3/fpm/php.ini'
    'DDEV_VERSION' => 'v1.24.10'
    'PRIMARY_SITE_URL' => 'https://derschmuckmacher-v3.ddev.site'
    'TZ' => 'Europe/Zurich'
    'DDEV_XHPROF_MODE' => 'prepend'
    'HTTPS_EXPOSE' => '443:80,8026:8025'
    'COREPACK_HOME' => '/mnt/ddev-global-cache/corepack'
    'CRAFT_DB_DATABASE' => 'db'
    'DDEV_PRIMARY_URL' => 'https://derschmuckmacher-v3.ddev.site'
    'LINES' => '6'
    'DDEV_SITENAME' => 'derschmuckmacher-v3'
    'HOME' => '/home/omar'
    'DRUSH_OPTIONS_URI' => 'https://derschmuckmacher-v3.ddev.site'
    'LANG' => 'C.UTF-8'
    'COLUMNS' => '371'
    'DDEV_MUTAGEN_ENABLED' => 'true'
    'DDEV_USER' => 'omar'
    'PGUSER' => 'db'
    'TERMINUS_CACHE_DIR' => '/mnt/ddev-global-cache/terminus/cache'
    'DDEV_PRIMARY_URL_PORT' => '443'
    'DDEV_ROUTER_HTTP_PORT' => '80'
    'MAILPIT_SMTP_HOSTNAME' => '127.0.0.1'
    'CRAFT_DB_DRIVER' => 'mysql'
    'COMPOSER_PROCESS_TIMEOUT' => '2000'
    'NGINX_SITE_TEMPLATE' => '/etc/nginx/nginx-site.conf'
    'DDEV_FILES_DIRS' => ''
    'CRAFT_DB_SERVER' => 'db'
    'HTTP_EXPOSE' => '80:80,8025:8025'
    'NVM_DIR' => '/home/omar/.nvm'
    'DDEV_PHP_VERSION' => '8.3'
    'DDEV_TLD' => 'ddev.site'
    'DDEV_HOSTNAME' => 'derschmuckmacher-v3.ddev.site'
    'DDEV_PROJECT' => 'derschmuckmacher-v3'
    'DDEV_GOARCH' => 'arm64'
    'VIRTUAL_HOST' => 'derschmuckmacher-v3.ddev.site'
    'TERM' => 'xterm'
    'USER' => 'omar'
    'MYSQL_HISTFILE' => '/mnt/ddev-global-cache/mysqlhistory/derschmuckmacher-v3-web/mysql_history'
    'DDEV_WEB_ENTRYPOINT' => '/mnt/ddev_config/web-entrypoint.d'
    'DDEV_UID' => '501'
    'CAROOT' => '/mnt/ddev-global-cache/mkcert'
    'SHLVL' => '1'
    'COMPOSER_ALLOW_SUPERUSER' => '1'
    'BASH_ENV' => '/etc/bash.nointeractive.bashrc'
    'DDEV_DATABASE' => 'mysql:8.0'
    'PGDATABASE' => 'db'
    'CRAFT_DB_USER' => 'db'
    'DDEV_SCHEME' => 'https'
    'XHPROF_OUTPUT_DIR' => '/tmp/xhprof'
    'COMPOSER_CACHE_DIR' => '/mnt/ddev-global-cache/composer'
    'DDEV_XDEBUG_ENABLED' => 'false'
    'DDEV_DATABASE_FAMILY' => 'mysql'
    'PGHOST' => 'db'
    'DDEV_COMPOSER_ROOT' => '/var/www/html'
    'CRAFT_DB_PASSWORD' => '••'
    'DOCROOT' => 'web'
    'TERMINUS_HIDE_UPDATE_MESSAGE' => '1'
    'PATH' => '/home/omar/bin:/var/www/html/vendor/bin:/usr/local/sbin:/usr/local/bin:/usr/sbin:/usr/bin:/sbin:/bin:/var/www/html/bin:/mnt/ddev-global-cache/global-commands/web'
    'HOST_DOCKER_INTERNAL_IP' => ''
    'DDEV_PROJECT_TYPE' => 'craftcms'
    'DEBIAN_FRONTEND' => 'noninteractive'
    'DDEV_ROUTER_HTTPS_PORT' => '443'
    'EXECIGNORE' => '/var/www/html/vendor/bin/composer'
    'SUPERVISOR_ENABLED' => '1'
    'SUPERVISOR_SERVER_URL' => 'unix:///var/run/supervisor.sock'
    'SUPERVISOR_PROCESS_NAME' => 'php-fpm'
    'SUPERVISOR_GROUP_NAME' => 'php-fpm'
    'HTTP_X_REQUESTED_WITH' => 'XMLHttpRequest'
    'HTTP_X_REGISTERED_JS_FILES' => ''
    'HTTP_X_REGISTERED_ASSET_BUNDLES' => 'e38a2e07,22e517a2,aee7f8dc,26c46c25,e505ffd6,6b4d7555,bb2f10a0,e5e48399,815d39ea,fc0bc163,1ccab40d,1e21896b,54698ee0,b842675b,1c3c9add,4b1fd285,d8d08e47,8f00ce04,8768f48b,cf3018d6,ec6d0256,11858fc6,8550f857,6f12186f,c7a8fe38'
    'HTTP_X_REAL_IP' => '172.18.0.1'
    'HTTP_X_FORWARDED_SERVER' => '617e9e3cc3a1'
    'HTTP_X_FORWARDED_PROTO' => 'https'
    'HTTP_X_FORWARDED_PORT' => '443'
    'HTTP_X_FORWARDED_HOST' => 'derschmuckmacher-v3.ddev.site'
    'HTTP_X_FORWARDED_FOR' => '172.18.0.1'
    'HTTP_X_CSRF_TOKEN' => '••••••••••••••••••••••••••••••••••••••••••••••••••••••••••••••••••••••••••••••••••••••••••••••••••••••••••••'
    'HTTP_TE' => 'trailers'
    'HTTP_SEC_GPC' => '1'
    'HTTP_SEC_FETCH_SITE' => 'same-origin'
    'HTTP_SEC_FETCH_MODE' => 'cors'
    'HTTP_SEC_FETCH_DEST' => 'empty'
    'HTTP_REFERER' => 'https://derschmuckmacher-v3.ddev.site/dW2axQ3b/dashboard'
    'HTTP_COOKIE' => 'cookieconsent_status=allow; CRAFT_CSRF_TOKEN=c46764d17b682367679c529f1043872bbfd294280b0a6b522869cb3868f8a6a6a%3A2%3A%7Bi%3A0%3Bs%3A16%3A%22CRAFT_CSRF_TOKEN%22%3Bi%3A1%3Bs%3A40%3A%22oscGmXtgN7lH1IINFeBh9KwfL0sWDqIBBHQCFaaO%22%3B%7D; CraftSessionId=8dln48qoin5lenmi6jccge1uaf; a8b7b1ec9ffb8baf2c6eaa253fe57112_username=26b9ec8568da68d3882e55afaa5d203483c6c5810ee05b5a55c8a0eb10cab93ea%3A2%3A%7Bi%3A0%3Bs%3A41%3A%22a8b7b1ec9ffb8baf2c6eaa253fe57112_username%22%3Bi%3A1%3Bs%3A8%3A%22odegiuli%22%3B%7D; Craft-3626ffc1-d0a3-42e3-98aa-37e8aa759561_sidebar=expanded'
    'HTTP_ACCEPT_LANGUAGE' => 'de,en-US;q=0.9,en;q=0.8'
    'HTTP_ACCEPT_ENCODING' => 'gzip, deflate, br, zstd'
    'HTTP_ACCEPT' => 'application/json, text/plain, */*'
    'HTTP_USER_AGENT' => 'Mozilla/5.0 (Macintosh; Intel Mac OS X 10.15; rv:150.0) Gecko/20100101 Firefox/150.0'
    'HTTP_HOST' => 'derschmuckmacher-v3.ddev.site'
    'HTTPS' => 'on'
    'REDIRECT_STATUS' => '200'
    'SERVER_NAME' => 'derschmuckmacher-v3.ddev.site'
    'SERVER_PORT' => '80'
    'SERVER_ADDR' => '172.18.0.3'
    'REMOTE_PORT' => '53342'
    'REMOTE_ADDR' => '172.18.0.5'
    'SERVER_SOFTWARE' => 'nginx/1.28.0'
    'GATEWAY_INTERFACE' => 'CGI/1.1'
    'REQUEST_SCHEME' => 'http'
    'SERVER_PROTOCOL' => 'HTTP/1.1'
    'DOCUMENT_ROOT' => '/var/www/html/web'
    'DOCUMENT_URI' => '/index.php'
    'REQUEST_URI' => '/index.php?p=dW2axQ3b%2Factions%2Fusers%2Fsession-info&dontExtendSession=1&v=1778918494415'
    'CONTENT_LENGTH' => ''
    'CONTENT_TYPE' => ''
    'REQUEST_METHOD' => 'GET'
    'QUERY_STRING' => 'p=dW2axQ3b%2Factions%2Fusers%2Fsession-info&dontExtendSession=1&v=1778918494415'
    'SCRIPT_NAME' => '/index.php'
    'SCRIPT_FILENAME' => '/var/www/html/web/index.php'
    'FCGI_ROLE' => 'RESPONDER'
    'PHP_SELF' => '/index.php'
    'REQUEST_TIME_FLOAT' => 1778918494.4334
    'REQUEST_TIME' => 1778918494
    'CRAFT_APP_ID' => 'CraftCMS--3933bc78-29f5-4b79-bcc5-c31faf0fcd20'
    'CRAFT_ENVIRONMENT' => 'dev'
    'ENVIRONMENT' => 'dev'
    'CRAFT_SECURITY_KEY' => '••••••••••••••••••••••••••••••••'
    'CP_TRIGGER' => 'dW2axQ3b'
    'CRAFT_DB_SCHEMA' => 'public'
    'CRAFT_DB_TABLE_PREFIX' => ''
    'DEV_MODE' => 'true'
    'ALLOW_ADMIN_CHANGES' => 'true'
    'DISALLOW_ROBOTS' => 'true'
    'TIMEZONE' => 'Europe/Zurich'
    'CAPTCHA_SITE_KEY' => '••••••••••••••••••••••••••••••••••••••••'
    'CAPTCHA_SECRET_KEY' => '••••••••••••••••••••••••••••••••••••••••'
    'WEB_URL' => 'https://derschmuckmacher-v3.ddev.site'
    'WEB_ROOT' => '/var/www/html/web'
    'ASSETS_BASE_URL' => 'https://derschmuckmacher-v3.ddev.site/public'
    'ASSETS_BASE_PATH' => '/var/www/html/web/public'
    'SCHMUCK_BASE_URL' => 'https://derschmuckmacher-v3.ddev.site/public/uploads/schmuck'
    'SCHMUCK_BASE_PATH' => '/var/www/html/web/public/uploads/schmuck'
    'BILDER_BASE_URL' => 'https://derschmuckmacher-v3.ddev.site/public/uploads/bilder'
    'BILDER_BASE_PATH' => '/var/www/html/web/public/uploads/bilder'
] {"environment":"dev"} 
2026-05-16 10:13:06 [web.INFO] [yii\db\Connection::open] Opening DB connection: mysql:host=db;dbname=db;port=3306 {"memory":1097536} 
2026-05-16 10:13:06 [web.INFO] [yii\web\Session::open] Session started {"memory":1517664} 
2026-05-16 10:13:06 [web.INFO] [nystudio107\codeeditor\CodeEditor::bootstrap] CodeEditor module bootstrapped {"memory":1538632} 
2026-05-16 10:13:06 [web.INFO] [adigital\cookieconsentbanner\CookieConsentBanner::init] Cookie Consent Banner plugin loaded {"memory":1753640} 
2026-05-16 10:13:06 [web.INFO] [miranj\obfuscator\Obfuscator::init] Obfuscator plugin loaded {"memory":2731400} 
2026-05-16 10:13:06 [web.INFO] [application] Request context:
$_GET = [
    'p' => 'dW2axQ3b/actions/users/session-info'
    'dontExtendSession' => '1'
    'v' => '1778919186096'
]

$_POST = []

$_FILES = []

$_COOKIE = [
    'cookieconsent_status' => 'allow'
    'CRAFT_CSRF_TOKEN' => '••••••••••••••••••••••••••••••••••••••••••••••••••••••••••••••••••••••••••••••••••••••••••••••••••••••••••••••••••••••••••••••••••••••••••••••••••••••'
    'CraftSessionId' => '8dln48qoin5lenmi6jccge1uaf'
    'a8b7b1ec9ffb8baf2c6eaa253fe57112_username' => '26b9ec8568da68d3882e55afaa5d203483c6c5810ee05b5a55c8a0eb10cab93ea:2:{i:0;s:41:\"a8b7b1ec9ffb8baf2c6eaa253fe57112_username\";i:1;s:8:\"odegiuli\";}'
    'Craft-3626ffc1-d0a3-42e3-98aa-37e8aa759561_sidebar' => 'expanded'
]

$_SESSION = [
    '22b6a59deafcfb2ffb13c3adf3d98a3b__flash' => []
]

$_SERVER = [
    'DEPLOY_NAME' => 'local'
    'DDEV_WEBSERVER_TYPE' => 'nginx-fpm'
    'npm_config_cache' => '/mnt/ddev-global-cache/npm'
    'COREPACK_ENABLE_DOWNLOAD_PROMPT' => '0'
    'DDEV_GOOS' => 'darwin'
    'IS_DDEV_PROJECT' => 'true'
    'PHP_DEFAULT_VERSION' => '8.3'
    'HOSTNAME' => 'derschmuckmacher-v3-web'
    'MAILPIT_SMTP_PORT' => '1025'
    'MH_SMTP_BIND_ADDR' => '127.0.0.1:1025'
    'DDEV_PRIMARY_URL_WITHOUT_PORT' => 'https://derschmuckmacher-v3.ddev.site'
    'CRAFT_DB_PORT' => '3306'
    'SSH_AUTH_SOCK' => '/home/.ssh-agent/socket'
    'DDEV_GID' => '20'
    'NODE_EXTRA_CA_CERTS' => '/mnt/ddev-global-cache/mkcert/rootCA.pem'
    'DOCKER_IP' => '127.0.0.1'
    'PGPASSWORD' => 'db'
    'CRAFT_WEB_ROOT' => '/var/www/html/web'
    'DDEV_DOCROOT' => 'web'
    'PWD' => '/var/www/html'
    'PLATFORMSH_CLI_UPDATES_CHECK' => '0'
    'DDEV_APPROOT' => '/var/www/html'
    'DDEV_FILES_DIR' => ''
    'START_SCRIPT_TIMEOUT' => '57'
    'APACHE_SITE_TEMPLATE' => '/etc/apache2/apache-site.conf'
    'PHP_INI' => '/etc/php/8.3/fpm/php.ini'
    'DDEV_VERSION' => 'v1.24.10'
    'PRIMARY_SITE_URL' => 'https://derschmuckmacher-v3.ddev.site'
    'TZ' => 'Europe/Zurich'
    'DDEV_XHPROF_MODE' => 'prepend'
    'HTTPS_EXPOSE' => '443:80,8026:8025'
    'COREPACK_HOME' => '/mnt/ddev-global-cache/corepack'
    'CRAFT_DB_DATABASE' => 'db'
    'DDEV_PRIMARY_URL' => 'https://derschmuckmacher-v3.ddev.site'
    'LINES' => '6'
    'DDEV_SITENAME' => 'derschmuckmacher-v3'
    'HOME' => '/home/omar'
    'DRUSH_OPTIONS_URI' => 'https://derschmuckmacher-v3.ddev.site'
    'LANG' => 'C.UTF-8'
    'COLUMNS' => '371'
    'DDEV_MUTAGEN_ENABLED' => 'true'
    'DDEV_USER' => 'omar'
    'PGUSER' => 'db'
    'TERMINUS_CACHE_DIR' => '/mnt/ddev-global-cache/terminus/cache'
    'DDEV_PRIMARY_URL_PORT' => '443'
    'DDEV_ROUTER_HTTP_PORT' => '80'
    'MAILPIT_SMTP_HOSTNAME' => '127.0.0.1'
    'CRAFT_DB_DRIVER' => 'mysql'
    'COMPOSER_PROCESS_TIMEOUT' => '2000'
    'NGINX_SITE_TEMPLATE' => '/etc/nginx/nginx-site.conf'
    'DDEV_FILES_DIRS' => ''
    'CRAFT_DB_SERVER' => 'db'
    'HTTP_EXPOSE' => '80:80,8025:8025'
    'NVM_DIR' => '/home/omar/.nvm'
    'DDEV_PHP_VERSION' => '8.3'
    'DDEV_TLD' => 'ddev.site'
    'DDEV_HOSTNAME' => 'derschmuckmacher-v3.ddev.site'
    'DDEV_PROJECT' => 'derschmuckmacher-v3'
    'DDEV_GOARCH' => 'arm64'
    'VIRTUAL_HOST' => 'derschmuckmacher-v3.ddev.site'
    'TERM' => 'xterm'
    'USER' => 'omar'
    'MYSQL_HISTFILE' => '/mnt/ddev-global-cache/mysqlhistory/derschmuckmacher-v3-web/mysql_history'
    'DDEV_WEB_ENTRYPOINT' => '/mnt/ddev_config/web-entrypoint.d'
    'DDEV_UID' => '501'
    'CAROOT' => '/mnt/ddev-global-cache/mkcert'
    'SHLVL' => '1'
    'COMPOSER_ALLOW_SUPERUSER' => '1'
    'BASH_ENV' => '/etc/bash.nointeractive.bashrc'
    'DDEV_DATABASE' => 'mysql:8.0'
    'PGDATABASE' => 'db'
    'CRAFT_DB_USER' => 'db'
    'DDEV_SCHEME' => 'https'
    'XHPROF_OUTPUT_DIR' => '/tmp/xhprof'
    'COMPOSER_CACHE_DIR' => '/mnt/ddev-global-cache/composer'
    'DDEV_XDEBUG_ENABLED' => 'false'
    'DDEV_DATABASE_FAMILY' => 'mysql'
    'PGHOST' => 'db'
    'DDEV_COMPOSER_ROOT' => '/var/www/html'
    'CRAFT_DB_PASSWORD' => '••'
    'DOCROOT' => 'web'
    'TERMINUS_HIDE_UPDATE_MESSAGE' => '1'
    'PATH' => '/home/omar/bin:/var/www/html/vendor/bin:/usr/local/sbin:/usr/local/bin:/usr/sbin:/usr/bin:/sbin:/bin:/var/www/html/bin:/mnt/ddev-global-cache/global-commands/web'
    'HOST_DOCKER_INTERNAL_IP' => ''
    'DDEV_PROJECT_TYPE' => 'craftcms'
    'DEBIAN_FRONTEND' => 'noninteractive'
    'DDEV_ROUTER_HTTPS_PORT' => '443'
    'EXECIGNORE' => '/var/www/html/vendor/bin/composer'
    'SUPERVISOR_ENABLED' => '1'
    'SUPERVISOR_SERVER_URL' => 'unix:///var/run/supervisor.sock'
    'SUPERVISOR_PROCESS_NAME' => 'php-fpm'
    'SUPERVISOR_GROUP_NAME' => 'php-fpm'
    'HTTP_X_REQUESTED_WITH' => 'XMLHttpRequest'
    'HTTP_X_REGISTERED_JS_FILES' => ''
    'HTTP_X_REGISTERED_ASSET_BUNDLES' => 'e38a2e07,22e517a2,aee7f8dc,26c46c25,e505ffd6,6b4d7555,bb2f10a0,e5e48399,815d39ea,fc0bc163,1ccab40d,1e21896b,54698ee0,b842675b,1c3c9add,4b1fd285,d8d08e47,8f00ce04,8768f48b,cf3018d6,ec6d0256,11858fc6,8550f857,6f12186f,c7a8fe38'
    'HTTP_X_REAL_IP' => '172.18.0.1'
    'HTTP_X_FORWARDED_SERVER' => '617e9e3cc3a1'
    'HTTP_X_FORWARDED_PROTO' => 'https'
    'HTTP_X_FORWARDED_PORT' => '443'
    'HTTP_X_FORWARDED_HOST' => 'derschmuckmacher-v3.ddev.site'
    'HTTP_X_FORWARDED_FOR' => '172.18.0.1'
    'HTTP_X_CSRF_TOKEN' => '••••••••••••••••••••••••••••••••••••••••••••••••••••••••••••••••••••••••••••••••••••••••••••••••••••••••••••'
    'HTTP_TE' => 'trailers'
    'HTTP_SEC_GPC' => '1'
    'HTTP_SEC_FETCH_SITE' => 'same-origin'
    'HTTP_SEC_FETCH_MODE' => 'cors'
    'HTTP_SEC_FETCH_DEST' => 'empty'
    'HTTP_REFERER' => 'https://derschmuckmacher-v3.ddev.site/dW2axQ3b/dashboard'
    'HTTP_COOKIE' => 'cookieconsent_status=allow; CRAFT_CSRF_TOKEN=c46764d17b682367679c529f1043872bbfd294280b0a6b522869cb3868f8a6a6a%3A2%3A%7Bi%3A0%3Bs%3A16%3A%22CRAFT_CSRF_TOKEN%22%3Bi%3A1%3Bs%3A40%3A%22oscGmXtgN7lH1IINFeBh9KwfL0sWDqIBBHQCFaaO%22%3B%7D; CraftSessionId=8dln48qoin5lenmi6jccge1uaf; a8b7b1ec9ffb8baf2c6eaa253fe57112_username=26b9ec8568da68d3882e55afaa5d203483c6c5810ee05b5a55c8a0eb10cab93ea%3A2%3A%7Bi%3A0%3Bs%3A41%3A%22a8b7b1ec9ffb8baf2c6eaa253fe57112_username%22%3Bi%3A1%3Bs%3A8%3A%22odegiuli%22%3B%7D; Craft-3626ffc1-d0a3-42e3-98aa-37e8aa759561_sidebar=expanded'
    'HTTP_ACCEPT_LANGUAGE' => 'de,en-US;q=0.9,en;q=0.8'
    'HTTP_ACCEPT_ENCODING' => 'gzip, deflate, br, zstd'
    'HTTP_ACCEPT' => 'application/json, text/plain, */*'
    'HTTP_USER_AGENT' => 'Mozilla/5.0 (Macintosh; Intel Mac OS X 10.15; rv:150.0) Gecko/20100101 Firefox/150.0'
    'HTTP_HOST' => 'derschmuckmacher-v3.ddev.site'
    'HTTPS' => 'on'
    'REDIRECT_STATUS' => '200'
    'SERVER_NAME' => 'derschmuckmacher-v3.ddev.site'
    'SERVER_PORT' => '80'
    'SERVER_ADDR' => '172.18.0.3'
    'REMOTE_PORT' => '36586'
    'REMOTE_ADDR' => '172.18.0.5'
    'SERVER_SOFTWARE' => 'nginx/1.28.0'
    'GATEWAY_INTERFACE' => 'CGI/1.1'
    'REQUEST_SCHEME' => 'http'
    'SERVER_PROTOCOL' => 'HTTP/1.1'
    'DOCUMENT_ROOT' => '/var/www/html/web'
    'DOCUMENT_URI' => '/index.php'
    'REQUEST_URI' => '/index.php?p=dW2axQ3b%2Factions%2Fusers%2Fsession-info&dontExtendSession=1&v=1778919186096'
    'CONTENT_LENGTH' => ''
    'CONTENT_TYPE' => ''
    'REQUEST_METHOD' => 'GET'
    'QUERY_STRING' => 'p=dW2axQ3b%2Factions%2Fusers%2Fsession-info&dontExtendSession=1&v=1778919186096'
    'SCRIPT_NAME' => '/index.php'
    'SCRIPT_FILENAME' => '/var/www/html/web/index.php'
    'FCGI_ROLE' => 'RESPONDER'
    'PHP_SELF' => '/index.php'
    'REQUEST_TIME_FLOAT' => 1778919186.1241
    'REQUEST_TIME' => 1778919186
    'CRAFT_APP_ID' => 'CraftCMS--3933bc78-29f5-4b79-bcc5-c31faf0fcd20'
    'CRAFT_ENVIRONMENT' => 'dev'
    'ENVIRONMENT' => 'dev'
    'CRAFT_SECURITY_KEY' => '••••••••••••••••••••••••••••••••'
    'CP_TRIGGER' => 'dW2axQ3b'
    'CRAFT_DB_SCHEMA' => 'public'
    'CRAFT_DB_TABLE_PREFIX' => ''
    'DEV_MODE' => 'true'
    'ALLOW_ADMIN_CHANGES' => 'true'
    'DISALLOW_ROBOTS' => 'true'
    'TIMEZONE' => 'Europe/Zurich'
    'CAPTCHA_SITE_KEY' => '••••••••••••••••••••••••••••••••••••••••'
    'CAPTCHA_SECRET_KEY' => '••••••••••••••••••••••••••••••••••••••••'
    'WEB_URL' => 'https://derschmuckmacher-v3.ddev.site'
    'WEB_ROOT' => '/var/www/html/web'
    'ASSETS_BASE_URL' => 'https://derschmuckmacher-v3.ddev.site/public'
    'ASSETS_BASE_PATH' => '/var/www/html/web/public'
    'SCHMUCK_BASE_URL' => 'https://derschmuckmacher-v3.ddev.site/public/uploads/schmuck'
    'SCHMUCK_BASE_PATH' => '/var/www/html/web/public/uploads/schmuck'
    'BILDER_BASE_URL' => 'https://derschmuckmacher-v3.ddev.site/public/uploads/bilder'
    'BILDER_BASE_PATH' => '/var/www/html/web/public/uploads/bilder'
] {"environment":"dev"} 
2026-05-16 10:14:06 [web.INFO] [yii\db\Connection::open] Opening DB connection: mysql:host=db;dbname=db;port=3306 {"memory":1097536} 
2026-05-16 10:14:06 [web.INFO] [yii\web\Session::open] Session started {"memory":1517664} 
2026-05-16 10:14:06 [web.INFO] [nystudio107\codeeditor\CodeEditor::bootstrap] CodeEditor module bootstrapped {"memory":1538632} 
2026-05-16 10:14:06 [web.INFO] [adigital\cookieconsentbanner\CookieConsentBanner::init] Cookie Consent Banner plugin loaded {"memory":1753640} 
2026-05-16 10:14:06 [web.INFO] [miranj\obfuscator\Obfuscator::init] Obfuscator plugin loaded {"memory":2717712} 
2026-05-16 10:14:06 [web.INFO] [application] Request context:
$_GET = [
    'p' => 'dW2axQ3b/actions/users/session-info'
    'dontExtendSession' => '1'
    'v' => '1778919246194'
]

$_POST = []

$_FILES = []

$_COOKIE = [
    'cookieconsent_status' => 'allow'
    'CRAFT_CSRF_TOKEN' => '••••••••••••••••••••••••••••••••••••••••••••••••••••••••••••••••••••••••••••••••••••••••••••••••••••••••••••••••••••••••••••••••••••••••••••••••••••••'
    'CraftSessionId' => '8dln48qoin5lenmi6jccge1uaf'
    'a8b7b1ec9ffb8baf2c6eaa253fe57112_username' => '26b9ec8568da68d3882e55afaa5d203483c6c5810ee05b5a55c8a0eb10cab93ea:2:{i:0;s:41:\"a8b7b1ec9ffb8baf2c6eaa253fe57112_username\";i:1;s:8:\"odegiuli\";}'
    'Craft-3626ffc1-d0a3-42e3-98aa-37e8aa759561_sidebar' => 'expanded'
]

$_SESSION = [
    '22b6a59deafcfb2ffb13c3adf3d98a3b__flash' => []
]

$_SERVER = [
    'DEPLOY_NAME' => 'local'
    'DDEV_WEBSERVER_TYPE' => 'nginx-fpm'
    'npm_config_cache' => '/mnt/ddev-global-cache/npm'
    'COREPACK_ENABLE_DOWNLOAD_PROMPT' => '0'
    'DDEV_GOOS' => 'darwin'
    'IS_DDEV_PROJECT' => 'true'
    'PHP_DEFAULT_VERSION' => '8.3'
    'HOSTNAME' => 'derschmuckmacher-v3-web'
    'MAILPIT_SMTP_PORT' => '1025'
    'MH_SMTP_BIND_ADDR' => '127.0.0.1:1025'
    'DDEV_PRIMARY_URL_WITHOUT_PORT' => 'https://derschmuckmacher-v3.ddev.site'
    'CRAFT_DB_PORT' => '3306'
    'SSH_AUTH_SOCK' => '/home/.ssh-agent/socket'
    'DDEV_GID' => '20'
    'NODE_EXTRA_CA_CERTS' => '/mnt/ddev-global-cache/mkcert/rootCA.pem'
    'DOCKER_IP' => '127.0.0.1'
    'PGPASSWORD' => 'db'
    'CRAFT_WEB_ROOT' => '/var/www/html/web'
    'DDEV_DOCROOT' => 'web'
    'PWD' => '/var/www/html'
    'PLATFORMSH_CLI_UPDATES_CHECK' => '0'
    'DDEV_APPROOT' => '/var/www/html'
    'DDEV_FILES_DIR' => ''
    'START_SCRIPT_TIMEOUT' => '57'
    'APACHE_SITE_TEMPLATE' => '/etc/apache2/apache-site.conf'
    'PHP_INI' => '/etc/php/8.3/fpm/php.ini'
    'DDEV_VERSION' => 'v1.24.10'
    'PRIMARY_SITE_URL' => 'https://derschmuckmacher-v3.ddev.site'
    'TZ' => 'Europe/Zurich'
    'DDEV_XHPROF_MODE' => 'prepend'
    'HTTPS_EXPOSE' => '443:80,8026:8025'
    'COREPACK_HOME' => '/mnt/ddev-global-cache/corepack'
    'CRAFT_DB_DATABASE' => 'db'
    'DDEV_PRIMARY_URL' => 'https://derschmuckmacher-v3.ddev.site'
    'LINES' => '6'
    'DDEV_SITENAME' => 'derschmuckmacher-v3'
    'HOME' => '/home/omar'
    'DRUSH_OPTIONS_URI' => 'https://derschmuckmacher-v3.ddev.site'
    'LANG' => 'C.UTF-8'
    'COLUMNS' => '371'
    'DDEV_MUTAGEN_ENABLED' => 'true'
    'DDEV_USER' => 'omar'
    'PGUSER' => 'db'
    'TERMINUS_CACHE_DIR' => '/mnt/ddev-global-cache/terminus/cache'
    'DDEV_PRIMARY_URL_PORT' => '443'
    'DDEV_ROUTER_HTTP_PORT' => '80'
    'MAILPIT_SMTP_HOSTNAME' => '127.0.0.1'
    'CRAFT_DB_DRIVER' => 'mysql'
    'COMPOSER_PROCESS_TIMEOUT' => '2000'
    'NGINX_SITE_TEMPLATE' => '/etc/nginx/nginx-site.conf'
    'DDEV_FILES_DIRS' => ''
    'CRAFT_DB_SERVER' => 'db'
    'HTTP_EXPOSE' => '80:80,8025:8025'
    'NVM_DIR' => '/home/omar/.nvm'
    'DDEV_PHP_VERSION' => '8.3'
    'DDEV_TLD' => 'ddev.site'
    'DDEV_HOSTNAME' => 'derschmuckmacher-v3.ddev.site'
    'DDEV_PROJECT' => 'derschmuckmacher-v3'
    'DDEV_GOARCH' => 'arm64'
    'VIRTUAL_HOST' => 'derschmuckmacher-v3.ddev.site'
    'TERM' => 'xterm'
    'USER' => 'omar'
    'MYSQL_HISTFILE' => '/mnt/ddev-global-cache/mysqlhistory/derschmuckmacher-v3-web/mysql_history'
    'DDEV_WEB_ENTRYPOINT' => '/mnt/ddev_config/web-entrypoint.d'
    'DDEV_UID' => '501'
    'CAROOT' => '/mnt/ddev-global-cache/mkcert'
    'SHLVL' => '1'
    'COMPOSER_ALLOW_SUPERUSER' => '1'
    'BASH_ENV' => '/etc/bash.nointeractive.bashrc'
    'DDEV_DATABASE' => 'mysql:8.0'
    'PGDATABASE' => 'db'
    'CRAFT_DB_USER' => 'db'
    'DDEV_SCHEME' => 'https'
    'XHPROF_OUTPUT_DIR' => '/tmp/xhprof'
    'COMPOSER_CACHE_DIR' => '/mnt/ddev-global-cache/composer'
    'DDEV_XDEBUG_ENABLED' => 'false'
    'DDEV_DATABASE_FAMILY' => 'mysql'
    'PGHOST' => 'db'
    'DDEV_COMPOSER_ROOT' => '/var/www/html'
    'CRAFT_DB_PASSWORD' => '••'
    'DOCROOT' => 'web'
    'TERMINUS_HIDE_UPDATE_MESSAGE' => '1'
    'PATH' => '/home/omar/bin:/var/www/html/vendor/bin:/usr/local/sbin:/usr/local/bin:/usr/sbin:/usr/bin:/sbin:/bin:/var/www/html/bin:/mnt/ddev-global-cache/global-commands/web'
    'HOST_DOCKER_INTERNAL_IP' => ''
    'DDEV_PROJECT_TYPE' => 'craftcms'
    'DEBIAN_FRONTEND' => 'noninteractive'
    'DDEV_ROUTER_HTTPS_PORT' => '443'
    'EXECIGNORE' => '/var/www/html/vendor/bin/composer'
    'SUPERVISOR_ENABLED' => '1'
    'SUPERVISOR_SERVER_URL' => 'unix:///var/run/supervisor.sock'
    'SUPERVISOR_PROCESS_NAME' => 'php-fpm'
    'SUPERVISOR_GROUP_NAME' => 'php-fpm'
    'HTTP_X_REQUESTED_WITH' => 'XMLHttpRequest'
    'HTTP_X_REGISTERED_JS_FILES' => ''
    'HTTP_X_REGISTERED_ASSET_BUNDLES' => 'e38a2e07,22e517a2,aee7f8dc,26c46c25,e505ffd6,6b4d7555,bb2f10a0,e5e48399,815d39ea,fc0bc163,1ccab40d,1e21896b,54698ee0,b842675b,1c3c9add,4b1fd285,d8d08e47,8f00ce04,8768f48b,cf3018d6,ec6d0256,11858fc6,8550f857,6f12186f,c7a8fe38'
    'HTTP_X_REAL_IP' => '172.18.0.1'
    'HTTP_X_FORWARDED_SERVER' => '617e9e3cc3a1'
    'HTTP_X_FORWARDED_PROTO' => 'https'
    'HTTP_X_FORWARDED_PORT' => '443'
    'HTTP_X_FORWARDED_HOST' => 'derschmuckmacher-v3.ddev.site'
    'HTTP_X_FORWARDED_FOR' => '172.18.0.1'
    'HTTP_X_CSRF_TOKEN' => '••••••••••••••••••••••••••••••••••••••••••••••••••••••••••••••••••••••••••••••••••••••••••••••••••••••••••••'
    'HTTP_TE' => 'trailers'
    'HTTP_SEC_GPC' => '1'
    'HTTP_SEC_FETCH_SITE' => 'same-origin'
    'HTTP_SEC_FETCH_MODE' => 'cors'
    'HTTP_SEC_FETCH_DEST' => 'empty'
    'HTTP_REFERER' => 'https://derschmuckmacher-v3.ddev.site/dW2axQ3b/dashboard'
    'HTTP_COOKIE' => 'cookieconsent_status=allow; CRAFT_CSRF_TOKEN=c46764d17b682367679c529f1043872bbfd294280b0a6b522869cb3868f8a6a6a%3A2%3A%7Bi%3A0%3Bs%3A16%3A%22CRAFT_CSRF_TOKEN%22%3Bi%3A1%3Bs%3A40%3A%22oscGmXtgN7lH1IINFeBh9KwfL0sWDqIBBHQCFaaO%22%3B%7D; CraftSessionId=8dln48qoin5lenmi6jccge1uaf; a8b7b1ec9ffb8baf2c6eaa253fe57112_username=26b9ec8568da68d3882e55afaa5d203483c6c5810ee05b5a55c8a0eb10cab93ea%3A2%3A%7Bi%3A0%3Bs%3A41%3A%22a8b7b1ec9ffb8baf2c6eaa253fe57112_username%22%3Bi%3A1%3Bs%3A8%3A%22odegiuli%22%3B%7D; Craft-3626ffc1-d0a3-42e3-98aa-37e8aa759561_sidebar=expanded'
    'HTTP_ACCEPT_LANGUAGE' => 'de,en-US;q=0.9,en;q=0.8'
    'HTTP_ACCEPT_ENCODING' => 'gzip, deflate, br, zstd'
    'HTTP_ACCEPT' => 'application/json, text/plain, */*'
    'HTTP_USER_AGENT' => 'Mozilla/5.0 (Macintosh; Intel Mac OS X 10.15; rv:150.0) Gecko/20100101 Firefox/150.0'
    'HTTP_HOST' => 'derschmuckmacher-v3.ddev.site'
    'HTTPS' => 'on'
    'REDIRECT_STATUS' => '200'
    'SERVER_NAME' => 'derschmuckmacher-v3.ddev.site'
    'SERVER_PORT' => '80'
    'SERVER_ADDR' => '172.18.0.3'
    'REMOTE_PORT' => '39002'
    'REMOTE_ADDR' => '172.18.0.5'
    'SERVER_SOFTWARE' => 'nginx/1.28.0'
    'GATEWAY_INTERFACE' => 'CGI/1.1'
    'REQUEST_SCHEME' => 'http'
    'SERVER_PROTOCOL' => 'HTTP/1.1'
    'DOCUMENT_ROOT' => '/var/www/html/web'
    'DOCUMENT_URI' => '/index.php'
    'REQUEST_URI' => '/index.php?p=dW2axQ3b%2Factions%2Fusers%2Fsession-info&dontExtendSession=1&v=1778919246194'
    'CONTENT_LENGTH' => ''
    'CONTENT_TYPE' => ''
    'REQUEST_METHOD' => 'GET'
    'QUERY_STRING' => 'p=dW2axQ3b%2Factions%2Fusers%2Fsession-info&dontExtendSession=1&v=1778919246194'
    'SCRIPT_NAME' => '/index.php'
    'SCRIPT_FILENAME' => '/var/www/html/web/index.php'
    'FCGI_ROLE' => 'RESPONDER'
    'PHP_SELF' => '/index.php'
    'REQUEST_TIME_FLOAT' => 1778919246.2123
    'REQUEST_TIME' => 1778919246
    'CRAFT_APP_ID' => 'CraftCMS--3933bc78-29f5-4b79-bcc5-c31faf0fcd20'
    'CRAFT_ENVIRONMENT' => 'dev'
    'ENVIRONMENT' => 'dev'
    'CRAFT_SECURITY_KEY' => '••••••••••••••••••••••••••••••••'
    'CP_TRIGGER' => 'dW2axQ3b'
    'CRAFT_DB_SCHEMA' => 'public'
    'CRAFT_DB_TABLE_PREFIX' => ''
    'DEV_MODE' => 'true'
    'ALLOW_ADMIN_CHANGES' => 'true'
    'DISALLOW_ROBOTS' => 'true'
    'TIMEZONE' => 'Europe/Zurich'
    'CAPTCHA_SITE_KEY' => '••••••••••••••••••••••••••••••••••••••••'
    'CAPTCHA_SECRET_KEY' => '••••••••••••••••••••••••••••••••••••••••'
    'WEB_URL' => 'https://derschmuckmacher-v3.ddev.site'
    'WEB_ROOT' => '/var/www/html/web'
    'ASSETS_BASE_URL' => 'https://derschmuckmacher-v3.ddev.site/public'
    'ASSETS_BASE_PATH' => '/var/www/html/web/public'
    'SCHMUCK_BASE_URL' => 'https://derschmuckmacher-v3.ddev.site/public/uploads/schmuck'
    'SCHMUCK_BASE_PATH' => '/var/www/html/web/public/uploads/schmuck'
    'BILDER_BASE_URL' => 'https://derschmuckmacher-v3.ddev.site/public/uploads/bilder'
    'BILDER_BASE_PATH' => '/var/www/html/web/public/uploads/bilder'
] {"environment":"dev"} 
2026-05-16 10:15:06 [web.INFO] [yii\db\Connection::open] Opening DB connection: mysql:host=db;dbname=db;port=3306 {"memory":1097536} 
2026-05-16 10:15:06 [web.INFO] [yii\web\Session::open] Session started {"memory":1517664} 
2026-05-16 10:15:06 [web.INFO] [nystudio107\codeeditor\CodeEditor::bootstrap] CodeEditor module bootstrapped {"memory":1538632} 
2026-05-16 10:15:06 [web.INFO] [adigital\cookieconsentbanner\CookieConsentBanner::init] Cookie Consent Banner plugin loaded {"memory":1753640} 
2026-05-16 10:15:06 [web.INFO] [miranj\obfuscator\Obfuscator::init] Obfuscator plugin loaded {"memory":2717712} 
2026-05-16 10:15:06 [web.INFO] [application] Request context:
$_GET = [
    'p' => 'dW2axQ3b/actions/users/session-info'
    'dontExtendSession' => '1'
    'v' => '1778919306263'
]

$_POST = []

$_FILES = []

$_COOKIE = [
    'cookieconsent_status' => 'allow'
    'CRAFT_CSRF_TOKEN' => '••••••••••••••••••••••••••••••••••••••••••••••••••••••••••••••••••••••••••••••••••••••••••••••••••••••••••••••••••••••••••••••••••••••••••••••••••••••'
    'CraftSessionId' => '8dln48qoin5lenmi6jccge1uaf'
    'a8b7b1ec9ffb8baf2c6eaa253fe57112_username' => '26b9ec8568da68d3882e55afaa5d203483c6c5810ee05b5a55c8a0eb10cab93ea:2:{i:0;s:41:\"a8b7b1ec9ffb8baf2c6eaa253fe57112_username\";i:1;s:8:\"odegiuli\";}'
    'Craft-3626ffc1-d0a3-42e3-98aa-37e8aa759561_sidebar' => 'expanded'
]

$_SESSION = [
    '22b6a59deafcfb2ffb13c3adf3d98a3b__flash' => []
]

$_SERVER = [
    'DEPLOY_NAME' => 'local'
    'DDEV_WEBSERVER_TYPE' => 'nginx-fpm'
    'npm_config_cache' => '/mnt/ddev-global-cache/npm'
    'COREPACK_ENABLE_DOWNLOAD_PROMPT' => '0'
    'DDEV_GOOS' => 'darwin'
    'IS_DDEV_PROJECT' => 'true'
    'PHP_DEFAULT_VERSION' => '8.3'
    'HOSTNAME' => 'derschmuckmacher-v3-web'
    'MAILPIT_SMTP_PORT' => '1025'
    'MH_SMTP_BIND_ADDR' => '127.0.0.1:1025'
    'DDEV_PRIMARY_URL_WITHOUT_PORT' => 'https://derschmuckmacher-v3.ddev.site'
    'CRAFT_DB_PORT' => '3306'
    'SSH_AUTH_SOCK' => '/home/.ssh-agent/socket'
    'DDEV_GID' => '20'
    'NODE_EXTRA_CA_CERTS' => '/mnt/ddev-global-cache/mkcert/rootCA.pem'
    'DOCKER_IP' => '127.0.0.1'
    'PGPASSWORD' => 'db'
    'CRAFT_WEB_ROOT' => '/var/www/html/web'
    'DDEV_DOCROOT' => 'web'
    'PWD' => '/var/www/html'
    'PLATFORMSH_CLI_UPDATES_CHECK' => '0'
    'DDEV_APPROOT' => '/var/www/html'
    'DDEV_FILES_DIR' => ''
    'START_SCRIPT_TIMEOUT' => '57'
    'APACHE_SITE_TEMPLATE' => '/etc/apache2/apache-site.conf'
    'PHP_INI' => '/etc/php/8.3/fpm/php.ini'
    'DDEV_VERSION' => 'v1.24.10'
    'PRIMARY_SITE_URL' => 'https://derschmuckmacher-v3.ddev.site'
    'TZ' => 'Europe/Zurich'
    'DDEV_XHPROF_MODE' => 'prepend'
    'HTTPS_EXPOSE' => '443:80,8026:8025'
    'COREPACK_HOME' => '/mnt/ddev-global-cache/corepack'
    'CRAFT_DB_DATABASE' => 'db'
    'DDEV_PRIMARY_URL' => 'https://derschmuckmacher-v3.ddev.site'
    'LINES' => '6'
    'DDEV_SITENAME' => 'derschmuckmacher-v3'
    'HOME' => '/home/omar'
    'DRUSH_OPTIONS_URI' => 'https://derschmuckmacher-v3.ddev.site'
    'LANG' => 'C.UTF-8'
    'COLUMNS' => '371'
    'DDEV_MUTAGEN_ENABLED' => 'true'
    'DDEV_USER' => 'omar'
    'PGUSER' => 'db'
    'TERMINUS_CACHE_DIR' => '/mnt/ddev-global-cache/terminus/cache'
    'DDEV_PRIMARY_URL_PORT' => '443'
    'DDEV_ROUTER_HTTP_PORT' => '80'
    'MAILPIT_SMTP_HOSTNAME' => '127.0.0.1'
    'CRAFT_DB_DRIVER' => 'mysql'
    'COMPOSER_PROCESS_TIMEOUT' => '2000'
    'NGINX_SITE_TEMPLATE' => '/etc/nginx/nginx-site.conf'
    'DDEV_FILES_DIRS' => ''
    'CRAFT_DB_SERVER' => 'db'
    'HTTP_EXPOSE' => '80:80,8025:8025'
    'NVM_DIR' => '/home/omar/.nvm'
    'DDEV_PHP_VERSION' => '8.3'
    'DDEV_TLD' => 'ddev.site'
    'DDEV_HOSTNAME' => 'derschmuckmacher-v3.ddev.site'
    'DDEV_PROJECT' => 'derschmuckmacher-v3'
    'DDEV_GOARCH' => 'arm64'
    'VIRTUAL_HOST' => 'derschmuckmacher-v3.ddev.site'
    'TERM' => 'xterm'
    'USER' => 'omar'
    'MYSQL_HISTFILE' => '/mnt/ddev-global-cache/mysqlhistory/derschmuckmacher-v3-web/mysql_history'
    'DDEV_WEB_ENTRYPOINT' => '/mnt/ddev_config/web-entrypoint.d'
    'DDEV_UID' => '501'
    'CAROOT' => '/mnt/ddev-global-cache/mkcert'
    'SHLVL' => '1'
    'COMPOSER_ALLOW_SUPERUSER' => '1'
    'BASH_ENV' => '/etc/bash.nointeractive.bashrc'
    'DDEV_DATABASE' => 'mysql:8.0'
    'PGDATABASE' => 'db'
    'CRAFT_DB_USER' => 'db'
    'DDEV_SCHEME' => 'https'
    'XHPROF_OUTPUT_DIR' => '/tmp/xhprof'
    'COMPOSER_CACHE_DIR' => '/mnt/ddev-global-cache/composer'
    'DDEV_XDEBUG_ENABLED' => 'false'
    'DDEV_DATABASE_FAMILY' => 'mysql'
    'PGHOST' => 'db'
    'DDEV_COMPOSER_ROOT' => '/var/www/html'
    'CRAFT_DB_PASSWORD' => '••'
    'DOCROOT' => 'web'
    'TERMINUS_HIDE_UPDATE_MESSAGE' => '1'
    'PATH' => '/home/omar/bin:/var/www/html/vendor/bin:/usr/local/sbin:/usr/local/bin:/usr/sbin:/usr/bin:/sbin:/bin:/var/www/html/bin:/mnt/ddev-global-cache/global-commands/web'
    'HOST_DOCKER_INTERNAL_IP' => ''
    'DDEV_PROJECT_TYPE' => 'craftcms'
    'DEBIAN_FRONTEND' => 'noninteractive'
    'DDEV_ROUTER_HTTPS_PORT' => '443'
    'EXECIGNORE' => '/var/www/html/vendor/bin/composer'
    'SUPERVISOR_ENABLED' => '1'
    'SUPERVISOR_SERVER_URL' => 'unix:///var/run/supervisor.sock'
    'SUPERVISOR_PROCESS_NAME' => 'php-fpm'
    'SUPERVISOR_GROUP_NAME' => 'php-fpm'
    'HTTP_X_REQUESTED_WITH' => 'XMLHttpRequest'
    'HTTP_X_REGISTERED_JS_FILES' => ''
    'HTTP_X_REGISTERED_ASSET_BUNDLES' => 'e38a2e07,22e517a2,aee7f8dc,26c46c25,e505ffd6,6b4d7555,bb2f10a0,e5e48399,815d39ea,fc0bc163,1ccab40d,1e21896b,54698ee0,b842675b,1c3c9add,4b1fd285,d8d08e47,8f00ce04,8768f48b,cf3018d6,ec6d0256,11858fc6,8550f857,6f12186f,c7a8fe38'
    'HTTP_X_REAL_IP' => '172.18.0.1'
    'HTTP_X_FORWARDED_SERVER' => '617e9e3cc3a1'
    'HTTP_X_FORWARDED_PROTO' => 'https'
    'HTTP_X_FORWARDED_PORT' => '443'
    'HTTP_X_FORWARDED_HOST' => 'derschmuckmacher-v3.ddev.site'
    'HTTP_X_FORWARDED_FOR' => '172.18.0.1'
    'HTTP_X_CSRF_TOKEN' => '••••••••••••••••••••••••••••••••••••••••••••••••••••••••••••••••••••••••••••••••••••••••••••••••••••••••••••'
    'HTTP_TE' => 'trailers'
    'HTTP_SEC_GPC' => '1'
    'HTTP_SEC_FETCH_SITE' => 'same-origin'
    'HTTP_SEC_FETCH_MODE' => 'cors'
    'HTTP_SEC_FETCH_DEST' => 'empty'
    'HTTP_REFERER' => 'https://derschmuckmacher-v3.ddev.site/dW2axQ3b/dashboard'
    'HTTP_COOKIE' => 'cookieconsent_status=allow; CRAFT_CSRF_TOKEN=c46764d17b682367679c529f1043872bbfd294280b0a6b522869cb3868f8a6a6a%3A2%3A%7Bi%3A0%3Bs%3A16%3A%22CRAFT_CSRF_TOKEN%22%3Bi%3A1%3Bs%3A40%3A%22oscGmXtgN7lH1IINFeBh9KwfL0sWDqIBBHQCFaaO%22%3B%7D; CraftSessionId=8dln48qoin5lenmi6jccge1uaf; a8b7b1ec9ffb8baf2c6eaa253fe57112_username=26b9ec8568da68d3882e55afaa5d203483c6c5810ee05b5a55c8a0eb10cab93ea%3A2%3A%7Bi%3A0%3Bs%3A41%3A%22a8b7b1ec9ffb8baf2c6eaa253fe57112_username%22%3Bi%3A1%3Bs%3A8%3A%22odegiuli%22%3B%7D; Craft-3626ffc1-d0a3-42e3-98aa-37e8aa759561_sidebar=expanded'
    'HTTP_ACCEPT_LANGUAGE' => 'de,en-US;q=0.9,en;q=0.8'
    'HTTP_ACCEPT_ENCODING' => 'gzip, deflate, br, zstd'
    'HTTP_ACCEPT' => 'application/json, text/plain, */*'
    'HTTP_USER_AGENT' => 'Mozilla/5.0 (Macintosh; Intel Mac OS X 10.15; rv:150.0) Gecko/20100101 Firefox/150.0'
    'HTTP_HOST' => 'derschmuckmacher-v3.ddev.site'
    'HTTPS' => 'on'
    'REDIRECT_STATUS' => '200'
    'SERVER_NAME' => 'derschmuckmacher-v3.ddev.site'
    'SERVER_PORT' => '80'
    'SERVER_ADDR' => '172.18.0.3'
    'REMOTE_PORT' => '56070'
    'REMOTE_ADDR' => '172.18.0.5'
    'SERVER_SOFTWARE' => 'nginx/1.28.0'
    'GATEWAY_INTERFACE' => 'CGI/1.1'
    'REQUEST_SCHEME' => 'http'
    'SERVER_PROTOCOL' => 'HTTP/1.1'
    'DOCUMENT_ROOT' => '/var/www/html/web'
    'DOCUMENT_URI' => '/index.php'
    'REQUEST_URI' => '/index.php?p=dW2axQ3b%2Factions%2Fusers%2Fsession-info&dontExtendSession=1&v=1778919306263'
    'CONTENT_LENGTH' => ''
    'CONTENT_TYPE' => ''
    'REQUEST_METHOD' => 'GET'
    'QUERY_STRING' => 'p=dW2axQ3b%2Factions%2Fusers%2Fsession-info&dontExtendSession=1&v=1778919306263'
    'SCRIPT_NAME' => '/index.php'
    'SCRIPT_FILENAME' => '/var/www/html/web/index.php'
    'FCGI_ROLE' => 'RESPONDER'
    'PHP_SELF' => '/index.php'
    'REQUEST_TIME_FLOAT' => 1778919306.2793
    'REQUEST_TIME' => 1778919306
    'CRAFT_APP_ID' => 'CraftCMS--3933bc78-29f5-4b79-bcc5-c31faf0fcd20'
    'CRAFT_ENVIRONMENT' => 'dev'
    'ENVIRONMENT' => 'dev'
    'CRAFT_SECURITY_KEY' => '••••••••••••••••••••••••••••••••'
    'CP_TRIGGER' => 'dW2axQ3b'
    'CRAFT_DB_SCHEMA' => 'public'
    'CRAFT_DB_TABLE_PREFIX' => ''
    'DEV_MODE' => 'true'
    'ALLOW_ADMIN_CHANGES' => 'true'
    'DISALLOW_ROBOTS' => 'true'
    'TIMEZONE' => 'Europe/Zurich'
    'CAPTCHA_SITE_KEY' => '••••••••••••••••••••••••••••••••••••••••'
    'CAPTCHA_SECRET_KEY' => '••••••••••••••••••••••••••••••••••••••••'
    'WEB_URL' => 'https://derschmuckmacher-v3.ddev.site'
    'WEB_ROOT' => '/var/www/html/web'
    'ASSETS_BASE_URL' => 'https://derschmuckmacher-v3.ddev.site/public'
    'ASSETS_BASE_PATH' => '/var/www/html/web/public'
    'SCHMUCK_BASE_URL' => 'https://derschmuckmacher-v3.ddev.site/public/uploads/schmuck'
    'SCHMUCK_BASE_PATH' => '/var/www/html/web/public/uploads/schmuck'
    'BILDER_BASE_URL' => 'https://derschmuckmacher-v3.ddev.site/public/uploads/bilder'
    'BILDER_BASE_PATH' => '/var/www/html/web/public/uploads/bilder'
] {"environment":"dev"} 
2026-05-16 10:16:06 [web.INFO] [yii\db\Connection::open] Opening DB connection: mysql:host=db;dbname=db;port=3306 {"memory":1097536} 
2026-05-16 10:16:06 [web.INFO] [yii\web\Session::open] Session started {"memory":1517664} 
2026-05-16 10:16:06 [web.INFO] [nystudio107\codeeditor\CodeEditor::bootstrap] CodeEditor module bootstrapped {"memory":1538632} 
2026-05-16 10:16:06 [web.INFO] [adigital\cookieconsentbanner\CookieConsentBanner::init] Cookie Consent Banner plugin loaded {"memory":1753640} 
2026-05-16 10:16:06 [web.INFO] [miranj\obfuscator\Obfuscator::init] Obfuscator plugin loaded {"memory":2717712} 
2026-05-16 10:16:06 [web.INFO] [application] Request context:
$_GET = [
    'p' => 'dW2axQ3b/actions/users/session-info'
    'dontExtendSession' => '1'
    'v' => '1778919366328'
]

$_POST = []

$_FILES = []

$_COOKIE = [
    'cookieconsent_status' => 'allow'
    'CRAFT_CSRF_TOKEN' => '••••••••••••••••••••••••••••••••••••••••••••••••••••••••••••••••••••••••••••••••••••••••••••••••••••••••••••••••••••••••••••••••••••••••••••••••••••••'
    'CraftSessionId' => '8dln48qoin5lenmi6jccge1uaf'
    'a8b7b1ec9ffb8baf2c6eaa253fe57112_username' => '26b9ec8568da68d3882e55afaa5d203483c6c5810ee05b5a55c8a0eb10cab93ea:2:{i:0;s:41:\"a8b7b1ec9ffb8baf2c6eaa253fe57112_username\";i:1;s:8:\"odegiuli\";}'
    'Craft-3626ffc1-d0a3-42e3-98aa-37e8aa759561_sidebar' => 'expanded'
]

$_SESSION = [
    '22b6a59deafcfb2ffb13c3adf3d98a3b__flash' => []
]

$_SERVER = [
    'DEPLOY_NAME' => 'local'
    'DDEV_WEBSERVER_TYPE' => 'nginx-fpm'
    'npm_config_cache' => '/mnt/ddev-global-cache/npm'
    'COREPACK_ENABLE_DOWNLOAD_PROMPT' => '0'
    'DDEV_GOOS' => 'darwin'
    'IS_DDEV_PROJECT' => 'true'
    'PHP_DEFAULT_VERSION' => '8.3'
    'HOSTNAME' => 'derschmuckmacher-v3-web'
    'MAILPIT_SMTP_PORT' => '1025'
    'MH_SMTP_BIND_ADDR' => '127.0.0.1:1025'
    'DDEV_PRIMARY_URL_WITHOUT_PORT' => 'https://derschmuckmacher-v3.ddev.site'
    'CRAFT_DB_PORT' => '3306'
    'SSH_AUTH_SOCK' => '/home/.ssh-agent/socket'
    'DDEV_GID' => '20'
    'NODE_EXTRA_CA_CERTS' => '/mnt/ddev-global-cache/mkcert/rootCA.pem'
    'DOCKER_IP' => '127.0.0.1'
    'PGPASSWORD' => 'db'
    'CRAFT_WEB_ROOT' => '/var/www/html/web'
    'DDEV_DOCROOT' => 'web'
    'PWD' => '/var/www/html'
    'PLATFORMSH_CLI_UPDATES_CHECK' => '0'
    'DDEV_APPROOT' => '/var/www/html'
    'DDEV_FILES_DIR' => ''
    'START_SCRIPT_TIMEOUT' => '57'
    'APACHE_SITE_TEMPLATE' => '/etc/apache2/apache-site.conf'
    'PHP_INI' => '/etc/php/8.3/fpm/php.ini'
    'DDEV_VERSION' => 'v1.24.10'
    'PRIMARY_SITE_URL' => 'https://derschmuckmacher-v3.ddev.site'
    'TZ' => 'Europe/Zurich'
    'DDEV_XHPROF_MODE' => 'prepend'
    'HTTPS_EXPOSE' => '443:80,8026:8025'
    'COREPACK_HOME' => '/mnt/ddev-global-cache/corepack'
    'CRAFT_DB_DATABASE' => 'db'
    'DDEV_PRIMARY_URL' => 'https://derschmuckmacher-v3.ddev.site'
    'LINES' => '6'
    'DDEV_SITENAME' => 'derschmuckmacher-v3'
    'HOME' => '/home/omar'
    'DRUSH_OPTIONS_URI' => 'https://derschmuckmacher-v3.ddev.site'
    'LANG' => 'C.UTF-8'
    'COLUMNS' => '371'
    'DDEV_MUTAGEN_ENABLED' => 'true'
    'DDEV_USER' => 'omar'
    'PGUSER' => 'db'
    'TERMINUS_CACHE_DIR' => '/mnt/ddev-global-cache/terminus/cache'
    'DDEV_PRIMARY_URL_PORT' => '443'
    'DDEV_ROUTER_HTTP_PORT' => '80'
    'MAILPIT_SMTP_HOSTNAME' => '127.0.0.1'
    'CRAFT_DB_DRIVER' => 'mysql'
    'COMPOSER_PROCESS_TIMEOUT' => '2000'
    'NGINX_SITE_TEMPLATE' => '/etc/nginx/nginx-site.conf'
    'DDEV_FILES_DIRS' => ''
    'CRAFT_DB_SERVER' => 'db'
    'HTTP_EXPOSE' => '80:80,8025:8025'
    'NVM_DIR' => '/home/omar/.nvm'
    'DDEV_PHP_VERSION' => '8.3'
    'DDEV_TLD' => 'ddev.site'
    'DDEV_HOSTNAME' => 'derschmuckmacher-v3.ddev.site'
    'DDEV_PROJECT' => 'derschmuckmacher-v3'
    'DDEV_GOARCH' => 'arm64'
    'VIRTUAL_HOST' => 'derschmuckmacher-v3.ddev.site'
    'TERM' => 'xterm'
    'USER' => 'omar'
    'MYSQL_HISTFILE' => '/mnt/ddev-global-cache/mysqlhistory/derschmuckmacher-v3-web/mysql_history'
    'DDEV_WEB_ENTRYPOINT' => '/mnt/ddev_config/web-entrypoint.d'
    'DDEV_UID' => '501'
    'CAROOT' => '/mnt/ddev-global-cache/mkcert'
    'SHLVL' => '1'
    'COMPOSER_ALLOW_SUPERUSER' => '1'
    'BASH_ENV' => '/etc/bash.nointeractive.bashrc'
    'DDEV_DATABASE' => 'mysql:8.0'
    'PGDATABASE' => 'db'
    'CRAFT_DB_USER' => 'db'
    'DDEV_SCHEME' => 'https'
    'XHPROF_OUTPUT_DIR' => '/tmp/xhprof'
    'COMPOSER_CACHE_DIR' => '/mnt/ddev-global-cache/composer'
    'DDEV_XDEBUG_ENABLED' => 'false'
    'DDEV_DATABASE_FAMILY' => 'mysql'
    'PGHOST' => 'db'
    'DDEV_COMPOSER_ROOT' => '/var/www/html'
    'CRAFT_DB_PASSWORD' => '••'
    'DOCROOT' => 'web'
    'TERMINUS_HIDE_UPDATE_MESSAGE' => '1'
    'PATH' => '/home/omar/bin:/var/www/html/vendor/bin:/usr/local/sbin:/usr/local/bin:/usr/sbin:/usr/bin:/sbin:/bin:/var/www/html/bin:/mnt/ddev-global-cache/global-commands/web'
    'HOST_DOCKER_INTERNAL_IP' => ''
    'DDEV_PROJECT_TYPE' => 'craftcms'
    'DEBIAN_FRONTEND' => 'noninteractive'
    'DDEV_ROUTER_HTTPS_PORT' => '443'
    'EXECIGNORE' => '/var/www/html/vendor/bin/composer'
    'SUPERVISOR_ENABLED' => '1'
    'SUPERVISOR_SERVER_URL' => 'unix:///var/run/supervisor.sock'
    'SUPERVISOR_PROCESS_NAME' => 'php-fpm'
    'SUPERVISOR_GROUP_NAME' => 'php-fpm'
    'HTTP_X_REQUESTED_WITH' => 'XMLHttpRequest'
    'HTTP_X_REGISTERED_JS_FILES' => ''
    'HTTP_X_REGISTERED_ASSET_BUNDLES' => 'e38a2e07,22e517a2,aee7f8dc,26c46c25,e505ffd6,6b4d7555,bb2f10a0,e5e48399,815d39ea,fc0bc163,1ccab40d,1e21896b,54698ee0,b842675b,1c3c9add,4b1fd285,d8d08e47,8f00ce04,8768f48b,cf3018d6,ec6d0256,11858fc6,8550f857,6f12186f,c7a8fe38'
    'HTTP_X_REAL_IP' => '172.18.0.1'
    'HTTP_X_FORWARDED_SERVER' => '617e9e3cc3a1'
    'HTTP_X_FORWARDED_PROTO' => 'https'
    'HTTP_X_FORWARDED_PORT' => '443'
    'HTTP_X_FORWARDED_HOST' => 'derschmuckmacher-v3.ddev.site'
    'HTTP_X_FORWARDED_FOR' => '172.18.0.1'
    'HTTP_X_CSRF_TOKEN' => '••••••••••••••••••••••••••••••••••••••••••••••••••••••••••••••••••••••••••••••••••••••••••••••••••••••••••••'
    'HTTP_TE' => 'trailers'
    'HTTP_SEC_GPC' => '1'
    'HTTP_SEC_FETCH_SITE' => 'same-origin'
    'HTTP_SEC_FETCH_MODE' => 'cors'
    'HTTP_SEC_FETCH_DEST' => 'empty'
    'HTTP_REFERER' => 'https://derschmuckmacher-v3.ddev.site/dW2axQ3b/dashboard'
    'HTTP_COOKIE' => 'cookieconsent_status=allow; CRAFT_CSRF_TOKEN=c46764d17b682367679c529f1043872bbfd294280b0a6b522869cb3868f8a6a6a%3A2%3A%7Bi%3A0%3Bs%3A16%3A%22CRAFT_CSRF_TOKEN%22%3Bi%3A1%3Bs%3A40%3A%22oscGmXtgN7lH1IINFeBh9KwfL0sWDqIBBHQCFaaO%22%3B%7D; CraftSessionId=8dln48qoin5lenmi6jccge1uaf; a8b7b1ec9ffb8baf2c6eaa253fe57112_username=26b9ec8568da68d3882e55afaa5d203483c6c5810ee05b5a55c8a0eb10cab93ea%3A2%3A%7Bi%3A0%3Bs%3A41%3A%22a8b7b1ec9ffb8baf2c6eaa253fe57112_username%22%3Bi%3A1%3Bs%3A8%3A%22odegiuli%22%3B%7D; Craft-3626ffc1-d0a3-42e3-98aa-37e8aa759561_sidebar=expanded'
    'HTTP_ACCEPT_LANGUAGE' => 'de,en-US;q=0.9,en;q=0.8'
    'HTTP_ACCEPT_ENCODING' => 'gzip, deflate, br, zstd'
    'HTTP_ACCEPT' => 'application/json, text/plain, */*'
    'HTTP_USER_AGENT' => 'Mozilla/5.0 (Macintosh; Intel Mac OS X 10.15; rv:150.0) Gecko/20100101 Firefox/150.0'
    'HTTP_HOST' => 'derschmuckmacher-v3.ddev.site'
    'HTTPS' => 'on'
    'REDIRECT_STATUS' => '200'
    'SERVER_NAME' => 'derschmuckmacher-v3.ddev.site'
    'SERVER_PORT' => '80'
    'SERVER_ADDR' => '172.18.0.3'
    'REMOTE_PORT' => '56212'
    'REMOTE_ADDR' => '172.18.0.5'
    'SERVER_SOFTWARE' => 'nginx/1.28.0'
    'GATEWAY_INTERFACE' => 'CGI/1.1'
    'REQUEST_SCHEME' => 'http'
    'SERVER_PROTOCOL' => 'HTTP/1.1'
    'DOCUMENT_ROOT' => '/var/www/html/web'
    'DOCUMENT_URI' => '/index.php'
    'REQUEST_URI' => '/index.php?p=dW2axQ3b%2Factions%2Fusers%2Fsession-info&dontExtendSession=1&v=1778919366328'
    'CONTENT_LENGTH' => ''
    'CONTENT_TYPE' => ''
    'REQUEST_METHOD' => 'GET'
    'QUERY_STRING' => 'p=dW2axQ3b%2Factions%2Fusers%2Fsession-info&dontExtendSession=1&v=1778919366328'
    'SCRIPT_NAME' => '/index.php'
    'SCRIPT_FILENAME' => '/var/www/html/web/index.php'
    'FCGI_ROLE' => 'RESPONDER'
    'PHP_SELF' => '/index.php'
    'REQUEST_TIME_FLOAT' => 1778919366.344
    'REQUEST_TIME' => 1778919366
    'CRAFT_APP_ID' => 'CraftCMS--3933bc78-29f5-4b79-bcc5-c31faf0fcd20'
    'CRAFT_ENVIRONMENT' => 'dev'
    'ENVIRONMENT' => 'dev'
    'CRAFT_SECURITY_KEY' => '••••••••••••••••••••••••••••••••'
    'CP_TRIGGER' => 'dW2axQ3b'
    'CRAFT_DB_SCHEMA' => 'public'
    'CRAFT_DB_TABLE_PREFIX' => ''
    'DEV_MODE' => 'true'
    'ALLOW_ADMIN_CHANGES' => 'true'
    'DISALLOW_ROBOTS' => 'true'
    'TIMEZONE' => 'Europe/Zurich'
    'CAPTCHA_SITE_KEY' => '••••••••••••••••••••••••••••••••••••••••'
    'CAPTCHA_SECRET_KEY' => '••••••••••••••••••••••••••••••••••••••••'
    'WEB_URL' => 'https://derschmuckmacher-v3.ddev.site'
    'WEB_ROOT' => '/var/www/html/web'
    'ASSETS_BASE_URL' => 'https://derschmuckmacher-v3.ddev.site/public'
    'ASSETS_BASE_PATH' => '/var/www/html/web/public'
    'SCHMUCK_BASE_URL' => 'https://derschmuckmacher-v3.ddev.site/public/uploads/schmuck'
    'SCHMUCK_BASE_PATH' => '/var/www/html/web/public/uploads/schmuck'
    'BILDER_BASE_URL' => 'https://derschmuckmacher-v3.ddev.site/public/uploads/bilder'
    'BILDER_BASE_PATH' => '/var/www/html/web/public/uploads/bilder'
] {"environment":"dev"} 
2026-05-16 10:17:06 [web.INFO] [yii\db\Connection::open] Opening DB connection: mysql:host=db;dbname=db;port=3306 {"memory":1097536} 
2026-05-16 10:17:06 [web.INFO] [yii\web\Session::open] Session started {"memory":1517664} 
2026-05-16 10:17:06 [web.INFO] [nystudio107\codeeditor\CodeEditor::bootstrap] CodeEditor module bootstrapped {"memory":1538632} 
2026-05-16 10:17:06 [web.INFO] [adigital\cookieconsentbanner\CookieConsentBanner::init] Cookie Consent Banner plugin loaded {"memory":1753640} 
2026-05-16 10:17:06 [web.INFO] [miranj\obfuscator\Obfuscator::init] Obfuscator plugin loaded {"memory":2717712} 
2026-05-16 10:17:06 [web.INFO] [application] Request context:
$_GET = [
    'p' => 'dW2axQ3b/actions/users/session-info'
    'dontExtendSession' => '1'
    'v' => '1778919426392'
]

$_POST = []

$_FILES = []

$_COOKIE = [
    'cookieconsent_status' => 'allow'
    'CRAFT_CSRF_TOKEN' => '••••••••••••••••••••••••••••••••••••••••••••••••••••••••••••••••••••••••••••••••••••••••••••••••••••••••••••••••••••••••••••••••••••••••••••••••••••••'
    'CraftSessionId' => '8dln48qoin5lenmi6jccge1uaf'
    'a8b7b1ec9ffb8baf2c6eaa253fe57112_username' => '26b9ec8568da68d3882e55afaa5d203483c6c5810ee05b5a55c8a0eb10cab93ea:2:{i:0;s:41:\"a8b7b1ec9ffb8baf2c6eaa253fe57112_username\";i:1;s:8:\"odegiuli\";}'
    'Craft-3626ffc1-d0a3-42e3-98aa-37e8aa759561_sidebar' => 'expanded'
]

$_SESSION = [
    '22b6a59deafcfb2ffb13c3adf3d98a3b__flash' => []
]

$_SERVER = [
    'DEPLOY_NAME' => 'local'
    'DDEV_WEBSERVER_TYPE' => 'nginx-fpm'
    'npm_config_cache' => '/mnt/ddev-global-cache/npm'
    'COREPACK_ENABLE_DOWNLOAD_PROMPT' => '0'
    'DDEV_GOOS' => 'darwin'
    'IS_DDEV_PROJECT' => 'true'
    'PHP_DEFAULT_VERSION' => '8.3'
    'HOSTNAME' => 'derschmuckmacher-v3-web'
    'MAILPIT_SMTP_PORT' => '1025'
    'MH_SMTP_BIND_ADDR' => '127.0.0.1:1025'
    'DDEV_PRIMARY_URL_WITHOUT_PORT' => 'https://derschmuckmacher-v3.ddev.site'
    'CRAFT_DB_PORT' => '3306'
    'SSH_AUTH_SOCK' => '/home/.ssh-agent/socket'
    'DDEV_GID' => '20'
    'NODE_EXTRA_CA_CERTS' => '/mnt/ddev-global-cache/mkcert/rootCA.pem'
    'DOCKER_IP' => '127.0.0.1'
    'PGPASSWORD' => 'db'
    'CRAFT_WEB_ROOT' => '/var/www/html/web'
    'DDEV_DOCROOT' => 'web'
    'PWD' => '/var/www/html'
    'PLATFORMSH_CLI_UPDATES_CHECK' => '0'
    'DDEV_APPROOT' => '/var/www/html'
    'DDEV_FILES_DIR' => ''
    'START_SCRIPT_TIMEOUT' => '57'
    'APACHE_SITE_TEMPLATE' => '/etc/apache2/apache-site.conf'
    'PHP_INI' => '/etc/php/8.3/fpm/php.ini'
    'DDEV_VERSION' => 'v1.24.10'
    'PRIMARY_SITE_URL' => 'https://derschmuckmacher-v3.ddev.site'
    'TZ' => 'Europe/Zurich'
    'DDEV_XHPROF_MODE' => 'prepend'
    'HTTPS_EXPOSE' => '443:80,8026:8025'
    'COREPACK_HOME' => '/mnt/ddev-global-cache/corepack'
    'CRAFT_DB_DATABASE' => 'db'
    'DDEV_PRIMARY_URL' => 'https://derschmuckmacher-v3.ddev.site'
    'LINES' => '6'
    'DDEV_SITENAME' => 'derschmuckmacher-v3'
    'HOME' => '/home/omar'
    'DRUSH_OPTIONS_URI' => 'https://derschmuckmacher-v3.ddev.site'
    'LANG' => 'C.UTF-8'
    'COLUMNS' => '371'
    'DDEV_MUTAGEN_ENABLED' => 'true'
    'DDEV_USER' => 'omar'
    'PGUSER' => 'db'
    'TERMINUS_CACHE_DIR' => '/mnt/ddev-global-cache/terminus/cache'
    'DDEV_PRIMARY_URL_PORT' => '443'
    'DDEV_ROUTER_HTTP_PORT' => '80'
    'MAILPIT_SMTP_HOSTNAME' => '127.0.0.1'
    'CRAFT_DB_DRIVER' => 'mysql'
    'COMPOSER_PROCESS_TIMEOUT' => '2000'
    'NGINX_SITE_TEMPLATE' => '/etc/nginx/nginx-site.conf'
    'DDEV_FILES_DIRS' => ''
    'CRAFT_DB_SERVER' => 'db'
    'HTTP_EXPOSE' => '80:80,8025:8025'
    'NVM_DIR' => '/home/omar/.nvm'
    'DDEV_PHP_VERSION' => '8.3'
    'DDEV_TLD' => 'ddev.site'
    'DDEV_HOSTNAME' => 'derschmuckmacher-v3.ddev.site'
    'DDEV_PROJECT' => 'derschmuckmacher-v3'
    'DDEV_GOARCH' => 'arm64'
    'VIRTUAL_HOST' => 'derschmuckmacher-v3.ddev.site'
    'TERM' => 'xterm'
    'USER' => 'omar'
    'MYSQL_HISTFILE' => '/mnt/ddev-global-cache/mysqlhistory/derschmuckmacher-v3-web/mysql_history'
    'DDEV_WEB_ENTRYPOINT' => '/mnt/ddev_config/web-entrypoint.d'
    'DDEV_UID' => '501'
    'CAROOT' => '/mnt/ddev-global-cache/mkcert'
    'SHLVL' => '1'
    'COMPOSER_ALLOW_SUPERUSER' => '1'
    'BASH_ENV' => '/etc/bash.nointeractive.bashrc'
    'DDEV_DATABASE' => 'mysql:8.0'
    'PGDATABASE' => 'db'
    'CRAFT_DB_USER' => 'db'
    'DDEV_SCHEME' => 'https'
    'XHPROF_OUTPUT_DIR' => '/tmp/xhprof'
    'COMPOSER_CACHE_DIR' => '/mnt/ddev-global-cache/composer'
    'DDEV_XDEBUG_ENABLED' => 'false'
    'DDEV_DATABASE_FAMILY' => 'mysql'
    'PGHOST' => 'db'
    'DDEV_COMPOSER_ROOT' => '/var/www/html'
    'CRAFT_DB_PASSWORD' => '••'
    'DOCROOT' => 'web'
    'TERMINUS_HIDE_UPDATE_MESSAGE' => '1'
    'PATH' => '/home/omar/bin:/var/www/html/vendor/bin:/usr/local/sbin:/usr/local/bin:/usr/sbin:/usr/bin:/sbin:/bin:/var/www/html/bin:/mnt/ddev-global-cache/global-commands/web'
    'HOST_DOCKER_INTERNAL_IP' => ''
    'DDEV_PROJECT_TYPE' => 'craftcms'
    'DEBIAN_FRONTEND' => 'noninteractive'
    'DDEV_ROUTER_HTTPS_PORT' => '443'
    'EXECIGNORE' => '/var/www/html/vendor/bin/composer'
    'SUPERVISOR_ENABLED' => '1'
    'SUPERVISOR_SERVER_URL' => 'unix:///var/run/supervisor.sock'
    'SUPERVISOR_PROCESS_NAME' => 'php-fpm'
    'SUPERVISOR_GROUP_NAME' => 'php-fpm'
    'HTTP_X_REQUESTED_WITH' => 'XMLHttpRequest'
    'HTTP_X_REGISTERED_JS_FILES' => ''
    'HTTP_X_REGISTERED_ASSET_BUNDLES' => 'e38a2e07,22e517a2,aee7f8dc,26c46c25,e505ffd6,6b4d7555,bb2f10a0,e5e48399,815d39ea,fc0bc163,1ccab40d,1e21896b,54698ee0,b842675b,1c3c9add,4b1fd285,d8d08e47,8f00ce04,8768f48b,cf3018d6,ec6d0256,11858fc6,8550f857,6f12186f,c7a8fe38'
    'HTTP_X_REAL_IP' => '172.18.0.1'
    'HTTP_X_FORWARDED_SERVER' => '617e9e3cc3a1'
    'HTTP_X_FORWARDED_PROTO' => 'https'
    'HTTP_X_FORWARDED_PORT' => '443'
    'HTTP_X_FORWARDED_HOST' => 'derschmuckmacher-v3.ddev.site'
    'HTTP_X_FORWARDED_FOR' => '172.18.0.1'
    'HTTP_X_CSRF_TOKEN' => '••••••••••••••••••••••••••••••••••••••••••••••••••••••••••••••••••••••••••••••••••••••••••••••••••••••••••••'
    'HTTP_TE' => 'trailers'
    'HTTP_SEC_GPC' => '1'
    'HTTP_SEC_FETCH_SITE' => 'same-origin'
    'HTTP_SEC_FETCH_MODE' => 'cors'
    'HTTP_SEC_FETCH_DEST' => 'empty'
    'HTTP_REFERER' => 'https://derschmuckmacher-v3.ddev.site/dW2axQ3b/dashboard'
    'HTTP_COOKIE' => 'cookieconsent_status=allow; CRAFT_CSRF_TOKEN=c46764d17b682367679c529f1043872bbfd294280b0a6b522869cb3868f8a6a6a%3A2%3A%7Bi%3A0%3Bs%3A16%3A%22CRAFT_CSRF_TOKEN%22%3Bi%3A1%3Bs%3A40%3A%22oscGmXtgN7lH1IINFeBh9KwfL0sWDqIBBHQCFaaO%22%3B%7D; CraftSessionId=8dln48qoin5lenmi6jccge1uaf; a8b7b1ec9ffb8baf2c6eaa253fe57112_username=26b9ec8568da68d3882e55afaa5d203483c6c5810ee05b5a55c8a0eb10cab93ea%3A2%3A%7Bi%3A0%3Bs%3A41%3A%22a8b7b1ec9ffb8baf2c6eaa253fe57112_username%22%3Bi%3A1%3Bs%3A8%3A%22odegiuli%22%3B%7D; Craft-3626ffc1-d0a3-42e3-98aa-37e8aa759561_sidebar=expanded'
    'HTTP_ACCEPT_LANGUAGE' => 'de,en-US;q=0.9,en;q=0.8'
    'HTTP_ACCEPT_ENCODING' => 'gzip, deflate, br, zstd'
    'HTTP_ACCEPT' => 'application/json, text/plain, */*'
    'HTTP_USER_AGENT' => 'Mozilla/5.0 (Macintosh; Intel Mac OS X 10.15; rv:150.0) Gecko/20100101 Firefox/150.0'
    'HTTP_HOST' => 'derschmuckmacher-v3.ddev.site'
    'HTTPS' => 'on'
    'REDIRECT_STATUS' => '200'
    'SERVER_NAME' => 'derschmuckmacher-v3.ddev.site'
    'SERVER_PORT' => '80'
    'SERVER_ADDR' => '172.18.0.3'
    'REMOTE_PORT' => '52624'
    'REMOTE_ADDR' => '172.18.0.5'
    'SERVER_SOFTWARE' => 'nginx/1.28.0'
    'GATEWAY_INTERFACE' => 'CGI/1.1'
    'REQUEST_SCHEME' => 'http'
    'SERVER_PROTOCOL' => 'HTTP/1.1'
    'DOCUMENT_ROOT' => '/var/www/html/web'
    'DOCUMENT_URI' => '/index.php'
    'REQUEST_URI' => '/index.php?p=dW2axQ3b%2Factions%2Fusers%2Fsession-info&dontExtendSession=1&v=1778919426392'
    'CONTENT_LENGTH' => ''
    'CONTENT_TYPE' => ''
    'REQUEST_METHOD' => 'GET'
    'QUERY_STRING' => 'p=dW2axQ3b%2Factions%2Fusers%2Fsession-info&dontExtendSession=1&v=1778919426392'
    'SCRIPT_NAME' => '/index.php'
    'SCRIPT_FILENAME' => '/var/www/html/web/index.php'
    'FCGI_ROLE' => 'RESPONDER'
    'PHP_SELF' => '/index.php'
    'REQUEST_TIME_FLOAT' => 1778919426.4135
    'REQUEST_TIME' => 1778919426
    'CRAFT_APP_ID' => 'CraftCMS--3933bc78-29f5-4b79-bcc5-c31faf0fcd20'
    'CRAFT_ENVIRONMENT' => 'dev'
    'ENVIRONMENT' => 'dev'
    'CRAFT_SECURITY_KEY' => '••••••••••••••••••••••••••••••••'
    'CP_TRIGGER' => 'dW2axQ3b'
    'CRAFT_DB_SCHEMA' => 'public'
    'CRAFT_DB_TABLE_PREFIX' => ''
    'DEV_MODE' => 'true'
    'ALLOW_ADMIN_CHANGES' => 'true'
    'DISALLOW_ROBOTS' => 'true'
    'TIMEZONE' => 'Europe/Zurich'
    'CAPTCHA_SITE_KEY' => '••••••••••••••••••••••••••••••••••••••••'
    'CAPTCHA_SECRET_KEY' => '••••••••••••••••••••••••••••••••••••••••'
    'WEB_URL' => 'https://derschmuckmacher-v3.ddev.site'
    'WEB_ROOT' => '/var/www/html/web'
    'ASSETS_BASE_URL' => 'https://derschmuckmacher-v3.ddev.site/public'
    'ASSETS_BASE_PATH' => '/var/www/html/web/public'
    'SCHMUCK_BASE_URL' => 'https://derschmuckmacher-v3.ddev.site/public/uploads/schmuck'
    'SCHMUCK_BASE_PATH' => '/var/www/html/web/public/uploads/schmuck'
    'BILDER_BASE_URL' => 'https://derschmuckmacher-v3.ddev.site/public/uploads/bilder'
    'BILDER_BASE_PATH' => '/var/www/html/web/public/uploads/bilder'
] {"environment":"dev"} 
2026-05-16 10:18:06 [web.INFO] [yii\db\Connection::open] Opening DB connection: mysql:host=db;dbname=db;port=3306 {"memory":1097536} 
2026-05-16 10:18:06 [web.INFO] [yii\web\Session::open] Session started {"memory":1517664} 
2026-05-16 10:18:06 [web.INFO] [nystudio107\codeeditor\CodeEditor::bootstrap] CodeEditor module bootstrapped {"memory":1538632} 
2026-05-16 10:18:06 [web.INFO] [adigital\cookieconsentbanner\CookieConsentBanner::init] Cookie Consent Banner plugin loaded {"memory":1753640} 
2026-05-16 10:18:06 [web.INFO] [miranj\obfuscator\Obfuscator::init] Obfuscator plugin loaded {"memory":2717712} 
2026-05-16 10:18:06 [web.INFO] [application] Request context:
$_GET = [
    'p' => 'dW2axQ3b/actions/users/session-info'
    'dontExtendSession' => '1'
    'v' => '1778919486465'
]

$_POST = []

$_FILES = []

$_COOKIE = [
    'cookieconsent_status' => 'allow'
    'CRAFT_CSRF_TOKEN' => '••••••••••••••••••••••••••••••••••••••••••••••••••••••••••••••••••••••••••••••••••••••••••••••••••••••••••••••••••••••••••••••••••••••••••••••••••••••'
    'CraftSessionId' => '8dln48qoin5lenmi6jccge1uaf'
    'a8b7b1ec9ffb8baf2c6eaa253fe57112_username' => '26b9ec8568da68d3882e55afaa5d203483c6c5810ee05b5a55c8a0eb10cab93ea:2:{i:0;s:41:\"a8b7b1ec9ffb8baf2c6eaa253fe57112_username\";i:1;s:8:\"odegiuli\";}'
    'Craft-3626ffc1-d0a3-42e3-98aa-37e8aa759561_sidebar' => 'expanded'
]

$_SESSION = [
    '22b6a59deafcfb2ffb13c3adf3d98a3b__flash' => []
]

$_SERVER = [
    'DEPLOY_NAME' => 'local'
    'DDEV_WEBSERVER_TYPE' => 'nginx-fpm'
    'npm_config_cache' => '/mnt/ddev-global-cache/npm'
    'COREPACK_ENABLE_DOWNLOAD_PROMPT' => '0'
    'DDEV_GOOS' => 'darwin'
    'IS_DDEV_PROJECT' => 'true'
    'PHP_DEFAULT_VERSION' => '8.3'
    'HOSTNAME' => 'derschmuckmacher-v3-web'
    'MAILPIT_SMTP_PORT' => '1025'
    'MH_SMTP_BIND_ADDR' => '127.0.0.1:1025'
    'DDEV_PRIMARY_URL_WITHOUT_PORT' => 'https://derschmuckmacher-v3.ddev.site'
    'CRAFT_DB_PORT' => '3306'
    'SSH_AUTH_SOCK' => '/home/.ssh-agent/socket'
    'DDEV_GID' => '20'
    'NODE_EXTRA_CA_CERTS' => '/mnt/ddev-global-cache/mkcert/rootCA.pem'
    'DOCKER_IP' => '127.0.0.1'
    'PGPASSWORD' => 'db'
    'CRAFT_WEB_ROOT' => '/var/www/html/web'
    'DDEV_DOCROOT' => 'web'
    'PWD' => '/var/www/html'
    'PLATFORMSH_CLI_UPDATES_CHECK' => '0'
    'DDEV_APPROOT' => '/var/www/html'
    'DDEV_FILES_DIR' => ''
    'START_SCRIPT_TIMEOUT' => '57'
    'APACHE_SITE_TEMPLATE' => '/etc/apache2/apache-site.conf'
    'PHP_INI' => '/etc/php/8.3/fpm/php.ini'
    'DDEV_VERSION' => 'v1.24.10'
    'PRIMARY_SITE_URL' => 'https://derschmuckmacher-v3.ddev.site'
    'TZ' => 'Europe/Zurich'
    'DDEV_XHPROF_MODE' => 'prepend'
    'HTTPS_EXPOSE' => '443:80,8026:8025'
    'COREPACK_HOME' => '/mnt/ddev-global-cache/corepack'
    'CRAFT_DB_DATABASE' => 'db'
    'DDEV_PRIMARY_URL' => 'https://derschmuckmacher-v3.ddev.site'
    'LINES' => '6'
    'DDEV_SITENAME' => 'derschmuckmacher-v3'
    'HOME' => '/home/omar'
    'DRUSH_OPTIONS_URI' => 'https://derschmuckmacher-v3.ddev.site'
    'LANG' => 'C.UTF-8'
    'COLUMNS' => '371'
    'DDEV_MUTAGEN_ENABLED' => 'true'
    'DDEV_USER' => 'omar'
    'PGUSER' => 'db'
    'TERMINUS_CACHE_DIR' => '/mnt/ddev-global-cache/terminus/cache'
    'DDEV_PRIMARY_URL_PORT' => '443'
    'DDEV_ROUTER_HTTP_PORT' => '80'
    'MAILPIT_SMTP_HOSTNAME' => '127.0.0.1'
    'CRAFT_DB_DRIVER' => 'mysql'
    'COMPOSER_PROCESS_TIMEOUT' => '2000'
    'NGINX_SITE_TEMPLATE' => '/etc/nginx/nginx-site.conf'
    'DDEV_FILES_DIRS' => ''
    'CRAFT_DB_SERVER' => 'db'
    'HTTP_EXPOSE' => '80:80,8025:8025'
    'NVM_DIR' => '/home/omar/.nvm'
    'DDEV_PHP_VERSION' => '8.3'
    'DDEV_TLD' => 'ddev.site'
    'DDEV_HOSTNAME' => 'derschmuckmacher-v3.ddev.site'
    'DDEV_PROJECT' => 'derschmuckmacher-v3'
    'DDEV_GOARCH' => 'arm64'
    'VIRTUAL_HOST' => 'derschmuckmacher-v3.ddev.site'
    'TERM' => 'xterm'
    'USER' => 'omar'
    'MYSQL_HISTFILE' => '/mnt/ddev-global-cache/mysqlhistory/derschmuckmacher-v3-web/mysql_history'
    'DDEV_WEB_ENTRYPOINT' => '/mnt/ddev_config/web-entrypoint.d'
    'DDEV_UID' => '501'
    'CAROOT' => '/mnt/ddev-global-cache/mkcert'
    'SHLVL' => '1'
    'COMPOSER_ALLOW_SUPERUSER' => '1'
    'BASH_ENV' => '/etc/bash.nointeractive.bashrc'
    'DDEV_DATABASE' => 'mysql:8.0'
    'PGDATABASE' => 'db'
    'CRAFT_DB_USER' => 'db'
    'DDEV_SCHEME' => 'https'
    'XHPROF_OUTPUT_DIR' => '/tmp/xhprof'
    'COMPOSER_CACHE_DIR' => '/mnt/ddev-global-cache/composer'
    'DDEV_XDEBUG_ENABLED' => 'false'
    'DDEV_DATABASE_FAMILY' => 'mysql'
    'PGHOST' => 'db'
    'DDEV_COMPOSER_ROOT' => '/var/www/html'
    'CRAFT_DB_PASSWORD' => '••'
    'DOCROOT' => 'web'
    'TERMINUS_HIDE_UPDATE_MESSAGE' => '1'
    'PATH' => '/home/omar/bin:/var/www/html/vendor/bin:/usr/local/sbin:/usr/local/bin:/usr/sbin:/usr/bin:/sbin:/bin:/var/www/html/bin:/mnt/ddev-global-cache/global-commands/web'
    'HOST_DOCKER_INTERNAL_IP' => ''
    'DDEV_PROJECT_TYPE' => 'craftcms'
    'DEBIAN_FRONTEND' => 'noninteractive'
    'DDEV_ROUTER_HTTPS_PORT' => '443'
    'EXECIGNORE' => '/var/www/html/vendor/bin/composer'
    'SUPERVISOR_ENABLED' => '1'
    'SUPERVISOR_SERVER_URL' => 'unix:///var/run/supervisor.sock'
    'SUPERVISOR_PROCESS_NAME' => 'php-fpm'
    'SUPERVISOR_GROUP_NAME' => 'php-fpm'
    'HTTP_X_REQUESTED_WITH' => 'XMLHttpRequest'
    'HTTP_X_REGISTERED_JS_FILES' => ''
    'HTTP_X_REGISTERED_ASSET_BUNDLES' => 'e38a2e07,22e517a2,aee7f8dc,26c46c25,e505ffd6,6b4d7555,bb2f10a0,e5e48399,815d39ea,fc0bc163,1ccab40d,1e21896b,54698ee0,b842675b,1c3c9add,4b1fd285,d8d08e47,8f00ce04,8768f48b,cf3018d6,ec6d0256,11858fc6,8550f857,6f12186f,c7a8fe38'
    'HTTP_X_REAL_IP' => '172.18.0.1'
    'HTTP_X_FORWARDED_SERVER' => '617e9e3cc3a1'
    'HTTP_X_FORWARDED_PROTO' => 'https'
    'HTTP_X_FORWARDED_PORT' => '443'
    'HTTP_X_FORWARDED_HOST' => 'derschmuckmacher-v3.ddev.site'
    'HTTP_X_FORWARDED_FOR' => '172.18.0.1'
    'HTTP_X_CSRF_TOKEN' => '••••••••••••••••••••••••••••••••••••••••••••••••••••••••••••••••••••••••••••••••••••••••••••••••••••••••••••'
    'HTTP_TE' => 'trailers'
    'HTTP_SEC_GPC' => '1'
    'HTTP_SEC_FETCH_SITE' => 'same-origin'
    'HTTP_SEC_FETCH_MODE' => 'cors'
    'HTTP_SEC_FETCH_DEST' => 'empty'
    'HTTP_REFERER' => 'https://derschmuckmacher-v3.ddev.site/dW2axQ3b/dashboard'
    'HTTP_COOKIE' => 'cookieconsent_status=allow; CRAFT_CSRF_TOKEN=c46764d17b682367679c529f1043872bbfd294280b0a6b522869cb3868f8a6a6a%3A2%3A%7Bi%3A0%3Bs%3A16%3A%22CRAFT_CSRF_TOKEN%22%3Bi%3A1%3Bs%3A40%3A%22oscGmXtgN7lH1IINFeBh9KwfL0sWDqIBBHQCFaaO%22%3B%7D; CraftSessionId=8dln48qoin5lenmi6jccge1uaf; a8b7b1ec9ffb8baf2c6eaa253fe57112_username=26b9ec8568da68d3882e55afaa5d203483c6c5810ee05b5a55c8a0eb10cab93ea%3A2%3A%7Bi%3A0%3Bs%3A41%3A%22a8b7b1ec9ffb8baf2c6eaa253fe57112_username%22%3Bi%3A1%3Bs%3A8%3A%22odegiuli%22%3B%7D; Craft-3626ffc1-d0a3-42e3-98aa-37e8aa759561_sidebar=expanded'
    'HTTP_ACCEPT_LANGUAGE' => 'de,en-US;q=0.9,en;q=0.8'
    'HTTP_ACCEPT_ENCODING' => 'gzip, deflate, br, zstd'
    'HTTP_ACCEPT' => 'application/json, text/plain, */*'
    'HTTP_USER_AGENT' => 'Mozilla/5.0 (Macintosh; Intel Mac OS X 10.15; rv:150.0) Gecko/20100101 Firefox/150.0'
    'HTTP_HOST' => 'derschmuckmacher-v3.ddev.site'
    'HTTPS' => 'on'
    'REDIRECT_STATUS' => '200'
    'SERVER_NAME' => 'derschmuckmacher-v3.ddev.site'
    'SERVER_PORT' => '80'
    'SERVER_ADDR' => '172.18.0.3'
    'REMOTE_PORT' => '47646'
    'REMOTE_ADDR' => '172.18.0.5'
    'SERVER_SOFTWARE' => 'nginx/1.28.0'
    'GATEWAY_INTERFACE' => 'CGI/1.1'
    'REQUEST_SCHEME' => 'http'
    'SERVER_PROTOCOL' => 'HTTP/1.1'
    'DOCUMENT_ROOT' => '/var/www/html/web'
    'DOCUMENT_URI' => '/index.php'
    'REQUEST_URI' => '/index.php?p=dW2axQ3b%2Factions%2Fusers%2Fsession-info&dontExtendSession=1&v=1778919486465'
    'CONTENT_LENGTH' => ''
    'CONTENT_TYPE' => ''
    'REQUEST_METHOD' => 'GET'
    'QUERY_STRING' => 'p=dW2axQ3b%2Factions%2Fusers%2Fsession-info&dontExtendSession=1&v=1778919486465'
    'SCRIPT_NAME' => '/index.php'
    'SCRIPT_FILENAME' => '/var/www/html/web/index.php'
    'FCGI_ROLE' => 'RESPONDER'
    'PHP_SELF' => '/index.php'
    'REQUEST_TIME_FLOAT' => 1778919486.4785
    'REQUEST_TIME' => 1778919486
    'CRAFT_APP_ID' => 'CraftCMS--3933bc78-29f5-4b79-bcc5-c31faf0fcd20'
    'CRAFT_ENVIRONMENT' => 'dev'
    'ENVIRONMENT' => 'dev'
    'CRAFT_SECURITY_KEY' => '••••••••••••••••••••••••••••••••'
    'CP_TRIGGER' => 'dW2axQ3b'
    'CRAFT_DB_SCHEMA' => 'public'
    'CRAFT_DB_TABLE_PREFIX' => ''
    'DEV_MODE' => 'true'
    'ALLOW_ADMIN_CHANGES' => 'true'
    'DISALLOW_ROBOTS' => 'true'
    'TIMEZONE' => 'Europe/Zurich'
    'CAPTCHA_SITE_KEY' => '••••••••••••••••••••••••••••••••••••••••'
    'CAPTCHA_SECRET_KEY' => '••••••••••••••••••••••••••••••••••••••••'
    'WEB_URL' => 'https://derschmuckmacher-v3.ddev.site'
    'WEB_ROOT' => '/var/www/html/web'
    'ASSETS_BASE_URL' => 'https://derschmuckmacher-v3.ddev.site/public'
    'ASSETS_BASE_PATH' => '/var/www/html/web/public'
    'SCHMUCK_BASE_URL' => 'https://derschmuckmacher-v3.ddev.site/public/uploads/schmuck'
    'SCHMUCK_BASE_PATH' => '/var/www/html/web/public/uploads/schmuck'
    'BILDER_BASE_URL' => 'https://derschmuckmacher-v3.ddev.site/public/uploads/bilder'
    'BILDER_BASE_PATH' => '/var/www/html/web/public/uploads/bilder'
] {"environment":"dev"} 
2026-05-16 10:19:06 [web.INFO] [yii\db\Connection::open] Opening DB connection: mysql:host=db;dbname=db;port=3306 {"memory":1097536} 
2026-05-16 10:19:06 [web.INFO] [yii\web\Session::open] Session started {"memory":1517664} 
2026-05-16 10:19:06 [web.INFO] [nystudio107\codeeditor\CodeEditor::bootstrap] CodeEditor module bootstrapped {"memory":1538632} 
2026-05-16 10:19:06 [web.INFO] [adigital\cookieconsentbanner\CookieConsentBanner::init] Cookie Consent Banner plugin loaded {"memory":1753640} 
2026-05-16 10:19:06 [web.INFO] [miranj\obfuscator\Obfuscator::init] Obfuscator plugin loaded {"memory":2717712} 
2026-05-16 10:19:06 [web.INFO] [application] Request context:
$_GET = [
    'p' => 'dW2axQ3b/actions/users/session-info'
    'dontExtendSession' => '1'
    'v' => '1778919546529'
]

$_POST = []

$_FILES = []

$_COOKIE = [
    'cookieconsent_status' => 'allow'
    'CRAFT_CSRF_TOKEN' => '••••••••••••••••••••••••••••••••••••••••••••••••••••••••••••••••••••••••••••••••••••••••••••••••••••••••••••••••••••••••••••••••••••••••••••••••••••••'
    'CraftSessionId' => '8dln48qoin5lenmi6jccge1uaf'
    'a8b7b1ec9ffb8baf2c6eaa253fe57112_username' => '26b9ec8568da68d3882e55afaa5d203483c6c5810ee05b5a55c8a0eb10cab93ea:2:{i:0;s:41:\"a8b7b1ec9ffb8baf2c6eaa253fe57112_username\";i:1;s:8:\"odegiuli\";}'
    'Craft-3626ffc1-d0a3-42e3-98aa-37e8aa759561_sidebar' => 'expanded'
]

$_SESSION = [
    '22b6a59deafcfb2ffb13c3adf3d98a3b__flash' => []
]

$_SERVER = [
    'DEPLOY_NAME' => 'local'
    'DDEV_WEBSERVER_TYPE' => 'nginx-fpm'
    'npm_config_cache' => '/mnt/ddev-global-cache/npm'
    'COREPACK_ENABLE_DOWNLOAD_PROMPT' => '0'
    'DDEV_GOOS' => 'darwin'
    'IS_DDEV_PROJECT' => 'true'
    'PHP_DEFAULT_VERSION' => '8.3'
    'HOSTNAME' => 'derschmuckmacher-v3-web'
    'MAILPIT_SMTP_PORT' => '1025'
    'MH_SMTP_BIND_ADDR' => '127.0.0.1:1025'
    'DDEV_PRIMARY_URL_WITHOUT_PORT' => 'https://derschmuckmacher-v3.ddev.site'
    'CRAFT_DB_PORT' => '3306'
    'SSH_AUTH_SOCK' => '/home/.ssh-agent/socket'
    'DDEV_GID' => '20'
    'NODE_EXTRA_CA_CERTS' => '/mnt/ddev-global-cache/mkcert/rootCA.pem'
    'DOCKER_IP' => '127.0.0.1'
    'PGPASSWORD' => 'db'
    'CRAFT_WEB_ROOT' => '/var/www/html/web'
    'DDEV_DOCROOT' => 'web'
    'PWD' => '/var/www/html'
    'PLATFORMSH_CLI_UPDATES_CHECK' => '0'
    'DDEV_APPROOT' => '/var/www/html'
    'DDEV_FILES_DIR' => ''
    'START_SCRIPT_TIMEOUT' => '57'
    'APACHE_SITE_TEMPLATE' => '/etc/apache2/apache-site.conf'
    'PHP_INI' => '/etc/php/8.3/fpm/php.ini'
    'DDEV_VERSION' => 'v1.24.10'
    'PRIMARY_SITE_URL' => 'https://derschmuckmacher-v3.ddev.site'
    'TZ' => 'Europe/Zurich'
    'DDEV_XHPROF_MODE' => 'prepend'
    'HTTPS_EXPOSE' => '443:80,8026:8025'
    'COREPACK_HOME' => '/mnt/ddev-global-cache/corepack'
    'CRAFT_DB_DATABASE' => 'db'
    'DDEV_PRIMARY_URL' => 'https://derschmuckmacher-v3.ddev.site'
    'LINES' => '6'
    'DDEV_SITENAME' => 'derschmuckmacher-v3'
    'HOME' => '/home/omar'
    'DRUSH_OPTIONS_URI' => 'https://derschmuckmacher-v3.ddev.site'
    'LANG' => 'C.UTF-8'
    'COLUMNS' => '371'
    'DDEV_MUTAGEN_ENABLED' => 'true'
    'DDEV_USER' => 'omar'
    'PGUSER' => 'db'
    'TERMINUS_CACHE_DIR' => '/mnt/ddev-global-cache/terminus/cache'
    'DDEV_PRIMARY_URL_PORT' => '443'
    'DDEV_ROUTER_HTTP_PORT' => '80'
    'MAILPIT_SMTP_HOSTNAME' => '127.0.0.1'
    'CRAFT_DB_DRIVER' => 'mysql'
    'COMPOSER_PROCESS_TIMEOUT' => '2000'
    'NGINX_SITE_TEMPLATE' => '/etc/nginx/nginx-site.conf'
    'DDEV_FILES_DIRS' => ''
    'CRAFT_DB_SERVER' => 'db'
    'HTTP_EXPOSE' => '80:80,8025:8025'
    'NVM_DIR' => '/home/omar/.nvm'
    'DDEV_PHP_VERSION' => '8.3'
    'DDEV_TLD' => 'ddev.site'
    'DDEV_HOSTNAME' => 'derschmuckmacher-v3.ddev.site'
    'DDEV_PROJECT' => 'derschmuckmacher-v3'
    'DDEV_GOARCH' => 'arm64'
    'VIRTUAL_HOST' => 'derschmuckmacher-v3.ddev.site'
    'TERM' => 'xterm'
    'USER' => 'omar'
    'MYSQL_HISTFILE' => '/mnt/ddev-global-cache/mysqlhistory/derschmuckmacher-v3-web/mysql_history'
    'DDEV_WEB_ENTRYPOINT' => '/mnt/ddev_config/web-entrypoint.d'
    'DDEV_UID' => '501'
    'CAROOT' => '/mnt/ddev-global-cache/mkcert'
    'SHLVL' => '1'
    'COMPOSER_ALLOW_SUPERUSER' => '1'
    'BASH_ENV' => '/etc/bash.nointeractive.bashrc'
    'DDEV_DATABASE' => 'mysql:8.0'
    'PGDATABASE' => 'db'
    'CRAFT_DB_USER' => 'db'
    'DDEV_SCHEME' => 'https'
    'XHPROF_OUTPUT_DIR' => '/tmp/xhprof'
    'COMPOSER_CACHE_DIR' => '/mnt/ddev-global-cache/composer'
    'DDEV_XDEBUG_ENABLED' => 'false'
    'DDEV_DATABASE_FAMILY' => 'mysql'
    'PGHOST' => 'db'
    'DDEV_COMPOSER_ROOT' => '/var/www/html'
    'CRAFT_DB_PASSWORD' => '••'
    'DOCROOT' => 'web'
    'TERMINUS_HIDE_UPDATE_MESSAGE' => '1'
    'PATH' => '/home/omar/bin:/var/www/html/vendor/bin:/usr/local/sbin:/usr/local/bin:/usr/sbin:/usr/bin:/sbin:/bin:/var/www/html/bin:/mnt/ddev-global-cache/global-commands/web'
    'HOST_DOCKER_INTERNAL_IP' => ''
    'DDEV_PROJECT_TYPE' => 'craftcms'
    'DEBIAN_FRONTEND' => 'noninteractive'
    'DDEV_ROUTER_HTTPS_PORT' => '443'
    'EXECIGNORE' => '/var/www/html/vendor/bin/composer'
    'SUPERVISOR_ENABLED' => '1'
    'SUPERVISOR_SERVER_URL' => 'unix:///var/run/supervisor.sock'
    'SUPERVISOR_PROCESS_NAME' => 'php-fpm'
    'SUPERVISOR_GROUP_NAME' => 'php-fpm'
    'HTTP_X_REQUESTED_WITH' => 'XMLHttpRequest'
    'HTTP_X_REGISTERED_JS_FILES' => ''
    'HTTP_X_REGISTERED_ASSET_BUNDLES' => 'e38a2e07,22e517a2,aee7f8dc,26c46c25,e505ffd6,6b4d7555,bb2f10a0,e5e48399,815d39ea,fc0bc163,1ccab40d,1e21896b,54698ee0,b842675b,1c3c9add,4b1fd285,d8d08e47,8f00ce04,8768f48b,cf3018d6,ec6d0256,11858fc6,8550f857,6f12186f,c7a8fe38'
    'HTTP_X_REAL_IP' => '172.18.0.1'
    'HTTP_X_FORWARDED_SERVER' => '617e9e3cc3a1'
    'HTTP_X_FORWARDED_PROTO' => 'https'
    'HTTP_X_FORWARDED_PORT' => '443'
    'HTTP_X_FORWARDED_HOST' => 'derschmuckmacher-v3.ddev.site'
    'HTTP_X_FORWARDED_FOR' => '172.18.0.1'
    'HTTP_X_CSRF_TOKEN' => '••••••••••••••••••••••••••••••••••••••••••••••••••••••••••••••••••••••••••••••••••••••••••••••••••••••••••••'
    'HTTP_TE' => 'trailers'
    'HTTP_SEC_GPC' => '1'
    'HTTP_SEC_FETCH_SITE' => 'same-origin'
    'HTTP_SEC_FETCH_MODE' => 'cors'
    'HTTP_SEC_FETCH_DEST' => 'empty'
    'HTTP_REFERER' => 'https://derschmuckmacher-v3.ddev.site/dW2axQ3b/dashboard'
    'HTTP_COOKIE' => 'cookieconsent_status=allow; CRAFT_CSRF_TOKEN=c46764d17b682367679c529f1043872bbfd294280b0a6b522869cb3868f8a6a6a%3A2%3A%7Bi%3A0%3Bs%3A16%3A%22CRAFT_CSRF_TOKEN%22%3Bi%3A1%3Bs%3A40%3A%22oscGmXtgN7lH1IINFeBh9KwfL0sWDqIBBHQCFaaO%22%3B%7D; CraftSessionId=8dln48qoin5lenmi6jccge1uaf; a8b7b1ec9ffb8baf2c6eaa253fe57112_username=26b9ec8568da68d3882e55afaa5d203483c6c5810ee05b5a55c8a0eb10cab93ea%3A2%3A%7Bi%3A0%3Bs%3A41%3A%22a8b7b1ec9ffb8baf2c6eaa253fe57112_username%22%3Bi%3A1%3Bs%3A8%3A%22odegiuli%22%3B%7D; Craft-3626ffc1-d0a3-42e3-98aa-37e8aa759561_sidebar=expanded'
    'HTTP_ACCEPT_LANGUAGE' => 'de,en-US;q=0.9,en;q=0.8'
    'HTTP_ACCEPT_ENCODING' => 'gzip, deflate, br, zstd'
    'HTTP_ACCEPT' => 'application/json, text/plain, */*'
    'HTTP_USER_AGENT' => 'Mozilla/5.0 (Macintosh; Intel Mac OS X 10.15; rv:150.0) Gecko/20100101 Firefox/150.0'
    'HTTP_HOST' => 'derschmuckmacher-v3.ddev.site'
    'HTTPS' => 'on'
    'REDIRECT_STATUS' => '200'
    'SERVER_NAME' => 'derschmuckmacher-v3.ddev.site'
    'SERVER_PORT' => '80'
    'SERVER_ADDR' => '172.18.0.3'
    'REMOTE_PORT' => '44634'
    'REMOTE_ADDR' => '172.18.0.5'
    'SERVER_SOFTWARE' => 'nginx/1.28.0'
    'GATEWAY_INTERFACE' => 'CGI/1.1'
    'REQUEST_SCHEME' => 'http'
    'SERVER_PROTOCOL' => 'HTTP/1.1'
    'DOCUMENT_ROOT' => '/var/www/html/web'
    'DOCUMENT_URI' => '/index.php'
    'REQUEST_URI' => '/index.php?p=dW2axQ3b%2Factions%2Fusers%2Fsession-info&dontExtendSession=1&v=1778919546529'
    'CONTENT_LENGTH' => ''
    'CONTENT_TYPE' => ''
    'REQUEST_METHOD' => 'GET'
    'QUERY_STRING' => 'p=dW2axQ3b%2Factions%2Fusers%2Fsession-info&dontExtendSession=1&v=1778919546529'
    'SCRIPT_NAME' => '/index.php'
    'SCRIPT_FILENAME' => '/var/www/html/web/index.php'
    'FCGI_ROLE' => 'RESPONDER'
    'PHP_SELF' => '/index.php'
    'REQUEST_TIME_FLOAT' => 1778919546.542
    'REQUEST_TIME' => 1778919546
    'CRAFT_APP_ID' => 'CraftCMS--3933bc78-29f5-4b79-bcc5-c31faf0fcd20'
    'CRAFT_ENVIRONMENT' => 'dev'
    'ENVIRONMENT' => 'dev'
    'CRAFT_SECURITY_KEY' => '••••••••••••••••••••••••••••••••'
    'CP_TRIGGER' => 'dW2axQ3b'
    'CRAFT_DB_SCHEMA' => 'public'
    'CRAFT_DB_TABLE_PREFIX' => ''
    'DEV_MODE' => 'true'
    'ALLOW_ADMIN_CHANGES' => 'true'
    'DISALLOW_ROBOTS' => 'true'
    'TIMEZONE' => 'Europe/Zurich'
    'CAPTCHA_SITE_KEY' => '••••••••••••••••••••••••••••••••••••••••'
    'CAPTCHA_SECRET_KEY' => '••••••••••••••••••••••••••••••••••••••••'
    'WEB_URL' => 'https://derschmuckmacher-v3.ddev.site'
    'WEB_ROOT' => '/var/www/html/web'
    'ASSETS_BASE_URL' => 'https://derschmuckmacher-v3.ddev.site/public'
    'ASSETS_BASE_PATH' => '/var/www/html/web/public'
    'SCHMUCK_BASE_URL' => 'https://derschmuckmacher-v3.ddev.site/public/uploads/schmuck'
    'SCHMUCK_BASE_PATH' => '/var/www/html/web/public/uploads/schmuck'
    'BILDER_BASE_URL' => 'https://derschmuckmacher-v3.ddev.site/public/uploads/bilder'
    'BILDER_BASE_PATH' => '/var/www/html/web/public/uploads/bilder'
] {"environment":"dev"} 
2026-05-16 10:22:16 [web.INFO] [yii\db\Connection::open] Opening DB connection: mysql:host=db;dbname=db;port=3306 {"memory":2504008} 
2026-05-16 10:22:16 [web.INFO] [nystudio107\codeeditor\CodeEditor::bootstrap] CodeEditor module bootstrapped {"memory":3852304} 
2026-05-16 10:22:16 [web.INFO] [adigital\cookieconsentbanner\CookieConsentBanner::init] Cookie Consent Banner plugin loaded {"memory":4368952} 
2026-05-16 10:22:16 [web.INFO] [miranj\obfuscator\Obfuscator::init] Obfuscator plugin loaded {"memory":9231800} 
2026-05-16 10:22:16 [web.INFO] [yii\web\Session::open] Session started {"memory":9385512} 
2026-05-16 10:22:16 [web.INFO] [application] Request context:
$_GET = []

$_POST = []

$_FILES = []

$_COOKIE = [
    'cookieconsent_status' => 'allow'
    'CRAFT_CSRF_TOKEN' => '••••••••••••••••••••••••••••••••••••••••••••••••••••••••••••••••••••••••••••••••••••••••••••••••••••••••••••••••••••••••••••••••••••••••••••••••••••••'
    'CraftSessionId' => '8dln48qoin5lenmi6jccge1uaf'
    'a8b7b1ec9ffb8baf2c6eaa253fe57112_username' => '26b9ec8568da68d3882e55afaa5d203483c6c5810ee05b5a55c8a0eb10cab93ea:2:{i:0;s:41:\"a8b7b1ec9ffb8baf2c6eaa253fe57112_username\";i:1;s:8:\"odegiuli\";}'
    'Craft-3626ffc1-d0a3-42e3-98aa-37e8aa759561_sidebar' => 'expanded'
]

$_SESSION = [
    '22b6a59deafcfb2ffb13c3adf3d98a3b__flash' => []
]

$_SERVER = [
    'DEPLOY_NAME' => 'local'
    'DDEV_WEBSERVER_TYPE' => 'nginx-fpm'
    'npm_config_cache' => '/mnt/ddev-global-cache/npm'
    'COREPACK_ENABLE_DOWNLOAD_PROMPT' => '0'
    'DDEV_GOOS' => 'darwin'
    'IS_DDEV_PROJECT' => 'true'
    'PHP_DEFAULT_VERSION' => '8.3'
    'HOSTNAME' => 'derschmuckmacher-v3-web'
    'MAILPIT_SMTP_PORT' => '1025'
    'MH_SMTP_BIND_ADDR' => '127.0.0.1:1025'
    'DDEV_PRIMARY_URL_WITHOUT_PORT' => 'https://derschmuckmacher-v3.ddev.site'
    'CRAFT_DB_PORT' => '3306'
    'DDEV_GID' => '20'
    'SSH_AUTH_SOCK' => '/home/.ssh-agent/socket'
    'NODE_EXTRA_CA_CERTS' => '/mnt/ddev-global-cache/mkcert/rootCA.pem'
    'DOCKER_IP' => '127.0.0.1'
    'PGPASSWORD' => 'db'
    'CRAFT_WEB_ROOT' => '/var/www/html/web'
    'DDEV_DOCROOT' => 'web'
    'PWD' => '/var/www/html'
    'PLATFORMSH_CLI_UPDATES_CHECK' => '0'
    'DDEV_APPROOT' => '/var/www/html'
    'DDEV_FILES_DIR' => ''
    'START_SCRIPT_TIMEOUT' => '57'
    'APACHE_SITE_TEMPLATE' => '/etc/apache2/apache-site.conf'
    'PHP_INI' => '/etc/php/8.3/fpm/php.ini'
    'DDEV_VERSION' => 'v1.24.10'
    'PRIMARY_SITE_URL' => 'https://derschmuckmacher-v3.ddev.site'
    'TZ' => 'Europe/Zurich'
    'DDEV_XHPROF_MODE' => 'prepend'
    'HTTPS_EXPOSE' => '443:80,8026:8025'
    'COREPACK_HOME' => '/mnt/ddev-global-cache/corepack'
    'CRAFT_DB_DATABASE' => 'db'
    'DDEV_PRIMARY_URL' => 'https://derschmuckmacher-v3.ddev.site'
    'LINES' => '6'
    'DDEV_SITENAME' => 'derschmuckmacher-v3'
    'HOME' => '/home/omar'
    'DRUSH_OPTIONS_URI' => 'https://derschmuckmacher-v3.ddev.site'
    'LANG' => 'C.UTF-8'
    'COLUMNS' => '371'
    'DDEV_MUTAGEN_ENABLED' => 'true'
    'DDEV_USER' => 'omar'
    'PGUSER' => 'db'
    'TERMINUS_CACHE_DIR' => '/mnt/ddev-global-cache/terminus/cache'
    'DDEV_PRIMARY_URL_PORT' => '443'
    'DDEV_ROUTER_HTTP_PORT' => '80'
    'MAILPIT_SMTP_HOSTNAME' => '127.0.0.1'
    'CRAFT_DB_DRIVER' => 'mysql'
    'COMPOSER_PROCESS_TIMEOUT' => '2000'
    'NGINX_SITE_TEMPLATE' => '/etc/nginx/nginx-site.conf'
    'DDEV_FILES_DIRS' => ''
    'CRAFT_DB_SERVER' => 'db'
    'HTTP_EXPOSE' => '80:80,8025:8025'
    'NVM_DIR' => '/home/omar/.nvm'
    'DDEV_PHP_VERSION' => '8.3'
    'DDEV_TLD' => 'ddev.site'
    'DDEV_HOSTNAME' => 'derschmuckmacher-v3.ddev.site'
    'DDEV_PROJECT' => 'derschmuckmacher-v3'
    'DDEV_GOARCH' => 'arm64'
    'VIRTUAL_HOST' => 'derschmuckmacher-v3.ddev.site'
    'TERM' => 'xterm'
    'USER' => 'omar'
    'MYSQL_HISTFILE' => '/mnt/ddev-global-cache/mysqlhistory/derschmuckmacher-v3-web/mysql_history'
    'DDEV_WEB_ENTRYPOINT' => '/mnt/ddev_config/web-entrypoint.d'
    'DDEV_UID' => '501'
    'CAROOT' => '/mnt/ddev-global-cache/mkcert'
    'SHLVL' => '1'
    'COMPOSER_ALLOW_SUPERUSER' => '1'
    'BASH_ENV' => '/etc/bash.nointeractive.bashrc'
    'DDEV_DATABASE' => 'mysql:8.0'
    'PGDATABASE' => 'db'
    'CRAFT_DB_USER' => 'db'
    'DDEV_SCHEME' => 'https'
    'XHPROF_OUTPUT_DIR' => '/tmp/xhprof'
    'COMPOSER_CACHE_DIR' => '/mnt/ddev-global-cache/composer'
    'DDEV_XDEBUG_ENABLED' => 'false'
    'DDEV_DATABASE_FAMILY' => 'mysql'
    'PGHOST' => 'db'
    'DDEV_COMPOSER_ROOT' => '/var/www/html'
    'CRAFT_DB_PASSWORD' => '••'
    'DOCROOT' => 'web'
    'TERMINUS_HIDE_UPDATE_MESSAGE' => '1'
    'PATH' => '/home/omar/bin:/var/www/html/vendor/bin:/usr/local/sbin:/usr/local/bin:/usr/sbin:/usr/bin:/sbin:/bin:/var/www/html/bin:/mnt/ddev-global-cache/global-commands/web'
    'HOST_DOCKER_INTERNAL_IP' => ''
    'DDEV_PROJECT_TYPE' => 'craftcms'
    'DEBIAN_FRONTEND' => 'noninteractive'
    'DDEV_ROUTER_HTTPS_PORT' => '443'
    'EXECIGNORE' => '/var/www/html/vendor/bin/composer'
    'SUPERVISOR_ENABLED' => '1'
    'SUPERVISOR_SERVER_URL' => 'unix:///var/run/supervisor.sock'
    'SUPERVISOR_PROCESS_NAME' => 'php-fpm'
    'SUPERVISOR_GROUP_NAME' => 'php-fpm'
    'HTTP_X_REAL_IP' => '172.18.0.1'
    'HTTP_X_FORWARDED_SERVER' => '9d89c63e5d30'
    'HTTP_X_FORWARDED_PROTO' => 'https'
    'HTTP_X_FORWARDED_PORT' => '443'
    'HTTP_X_FORWARDED_HOST' => 'derschmuckmacher-v3.ddev.site'
    'HTTP_X_FORWARDED_FOR' => '172.18.0.1'
    'HTTP_UPGRADE_INSECURE_REQUESTS' => '1'
    'HTTP_TE' => 'trailers'
    'HTTP_SEC_GPC' => '1'
    'HTTP_SEC_FETCH_USER' => '?1'
    'HTTP_SEC_FETCH_SITE' => 'none'
    'HTTP_SEC_FETCH_MODE' => 'navigate'
    'HTTP_SEC_FETCH_DEST' => 'document'
    'HTTP_PRIORITY' => 'u=0, i'
    'HTTP_COOKIE' => 'cookieconsent_status=allow; CRAFT_CSRF_TOKEN=c46764d17b682367679c529f1043872bbfd294280b0a6b522869cb3868f8a6a6a%3A2%3A%7Bi%3A0%3Bs%3A16%3A%22CRAFT_CSRF_TOKEN%22%3Bi%3A1%3Bs%3A40%3A%22oscGmXtgN7lH1IINFeBh9KwfL0sWDqIBBHQCFaaO%22%3B%7D; CraftSessionId=8dln48qoin5lenmi6jccge1uaf; a8b7b1ec9ffb8baf2c6eaa253fe57112_username=26b9ec8568da68d3882e55afaa5d203483c6c5810ee05b5a55c8a0eb10cab93ea%3A2%3A%7Bi%3A0%3Bs%3A41%3A%22a8b7b1ec9ffb8baf2c6eaa253fe57112_username%22%3Bi%3A1%3Bs%3A8%3A%22odegiuli%22%3B%7D; Craft-3626ffc1-d0a3-42e3-98aa-37e8aa759561_sidebar=expanded'
    'HTTP_ACCEPT_LANGUAGE' => 'de,en-US;q=0.9,en;q=0.8'
    'HTTP_ACCEPT_ENCODING' => 'gzip, deflate, br, zstd'
    'HTTP_ACCEPT' => 'text/html,application/xhtml+xml,application/xml;q=0.9,*/*;q=0.8'
    'HTTP_USER_AGENT' => 'Mozilla/5.0 (Macintosh; Intel Mac OS X 10.15; rv:150.0) Gecko/20100101 Firefox/150.0'
    'HTTP_HOST' => 'derschmuckmacher-v3.ddev.site'
    'HTTPS' => 'on'
    'REDIRECT_STATUS' => '200'
    'SERVER_NAME' => 'derschmuckmacher-v3.ddev.site'
    'SERVER_PORT' => '80'
    'SERVER_ADDR' => '172.18.0.4'
    'REMOTE_PORT' => '36946'
    'REMOTE_ADDR' => '172.18.0.5'
    'SERVER_SOFTWARE' => 'nginx/1.28.0'
    'GATEWAY_INTERFACE' => 'CGI/1.1'
    'REQUEST_SCHEME' => 'http'
    'SERVER_PROTOCOL' => 'HTTP/1.1'
    'DOCUMENT_ROOT' => '/var/www/html/web'
    'DOCUMENT_URI' => '/index.php'
    'REQUEST_URI' => '/'
    'CONTENT_LENGTH' => ''
    'CONTENT_TYPE' => ''
    'REQUEST_METHOD' => 'GET'
    'QUERY_STRING' => ''
    'SCRIPT_NAME' => '/index.php'
    'SCRIPT_FILENAME' => '/var/www/html/web/index.php'
    'FCGI_ROLE' => 'RESPONDER'
    'PHP_SELF' => '/index.php'
    'REQUEST_TIME_FLOAT' => 1778919735.8835
    'REQUEST_TIME' => 1778919735
    'CRAFT_APP_ID' => 'CraftCMS--3933bc78-29f5-4b79-bcc5-c31faf0fcd20'
    'CRAFT_ENVIRONMENT' => 'dev'
    'ENVIRONMENT' => 'dev'
    'CRAFT_SECURITY_KEY' => '••••••••••••••••••••••••••••••••'
    'CP_TRIGGER' => 'dW2axQ3b'
    'CRAFT_DB_SCHEMA' => 'public'
    'CRAFT_DB_TABLE_PREFIX' => ''
    'DEV_MODE' => 'true'
    'ALLOW_ADMIN_CHANGES' => 'true'
    'DISALLOW_ROBOTS' => 'true'
    'TIMEZONE' => 'Europe/Zurich'
    'CAPTCHA_SITE_KEY' => '••••••••••••••••••••••••••••••••••••••••'
    'CAPTCHA_SECRET_KEY' => '••••••••••••••••••••••••••••••••••••••••'
    'WEB_URL' => 'https://derschmuckmacher-v3.ddev.site'
    'WEB_ROOT' => '/var/www/html/web'
    'ASSETS_BASE_URL' => 'https://derschmuckmacher-v3.ddev.site/public'
    'ASSETS_BASE_PATH' => '/var/www/html/web/public'
    'SCHMUCK_BASE_URL' => 'https://derschmuckmacher-v3.ddev.site/public/uploads/schmuck'
    'SCHMUCK_BASE_PATH' => '/var/www/html/web/public/uploads/schmuck'
    'BILDER_BASE_URL' => 'https://derschmuckmacher-v3.ddev.site/public/uploads/bilder'
    'BILDER_BASE_PATH' => '/var/www/html/web/public/uploads/bilder'
    'CRAFT_SITE' => 'default'
    'CRAFT_SITE_UPPER' => 'DEFAULT'
] {"environment":"dev"} 
2026-05-16 10:22:29 [web.INFO] [yii\db\Connection::open] Opening DB connection: mysql:host=db;dbname=db;port=3306 {"memory":1094952} 
2026-05-16 10:22:29 [web.INFO] [yii\web\Session::open] Session started {"memory":1513776} 
2026-05-16 10:22:29 [web.INFO] [nystudio107\codeeditor\CodeEditor::bootstrap] CodeEditor module bootstrapped {"memory":1534744} 
2026-05-16 10:22:29 [web.INFO] [adigital\cookieconsentbanner\CookieConsentBanner::init] Cookie Consent Banner plugin loaded {"memory":1748752} 
2026-05-16 10:22:29 [web.INFO] [miranj\obfuscator\Obfuscator::init] Obfuscator plugin loaded {"memory":2778360} 
2026-05-16 10:22:29 [web.INFO] [application] Request context:
$_GET = []

$_POST = []

$_FILES = []

$_COOKIE = [
    'cookieconsent_status' => 'allow'
    'CRAFT_CSRF_TOKEN' => '••••••••••••••••••••••••••••••••••••••••••••••••••••••••••••••••••••••••••••••••••••••••••••••••••••••••••••••••••••••••••••••••••••••••••••••••••••••'
    'CraftSessionId' => '8dln48qoin5lenmi6jccge1uaf'
    'a8b7b1ec9ffb8baf2c6eaa253fe57112_username' => '26b9ec8568da68d3882e55afaa5d203483c6c5810ee05b5a55c8a0eb10cab93ea:2:{i:0;s:41:\"a8b7b1ec9ffb8baf2c6eaa253fe57112_username\";i:1;s:8:\"odegiuli\";}'
    'Craft-3626ffc1-d0a3-42e3-98aa-37e8aa759561_sidebar' => 'expanded'
]

$_SESSION = [
    '22b6a59deafcfb2ffb13c3adf3d98a3b__flash' => []
    'a8b7b1ec9ffb8baf2c6eaa253fe57112__returnUrl' => 'https://derschmuckmacher-v3.ddev.site/dW2axQ3b/'
]

$_SERVER = [
    'DEPLOY_NAME' => 'local'
    'DDEV_WEBSERVER_TYPE' => 'nginx-fpm'
    'npm_config_cache' => '/mnt/ddev-global-cache/npm'
    'COREPACK_ENABLE_DOWNLOAD_PROMPT' => '0'
    'DDEV_GOOS' => 'darwin'
    'IS_DDEV_PROJECT' => 'true'
    'PHP_DEFAULT_VERSION' => '8.3'
    'HOSTNAME' => 'derschmuckmacher-v3-web'
    'MAILPIT_SMTP_PORT' => '1025'
    'MH_SMTP_BIND_ADDR' => '127.0.0.1:1025'
    'DDEV_PRIMARY_URL_WITHOUT_PORT' => 'https://derschmuckmacher-v3.ddev.site'
    'CRAFT_DB_PORT' => '3306'
    'DDEV_GID' => '20'
    'SSH_AUTH_SOCK' => '/home/.ssh-agent/socket'
    'NODE_EXTRA_CA_CERTS' => '/mnt/ddev-global-cache/mkcert/rootCA.pem'
    'DOCKER_IP' => '127.0.0.1'
    'PGPASSWORD' => 'db'
    'CRAFT_WEB_ROOT' => '/var/www/html/web'
    'DDEV_DOCROOT' => 'web'
    'PWD' => '/var/www/html'
    'PLATFORMSH_CLI_UPDATES_CHECK' => '0'
    'DDEV_APPROOT' => '/var/www/html'
    'DDEV_FILES_DIR' => ''
    'START_SCRIPT_TIMEOUT' => '57'
    'APACHE_SITE_TEMPLATE' => '/etc/apache2/apache-site.conf'
    'PHP_INI' => '/etc/php/8.3/fpm/php.ini'
    'DDEV_VERSION' => 'v1.24.10'
    'PRIMARY_SITE_URL' => 'https://derschmuckmacher-v3.ddev.site'
    'TZ' => 'Europe/Zurich'
    'DDEV_XHPROF_MODE' => 'prepend'
    'HTTPS_EXPOSE' => '443:80,8026:8025'
    'COREPACK_HOME' => '/mnt/ddev-global-cache/corepack'
    'CRAFT_DB_DATABASE' => 'db'
    'DDEV_PRIMARY_URL' => 'https://derschmuckmacher-v3.ddev.site'
    'LINES' => '6'
    'DDEV_SITENAME' => 'derschmuckmacher-v3'
    'HOME' => '/home/omar'
    'DRUSH_OPTIONS_URI' => 'https://derschmuckmacher-v3.ddev.site'
    'LANG' => 'C.UTF-8'
    'COLUMNS' => '371'
    'DDEV_MUTAGEN_ENABLED' => 'true'
    'DDEV_USER' => 'omar'
    'PGUSER' => 'db'
    'TERMINUS_CACHE_DIR' => '/mnt/ddev-global-cache/terminus/cache'
    'DDEV_PRIMARY_URL_PORT' => '443'
    'DDEV_ROUTER_HTTP_PORT' => '80'
    'MAILPIT_SMTP_HOSTNAME' => '127.0.0.1'
    'CRAFT_DB_DRIVER' => 'mysql'
    'COMPOSER_PROCESS_TIMEOUT' => '2000'
    'NGINX_SITE_TEMPLATE' => '/etc/nginx/nginx-site.conf'
    'DDEV_FILES_DIRS' => ''
    'CRAFT_DB_SERVER' => 'db'
    'HTTP_EXPOSE' => '80:80,8025:8025'
    'NVM_DIR' => '/home/omar/.nvm'
    'DDEV_PHP_VERSION' => '8.3'
    'DDEV_TLD' => 'ddev.site'
    'DDEV_HOSTNAME' => 'derschmuckmacher-v3.ddev.site'
    'DDEV_PROJECT' => 'derschmuckmacher-v3'
    'DDEV_GOARCH' => 'arm64'
    'VIRTUAL_HOST' => 'derschmuckmacher-v3.ddev.site'
    'TERM' => 'xterm'
    'USER' => 'omar'
    'MYSQL_HISTFILE' => '/mnt/ddev-global-cache/mysqlhistory/derschmuckmacher-v3-web/mysql_history'
    'DDEV_WEB_ENTRYPOINT' => '/mnt/ddev_config/web-entrypoint.d'
    'DDEV_UID' => '501'
    'CAROOT' => '/mnt/ddev-global-cache/mkcert'
    'SHLVL' => '1'
    'COMPOSER_ALLOW_SUPERUSER' => '1'
    'BASH_ENV' => '/etc/bash.nointeractive.bashrc'
    'DDEV_DATABASE' => 'mysql:8.0'
    'PGDATABASE' => 'db'
    'CRAFT_DB_USER' => 'db'
    'DDEV_SCHEME' => 'https'
    'XHPROF_OUTPUT_DIR' => '/tmp/xhprof'
    'COMPOSER_CACHE_DIR' => '/mnt/ddev-global-cache/composer'
    'DDEV_XDEBUG_ENABLED' => 'false'
    'DDEV_DATABASE_FAMILY' => 'mysql'
    'PGHOST' => 'db'
    'DDEV_COMPOSER_ROOT' => '/var/www/html'
    'CRAFT_DB_PASSWORD' => '••'
    'DOCROOT' => 'web'
    'TERMINUS_HIDE_UPDATE_MESSAGE' => '1'
    'PATH' => '/home/omar/bin:/var/www/html/vendor/bin:/usr/local/sbin:/usr/local/bin:/usr/sbin:/usr/bin:/sbin:/bin:/var/www/html/bin:/mnt/ddev-global-cache/global-commands/web'
    'HOST_DOCKER_INTERNAL_IP' => ''
    'DDEV_PROJECT_TYPE' => 'craftcms'
    'DEBIAN_FRONTEND' => 'noninteractive'
    'DDEV_ROUTER_HTTPS_PORT' => '443'
    'EXECIGNORE' => '/var/www/html/vendor/bin/composer'
    'SUPERVISOR_ENABLED' => '1'
    'SUPERVISOR_SERVER_URL' => 'unix:///var/run/supervisor.sock'
    'SUPERVISOR_PROCESS_NAME' => 'php-fpm'
    'SUPERVISOR_GROUP_NAME' => 'php-fpm'
    'HTTP_X_REAL_IP' => '172.18.0.1'
    'HTTP_X_FORWARDED_SERVER' => '9d89c63e5d30'
    'HTTP_X_FORWARDED_PROTO' => 'https'
    'HTTP_X_FORWARDED_PORT' => '443'
    'HTTP_X_FORWARDED_HOST' => 'derschmuckmacher-v3.ddev.site'
    'HTTP_X_FORWARDED_FOR' => '172.18.0.1'
    'HTTP_UPGRADE_INSECURE_REQUESTS' => '1'
    'HTTP_TE' => 'trailers'
    'HTTP_SEC_GPC' => '1'
    'HTTP_SEC_FETCH_USER' => '?1'
    'HTTP_SEC_FETCH_SITE' => 'none'
    'HTTP_SEC_FETCH_MODE' => 'navigate'
    'HTTP_SEC_FETCH_DEST' => 'document'
    'HTTP_PRIORITY' => 'u=0, i'
    'HTTP_COOKIE' => 'cookieconsent_status=allow; CRAFT_CSRF_TOKEN=c46764d17b682367679c529f1043872bbfd294280b0a6b522869cb3868f8a6a6a%3A2%3A%7Bi%3A0%3Bs%3A16%3A%22CRAFT_CSRF_TOKEN%22%3Bi%3A1%3Bs%3A40%3A%22oscGmXtgN7lH1IINFeBh9KwfL0sWDqIBBHQCFaaO%22%3B%7D; CraftSessionId=8dln48qoin5lenmi6jccge1uaf; a8b7b1ec9ffb8baf2c6eaa253fe57112_username=26b9ec8568da68d3882e55afaa5d203483c6c5810ee05b5a55c8a0eb10cab93ea%3A2%3A%7Bi%3A0%3Bs%3A41%3A%22a8b7b1ec9ffb8baf2c6eaa253fe57112_username%22%3Bi%3A1%3Bs%3A8%3A%22odegiuli%22%3B%7D; Craft-3626ffc1-d0a3-42e3-98aa-37e8aa759561_sidebar=expanded'
    'HTTP_ACCEPT_LANGUAGE' => 'de,en-US;q=0.9,en;q=0.8'
    'HTTP_ACCEPT_ENCODING' => 'gzip, deflate, br, zstd'
    'HTTP_ACCEPT' => 'text/html,application/xhtml+xml,application/xml;q=0.9,*/*;q=0.8'
    'HTTP_USER_AGENT' => 'Mozilla/5.0 (Macintosh; Intel Mac OS X 10.15; rv:150.0) Gecko/20100101 Firefox/150.0'
    'HTTP_HOST' => 'derschmuckmacher-v3.ddev.site'
    'HTTPS' => 'on'
    'REDIRECT_STATUS' => '200'
    'SERVER_NAME' => 'derschmuckmacher-v3.ddev.site'
    'SERVER_PORT' => '80'
    'SERVER_ADDR' => '172.18.0.4'
    'REMOTE_PORT' => '36962'
    'REMOTE_ADDR' => '172.18.0.5'
    'SERVER_SOFTWARE' => 'nginx/1.28.0'
    'GATEWAY_INTERFACE' => 'CGI/1.1'
    'REQUEST_SCHEME' => 'http'
    'SERVER_PROTOCOL' => 'HTTP/1.1'
    'DOCUMENT_ROOT' => '/var/www/html/web'
    'DOCUMENT_URI' => '/index.php'
    'REQUEST_URI' => '/dW2axQ3b/'
    'CONTENT_LENGTH' => ''
    'CONTENT_TYPE' => ''
    'REQUEST_METHOD' => 'GET'
    'QUERY_STRING' => ''
    'SCRIPT_NAME' => '/index.php'
    'SCRIPT_FILENAME' => '/var/www/html/web/index.php'
    'FCGI_ROLE' => 'RESPONDER'
    'PHP_SELF' => '/index.php'
    'REQUEST_TIME_FLOAT' => 1778919749.2626
    'REQUEST_TIME' => 1778919749
    'CRAFT_APP_ID' => 'CraftCMS--3933bc78-29f5-4b79-bcc5-c31faf0fcd20'
    'CRAFT_ENVIRONMENT' => 'dev'
    'ENVIRONMENT' => 'dev'
    'CRAFT_SECURITY_KEY' => '••••••••••••••••••••••••••••••••'
    'CP_TRIGGER' => 'dW2axQ3b'
    'CRAFT_DB_SCHEMA' => 'public'
    'CRAFT_DB_TABLE_PREFIX' => ''
    'DEV_MODE' => 'true'
    'ALLOW_ADMIN_CHANGES' => 'true'
    'DISALLOW_ROBOTS' => 'true'
    'TIMEZONE' => 'Europe/Zurich'
    'CAPTCHA_SITE_KEY' => '••••••••••••••••••••••••••••••••••••••••'
    'CAPTCHA_SECRET_KEY' => '••••••••••••••••••••••••••••••••••••••••'
    'WEB_URL' => 'https://derschmuckmacher-v3.ddev.site'
    'WEB_ROOT' => '/var/www/html/web'
    'ASSETS_BASE_URL' => 'https://derschmuckmacher-v3.ddev.site/public'
    'ASSETS_BASE_PATH' => '/var/www/html/web/public'
    'SCHMUCK_BASE_URL' => 'https://derschmuckmacher-v3.ddev.site/public/uploads/schmuck'
    'SCHMUCK_BASE_PATH' => '/var/www/html/web/public/uploads/schmuck'
    'BILDER_BASE_URL' => 'https://derschmuckmacher-v3.ddev.site/public/uploads/bilder'
    'BILDER_BASE_PATH' => '/var/www/html/web/public/uploads/bilder'
] {"environment":"dev"} 
2026-05-16 10:22:29 [web.INFO] [yii\db\Connection::open] Opening DB connection: mysql:host=db;dbname=db;port=3306 {"memory":1094936} 
2026-05-16 10:22:29 [web.INFO] [yii\web\Session::open] Session started {"memory":1514024} 
2026-05-16 10:22:29 [web.INFO] [nystudio107\codeeditor\CodeEditor::bootstrap] CodeEditor module bootstrapped {"memory":1534992} 
2026-05-16 10:22:29 [web.INFO] [adigital\cookieconsentbanner\CookieConsentBanner::init] Cookie Consent Banner plugin loaded {"memory":1747656} 
2026-05-16 10:22:29 [web.INFO] [miranj\obfuscator\Obfuscator::init] Obfuscator plugin loaded {"memory":2711728} 
2026-05-16 10:22:29 [web.INFO] [application] Request context:
$_GET = []

$_POST = []

$_FILES = []

$_COOKIE = [
    'cookieconsent_status' => 'allow'
    'CRAFT_CSRF_TOKEN' => '••••••••••••••••••••••••••••••••••••••••••••••••••••••••••••••••••••••••••••••••••••••••••••••••••••••••••••••••••••••••••••••••••••••••••••••••••••••'
    'CraftSessionId' => '8dln48qoin5lenmi6jccge1uaf'
    'a8b7b1ec9ffb8baf2c6eaa253fe57112_username' => '26b9ec8568da68d3882e55afaa5d203483c6c5810ee05b5a55c8a0eb10cab93ea:2:{i:0;s:41:\"a8b7b1ec9ffb8baf2c6eaa253fe57112_username\";i:1;s:8:\"odegiuli\";}'
    'Craft-3626ffc1-d0a3-42e3-98aa-37e8aa759561_sidebar' => 'expanded'
]

$_SESSION = [
    '22b6a59deafcfb2ffb13c3adf3d98a3b__flash' => []
    'a8b7b1ec9ffb8baf2c6eaa253fe57112__returnUrl' => 'https://derschmuckmacher-v3.ddev.site/dW2axQ3b/'
]

$_SERVER = [
    'DEPLOY_NAME' => 'local'
    'DDEV_WEBSERVER_TYPE' => 'nginx-fpm'
    'npm_config_cache' => '/mnt/ddev-global-cache/npm'
    'COREPACK_ENABLE_DOWNLOAD_PROMPT' => '0'
    'DDEV_GOOS' => 'darwin'
    'IS_DDEV_PROJECT' => 'true'
    'PHP_DEFAULT_VERSION' => '8.3'
    'HOSTNAME' => 'derschmuckmacher-v3-web'
    'MAILPIT_SMTP_PORT' => '1025'
    'MH_SMTP_BIND_ADDR' => '127.0.0.1:1025'
    'DDEV_PRIMARY_URL_WITHOUT_PORT' => 'https://derschmuckmacher-v3.ddev.site'
    'CRAFT_DB_PORT' => '3306'
    'DDEV_GID' => '20'
    'SSH_AUTH_SOCK' => '/home/.ssh-agent/socket'
    'NODE_EXTRA_CA_CERTS' => '/mnt/ddev-global-cache/mkcert/rootCA.pem'
    'DOCKER_IP' => '127.0.0.1'
    'PGPASSWORD' => 'db'
    'CRAFT_WEB_ROOT' => '/var/www/html/web'
    'DDEV_DOCROOT' => 'web'
    'PWD' => '/var/www/html'
    'PLATFORMSH_CLI_UPDATES_CHECK' => '0'
    'DDEV_APPROOT' => '/var/www/html'
    'DDEV_FILES_DIR' => ''
    'START_SCRIPT_TIMEOUT' => '57'
    'APACHE_SITE_TEMPLATE' => '/etc/apache2/apache-site.conf'
    'PHP_INI' => '/etc/php/8.3/fpm/php.ini'
    'DDEV_VERSION' => 'v1.24.10'
    'PRIMARY_SITE_URL' => 'https://derschmuckmacher-v3.ddev.site'
    'TZ' => 'Europe/Zurich'
    'DDEV_XHPROF_MODE' => 'prepend'
    'HTTPS_EXPOSE' => '443:80,8026:8025'
    'COREPACK_HOME' => '/mnt/ddev-global-cache/corepack'
    'CRAFT_DB_DATABASE' => 'db'
    'DDEV_PRIMARY_URL' => 'https://derschmuckmacher-v3.ddev.site'
    'LINES' => '6'
    'DDEV_SITENAME' => 'derschmuckmacher-v3'
    'HOME' => '/home/omar'
    'DRUSH_OPTIONS_URI' => 'https://derschmuckmacher-v3.ddev.site'
    'LANG' => 'C.UTF-8'
    'COLUMNS' => '371'
    'DDEV_MUTAGEN_ENABLED' => 'true'
    'DDEV_USER' => 'omar'
    'PGUSER' => 'db'
    'TERMINUS_CACHE_DIR' => '/mnt/ddev-global-cache/terminus/cache'
    'DDEV_PRIMARY_URL_PORT' => '443'
    'DDEV_ROUTER_HTTP_PORT' => '80'
    'MAILPIT_SMTP_HOSTNAME' => '127.0.0.1'
    'CRAFT_DB_DRIVER' => 'mysql'
    'COMPOSER_PROCESS_TIMEOUT' => '2000'
    'NGINX_SITE_TEMPLATE' => '/etc/nginx/nginx-site.conf'
    'DDEV_FILES_DIRS' => ''
    'CRAFT_DB_SERVER' => 'db'
    'HTTP_EXPOSE' => '80:80,8025:8025'
    'NVM_DIR' => '/home/omar/.nvm'
    'DDEV_PHP_VERSION' => '8.3'
    'DDEV_TLD' => 'ddev.site'
    'DDEV_HOSTNAME' => 'derschmuckmacher-v3.ddev.site'
    'DDEV_PROJECT' => 'derschmuckmacher-v3'
    'DDEV_GOARCH' => 'arm64'
    'VIRTUAL_HOST' => 'derschmuckmacher-v3.ddev.site'
    'TERM' => 'xterm'
    'USER' => 'omar'
    'MYSQL_HISTFILE' => '/mnt/ddev-global-cache/mysqlhistory/derschmuckmacher-v3-web/mysql_history'
    'DDEV_WEB_ENTRYPOINT' => '/mnt/ddev_config/web-entrypoint.d'
    'DDEV_UID' => '501'
    'CAROOT' => '/mnt/ddev-global-cache/mkcert'
    'SHLVL' => '1'
    'COMPOSER_ALLOW_SUPERUSER' => '1'
    'BASH_ENV' => '/etc/bash.nointeractive.bashrc'
    'DDEV_DATABASE' => 'mysql:8.0'
    'PGDATABASE' => 'db'
    'CRAFT_DB_USER' => 'db'
    'DDEV_SCHEME' => 'https'
    'XHPROF_OUTPUT_DIR' => '/tmp/xhprof'
    'COMPOSER_CACHE_DIR' => '/mnt/ddev-global-cache/composer'
    'DDEV_XDEBUG_ENABLED' => 'false'
    'DDEV_DATABASE_FAMILY' => 'mysql'
    'PGHOST' => 'db'
    'DDEV_COMPOSER_ROOT' => '/var/www/html'
    'CRAFT_DB_PASSWORD' => '••'
    'DOCROOT' => 'web'
    'TERMINUS_HIDE_UPDATE_MESSAGE' => '1'
    'PATH' => '/home/omar/bin:/var/www/html/vendor/bin:/usr/local/sbin:/usr/local/bin:/usr/sbin:/usr/bin:/sbin:/bin:/var/www/html/bin:/mnt/ddev-global-cache/global-commands/web'
    'HOST_DOCKER_INTERNAL_IP' => ''
    'DDEV_PROJECT_TYPE' => 'craftcms'
    'DEBIAN_FRONTEND' => 'noninteractive'
    'DDEV_ROUTER_HTTPS_PORT' => '443'
    'EXECIGNORE' => '/var/www/html/vendor/bin/composer'
    'SUPERVISOR_ENABLED' => '1'
    'SUPERVISOR_SERVER_URL' => 'unix:///var/run/supervisor.sock'
    'SUPERVISOR_PROCESS_NAME' => 'php-fpm'
    'SUPERVISOR_GROUP_NAME' => 'php-fpm'
    'HTTP_X_REAL_IP' => '172.18.0.1'
    'HTTP_X_FORWARDED_SERVER' => '9d89c63e5d30'
    'HTTP_X_FORWARDED_PROTO' => 'https'
    'HTTP_X_FORWARDED_PORT' => '443'
    'HTTP_X_FORWARDED_HOST' => 'derschmuckmacher-v3.ddev.site'
    'HTTP_X_FORWARDED_FOR' => '172.18.0.1'
    'HTTP_UPGRADE_INSECURE_REQUESTS' => '1'
    'HTTP_TE' => 'trailers'
    'HTTP_SEC_GPC' => '1'
    'HTTP_SEC_FETCH_USER' => '?1'
    'HTTP_SEC_FETCH_SITE' => 'none'
    'HTTP_SEC_FETCH_MODE' => 'navigate'
    'HTTP_SEC_FETCH_DEST' => 'document'
    'HTTP_PRIORITY' => 'u=0, i'
    'HTTP_COOKIE' => 'cookieconsent_status=allow; CRAFT_CSRF_TOKEN=c46764d17b682367679c529f1043872bbfd294280b0a6b522869cb3868f8a6a6a%3A2%3A%7Bi%3A0%3Bs%3A16%3A%22CRAFT_CSRF_TOKEN%22%3Bi%3A1%3Bs%3A40%3A%22oscGmXtgN7lH1IINFeBh9KwfL0sWDqIBBHQCFaaO%22%3B%7D; CraftSessionId=8dln48qoin5lenmi6jccge1uaf; a8b7b1ec9ffb8baf2c6eaa253fe57112_username=26b9ec8568da68d3882e55afaa5d203483c6c5810ee05b5a55c8a0eb10cab93ea%3A2%3A%7Bi%3A0%3Bs%3A41%3A%22a8b7b1ec9ffb8baf2c6eaa253fe57112_username%22%3Bi%3A1%3Bs%3A8%3A%22odegiuli%22%3B%7D; Craft-3626ffc1-d0a3-42e3-98aa-37e8aa759561_sidebar=expanded'
    'HTTP_ACCEPT_LANGUAGE' => 'de,en-US;q=0.9,en;q=0.8'
    'HTTP_ACCEPT_ENCODING' => 'gzip, deflate, br, zstd'
    'HTTP_ACCEPT' => 'text/html,application/xhtml+xml,application/xml;q=0.9,*/*;q=0.8'
    'HTTP_USER_AGENT' => 'Mozilla/5.0 (Macintosh; Intel Mac OS X 10.15; rv:150.0) Gecko/20100101 Firefox/150.0'
    'HTTP_HOST' => 'derschmuckmacher-v3.ddev.site'
    'HTTPS' => 'on'
    'REDIRECT_STATUS' => '200'
    'SERVER_NAME' => 'derschmuckmacher-v3.ddev.site'
    'SERVER_PORT' => '80'
    'SERVER_ADDR' => '172.18.0.4'
    'REMOTE_PORT' => '36962'
    'REMOTE_ADDR' => '172.18.0.5'
    'SERVER_SOFTWARE' => 'nginx/1.28.0'
    'GATEWAY_INTERFACE' => 'CGI/1.1'
    'REQUEST_SCHEME' => 'http'
    'SERVER_PROTOCOL' => 'HTTP/1.1'
    'DOCUMENT_ROOT' => '/var/www/html/web'
    'DOCUMENT_URI' => '/index.php'
    'REQUEST_URI' => '/dW2axQ3b/login'
    'CONTENT_LENGTH' => ''
    'CONTENT_TYPE' => ''
    'REQUEST_METHOD' => 'GET'
    'QUERY_STRING' => ''
    'SCRIPT_NAME' => '/index.php'
    'SCRIPT_FILENAME' => '/var/www/html/web/index.php'
    'FCGI_ROLE' => 'RESPONDER'
    'PHP_SELF' => '/index.php'
    'REQUEST_TIME_FLOAT' => 1778919749.3233
    'REQUEST_TIME' => 1778919749
    'CRAFT_APP_ID' => 'CraftCMS--3933bc78-29f5-4b79-bcc5-c31faf0fcd20'
    'CRAFT_ENVIRONMENT' => 'dev'
    'ENVIRONMENT' => 'dev'
    'CRAFT_SECURITY_KEY' => '••••••••••••••••••••••••••••••••'
    'CP_TRIGGER' => 'dW2axQ3b'
    'CRAFT_DB_SCHEMA' => 'public'
    'CRAFT_DB_TABLE_PREFIX' => ''
    'DEV_MODE' => 'true'
    'ALLOW_ADMIN_CHANGES' => 'true'
    'DISALLOW_ROBOTS' => 'true'
    'TIMEZONE' => 'Europe/Zurich'
    'CAPTCHA_SITE_KEY' => '••••••••••••••••••••••••••••••••••••••••'
    'CAPTCHA_SECRET_KEY' => '••••••••••••••••••••••••••••••••••••••••'
    'WEB_URL' => 'https://derschmuckmacher-v3.ddev.site'
    'WEB_ROOT' => '/var/www/html/web'
    'ASSETS_BASE_URL' => 'https://derschmuckmacher-v3.ddev.site/public'
    'ASSETS_BASE_PATH' => '/var/www/html/web/public'
    'SCHMUCK_BASE_URL' => 'https://derschmuckmacher-v3.ddev.site/public/uploads/schmuck'
    'SCHMUCK_BASE_PATH' => '/var/www/html/web/public/uploads/schmuck'
    'BILDER_BASE_URL' => 'https://derschmuckmacher-v3.ddev.site/public/uploads/bilder'
    'BILDER_BASE_PATH' => '/var/www/html/web/public/uploads/bilder'
] {"environment":"dev"} 
2026-05-16 10:22:33 [web.INFO] [yii\db\Connection::open] Opening DB connection: mysql:host=db;dbname=db;port=3306 {"memory":1098640} 
2026-05-16 10:22:33 [web.INFO] [yii\web\Session::open] Session started {"memory":1519672} 
2026-05-16 10:22:33 [web.INFO] [nystudio107\codeeditor\CodeEditor::bootstrap] CodeEditor module bootstrapped {"memory":1540640} 
2026-05-16 10:22:33 [web.INFO] [adigital\cookieconsentbanner\CookieConsentBanner::init] Cookie Consent Banner plugin loaded {"memory":1755448} 
2026-05-16 10:22:33 [web.INFO] [miranj\obfuscator\Obfuscator::init] Obfuscator plugin loaded {"memory":2719840} 
2026-05-16 10:22:33 [web.INFO] [yii\web\User::login] User '1' logged in from 172.18.0.1 with duration 3600. {"memory":3053648} 
2026-05-16 10:22:33 [web.INFO] [application] Request context:
$_GET = [
    'p' => 'dW2axQ3b/actions/users/login'
    'v' => '1778919752816'
]

$_FILES = []

$_COOKIE = [
    'cookieconsent_status' => 'allow'
    'CRAFT_CSRF_TOKEN' => '••••••••••••••••••••••••••••••••••••••••••••••••••••••••••••••••••••••••••••••••••••••••••••••••••••••••••••••••••••••••••••••••••••••••••••••••••••••'
    'CraftSessionId' => '8dln48qoin5lenmi6jccge1uaf'
    'a8b7b1ec9ffb8baf2c6eaa253fe57112_username' => '26b9ec8568da68d3882e55afaa5d203483c6c5810ee05b5a55c8a0eb10cab93ea:2:{i:0;s:41:\"a8b7b1ec9ffb8baf2c6eaa253fe57112_username\";i:1;s:8:\"odegiuli\";}'
    'Craft-3626ffc1-d0a3-42e3-98aa-37e8aa759561_sidebar' => 'expanded'
]

$_SESSION = [
    '22b6a59deafcfb2ffb13c3adf3d98a3b__flash' => []
    'a8b7b1ec9ffb8baf2c6eaa253fe57112__token' => '••••••••••••••••••••••••••••••••••••••••••••••••••••••••••••••••••••••••••••••••••••••••••••••••••••'
    'a8b7b1ec9ffb8baf2c6eaa253fe57112__id' => 1
    '__authKey' => '••••••••••••••••••••••••••••••••••••••••••••••••••••••••••••••••••••••••••••••••••••••••••••••••••••••••••••••••••••••••••••••••••••••••••••••••'
    'a8b7b1ec9ffb8baf2c6eaa253fe57112__expire' => 1778923353
    '__duration' => 3600
    '__elevated_timeout' => 1778920053
]

$_SERVER = [
    'DEPLOY_NAME' => 'local'
    'DDEV_WEBSERVER_TYPE' => 'nginx-fpm'
    'npm_config_cache' => '/mnt/ddev-global-cache/npm'
    'COREPACK_ENABLE_DOWNLOAD_PROMPT' => '0'
    'DDEV_GOOS' => 'darwin'
    'IS_DDEV_PROJECT' => 'true'
    'PHP_DEFAULT_VERSION' => '8.3'
    'HOSTNAME' => 'derschmuckmacher-v3-web'
    'MAILPIT_SMTP_PORT' => '1025'
    'MH_SMTP_BIND_ADDR' => '127.0.0.1:1025'
    'DDEV_PRIMARY_URL_WITHOUT_PORT' => 'https://derschmuckmacher-v3.ddev.site'
    'CRAFT_DB_PORT' => '3306'
    'DDEV_GID' => '20'
    'SSH_AUTH_SOCK' => '/home/.ssh-agent/socket'
    'NODE_EXTRA_CA_CERTS' => '/mnt/ddev-global-cache/mkcert/rootCA.pem'
    'DOCKER_IP' => '127.0.0.1'
    'PGPASSWORD' => 'db'
    'CRAFT_WEB_ROOT' => '/var/www/html/web'
    'DDEV_DOCROOT' => 'web'
    'PWD' => '/var/www/html'
    'PLATFORMSH_CLI_UPDATES_CHECK' => '0'
    'DDEV_APPROOT' => '/var/www/html'
    'DDEV_FILES_DIR' => ''
    'START_SCRIPT_TIMEOUT' => '57'
    'APACHE_SITE_TEMPLATE' => '/etc/apache2/apache-site.conf'
    'PHP_INI' => '/etc/php/8.3/fpm/php.ini'
    'DDEV_VERSION' => 'v1.24.10'
    'PRIMARY_SITE_URL' => 'https://derschmuckmacher-v3.ddev.site'
    'TZ' => 'Europe/Zurich'
    'DDEV_XHPROF_MODE' => 'prepend'
    'HTTPS_EXPOSE' => '443:80,8026:8025'
    'COREPACK_HOME' => '/mnt/ddev-global-cache/corepack'
    'CRAFT_DB_DATABASE' => 'db'
    'DDEV_PRIMARY_URL' => 'https://derschmuckmacher-v3.ddev.site'
    'LINES' => '6'
    'DDEV_SITENAME' => 'derschmuckmacher-v3'
    'HOME' => '/home/omar'
    'DRUSH_OPTIONS_URI' => 'https://derschmuckmacher-v3.ddev.site'
    'LANG' => 'C.UTF-8'
    'COLUMNS' => '371'
    'DDEV_MUTAGEN_ENABLED' => 'true'
    'DDEV_USER' => 'omar'
    'PGUSER' => 'db'
    'TERMINUS_CACHE_DIR' => '/mnt/ddev-global-cache/terminus/cache'
    'DDEV_PRIMARY_URL_PORT' => '443'
    'DDEV_ROUTER_HTTP_PORT' => '80'
    'MAILPIT_SMTP_HOSTNAME' => '127.0.0.1'
    'CRAFT_DB_DRIVER' => 'mysql'
    'COMPOSER_PROCESS_TIMEOUT' => '2000'
    'NGINX_SITE_TEMPLATE' => '/etc/nginx/nginx-site.conf'
    'DDEV_FILES_DIRS' => ''
    'CRAFT_DB_SERVER' => 'db'
    'HTTP_EXPOSE' => '80:80,8025:8025'
    'NVM_DIR' => '/home/omar/.nvm'
    'DDEV_PHP_VERSION' => '8.3'
    'DDEV_TLD' => 'ddev.site'
    'DDEV_HOSTNAME' => 'derschmuckmacher-v3.ddev.site'
    'DDEV_PROJECT' => 'derschmuckmacher-v3'
    'DDEV_GOARCH' => 'arm64'
    'VIRTUAL_HOST' => 'derschmuckmacher-v3.ddev.site'
    'TERM' => 'xterm'
    'USER' => 'omar'
    'MYSQL_HISTFILE' => '/mnt/ddev-global-cache/mysqlhistory/derschmuckmacher-v3-web/mysql_history'
    'DDEV_WEB_ENTRYPOINT' => '/mnt/ddev_config/web-entrypoint.d'
    'DDEV_UID' => '501'
    'CAROOT' => '/mnt/ddev-global-cache/mkcert'
    'SHLVL' => '1'
    'COMPOSER_ALLOW_SUPERUSER' => '1'
    'BASH_ENV' => '/etc/bash.nointeractive.bashrc'
    'DDEV_DATABASE' => 'mysql:8.0'
    'PGDATABASE' => 'db'
    'CRAFT_DB_USER' => 'db'
    'DDEV_SCHEME' => 'https'
    'XHPROF_OUTPUT_DIR' => '/tmp/xhprof'
    'COMPOSER_CACHE_DIR' => '/mnt/ddev-global-cache/composer'
    'DDEV_XDEBUG_ENABLED' => 'false'
    'DDEV_DATABASE_FAMILY' => 'mysql'
    'PGHOST' => 'db'
    'DDEV_COMPOSER_ROOT' => '/var/www/html'
    'CRAFT_DB_PASSWORD' => '••'
    'DOCROOT' => 'web'
    'TERMINUS_HIDE_UPDATE_MESSAGE' => '1'
    'PATH' => '/home/omar/bin:/var/www/html/vendor/bin:/usr/local/sbin:/usr/local/bin:/usr/sbin:/usr/bin:/sbin:/bin:/var/www/html/bin:/mnt/ddev-global-cache/global-commands/web'
    'HOST_DOCKER_INTERNAL_IP' => ''
    'DDEV_PROJECT_TYPE' => 'craftcms'
    'DEBIAN_FRONTEND' => 'noninteractive'
    'DDEV_ROUTER_HTTPS_PORT' => '443'
    'EXECIGNORE' => '/var/www/html/vendor/bin/composer'
    'SUPERVISOR_ENABLED' => '1'
    'SUPERVISOR_SERVER_URL' => 'unix:///var/run/supervisor.sock'
    'SUPERVISOR_PROCESS_NAME' => 'php-fpm'
    'SUPERVISOR_GROUP_NAME' => 'php-fpm'
    'HTTP_X_REQUESTED_WITH' => 'XMLHttpRequest'
    'HTTP_X_REGISTERED_JS_FILES' => ''
    'HTTP_X_REGISTERED_ASSET_BUNDLES' => '22e517a2,aee7f8dc,26c46c25,e505ffd6,6b4d7555,bb2f10a0,e5e48399,815d39ea,fc0bc163,1ccab40d,1e21896b,54698ee0,b842675b,1c3c9add,4b1fd285,d8d08e47,8f00ce04,8768f48b,cf3018d6,ec6d0256'
    'HTTP_X_REAL_IP' => '172.18.0.1'
    'HTTP_X_FORWARDED_SERVER' => '9d89c63e5d30'
    'HTTP_X_FORWARDED_PROTO' => 'https'
    'HTTP_X_FORWARDED_PORT' => '443'
    'HTTP_X_FORWARDED_HOST' => 'derschmuckmacher-v3.ddev.site'
    'HTTP_X_FORWARDED_FOR' => '172.18.0.1'
    'HTTP_X_CSRF_TOKEN' => '••••••••••••••••••••••••••••••••••••••••••••••••••••••••••••••••••••••••••••••••••••••••••••••••••••••••••••'
    'HTTP_TE' => 'trailers'
    'HTTP_SEC_GPC' => '1'
    'HTTP_SEC_FETCH_SITE' => 'same-origin'
    'HTTP_SEC_FETCH_MODE' => 'cors'
    'HTTP_SEC_FETCH_DEST' => 'empty'
    'HTTP_REFERER' => 'https://derschmuckmacher-v3.ddev.site/dW2axQ3b/login'
    'HTTP_PRIORITY' => 'u=0'
    'HTTP_ORIGIN' => 'https://derschmuckmacher-v3.ddev.site'
    'HTTP_COOKIE' => 'cookieconsent_status=allow; CRAFT_CSRF_TOKEN=c46764d17b682367679c529f1043872bbfd294280b0a6b522869cb3868f8a6a6a%3A2%3A%7Bi%3A0%3Bs%3A16%3A%22CRAFT_CSRF_TOKEN%22%3Bi%3A1%3Bs%3A40%3A%22oscGmXtgN7lH1IINFeBh9KwfL0sWDqIBBHQCFaaO%22%3B%7D; CraftSessionId=8dln48qoin5lenmi6jccge1uaf; a8b7b1ec9ffb8baf2c6eaa253fe57112_username=26b9ec8568da68d3882e55afaa5d203483c6c5810ee05b5a55c8a0eb10cab93ea%3A2%3A%7Bi%3A0%3Bs%3A41%3A%22a8b7b1ec9ffb8baf2c6eaa253fe57112_username%22%3Bi%3A1%3Bs%3A8%3A%22odegiuli%22%3B%7D; Craft-3626ffc1-d0a3-42e3-98aa-37e8aa759561_sidebar=expanded'
    'HTTP_CONTENT_TYPE' => 'application/json'
    'HTTP_ACCEPT_LANGUAGE' => 'de,en-US;q=0.9,en;q=0.8'
    'HTTP_ACCEPT_ENCODING' => 'gzip, deflate, br, zstd'
    'HTTP_ACCEPT' => 'application/json, text/plain, */*'
    'HTTP_CONTENT_LENGTH' => '68'
    'HTTP_USER_AGENT' => 'Mozilla/5.0 (Macintosh; Intel Mac OS X 10.15; rv:150.0) Gecko/20100101 Firefox/150.0'
    'HTTP_HOST' => 'derschmuckmacher-v3.ddev.site'
    'HTTPS' => 'on'
    'REDIRECT_STATUS' => '200'
    'SERVER_NAME' => 'derschmuckmacher-v3.ddev.site'
    'SERVER_PORT' => '80'
    'SERVER_ADDR' => '172.18.0.4'
    'REMOTE_PORT' => '59208'
    'REMOTE_ADDR' => '172.18.0.5'
    'SERVER_SOFTWARE' => 'nginx/1.28.0'
    'GATEWAY_INTERFACE' => 'CGI/1.1'
    'REQUEST_SCHEME' => 'http'
    'SERVER_PROTOCOL' => 'HTTP/1.1'
    'DOCUMENT_ROOT' => '/var/www/html/web'
    'DOCUMENT_URI' => '/index.php'
    'REQUEST_URI' => '/index.php?p=dW2axQ3b%2Factions%2Fusers%2Flogin&v=1778919752816'
    'CONTENT_LENGTH' => '68'
    'CONTENT_TYPE' => 'application/json'
    'REQUEST_METHOD' => 'POST'
    'QUERY_STRING' => 'p=dW2axQ3b%2Factions%2Fusers%2Flogin&v=1778919752816'
    'SCRIPT_NAME' => '/index.php'
    'SCRIPT_FILENAME' => '/var/www/html/web/index.php'
    'FCGI_ROLE' => 'RESPONDER'
    'PHP_SELF' => '/index.php'
    'REQUEST_TIME_FLOAT' => 1778919752.8331
    'REQUEST_TIME' => 1778919752
    'CRAFT_APP_ID' => 'CraftCMS--3933bc78-29f5-4b79-bcc5-c31faf0fcd20'
    'CRAFT_ENVIRONMENT' => 'dev'
    'ENVIRONMENT' => 'dev'
    'CRAFT_SECURITY_KEY' => '••••••••••••••••••••••••••••••••'
    'CP_TRIGGER' => 'dW2axQ3b'
    'CRAFT_DB_SCHEMA' => 'public'
    'CRAFT_DB_TABLE_PREFIX' => ''
    'DEV_MODE' => 'true'
    'ALLOW_ADMIN_CHANGES' => 'true'
    'DISALLOW_ROBOTS' => 'true'
    'TIMEZONE' => 'Europe/Zurich'
    'CAPTCHA_SITE_KEY' => '••••••••••••••••••••••••••••••••••••••••'
    'CAPTCHA_SECRET_KEY' => '••••••••••••••••••••••••••••••••••••••••'
    'WEB_URL' => 'https://derschmuckmacher-v3.ddev.site'
    'WEB_ROOT' => '/var/www/html/web'
    'ASSETS_BASE_URL' => 'https://derschmuckmacher-v3.ddev.site/public'
    'ASSETS_BASE_PATH' => '/var/www/html/web/public'
    'SCHMUCK_BASE_URL' => 'https://derschmuckmacher-v3.ddev.site/public/uploads/schmuck'
    'SCHMUCK_BASE_PATH' => '/var/www/html/web/public/uploads/schmuck'
    'BILDER_BASE_URL' => 'https://derschmuckmacher-v3.ddev.site/public/uploads/bilder'
    'BILDER_BASE_PATH' => '/var/www/html/web/public/uploads/bilder'
] {"environment":"dev","userId":1,"body":"{\"loginName\":\"odegiuli\",\"password\":\"••••••••••••••\",\"rememberMe\":\"\"}"} 
2026-05-16 10:22:33 [web.INFO] [yii\db\Connection::open] Opening DB connection: mysql:host=db;dbname=db;port=3306 {"memory":1097496} 
2026-05-16 10:22:33 [web.INFO] [yii\web\Session::open] Session started {"memory":1518440} 
2026-05-16 10:22:33 [web.INFO] [nystudio107\codeeditor\CodeEditor::bootstrap] CodeEditor module bootstrapped {"memory":1542776} 
2026-05-16 10:22:33 [web.INFO] [adigital\cookieconsentbanner\CookieConsentBanner::init] Cookie Consent Banner plugin loaded {"memory":1757680} 
2026-05-16 10:22:33 [web.INFO] [miranj\obfuscator\Obfuscator::init] Obfuscator plugin loaded {"memory":2719192} 
2026-05-16 10:22:33 [web.INFO] [application] Request context:
$_GET = []

$_POST = []

$_FILES = []

$_COOKIE = [
    'cookieconsent_status' => 'allow'
    'CRAFT_CSRF_TOKEN' => '••••••••••••••••••••••••••••••••••••••••••••••••••••••••••••••••••••••••••••••••••••••••••••••••••••••••••••••••••••••••••••••••••••••••••••••••••••••••••••••••••••••••••••••••••••••••••••••••••••••••••••••••••••••••••••••••••••••••••••••••••••••••••••••••••'
    'CraftSessionId' => '8m6eet0tlm9ao9brq6uoi3p8sq'
    'a8b7b1ec9ffb8baf2c6eaa253fe57112_username' => '26b9ec8568da68d3882e55afaa5d203483c6c5810ee05b5a55c8a0eb10cab93ea:2:{i:0;s:41:\"a8b7b1ec9ffb8baf2c6eaa253fe57112_username\";i:1;s:8:\"odegiuli\";}'
    'Craft-3626ffc1-d0a3-42e3-98aa-37e8aa759561_sidebar' => 'expanded'
    'a8b7b1ec9ffb8baf2c6eaa253fe57112_identity' => '014810335ee2fe011ef02c02b537a1ac7bf3cfa7f2f8fab42103f71f70525ae3a:2:{i:0;s:41:\"a8b7b1ec9ffb8baf2c6eaa253fe57112_identity\";i:1;s:159:\"[1,\"[\\\"W66KgiipJ2zO7LpsWJIt3v8lNdASO5VFU_NWJx8fvJypaXtu7Vb1Uyqznj6tW9NKQQKhWj7c7P7i3tDJATDmANWARJN_Io4GlsP0\\\",null,\\\"0ef01a0bceeac5b1d0a2b6557bd3d7b1\\\"]\",3600]\";}'
]

$_SESSION = [
    '22b6a59deafcfb2ffb13c3adf3d98a3b__flash' => []
    'a8b7b1ec9ffb8baf2c6eaa253fe57112__token' => '••••••••••••••••••••••••••••••••••••••••••••••••••••••••••••••••••••••••••••••••••••••••••••••••••••'
    'a8b7b1ec9ffb8baf2c6eaa253fe57112__id' => 1
    '__authKey' => '••••••••••••••••••••••••••••••••••••••••••••••••••••••••••••••••••••••••••••••••••••••••••••••••••••••••••••••••••••••••••••••••••••••••••••••••'
    'a8b7b1ec9ffb8baf2c6eaa253fe57112__expire' => 1778923353
    '__duration' => 3600
    '__elevated_timeout' => 1778920053
]

$_SERVER = [
    'DEPLOY_NAME' => 'local'
    'DDEV_WEBSERVER_TYPE' => 'nginx-fpm'
    'npm_config_cache' => '/mnt/ddev-global-cache/npm'
    'COREPACK_ENABLE_DOWNLOAD_PROMPT' => '0'
    'DDEV_GOOS' => 'darwin'
    'IS_DDEV_PROJECT' => 'true'
    'PHP_DEFAULT_VERSION' => '8.3'
    'HOSTNAME' => 'derschmuckmacher-v3-web'
    'MAILPIT_SMTP_PORT' => '1025'
    'MH_SMTP_BIND_ADDR' => '127.0.0.1:1025'
    'DDEV_PRIMARY_URL_WITHOUT_PORT' => 'https://derschmuckmacher-v3.ddev.site'
    'CRAFT_DB_PORT' => '3306'
    'DDEV_GID' => '20'
    'SSH_AUTH_SOCK' => '/home/.ssh-agent/socket'
    'NODE_EXTRA_CA_CERTS' => '/mnt/ddev-global-cache/mkcert/rootCA.pem'
    'DOCKER_IP' => '127.0.0.1'
    'PGPASSWORD' => 'db'
    'CRAFT_WEB_ROOT' => '/var/www/html/web'
    'DDEV_DOCROOT' => 'web'
    'PWD' => '/var/www/html'
    'PLATFORMSH_CLI_UPDATES_CHECK' => '0'
    'DDEV_APPROOT' => '/var/www/html'
    'DDEV_FILES_DIR' => ''
    'START_SCRIPT_TIMEOUT' => '57'
    'APACHE_SITE_TEMPLATE' => '/etc/apache2/apache-site.conf'
    'PHP_INI' => '/etc/php/8.3/fpm/php.ini'
    'DDEV_VERSION' => 'v1.24.10'
    'PRIMARY_SITE_URL' => 'https://derschmuckmacher-v3.ddev.site'
    'TZ' => 'Europe/Zurich'
    'DDEV_XHPROF_MODE' => 'prepend'
    'HTTPS_EXPOSE' => '443:80,8026:8025'
    'COREPACK_HOME' => '/mnt/ddev-global-cache/corepack'
    'CRAFT_DB_DATABASE' => 'db'
    'DDEV_PRIMARY_URL' => 'https://derschmuckmacher-v3.ddev.site'
    'LINES' => '6'
    'DDEV_SITENAME' => 'derschmuckmacher-v3'
    'HOME' => '/home/omar'
    'DRUSH_OPTIONS_URI' => 'https://derschmuckmacher-v3.ddev.site'
    'LANG' => 'C.UTF-8'
    'COLUMNS' => '371'
    'DDEV_MUTAGEN_ENABLED' => 'true'
    'DDEV_USER' => 'omar'
    'PGUSER' => 'db'
    'TERMINUS_CACHE_DIR' => '/mnt/ddev-global-cache/terminus/cache'
    'DDEV_PRIMARY_URL_PORT' => '443'
    'DDEV_ROUTER_HTTP_PORT' => '80'
    'MAILPIT_SMTP_HOSTNAME' => '127.0.0.1'
    'CRAFT_DB_DRIVER' => 'mysql'
    'COMPOSER_PROCESS_TIMEOUT' => '2000'
    'NGINX_SITE_TEMPLATE' => '/etc/nginx/nginx-site.conf'
    'DDEV_FILES_DIRS' => ''
    'CRAFT_DB_SERVER' => 'db'
    'HTTP_EXPOSE' => '80:80,8025:8025'
    'NVM_DIR' => '/home/omar/.nvm'
    'DDEV_PHP_VERSION' => '8.3'
    'DDEV_TLD' => 'ddev.site'
    'DDEV_HOSTNAME' => 'derschmuckmacher-v3.ddev.site'
    'DDEV_PROJECT' => 'derschmuckmacher-v3'
    'DDEV_GOARCH' => 'arm64'
    'VIRTUAL_HOST' => 'derschmuckmacher-v3.ddev.site'
    'TERM' => 'xterm'
    'USER' => 'omar'
    'MYSQL_HISTFILE' => '/mnt/ddev-global-cache/mysqlhistory/derschmuckmacher-v3-web/mysql_history'
    'DDEV_WEB_ENTRYPOINT' => '/mnt/ddev_config/web-entrypoint.d'
    'DDEV_UID' => '501'
    'CAROOT' => '/mnt/ddev-global-cache/mkcert'
    'SHLVL' => '1'
    'COMPOSER_ALLOW_SUPERUSER' => '1'
    'BASH_ENV' => '/etc/bash.nointeractive.bashrc'
    'DDEV_DATABASE' => 'mysql:8.0'
    'PGDATABASE' => 'db'
    'CRAFT_DB_USER' => 'db'
    'DDEV_SCHEME' => 'https'
    'XHPROF_OUTPUT_DIR' => '/tmp/xhprof'
    'COMPOSER_CACHE_DIR' => '/mnt/ddev-global-cache/composer'
    'DDEV_XDEBUG_ENABLED' => 'false'
    'DDEV_DATABASE_FAMILY' => 'mysql'
    'PGHOST' => 'db'
    'DDEV_COMPOSER_ROOT' => '/var/www/html'
    'CRAFT_DB_PASSWORD' => '••'
    'DOCROOT' => 'web'
    'TERMINUS_HIDE_UPDATE_MESSAGE' => '1'
    'PATH' => '/home/omar/bin:/var/www/html/vendor/bin:/usr/local/sbin:/usr/local/bin:/usr/sbin:/usr/bin:/sbin:/bin:/var/www/html/bin:/mnt/ddev-global-cache/global-commands/web'
    'HOST_DOCKER_INTERNAL_IP' => ''
    'DDEV_PROJECT_TYPE' => 'craftcms'
    'DEBIAN_FRONTEND' => 'noninteractive'
    'DDEV_ROUTER_HTTPS_PORT' => '443'
    'EXECIGNORE' => '/var/www/html/vendor/bin/composer'
    'SUPERVISOR_ENABLED' => '1'
    'SUPERVISOR_SERVER_URL' => 'unix:///var/run/supervisor.sock'
    'SUPERVISOR_PROCESS_NAME' => 'php-fpm'
    'SUPERVISOR_GROUP_NAME' => 'php-fpm'
    'HTTP_X_REAL_IP' => '172.18.0.1'
    'HTTP_X_FORWARDED_SERVER' => '9d89c63e5d30'
    'HTTP_X_FORWARDED_PROTO' => 'https'
    'HTTP_X_FORWARDED_PORT' => '443'
    'HTTP_X_FORWARDED_HOST' => 'derschmuckmacher-v3.ddev.site'
    'HTTP_X_FORWARDED_FOR' => '172.18.0.1'
    'HTTP_UPGRADE_INSECURE_REQUESTS' => '1'
    'HTTP_TE' => 'trailers'
    'HTTP_SEC_GPC' => '1'
    'HTTP_SEC_FETCH_USER' => '?1'
    'HTTP_SEC_FETCH_SITE' => 'same-origin'
    'HTTP_SEC_FETCH_MODE' => 'navigate'
    'HTTP_SEC_FETCH_DEST' => 'document'
    'HTTP_REFERER' => 'https://derschmuckmacher-v3.ddev.site/dW2axQ3b/login'
    'HTTP_PRIORITY' => 'u=0, i'
    'HTTP_COOKIE' => 'cookieconsent_status=allow; CRAFT_CSRF_TOKEN=f52c2ad1562dd4eaea483aa259f3d9f40e937251911a1f388757fd23df670184a%3A2%3A%7Bi%3A0%3Bs%3A16%3A%22CRAFT_CSRF_TOKEN%22%3Bi%3A1%3Bs%3A147%3A%22oscGmXtgN7lH1IINFeBh9KwfL0sWDqIBBHQCFaaO%7Cb7905baa15fbf45e0730994dfb6501f9dd198752ca26e174cf5f6d5fd0c05b74oscGmXtgN7lH1IINFeBh9KwfL0sWDqIBBHQCFaaO%7C1%22%3B%7D; CraftSessionId=8m6eet0tlm9ao9brq6uoi3p8sq; a8b7b1ec9ffb8baf2c6eaa253fe57112_username=26b9ec8568da68d3882e55afaa5d203483c6c5810ee05b5a55c8a0eb10cab93ea%3A2%3A%7Bi%3A0%3Bs%3A41%3A%22a8b7b1ec9ffb8baf2c6eaa253fe57112_username%22%3Bi%3A1%3Bs%3A8%3A%22odegiuli%22%3B%7D; Craft-3626ffc1-d0a3-42e3-98aa-37e8aa759561_sidebar=expanded; a8b7b1ec9ffb8baf2c6eaa253fe57112_identity=014810335ee2fe011ef02c02b537a1ac7bf3cfa7f2f8fab42103f71f70525ae3a%3A2%3A%7Bi%3A0%3Bs%3A41%3A%22a8b7b1ec9ffb8baf2c6eaa253fe57112_identity%22%3Bi%3A1%3Bs%3A159%3A%22%5B1%2C%22%5B%5C%22W66KgiipJ2zO7LpsWJIt3v8lNdASO5VFU_NWJx8fvJypaXtu7Vb1Uyqznj6tW9NKQQKhWj7c7P7i3tDJATDmANWARJN_Io4GlsP0%5C%22%2Cnull%2C%5C%220ef01a0bceeac5b1d0a2b6557bd3d7b1%5C%22%5D%22%2C3600%5D%22%3B%7D'
    'HTTP_ACCEPT_LANGUAGE' => 'de,en-US;q=0.9,en;q=0.8'
    'HTTP_ACCEPT_ENCODING' => 'gzip, deflate, br, zstd'
    'HTTP_ACCEPT' => 'text/html,application/xhtml+xml,application/xml;q=0.9,*/*;q=0.8'
    'HTTP_USER_AGENT' => 'Mozilla/5.0 (Macintosh; Intel Mac OS X 10.15; rv:150.0) Gecko/20100101 Firefox/150.0'
    'HTTP_HOST' => 'derschmuckmacher-v3.ddev.site'
    'HTTPS' => 'on'
    'REDIRECT_STATUS' => '200'
    'SERVER_NAME' => 'derschmuckmacher-v3.ddev.site'
    'SERVER_PORT' => '80'
    'SERVER_ADDR' => '172.18.0.4'
    'REMOTE_PORT' => '59208'
    'REMOTE_ADDR' => '172.18.0.5'
    'SERVER_SOFTWARE' => 'nginx/1.28.0'
    'GATEWAY_INTERFACE' => 'CGI/1.1'
    'REQUEST_SCHEME' => 'http'
    'SERVER_PROTOCOL' => 'HTTP/1.1'
    'DOCUMENT_ROOT' => '/var/www/html/web'
    'DOCUMENT_URI' => '/index.php'
    'REQUEST_URI' => '/dW2axQ3b/'
    'CONTENT_LENGTH' => ''
    'CONTENT_TYPE' => ''
    'REQUEST_METHOD' => 'GET'
    'QUERY_STRING' => ''
    'SCRIPT_NAME' => '/index.php'
    'SCRIPT_FILENAME' => '/var/www/html/web/index.php'
    'FCGI_ROLE' => 'RESPONDER'
    'PHP_SELF' => '/index.php'
    'REQUEST_TIME_FLOAT' => 1778919753.2893
    'REQUEST_TIME' => 1778919753
    'CRAFT_APP_ID' => 'CraftCMS--3933bc78-29f5-4b79-bcc5-c31faf0fcd20'
    'CRAFT_ENVIRONMENT' => 'dev'
    'ENVIRONMENT' => 'dev'
    'CRAFT_SECURITY_KEY' => '••••••••••••••••••••••••••••••••'
    'CP_TRIGGER' => 'dW2axQ3b'
    'CRAFT_DB_SCHEMA' => 'public'
    'CRAFT_DB_TABLE_PREFIX' => ''
    'DEV_MODE' => 'true'
    'ALLOW_ADMIN_CHANGES' => 'true'
    'DISALLOW_ROBOTS' => 'true'
    'TIMEZONE' => 'Europe/Zurich'
    'CAPTCHA_SITE_KEY' => '••••••••••••••••••••••••••••••••••••••••'
    'CAPTCHA_SECRET_KEY' => '••••••••••••••••••••••••••••••••••••••••'
    'WEB_URL' => 'https://derschmuckmacher-v3.ddev.site'
    'WEB_ROOT' => '/var/www/html/web'
    'ASSETS_BASE_URL' => 'https://derschmuckmacher-v3.ddev.site/public'
    'ASSETS_BASE_PATH' => '/var/www/html/web/public'
    'SCHMUCK_BASE_URL' => 'https://derschmuckmacher-v3.ddev.site/public/uploads/schmuck'
    'SCHMUCK_BASE_PATH' => '/var/www/html/web/public/uploads/schmuck'
    'BILDER_BASE_URL' => 'https://derschmuckmacher-v3.ddev.site/public/uploads/bilder'
    'BILDER_BASE_PATH' => '/var/www/html/web/public/uploads/bilder'
] {"environment":"dev","userId":1} 
2026-05-16 10:22:33 [web.INFO] [yii\db\Connection::open] Opening DB connection: mysql:host=db;dbname=db;port=3306 {"memory":1097512} 
2026-05-16 10:22:33 [web.INFO] [yii\web\Session::open] Session started {"memory":1518464} 
2026-05-16 10:22:33 [web.INFO] [nystudio107\codeeditor\CodeEditor::bootstrap] CodeEditor module bootstrapped {"memory":1542800} 
2026-05-16 10:22:33 [web.INFO] [adigital\cookieconsentbanner\CookieConsentBanner::init] Cookie Consent Banner plugin loaded {"memory":1757704} 
2026-05-16 10:22:33 [web.INFO] [miranj\obfuscator\Obfuscator::init] Obfuscator plugin loaded {"memory":2719216} 
2026-05-16 10:22:33 [web.INFO] [application] Request context:
$_GET = []

$_POST = []

$_FILES = []

$_COOKIE = [
    'cookieconsent_status' => 'allow'
    'CRAFT_CSRF_TOKEN' => '••••••••••••••••••••••••••••••••••••••••••••••••••••••••••••••••••••••••••••••••••••••••••••••••••••••••••••••••••••••••••••••••••••••••••••••••••••••••••••••••••••••••••••••••••••••••••••••••••••••••••••••••••••••••••••••••••••••••••••••••••••••••••••••••••'
    'CraftSessionId' => '8m6eet0tlm9ao9brq6uoi3p8sq'
    'a8b7b1ec9ffb8baf2c6eaa253fe57112_username' => '26b9ec8568da68d3882e55afaa5d203483c6c5810ee05b5a55c8a0eb10cab93ea:2:{i:0;s:41:\"a8b7b1ec9ffb8baf2c6eaa253fe57112_username\";i:1;s:8:\"odegiuli\";}'
    'Craft-3626ffc1-d0a3-42e3-98aa-37e8aa759561_sidebar' => 'expanded'
    'a8b7b1ec9ffb8baf2c6eaa253fe57112_identity' => '014810335ee2fe011ef02c02b537a1ac7bf3cfa7f2f8fab42103f71f70525ae3a:2:{i:0;s:41:\"a8b7b1ec9ffb8baf2c6eaa253fe57112_identity\";i:1;s:159:\"[1,\"[\\\"W66KgiipJ2zO7LpsWJIt3v8lNdASO5VFU_NWJx8fvJypaXtu7Vb1Uyqznj6tW9NKQQKhWj7c7P7i3tDJATDmANWARJN_Io4GlsP0\\\",null,\\\"0ef01a0bceeac5b1d0a2b6557bd3d7b1\\\"]\",3600]\";}'
]

$_SESSION = [
    '22b6a59deafcfb2ffb13c3adf3d98a3b__flash' => []
    'a8b7b1ec9ffb8baf2c6eaa253fe57112__token' => '••••••••••••••••••••••••••••••••••••••••••••••••••••••••••••••••••••••••••••••••••••••••••••••••••••'
    'a8b7b1ec9ffb8baf2c6eaa253fe57112__id' => 1
    '__authKey' => '••••••••••••••••••••••••••••••••••••••••••••••••••••••••••••••••••••••••••••••••••••••••••••••••••••••••••••••••••••••••••••••••••••••••••••••••'
    'a8b7b1ec9ffb8baf2c6eaa253fe57112__expire' => 1778923353
    '__duration' => 3600
    '__elevated_timeout' => 1778920053
]

$_SERVER = [
    'DEPLOY_NAME' => 'local'
    'DDEV_WEBSERVER_TYPE' => 'nginx-fpm'
    'npm_config_cache' => '/mnt/ddev-global-cache/npm'
    'COREPACK_ENABLE_DOWNLOAD_PROMPT' => '0'
    'DDEV_GOOS' => 'darwin'
    'IS_DDEV_PROJECT' => 'true'
    'PHP_DEFAULT_VERSION' => '8.3'
    'HOSTNAME' => 'derschmuckmacher-v3-web'
    'MAILPIT_SMTP_PORT' => '1025'
    'MH_SMTP_BIND_ADDR' => '127.0.0.1:1025'
    'DDEV_PRIMARY_URL_WITHOUT_PORT' => 'https://derschmuckmacher-v3.ddev.site'
    'CRAFT_DB_PORT' => '3306'
    'DDEV_GID' => '20'
    'SSH_AUTH_SOCK' => '/home/.ssh-agent/socket'
    'NODE_EXTRA_CA_CERTS' => '/mnt/ddev-global-cache/mkcert/rootCA.pem'
    'DOCKER_IP' => '127.0.0.1'
    'PGPASSWORD' => 'db'
    'CRAFT_WEB_ROOT' => '/var/www/html/web'
    'DDEV_DOCROOT' => 'web'
    'PWD' => '/var/www/html'
    'PLATFORMSH_CLI_UPDATES_CHECK' => '0'
    'DDEV_APPROOT' => '/var/www/html'
    'DDEV_FILES_DIR' => ''
    'START_SCRIPT_TIMEOUT' => '57'
    'APACHE_SITE_TEMPLATE' => '/etc/apache2/apache-site.conf'
    'PHP_INI' => '/etc/php/8.3/fpm/php.ini'
    'DDEV_VERSION' => 'v1.24.10'
    'PRIMARY_SITE_URL' => 'https://derschmuckmacher-v3.ddev.site'
    'TZ' => 'Europe/Zurich'
    'DDEV_XHPROF_MODE' => 'prepend'
    'HTTPS_EXPOSE' => '443:80,8026:8025'
    'COREPACK_HOME' => '/mnt/ddev-global-cache/corepack'
    'CRAFT_DB_DATABASE' => 'db'
    'DDEV_PRIMARY_URL' => 'https://derschmuckmacher-v3.ddev.site'
    'LINES' => '6'
    'DDEV_SITENAME' => 'derschmuckmacher-v3'
    'HOME' => '/home/omar'
    'DRUSH_OPTIONS_URI' => 'https://derschmuckmacher-v3.ddev.site'
    'LANG' => 'C.UTF-8'
    'COLUMNS' => '371'
    'DDEV_MUTAGEN_ENABLED' => 'true'
    'DDEV_USER' => 'omar'
    'PGUSER' => 'db'
    'TERMINUS_CACHE_DIR' => '/mnt/ddev-global-cache/terminus/cache'
    'DDEV_PRIMARY_URL_PORT' => '443'
    'DDEV_ROUTER_HTTP_PORT' => '80'
    'MAILPIT_SMTP_HOSTNAME' => '127.0.0.1'
    'CRAFT_DB_DRIVER' => 'mysql'
    'COMPOSER_PROCESS_TIMEOUT' => '2000'
    'NGINX_SITE_TEMPLATE' => '/etc/nginx/nginx-site.conf'
    'DDEV_FILES_DIRS' => ''
    'CRAFT_DB_SERVER' => 'db'
    'HTTP_EXPOSE' => '80:80,8025:8025'
    'NVM_DIR' => '/home/omar/.nvm'
    'DDEV_PHP_VERSION' => '8.3'
    'DDEV_TLD' => 'ddev.site'
    'DDEV_HOSTNAME' => 'derschmuckmacher-v3.ddev.site'
    'DDEV_PROJECT' => 'derschmuckmacher-v3'
    'DDEV_GOARCH' => 'arm64'
    'VIRTUAL_HOST' => 'derschmuckmacher-v3.ddev.site'
    'TERM' => 'xterm'
    'USER' => 'omar'
    'MYSQL_HISTFILE' => '/mnt/ddev-global-cache/mysqlhistory/derschmuckmacher-v3-web/mysql_history'
    'DDEV_WEB_ENTRYPOINT' => '/mnt/ddev_config/web-entrypoint.d'
    'DDEV_UID' => '501'
    'CAROOT' => '/mnt/ddev-global-cache/mkcert'
    'SHLVL' => '1'
    'COMPOSER_ALLOW_SUPERUSER' => '1'
    'BASH_ENV' => '/etc/bash.nointeractive.bashrc'
    'DDEV_DATABASE' => 'mysql:8.0'
    'PGDATABASE' => 'db'
    'CRAFT_DB_USER' => 'db'
    'DDEV_SCHEME' => 'https'
    'XHPROF_OUTPUT_DIR' => '/tmp/xhprof'
    'COMPOSER_CACHE_DIR' => '/mnt/ddev-global-cache/composer'
    'DDEV_XDEBUG_ENABLED' => 'false'
    'DDEV_DATABASE_FAMILY' => 'mysql'
    'PGHOST' => 'db'
    'DDEV_COMPOSER_ROOT' => '/var/www/html'
    'CRAFT_DB_PASSWORD' => '••'
    'DOCROOT' => 'web'
    'TERMINUS_HIDE_UPDATE_MESSAGE' => '1'
    'PATH' => '/home/omar/bin:/var/www/html/vendor/bin:/usr/local/sbin:/usr/local/bin:/usr/sbin:/usr/bin:/sbin:/bin:/var/www/html/bin:/mnt/ddev-global-cache/global-commands/web'
    'HOST_DOCKER_INTERNAL_IP' => ''
    'DDEV_PROJECT_TYPE' => 'craftcms'
    'DEBIAN_FRONTEND' => 'noninteractive'
    'DDEV_ROUTER_HTTPS_PORT' => '443'
    'EXECIGNORE' => '/var/www/html/vendor/bin/composer'
    'SUPERVISOR_ENABLED' => '1'
    'SUPERVISOR_SERVER_URL' => 'unix:///var/run/supervisor.sock'
    'SUPERVISOR_PROCESS_NAME' => 'php-fpm'
    'SUPERVISOR_GROUP_NAME' => 'php-fpm'
    'HTTP_X_REAL_IP' => '172.18.0.1'
    'HTTP_X_FORWARDED_SERVER' => '9d89c63e5d30'
    'HTTP_X_FORWARDED_PROTO' => 'https'
    'HTTP_X_FORWARDED_PORT' => '443'
    'HTTP_X_FORWARDED_HOST' => 'derschmuckmacher-v3.ddev.site'
    'HTTP_X_FORWARDED_FOR' => '172.18.0.1'
    'HTTP_UPGRADE_INSECURE_REQUESTS' => '1'
    'HTTP_TE' => 'trailers'
    'HTTP_SEC_GPC' => '1'
    'HTTP_SEC_FETCH_USER' => '?1'
    'HTTP_SEC_FETCH_SITE' => 'same-origin'
    'HTTP_SEC_FETCH_MODE' => 'navigate'
    'HTTP_SEC_FETCH_DEST' => 'document'
    'HTTP_REFERER' => 'https://derschmuckmacher-v3.ddev.site/dW2axQ3b/login'
    'HTTP_PRIORITY' => 'u=0, i'
    'HTTP_COOKIE' => 'cookieconsent_status=allow; CRAFT_CSRF_TOKEN=f52c2ad1562dd4eaea483aa259f3d9f40e937251911a1f388757fd23df670184a%3A2%3A%7Bi%3A0%3Bs%3A16%3A%22CRAFT_CSRF_TOKEN%22%3Bi%3A1%3Bs%3A147%3A%22oscGmXtgN7lH1IINFeBh9KwfL0sWDqIBBHQCFaaO%7Cb7905baa15fbf45e0730994dfb6501f9dd198752ca26e174cf5f6d5fd0c05b74oscGmXtgN7lH1IINFeBh9KwfL0sWDqIBBHQCFaaO%7C1%22%3B%7D; CraftSessionId=8m6eet0tlm9ao9brq6uoi3p8sq; a8b7b1ec9ffb8baf2c6eaa253fe57112_username=26b9ec8568da68d3882e55afaa5d203483c6c5810ee05b5a55c8a0eb10cab93ea%3A2%3A%7Bi%3A0%3Bs%3A41%3A%22a8b7b1ec9ffb8baf2c6eaa253fe57112_username%22%3Bi%3A1%3Bs%3A8%3A%22odegiuli%22%3B%7D; Craft-3626ffc1-d0a3-42e3-98aa-37e8aa759561_sidebar=expanded; a8b7b1ec9ffb8baf2c6eaa253fe57112_identity=014810335ee2fe011ef02c02b537a1ac7bf3cfa7f2f8fab42103f71f70525ae3a%3A2%3A%7Bi%3A0%3Bs%3A41%3A%22a8b7b1ec9ffb8baf2c6eaa253fe57112_identity%22%3Bi%3A1%3Bs%3A159%3A%22%5B1%2C%22%5B%5C%22W66KgiipJ2zO7LpsWJIt3v8lNdASO5VFU_NWJx8fvJypaXtu7Vb1Uyqznj6tW9NKQQKhWj7c7P7i3tDJATDmANWARJN_Io4GlsP0%5C%22%2Cnull%2C%5C%220ef01a0bceeac5b1d0a2b6557bd3d7b1%5C%22%5D%22%2C3600%5D%22%3B%7D'
    'HTTP_ACCEPT_LANGUAGE' => 'de,en-US;q=0.9,en;q=0.8'
    'HTTP_ACCEPT_ENCODING' => 'gzip, deflate, br, zstd'
    'HTTP_ACCEPT' => 'text/html,application/xhtml+xml,application/xml;q=0.9,*/*;q=0.8'
    'HTTP_USER_AGENT' => 'Mozilla/5.0 (Macintosh; Intel Mac OS X 10.15; rv:150.0) Gecko/20100101 Firefox/150.0'
    'HTTP_HOST' => 'derschmuckmacher-v3.ddev.site'
    'HTTPS' => 'on'
    'REDIRECT_STATUS' => '200'
    'SERVER_NAME' => 'derschmuckmacher-v3.ddev.site'
    'SERVER_PORT' => '80'
    'SERVER_ADDR' => '172.18.0.4'
    'REMOTE_PORT' => '59208'
    'REMOTE_ADDR' => '172.18.0.5'
    'SERVER_SOFTWARE' => 'nginx/1.28.0'
    'GATEWAY_INTERFACE' => 'CGI/1.1'
    'REQUEST_SCHEME' => 'http'
    'SERVER_PROTOCOL' => 'HTTP/1.1'
    'DOCUMENT_ROOT' => '/var/www/html/web'
    'DOCUMENT_URI' => '/index.php'
    'REQUEST_URI' => '/dW2axQ3b/dashboard'
    'CONTENT_LENGTH' => ''
    'CONTENT_TYPE' => ''
    'REQUEST_METHOD' => 'GET'
    'QUERY_STRING' => ''
    'SCRIPT_NAME' => '/index.php'
    'SCRIPT_FILENAME' => '/var/www/html/web/index.php'
    'FCGI_ROLE' => 'RESPONDER'
    'PHP_SELF' => '/index.php'
    'REQUEST_TIME_FLOAT' => 1778919753.3304
    'REQUEST_TIME' => 1778919753
    'CRAFT_APP_ID' => 'CraftCMS--3933bc78-29f5-4b79-bcc5-c31faf0fcd20'
    'CRAFT_ENVIRONMENT' => 'dev'
    'ENVIRONMENT' => 'dev'
    'CRAFT_SECURITY_KEY' => '••••••••••••••••••••••••••••••••'
    'CP_TRIGGER' => 'dW2axQ3b'
    'CRAFT_DB_SCHEMA' => 'public'
    'CRAFT_DB_TABLE_PREFIX' => ''
    'DEV_MODE' => 'true'
    'ALLOW_ADMIN_CHANGES' => 'true'
    'DISALLOW_ROBOTS' => 'true'
    'TIMEZONE' => 'Europe/Zurich'
    'CAPTCHA_SITE_KEY' => '••••••••••••••••••••••••••••••••••••••••'
    'CAPTCHA_SECRET_KEY' => '••••••••••••••••••••••••••••••••••••••••'
    'WEB_URL' => 'https://derschmuckmacher-v3.ddev.site'
    'WEB_ROOT' => '/var/www/html/web'
    'ASSETS_BASE_URL' => 'https://derschmuckmacher-v3.ddev.site/public'
    'ASSETS_BASE_PATH' => '/var/www/html/web/public'
    'SCHMUCK_BASE_URL' => 'https://derschmuckmacher-v3.ddev.site/public/uploads/schmuck'
    'SCHMUCK_BASE_PATH' => '/var/www/html/web/public/uploads/schmuck'
    'BILDER_BASE_URL' => 'https://derschmuckmacher-v3.ddev.site/public/uploads/bilder'
    'BILDER_BASE_PATH' => '/var/www/html/web/public/uploads/bilder'
] {"environment":"dev","userId":1} 
2026-05-16 10:22:33 [web.INFO] [yii\db\Connection::open] Opening DB connection: mysql:host=db;dbname=db;port=3306 {"memory":1101600} 
2026-05-16 10:22:33 [web.INFO] [yii\web\Session::open] Session started {"memory":1524216} 
2026-05-16 10:22:33 [web.INFO] [nystudio107\codeeditor\CodeEditor::bootstrap] CodeEditor module bootstrapped {"memory":1548552} 
2026-05-16 10:22:33 [web.INFO] [adigital\cookieconsentbanner\CookieConsentBanner::init] Cookie Consent Banner plugin loaded {"memory":1765760} 
2026-05-16 10:22:33 [web.INFO] [miranj\obfuscator\Obfuscator::init] Obfuscator plugin loaded {"memory":2727592} 
2026-05-16 10:22:33 [web.INFO] [application] Request context:
$_GET = [
    'p' => 'dW2axQ3b/actions/queue/get-job-info'
    'limit' => '50'
    'dontExtendSession' => '1'
    'v' => '1778919753638'
]

$_POST = []

$_FILES = []

$_COOKIE = [
    'cookieconsent_status' => 'allow'
    'CRAFT_CSRF_TOKEN' => '••••••••••••••••••••••••••••••••••••••••••••••••••••••••••••••••••••••••••••••••••••••••••••••••••••••••••••••••••••••••••••••••••••••••••••••••••••••••••••••••••••••••••••••••••••••••••••••••••••••••••••••••••••••••••••••••••••••••••••••••••••••••••••••••••'
    'CraftSessionId' => '8m6eet0tlm9ao9brq6uoi3p8sq'
    'a8b7b1ec9ffb8baf2c6eaa253fe57112_username' => '26b9ec8568da68d3882e55afaa5d203483c6c5810ee05b5a55c8a0eb10cab93ea:2:{i:0;s:41:\"a8b7b1ec9ffb8baf2c6eaa253fe57112_username\";i:1;s:8:\"odegiuli\";}'
    'Craft-3626ffc1-d0a3-42e3-98aa-37e8aa759561_sidebar' => 'expanded'
    'a8b7b1ec9ffb8baf2c6eaa253fe57112_identity' => '014810335ee2fe011ef02c02b537a1ac7bf3cfa7f2f8fab42103f71f70525ae3a:2:{i:0;s:41:\"a8b7b1ec9ffb8baf2c6eaa253fe57112_identity\";i:1;s:159:\"[1,\"[\\\"W66KgiipJ2zO7LpsWJIt3v8lNdASO5VFU_NWJx8fvJypaXtu7Vb1Uyqznj6tW9NKQQKhWj7c7P7i3tDJATDmANWARJN_Io4GlsP0\\\",null,\\\"0ef01a0bceeac5b1d0a2b6557bd3d7b1\\\"]\",3600]\";}'
]

$_SESSION = [
    '22b6a59deafcfb2ffb13c3adf3d98a3b__flash' => []
    'a8b7b1ec9ffb8baf2c6eaa253fe57112__token' => '••••••••••••••••••••••••••••••••••••••••••••••••••••••••••••••••••••••••••••••••••••••••••••••••••••'
    'a8b7b1ec9ffb8baf2c6eaa253fe57112__id' => 1
    '__authKey' => '••••••••••••••••••••••••••••••••••••••••••••••••••••••••••••••••••••••••••••••••••••••••••••••••••••••••••••••••••••••••••••••••••••••••••••••••'
    'a8b7b1ec9ffb8baf2c6eaa253fe57112__expire' => 1778923353
    '__duration' => 3600
    '__elevated_timeout' => 1778920053
]

$_SERVER = [
    'DEPLOY_NAME' => 'local'
    'DDEV_WEBSERVER_TYPE' => 'nginx-fpm'
    'npm_config_cache' => '/mnt/ddev-global-cache/npm'
    'COREPACK_ENABLE_DOWNLOAD_PROMPT' => '0'
    'DDEV_GOOS' => 'darwin'
    'IS_DDEV_PROJECT' => 'true'
    'PHP_DEFAULT_VERSION' => '8.3'
    'HOSTNAME' => 'derschmuckmacher-v3-web'
    'MAILPIT_SMTP_PORT' => '1025'
    'MH_SMTP_BIND_ADDR' => '127.0.0.1:1025'
    'DDEV_PRIMARY_URL_WITHOUT_PORT' => 'https://derschmuckmacher-v3.ddev.site'
    'CRAFT_DB_PORT' => '3306'
    'DDEV_GID' => '20'
    'SSH_AUTH_SOCK' => '/home/.ssh-agent/socket'
    'NODE_EXTRA_CA_CERTS' => '/mnt/ddev-global-cache/mkcert/rootCA.pem'
    'DOCKER_IP' => '127.0.0.1'
    'PGPASSWORD' => 'db'
    'CRAFT_WEB_ROOT' => '/var/www/html/web'
    'DDEV_DOCROOT' => 'web'
    'PWD' => '/var/www/html'
    'PLATFORMSH_CLI_UPDATES_CHECK' => '0'
    'DDEV_APPROOT' => '/var/www/html'
    'DDEV_FILES_DIR' => ''
    'START_SCRIPT_TIMEOUT' => '57'
    'APACHE_SITE_TEMPLATE' => '/etc/apache2/apache-site.conf'
    'PHP_INI' => '/etc/php/8.3/fpm/php.ini'
    'DDEV_VERSION' => 'v1.24.10'
    'PRIMARY_SITE_URL' => 'https://derschmuckmacher-v3.ddev.site'
    'TZ' => 'Europe/Zurich'
    'DDEV_XHPROF_MODE' => 'prepend'
    'HTTPS_EXPOSE' => '443:80,8026:8025'
    'COREPACK_HOME' => '/mnt/ddev-global-cache/corepack'
    'CRAFT_DB_DATABASE' => 'db'
    'DDEV_PRIMARY_URL' => 'https://derschmuckmacher-v3.ddev.site'
    'LINES' => '6'
    'DDEV_SITENAME' => 'derschmuckmacher-v3'
    'HOME' => '/home/omar'
    'DRUSH_OPTIONS_URI' => 'https://derschmuckmacher-v3.ddev.site'
    'LANG' => 'C.UTF-8'
    'COLUMNS' => '371'
    'DDEV_MUTAGEN_ENABLED' => 'true'
    'DDEV_USER' => 'omar'
    'PGUSER' => 'db'
    'TERMINUS_CACHE_DIR' => '/mnt/ddev-global-cache/terminus/cache'
    'DDEV_PRIMARY_URL_PORT' => '443'
    'DDEV_ROUTER_HTTP_PORT' => '80'
    'MAILPIT_SMTP_HOSTNAME' => '127.0.0.1'
    'CRAFT_DB_DRIVER' => 'mysql'
    'COMPOSER_PROCESS_TIMEOUT' => '2000'
    'NGINX_SITE_TEMPLATE' => '/etc/nginx/nginx-site.conf'
    'DDEV_FILES_DIRS' => ''
    'CRAFT_DB_SERVER' => 'db'
    'HTTP_EXPOSE' => '80:80,8025:8025'
    'NVM_DIR' => '/home/omar/.nvm'
    'DDEV_PHP_VERSION' => '8.3'
    'DDEV_TLD' => 'ddev.site'
    'DDEV_HOSTNAME' => 'derschmuckmacher-v3.ddev.site'
    'DDEV_PROJECT' => 'derschmuckmacher-v3'
    'DDEV_GOARCH' => 'arm64'
    'VIRTUAL_HOST' => 'derschmuckmacher-v3.ddev.site'
    'TERM' => 'xterm'
    'USER' => 'omar'
    'MYSQL_HISTFILE' => '/mnt/ddev-global-cache/mysqlhistory/derschmuckmacher-v3-web/mysql_history'
    'DDEV_WEB_ENTRYPOINT' => '/mnt/ddev_config/web-entrypoint.d'
    'DDEV_UID' => '501'
    'CAROOT' => '/mnt/ddev-global-cache/mkcert'
    'SHLVL' => '1'
    'COMPOSER_ALLOW_SUPERUSER' => '1'
    'BASH_ENV' => '/etc/bash.nointeractive.bashrc'
    'DDEV_DATABASE' => 'mysql:8.0'
    'PGDATABASE' => 'db'
    'CRAFT_DB_USER' => 'db'
    'DDEV_SCHEME' => 'https'
    'XHPROF_OUTPUT_DIR' => '/tmp/xhprof'
    'COMPOSER_CACHE_DIR' => '/mnt/ddev-global-cache/composer'
    'DDEV_XDEBUG_ENABLED' => 'false'
    'DDEV_DATABASE_FAMILY' => 'mysql'
    'PGHOST' => 'db'
    'DDEV_COMPOSER_ROOT' => '/var/www/html'
    'CRAFT_DB_PASSWORD' => '••'
    'DOCROOT' => 'web'
    'TERMINUS_HIDE_UPDATE_MESSAGE' => '1'
    'PATH' => '/home/omar/bin:/var/www/html/vendor/bin:/usr/local/sbin:/usr/local/bin:/usr/sbin:/usr/bin:/sbin:/bin:/var/www/html/bin:/mnt/ddev-global-cache/global-commands/web'
    'HOST_DOCKER_INTERNAL_IP' => ''
    'DDEV_PROJECT_TYPE' => 'craftcms'
    'DEBIAN_FRONTEND' => 'noninteractive'
    'DDEV_ROUTER_HTTPS_PORT' => '443'
    'EXECIGNORE' => '/var/www/html/vendor/bin/composer'
    'SUPERVISOR_ENABLED' => '1'
    'SUPERVISOR_SERVER_URL' => 'unix:///var/run/supervisor.sock'
    'SUPERVISOR_PROCESS_NAME' => 'php-fpm'
    'SUPERVISOR_GROUP_NAME' => 'php-fpm'
    'HTTP_X_REQUESTED_WITH' => 'XMLHttpRequest'
    'HTTP_X_REGISTERED_JS_FILES' => ''
    'HTTP_X_REGISTERED_ASSET_BUNDLES' => 'e38a2e07,22e517a2,aee7f8dc,26c46c25,e505ffd6,6b4d7555,bb2f10a0,e5e48399,815d39ea,fc0bc163,1ccab40d,1e21896b,54698ee0,b842675b,1c3c9add,4b1fd285,d8d08e47,8f00ce04,8768f48b,cf3018d6,ec6d0256,11858fc6,8550f857,c7a8fe38'
    'HTTP_X_REAL_IP' => '172.18.0.1'
    'HTTP_X_FORWARDED_SERVER' => '9d89c63e5d30'
    'HTTP_X_FORWARDED_PROTO' => 'https'
    'HTTP_X_FORWARDED_PORT' => '443'
    'HTTP_X_FORWARDED_HOST' => 'derschmuckmacher-v3.ddev.site'
    'HTTP_X_FORWARDED_FOR' => '172.18.0.1'
    'HTTP_X_CSRF_TOKEN' => '••••••••••••••••••••••••••••••••••••••••••••••••••••••••••••••••••••••••••••••••••••••••••••••••••••••••••••••••••••••••••••••••••••••••••••••••••••••••••••••••••••••••••••••••••••••••••••••••••••••••••••••••••••••••••••••••••••••••••••••••••••••••••••••••••••••••••••••••••••••••••••••••••••••••••••••••••••••••••••••••••••••••••••••••••••••••••••••••••••••••••••••••••••••••••••••••••••••••'
    'HTTP_TE' => 'trailers'
    'HTTP_SEC_GPC' => '1'
    'HTTP_SEC_FETCH_SITE' => 'same-origin'
    'HTTP_SEC_FETCH_MODE' => 'cors'
    'HTTP_SEC_FETCH_DEST' => 'empty'
    'HTTP_REFERER' => 'https://derschmuckmacher-v3.ddev.site/dW2axQ3b/dashboard'
    'HTTP_ORIGIN' => 'https://derschmuckmacher-v3.ddev.site'
    'HTTP_COOKIE' => 'cookieconsent_status=allow; CRAFT_CSRF_TOKEN=f52c2ad1562dd4eaea483aa259f3d9f40e937251911a1f388757fd23df670184a%3A2%3A%7Bi%3A0%3Bs%3A16%3A%22CRAFT_CSRF_TOKEN%22%3Bi%3A1%3Bs%3A147%3A%22oscGmXtgN7lH1IINFeBh9KwfL0sWDqIBBHQCFaaO%7Cb7905baa15fbf45e0730994dfb6501f9dd198752ca26e174cf5f6d5fd0c05b74oscGmXtgN7lH1IINFeBh9KwfL0sWDqIBBHQCFaaO%7C1%22%3B%7D; CraftSessionId=8m6eet0tlm9ao9brq6uoi3p8sq; a8b7b1ec9ffb8baf2c6eaa253fe57112_username=26b9ec8568da68d3882e55afaa5d203483c6c5810ee05b5a55c8a0eb10cab93ea%3A2%3A%7Bi%3A0%3Bs%3A41%3A%22a8b7b1ec9ffb8baf2c6eaa253fe57112_username%22%3Bi%3A1%3Bs%3A8%3A%22odegiuli%22%3B%7D; Craft-3626ffc1-d0a3-42e3-98aa-37e8aa759561_sidebar=expanded; a8b7b1ec9ffb8baf2c6eaa253fe57112_identity=014810335ee2fe011ef02c02b537a1ac7bf3cfa7f2f8fab42103f71f70525ae3a%3A2%3A%7Bi%3A0%3Bs%3A41%3A%22a8b7b1ec9ffb8baf2c6eaa253fe57112_identity%22%3Bi%3A1%3Bs%3A159%3A%22%5B1%2C%22%5B%5C%22W66KgiipJ2zO7LpsWJIt3v8lNdASO5VFU_NWJx8fvJypaXtu7Vb1Uyqznj6tW9NKQQKhWj7c7P7i3tDJATDmANWARJN_Io4GlsP0%5C%22%2Cnull%2C%5C%220ef01a0bceeac5b1d0a2b6557bd3d7b1%5C%22%5D%22%2C3600%5D%22%3B%7D'
    'HTTP_ACCEPT_LANGUAGE' => 'de,en-US;q=0.9,en;q=0.8'
    'HTTP_ACCEPT_ENCODING' => 'gzip, deflate, br, zstd'
    'HTTP_ACCEPT' => 'application/json, text/plain, */*'
    'HTTP_CONTENT_LENGTH' => '0'
    'HTTP_USER_AGENT' => 'Mozilla/5.0 (Macintosh; Intel Mac OS X 10.15; rv:150.0) Gecko/20100101 Firefox/150.0'
    'HTTP_HOST' => 'derschmuckmacher-v3.ddev.site'
    'HTTPS' => 'on'
    'REDIRECT_STATUS' => '200'
    'SERVER_NAME' => 'derschmuckmacher-v3.ddev.site'
    'SERVER_PORT' => '80'
    'SERVER_ADDR' => '172.18.0.4'
    'REMOTE_PORT' => '59234'
    'REMOTE_ADDR' => '172.18.0.5'
    'SERVER_SOFTWARE' => 'nginx/1.28.0'
    'GATEWAY_INTERFACE' => 'CGI/1.1'
    'REQUEST_SCHEME' => 'http'
    'SERVER_PROTOCOL' => 'HTTP/1.1'
    'DOCUMENT_ROOT' => '/var/www/html/web'
    'DOCUMENT_URI' => '/index.php'
    'REQUEST_URI' => '/index.php?p=dW2axQ3b%2Factions%2Fqueue%2Fget-job-info&limit=50&dontExtendSession=1&v=1778919753638'
    'CONTENT_LENGTH' => '0'
    'CONTENT_TYPE' => ''
    'REQUEST_METHOD' => 'POST'
    'QUERY_STRING' => 'p=dW2axQ3b%2Factions%2Fqueue%2Fget-job-info&limit=50&dontExtendSession=1&v=1778919753638'
    'SCRIPT_NAME' => '/index.php'
    'SCRIPT_FILENAME' => '/var/www/html/web/index.php'
    'FCGI_ROLE' => 'RESPONDER'
    'PHP_SELF' => '/index.php'
    'REQUEST_TIME_FLOAT' => 1778919753.642
    'REQUEST_TIME' => 1778919753
    'CRAFT_APP_ID' => 'CraftCMS--3933bc78-29f5-4b79-bcc5-c31faf0fcd20'
    'CRAFT_ENVIRONMENT' => 'dev'
    'ENVIRONMENT' => 'dev'
    'CRAFT_SECURITY_KEY' => '••••••••••••••••••••••••••••••••'
    'CP_TRIGGER' => 'dW2axQ3b'
    'CRAFT_DB_SCHEMA' => 'public'
    'CRAFT_DB_TABLE_PREFIX' => ''
    'DEV_MODE' => 'true'
    'ALLOW_ADMIN_CHANGES' => 'true'
    'DISALLOW_ROBOTS' => 'true'
    'TIMEZONE' => 'Europe/Zurich'
    'CAPTCHA_SITE_KEY' => '••••••••••••••••••••••••••••••••••••••••'
    'CAPTCHA_SECRET_KEY' => '••••••••••••••••••••••••••••••••••••••••'
    'WEB_URL' => 'https://derschmuckmacher-v3.ddev.site'
    'WEB_ROOT' => '/var/www/html/web'
    'ASSETS_BASE_URL' => 'https://derschmuckmacher-v3.ddev.site/public'
    'ASSETS_BASE_PATH' => '/var/www/html/web/public'
    'SCHMUCK_BASE_URL' => 'https://derschmuckmacher-v3.ddev.site/public/uploads/schmuck'
    'SCHMUCK_BASE_PATH' => '/var/www/html/web/public/uploads/schmuck'
    'BILDER_BASE_URL' => 'https://derschmuckmacher-v3.ddev.site/public/uploads/bilder'
    'BILDER_BASE_PATH' => '/var/www/html/web/public/uploads/bilder'
] {"environment":"dev","userId":1} 
2026-05-16 10:22:38 [web.INFO] [yii\db\Connection::open] Opening DB connection: mysql:host=db;dbname=db;port=3306 {"memory":1101328} 
2026-05-16 10:22:38 [web.INFO] [yii\web\Session::open] Session started {"memory":1524264} 
2026-05-16 10:22:38 [web.INFO] [nystudio107\codeeditor\CodeEditor::bootstrap] CodeEditor module bootstrapped {"memory":1548600} 
2026-05-16 10:22:38 [web.INFO] [adigital\cookieconsentbanner\CookieConsentBanner::init] Cookie Consent Banner plugin loaded {"memory":1765808} 
2026-05-16 10:22:38 [web.INFO] [miranj\obfuscator\Obfuscator::init] Obfuscator plugin loaded {"memory":2727640} 
2026-05-16 10:22:38 [web.INFO] [application] Request context:
$_GET = [
    'p' => 'dW2axQ3b/actions/app/api-headers'
    'v' => '1778919758830'
]

$_POST = []

$_FILES = []

$_COOKIE = [
    'cookieconsent_status' => 'allow'
    'CRAFT_CSRF_TOKEN' => '••••••••••••••••••••••••••••••••••••••••••••••••••••••••••••••••••••••••••••••••••••••••••••••••••••••••••••••••••••••••••••••••••••••••••••••••••••••••••••••••••••••••••••••••••••••••••••••••••••••••••••••••••••••••••••••••••••••••••••••••••••••••••••••••••'
    'CraftSessionId' => '8m6eet0tlm9ao9brq6uoi3p8sq'
    'a8b7b1ec9ffb8baf2c6eaa253fe57112_username' => '26b9ec8568da68d3882e55afaa5d203483c6c5810ee05b5a55c8a0eb10cab93ea:2:{i:0;s:41:\"a8b7b1ec9ffb8baf2c6eaa253fe57112_username\";i:1;s:8:\"odegiuli\";}'
    'Craft-3626ffc1-d0a3-42e3-98aa-37e8aa759561_sidebar' => 'expanded'
    'a8b7b1ec9ffb8baf2c6eaa253fe57112_identity' => '014810335ee2fe011ef02c02b537a1ac7bf3cfa7f2f8fab42103f71f70525ae3a:2:{i:0;s:41:\"a8b7b1ec9ffb8baf2c6eaa253fe57112_identity\";i:1;s:159:\"[1,\"[\\\"W66KgiipJ2zO7LpsWJIt3v8lNdASO5VFU_NWJx8fvJypaXtu7Vb1Uyqznj6tW9NKQQKhWj7c7P7i3tDJATDmANWARJN_Io4GlsP0\\\",null,\\\"0ef01a0bceeac5b1d0a2b6557bd3d7b1\\\"]\",3600]\";}'
]

$_SESSION = [
    '22b6a59deafcfb2ffb13c3adf3d98a3b__flash' => []
    'a8b7b1ec9ffb8baf2c6eaa253fe57112__token' => '••••••••••••••••••••••••••••••••••••••••••••••••••••••••••••••••••••••••••••••••••••••••••••••••••••'
    'a8b7b1ec9ffb8baf2c6eaa253fe57112__id' => 1
    '__authKey' => '••••••••••••••••••••••••••••••••••••••••••••••••••••••••••••••••••••••••••••••••••••••••••••••••••••••••••••••••••••••••••••••••••••••••••••••••'
    'a8b7b1ec9ffb8baf2c6eaa253fe57112__expire' => 1778923358
    '__duration' => 3600
    '__elevated_timeout' => 1778920053
]

$_SERVER = [
    'DEPLOY_NAME' => 'local'
    'DDEV_WEBSERVER_TYPE' => 'nginx-fpm'
    'npm_config_cache' => '/mnt/ddev-global-cache/npm'
    'COREPACK_ENABLE_DOWNLOAD_PROMPT' => '0'
    'DDEV_GOOS' => 'darwin'
    'IS_DDEV_PROJECT' => 'true'
    'PHP_DEFAULT_VERSION' => '8.3'
    'HOSTNAME' => 'derschmuckmacher-v3-web'
    'MAILPIT_SMTP_PORT' => '1025'
    'MH_SMTP_BIND_ADDR' => '127.0.0.1:1025'
    'DDEV_PRIMARY_URL_WITHOUT_PORT' => 'https://derschmuckmacher-v3.ddev.site'
    'CRAFT_DB_PORT' => '3306'
    'DDEV_GID' => '20'
    'SSH_AUTH_SOCK' => '/home/.ssh-agent/socket'
    'NODE_EXTRA_CA_CERTS' => '/mnt/ddev-global-cache/mkcert/rootCA.pem'
    'DOCKER_IP' => '127.0.0.1'
    'PGPASSWORD' => 'db'
    'CRAFT_WEB_ROOT' => '/var/www/html/web'
    'DDEV_DOCROOT' => 'web'
    'PWD' => '/var/www/html'
    'PLATFORMSH_CLI_UPDATES_CHECK' => '0'
    'DDEV_APPROOT' => '/var/www/html'
    'DDEV_FILES_DIR' => ''
    'START_SCRIPT_TIMEOUT' => '57'
    'APACHE_SITE_TEMPLATE' => '/etc/apache2/apache-site.conf'
    'PHP_INI' => '/etc/php/8.3/fpm/php.ini'
    'DDEV_VERSION' => 'v1.24.10'
    'PRIMARY_SITE_URL' => 'https://derschmuckmacher-v3.ddev.site'
    'TZ' => 'Europe/Zurich'
    'DDEV_XHPROF_MODE' => 'prepend'
    'HTTPS_EXPOSE' => '443:80,8026:8025'
    'COREPACK_HOME' => '/mnt/ddev-global-cache/corepack'
    'CRAFT_DB_DATABASE' => 'db'
    'DDEV_PRIMARY_URL' => 'https://derschmuckmacher-v3.ddev.site'
    'LINES' => '6'
    'DDEV_SITENAME' => 'derschmuckmacher-v3'
    'HOME' => '/home/omar'
    'DRUSH_OPTIONS_URI' => 'https://derschmuckmacher-v3.ddev.site'
    'LANG' => 'C.UTF-8'
    'COLUMNS' => '371'
    'DDEV_MUTAGEN_ENABLED' => 'true'
    'DDEV_USER' => 'omar'
    'PGUSER' => 'db'
    'TERMINUS_CACHE_DIR' => '/mnt/ddev-global-cache/terminus/cache'
    'DDEV_PRIMARY_URL_PORT' => '443'
    'DDEV_ROUTER_HTTP_PORT' => '80'
    'MAILPIT_SMTP_HOSTNAME' => '127.0.0.1'
    'CRAFT_DB_DRIVER' => 'mysql'
    'COMPOSER_PROCESS_TIMEOUT' => '2000'
    'NGINX_SITE_TEMPLATE' => '/etc/nginx/nginx-site.conf'
    'DDEV_FILES_DIRS' => ''
    'CRAFT_DB_SERVER' => 'db'
    'HTTP_EXPOSE' => '80:80,8025:8025'
    'NVM_DIR' => '/home/omar/.nvm'
    'DDEV_PHP_VERSION' => '8.3'
    'DDEV_TLD' => 'ddev.site'
    'DDEV_HOSTNAME' => 'derschmuckmacher-v3.ddev.site'
    'DDEV_PROJECT' => 'derschmuckmacher-v3'
    'DDEV_GOARCH' => 'arm64'
    'VIRTUAL_HOST' => 'derschmuckmacher-v3.ddev.site'
    'TERM' => 'xterm'
    'USER' => 'omar'
    'MYSQL_HISTFILE' => '/mnt/ddev-global-cache/mysqlhistory/derschmuckmacher-v3-web/mysql_history'
    'DDEV_WEB_ENTRYPOINT' => '/mnt/ddev_config/web-entrypoint.d'
    'DDEV_UID' => '501'
    'CAROOT' => '/mnt/ddev-global-cache/mkcert'
    'SHLVL' => '1'
    'COMPOSER_ALLOW_SUPERUSER' => '1'
    'BASH_ENV' => '/etc/bash.nointeractive.bashrc'
    'DDEV_DATABASE' => 'mysql:8.0'
    'PGDATABASE' => 'db'
    'CRAFT_DB_USER' => 'db'
    'DDEV_SCHEME' => 'https'
    'XHPROF_OUTPUT_DIR' => '/tmp/xhprof'
    'COMPOSER_CACHE_DIR' => '/mnt/ddev-global-cache/composer'
    'DDEV_XDEBUG_ENABLED' => 'false'
    'DDEV_DATABASE_FAMILY' => 'mysql'
    'PGHOST' => 'db'
    'DDEV_COMPOSER_ROOT' => '/var/www/html'
    'CRAFT_DB_PASSWORD' => '••'
    'DOCROOT' => 'web'
    'TERMINUS_HIDE_UPDATE_MESSAGE' => '1'
    'PATH' => '/home/omar/bin:/var/www/html/vendor/bin:/usr/local/sbin:/usr/local/bin:/usr/sbin:/usr/bin:/sbin:/bin:/var/www/html/bin:/mnt/ddev-global-cache/global-commands/web'
    'HOST_DOCKER_INTERNAL_IP' => ''
    'DDEV_PROJECT_TYPE' => 'craftcms'
    'DEBIAN_FRONTEND' => 'noninteractive'
    'DDEV_ROUTER_HTTPS_PORT' => '443'
    'EXECIGNORE' => '/var/www/html/vendor/bin/composer'
    'SUPERVISOR_ENABLED' => '1'
    'SUPERVISOR_SERVER_URL' => 'unix:///var/run/supervisor.sock'
    'SUPERVISOR_PROCESS_NAME' => 'php-fpm'
    'SUPERVISOR_GROUP_NAME' => 'php-fpm'
    'HTTP_X_REQUESTED_WITH' => 'XMLHttpRequest'
    'HTTP_X_REGISTERED_JS_FILES' => ''
    'HTTP_X_REGISTERED_ASSET_BUNDLES' => 'e38a2e07,22e517a2,aee7f8dc,26c46c25,e505ffd6,6b4d7555,bb2f10a0,e5e48399,815d39ea,fc0bc163,1ccab40d,1e21896b,54698ee0,b842675b,1c3c9add,4b1fd285,d8d08e47,8f00ce04,8768f48b,cf3018d6,ec6d0256,11858fc6,8550f857,c7a8fe38'
    'HTTP_X_REAL_IP' => '172.18.0.1'
    'HTTP_X_FORWARDED_SERVER' => '9d89c63e5d30'
    'HTTP_X_FORWARDED_PROTO' => 'https'
    'HTTP_X_FORWARDED_PORT' => '443'
    'HTTP_X_FORWARDED_HOST' => 'derschmuckmacher-v3.ddev.site'
    'HTTP_X_FORWARDED_FOR' => '172.18.0.1'
    'HTTP_X_CSRF_TOKEN' => '••••••••••••••••••••••••••••••••••••••••••••••••••••••••••••••••••••••••••••••••••••••••••••••••••••••••••••••••••••••••••••••••••••••••••••••••••••••••••••••••••••••••••••••••••••••••••••••••••••••••••••••••••••••••••••••••••••••••••••••••••••••••••••••••••••••••••••••••••••••••••••••••••••••••••••••••••••••••••••••••••••••••••••••••••••••••••••••••••••••••••••••••••••••••••••••••••••••••'
    'HTTP_TE' => 'trailers'
    'HTTP_SEC_GPC' => '1'
    'HTTP_SEC_FETCH_SITE' => 'same-origin'
    'HTTP_SEC_FETCH_MODE' => 'cors'
    'HTTP_SEC_FETCH_DEST' => 'empty'
    'HTTP_REFERER' => 'https://derschmuckmacher-v3.ddev.site/dW2axQ3b/dashboard'
    'HTTP_PRIORITY' => 'u=0'
    'HTTP_ORIGIN' => 'https://derschmuckmacher-v3.ddev.site'
    'HTTP_COOKIE' => 'cookieconsent_status=allow; CRAFT_CSRF_TOKEN=f52c2ad1562dd4eaea483aa259f3d9f40e937251911a1f388757fd23df670184a%3A2%3A%7Bi%3A0%3Bs%3A16%3A%22CRAFT_CSRF_TOKEN%22%3Bi%3A1%3Bs%3A147%3A%22oscGmXtgN7lH1IINFeBh9KwfL0sWDqIBBHQCFaaO%7Cb7905baa15fbf45e0730994dfb6501f9dd198752ca26e174cf5f6d5fd0c05b74oscGmXtgN7lH1IINFeBh9KwfL0sWDqIBBHQCFaaO%7C1%22%3B%7D; CraftSessionId=8m6eet0tlm9ao9brq6uoi3p8sq; a8b7b1ec9ffb8baf2c6eaa253fe57112_username=26b9ec8568da68d3882e55afaa5d203483c6c5810ee05b5a55c8a0eb10cab93ea%3A2%3A%7Bi%3A0%3Bs%3A41%3A%22a8b7b1ec9ffb8baf2c6eaa253fe57112_username%22%3Bi%3A1%3Bs%3A8%3A%22odegiuli%22%3B%7D; Craft-3626ffc1-d0a3-42e3-98aa-37e8aa759561_sidebar=expanded; a8b7b1ec9ffb8baf2c6eaa253fe57112_identity=014810335ee2fe011ef02c02b537a1ac7bf3cfa7f2f8fab42103f71f70525ae3a%3A2%3A%7Bi%3A0%3Bs%3A41%3A%22a8b7b1ec9ffb8baf2c6eaa253fe57112_identity%22%3Bi%3A1%3Bs%3A159%3A%22%5B1%2C%22%5B%5C%22W66KgiipJ2zO7LpsWJIt3v8lNdASO5VFU_NWJx8fvJypaXtu7Vb1Uyqznj6tW9NKQQKhWj7c7P7i3tDJATDmANWARJN_Io4GlsP0%5C%22%2Cnull%2C%5C%220ef01a0bceeac5b1d0a2b6557bd3d7b1%5C%22%5D%22%2C3600%5D%22%3B%7D'
    'HTTP_ACCEPT_LANGUAGE' => 'de,en-US;q=0.9,en;q=0.8'
    'HTTP_ACCEPT_ENCODING' => 'gzip, deflate, br, zstd'
    'HTTP_ACCEPT' => 'application/json, text/plain, */*'
    'HTTP_CONTENT_LENGTH' => '0'
    'HTTP_USER_AGENT' => 'Mozilla/5.0 (Macintosh; Intel Mac OS X 10.15; rv:150.0) Gecko/20100101 Firefox/150.0'
    'HTTP_HOST' => 'derschmuckmacher-v3.ddev.site'
    'HTTPS' => 'on'
    'REDIRECT_STATUS' => '200'
    'SERVER_NAME' => 'derschmuckmacher-v3.ddev.site'
    'SERVER_PORT' => '80'
    'SERVER_ADDR' => '172.18.0.4'
    'REMOTE_PORT' => '47136'
    'REMOTE_ADDR' => '172.18.0.5'
    'SERVER_SOFTWARE' => 'nginx/1.28.0'
    'GATEWAY_INTERFACE' => 'CGI/1.1'
    'REQUEST_SCHEME' => 'http'
    'SERVER_PROTOCOL' => 'HTTP/1.1'
    'DOCUMENT_ROOT' => '/var/www/html/web'
    'DOCUMENT_URI' => '/index.php'
    'REQUEST_URI' => '/index.php?p=dW2axQ3b%2Factions%2Fapp%2Fapi-headers&v=1778919758830'
    'CONTENT_LENGTH' => '0'
    'CONTENT_TYPE' => ''
    'REQUEST_METHOD' => 'POST'
    'QUERY_STRING' => 'p=dW2axQ3b%2Factions%2Fapp%2Fapi-headers&v=1778919758830'
    'SCRIPT_NAME' => '/index.php'
    'SCRIPT_FILENAME' => '/var/www/html/web/index.php'
    'FCGI_ROLE' => 'RESPONDER'
    'PHP_SELF' => '/index.php'
    'REQUEST_TIME_FLOAT' => 1778919758.8432
    'REQUEST_TIME' => 1778919758
    'CRAFT_APP_ID' => 'CraftCMS--3933bc78-29f5-4b79-bcc5-c31faf0fcd20'
    'CRAFT_ENVIRONMENT' => 'dev'
    'ENVIRONMENT' => 'dev'
    'CRAFT_SECURITY_KEY' => '••••••••••••••••••••••••••••••••'
    'CP_TRIGGER' => 'dW2axQ3b'
    'CRAFT_DB_SCHEMA' => 'public'
    'CRAFT_DB_TABLE_PREFIX' => ''
    'DEV_MODE' => 'true'
    'ALLOW_ADMIN_CHANGES' => 'true'
    'DISALLOW_ROBOTS' => 'true'
    'TIMEZONE' => 'Europe/Zurich'
    'CAPTCHA_SITE_KEY' => '••••••••••••••••••••••••••••••••••••••••'
    'CAPTCHA_SECRET_KEY' => '••••••••••••••••••••••••••••••••••••••••'
    'WEB_URL' => 'https://derschmuckmacher-v3.ddev.site'
    'WEB_ROOT' => '/var/www/html/web'
    'ASSETS_BASE_URL' => 'https://derschmuckmacher-v3.ddev.site/public'
    'ASSETS_BASE_PATH' => '/var/www/html/web/public'
    'SCHMUCK_BASE_URL' => 'https://derschmuckmacher-v3.ddev.site/public/uploads/schmuck'
    'SCHMUCK_BASE_PATH' => '/var/www/html/web/public/uploads/schmuck'
    'BILDER_BASE_URL' => 'https://derschmuckmacher-v3.ddev.site/public/uploads/bilder'
    'BILDER_BASE_PATH' => '/var/www/html/web/public/uploads/bilder'
] {"environment":"dev","userId":1} 
2026-05-16 10:22:40 [web.INFO] [yii\db\Connection::open] Opening DB connection: mysql:host=db;dbname=db;port=3306 {"memory":1101808} 
2026-05-16 10:22:40 [web.INFO] [yii\web\Session::open] Session started {"memory":1524464} 
2026-05-16 10:22:40 [web.INFO] [nystudio107\codeeditor\CodeEditor::bootstrap] CodeEditor module bootstrapped {"memory":1548800} 
2026-05-16 10:22:40 [web.INFO] [adigital\cookieconsentbanner\CookieConsentBanner::init] Cookie Consent Banner plugin loaded {"memory":1766008} 
2026-05-16 10:22:40 [web.INFO] [miranj\obfuscator\Obfuscator::init] Obfuscator plugin loaded {"memory":2727840} 
2026-05-16 10:22:40 [web.INFO] [application] Request context:
$_GET = [
    'p' => 'dW2axQ3b/actions/app/process-api-response-headers'
    'v' => '1778919760086'
]

$_FILES = []

$_COOKIE = [
    'cookieconsent_status' => 'allow'
    'CRAFT_CSRF_TOKEN' => '••••••••••••••••••••••••••••••••••••••••••••••••••••••••••••••••••••••••••••••••••••••••••••••••••••••••••••••••••••••••••••••••••••••••••••••••••••••••••••••••••••••••••••••••••••••••••••••••••••••••••••••••••••••••••••••••••••••••••••••••••••••••••••••••••'
    'CraftSessionId' => '8m6eet0tlm9ao9brq6uoi3p8sq'
    'a8b7b1ec9ffb8baf2c6eaa253fe57112_username' => '26b9ec8568da68d3882e55afaa5d203483c6c5810ee05b5a55c8a0eb10cab93ea:2:{i:0;s:41:\"a8b7b1ec9ffb8baf2c6eaa253fe57112_username\";i:1;s:8:\"odegiuli\";}'
    'Craft-3626ffc1-d0a3-42e3-98aa-37e8aa759561_sidebar' => 'expanded'
    'a8b7b1ec9ffb8baf2c6eaa253fe57112_identity' => '014810335ee2fe011ef02c02b537a1ac7bf3cfa7f2f8fab42103f71f70525ae3a:2:{i:0;s:41:\"a8b7b1ec9ffb8baf2c6eaa253fe57112_identity\";i:1;s:159:\"[1,\"[\\\"W66KgiipJ2zO7LpsWJIt3v8lNdASO5VFU_NWJx8fvJypaXtu7Vb1Uyqznj6tW9NKQQKhWj7c7P7i3tDJATDmANWARJN_Io4GlsP0\\\",null,\\\"0ef01a0bceeac5b1d0a2b6557bd3d7b1\\\"]\",3600]\";}'
]

$_SESSION = [
    '22b6a59deafcfb2ffb13c3adf3d98a3b__flash' => []
    'a8b7b1ec9ffb8baf2c6eaa253fe57112__token' => '••••••••••••••••••••••••••••••••••••••••••••••••••••••••••••••••••••••••••••••••••••••••••••••••••••'
    'a8b7b1ec9ffb8baf2c6eaa253fe57112__id' => 1
    '__authKey' => '••••••••••••••••••••••••••••••••••••••••••••••••••••••••••••••••••••••••••••••••••••••••••••••••••••••••••••••••••••••••••••••••••••••••••••••••'
    'a8b7b1ec9ffb8baf2c6eaa253fe57112__expire' => 1778923360
    '__duration' => 3600
    '__elevated_timeout' => 1778920053
]

$_SERVER = [
    'DEPLOY_NAME' => 'local'
    'DDEV_WEBSERVER_TYPE' => 'nginx-fpm'
    'npm_config_cache' => '/mnt/ddev-global-cache/npm'
    'COREPACK_ENABLE_DOWNLOAD_PROMPT' => '0'
    'DDEV_GOOS' => 'darwin'
    'IS_DDEV_PROJECT' => 'true'
    'PHP_DEFAULT_VERSION' => '8.3'
    'HOSTNAME' => 'derschmuckmacher-v3-web'
    'MAILPIT_SMTP_PORT' => '1025'
    'MH_SMTP_BIND_ADDR' => '127.0.0.1:1025'
    'DDEV_PRIMARY_URL_WITHOUT_PORT' => 'https://derschmuckmacher-v3.ddev.site'
    'CRAFT_DB_PORT' => '3306'
    'DDEV_GID' => '20'
    'SSH_AUTH_SOCK' => '/home/.ssh-agent/socket'
    'NODE_EXTRA_CA_CERTS' => '/mnt/ddev-global-cache/mkcert/rootCA.pem'
    'DOCKER_IP' => '127.0.0.1'
    'PGPASSWORD' => 'db'
    'CRAFT_WEB_ROOT' => '/var/www/html/web'
    'DDEV_DOCROOT' => 'web'
    'PWD' => '/var/www/html'
    'PLATFORMSH_CLI_UPDATES_CHECK' => '0'
    'DDEV_APPROOT' => '/var/www/html'
    'DDEV_FILES_DIR' => ''
    'START_SCRIPT_TIMEOUT' => '57'
    'APACHE_SITE_TEMPLATE' => '/etc/apache2/apache-site.conf'
    'PHP_INI' => '/etc/php/8.3/fpm/php.ini'
    'DDEV_VERSION' => 'v1.24.10'
    'PRIMARY_SITE_URL' => 'https://derschmuckmacher-v3.ddev.site'
    'TZ' => 'Europe/Zurich'
    'DDEV_XHPROF_MODE' => 'prepend'
    'HTTPS_EXPOSE' => '443:80,8026:8025'
    'COREPACK_HOME' => '/mnt/ddev-global-cache/corepack'
    'CRAFT_DB_DATABASE' => 'db'
    'DDEV_PRIMARY_URL' => 'https://derschmuckmacher-v3.ddev.site'
    'LINES' => '6'
    'DDEV_SITENAME' => 'derschmuckmacher-v3'
    'HOME' => '/home/omar'
    'DRUSH_OPTIONS_URI' => 'https://derschmuckmacher-v3.ddev.site'
    'LANG' => 'C.UTF-8'
    'COLUMNS' => '371'
    'DDEV_MUTAGEN_ENABLED' => 'true'
    'DDEV_USER' => 'omar'
    'PGUSER' => 'db'
    'TERMINUS_CACHE_DIR' => '/mnt/ddev-global-cache/terminus/cache'
    'DDEV_PRIMARY_URL_PORT' => '443'
    'DDEV_ROUTER_HTTP_PORT' => '80'
    'MAILPIT_SMTP_HOSTNAME' => '127.0.0.1'
    'CRAFT_DB_DRIVER' => 'mysql'
    'COMPOSER_PROCESS_TIMEOUT' => '2000'
    'NGINX_SITE_TEMPLATE' => '/etc/nginx/nginx-site.conf'
    'DDEV_FILES_DIRS' => ''
    'CRAFT_DB_SERVER' => 'db'
    'HTTP_EXPOSE' => '80:80,8025:8025'
    'NVM_DIR' => '/home/omar/.nvm'
    'DDEV_PHP_VERSION' => '8.3'
    'DDEV_TLD' => 'ddev.site'
    'DDEV_HOSTNAME' => 'derschmuckmacher-v3.ddev.site'
    'DDEV_PROJECT' => 'derschmuckmacher-v3'
    'DDEV_GOARCH' => 'arm64'
    'VIRTUAL_HOST' => 'derschmuckmacher-v3.ddev.site'
    'TERM' => 'xterm'
    'USER' => 'omar'
    'MYSQL_HISTFILE' => '/mnt/ddev-global-cache/mysqlhistory/derschmuckmacher-v3-web/mysql_history'
    'DDEV_WEB_ENTRYPOINT' => '/mnt/ddev_config/web-entrypoint.d'
    'DDEV_UID' => '501'
    'CAROOT' => '/mnt/ddev-global-cache/mkcert'
    'SHLVL' => '1'
    'COMPOSER_ALLOW_SUPERUSER' => '1'
    'BASH_ENV' => '/etc/bash.nointeractive.bashrc'
    'DDEV_DATABASE' => 'mysql:8.0'
    'PGDATABASE' => 'db'
    'CRAFT_DB_USER' => 'db'
    'DDEV_SCHEME' => 'https'
    'XHPROF_OUTPUT_DIR' => '/tmp/xhprof'
    'COMPOSER_CACHE_DIR' => '/mnt/ddev-global-cache/composer'
    'DDEV_XDEBUG_ENABLED' => 'false'
    'DDEV_DATABASE_FAMILY' => 'mysql'
    'PGHOST' => 'db'
    'DDEV_COMPOSER_ROOT' => '/var/www/html'
    'CRAFT_DB_PASSWORD' => '••'
    'DOCROOT' => 'web'
    'TERMINUS_HIDE_UPDATE_MESSAGE' => '1'
    'PATH' => '/home/omar/bin:/var/www/html/vendor/bin:/usr/local/sbin:/usr/local/bin:/usr/sbin:/usr/bin:/sbin:/bin:/var/www/html/bin:/mnt/ddev-global-cache/global-commands/web'
    'HOST_DOCKER_INTERNAL_IP' => ''
    'DDEV_PROJECT_TYPE' => 'craftcms'
    'DEBIAN_FRONTEND' => 'noninteractive'
    'DDEV_ROUTER_HTTPS_PORT' => '443'
    'EXECIGNORE' => '/var/www/html/vendor/bin/composer'
    'SUPERVISOR_ENABLED' => '1'
    'SUPERVISOR_SERVER_URL' => 'unix:///var/run/supervisor.sock'
    'SUPERVISOR_PROCESS_NAME' => 'php-fpm'
    'SUPERVISOR_GROUP_NAME' => 'php-fpm'
    'HTTP_X_REQUESTED_WITH' => 'XMLHttpRequest'
    'HTTP_X_REGISTERED_JS_FILES' => ''
    'HTTP_X_REGISTERED_ASSET_BUNDLES' => 'e38a2e07,22e517a2,aee7f8dc,26c46c25,e505ffd6,6b4d7555,bb2f10a0,e5e48399,815d39ea,fc0bc163,1ccab40d,1e21896b,54698ee0,b842675b,1c3c9add,4b1fd285,d8d08e47,8f00ce04,8768f48b,cf3018d6,ec6d0256,11858fc6,8550f857,c7a8fe38'
    'HTTP_X_REAL_IP' => '172.18.0.1'
    'HTTP_X_FORWARDED_SERVER' => '9d89c63e5d30'
    'HTTP_X_FORWARDED_PROTO' => 'https'
    'HTTP_X_FORWARDED_PORT' => '443'
    'HTTP_X_FORWARDED_HOST' => 'derschmuckmacher-v3.ddev.site'
    'HTTP_X_FORWARDED_FOR' => '172.18.0.1'
    'HTTP_X_CSRF_TOKEN' => '••••••••••••••••••••••••••••••••••••••••••••••••••••••••••••••••••••••••••••••••••••••••••••••••••••••••••••••••••••••••••••••••••••••••••••••••••••••••••••••••••••••••••••••••••••••••••••••••••••••••••••••••••••••••••••••••••••••••••••••••••••••••••••••••••••••••••••••••••••••••••••••••••••••••••••••••••••••••••••••••••••••••••••••••••••••••••••••••••••••••••••••••••••••••••••••••••••••••'
    'HTTP_TE' => 'trailers'
    'HTTP_SEC_GPC' => '1'
    'HTTP_SEC_FETCH_SITE' => 'same-origin'
    'HTTP_SEC_FETCH_MODE' => 'cors'
    'HTTP_SEC_FETCH_DEST' => 'empty'
    'HTTP_REFERER' => 'https://derschmuckmacher-v3.ddev.site/dW2axQ3b/dashboard'
    'HTTP_ORIGIN' => 'https://derschmuckmacher-v3.ddev.site'
    'HTTP_COOKIE' => 'cookieconsent_status=allow; CRAFT_CSRF_TOKEN=f52c2ad1562dd4eaea483aa259f3d9f40e937251911a1f388757fd23df670184a%3A2%3A%7Bi%3A0%3Bs%3A16%3A%22CRAFT_CSRF_TOKEN%22%3Bi%3A1%3Bs%3A147%3A%22oscGmXtgN7lH1IINFeBh9KwfL0sWDqIBBHQCFaaO%7Cb7905baa15fbf45e0730994dfb6501f9dd198752ca26e174cf5f6d5fd0c05b74oscGmXtgN7lH1IINFeBh9KwfL0sWDqIBBHQCFaaO%7C1%22%3B%7D; CraftSessionId=8m6eet0tlm9ao9brq6uoi3p8sq; a8b7b1ec9ffb8baf2c6eaa253fe57112_username=26b9ec8568da68d3882e55afaa5d203483c6c5810ee05b5a55c8a0eb10cab93ea%3A2%3A%7Bi%3A0%3Bs%3A41%3A%22a8b7b1ec9ffb8baf2c6eaa253fe57112_username%22%3Bi%3A1%3Bs%3A8%3A%22odegiuli%22%3B%7D; Craft-3626ffc1-d0a3-42e3-98aa-37e8aa759561_sidebar=expanded; a8b7b1ec9ffb8baf2c6eaa253fe57112_identity=014810335ee2fe011ef02c02b537a1ac7bf3cfa7f2f8fab42103f71f70525ae3a%3A2%3A%7Bi%3A0%3Bs%3A41%3A%22a8b7b1ec9ffb8baf2c6eaa253fe57112_identity%22%3Bi%3A1%3Bs%3A159%3A%22%5B1%2C%22%5B%5C%22W66KgiipJ2zO7LpsWJIt3v8lNdASO5VFU_NWJx8fvJypaXtu7Vb1Uyqznj6tW9NKQQKhWj7c7P7i3tDJATDmANWARJN_Io4GlsP0%5C%22%2Cnull%2C%5C%220ef01a0bceeac5b1d0a2b6557bd3d7b1%5C%22%5D%22%2C3600%5D%22%3B%7D'
    'HTTP_CONTENT_TYPE' => 'application/json'
    'HTTP_ACCEPT_LANGUAGE' => 'de,en-US;q=0.9,en;q=0.8'
    'HTTP_ACCEPT_ENCODING' => 'gzip, deflate, br, zstd'
    'HTTP_ACCEPT' => 'application/json, text/plain, */*'
    'HTTP_CONTENT_LENGTH' => '218'
    'HTTP_USER_AGENT' => 'Mozilla/5.0 (Macintosh; Intel Mac OS X 10.15; rv:150.0) Gecko/20100101 Firefox/150.0'
    'HTTP_HOST' => 'derschmuckmacher-v3.ddev.site'
    'HTTPS' => 'on'
    'REDIRECT_STATUS' => '200'
    'SERVER_NAME' => 'derschmuckmacher-v3.ddev.site'
    'SERVER_PORT' => '80'
    'SERVER_ADDR' => '172.18.0.4'
    'REMOTE_PORT' => '47136'
    'REMOTE_ADDR' => '172.18.0.5'
    'SERVER_SOFTWARE' => 'nginx/1.28.0'
    'GATEWAY_INTERFACE' => 'CGI/1.1'
    'REQUEST_SCHEME' => 'http'
    'SERVER_PROTOCOL' => 'HTTP/1.1'
    'DOCUMENT_ROOT' => '/var/www/html/web'
    'DOCUMENT_URI' => '/index.php'
    'REQUEST_URI' => '/index.php?p=dW2axQ3b%2Factions%2Fapp%2Fprocess-api-response-headers&v=1778919760086'
    'CONTENT_LENGTH' => '218'
    'CONTENT_TYPE' => 'application/json'
    'REQUEST_METHOD' => 'POST'
    'QUERY_STRING' => 'p=dW2axQ3b%2Factions%2Fapp%2Fprocess-api-response-headers&v=1778919760086'
    'SCRIPT_NAME' => '/index.php'
    'SCRIPT_FILENAME' => '/var/www/html/web/index.php'
    'FCGI_ROLE' => 'RESPONDER'
    'PHP_SELF' => '/index.php'
    'REQUEST_TIME_FLOAT' => 1778919760.092
    'REQUEST_TIME' => 1778919760
    'CRAFT_APP_ID' => 'CraftCMS--3933bc78-29f5-4b79-bcc5-c31faf0fcd20'
    'CRAFT_ENVIRONMENT' => 'dev'
    'ENVIRONMENT' => 'dev'
    'CRAFT_SECURITY_KEY' => '••••••••••••••••••••••••••••••••'
    'CP_TRIGGER' => 'dW2axQ3b'
    'CRAFT_DB_SCHEMA' => 'public'
    'CRAFT_DB_TABLE_PREFIX' => ''
    'DEV_MODE' => 'true'
    'ALLOW_ADMIN_CHANGES' => 'true'
    'DISALLOW_ROBOTS' => 'true'
    'TIMEZONE' => 'Europe/Zurich'
    'CAPTCHA_SITE_KEY' => '••••••••••••••••••••••••••••••••••••••••'
    'CAPTCHA_SECRET_KEY' => '••••••••••••••••••••••••••••••••••••••••'
    'WEB_URL' => 'https://derschmuckmacher-v3.ddev.site'
    'WEB_ROOT' => '/var/www/html/web'
    'ASSETS_BASE_URL' => 'https://derschmuckmacher-v3.ddev.site/public'
    'ASSETS_BASE_PATH' => '/var/www/html/web/public'
    'SCHMUCK_BASE_URL' => 'https://derschmuckmacher-v3.ddev.site/public/uploads/schmuck'
    'SCHMUCK_BASE_PATH' => '/var/www/html/web/public/uploads/schmuck'
    'BILDER_BASE_URL' => 'https://derschmuckmacher-v3.ddev.site/public/uploads/bilder'
    'BILDER_BASE_PATH' => '/var/www/html/web/public/uploads/bilder'
] {"environment":"dev","userId":1,"body":"{\"headers\":{\"content-type\":\"application\\/json; charset=UTF-8\",\"x-craft-allow-trials\":\"1\",\"x-craft-license-domain\":\"derschmuckmacher.ch\",\"x-craft-license-info\":\"craft:832671;pro;astray,plugin-freeform:266191;pro;valid\"}}"} 
2026-05-16 10:22:40 [web.INFO] [yii\db\Connection::open] Opening DB connection: mysql:host=db;dbname=db;port=3306 {"memory":1102992} 
2026-05-16 10:22:40 [web.INFO] [yii\web\Session::open] Session started {"memory":1525624} 
2026-05-16 10:22:40 [web.INFO] [nystudio107\codeeditor\CodeEditor::bootstrap] CodeEditor module bootstrapped {"memory":1549960} 
2026-05-16 10:22:40 [web.INFO] [adigital\cookieconsentbanner\CookieConsentBanner::init] Cookie Consent Banner plugin loaded {"memory":1767168} 
2026-05-16 10:22:40 [web.INFO] [miranj\obfuscator\Obfuscator::init] Obfuscator plugin loaded {"memory":2729000} 
2026-05-16 10:22:40 [web.INFO] [application] Request context:
$_GET = [
    'p' => 'dW2axQ3b/actions/app/cache-updates'
    'v' => '1778919760147'
]

$_FILES = []

$_COOKIE = [
    'cookieconsent_status' => 'allow'
    'CRAFT_CSRF_TOKEN' => '••••••••••••••••••••••••••••••••••••••••••••••••••••••••••••••••••••••••••••••••••••••••••••••••••••••••••••••••••••••••••••••••••••••••••••••••••••••••••••••••••••••••••••••••••••••••••••••••••••••••••••••••••••••••••••••••••••••••••••••••••••••••••••••••••'
    'CraftSessionId' => '8m6eet0tlm9ao9brq6uoi3p8sq'
    'a8b7b1ec9ffb8baf2c6eaa253fe57112_username' => '26b9ec8568da68d3882e55afaa5d203483c6c5810ee05b5a55c8a0eb10cab93ea:2:{i:0;s:41:\"a8b7b1ec9ffb8baf2c6eaa253fe57112_username\";i:1;s:8:\"odegiuli\";}'
    'Craft-3626ffc1-d0a3-42e3-98aa-37e8aa759561_sidebar' => 'expanded'
    'a8b7b1ec9ffb8baf2c6eaa253fe57112_identity' => '014810335ee2fe011ef02c02b537a1ac7bf3cfa7f2f8fab42103f71f70525ae3a:2:{i:0;s:41:\"a8b7b1ec9ffb8baf2c6eaa253fe57112_identity\";i:1;s:159:\"[1,\"[\\\"W66KgiipJ2zO7LpsWJIt3v8lNdASO5VFU_NWJx8fvJypaXtu7Vb1Uyqznj6tW9NKQQKhWj7c7P7i3tDJATDmANWARJN_Io4GlsP0\\\",null,\\\"0ef01a0bceeac5b1d0a2b6557bd3d7b1\\\"]\",3600]\";}'
]

$_SESSION = [
    '22b6a59deafcfb2ffb13c3adf3d98a3b__flash' => []
    'a8b7b1ec9ffb8baf2c6eaa253fe57112__token' => '••••••••••••••••••••••••••••••••••••••••••••••••••••••••••••••••••••••••••••••••••••••••••••••••••••'
    'a8b7b1ec9ffb8baf2c6eaa253fe57112__id' => 1
    '__authKey' => '••••••••••••••••••••••••••••••••••••••••••••••••••••••••••••••••••••••••••••••••••••••••••••••••••••••••••••••••••••••••••••••••••••••••••••••••'
    'a8b7b1ec9ffb8baf2c6eaa253fe57112__expire' => 1778923360
    '__duration' => 3600
    '__elevated_timeout' => 1778920053
]

$_SERVER = [
    'DEPLOY_NAME' => 'local'
    'DDEV_WEBSERVER_TYPE' => 'nginx-fpm'
    'npm_config_cache' => '/mnt/ddev-global-cache/npm'
    'COREPACK_ENABLE_DOWNLOAD_PROMPT' => '0'
    'DDEV_GOOS' => 'darwin'
    'IS_DDEV_PROJECT' => 'true'
    'PHP_DEFAULT_VERSION' => '8.3'
    'HOSTNAME' => 'derschmuckmacher-v3-web'
    'MAILPIT_SMTP_PORT' => '1025'
    'MH_SMTP_BIND_ADDR' => '127.0.0.1:1025'
    'DDEV_PRIMARY_URL_WITHOUT_PORT' => 'https://derschmuckmacher-v3.ddev.site'
    'CRAFT_DB_PORT' => '3306'
    'DDEV_GID' => '20'
    'SSH_AUTH_SOCK' => '/home/.ssh-agent/socket'
    'NODE_EXTRA_CA_CERTS' => '/mnt/ddev-global-cache/mkcert/rootCA.pem'
    'DOCKER_IP' => '127.0.0.1'
    'PGPASSWORD' => 'db'
    'CRAFT_WEB_ROOT' => '/var/www/html/web'
    'DDEV_DOCROOT' => 'web'
    'PWD' => '/var/www/html'
    'PLATFORMSH_CLI_UPDATES_CHECK' => '0'
    'DDEV_APPROOT' => '/var/www/html'
    'DDEV_FILES_DIR' => ''
    'START_SCRIPT_TIMEOUT' => '57'
    'APACHE_SITE_TEMPLATE' => '/etc/apache2/apache-site.conf'
    'PHP_INI' => '/etc/php/8.3/fpm/php.ini'
    'DDEV_VERSION' => 'v1.24.10'
    'PRIMARY_SITE_URL' => 'https://derschmuckmacher-v3.ddev.site'
    'TZ' => 'Europe/Zurich'
    'DDEV_XHPROF_MODE' => 'prepend'
    'HTTPS_EXPOSE' => '443:80,8026:8025'
    'COREPACK_HOME' => '/mnt/ddev-global-cache/corepack'
    'CRAFT_DB_DATABASE' => 'db'
    'DDEV_PRIMARY_URL' => 'https://derschmuckmacher-v3.ddev.site'
    'LINES' => '6'
    'DDEV_SITENAME' => 'derschmuckmacher-v3'
    'HOME' => '/home/omar'
    'DRUSH_OPTIONS_URI' => 'https://derschmuckmacher-v3.ddev.site'
    'LANG' => 'C.UTF-8'
    'COLUMNS' => '371'
    'DDEV_MUTAGEN_ENABLED' => 'true'
    'DDEV_USER' => 'omar'
    'PGUSER' => 'db'
    'TERMINUS_CACHE_DIR' => '/mnt/ddev-global-cache/terminus/cache'
    'DDEV_PRIMARY_URL_PORT' => '443'
    'DDEV_ROUTER_HTTP_PORT' => '80'
    'MAILPIT_SMTP_HOSTNAME' => '127.0.0.1'
    'CRAFT_DB_DRIVER' => 'mysql'
    'COMPOSER_PROCESS_TIMEOUT' => '2000'
    'NGINX_SITE_TEMPLATE' => '/etc/nginx/nginx-site.conf'
    'DDEV_FILES_DIRS' => ''
    'CRAFT_DB_SERVER' => 'db'
    'HTTP_EXPOSE' => '80:80,8025:8025'
    'NVM_DIR' => '/home/omar/.nvm'
    'DDEV_PHP_VERSION' => '8.3'
    'DDEV_TLD' => 'ddev.site'
    'DDEV_HOSTNAME' => 'derschmuckmacher-v3.ddev.site'
    'DDEV_PROJECT' => 'derschmuckmacher-v3'
    'DDEV_GOARCH' => 'arm64'
    'VIRTUAL_HOST' => 'derschmuckmacher-v3.ddev.site'
    'TERM' => 'xterm'
    'USER' => 'omar'
    'MYSQL_HISTFILE' => '/mnt/ddev-global-cache/mysqlhistory/derschmuckmacher-v3-web/mysql_history'
    'DDEV_WEB_ENTRYPOINT' => '/mnt/ddev_config/web-entrypoint.d'
    'DDEV_UID' => '501'
    'CAROOT' => '/mnt/ddev-global-cache/mkcert'
    'SHLVL' => '1'
    'COMPOSER_ALLOW_SUPERUSER' => '1'
    'BASH_ENV' => '/etc/bash.nointeractive.bashrc'
    'DDEV_DATABASE' => 'mysql:8.0'
    'PGDATABASE' => 'db'
    'CRAFT_DB_USER' => 'db'
    'DDEV_SCHEME' => 'https'
    'XHPROF_OUTPUT_DIR' => '/tmp/xhprof'
    'COMPOSER_CACHE_DIR' => '/mnt/ddev-global-cache/composer'
    'DDEV_XDEBUG_ENABLED' => 'false'
    'DDEV_DATABASE_FAMILY' => 'mysql'
    'PGHOST' => 'db'
    'DDEV_COMPOSER_ROOT' => '/var/www/html'
    'CRAFT_DB_PASSWORD' => '••'
    'DOCROOT' => 'web'
    'TERMINUS_HIDE_UPDATE_MESSAGE' => '1'
    'PATH' => '/home/omar/bin:/var/www/html/vendor/bin:/usr/local/sbin:/usr/local/bin:/usr/sbin:/usr/bin:/sbin:/bin:/var/www/html/bin:/mnt/ddev-global-cache/global-commands/web'
    'HOST_DOCKER_INTERNAL_IP' => ''
    'DDEV_PROJECT_TYPE' => 'craftcms'
    'DEBIAN_FRONTEND' => 'noninteractive'
    'DDEV_ROUTER_HTTPS_PORT' => '443'
    'EXECIGNORE' => '/var/www/html/vendor/bin/composer'
    'SUPERVISOR_ENABLED' => '1'
    'SUPERVISOR_SERVER_URL' => 'unix:///var/run/supervisor.sock'
    'SUPERVISOR_PROCESS_NAME' => 'php-fpm'
    'SUPERVISOR_GROUP_NAME' => 'php-fpm'
    'HTTP_X_REQUESTED_WITH' => 'XMLHttpRequest'
    'HTTP_X_REGISTERED_JS_FILES' => ''
    'HTTP_X_REGISTERED_ASSET_BUNDLES' => 'e38a2e07,22e517a2,aee7f8dc,26c46c25,e505ffd6,6b4d7555,bb2f10a0,e5e48399,815d39ea,fc0bc163,1ccab40d,1e21896b,54698ee0,b842675b,1c3c9add,4b1fd285,d8d08e47,8f00ce04,8768f48b,cf3018d6,ec6d0256,11858fc6,8550f857,c7a8fe38'
    'HTTP_X_REAL_IP' => '172.18.0.1'
    'HTTP_X_FORWARDED_SERVER' => '9d89c63e5d30'
    'HTTP_X_FORWARDED_PROTO' => 'https'
    'HTTP_X_FORWARDED_PORT' => '443'
    'HTTP_X_FORWARDED_HOST' => 'derschmuckmacher-v3.ddev.site'
    'HTTP_X_FORWARDED_FOR' => '172.18.0.1'
    'HTTP_X_CSRF_TOKEN' => '••••••••••••••••••••••••••••••••••••••••••••••••••••••••••••••••••••••••••••••••••••••••••••••••••••••••••••••••••••••••••••••••••••••••••••••••••••••••••••••••••••••••••••••••••••••••••••••••••••••••••••••••••••••••••••••••••••••••••••••••••••••••••••••••••••••••••••••••••••••••••••••••••••••••••••••••••••••••••••••••••••••••••••••••••••••••••••••••••••••••••••••••••••••••••••••••••••••••'
    'HTTP_TE' => 'trailers'
    'HTTP_SEC_GPC' => '1'
    'HTTP_SEC_FETCH_SITE' => 'same-origin'
    'HTTP_SEC_FETCH_MODE' => 'cors'
    'HTTP_SEC_FETCH_DEST' => 'empty'
    'HTTP_REFERER' => 'https://derschmuckmacher-v3.ddev.site/dW2axQ3b/dashboard'
    'HTTP_ORIGIN' => 'https://derschmuckmacher-v3.ddev.site'
    'HTTP_COOKIE' => 'cookieconsent_status=allow; CRAFT_CSRF_TOKEN=f52c2ad1562dd4eaea483aa259f3d9f40e937251911a1f388757fd23df670184a%3A2%3A%7Bi%3A0%3Bs%3A16%3A%22CRAFT_CSRF_TOKEN%22%3Bi%3A1%3Bs%3A147%3A%22oscGmXtgN7lH1IINFeBh9KwfL0sWDqIBBHQCFaaO%7Cb7905baa15fbf45e0730994dfb6501f9dd198752ca26e174cf5f6d5fd0c05b74oscGmXtgN7lH1IINFeBh9KwfL0sWDqIBBHQCFaaO%7C1%22%3B%7D; CraftSessionId=8m6eet0tlm9ao9brq6uoi3p8sq; a8b7b1ec9ffb8baf2c6eaa253fe57112_username=26b9ec8568da68d3882e55afaa5d203483c6c5810ee05b5a55c8a0eb10cab93ea%3A2%3A%7Bi%3A0%3Bs%3A41%3A%22a8b7b1ec9ffb8baf2c6eaa253fe57112_username%22%3Bi%3A1%3Bs%3A8%3A%22odegiuli%22%3B%7D; Craft-3626ffc1-d0a3-42e3-98aa-37e8aa759561_sidebar=expanded; a8b7b1ec9ffb8baf2c6eaa253fe57112_identity=014810335ee2fe011ef02c02b537a1ac7bf3cfa7f2f8fab42103f71f70525ae3a%3A2%3A%7Bi%3A0%3Bs%3A41%3A%22a8b7b1ec9ffb8baf2c6eaa253fe57112_identity%22%3Bi%3A1%3Bs%3A159%3A%22%5B1%2C%22%5B%5C%22W66KgiipJ2zO7LpsWJIt3v8lNdASO5VFU_NWJx8fvJypaXtu7Vb1Uyqznj6tW9NKQQKhWj7c7P7i3tDJATDmANWARJN_Io4GlsP0%5C%22%2Cnull%2C%5C%220ef01a0bceeac5b1d0a2b6557bd3d7b1%5C%22%5D%22%2C3600%5D%22%3B%7D'
    'HTTP_CONTENT_TYPE' => 'application/json'
    'HTTP_ACCEPT_LANGUAGE' => 'de,en-US;q=0.9,en;q=0.8'
    'HTTP_ACCEPT_ENCODING' => 'gzip, deflate, br, zstd'
    'HTTP_ACCEPT' => 'application/json, text/plain, */*'
    'HTTP_CONTENT_LENGTH' => '1307'
    'HTTP_USER_AGENT' => 'Mozilla/5.0 (Macintosh; Intel Mac OS X 10.15; rv:150.0) Gecko/20100101 Firefox/150.0'
    'HTTP_HOST' => 'derschmuckmacher-v3.ddev.site'
    'HTTPS' => 'on'
    'REDIRECT_STATUS' => '200'
    'SERVER_NAME' => 'derschmuckmacher-v3.ddev.site'
    'SERVER_PORT' => '80'
    'SERVER_ADDR' => '172.18.0.4'
    'REMOTE_PORT' => '47136'
    'REMOTE_ADDR' => '172.18.0.5'
    'SERVER_SOFTWARE' => 'nginx/1.28.0'
    'GATEWAY_INTERFACE' => 'CGI/1.1'
    'REQUEST_SCHEME' => 'http'
    'SERVER_PROTOCOL' => 'HTTP/1.1'
    'DOCUMENT_ROOT' => '/var/www/html/web'
    'DOCUMENT_URI' => '/index.php'
    'REQUEST_URI' => '/index.php?p=dW2axQ3b%2Factions%2Fapp%2Fcache-updates&v=1778919760147'
    'CONTENT_LENGTH' => '1307'
    'CONTENT_TYPE' => 'application/json'
    'REQUEST_METHOD' => 'POST'
    'QUERY_STRING' => 'p=dW2axQ3b%2Factions%2Fapp%2Fcache-updates&v=1778919760147'
    'SCRIPT_NAME' => '/index.php'
    'SCRIPT_FILENAME' => '/var/www/html/web/index.php'
    'FCGI_ROLE' => 'RESPONDER'
    'PHP_SELF' => '/index.php'
    'REQUEST_TIME_FLOAT' => 1778919760.1519
    'REQUEST_TIME' => 1778919760
    'CRAFT_APP_ID' => 'CraftCMS--3933bc78-29f5-4b79-bcc5-c31faf0fcd20'
    'CRAFT_ENVIRONMENT' => 'dev'
    'ENVIRONMENT' => 'dev'
    'CRAFT_SECURITY_KEY' => '••••••••••••••••••••••••••••••••'
    'CP_TRIGGER' => 'dW2axQ3b'
    'CRAFT_DB_SCHEMA' => 'public'
    'CRAFT_DB_TABLE_PREFIX' => ''
    'DEV_MODE' => 'true'
    'ALLOW_ADMIN_CHANGES' => 'true'
    'DISALLOW_ROBOTS' => 'true'
    'TIMEZONE' => 'Europe/Zurich'
    'CAPTCHA_SITE_KEY' => '••••••••••••••••••••••••••••••••••••••••'
    'CAPTCHA_SECRET_KEY' => '••••••••••••••••••••••••••••••••••••••••'
    'WEB_URL' => 'https://derschmuckmacher-v3.ddev.site'
    'WEB_ROOT' => '/var/www/html/web'
    'ASSETS_BASE_URL' => 'https://derschmuckmacher-v3.ddev.site/public'
    'ASSETS_BASE_PATH' => '/var/www/html/web/public'
    'SCHMUCK_BASE_URL' => 'https://derschmuckmacher-v3.ddev.site/public/uploads/schmuck'
    'SCHMUCK_BASE_PATH' => '/var/www/html/web/public/uploads/schmuck'
    'BILDER_BASE_URL' => 'https://derschmuckmacher-v3.ddev.site/public/uploads/bilder'
    'BILDER_BASE_PATH' => '/var/www/html/web/public/uploads/bilder'
] {"environment":"dev","userId":1,"body":"{\"updates\":{\"cms\":{\"status\":\"expired\",\"releases\":[],\"renewalUrl\":\"https:\\/\\/console.craftcms.com\\/accounts\\/me\\/licenses\\/cms\\/832671\",\"renewalPrice\":\"99.0000\",\"renewalCurrency\":\"USD\",\"packageName\":\"craftcms\\/cms\"},\"plugins\":{\"ckeditor\":{\"status\":\"eligible\",\"releases\":[],\"packageName\":\"craftcms\\/ckeditor\"},\"cookie-consent-banner\":{\"status\":\"eligible\",\"releases\":[],\"packageName\":\"adigital\\/cookie-consent-banner\"},\"freeform\":{\"status\":\"eligible\",\"releases\":[{\"version\":\"5.15.12\",\"critical\":false,\"notes\":\"<h3>Added<\\/h3>\\n<ul>\\n<li>Verified support for <strong>Craft 5.10.x<\\/strong> and <strong>4.18.x<\\/strong>.<\\/li>\\n<\\/ul>\\n<h3>Fixed<\\/h3>\\n<ul>\\n<li>Fixed a hover flickering issue in the <strong>Form Monitoring<\\/strong> tab of the form builder.<\\/li>\\n<li>Fixed visual issues on the <strong>Diagnostics<\\/strong> page.<\\/li>\\n<\\/ul>\\n<h3>Security<\\/h3>\\n<ul>\\n<li>Updated various dependencies to their latest compatible versions.<\\/li>\\n<\\/ul>\\n\",\"date\":\"2026-05-15T00:00:00\"}],\"phpConstraint\":\"^8.0.2|^8.2.0\",\"packageName\":\"solspace\\/craft-freeform\"},\"obfuscator\":{\"status\":\"eligible\",\"releases\":[],\"packageName\":\"miranj\\/craft-obfuscator\"},\"seo\":{\"status\":\"eligible\",\"releases\":[],\"packageName\":\"ether\\/seo\"},\"sprig\":{\"status\":\"eligible\",\"releases\":[],\"packageName\":\"putyourlightson\\/craft-sprig\"}}},\"includeDetails\":false}"} 
2026-05-16 10:22:41 [web.INFO] [yii\db\Connection::open] Opening DB connection: mysql:host=db;dbname=db;port=3306 {"memory":1097560} 
2026-05-16 10:22:41 [web.INFO] [yii\web\Session::open] Session started {"memory":1518544} 
2026-05-16 10:22:41 [web.INFO] [nystudio107\codeeditor\CodeEditor::bootstrap] CodeEditor module bootstrapped {"memory":1542880} 
2026-05-16 10:22:41 [web.INFO] [adigital\cookieconsentbanner\CookieConsentBanner::init] Cookie Consent Banner plugin loaded {"memory":1757784} 
2026-05-16 10:22:41 [web.INFO] [miranj\obfuscator\Obfuscator::init] Obfuscator plugin loaded {"memory":2719296} 
2026-05-16 10:22:41 [web.INFO] [application] Request context:
$_GET = []

$_POST = []

$_FILES = []

$_COOKIE = [
    'cookieconsent_status' => 'allow'
    'CRAFT_CSRF_TOKEN' => '••••••••••••••••••••••••••••••••••••••••••••••••••••••••••••••••••••••••••••••••••••••••••••••••••••••••••••••••••••••••••••••••••••••••••••••••••••••••••••••••••••••••••••••••••••••••••••••••••••••••••••••••••••••••••••••••••••••••••••••••••••••••••••••••••'
    'CraftSessionId' => '8m6eet0tlm9ao9brq6uoi3p8sq'
    'a8b7b1ec9ffb8baf2c6eaa253fe57112_username' => '26b9ec8568da68d3882e55afaa5d203483c6c5810ee05b5a55c8a0eb10cab93ea:2:{i:0;s:41:\"a8b7b1ec9ffb8baf2c6eaa253fe57112_username\";i:1;s:8:\"odegiuli\";}'
    'Craft-3626ffc1-d0a3-42e3-98aa-37e8aa759561_sidebar' => 'expanded'
    'a8b7b1ec9ffb8baf2c6eaa253fe57112_identity' => '014810335ee2fe011ef02c02b537a1ac7bf3cfa7f2f8fab42103f71f70525ae3a:2:{i:0;s:41:\"a8b7b1ec9ffb8baf2c6eaa253fe57112_identity\";i:1;s:159:\"[1,\"[\\\"W66KgiipJ2zO7LpsWJIt3v8lNdASO5VFU_NWJx8fvJypaXtu7Vb1Uyqznj6tW9NKQQKhWj7c7P7i3tDJATDmANWARJN_Io4GlsP0\\\",null,\\\"0ef01a0bceeac5b1d0a2b6557bd3d7b1\\\"]\",3600]\";}'
]

$_SESSION = [
    '22b6a59deafcfb2ffb13c3adf3d98a3b__flash' => []
    'a8b7b1ec9ffb8baf2c6eaa253fe57112__token' => '••••••••••••••••••••••••••••••••••••••••••••••••••••••••••••••••••••••••••••••••••••••••••••••••••••'
    'a8b7b1ec9ffb8baf2c6eaa253fe57112__id' => 1
    '__authKey' => '••••••••••••••••••••••••••••••••••••••••••••••••••••••••••••••••••••••••••••••••••••••••••••••••••••••••••••••••••••••••••••••••••••••••••••••••'
    'a8b7b1ec9ffb8baf2c6eaa253fe57112__expire' => 1778923361
    '__duration' => 3600
    '__elevated_timeout' => 1778920053
]

$_SERVER = [
    'DEPLOY_NAME' => 'local'
    'DDEV_WEBSERVER_TYPE' => 'nginx-fpm'
    'npm_config_cache' => '/mnt/ddev-global-cache/npm'
    'COREPACK_ENABLE_DOWNLOAD_PROMPT' => '0'
    'DDEV_GOOS' => 'darwin'
    'IS_DDEV_PROJECT' => 'true'
    'PHP_DEFAULT_VERSION' => '8.3'
    'HOSTNAME' => 'derschmuckmacher-v3-web'
    'MAILPIT_SMTP_PORT' => '1025'
    'MH_SMTP_BIND_ADDR' => '127.0.0.1:1025'
    'DDEV_PRIMARY_URL_WITHOUT_PORT' => 'https://derschmuckmacher-v3.ddev.site'
    'CRAFT_DB_PORT' => '3306'
    'DDEV_GID' => '20'
    'SSH_AUTH_SOCK' => '/home/.ssh-agent/socket'
    'NODE_EXTRA_CA_CERTS' => '/mnt/ddev-global-cache/mkcert/rootCA.pem'
    'DOCKER_IP' => '127.0.0.1'
    'PGPASSWORD' => 'db'
    'CRAFT_WEB_ROOT' => '/var/www/html/web'
    'DDEV_DOCROOT' => 'web'
    'PWD' => '/var/www/html'
    'PLATFORMSH_CLI_UPDATES_CHECK' => '0'
    'DDEV_APPROOT' => '/var/www/html'
    'DDEV_FILES_DIR' => ''
    'START_SCRIPT_TIMEOUT' => '57'
    'APACHE_SITE_TEMPLATE' => '/etc/apache2/apache-site.conf'
    'PHP_INI' => '/etc/php/8.3/fpm/php.ini'
    'DDEV_VERSION' => 'v1.24.10'
    'PRIMARY_SITE_URL' => 'https://derschmuckmacher-v3.ddev.site'
    'TZ' => 'Europe/Zurich'
    'DDEV_XHPROF_MODE' => 'prepend'
    'HTTPS_EXPOSE' => '443:80,8026:8025'
    'COREPACK_HOME' => '/mnt/ddev-global-cache/corepack'
    'CRAFT_DB_DATABASE' => 'db'
    'DDEV_PRIMARY_URL' => 'https://derschmuckmacher-v3.ddev.site'
    'LINES' => '6'
    'DDEV_SITENAME' => 'derschmuckmacher-v3'
    'HOME' => '/home/omar'
    'DRUSH_OPTIONS_URI' => 'https://derschmuckmacher-v3.ddev.site'
    'LANG' => 'C.UTF-8'
    'COLUMNS' => '371'
    'DDEV_MUTAGEN_ENABLED' => 'true'
    'DDEV_USER' => 'omar'
    'PGUSER' => 'db'
    'TERMINUS_CACHE_DIR' => '/mnt/ddev-global-cache/terminus/cache'
    'DDEV_PRIMARY_URL_PORT' => '443'
    'DDEV_ROUTER_HTTP_PORT' => '80'
    'MAILPIT_SMTP_HOSTNAME' => '127.0.0.1'
    'CRAFT_DB_DRIVER' => 'mysql'
    'COMPOSER_PROCESS_TIMEOUT' => '2000'
    'NGINX_SITE_TEMPLATE' => '/etc/nginx/nginx-site.conf'
    'DDEV_FILES_DIRS' => ''
    'CRAFT_DB_SERVER' => 'db'
    'HTTP_EXPOSE' => '80:80,8025:8025'
    'NVM_DIR' => '/home/omar/.nvm'
    'DDEV_PHP_VERSION' => '8.3'
    'DDEV_TLD' => 'ddev.site'
    'DDEV_HOSTNAME' => 'derschmuckmacher-v3.ddev.site'
    'DDEV_PROJECT' => 'derschmuckmacher-v3'
    'DDEV_GOARCH' => 'arm64'
    'VIRTUAL_HOST' => 'derschmuckmacher-v3.ddev.site'
    'TERM' => 'xterm'
    'USER' => 'omar'
    'MYSQL_HISTFILE' => '/mnt/ddev-global-cache/mysqlhistory/derschmuckmacher-v3-web/mysql_history'
    'DDEV_WEB_ENTRYPOINT' => '/mnt/ddev_config/web-entrypoint.d'
    'DDEV_UID' => '501'
    'CAROOT' => '/mnt/ddev-global-cache/mkcert'
    'SHLVL' => '1'
    'COMPOSER_ALLOW_SUPERUSER' => '1'
    'BASH_ENV' => '/etc/bash.nointeractive.bashrc'
    'DDEV_DATABASE' => 'mysql:8.0'
    'PGDATABASE' => 'db'
    'CRAFT_DB_USER' => 'db'
    'DDEV_SCHEME' => 'https'
    'XHPROF_OUTPUT_DIR' => '/tmp/xhprof'
    'COMPOSER_CACHE_DIR' => '/mnt/ddev-global-cache/composer'
    'DDEV_XDEBUG_ENABLED' => 'false'
    'DDEV_DATABASE_FAMILY' => 'mysql'
    'PGHOST' => 'db'
    'DDEV_COMPOSER_ROOT' => '/var/www/html'
    'CRAFT_DB_PASSWORD' => '••'
    'DOCROOT' => 'web'
    'TERMINUS_HIDE_UPDATE_MESSAGE' => '1'
    'PATH' => '/home/omar/bin:/var/www/html/vendor/bin:/usr/local/sbin:/usr/local/bin:/usr/sbin:/usr/bin:/sbin:/bin:/var/www/html/bin:/mnt/ddev-global-cache/global-commands/web'
    'HOST_DOCKER_INTERNAL_IP' => ''
    'DDEV_PROJECT_TYPE' => 'craftcms'
    'DEBIAN_FRONTEND' => 'noninteractive'
    'DDEV_ROUTER_HTTPS_PORT' => '443'
    'EXECIGNORE' => '/var/www/html/vendor/bin/composer'
    'SUPERVISOR_ENABLED' => '1'
    'SUPERVISOR_SERVER_URL' => 'unix:///var/run/supervisor.sock'
    'SUPERVISOR_PROCESS_NAME' => 'php-fpm'
    'SUPERVISOR_GROUP_NAME' => 'php-fpm'
    'HTTP_X_REAL_IP' => '172.18.0.1'
    'HTTP_X_FORWARDED_SERVER' => '9d89c63e5d30'
    'HTTP_X_FORWARDED_PROTO' => 'https'
    'HTTP_X_FORWARDED_PORT' => '443'
    'HTTP_X_FORWARDED_HOST' => 'derschmuckmacher-v3.ddev.site'
    'HTTP_X_FORWARDED_FOR' => '172.18.0.1'
    'HTTP_UPGRADE_INSECURE_REQUESTS' => '1'
    'HTTP_TE' => 'trailers'
    'HTTP_SEC_GPC' => '1'
    'HTTP_SEC_FETCH_USER' => '?1'
    'HTTP_SEC_FETCH_SITE' => 'same-origin'
    'HTTP_SEC_FETCH_MODE' => 'navigate'
    'HTTP_SEC_FETCH_DEST' => 'document'
    'HTTP_REFERER' => 'https://derschmuckmacher-v3.ddev.site/dW2axQ3b/dashboard'
    'HTTP_PRIORITY' => 'u=0, i'
    'HTTP_COOKIE' => 'cookieconsent_status=allow; CRAFT_CSRF_TOKEN=f52c2ad1562dd4eaea483aa259f3d9f40e937251911a1f388757fd23df670184a%3A2%3A%7Bi%3A0%3Bs%3A16%3A%22CRAFT_CSRF_TOKEN%22%3Bi%3A1%3Bs%3A147%3A%22oscGmXtgN7lH1IINFeBh9KwfL0sWDqIBBHQCFaaO%7Cb7905baa15fbf45e0730994dfb6501f9dd198752ca26e174cf5f6d5fd0c05b74oscGmXtgN7lH1IINFeBh9KwfL0sWDqIBBHQCFaaO%7C1%22%3B%7D; CraftSessionId=8m6eet0tlm9ao9brq6uoi3p8sq; a8b7b1ec9ffb8baf2c6eaa253fe57112_username=26b9ec8568da68d3882e55afaa5d203483c6c5810ee05b5a55c8a0eb10cab93ea%3A2%3A%7Bi%3A0%3Bs%3A41%3A%22a8b7b1ec9ffb8baf2c6eaa253fe57112_username%22%3Bi%3A1%3Bs%3A8%3A%22odegiuli%22%3B%7D; Craft-3626ffc1-d0a3-42e3-98aa-37e8aa759561_sidebar=expanded; a8b7b1ec9ffb8baf2c6eaa253fe57112_identity=014810335ee2fe011ef02c02b537a1ac7bf3cfa7f2f8fab42103f71f70525ae3a%3A2%3A%7Bi%3A0%3Bs%3A41%3A%22a8b7b1ec9ffb8baf2c6eaa253fe57112_identity%22%3Bi%3A1%3Bs%3A159%3A%22%5B1%2C%22%5B%5C%22W66KgiipJ2zO7LpsWJIt3v8lNdASO5VFU_NWJx8fvJypaXtu7Vb1Uyqznj6tW9NKQQKhWj7c7P7i3tDJATDmANWARJN_Io4GlsP0%5C%22%2Cnull%2C%5C%220ef01a0bceeac5b1d0a2b6557bd3d7b1%5C%22%5D%22%2C3600%5D%22%3B%7D'
    'HTTP_ACCEPT_LANGUAGE' => 'de,en-US;q=0.9,en;q=0.8'
    'HTTP_ACCEPT_ENCODING' => 'gzip, deflate, br, zstd'
    'HTTP_ACCEPT' => 'text/html,application/xhtml+xml,application/xml;q=0.9,*/*;q=0.8'
    'HTTP_USER_AGENT' => 'Mozilla/5.0 (Macintosh; Intel Mac OS X 10.15; rv:150.0) Gecko/20100101 Firefox/150.0'
    'HTTP_HOST' => 'derschmuckmacher-v3.ddev.site'
    'HTTPS' => 'on'
    'REDIRECT_STATUS' => '200'
    'SERVER_NAME' => 'derschmuckmacher-v3.ddev.site'
    'SERVER_PORT' => '80'
    'SERVER_ADDR' => '172.18.0.4'
    'REMOTE_PORT' => '47136'
    'REMOTE_ADDR' => '172.18.0.5'
    'SERVER_SOFTWARE' => 'nginx/1.28.0'
    'GATEWAY_INTERFACE' => 'CGI/1.1'
    'REQUEST_SCHEME' => 'http'
    'SERVER_PROTOCOL' => 'HTTP/1.1'
    'DOCUMENT_ROOT' => '/var/www/html/web'
    'DOCUMENT_URI' => '/index.php'
    'REQUEST_URI' => '/dW2axQ3b/utilities/updates'
    'CONTENT_LENGTH' => ''
    'CONTENT_TYPE' => ''
    'REQUEST_METHOD' => 'GET'
    'QUERY_STRING' => ''
    'SCRIPT_NAME' => '/index.php'
    'SCRIPT_FILENAME' => '/var/www/html/web/index.php'
    'FCGI_ROLE' => 'RESPONDER'
    'PHP_SELF' => '/index.php'
    'REQUEST_TIME_FLOAT' => 1778919761.4275
    'REQUEST_TIME' => 1778919761
    'CRAFT_APP_ID' => 'CraftCMS--3933bc78-29f5-4b79-bcc5-c31faf0fcd20'
    'CRAFT_ENVIRONMENT' => 'dev'
    'ENVIRONMENT' => 'dev'
    'CRAFT_SECURITY_KEY' => '••••••••••••••••••••••••••••••••'
    'CP_TRIGGER' => 'dW2axQ3b'
    'CRAFT_DB_SCHEMA' => 'public'
    'CRAFT_DB_TABLE_PREFIX' => ''
    'DEV_MODE' => 'true'
    'ALLOW_ADMIN_CHANGES' => 'true'
    'DISALLOW_ROBOTS' => 'true'
    'TIMEZONE' => 'Europe/Zurich'
    'CAPTCHA_SITE_KEY' => '••••••••••••••••••••••••••••••••••••••••'
    'CAPTCHA_SECRET_KEY' => '••••••••••••••••••••••••••••••••••••••••'
    'WEB_URL' => 'https://derschmuckmacher-v3.ddev.site'
    'WEB_ROOT' => '/var/www/html/web'
    'ASSETS_BASE_URL' => 'https://derschmuckmacher-v3.ddev.site/public'
    'ASSETS_BASE_PATH' => '/var/www/html/web/public'
    'SCHMUCK_BASE_URL' => 'https://derschmuckmacher-v3.ddev.site/public/uploads/schmuck'
    'SCHMUCK_BASE_PATH' => '/var/www/html/web/public/uploads/schmuck'
    'BILDER_BASE_URL' => 'https://derschmuckmacher-v3.ddev.site/public/uploads/bilder'
    'BILDER_BASE_PATH' => '/var/www/html/web/public/uploads/bilder'
] {"environment":"dev","userId":1} 
2026-05-16 10:22:41 [web.INFO] [yii\db\Connection::open] Opening DB connection: mysql:host=db;dbname=db;port=3306 {"memory":1101120} 
2026-05-16 10:22:41 [web.INFO] [yii\web\Session::open] Session started {"memory":1523696} 
2026-05-16 10:22:41 [web.INFO] [nystudio107\codeeditor\CodeEditor::bootstrap] CodeEditor module bootstrapped {"memory":1548032} 
2026-05-16 10:22:41 [web.INFO] [adigital\cookieconsentbanner\CookieConsentBanner::init] Cookie Consent Banner plugin loaded {"memory":1765160} 
2026-05-16 10:22:41 [web.INFO] [miranj\obfuscator\Obfuscator::init] Obfuscator plugin loaded {"memory":2726992} 
2026-05-16 10:22:41 [web.INFO] [application] Request context:
$_GET = [
    'p' => 'dW2axQ3b/actions/app/api-headers'
    'v' => '1778919761613'
]

$_POST = []

$_FILES = []

$_COOKIE = [
    'cookieconsent_status' => 'allow'
    'CRAFT_CSRF_TOKEN' => '••••••••••••••••••••••••••••••••••••••••••••••••••••••••••••••••••••••••••••••••••••••••••••••••••••••••••••••••••••••••••••••••••••••••••••••••••••••••••••••••••••••••••••••••••••••••••••••••••••••••••••••••••••••••••••••••••••••••••••••••••••••••••••••••••'
    'CraftSessionId' => '8m6eet0tlm9ao9brq6uoi3p8sq'
    'a8b7b1ec9ffb8baf2c6eaa253fe57112_username' => '26b9ec8568da68d3882e55afaa5d203483c6c5810ee05b5a55c8a0eb10cab93ea:2:{i:0;s:41:\"a8b7b1ec9ffb8baf2c6eaa253fe57112_username\";i:1;s:8:\"odegiuli\";}'
    'Craft-3626ffc1-d0a3-42e3-98aa-37e8aa759561_sidebar' => 'expanded'
    'a8b7b1ec9ffb8baf2c6eaa253fe57112_identity' => '014810335ee2fe011ef02c02b537a1ac7bf3cfa7f2f8fab42103f71f70525ae3a:2:{i:0;s:41:\"a8b7b1ec9ffb8baf2c6eaa253fe57112_identity\";i:1;s:159:\"[1,\"[\\\"W66KgiipJ2zO7LpsWJIt3v8lNdASO5VFU_NWJx8fvJypaXtu7Vb1Uyqznj6tW9NKQQKhWj7c7P7i3tDJATDmANWARJN_Io4GlsP0\\\",null,\\\"0ef01a0bceeac5b1d0a2b6557bd3d7b1\\\"]\",3600]\";}'
]

$_SESSION = [
    '22b6a59deafcfb2ffb13c3adf3d98a3b__flash' => []
    'a8b7b1ec9ffb8baf2c6eaa253fe57112__token' => '••••••••••••••••••••••••••••••••••••••••••••••••••••••••••••••••••••••••••••••••••••••••••••••••••••'
    'a8b7b1ec9ffb8baf2c6eaa253fe57112__id' => 1
    '__authKey' => '••••••••••••••••••••••••••••••••••••••••••••••••••••••••••••••••••••••••••••••••••••••••••••••••••••••••••••••••••••••••••••••••••••••••••••••••'
    'a8b7b1ec9ffb8baf2c6eaa253fe57112__expire' => 1778923361
    '__duration' => 3600
    '__elevated_timeout' => 1778920053
]

$_SERVER = [
    'DEPLOY_NAME' => 'local'
    'DDEV_WEBSERVER_TYPE' => 'nginx-fpm'
    'npm_config_cache' => '/mnt/ddev-global-cache/npm'
    'COREPACK_ENABLE_DOWNLOAD_PROMPT' => '0'
    'DDEV_GOOS' => 'darwin'
    'IS_DDEV_PROJECT' => 'true'
    'PHP_DEFAULT_VERSION' => '8.3'
    'HOSTNAME' => 'derschmuckmacher-v3-web'
    'MAILPIT_SMTP_PORT' => '1025'
    'MH_SMTP_BIND_ADDR' => '127.0.0.1:1025'
    'DDEV_PRIMARY_URL_WITHOUT_PORT' => 'https://derschmuckmacher-v3.ddev.site'
    'CRAFT_DB_PORT' => '3306'
    'DDEV_GID' => '20'
    'SSH_AUTH_SOCK' => '/home/.ssh-agent/socket'
    'NODE_EXTRA_CA_CERTS' => '/mnt/ddev-global-cache/mkcert/rootCA.pem'
    'DOCKER_IP' => '127.0.0.1'
    'PGPASSWORD' => 'db'
    'CRAFT_WEB_ROOT' => '/var/www/html/web'
    'DDEV_DOCROOT' => 'web'
    'PWD' => '/var/www/html'
    'PLATFORMSH_CLI_UPDATES_CHECK' => '0'
    'DDEV_APPROOT' => '/var/www/html'
    'DDEV_FILES_DIR' => ''
    'START_SCRIPT_TIMEOUT' => '57'
    'APACHE_SITE_TEMPLATE' => '/etc/apache2/apache-site.conf'
    'PHP_INI' => '/etc/php/8.3/fpm/php.ini'
    'DDEV_VERSION' => 'v1.24.10'
    'PRIMARY_SITE_URL' => 'https://derschmuckmacher-v3.ddev.site'
    'TZ' => 'Europe/Zurich'
    'DDEV_XHPROF_MODE' => 'prepend'
    'HTTPS_EXPOSE' => '443:80,8026:8025'
    'COREPACK_HOME' => '/mnt/ddev-global-cache/corepack'
    'CRAFT_DB_DATABASE' => 'db'
    'DDEV_PRIMARY_URL' => 'https://derschmuckmacher-v3.ddev.site'
    'LINES' => '6'
    'DDEV_SITENAME' => 'derschmuckmacher-v3'
    'HOME' => '/home/omar'
    'DRUSH_OPTIONS_URI' => 'https://derschmuckmacher-v3.ddev.site'
    'LANG' => 'C.UTF-8'
    'COLUMNS' => '371'
    'DDEV_MUTAGEN_ENABLED' => 'true'
    'DDEV_USER' => 'omar'
    'PGUSER' => 'db'
    'TERMINUS_CACHE_DIR' => '/mnt/ddev-global-cache/terminus/cache'
    'DDEV_PRIMARY_URL_PORT' => '443'
    'DDEV_ROUTER_HTTP_PORT' => '80'
    'MAILPIT_SMTP_HOSTNAME' => '127.0.0.1'
    'CRAFT_DB_DRIVER' => 'mysql'
    'COMPOSER_PROCESS_TIMEOUT' => '2000'
    'NGINX_SITE_TEMPLATE' => '/etc/nginx/nginx-site.conf'
    'DDEV_FILES_DIRS' => ''
    'CRAFT_DB_SERVER' => 'db'
    'HTTP_EXPOSE' => '80:80,8025:8025'
    'NVM_DIR' => '/home/omar/.nvm'
    'DDEV_PHP_VERSION' => '8.3'
    'DDEV_TLD' => 'ddev.site'
    'DDEV_HOSTNAME' => 'derschmuckmacher-v3.ddev.site'
    'DDEV_PROJECT' => 'derschmuckmacher-v3'
    'DDEV_GOARCH' => 'arm64'
    'VIRTUAL_HOST' => 'derschmuckmacher-v3.ddev.site'
    'TERM' => 'xterm'
    'USER' => 'omar'
    'MYSQL_HISTFILE' => '/mnt/ddev-global-cache/mysqlhistory/derschmuckmacher-v3-web/mysql_history'
    'DDEV_WEB_ENTRYPOINT' => '/mnt/ddev_config/web-entrypoint.d'
    'DDEV_UID' => '501'
    'CAROOT' => '/mnt/ddev-global-cache/mkcert'
    'SHLVL' => '1'
    'COMPOSER_ALLOW_SUPERUSER' => '1'
    'BASH_ENV' => '/etc/bash.nointeractive.bashrc'
    'DDEV_DATABASE' => 'mysql:8.0'
    'PGDATABASE' => 'db'
    'CRAFT_DB_USER' => 'db'
    'DDEV_SCHEME' => 'https'
    'XHPROF_OUTPUT_DIR' => '/tmp/xhprof'
    'COMPOSER_CACHE_DIR' => '/mnt/ddev-global-cache/composer'
    'DDEV_XDEBUG_ENABLED' => 'false'
    'DDEV_DATABASE_FAMILY' => 'mysql'
    'PGHOST' => 'db'
    'DDEV_COMPOSER_ROOT' => '/var/www/html'
    'CRAFT_DB_PASSWORD' => '••'
    'DOCROOT' => 'web'
    'TERMINUS_HIDE_UPDATE_MESSAGE' => '1'
    'PATH' => '/home/omar/bin:/var/www/html/vendor/bin:/usr/local/sbin:/usr/local/bin:/usr/sbin:/usr/bin:/sbin:/bin:/var/www/html/bin:/mnt/ddev-global-cache/global-commands/web'
    'HOST_DOCKER_INTERNAL_IP' => ''
    'DDEV_PROJECT_TYPE' => 'craftcms'
    'DEBIAN_FRONTEND' => 'noninteractive'
    'DDEV_ROUTER_HTTPS_PORT' => '443'
    'EXECIGNORE' => '/var/www/html/vendor/bin/composer'
    'SUPERVISOR_ENABLED' => '1'
    'SUPERVISOR_SERVER_URL' => 'unix:///var/run/supervisor.sock'
    'SUPERVISOR_PROCESS_NAME' => 'php-fpm'
    'SUPERVISOR_GROUP_NAME' => 'php-fpm'
    'HTTP_X_REQUESTED_WITH' => 'XMLHttpRequest'
    'HTTP_X_REGISTERED_JS_FILES' => ''
    'HTTP_X_REGISTERED_ASSET_BUNDLES' => '82742c9d,22e517a2,aee7f8dc,26c46c25,e505ffd6,6b4d7555,bb2f10a0,e5e48399,815d39ea,fc0bc163,1ccab40d,1e21896b,54698ee0,b842675b,1c3c9add,4b1fd285,d8d08e47,8f00ce04,8768f48b,cf3018d6,ec6d0256,e356bca8'
    'HTTP_X_REAL_IP' => '172.18.0.1'
    'HTTP_X_FORWARDED_SERVER' => '9d89c63e5d30'
    'HTTP_X_FORWARDED_PROTO' => 'https'
    'HTTP_X_FORWARDED_PORT' => '443'
    'HTTP_X_FORWARDED_HOST' => 'derschmuckmacher-v3.ddev.site'
    'HTTP_X_FORWARDED_FOR' => '172.18.0.1'
    'HTTP_X_CSRF_TOKEN' => '••••••••••••••••••••••••••••••••••••••••••••••••••••••••••••••••••••••••••••••••••••••••••••••••••••••••••••••••••••••••••••••••••••••••••••••••••••••••••••••••••••••••••••••••••••••••••••••••••••••••••••••••••••••••••••••••••••••••••••••••••••••••••••••••••••••••••••••••••••••••••••••••••••••••••••••••••••••••••••••••••••••••••••••••••••••••••••••••••••••••••••••••••••••••••••••••••••••••'
    'HTTP_TE' => 'trailers'
    'HTTP_SEC_GPC' => '1'
    'HTTP_SEC_FETCH_SITE' => 'same-origin'
    'HTTP_SEC_FETCH_MODE' => 'cors'
    'HTTP_SEC_FETCH_DEST' => 'empty'
    'HTTP_REFERER' => 'https://derschmuckmacher-v3.ddev.site/dW2axQ3b/utilities/updates'
    'HTTP_ORIGIN' => 'https://derschmuckmacher-v3.ddev.site'
    'HTTP_COOKIE' => 'cookieconsent_status=allow; CRAFT_CSRF_TOKEN=f52c2ad1562dd4eaea483aa259f3d9f40e937251911a1f388757fd23df670184a%3A2%3A%7Bi%3A0%3Bs%3A16%3A%22CRAFT_CSRF_TOKEN%22%3Bi%3A1%3Bs%3A147%3A%22oscGmXtgN7lH1IINFeBh9KwfL0sWDqIBBHQCFaaO%7Cb7905baa15fbf45e0730994dfb6501f9dd198752ca26e174cf5f6d5fd0c05b74oscGmXtgN7lH1IINFeBh9KwfL0sWDqIBBHQCFaaO%7C1%22%3B%7D; CraftSessionId=8m6eet0tlm9ao9brq6uoi3p8sq; a8b7b1ec9ffb8baf2c6eaa253fe57112_username=26b9ec8568da68d3882e55afaa5d203483c6c5810ee05b5a55c8a0eb10cab93ea%3A2%3A%7Bi%3A0%3Bs%3A41%3A%22a8b7b1ec9ffb8baf2c6eaa253fe57112_username%22%3Bi%3A1%3Bs%3A8%3A%22odegiuli%22%3B%7D; Craft-3626ffc1-d0a3-42e3-98aa-37e8aa759561_sidebar=expanded; a8b7b1ec9ffb8baf2c6eaa253fe57112_identity=014810335ee2fe011ef02c02b537a1ac7bf3cfa7f2f8fab42103f71f70525ae3a%3A2%3A%7Bi%3A0%3Bs%3A41%3A%22a8b7b1ec9ffb8baf2c6eaa253fe57112_identity%22%3Bi%3A1%3Bs%3A159%3A%22%5B1%2C%22%5B%5C%22W66KgiipJ2zO7LpsWJIt3v8lNdASO5VFU_NWJx8fvJypaXtu7Vb1Uyqznj6tW9NKQQKhWj7c7P7i3tDJATDmANWARJN_Io4GlsP0%5C%22%2Cnull%2C%5C%220ef01a0bceeac5b1d0a2b6557bd3d7b1%5C%22%5D%22%2C3600%5D%22%3B%7D'
    'HTTP_ACCEPT_LANGUAGE' => 'de,en-US;q=0.9,en;q=0.8'
    'HTTP_ACCEPT_ENCODING' => 'gzip, deflate, br, zstd'
    'HTTP_ACCEPT' => 'application/json, text/plain, */*'
    'HTTP_CONTENT_LENGTH' => '0'
    'HTTP_USER_AGENT' => 'Mozilla/5.0 (Macintosh; Intel Mac OS X 10.15; rv:150.0) Gecko/20100101 Firefox/150.0'
    'HTTP_HOST' => 'derschmuckmacher-v3.ddev.site'
    'HTTPS' => 'on'
    'REDIRECT_STATUS' => '200'
    'SERVER_NAME' => 'derschmuckmacher-v3.ddev.site'
    'SERVER_PORT' => '80'
    'SERVER_ADDR' => '172.18.0.4'
    'REMOTE_PORT' => '47136'
    'REMOTE_ADDR' => '172.18.0.5'
    'SERVER_SOFTWARE' => 'nginx/1.28.0'
    'GATEWAY_INTERFACE' => 'CGI/1.1'
    'REQUEST_SCHEME' => 'http'
    'SERVER_PROTOCOL' => 'HTTP/1.1'
    'DOCUMENT_ROOT' => '/var/www/html/web'
    'DOCUMENT_URI' => '/index.php'
    'REQUEST_URI' => '/index.php?p=dW2axQ3b%2Factions%2Fapp%2Fapi-headers&v=1778919761613'
    'CONTENT_LENGTH' => '0'
    'CONTENT_TYPE' => ''
    'REQUEST_METHOD' => 'POST'
    'QUERY_STRING' => 'p=dW2axQ3b%2Factions%2Fapp%2Fapi-headers&v=1778919761613'
    'SCRIPT_NAME' => '/index.php'
    'SCRIPT_FILENAME' => '/var/www/html/web/index.php'
    'FCGI_ROLE' => 'RESPONDER'
    'PHP_SELF' => '/index.php'
    'REQUEST_TIME_FLOAT' => 1778919761.6193
    'REQUEST_TIME' => 1778919761
    'CRAFT_APP_ID' => 'CraftCMS--3933bc78-29f5-4b79-bcc5-c31faf0fcd20'
    'CRAFT_ENVIRONMENT' => 'dev'
    'ENVIRONMENT' => 'dev'
    'CRAFT_SECURITY_KEY' => '••••••••••••••••••••••••••••••••'
    'CP_TRIGGER' => 'dW2axQ3b'
    'CRAFT_DB_SCHEMA' => 'public'
    'CRAFT_DB_TABLE_PREFIX' => ''
    'DEV_MODE' => 'true'
    'ALLOW_ADMIN_CHANGES' => 'true'
    'DISALLOW_ROBOTS' => 'true'
    'TIMEZONE' => 'Europe/Zurich'
    'CAPTCHA_SITE_KEY' => '••••••••••••••••••••••••••••••••••••••••'
    'CAPTCHA_SECRET_KEY' => '••••••••••••••••••••••••••••••••••••••••'
    'WEB_URL' => 'https://derschmuckmacher-v3.ddev.site'
    'WEB_ROOT' => '/var/www/html/web'
    'ASSETS_BASE_URL' => 'https://derschmuckmacher-v3.ddev.site/public'
    'ASSETS_BASE_PATH' => '/var/www/html/web/public'
    'SCHMUCK_BASE_URL' => 'https://derschmuckmacher-v3.ddev.site/public/uploads/schmuck'
    'SCHMUCK_BASE_PATH' => '/var/www/html/web/public/uploads/schmuck'
    'BILDER_BASE_URL' => 'https://derschmuckmacher-v3.ddev.site/public/uploads/bilder'
    'BILDER_BASE_PATH' => '/var/www/html/web/public/uploads/bilder'
] {"environment":"dev","userId":1} 
2026-05-16 10:22:42 [web.INFO] [yii\db\Connection::open] Opening DB connection: mysql:host=db;dbname=db;port=3306 {"memory":1101744} 
2026-05-16 10:22:42 [web.INFO] [yii\web\Session::open] Session started {"memory":1524368} 
2026-05-16 10:22:42 [web.INFO] [nystudio107\codeeditor\CodeEditor::bootstrap] CodeEditor module bootstrapped {"memory":1548704} 
2026-05-16 10:22:42 [web.INFO] [adigital\cookieconsentbanner\CookieConsentBanner::init] Cookie Consent Banner plugin loaded {"memory":1765832} 
2026-05-16 10:22:42 [web.INFO] [miranj\obfuscator\Obfuscator::init] Obfuscator plugin loaded {"memory":2727664} 
2026-05-16 10:22:42 [web.INFO] [application] Request context:
$_GET = [
    'p' => 'dW2axQ3b/actions/app/process-api-response-headers'
    'v' => '1778919762748'
]

$_FILES = []

$_COOKIE = [
    'cookieconsent_status' => 'allow'
    'CRAFT_CSRF_TOKEN' => '••••••••••••••••••••••••••••••••••••••••••••••••••••••••••••••••••••••••••••••••••••••••••••••••••••••••••••••••••••••••••••••••••••••••••••••••••••••••••••••••••••••••••••••••••••••••••••••••••••••••••••••••••••••••••••••••••••••••••••••••••••••••••••••••••'
    'CraftSessionId' => '8m6eet0tlm9ao9brq6uoi3p8sq'
    'a8b7b1ec9ffb8baf2c6eaa253fe57112_username' => '26b9ec8568da68d3882e55afaa5d203483c6c5810ee05b5a55c8a0eb10cab93ea:2:{i:0;s:41:\"a8b7b1ec9ffb8baf2c6eaa253fe57112_username\";i:1;s:8:\"odegiuli\";}'
    'Craft-3626ffc1-d0a3-42e3-98aa-37e8aa759561_sidebar' => 'expanded'
    'a8b7b1ec9ffb8baf2c6eaa253fe57112_identity' => '014810335ee2fe011ef02c02b537a1ac7bf3cfa7f2f8fab42103f71f70525ae3a:2:{i:0;s:41:\"a8b7b1ec9ffb8baf2c6eaa253fe57112_identity\";i:1;s:159:\"[1,\"[\\\"W66KgiipJ2zO7LpsWJIt3v8lNdASO5VFU_NWJx8fvJypaXtu7Vb1Uyqznj6tW9NKQQKhWj7c7P7i3tDJATDmANWARJN_Io4GlsP0\\\",null,\\\"0ef01a0bceeac5b1d0a2b6557bd3d7b1\\\"]\",3600]\";}'
]

$_SESSION = [
    '22b6a59deafcfb2ffb13c3adf3d98a3b__flash' => []
    'a8b7b1ec9ffb8baf2c6eaa253fe57112__token' => '••••••••••••••••••••••••••••••••••••••••••••••••••••••••••••••••••••••••••••••••••••••••••••••••••••'
    'a8b7b1ec9ffb8baf2c6eaa253fe57112__id' => 1
    '__authKey' => '••••••••••••••••••••••••••••••••••••••••••••••••••••••••••••••••••••••••••••••••••••••••••••••••••••••••••••••••••••••••••••••••••••••••••••••••'
    'a8b7b1ec9ffb8baf2c6eaa253fe57112__expire' => 1778923362
    '__duration' => 3600
    '__elevated_timeout' => 1778920053
]

$_SERVER = [
    'DEPLOY_NAME' => 'local'
    'DDEV_WEBSERVER_TYPE' => 'nginx-fpm'
    'npm_config_cache' => '/mnt/ddev-global-cache/npm'
    'COREPACK_ENABLE_DOWNLOAD_PROMPT' => '0'
    'DDEV_GOOS' => 'darwin'
    'IS_DDEV_PROJECT' => 'true'
    'PHP_DEFAULT_VERSION' => '8.3'
    'HOSTNAME' => 'derschmuckmacher-v3-web'
    'MAILPIT_SMTP_PORT' => '1025'
    'MH_SMTP_BIND_ADDR' => '127.0.0.1:1025'
    'DDEV_PRIMARY_URL_WITHOUT_PORT' => 'https://derschmuckmacher-v3.ddev.site'
    'CRAFT_DB_PORT' => '3306'
    'DDEV_GID' => '20'
    'SSH_AUTH_SOCK' => '/home/.ssh-agent/socket'
    'NODE_EXTRA_CA_CERTS' => '/mnt/ddev-global-cache/mkcert/rootCA.pem'
    'DOCKER_IP' => '127.0.0.1'
    'PGPASSWORD' => 'db'
    'CRAFT_WEB_ROOT' => '/var/www/html/web'
    'DDEV_DOCROOT' => 'web'
    'PWD' => '/var/www/html'
    'PLATFORMSH_CLI_UPDATES_CHECK' => '0'
    'DDEV_APPROOT' => '/var/www/html'
    'DDEV_FILES_DIR' => ''
    'START_SCRIPT_TIMEOUT' => '57'
    'APACHE_SITE_TEMPLATE' => '/etc/apache2/apache-site.conf'
    'PHP_INI' => '/etc/php/8.3/fpm/php.ini'
    'DDEV_VERSION' => 'v1.24.10'
    'PRIMARY_SITE_URL' => 'https://derschmuckmacher-v3.ddev.site'
    'TZ' => 'Europe/Zurich'
    'DDEV_XHPROF_MODE' => 'prepend'
    'HTTPS_EXPOSE' => '443:80,8026:8025'
    'COREPACK_HOME' => '/mnt/ddev-global-cache/corepack'
    'CRAFT_DB_DATABASE' => 'db'
    'DDEV_PRIMARY_URL' => 'https://derschmuckmacher-v3.ddev.site'
    'LINES' => '6'
    'DDEV_SITENAME' => 'derschmuckmacher-v3'
    'HOME' => '/home/omar'
    'DRUSH_OPTIONS_URI' => 'https://derschmuckmacher-v3.ddev.site'
    'LANG' => 'C.UTF-8'
    'COLUMNS' => '371'
    'DDEV_MUTAGEN_ENABLED' => 'true'
    'DDEV_USER' => 'omar'
    'PGUSER' => 'db'
    'TERMINUS_CACHE_DIR' => '/mnt/ddev-global-cache/terminus/cache'
    'DDEV_PRIMARY_URL_PORT' => '443'
    'DDEV_ROUTER_HTTP_PORT' => '80'
    'MAILPIT_SMTP_HOSTNAME' => '127.0.0.1'
    'CRAFT_DB_DRIVER' => 'mysql'
    'COMPOSER_PROCESS_TIMEOUT' => '2000'
    'NGINX_SITE_TEMPLATE' => '/etc/nginx/nginx-site.conf'
    'DDEV_FILES_DIRS' => ''
    'CRAFT_DB_SERVER' => 'db'
    'HTTP_EXPOSE' => '80:80,8025:8025'
    'NVM_DIR' => '/home/omar/.nvm'
    'DDEV_PHP_VERSION' => '8.3'
    'DDEV_TLD' => 'ddev.site'
    'DDEV_HOSTNAME' => 'derschmuckmacher-v3.ddev.site'
    'DDEV_PROJECT' => 'derschmuckmacher-v3'
    'DDEV_GOARCH' => 'arm64'
    'VIRTUAL_HOST' => 'derschmuckmacher-v3.ddev.site'
    'TERM' => 'xterm'
    'USER' => 'omar'
    'MYSQL_HISTFILE' => '/mnt/ddev-global-cache/mysqlhistory/derschmuckmacher-v3-web/mysql_history'
    'DDEV_WEB_ENTRYPOINT' => '/mnt/ddev_config/web-entrypoint.d'
    'DDEV_UID' => '501'
    'CAROOT' => '/mnt/ddev-global-cache/mkcert'
    'SHLVL' => '1'
    'COMPOSER_ALLOW_SUPERUSER' => '1'
    'BASH_ENV' => '/etc/bash.nointeractive.bashrc'
    'DDEV_DATABASE' => 'mysql:8.0'
    'PGDATABASE' => 'db'
    'CRAFT_DB_USER' => 'db'
    'DDEV_SCHEME' => 'https'
    'XHPROF_OUTPUT_DIR' => '/tmp/xhprof'
    'COMPOSER_CACHE_DIR' => '/mnt/ddev-global-cache/composer'
    'DDEV_XDEBUG_ENABLED' => 'false'
    'DDEV_DATABASE_FAMILY' => 'mysql'
    'PGHOST' => 'db'
    'DDEV_COMPOSER_ROOT' => '/var/www/html'
    'CRAFT_DB_PASSWORD' => '••'
    'DOCROOT' => 'web'
    'TERMINUS_HIDE_UPDATE_MESSAGE' => '1'
    'PATH' => '/home/omar/bin:/var/www/html/vendor/bin:/usr/local/sbin:/usr/local/bin:/usr/sbin:/usr/bin:/sbin:/bin:/var/www/html/bin:/mnt/ddev-global-cache/global-commands/web'
    'HOST_DOCKER_INTERNAL_IP' => ''
    'DDEV_PROJECT_TYPE' => 'craftcms'
    'DEBIAN_FRONTEND' => 'noninteractive'
    'DDEV_ROUTER_HTTPS_PORT' => '443'
    'EXECIGNORE' => '/var/www/html/vendor/bin/composer'
    'SUPERVISOR_ENABLED' => '1'
    'SUPERVISOR_SERVER_URL' => 'unix:///var/run/supervisor.sock'
    'SUPERVISOR_PROCESS_NAME' => 'php-fpm'
    'SUPERVISOR_GROUP_NAME' => 'php-fpm'
    'HTTP_X_REQUESTED_WITH' => 'XMLHttpRequest'
    'HTTP_X_REGISTERED_JS_FILES' => ''
    'HTTP_X_REGISTERED_ASSET_BUNDLES' => '82742c9d,22e517a2,aee7f8dc,26c46c25,e505ffd6,6b4d7555,bb2f10a0,e5e48399,815d39ea,fc0bc163,1ccab40d,1e21896b,54698ee0,b842675b,1c3c9add,4b1fd285,d8d08e47,8f00ce04,8768f48b,cf3018d6,ec6d0256,e356bca8'
    'HTTP_X_REAL_IP' => '172.18.0.1'
    'HTTP_X_FORWARDED_SERVER' => '9d89c63e5d30'
    'HTTP_X_FORWARDED_PROTO' => 'https'
    'HTTP_X_FORWARDED_PORT' => '443'
    'HTTP_X_FORWARDED_HOST' => 'derschmuckmacher-v3.ddev.site'
    'HTTP_X_FORWARDED_FOR' => '172.18.0.1'
    'HTTP_X_CSRF_TOKEN' => '••••••••••••••••••••••••••••••••••••••••••••••••••••••••••••••••••••••••••••••••••••••••••••••••••••••••••••••••••••••••••••••••••••••••••••••••••••••••••••••••••••••••••••••••••••••••••••••••••••••••••••••••••••••••••••••••••••••••••••••••••••••••••••••••••••••••••••••••••••••••••••••••••••••••••••••••••••••••••••••••••••••••••••••••••••••••••••••••••••••••••••••••••••••••••••••••••••••••'
    'HTTP_TE' => 'trailers'
    'HTTP_SEC_GPC' => '1'
    'HTTP_SEC_FETCH_SITE' => 'same-origin'
    'HTTP_SEC_FETCH_MODE' => 'cors'
    'HTTP_SEC_FETCH_DEST' => 'empty'
    'HTTP_REFERER' => 'https://derschmuckmacher-v3.ddev.site/dW2axQ3b/utilities/updates'
    'HTTP_ORIGIN' => 'https://derschmuckmacher-v3.ddev.site'
    'HTTP_COOKIE' => 'cookieconsent_status=allow; CRAFT_CSRF_TOKEN=f52c2ad1562dd4eaea483aa259f3d9f40e937251911a1f388757fd23df670184a%3A2%3A%7Bi%3A0%3Bs%3A16%3A%22CRAFT_CSRF_TOKEN%22%3Bi%3A1%3Bs%3A147%3A%22oscGmXtgN7lH1IINFeBh9KwfL0sWDqIBBHQCFaaO%7Cb7905baa15fbf45e0730994dfb6501f9dd198752ca26e174cf5f6d5fd0c05b74oscGmXtgN7lH1IINFeBh9KwfL0sWDqIBBHQCFaaO%7C1%22%3B%7D; CraftSessionId=8m6eet0tlm9ao9brq6uoi3p8sq; a8b7b1ec9ffb8baf2c6eaa253fe57112_username=26b9ec8568da68d3882e55afaa5d203483c6c5810ee05b5a55c8a0eb10cab93ea%3A2%3A%7Bi%3A0%3Bs%3A41%3A%22a8b7b1ec9ffb8baf2c6eaa253fe57112_username%22%3Bi%3A1%3Bs%3A8%3A%22odegiuli%22%3B%7D; Craft-3626ffc1-d0a3-42e3-98aa-37e8aa759561_sidebar=expanded; a8b7b1ec9ffb8baf2c6eaa253fe57112_identity=014810335ee2fe011ef02c02b537a1ac7bf3cfa7f2f8fab42103f71f70525ae3a%3A2%3A%7Bi%3A0%3Bs%3A41%3A%22a8b7b1ec9ffb8baf2c6eaa253fe57112_identity%22%3Bi%3A1%3Bs%3A159%3A%22%5B1%2C%22%5B%5C%22W66KgiipJ2zO7LpsWJIt3v8lNdASO5VFU_NWJx8fvJypaXtu7Vb1Uyqznj6tW9NKQQKhWj7c7P7i3tDJATDmANWARJN_Io4GlsP0%5C%22%2Cnull%2C%5C%220ef01a0bceeac5b1d0a2b6557bd3d7b1%5C%22%5D%22%2C3600%5D%22%3B%7D'
    'HTTP_CONTENT_TYPE' => 'application/json'
    'HTTP_ACCEPT_LANGUAGE' => 'de,en-US;q=0.9,en;q=0.8'
    'HTTP_ACCEPT_ENCODING' => 'gzip, deflate, br, zstd'
    'HTTP_ACCEPT' => 'application/json, text/plain, */*'
    'HTTP_CONTENT_LENGTH' => '218'
    'HTTP_USER_AGENT' => 'Mozilla/5.0 (Macintosh; Intel Mac OS X 10.15; rv:150.0) Gecko/20100101 Firefox/150.0'
    'HTTP_HOST' => 'derschmuckmacher-v3.ddev.site'
    'HTTPS' => 'on'
    'REDIRECT_STATUS' => '200'
    'SERVER_NAME' => 'derschmuckmacher-v3.ddev.site'
    'SERVER_PORT' => '80'
    'SERVER_ADDR' => '172.18.0.4'
    'REMOTE_PORT' => '47136'
    'REMOTE_ADDR' => '172.18.0.5'
    'SERVER_SOFTWARE' => 'nginx/1.28.0'
    'GATEWAY_INTERFACE' => 'CGI/1.1'
    'REQUEST_SCHEME' => 'http'
    'SERVER_PROTOCOL' => 'HTTP/1.1'
    'DOCUMENT_ROOT' => '/var/www/html/web'
    'DOCUMENT_URI' => '/index.php'
    'REQUEST_URI' => '/index.php?p=dW2axQ3b%2Factions%2Fapp%2Fprocess-api-response-headers&v=1778919762748'
    'CONTENT_LENGTH' => '218'
    'CONTENT_TYPE' => 'application/json'
    'REQUEST_METHOD' => 'POST'
    'QUERY_STRING' => 'p=dW2axQ3b%2Factions%2Fapp%2Fprocess-api-response-headers&v=1778919762748'
    'SCRIPT_NAME' => '/index.php'
    'SCRIPT_FILENAME' => '/var/www/html/web/index.php'
    'FCGI_ROLE' => 'RESPONDER'
    'PHP_SELF' => '/index.php'
    'REQUEST_TIME_FLOAT' => 1778919762.7537
    'REQUEST_TIME' => 1778919762
    'CRAFT_APP_ID' => 'CraftCMS--3933bc78-29f5-4b79-bcc5-c31faf0fcd20'
    'CRAFT_ENVIRONMENT' => 'dev'
    'ENVIRONMENT' => 'dev'
    'CRAFT_SECURITY_KEY' => '••••••••••••••••••••••••••••••••'
    'CP_TRIGGER' => 'dW2axQ3b'
    'CRAFT_DB_SCHEMA' => 'public'
    'CRAFT_DB_TABLE_PREFIX' => ''
    'DEV_MODE' => 'true'
    'ALLOW_ADMIN_CHANGES' => 'true'
    'DISALLOW_ROBOTS' => 'true'
    'TIMEZONE' => 'Europe/Zurich'
    'CAPTCHA_SITE_KEY' => '••••••••••••••••••••••••••••••••••••••••'
    'CAPTCHA_SECRET_KEY' => '••••••••••••••••••••••••••••••••••••••••'
    'WEB_URL' => 'https://derschmuckmacher-v3.ddev.site'
    'WEB_ROOT' => '/var/www/html/web'
    'ASSETS_BASE_URL' => 'https://derschmuckmacher-v3.ddev.site/public'
    'ASSETS_BASE_PATH' => '/var/www/html/web/public'
    'SCHMUCK_BASE_URL' => 'https://derschmuckmacher-v3.ddev.site/public/uploads/schmuck'
    'SCHMUCK_BASE_PATH' => '/var/www/html/web/public/uploads/schmuck'
    'BILDER_BASE_URL' => 'https://derschmuckmacher-v3.ddev.site/public/uploads/bilder'
    'BILDER_BASE_PATH' => '/var/www/html/web/public/uploads/bilder'
] {"environment":"dev","userId":1,"body":"{\"headers\":{\"content-type\":\"application\\/json; charset=UTF-8\",\"x-craft-allow-trials\":\"1\",\"x-craft-license-domain\":\"derschmuckmacher.ch\",\"x-craft-license-info\":\"craft:832671;pro;astray,plugin-freeform:266191;pro;valid\"}}"} 
2026-05-16 10:22:42 [web.INFO] [yii\db\Connection::open] Opening DB connection: mysql:host=db;dbname=db;port=3306 {"memory":1102928} 
2026-05-16 10:22:42 [web.INFO] [yii\web\Session::open] Session started {"memory":1525528} 
2026-05-16 10:22:42 [web.INFO] [nystudio107\codeeditor\CodeEditor::bootstrap] CodeEditor module bootstrapped {"memory":1549864} 
2026-05-16 10:22:42 [web.INFO] [adigital\cookieconsentbanner\CookieConsentBanner::init] Cookie Consent Banner plugin loaded {"memory":1766992} 
2026-05-16 10:22:42 [web.INFO] [miranj\obfuscator\Obfuscator::init] Obfuscator plugin loaded {"memory":2728824} 
2026-05-16 10:22:42 [web.INFO] [application] Request context:
$_GET = [
    'p' => 'dW2axQ3b/actions/app/cache-updates'
    'v' => '1778919762808'
]

$_FILES = []

$_COOKIE = [
    'cookieconsent_status' => 'allow'
    'CRAFT_CSRF_TOKEN' => '••••••••••••••••••••••••••••••••••••••••••••••••••••••••••••••••••••••••••••••••••••••••••••••••••••••••••••••••••••••••••••••••••••••••••••••••••••••••••••••••••••••••••••••••••••••••••••••••••••••••••••••••••••••••••••••••••••••••••••••••••••••••••••••••••'
    'CraftSessionId' => '8m6eet0tlm9ao9brq6uoi3p8sq'
    'a8b7b1ec9ffb8baf2c6eaa253fe57112_username' => '26b9ec8568da68d3882e55afaa5d203483c6c5810ee05b5a55c8a0eb10cab93ea:2:{i:0;s:41:\"a8b7b1ec9ffb8baf2c6eaa253fe57112_username\";i:1;s:8:\"odegiuli\";}'
    'Craft-3626ffc1-d0a3-42e3-98aa-37e8aa759561_sidebar' => 'expanded'
    'a8b7b1ec9ffb8baf2c6eaa253fe57112_identity' => '014810335ee2fe011ef02c02b537a1ac7bf3cfa7f2f8fab42103f71f70525ae3a:2:{i:0;s:41:\"a8b7b1ec9ffb8baf2c6eaa253fe57112_identity\";i:1;s:159:\"[1,\"[\\\"W66KgiipJ2zO7LpsWJIt3v8lNdASO5VFU_NWJx8fvJypaXtu7Vb1Uyqznj6tW9NKQQKhWj7c7P7i3tDJATDmANWARJN_Io4GlsP0\\\",null,\\\"0ef01a0bceeac5b1d0a2b6557bd3d7b1\\\"]\",3600]\";}'
]

$_SESSION = [
    '22b6a59deafcfb2ffb13c3adf3d98a3b__flash' => []
    'a8b7b1ec9ffb8baf2c6eaa253fe57112__token' => '••••••••••••••••••••••••••••••••••••••••••••••••••••••••••••••••••••••••••••••••••••••••••••••••••••'
    'a8b7b1ec9ffb8baf2c6eaa253fe57112__id' => 1
    '__authKey' => '••••••••••••••••••••••••••••••••••••••••••••••••••••••••••••••••••••••••••••••••••••••••••••••••••••••••••••••••••••••••••••••••••••••••••••••••'
    'a8b7b1ec9ffb8baf2c6eaa253fe57112__expire' => 1778923362
    '__duration' => 3600
    '__elevated_timeout' => 1778920053
]

$_SERVER = [
    'DEPLOY_NAME' => 'local'
    'DDEV_WEBSERVER_TYPE' => 'nginx-fpm'
    'npm_config_cache' => '/mnt/ddev-global-cache/npm'
    'COREPACK_ENABLE_DOWNLOAD_PROMPT' => '0'
    'DDEV_GOOS' => 'darwin'
    'IS_DDEV_PROJECT' => 'true'
    'PHP_DEFAULT_VERSION' => '8.3'
    'HOSTNAME' => 'derschmuckmacher-v3-web'
    'MAILPIT_SMTP_PORT' => '1025'
    'MH_SMTP_BIND_ADDR' => '127.0.0.1:1025'
    'DDEV_PRIMARY_URL_WITHOUT_PORT' => 'https://derschmuckmacher-v3.ddev.site'
    'CRAFT_DB_PORT' => '3306'
    'DDEV_GID' => '20'
    'SSH_AUTH_SOCK' => '/home/.ssh-agent/socket'
    'NODE_EXTRA_CA_CERTS' => '/mnt/ddev-global-cache/mkcert/rootCA.pem'
    'DOCKER_IP' => '127.0.0.1'
    'PGPASSWORD' => 'db'
    'CRAFT_WEB_ROOT' => '/var/www/html/web'
    'DDEV_DOCROOT' => 'web'
    'PWD' => '/var/www/html'
    'PLATFORMSH_CLI_UPDATES_CHECK' => '0'
    'DDEV_APPROOT' => '/var/www/html'
    'DDEV_FILES_DIR' => ''
    'START_SCRIPT_TIMEOUT' => '57'
    'APACHE_SITE_TEMPLATE' => '/etc/apache2/apache-site.conf'
    'PHP_INI' => '/etc/php/8.3/fpm/php.ini'
    'DDEV_VERSION' => 'v1.24.10'
    'PRIMARY_SITE_URL' => 'https://derschmuckmacher-v3.ddev.site'
    'TZ' => 'Europe/Zurich'
    'DDEV_XHPROF_MODE' => 'prepend'
    'HTTPS_EXPOSE' => '443:80,8026:8025'
    'COREPACK_HOME' => '/mnt/ddev-global-cache/corepack'
    'CRAFT_DB_DATABASE' => 'db'
    'DDEV_PRIMARY_URL' => 'https://derschmuckmacher-v3.ddev.site'
    'LINES' => '6'
    'DDEV_SITENAME' => 'derschmuckmacher-v3'
    'HOME' => '/home/omar'
    'DRUSH_OPTIONS_URI' => 'https://derschmuckmacher-v3.ddev.site'
    'LANG' => 'C.UTF-8'
    'COLUMNS' => '371'
    'DDEV_MUTAGEN_ENABLED' => 'true'
    'DDEV_USER' => 'omar'
    'PGUSER' => 'db'
    'TERMINUS_CACHE_DIR' => '/mnt/ddev-global-cache/terminus/cache'
    'DDEV_PRIMARY_URL_PORT' => '443'
    'DDEV_ROUTER_HTTP_PORT' => '80'
    'MAILPIT_SMTP_HOSTNAME' => '127.0.0.1'
    'CRAFT_DB_DRIVER' => 'mysql'
    'COMPOSER_PROCESS_TIMEOUT' => '2000'
    'NGINX_SITE_TEMPLATE' => '/etc/nginx/nginx-site.conf'
    'DDEV_FILES_DIRS' => ''
    'CRAFT_DB_SERVER' => 'db'
    'HTTP_EXPOSE' => '80:80,8025:8025'
    'NVM_DIR' => '/home/omar/.nvm'
    'DDEV_PHP_VERSION' => '8.3'
    'DDEV_TLD' => 'ddev.site'
    'DDEV_HOSTNAME' => 'derschmuckmacher-v3.ddev.site'
    'DDEV_PROJECT' => 'derschmuckmacher-v3'
    'DDEV_GOARCH' => 'arm64'
    'VIRTUAL_HOST' => 'derschmuckmacher-v3.ddev.site'
    'TERM' => 'xterm'
    'USER' => 'omar'
    'MYSQL_HISTFILE' => '/mnt/ddev-global-cache/mysqlhistory/derschmuckmacher-v3-web/mysql_history'
    'DDEV_WEB_ENTRYPOINT' => '/mnt/ddev_config/web-entrypoint.d'
    'DDEV_UID' => '501'
    'CAROOT' => '/mnt/ddev-global-cache/mkcert'
    'SHLVL' => '1'
    'COMPOSER_ALLOW_SUPERUSER' => '1'
    'BASH_ENV' => '/etc/bash.nointeractive.bashrc'
    'DDEV_DATABASE' => 'mysql:8.0'
    'PGDATABASE' => 'db'
    'CRAFT_DB_USER' => 'db'
    'DDEV_SCHEME' => 'https'
    'XHPROF_OUTPUT_DIR' => '/tmp/xhprof'
    'COMPOSER_CACHE_DIR' => '/mnt/ddev-global-cache/composer'
    'DDEV_XDEBUG_ENABLED' => 'false'
    'DDEV_DATABASE_FAMILY' => 'mysql'
    'PGHOST' => 'db'
    'DDEV_COMPOSER_ROOT' => '/var/www/html'
    'CRAFT_DB_PASSWORD' => '••'
    'DOCROOT' => 'web'
    'TERMINUS_HIDE_UPDATE_MESSAGE' => '1'
    'PATH' => '/home/omar/bin:/var/www/html/vendor/bin:/usr/local/sbin:/usr/local/bin:/usr/sbin:/usr/bin:/sbin:/bin:/var/www/html/bin:/mnt/ddev-global-cache/global-commands/web'
    'HOST_DOCKER_INTERNAL_IP' => ''
    'DDEV_PROJECT_TYPE' => 'craftcms'
    'DEBIAN_FRONTEND' => 'noninteractive'
    'DDEV_ROUTER_HTTPS_PORT' => '443'
    'EXECIGNORE' => '/var/www/html/vendor/bin/composer'
    'SUPERVISOR_ENABLED' => '1'
    'SUPERVISOR_SERVER_URL' => 'unix:///var/run/supervisor.sock'
    'SUPERVISOR_PROCESS_NAME' => 'php-fpm'
    'SUPERVISOR_GROUP_NAME' => 'php-fpm'
    'HTTP_X_REQUESTED_WITH' => 'XMLHttpRequest'
    'HTTP_X_REGISTERED_JS_FILES' => ''
    'HTTP_X_REGISTERED_ASSET_BUNDLES' => '82742c9d,22e517a2,aee7f8dc,26c46c25,e505ffd6,6b4d7555,bb2f10a0,e5e48399,815d39ea,fc0bc163,1ccab40d,1e21896b,54698ee0,b842675b,1c3c9add,4b1fd285,d8d08e47,8f00ce04,8768f48b,cf3018d6,ec6d0256,e356bca8'
    'HTTP_X_REAL_IP' => '172.18.0.1'
    'HTTP_X_FORWARDED_SERVER' => '9d89c63e5d30'
    'HTTP_X_FORWARDED_PROTO' => 'https'
    'HTTP_X_FORWARDED_PORT' => '443'
    'HTTP_X_FORWARDED_HOST' => 'derschmuckmacher-v3.ddev.site'
    'HTTP_X_FORWARDED_FOR' => '172.18.0.1'
    'HTTP_X_CSRF_TOKEN' => '••••••••••••••••••••••••••••••••••••••••••••••••••••••••••••••••••••••••••••••••••••••••••••••••••••••••••••••••••••••••••••••••••••••••••••••••••••••••••••••••••••••••••••••••••••••••••••••••••••••••••••••••••••••••••••••••••••••••••••••••••••••••••••••••••••••••••••••••••••••••••••••••••••••••••••••••••••••••••••••••••••••••••••••••••••••••••••••••••••••••••••••••••••••••••••••••••••••••'
    'HTTP_TE' => 'trailers'
    'HTTP_SEC_GPC' => '1'
    'HTTP_SEC_FETCH_SITE' => 'same-origin'
    'HTTP_SEC_FETCH_MODE' => 'cors'
    'HTTP_SEC_FETCH_DEST' => 'empty'
    'HTTP_REFERER' => 'https://derschmuckmacher-v3.ddev.site/dW2axQ3b/utilities/updates'
    'HTTP_ORIGIN' => 'https://derschmuckmacher-v3.ddev.site'
    'HTTP_COOKIE' => 'cookieconsent_status=allow; CRAFT_CSRF_TOKEN=f52c2ad1562dd4eaea483aa259f3d9f40e937251911a1f388757fd23df670184a%3A2%3A%7Bi%3A0%3Bs%3A16%3A%22CRAFT_CSRF_TOKEN%22%3Bi%3A1%3Bs%3A147%3A%22oscGmXtgN7lH1IINFeBh9KwfL0sWDqIBBHQCFaaO%7Cb7905baa15fbf45e0730994dfb6501f9dd198752ca26e174cf5f6d5fd0c05b74oscGmXtgN7lH1IINFeBh9KwfL0sWDqIBBHQCFaaO%7C1%22%3B%7D; CraftSessionId=8m6eet0tlm9ao9brq6uoi3p8sq; a8b7b1ec9ffb8baf2c6eaa253fe57112_username=26b9ec8568da68d3882e55afaa5d203483c6c5810ee05b5a55c8a0eb10cab93ea%3A2%3A%7Bi%3A0%3Bs%3A41%3A%22a8b7b1ec9ffb8baf2c6eaa253fe57112_username%22%3Bi%3A1%3Bs%3A8%3A%22odegiuli%22%3B%7D; Craft-3626ffc1-d0a3-42e3-98aa-37e8aa759561_sidebar=expanded; a8b7b1ec9ffb8baf2c6eaa253fe57112_identity=014810335ee2fe011ef02c02b537a1ac7bf3cfa7f2f8fab42103f71f70525ae3a%3A2%3A%7Bi%3A0%3Bs%3A41%3A%22a8b7b1ec9ffb8baf2c6eaa253fe57112_identity%22%3Bi%3A1%3Bs%3A159%3A%22%5B1%2C%22%5B%5C%22W66KgiipJ2zO7LpsWJIt3v8lNdASO5VFU_NWJx8fvJypaXtu7Vb1Uyqznj6tW9NKQQKhWj7c7P7i3tDJATDmANWARJN_Io4GlsP0%5C%22%2Cnull%2C%5C%220ef01a0bceeac5b1d0a2b6557bd3d7b1%5C%22%5D%22%2C3600%5D%22%3B%7D'
    'HTTP_CONTENT_TYPE' => 'application/json'
    'HTTP_ACCEPT_LANGUAGE' => 'de,en-US;q=0.9,en;q=0.8'
    'HTTP_ACCEPT_ENCODING' => 'gzip, deflate, br, zstd'
    'HTTP_ACCEPT' => 'application/json, text/plain, */*'
    'HTTP_CONTENT_LENGTH' => '1306'
    'HTTP_USER_AGENT' => 'Mozilla/5.0 (Macintosh; Intel Mac OS X 10.15; rv:150.0) Gecko/20100101 Firefox/150.0'
    'HTTP_HOST' => 'derschmuckmacher-v3.ddev.site'
    'HTTPS' => 'on'
    'REDIRECT_STATUS' => '200'
    'SERVER_NAME' => 'derschmuckmacher-v3.ddev.site'
    'SERVER_PORT' => '80'
    'SERVER_ADDR' => '172.18.0.4'
    'REMOTE_PORT' => '47136'
    'REMOTE_ADDR' => '172.18.0.5'
    'SERVER_SOFTWARE' => 'nginx/1.28.0'
    'GATEWAY_INTERFACE' => 'CGI/1.1'
    'REQUEST_SCHEME' => 'http'
    'SERVER_PROTOCOL' => 'HTTP/1.1'
    'DOCUMENT_ROOT' => '/var/www/html/web'
    'DOCUMENT_URI' => '/index.php'
    'REQUEST_URI' => '/index.php?p=dW2axQ3b%2Factions%2Fapp%2Fcache-updates&v=1778919762808'
    'CONTENT_LENGTH' => '1306'
    'CONTENT_TYPE' => 'application/json'
    'REQUEST_METHOD' => 'POST'
    'QUERY_STRING' => 'p=dW2axQ3b%2Factions%2Fapp%2Fcache-updates&v=1778919762808'
    'SCRIPT_NAME' => '/index.php'
    'SCRIPT_FILENAME' => '/var/www/html/web/index.php'
    'FCGI_ROLE' => 'RESPONDER'
    'PHP_SELF' => '/index.php'
    'REQUEST_TIME_FLOAT' => 1778919762.812
    'REQUEST_TIME' => 1778919762
    'CRAFT_APP_ID' => 'CraftCMS--3933bc78-29f5-4b79-bcc5-c31faf0fcd20'
    'CRAFT_ENVIRONMENT' => 'dev'
    'ENVIRONMENT' => 'dev'
    'CRAFT_SECURITY_KEY' => '••••••••••••••••••••••••••••••••'
    'CP_TRIGGER' => 'dW2axQ3b'
    'CRAFT_DB_SCHEMA' => 'public'
    'CRAFT_DB_TABLE_PREFIX' => ''
    'DEV_MODE' => 'true'
    'ALLOW_ADMIN_CHANGES' => 'true'
    'DISALLOW_ROBOTS' => 'true'
    'TIMEZONE' => 'Europe/Zurich'
    'CAPTCHA_SITE_KEY' => '••••••••••••••••••••••••••••••••••••••••'
    'CAPTCHA_SECRET_KEY' => '••••••••••••••••••••••••••••••••••••••••'
    'WEB_URL' => 'https://derschmuckmacher-v3.ddev.site'
    'WEB_ROOT' => '/var/www/html/web'
    'ASSETS_BASE_URL' => 'https://derschmuckmacher-v3.ddev.site/public'
    'ASSETS_BASE_PATH' => '/var/www/html/web/public'
    'SCHMUCK_BASE_URL' => 'https://derschmuckmacher-v3.ddev.site/public/uploads/schmuck'
    'SCHMUCK_BASE_PATH' => '/var/www/html/web/public/uploads/schmuck'
    'BILDER_BASE_URL' => 'https://derschmuckmacher-v3.ddev.site/public/uploads/bilder'
    'BILDER_BASE_PATH' => '/var/www/html/web/public/uploads/bilder'
] {"environment":"dev","userId":1,"body":"{\"updates\":{\"cms\":{\"status\":\"expired\",\"releases\":[],\"renewalUrl\":\"https:\\/\\/console.craftcms.com\\/accounts\\/me\\/licenses\\/cms\\/832671\",\"renewalPrice\":\"99.0000\",\"renewalCurrency\":\"USD\",\"packageName\":\"craftcms\\/cms\"},\"plugins\":{\"ckeditor\":{\"status\":\"eligible\",\"releases\":[],\"packageName\":\"craftcms\\/ckeditor\"},\"cookie-consent-banner\":{\"status\":\"eligible\",\"releases\":[],\"packageName\":\"adigital\\/cookie-consent-banner\"},\"freeform\":{\"status\":\"eligible\",\"releases\":[{\"version\":\"5.15.12\",\"critical\":false,\"notes\":\"<h3>Added<\\/h3>\\n<ul>\\n<li>Verified support for <strong>Craft 5.10.x<\\/strong> and <strong>4.18.x<\\/strong>.<\\/li>\\n<\\/ul>\\n<h3>Fixed<\\/h3>\\n<ul>\\n<li>Fixed a hover flickering issue in the <strong>Form Monitoring<\\/strong> tab of the form builder.<\\/li>\\n<li>Fixed visual issues on the <strong>Diagnostics<\\/strong> page.<\\/li>\\n<\\/ul>\\n<h3>Security<\\/h3>\\n<ul>\\n<li>Updated various dependencies to their latest compatible versions.<\\/li>\\n<\\/ul>\\n\",\"date\":\"2026-05-15T00:00:00\"}],\"phpConstraint\":\"^8.0.2|^8.2.0\",\"packageName\":\"solspace\\/craft-freeform\"},\"obfuscator\":{\"status\":\"eligible\",\"releases\":[],\"packageName\":\"miranj\\/craft-obfuscator\"},\"seo\":{\"status\":\"eligible\",\"releases\":[],\"packageName\":\"ether\\/seo\"},\"sprig\":{\"status\":\"eligible\",\"releases\":[],\"packageName\":\"putyourlightson\\/craft-sprig\"}}},\"includeDetails\":true}"} 
2026-05-16 10:22:46 [web.INFO] [yii\db\Connection::open] Opening DB connection: mysql:host=db;dbname=db;port=3306 {"memory":1103464} 
2026-05-16 10:22:46 [web.INFO] [yii\web\Session::open] Session started {"memory":1524824} 
2026-05-16 10:22:46 [web.INFO] [nystudio107\codeeditor\CodeEditor::bootstrap] CodeEditor module bootstrapped {"memory":1549160} 
2026-05-16 10:22:46 [web.INFO] [adigital\cookieconsentbanner\CookieConsentBanner::init] Cookie Consent Banner plugin loaded {"memory":1764064} 
2026-05-16 10:22:46 [web.INFO] [miranj\obfuscator\Obfuscator::init] Obfuscator plugin loaded {"memory":2725896} 
2026-05-16 10:22:46 [web.INFO] [application] Request context:
$_GET = []

$_POST = [
    'CRAFT_CSRF_TOKEN' => '••••••••••••••••••••••••••••••••••••••••••••••••••••••••••••••••••••••••••••••••••••••••••••••••••••••••••••••••••••••••••••••••••••••••••••••••••••••••••••••••••••••••••••••••••••••••••••••••••••••••••••••••••••••••••••••••••••••••••••••••••••••••••••••••••••••••••••••••••••••••••••••••••••••••••••••••••••••••••••••••••••••••••••••••••••••••••••••••••••••••••••••••••••••••••••••••••••••••'
    'action' => 'updater'
    'return' => 'utilities/updates'
    'install' => [
        'freeform' => '^5.15.12'
    ]
    'packageNames' => [
        'freeform' => 'solspace/craft-freeform'
    ]
]

$_FILES = []

$_COOKIE = [
    'cookieconsent_status' => 'allow'
    'CRAFT_CSRF_TOKEN' => '••••••••••••••••••••••••••••••••••••••••••••••••••••••••••••••••••••••••••••••••••••••••••••••••••••••••••••••••••••••••••••••••••••••••••••••••••••••••••••••••••••••••••••••••••••••••••••••••••••••••••••••••••••••••••••••••••••••••••••••••••••••••••••••••••'
    'CraftSessionId' => '8m6eet0tlm9ao9brq6uoi3p8sq'
    'a8b7b1ec9ffb8baf2c6eaa253fe57112_username' => '26b9ec8568da68d3882e55afaa5d203483c6c5810ee05b5a55c8a0eb10cab93ea:2:{i:0;s:41:\"a8b7b1ec9ffb8baf2c6eaa253fe57112_username\";i:1;s:8:\"odegiuli\";}'
    'Craft-3626ffc1-d0a3-42e3-98aa-37e8aa759561_sidebar' => 'expanded'
    'a8b7b1ec9ffb8baf2c6eaa253fe57112_identity' => '014810335ee2fe011ef02c02b537a1ac7bf3cfa7f2f8fab42103f71f70525ae3a:2:{i:0;s:41:\"a8b7b1ec9ffb8baf2c6eaa253fe57112_identity\";i:1;s:159:\"[1,\"[\\\"W66KgiipJ2zO7LpsWJIt3v8lNdASO5VFU_NWJx8fvJypaXtu7Vb1Uyqznj6tW9NKQQKhWj7c7P7i3tDJATDmANWARJN_Io4GlsP0\\\",null,\\\"0ef01a0bceeac5b1d0a2b6557bd3d7b1\\\"]\",3600]\";}'
]

$_SESSION = [
    '22b6a59deafcfb2ffb13c3adf3d98a3b__flash' => []
    'a8b7b1ec9ffb8baf2c6eaa253fe57112__token' => '••••••••••••••••••••••••••••••••••••••••••••••••••••••••••••••••••••••••••••••••••••••••••••••••••••'
    'a8b7b1ec9ffb8baf2c6eaa253fe57112__id' => 1
    '__authKey' => '••••••••••••••••••••••••••••••••••••••••••••••••••••••••••••••••••••••••••••••••••••••••••••••••••••••••••••••••••••••••••••••••••••••••••••••••'
    'a8b7b1ec9ffb8baf2c6eaa253fe57112__expire' => 1778923366
    '__duration' => 3600
    '__elevated_timeout' => 1778920053
]

$_SERVER = [
    'DEPLOY_NAME' => 'local'
    'DDEV_WEBSERVER_TYPE' => 'nginx-fpm'
    'npm_config_cache' => '/mnt/ddev-global-cache/npm'
    'COREPACK_ENABLE_DOWNLOAD_PROMPT' => '0'
    'DDEV_GOOS' => 'darwin'
    'IS_DDEV_PROJECT' => 'true'
    'PHP_DEFAULT_VERSION' => '8.3'
    'HOSTNAME' => 'derschmuckmacher-v3-web'
    'MAILPIT_SMTP_PORT' => '1025'
    'MH_SMTP_BIND_ADDR' => '127.0.0.1:1025'
    'DDEV_PRIMARY_URL_WITHOUT_PORT' => 'https://derschmuckmacher-v3.ddev.site'
    'CRAFT_DB_PORT' => '3306'
    'DDEV_GID' => '20'
    'SSH_AUTH_SOCK' => '/home/.ssh-agent/socket'
    'NODE_EXTRA_CA_CERTS' => '/mnt/ddev-global-cache/mkcert/rootCA.pem'
    'DOCKER_IP' => '127.0.0.1'
    'PGPASSWORD' => 'db'
    'CRAFT_WEB_ROOT' => '/var/www/html/web'
    'DDEV_DOCROOT' => 'web'
    'PWD' => '/var/www/html'
    'PLATFORMSH_CLI_UPDATES_CHECK' => '0'
    'DDEV_APPROOT' => '/var/www/html'
    'DDEV_FILES_DIR' => ''
    'START_SCRIPT_TIMEOUT' => '57'
    'APACHE_SITE_TEMPLATE' => '/etc/apache2/apache-site.conf'
    'PHP_INI' => '/etc/php/8.3/fpm/php.ini'
    'DDEV_VERSION' => 'v1.24.10'
    'PRIMARY_SITE_URL' => 'https://derschmuckmacher-v3.ddev.site'
    'TZ' => 'Europe/Zurich'
    'DDEV_XHPROF_MODE' => 'prepend'
    'HTTPS_EXPOSE' => '443:80,8026:8025'
    'COREPACK_HOME' => '/mnt/ddev-global-cache/corepack'
    'CRAFT_DB_DATABASE' => 'db'
    'DDEV_PRIMARY_URL' => 'https://derschmuckmacher-v3.ddev.site'
    'LINES' => '6'
    'DDEV_SITENAME' => 'derschmuckmacher-v3'
    'HOME' => '/home/omar'
    'DRUSH_OPTIONS_URI' => 'https://derschmuckmacher-v3.ddev.site'
    'LANG' => 'C.UTF-8'
    'COLUMNS' => '371'
    'DDEV_MUTAGEN_ENABLED' => 'true'
    'DDEV_USER' => 'omar'
    'PGUSER' => 'db'
    'TERMINUS_CACHE_DIR' => '/mnt/ddev-global-cache/terminus/cache'
    'DDEV_PRIMARY_URL_PORT' => '443'
    'DDEV_ROUTER_HTTP_PORT' => '80'
    'MAILPIT_SMTP_HOSTNAME' => '127.0.0.1'
    'CRAFT_DB_DRIVER' => 'mysql'
    'COMPOSER_PROCESS_TIMEOUT' => '2000'
    'NGINX_SITE_TEMPLATE' => '/etc/nginx/nginx-site.conf'
    'DDEV_FILES_DIRS' => ''
    'CRAFT_DB_SERVER' => 'db'
    'HTTP_EXPOSE' => '80:80,8025:8025'
    'NVM_DIR' => '/home/omar/.nvm'
    'DDEV_PHP_VERSION' => '8.3'
    'DDEV_TLD' => 'ddev.site'
    'DDEV_HOSTNAME' => 'derschmuckmacher-v3.ddev.site'
    'DDEV_PROJECT' => 'derschmuckmacher-v3'
    'DDEV_GOARCH' => 'arm64'
    'VIRTUAL_HOST' => 'derschmuckmacher-v3.ddev.site'
    'TERM' => 'xterm'
    'USER' => 'omar'
    'MYSQL_HISTFILE' => '/mnt/ddev-global-cache/mysqlhistory/derschmuckmacher-v3-web/mysql_history'
    'DDEV_WEB_ENTRYPOINT' => '/mnt/ddev_config/web-entrypoint.d'
    'DDEV_UID' => '501'
    'CAROOT' => '/mnt/ddev-global-cache/mkcert'
    'SHLVL' => '1'
    'COMPOSER_ALLOW_SUPERUSER' => '1'
    'BASH_ENV' => '/etc/bash.nointeractive.bashrc'
    'DDEV_DATABASE' => 'mysql:8.0'
    'PGDATABASE' => 'db'
    'CRAFT_DB_USER' => 'db'
    'DDEV_SCHEME' => 'https'
    'XHPROF_OUTPUT_DIR' => '/tmp/xhprof'
    'COMPOSER_CACHE_DIR' => '/mnt/ddev-global-cache/composer'
    'DDEV_XDEBUG_ENABLED' => 'false'
    'DDEV_DATABASE_FAMILY' => 'mysql'
    'PGHOST' => 'db'
    'DDEV_COMPOSER_ROOT' => '/var/www/html'
    'CRAFT_DB_PASSWORD' => '••'
    'DOCROOT' => 'web'
    'TERMINUS_HIDE_UPDATE_MESSAGE' => '1'
    'PATH' => '/home/omar/bin:/var/www/html/vendor/bin:/usr/local/sbin:/usr/local/bin:/usr/sbin:/usr/bin:/sbin:/bin:/var/www/html/bin:/mnt/ddev-global-cache/global-commands/web'
    'HOST_DOCKER_INTERNAL_IP' => ''
    'DDEV_PROJECT_TYPE' => 'craftcms'
    'DEBIAN_FRONTEND' => 'noninteractive'
    'DDEV_ROUTER_HTTPS_PORT' => '443'
    'EXECIGNORE' => '/var/www/html/vendor/bin/composer'
    'SUPERVISOR_ENABLED' => '1'
    'SUPERVISOR_SERVER_URL' => 'unix:///var/run/supervisor.sock'
    'SUPERVISOR_PROCESS_NAME' => 'php-fpm'
    'SUPERVISOR_GROUP_NAME' => 'php-fpm'
    'HTTP_X_REAL_IP' => '172.18.0.1'
    'HTTP_X_FORWARDED_SERVER' => '9d89c63e5d30'
    'HTTP_X_FORWARDED_PROTO' => 'https'
    'HTTP_X_FORWARDED_PORT' => '443'
    'HTTP_X_FORWARDED_HOST' => 'derschmuckmacher-v3.ddev.site'
    'HTTP_X_FORWARDED_FOR' => '172.18.0.1'
    'HTTP_UPGRADE_INSECURE_REQUESTS' => '1'
    'HTTP_TE' => 'trailers'
    'HTTP_SEC_GPC' => '1'
    'HTTP_SEC_FETCH_USER' => '?1'
    'HTTP_SEC_FETCH_SITE' => 'same-origin'
    'HTTP_SEC_FETCH_MODE' => 'navigate'
    'HTTP_SEC_FETCH_DEST' => 'document'
    'HTTP_REFERER' => 'https://derschmuckmacher-v3.ddev.site/dW2axQ3b/utilities/updates'
    'HTTP_PRIORITY' => 'u=0, i'
    'HTTP_ORIGIN' => 'https://derschmuckmacher-v3.ddev.site'
    'HTTP_COOKIE' => 'cookieconsent_status=allow; CRAFT_CSRF_TOKEN=f52c2ad1562dd4eaea483aa259f3d9f40e937251911a1f388757fd23df670184a%3A2%3A%7Bi%3A0%3Bs%3A16%3A%22CRAFT_CSRF_TOKEN%22%3Bi%3A1%3Bs%3A147%3A%22oscGmXtgN7lH1IINFeBh9KwfL0sWDqIBBHQCFaaO%7Cb7905baa15fbf45e0730994dfb6501f9dd198752ca26e174cf5f6d5fd0c05b74oscGmXtgN7lH1IINFeBh9KwfL0sWDqIBBHQCFaaO%7C1%22%3B%7D; CraftSessionId=8m6eet0tlm9ao9brq6uoi3p8sq; a8b7b1ec9ffb8baf2c6eaa253fe57112_username=26b9ec8568da68d3882e55afaa5d203483c6c5810ee05b5a55c8a0eb10cab93ea%3A2%3A%7Bi%3A0%3Bs%3A41%3A%22a8b7b1ec9ffb8baf2c6eaa253fe57112_username%22%3Bi%3A1%3Bs%3A8%3A%22odegiuli%22%3B%7D; Craft-3626ffc1-d0a3-42e3-98aa-37e8aa759561_sidebar=expanded; a8b7b1ec9ffb8baf2c6eaa253fe57112_identity=014810335ee2fe011ef02c02b537a1ac7bf3cfa7f2f8fab42103f71f70525ae3a%3A2%3A%7Bi%3A0%3Bs%3A41%3A%22a8b7b1ec9ffb8baf2c6eaa253fe57112_identity%22%3Bi%3A1%3Bs%3A159%3A%22%5B1%2C%22%5B%5C%22W66KgiipJ2zO7LpsWJIt3v8lNdASO5VFU_NWJx8fvJypaXtu7Vb1Uyqznj6tW9NKQQKhWj7c7P7i3tDJATDmANWARJN_Io4GlsP0%5C%22%2Cnull%2C%5C%220ef01a0bceeac5b1d0a2b6557bd3d7b1%5C%22%5D%22%2C3600%5D%22%3B%7D'
    'HTTP_CONTENT_TYPE' => 'application/x-www-form-urlencoded'
    'HTTP_ACCEPT_LANGUAGE' => 'de,en-US;q=0.9,en;q=0.8'
    'HTTP_ACCEPT_ENCODING' => 'gzip, deflate, br, zstd'
    'HTTP_ACCEPT' => 'text/html,application/xhtml+xml,application/xml;q=0.9,*/*;q=0.8'
    'HTTP_CONTENT_LENGTH' => '537'
    'HTTP_USER_AGENT' => 'Mozilla/5.0 (Macintosh; Intel Mac OS X 10.15; rv:150.0) Gecko/20100101 Firefox/150.0'
    'HTTP_HOST' => 'derschmuckmacher-v3.ddev.site'
    'HTTPS' => 'on'
    'REDIRECT_STATUS' => '200'
    'SERVER_NAME' => 'derschmuckmacher-v3.ddev.site'
    'SERVER_PORT' => '80'
    'SERVER_ADDR' => '172.18.0.4'
    'REMOTE_PORT' => '42296'
    'REMOTE_ADDR' => '172.18.0.5'
    'SERVER_SOFTWARE' => 'nginx/1.28.0'
    'GATEWAY_INTERFACE' => 'CGI/1.1'
    'REQUEST_SCHEME' => 'http'
    'SERVER_PROTOCOL' => 'HTTP/1.1'
    'DOCUMENT_ROOT' => '/var/www/html/web'
    'DOCUMENT_URI' => '/index.php'
    'REQUEST_URI' => '/dW2axQ3b/utilities/updates'
    'CONTENT_LENGTH' => '537'
    'CONTENT_TYPE' => 'application/x-www-form-urlencoded'
    'REQUEST_METHOD' => 'POST'
    'QUERY_STRING' => ''
    'SCRIPT_NAME' => '/index.php'
    'SCRIPT_FILENAME' => '/var/www/html/web/index.php'
    'FCGI_ROLE' => 'RESPONDER'
    'PHP_SELF' => '/index.php'
    'REQUEST_TIME_FLOAT' => 1778919766.8653
    'REQUEST_TIME' => 1778919766
    'CRAFT_APP_ID' => 'CraftCMS--3933bc78-29f5-4b79-bcc5-c31faf0fcd20'
    'CRAFT_ENVIRONMENT' => 'dev'
    'ENVIRONMENT' => 'dev'
    'CRAFT_SECURITY_KEY' => '••••••••••••••••••••••••••••••••'
    'CP_TRIGGER' => 'dW2axQ3b'
    'CRAFT_DB_SCHEMA' => 'public'
    'CRAFT_DB_TABLE_PREFIX' => ''
    'DEV_MODE' => 'true'
    'ALLOW_ADMIN_CHANGES' => 'true'
    'DISALLOW_ROBOTS' => 'true'
    'TIMEZONE' => 'Europe/Zurich'
    'CAPTCHA_SITE_KEY' => '••••••••••••••••••••••••••••••••••••••••'
    'CAPTCHA_SECRET_KEY' => '••••••••••••••••••••••••••••••••••••••••'
    'WEB_URL' => 'https://derschmuckmacher-v3.ddev.site'
    'WEB_ROOT' => '/var/www/html/web'
    'ASSETS_BASE_URL' => 'https://derschmuckmacher-v3.ddev.site/public'
    'ASSETS_BASE_PATH' => '/var/www/html/web/public'
    'SCHMUCK_BASE_URL' => 'https://derschmuckmacher-v3.ddev.site/public/uploads/schmuck'
    'SCHMUCK_BASE_PATH' => '/var/www/html/web/public/uploads/schmuck'
    'BILDER_BASE_URL' => 'https://derschmuckmacher-v3.ddev.site/public/uploads/bilder'
    'BILDER_BASE_PATH' => '/var/www/html/web/public/uploads/bilder'
] {"environment":"dev","userId":1} 
2026-05-16 10:22:47 [web.INFO] [yii\db\Connection::open] Opening DB connection: mysql:host=db;dbname=db;port=3306 {"memory":1101904} 
2026-05-16 10:22:47 [web.INFO] [yii\web\Session::open] Session started {"memory":1524504} 
2026-05-16 10:22:47 [web.INFO] [nystudio107\codeeditor\CodeEditor::bootstrap] CodeEditor module bootstrapped {"memory":1548840} 
2026-05-16 10:22:47 [web.INFO] [adigital\cookieconsentbanner\CookieConsentBanner::init] Cookie Consent Banner plugin loaded {"memory":1765928} 
2026-05-16 10:22:47 [web.INFO] [miranj\obfuscator\Obfuscator::init] Obfuscator plugin loaded {"memory":2727760} 
2026-05-16 10:22:47 [web.INFO] [application] Request context:
$_GET = [
    'p' => 'dW2axQ3b/actions/updater/precheck'
    'v' => '1778919767070'
]

$_FILES = []

$_COOKIE = [
    'cookieconsent_status' => 'allow'
    'CRAFT_CSRF_TOKEN' => '••••••••••••••••••••••••••••••••••••••••••••••••••••••••••••••••••••••••••••••••••••••••••••••••••••••••••••••••••••••••••••••••••••••••••••••••••••••••••••••••••••••••••••••••••••••••••••••••••••••••••••••••••••••••••••••••••••••••••••••••••••••••••••••••••'
    'CraftSessionId' => '8m6eet0tlm9ao9brq6uoi3p8sq'
    'a8b7b1ec9ffb8baf2c6eaa253fe57112_username' => '26b9ec8568da68d3882e55afaa5d203483c6c5810ee05b5a55c8a0eb10cab93ea:2:{i:0;s:41:\"a8b7b1ec9ffb8baf2c6eaa253fe57112_username\";i:1;s:8:\"odegiuli\";}'
    'Craft-3626ffc1-d0a3-42e3-98aa-37e8aa759561_sidebar' => 'expanded'
    'a8b7b1ec9ffb8baf2c6eaa253fe57112_identity' => '014810335ee2fe011ef02c02b537a1ac7bf3cfa7f2f8fab42103f71f70525ae3a:2:{i:0;s:41:\"a8b7b1ec9ffb8baf2c6eaa253fe57112_identity\";i:1;s:159:\"[1,\"[\\\"W66KgiipJ2zO7LpsWJIt3v8lNdASO5VFU_NWJx8fvJypaXtu7Vb1Uyqznj6tW9NKQQKhWj7c7P7i3tDJATDmANWARJN_Io4GlsP0\\\",null,\\\"0ef01a0bceeac5b1d0a2b6557bd3d7b1\\\"]\",3600]\";}'
]

$_SESSION = [
    '22b6a59deafcfb2ffb13c3adf3d98a3b__flash' => []
    'a8b7b1ec9ffb8baf2c6eaa253fe57112__token' => '••••••••••••••••••••••••••••••••••••••••••••••••••••••••••••••••••••••••••••••••••••••••••••••••••••'
    'a8b7b1ec9ffb8baf2c6eaa253fe57112__id' => 1
    '__authKey' => '••••••••••••••••••••••••••••••••••••••••••••••••••••••••••••••••••••••••••••••••••••••••••••••••••••••••••••••••••••••••••••••••••••••••••••••••'
    'a8b7b1ec9ffb8baf2c6eaa253fe57112__expire' => 1778923367
    '__duration' => 3600
    '__elevated_timeout' => 1778920053
]

$_SERVER = [
    'DEPLOY_NAME' => 'local'
    'DDEV_WEBSERVER_TYPE' => 'nginx-fpm'
    'npm_config_cache' => '/mnt/ddev-global-cache/npm'
    'COREPACK_ENABLE_DOWNLOAD_PROMPT' => '0'
    'DDEV_GOOS' => 'darwin'
    'IS_DDEV_PROJECT' => 'true'
    'PHP_DEFAULT_VERSION' => '8.3'
    'HOSTNAME' => 'derschmuckmacher-v3-web'
    'MAILPIT_SMTP_PORT' => '1025'
    'MH_SMTP_BIND_ADDR' => '127.0.0.1:1025'
    'DDEV_PRIMARY_URL_WITHOUT_PORT' => 'https://derschmuckmacher-v3.ddev.site'
    'CRAFT_DB_PORT' => '3306'
    'DDEV_GID' => '20'
    'SSH_AUTH_SOCK' => '/home/.ssh-agent/socket'
    'NODE_EXTRA_CA_CERTS' => '/mnt/ddev-global-cache/mkcert/rootCA.pem'
    'DOCKER_IP' => '127.0.0.1'
    'PGPASSWORD' => 'db'
    'CRAFT_WEB_ROOT' => '/var/www/html/web'
    'DDEV_DOCROOT' => 'web'
    'PWD' => '/var/www/html'
    'PLATFORMSH_CLI_UPDATES_CHECK' => '0'
    'DDEV_APPROOT' => '/var/www/html'
    'DDEV_FILES_DIR' => ''
    'START_SCRIPT_TIMEOUT' => '57'
    'APACHE_SITE_TEMPLATE' => '/etc/apache2/apache-site.conf'
    'PHP_INI' => '/etc/php/8.3/fpm/php.ini'
    'DDEV_VERSION' => 'v1.24.10'
    'PRIMARY_SITE_URL' => 'https://derschmuckmacher-v3.ddev.site'
    'TZ' => 'Europe/Zurich'
    'DDEV_XHPROF_MODE' => 'prepend'
    'HTTPS_EXPOSE' => '443:80,8026:8025'
    'COREPACK_HOME' => '/mnt/ddev-global-cache/corepack'
    'CRAFT_DB_DATABASE' => 'db'
    'DDEV_PRIMARY_URL' => 'https://derschmuckmacher-v3.ddev.site'
    'LINES' => '6'
    'DDEV_SITENAME' => 'derschmuckmacher-v3'
    'HOME' => '/home/omar'
    'DRUSH_OPTIONS_URI' => 'https://derschmuckmacher-v3.ddev.site'
    'LANG' => 'C.UTF-8'
    'COLUMNS' => '371'
    'DDEV_MUTAGEN_ENABLED' => 'true'
    'DDEV_USER' => 'omar'
    'PGUSER' => 'db'
    'TERMINUS_CACHE_DIR' => '/mnt/ddev-global-cache/terminus/cache'
    'DDEV_PRIMARY_URL_PORT' => '443'
    'DDEV_ROUTER_HTTP_PORT' => '80'
    'MAILPIT_SMTP_HOSTNAME' => '127.0.0.1'
    'CRAFT_DB_DRIVER' => 'mysql'
    'COMPOSER_PROCESS_TIMEOUT' => '2000'
    'NGINX_SITE_TEMPLATE' => '/etc/nginx/nginx-site.conf'
    'DDEV_FILES_DIRS' => ''
    'CRAFT_DB_SERVER' => 'db'
    'HTTP_EXPOSE' => '80:80,8025:8025'
    'NVM_DIR' => '/home/omar/.nvm'
    'DDEV_PHP_VERSION' => '8.3'
    'DDEV_TLD' => 'ddev.site'
    'DDEV_HOSTNAME' => 'derschmuckmacher-v3.ddev.site'
    'DDEV_PROJECT' => 'derschmuckmacher-v3'
    'DDEV_GOARCH' => 'arm64'
    'VIRTUAL_HOST' => 'derschmuckmacher-v3.ddev.site'
    'TERM' => 'xterm'
    'USER' => 'omar'
    'MYSQL_HISTFILE' => '/mnt/ddev-global-cache/mysqlhistory/derschmuckmacher-v3-web/mysql_history'
    'DDEV_WEB_ENTRYPOINT' => '/mnt/ddev_config/web-entrypoint.d'
    'DDEV_UID' => '501'
    'CAROOT' => '/mnt/ddev-global-cache/mkcert'
    'SHLVL' => '1'
    'COMPOSER_ALLOW_SUPERUSER' => '1'
    'BASH_ENV' => '/etc/bash.nointeractive.bashrc'
    'DDEV_DATABASE' => 'mysql:8.0'
    'PGDATABASE' => 'db'
    'CRAFT_DB_USER' => 'db'
    'DDEV_SCHEME' => 'https'
    'XHPROF_OUTPUT_DIR' => '/tmp/xhprof'
    'COMPOSER_CACHE_DIR' => '/mnt/ddev-global-cache/composer'
    'DDEV_XDEBUG_ENABLED' => 'false'
    'DDEV_DATABASE_FAMILY' => 'mysql'
    'PGHOST' => 'db'
    'DDEV_COMPOSER_ROOT' => '/var/www/html'
    'CRAFT_DB_PASSWORD' => '••'
    'DOCROOT' => 'web'
    'TERMINUS_HIDE_UPDATE_MESSAGE' => '1'
    'PATH' => '/home/omar/bin:/var/www/html/vendor/bin:/usr/local/sbin:/usr/local/bin:/usr/sbin:/usr/bin:/sbin:/bin:/var/www/html/bin:/mnt/ddev-global-cache/global-commands/web'
    'HOST_DOCKER_INTERNAL_IP' => ''
    'DDEV_PROJECT_TYPE' => 'craftcms'
    'DEBIAN_FRONTEND' => 'noninteractive'
    'DDEV_ROUTER_HTTPS_PORT' => '443'
    'EXECIGNORE' => '/var/www/html/vendor/bin/composer'
    'SUPERVISOR_ENABLED' => '1'
    'SUPERVISOR_SERVER_URL' => 'unix:///var/run/supervisor.sock'
    'SUPERVISOR_PROCESS_NAME' => 'php-fpm'
    'SUPERVISOR_GROUP_NAME' => 'php-fpm'
    'HTTP_X_REQUESTED_WITH' => 'XMLHttpRequest'
    'HTTP_X_REGISTERED_JS_FILES' => ''
    'HTTP_X_REGISTERED_ASSET_BUNDLES' => 'b5058e7b,22e517a2,aee7f8dc,26c46c25,e505ffd6,6b4d7555,bb2f10a0,e5e48399,815d39ea,fc0bc163,1ccab40d,1e21896b,54698ee0,b842675b,1c3c9add,4b1fd285,d8d08e47,8f00ce04,8768f48b,cf3018d6,ec6d0256'
    'HTTP_X_REAL_IP' => '172.18.0.1'
    'HTTP_X_FORWARDED_SERVER' => '9d89c63e5d30'
    'HTTP_X_FORWARDED_PROTO' => 'https'
    'HTTP_X_FORWARDED_PORT' => '443'
    'HTTP_X_FORWARDED_HOST' => 'derschmuckmacher-v3.ddev.site'
    'HTTP_X_FORWARDED_FOR' => '172.18.0.1'
    'HTTP_X_CSRF_TOKEN' => '••••••••••••••••••••••••••••••••••••••••••••••••••••••••••••••••••••••••••••••••••••••••••••••••••••••••••••••••••••••••••••••••••••••••••••••••••••••••••••••••••••••••••••••••••••••••••••••••••••••••••••••••••••••••••••••••••••••••••••••••••••••••••••••••••••••••••••••••••••••••••••••••••••••••••••••••••••••••••••••••••••••••••••••••••••••••••••••••••••••••••••••••••••••••••••••••••••••••'
    'HTTP_TE' => 'trailers'
    'HTTP_SEC_GPC' => '1'
    'HTTP_SEC_FETCH_SITE' => 'same-origin'
    'HTTP_SEC_FETCH_MODE' => 'cors'
    'HTTP_SEC_FETCH_DEST' => 'empty'
    'HTTP_REFERER' => 'https://derschmuckmacher-v3.ddev.site/dW2axQ3b/utilities/updates'
    'HTTP_ORIGIN' => 'https://derschmuckmacher-v3.ddev.site'
    'HTTP_COOKIE' => 'cookieconsent_status=allow; CRAFT_CSRF_TOKEN=f52c2ad1562dd4eaea483aa259f3d9f40e937251911a1f388757fd23df670184a%3A2%3A%7Bi%3A0%3Bs%3A16%3A%22CRAFT_CSRF_TOKEN%22%3Bi%3A1%3Bs%3A147%3A%22oscGmXtgN7lH1IINFeBh9KwfL0sWDqIBBHQCFaaO%7Cb7905baa15fbf45e0730994dfb6501f9dd198752ca26e174cf5f6d5fd0c05b74oscGmXtgN7lH1IINFeBh9KwfL0sWDqIBBHQCFaaO%7C1%22%3B%7D; CraftSessionId=8m6eet0tlm9ao9brq6uoi3p8sq; a8b7b1ec9ffb8baf2c6eaa253fe57112_username=26b9ec8568da68d3882e55afaa5d203483c6c5810ee05b5a55c8a0eb10cab93ea%3A2%3A%7Bi%3A0%3Bs%3A41%3A%22a8b7b1ec9ffb8baf2c6eaa253fe57112_username%22%3Bi%3A1%3Bs%3A8%3A%22odegiuli%22%3B%7D; Craft-3626ffc1-d0a3-42e3-98aa-37e8aa759561_sidebar=expanded; a8b7b1ec9ffb8baf2c6eaa253fe57112_identity=014810335ee2fe011ef02c02b537a1ac7bf3cfa7f2f8fab42103f71f70525ae3a%3A2%3A%7Bi%3A0%3Bs%3A41%3A%22a8b7b1ec9ffb8baf2c6eaa253fe57112_identity%22%3Bi%3A1%3Bs%3A159%3A%22%5B1%2C%22%5B%5C%22W66KgiipJ2zO7LpsWJIt3v8lNdASO5VFU_NWJx8fvJypaXtu7Vb1Uyqznj6tW9NKQQKhWj7c7P7i3tDJATDmANWARJN_Io4GlsP0%5C%22%2Cnull%2C%5C%220ef01a0bceeac5b1d0a2b6557bd3d7b1%5C%22%5D%22%2C3600%5D%22%3B%7D'
    'HTTP_CONTENT_TYPE' => 'application/json'
    'HTTP_ACCEPT_LANGUAGE' => 'de,en-US;q=0.9,en;q=0.8'
    'HTTP_ACCEPT_ENCODING' => 'gzip, deflate, br, zstd'
    'HTTP_ACCEPT' => 'application/json, text/plain, */*'
    'HTTP_CONTENT_LENGTH' => '445'
    'HTTP_USER_AGENT' => 'Mozilla/5.0 (Macintosh; Intel Mac OS X 10.15; rv:150.0) Gecko/20100101 Firefox/150.0'
    'HTTP_HOST' => 'derschmuckmacher-v3.ddev.site'
    'HTTPS' => 'on'
    'REDIRECT_STATUS' => '200'
    'SERVER_NAME' => 'derschmuckmacher-v3.ddev.site'
    'SERVER_PORT' => '80'
    'SERVER_ADDR' => '172.18.0.4'
    'REMOTE_PORT' => '42296'
    'REMOTE_ADDR' => '172.18.0.5'
    'SERVER_SOFTWARE' => 'nginx/1.28.0'
    'GATEWAY_INTERFACE' => 'CGI/1.1'
    'REQUEST_SCHEME' => 'http'
    'SERVER_PROTOCOL' => 'HTTP/1.1'
    'DOCUMENT_ROOT' => '/var/www/html/web'
    'DOCUMENT_URI' => '/index.php'
    'REQUEST_URI' => '/index.php?p=dW2axQ3b%2Factions%2Fupdater%2Fprecheck&v=1778919767070'
    'CONTENT_LENGTH' => '445'
    'CONTENT_TYPE' => 'application/json'
    'REQUEST_METHOD' => 'POST'
    'QUERY_STRING' => 'p=dW2axQ3b%2Factions%2Fupdater%2Fprecheck&v=1778919767070'
    'SCRIPT_NAME' => '/index.php'
    'SCRIPT_FILENAME' => '/var/www/html/web/index.php'
    'FCGI_ROLE' => 'RESPONDER'
    'PHP_SELF' => '/index.php'
    'REQUEST_TIME_FLOAT' => 1778919767.0758
    'REQUEST_TIME' => 1778919767
    'CRAFT_APP_ID' => 'CraftCMS--3933bc78-29f5-4b79-bcc5-c31faf0fcd20'
    'CRAFT_ENVIRONMENT' => 'dev'
    'ENVIRONMENT' => 'dev'
    'CRAFT_SECURITY_KEY' => '••••••••••••••••••••••••••••••••'
    'CP_TRIGGER' => 'dW2axQ3b'
    'CRAFT_DB_SCHEMA' => 'public'
    'CRAFT_DB_TABLE_PREFIX' => ''
    'DEV_MODE' => 'true'
    'ALLOW_ADMIN_CHANGES' => 'true'
    'DISALLOW_ROBOTS' => 'true'
    'TIMEZONE' => 'Europe/Zurich'
    'CAPTCHA_SITE_KEY' => '••••••••••••••••••••••••••••••••••••••••'
    'CAPTCHA_SECRET_KEY' => '••••••••••••••••••••••••••••••••••••••••'
    'WEB_URL' => 'https://derschmuckmacher-v3.ddev.site'
    'WEB_ROOT' => '/var/www/html/web'
    'ASSETS_BASE_URL' => 'https://derschmuckmacher-v3.ddev.site/public'
    'ASSETS_BASE_PATH' => '/var/www/html/web/public'
    'SCHMUCK_BASE_URL' => 'https://derschmuckmacher-v3.ddev.site/public/uploads/schmuck'
    'SCHMUCK_BASE_PATH' => '/var/www/html/web/public/uploads/schmuck'
    'BILDER_BASE_URL' => 'https://derschmuckmacher-v3.ddev.site/public/uploads/bilder'
    'BILDER_BASE_PATH' => '/var/www/html/web/public/uploads/bilder'
] {"environment":"dev","userId":1,"body":"{\"data\":\"7803b9421aaa65b1b256fb5619aaf0e807c46b175a36fad20985dbdbf1fb29d7{\\\"install\\\":{\\\"freeform\\\":\\\"^5.15.12\\\"},\\\"current\\\":{\\\"solspace\\\\\\/craft-freeform\\\":\\\"5.15.11\\\"},\\\"requirements\\\":{\\\"solspace\\\\\\/craft-freeform\\\":\\\"^5.15.12\\\"},\\\"reverted\\\":false,\\\"returnUrl\\\":\\\"utilities\\\\\\/updates\\\",\\\"postPrecheckState\\\":{\\\"nextAction\\\":\\\"composer-install\\\",\\\"status\\\":\\\"Composer-Abhängigkeiten werden aktualisiert (dies kann eine Minute dauern)...\\\"}}\"}"} 
2026-05-16 10:22:52 [web.INFO] [yii\db\Connection::open] Opening DB connection: mysql:host=db;dbname=db;port=3306 {"memory":1101968} 
2026-05-16 10:22:52 [web.INFO] [yii\web\Session::open] Session started {"memory":1524576} 
2026-05-16 10:22:52 [web.INFO] [nystudio107\codeeditor\CodeEditor::bootstrap] CodeEditor module bootstrapped {"memory":1548912} 
2026-05-16 10:22:52 [web.INFO] [adigital\cookieconsentbanner\CookieConsentBanner::init] Cookie Consent Banner plugin loaded {"memory":1766000} 
2026-05-16 10:22:52 [web.INFO] [miranj\obfuscator\Obfuscator::init] Obfuscator plugin loaded {"memory":2727832} 
2026-05-16 10:22:52 [web.INFO] [yii\db\Connection::open] Opening DB connection: mysql:host=db;dbname=db;port=3306 {"memory":3001680} 
2026-05-16 10:22:52 [web.INFO] [craft\controllers\BaseUpdaterController::actionComposerInstall] Updated Composer requirements.
Output:  {"memory":3099544} 
2026-05-16 10:22:52 [web.INFO] [application] Request context:
$_GET = [
    'p' => 'dW2axQ3b/actions/updater/composer-install'
    'v' => '1778919767110'
]

$_FILES = []

$_COOKIE = [
    'cookieconsent_status' => 'allow'
    'CRAFT_CSRF_TOKEN' => '••••••••••••••••••••••••••••••••••••••••••••••••••••••••••••••••••••••••••••••••••••••••••••••••••••••••••••••••••••••••••••••••••••••••••••••••••••••••••••••••••••••••••••••••••••••••••••••••••••••••••••••••••••••••••••••••••••••••••••••••••••••••••••••••••'
    'CraftSessionId' => '8m6eet0tlm9ao9brq6uoi3p8sq'
    'a8b7b1ec9ffb8baf2c6eaa253fe57112_username' => '26b9ec8568da68d3882e55afaa5d203483c6c5810ee05b5a55c8a0eb10cab93ea:2:{i:0;s:41:\"a8b7b1ec9ffb8baf2c6eaa253fe57112_username\";i:1;s:8:\"odegiuli\";}'
    'Craft-3626ffc1-d0a3-42e3-98aa-37e8aa759561_sidebar' => 'expanded'
    'a8b7b1ec9ffb8baf2c6eaa253fe57112_identity' => '014810335ee2fe011ef02c02b537a1ac7bf3cfa7f2f8fab42103f71f70525ae3a:2:{i:0;s:41:\"a8b7b1ec9ffb8baf2c6eaa253fe57112_identity\";i:1;s:159:\"[1,\"[\\\"W66KgiipJ2zO7LpsWJIt3v8lNdASO5VFU_NWJx8fvJypaXtu7Vb1Uyqznj6tW9NKQQKhWj7c7P7i3tDJATDmANWARJN_Io4GlsP0\\\",null,\\\"0ef01a0bceeac5b1d0a2b6557bd3d7b1\\\"]\",3600]\";}'
]

$_SESSION = [
    '22b6a59deafcfb2ffb13c3adf3d98a3b__flash' => []
    'a8b7b1ec9ffb8baf2c6eaa253fe57112__token' => '••••••••••••••••••••••••••••••••••••••••••••••••••••••••••••••••••••••••••••••••••••••••••••••••••••'
    'a8b7b1ec9ffb8baf2c6eaa253fe57112__id' => 1
    '__authKey' => '••••••••••••••••••••••••••••••••••••••••••••••••••••••••••••••••••••••••••••••••••••••••••••••••••••••••••••••••••••••••••••••••••••••••••••••••'
    'a8b7b1ec9ffb8baf2c6eaa253fe57112__expire' => 1778923367
    '__duration' => 3600
    '__elevated_timeout' => 1778920053
]

$_SERVER = [
    'DEPLOY_NAME' => 'local'
    'DDEV_WEBSERVER_TYPE' => 'nginx-fpm'
    'npm_config_cache' => '/mnt/ddev-global-cache/npm'
    'COREPACK_ENABLE_DOWNLOAD_PROMPT' => '0'
    'DDEV_GOOS' => 'darwin'
    'IS_DDEV_PROJECT' => 'true'
    'PHP_DEFAULT_VERSION' => '8.3'
    'HOSTNAME' => 'derschmuckmacher-v3-web'
    'MAILPIT_SMTP_PORT' => '1025'
    'MH_SMTP_BIND_ADDR' => '127.0.0.1:1025'
    'DDEV_PRIMARY_URL_WITHOUT_PORT' => 'https://derschmuckmacher-v3.ddev.site'
    'CRAFT_DB_PORT' => '3306'
    'DDEV_GID' => '20'
    'SSH_AUTH_SOCK' => '/home/.ssh-agent/socket'
    'NODE_EXTRA_CA_CERTS' => '/mnt/ddev-global-cache/mkcert/rootCA.pem'
    'DOCKER_IP' => '127.0.0.1'
    'PGPASSWORD' => 'db'
    'CRAFT_WEB_ROOT' => '/var/www/html/web'
    'DDEV_DOCROOT' => 'web'
    'PWD' => '/var/www/html'
    'PLATFORMSH_CLI_UPDATES_CHECK' => '0'
    'DDEV_APPROOT' => '/var/www/html'
    'DDEV_FILES_DIR' => ''
    'START_SCRIPT_TIMEOUT' => '57'
    'APACHE_SITE_TEMPLATE' => '/etc/apache2/apache-site.conf'
    'PHP_INI' => '/etc/php/8.3/fpm/php.ini'
    'DDEV_VERSION' => 'v1.24.10'
    'PRIMARY_SITE_URL' => 'https://derschmuckmacher-v3.ddev.site'
    'TZ' => 'Europe/Zurich'
    'DDEV_XHPROF_MODE' => 'prepend'
    'HTTPS_EXPOSE' => '443:80,8026:8025'
    'COREPACK_HOME' => '/mnt/ddev-global-cache/corepack'
    'CRAFT_DB_DATABASE' => 'db'
    'DDEV_PRIMARY_URL' => 'https://derschmuckmacher-v3.ddev.site'
    'LINES' => '6'
    'DDEV_SITENAME' => 'derschmuckmacher-v3'
    'HOME' => '/home/omar'
    'DRUSH_OPTIONS_URI' => 'https://derschmuckmacher-v3.ddev.site'
    'LANG' => 'C.UTF-8'
    'COLUMNS' => '371'
    'DDEV_MUTAGEN_ENABLED' => 'true'
    'DDEV_USER' => 'omar'
    'PGUSER' => 'db'
    'TERMINUS_CACHE_DIR' => '/mnt/ddev-global-cache/terminus/cache'
    'DDEV_PRIMARY_URL_PORT' => '443'
    'DDEV_ROUTER_HTTP_PORT' => '80'
    'MAILPIT_SMTP_HOSTNAME' => '127.0.0.1'
    'CRAFT_DB_DRIVER' => 'mysql'
    'COMPOSER_PROCESS_TIMEOUT' => '2000'
    'NGINX_SITE_TEMPLATE' => '/etc/nginx/nginx-site.conf'
    'DDEV_FILES_DIRS' => ''
    'CRAFT_DB_SERVER' => 'db'
    'HTTP_EXPOSE' => '80:80,8025:8025'
    'NVM_DIR' => '/home/omar/.nvm'
    'DDEV_PHP_VERSION' => '8.3'
    'DDEV_TLD' => 'ddev.site'
    'DDEV_HOSTNAME' => 'derschmuckmacher-v3.ddev.site'
    'DDEV_PROJECT' => 'derschmuckmacher-v3'
    'DDEV_GOARCH' => 'arm64'
    'VIRTUAL_HOST' => 'derschmuckmacher-v3.ddev.site'
    'TERM' => 'xterm'
    'USER' => 'omar'
    'MYSQL_HISTFILE' => '/mnt/ddev-global-cache/mysqlhistory/derschmuckmacher-v3-web/mysql_history'
    'DDEV_WEB_ENTRYPOINT' => '/mnt/ddev_config/web-entrypoint.d'
    'DDEV_UID' => '501'
    'CAROOT' => '/mnt/ddev-global-cache/mkcert'
    'SHLVL' => '1'
    'COMPOSER_ALLOW_SUPERUSER' => '1'
    'BASH_ENV' => '/etc/bash.nointeractive.bashrc'
    'DDEV_DATABASE' => 'mysql:8.0'
    'PGDATABASE' => 'db'
    'CRAFT_DB_USER' => 'db'
    'DDEV_SCHEME' => 'https'
    'XHPROF_OUTPUT_DIR' => '/tmp/xhprof'
    'COMPOSER_CACHE_DIR' => '/mnt/ddev-global-cache/composer'
    'DDEV_XDEBUG_ENABLED' => 'false'
    'DDEV_DATABASE_FAMILY' => 'mysql'
    'PGHOST' => 'db'
    'DDEV_COMPOSER_ROOT' => '/var/www/html'
    'CRAFT_DB_PASSWORD' => '••'
    'DOCROOT' => 'web'
    'TERMINUS_HIDE_UPDATE_MESSAGE' => '1'
    'PATH' => '/home/omar/bin:/var/www/html/vendor/bin:/usr/local/sbin:/usr/local/bin:/usr/sbin:/usr/bin:/sbin:/bin:/var/www/html/bin:/mnt/ddev-global-cache/global-commands/web'
    'HOST_DOCKER_INTERNAL_IP' => ''
    'DDEV_PROJECT_TYPE' => 'craftcms'
    'DEBIAN_FRONTEND' => 'noninteractive'
    'DDEV_ROUTER_HTTPS_PORT' => '443'
    'EXECIGNORE' => '/var/www/html/vendor/bin/composer'
    'SUPERVISOR_ENABLED' => '1'
    'SUPERVISOR_SERVER_URL' => 'unix:///var/run/supervisor.sock'
    'SUPERVISOR_PROCESS_NAME' => 'php-fpm'
    'SUPERVISOR_GROUP_NAME' => 'php-fpm'
    'HTTP_X_REQUESTED_WITH' => 'XMLHttpRequest'
    'HTTP_X_REGISTERED_JS_FILES' => ''
    'HTTP_X_REGISTERED_ASSET_BUNDLES' => 'b5058e7b,22e517a2,aee7f8dc,26c46c25,e505ffd6,6b4d7555,bb2f10a0,e5e48399,815d39ea,fc0bc163,1ccab40d,1e21896b,54698ee0,b842675b,1c3c9add,4b1fd285,d8d08e47,8f00ce04,8768f48b,cf3018d6,ec6d0256'
    'HTTP_X_REAL_IP' => '172.18.0.1'
    'HTTP_X_FORWARDED_SERVER' => '9d89c63e5d30'
    'HTTP_X_FORWARDED_PROTO' => 'https'
    'HTTP_X_FORWARDED_PORT' => '443'
    'HTTP_X_FORWARDED_HOST' => 'derschmuckmacher-v3.ddev.site'
    'HTTP_X_FORWARDED_FOR' => '172.18.0.1'
    'HTTP_X_CSRF_TOKEN' => '••••••••••••••••••••••••••••••••••••••••••••••••••••••••••••••••••••••••••••••••••••••••••••••••••••••••••••••••••••••••••••••••••••••••••••••••••••••••••••••••••••••••••••••••••••••••••••••••••••••••••••••••••••••••••••••••••••••••••••••••••••••••••••••••••••••••••••••••••••••••••••••••••••••••••••••••••••••••••••••••••••••••••••••••••••••••••••••••••••••••••••••••••••••••••••••••••••••••'
    'HTTP_TE' => 'trailers'
    'HTTP_SEC_GPC' => '1'
    'HTTP_SEC_FETCH_SITE' => 'same-origin'
    'HTTP_SEC_FETCH_MODE' => 'cors'
    'HTTP_SEC_FETCH_DEST' => 'empty'
    'HTTP_REFERER' => 'https://derschmuckmacher-v3.ddev.site/dW2axQ3b/utilities/updates'
    'HTTP_ORIGIN' => 'https://derschmuckmacher-v3.ddev.site'
    'HTTP_COOKIE' => 'cookieconsent_status=allow; CRAFT_CSRF_TOKEN=f52c2ad1562dd4eaea483aa259f3d9f40e937251911a1f388757fd23df670184a%3A2%3A%7Bi%3A0%3Bs%3A16%3A%22CRAFT_CSRF_TOKEN%22%3Bi%3A1%3Bs%3A147%3A%22oscGmXtgN7lH1IINFeBh9KwfL0sWDqIBBHQCFaaO%7Cb7905baa15fbf45e0730994dfb6501f9dd198752ca26e174cf5f6d5fd0c05b74oscGmXtgN7lH1IINFeBh9KwfL0sWDqIBBHQCFaaO%7C1%22%3B%7D; CraftSessionId=8m6eet0tlm9ao9brq6uoi3p8sq; a8b7b1ec9ffb8baf2c6eaa253fe57112_username=26b9ec8568da68d3882e55afaa5d203483c6c5810ee05b5a55c8a0eb10cab93ea%3A2%3A%7Bi%3A0%3Bs%3A41%3A%22a8b7b1ec9ffb8baf2c6eaa253fe57112_username%22%3Bi%3A1%3Bs%3A8%3A%22odegiuli%22%3B%7D; Craft-3626ffc1-d0a3-42e3-98aa-37e8aa759561_sidebar=expanded; a8b7b1ec9ffb8baf2c6eaa253fe57112_identity=014810335ee2fe011ef02c02b537a1ac7bf3cfa7f2f8fab42103f71f70525ae3a%3A2%3A%7Bi%3A0%3Bs%3A41%3A%22a8b7b1ec9ffb8baf2c6eaa253fe57112_identity%22%3Bi%3A1%3Bs%3A159%3A%22%5B1%2C%22%5B%5C%22W66KgiipJ2zO7LpsWJIt3v8lNdASO5VFU_NWJx8fvJypaXtu7Vb1Uyqznj6tW9NKQQKhWj7c7P7i3tDJATDmANWARJN_Io4GlsP0%5C%22%2Cnull%2C%5C%220ef01a0bceeac5b1d0a2b6557bd3d7b1%5C%22%5D%22%2C3600%5D%22%3B%7D'
    'HTTP_CONTENT_TYPE' => 'application/json'
    'HTTP_ACCEPT_LANGUAGE' => 'de,en-US;q=0.9,en;q=0.8'
    'HTTP_ACCEPT_ENCODING' => 'gzip, deflate, br, zstd'
    'HTTP_ACCEPT' => 'application/json, text/plain, */*'
    'HTTP_CONTENT_LENGTH' => '445'
    'HTTP_USER_AGENT' => 'Mozilla/5.0 (Macintosh; Intel Mac OS X 10.15; rv:150.0) Gecko/20100101 Firefox/150.0'
    'HTTP_HOST' => 'derschmuckmacher-v3.ddev.site'
    'HTTPS' => 'on'
    'REDIRECT_STATUS' => '200'
    'SERVER_NAME' => 'derschmuckmacher-v3.ddev.site'
    'SERVER_PORT' => '80'
    'SERVER_ADDR' => '172.18.0.4'
    'REMOTE_PORT' => '42296'
    'REMOTE_ADDR' => '172.18.0.5'
    'SERVER_SOFTWARE' => 'nginx/1.28.0'
    'GATEWAY_INTERFACE' => 'CGI/1.1'
    'REQUEST_SCHEME' => 'http'
    'SERVER_PROTOCOL' => 'HTTP/1.1'
    'DOCUMENT_ROOT' => '/var/www/html/web'
    'DOCUMENT_URI' => '/index.php'
    'REQUEST_URI' => '/index.php?p=dW2axQ3b%2Factions%2Fupdater%2Fcomposer-install&v=1778919767110'
    'CONTENT_LENGTH' => '445'
    'CONTENT_TYPE' => 'application/json'
    'REQUEST_METHOD' => 'POST'
    'QUERY_STRING' => 'p=dW2axQ3b%2Factions%2Fupdater%2Fcomposer-install&v=1778919767110'
    'SCRIPT_NAME' => '/index.php'
    'SCRIPT_FILENAME' => '/var/www/html/web/index.php'
    'FCGI_ROLE' => 'RESPONDER'
    'PHP_SELF' => '/index.php'
    'REQUEST_TIME_FLOAT' => 1778919767.1146
    'REQUEST_TIME' => 1778919767
    'CRAFT_APP_ID' => 'CraftCMS--3933bc78-29f5-4b79-bcc5-c31faf0fcd20'
    'CRAFT_ENVIRONMENT' => 'dev'
    'ENVIRONMENT' => 'dev'
    'CRAFT_SECURITY_KEY' => '••••••••••••••••••••••••••••••••'
    'CP_TRIGGER' => 'dW2axQ3b'
    'CRAFT_DB_SCHEMA' => 'public'
    'CRAFT_DB_TABLE_PREFIX' => ''
    'DEV_MODE' => 'true'
    'ALLOW_ADMIN_CHANGES' => 'true'
    'DISALLOW_ROBOTS' => 'true'
    'TIMEZONE' => 'Europe/Zurich'
    'CAPTCHA_SITE_KEY' => '••••••••••••••••••••••••••••••••••••••••'
    'CAPTCHA_SECRET_KEY' => '••••••••••••••••••••••••••••••••••••••••'
    'WEB_URL' => 'https://derschmuckmacher-v3.ddev.site'
    'WEB_ROOT' => '/var/www/html/web'
    'ASSETS_BASE_URL' => 'https://derschmuckmacher-v3.ddev.site/public'
    'ASSETS_BASE_PATH' => '/var/www/html/web/public'
    'SCHMUCK_BASE_URL' => 'https://derschmuckmacher-v3.ddev.site/public/uploads/schmuck'
    'SCHMUCK_BASE_PATH' => '/var/www/html/web/public/uploads/schmuck'
    'BILDER_BASE_URL' => 'https://derschmuckmacher-v3.ddev.site/public/uploads/bilder'
    'BILDER_BASE_PATH' => '/var/www/html/web/public/uploads/bilder'
] {"environment":"dev","userId":1,"body":"{\"data\":\"7803b9421aaa65b1b256fb5619aaf0e807c46b175a36fad20985dbdbf1fb29d7{\\\"install\\\":{\\\"freeform\\\":\\\"^5.15.12\\\"},\\\"current\\\":{\\\"solspace\\\\\\/craft-freeform\\\":\\\"5.15.11\\\"},\\\"requirements\\\":{\\\"solspace\\\\\\/craft-freeform\\\":\\\"^5.15.12\\\"},\\\"reverted\\\":false,\\\"returnUrl\\\":\\\"utilities\\\\\\/updates\\\",\\\"postPrecheckState\\\":{\\\"nextAction\\\":\\\"composer-install\\\",\\\"status\\\":\\\"Composer-Abhängigkeiten werden aktualisiert (dies kann eine Minute dauern)...\\\"}}\"}"} 
2026-05-16 10:22:52 [web.INFO] [yii\db\Connection::open] Opening DB connection: mysql:host=db;dbname=db;port=3306 {"memory":2511040} 
2026-05-16 10:22:52 [web.INFO] [yii\web\Session::open] Session started {"memory":3780216} 
2026-05-16 10:22:52 [web.INFO] [nystudio107\codeeditor\CodeEditor::bootstrap] CodeEditor module bootstrapped {"memory":4002872} 
2026-05-16 10:22:52 [web.INFO] [adigital\cookieconsentbanner\CookieConsentBanner::init] Cookie Consent Banner plugin loaded {"memory":4616904} 
2026-05-16 10:22:52 [web.INFO] [miranj\obfuscator\Obfuscator::init] Obfuscator plugin loaded {"memory":9407424} 
2026-05-16 10:22:52 [web.INFO] [application] Request context:
$_GET = [
    'p' => 'dW2axQ3b/actions/updater/server-check'
    'v' => '1778919772192'
]

$_FILES = []

$_COOKIE = [
    'cookieconsent_status' => 'allow'
    'CRAFT_CSRF_TOKEN' => '••••••••••••••••••••••••••••••••••••••••••••••••••••••••••••••••••••••••••••••••••••••••••••••••••••••••••••••••••••••••••••••••••••••••••••••••••••••••••••••••••••••••••••••••••••••••••••••••••••••••••••••••••••••••••••••••••••••••••••••••••••••••••••••••••'
    'CraftSessionId' => '8m6eet0tlm9ao9brq6uoi3p8sq'
    'a8b7b1ec9ffb8baf2c6eaa253fe57112_username' => '26b9ec8568da68d3882e55afaa5d203483c6c5810ee05b5a55c8a0eb10cab93ea:2:{i:0;s:41:\"a8b7b1ec9ffb8baf2c6eaa253fe57112_username\";i:1;s:8:\"odegiuli\";}'
    'Craft-3626ffc1-d0a3-42e3-98aa-37e8aa759561_sidebar' => 'expanded'
    'a8b7b1ec9ffb8baf2c6eaa253fe57112_identity' => '014810335ee2fe011ef02c02b537a1ac7bf3cfa7f2f8fab42103f71f70525ae3a:2:{i:0;s:41:\"a8b7b1ec9ffb8baf2c6eaa253fe57112_identity\";i:1;s:159:\"[1,\"[\\\"W66KgiipJ2zO7LpsWJIt3v8lNdASO5VFU_NWJx8fvJypaXtu7Vb1Uyqznj6tW9NKQQKhWj7c7P7i3tDJATDmANWARJN_Io4GlsP0\\\",null,\\\"0ef01a0bceeac5b1d0a2b6557bd3d7b1\\\"]\",3600]\";}'
]

$_SESSION = [
    '22b6a59deafcfb2ffb13c3adf3d98a3b__flash' => []
    'a8b7b1ec9ffb8baf2c6eaa253fe57112__token' => '••••••••••••••••••••••••••••••••••••••••••••••••••••••••••••••••••••••••••••••••••••••••••••••••••••'
    'a8b7b1ec9ffb8baf2c6eaa253fe57112__id' => 1
    '__authKey' => '••••••••••••••••••••••••••••••••••••••••••••••••••••••••••••••••••••••••••••••••••••••••••••••••••••••••••••••••••••••••••••••••••••••••••••••••'
    'a8b7b1ec9ffb8baf2c6eaa253fe57112__expire' => 1778923372
    '__duration' => 3600
    '__elevated_timeout' => 1778920053
]

$_SERVER = [
    'DEPLOY_NAME' => 'local'
    'DDEV_WEBSERVER_TYPE' => 'nginx-fpm'
    'npm_config_cache' => '/mnt/ddev-global-cache/npm'
    'COREPACK_ENABLE_DOWNLOAD_PROMPT' => '0'
    'DDEV_GOOS' => 'darwin'
    'IS_DDEV_PROJECT' => 'true'
    'PHP_DEFAULT_VERSION' => '8.3'
    'HOSTNAME' => 'derschmuckmacher-v3-web'
    'MAILPIT_SMTP_PORT' => '1025'
    'MH_SMTP_BIND_ADDR' => '127.0.0.1:1025'
    'DDEV_PRIMARY_URL_WITHOUT_PORT' => 'https://derschmuckmacher-v3.ddev.site'
    'CRAFT_DB_PORT' => '3306'
    'DDEV_GID' => '20'
    'SSH_AUTH_SOCK' => '/home/.ssh-agent/socket'
    'NODE_EXTRA_CA_CERTS' => '/mnt/ddev-global-cache/mkcert/rootCA.pem'
    'DOCKER_IP' => '127.0.0.1'
    'PGPASSWORD' => 'db'
    'CRAFT_WEB_ROOT' => '/var/www/html/web'
    'DDEV_DOCROOT' => 'web'
    'PWD' => '/var/www/html'
    'PLATFORMSH_CLI_UPDATES_CHECK' => '0'
    'DDEV_APPROOT' => '/var/www/html'
    'DDEV_FILES_DIR' => ''
    'START_SCRIPT_TIMEOUT' => '57'
    'APACHE_SITE_TEMPLATE' => '/etc/apache2/apache-site.conf'
    'PHP_INI' => '/etc/php/8.3/fpm/php.ini'
    'DDEV_VERSION' => 'v1.24.10'
    'PRIMARY_SITE_URL' => 'https://derschmuckmacher-v3.ddev.site'
    'TZ' => 'Europe/Zurich'
    'DDEV_XHPROF_MODE' => 'prepend'
    'HTTPS_EXPOSE' => '443:80,8026:8025'
    'COREPACK_HOME' => '/mnt/ddev-global-cache/corepack'
    'CRAFT_DB_DATABASE' => 'db'
    'DDEV_PRIMARY_URL' => 'https://derschmuckmacher-v3.ddev.site'
    'LINES' => '6'
    'DDEV_SITENAME' => 'derschmuckmacher-v3'
    'HOME' => '/home/omar'
    'DRUSH_OPTIONS_URI' => 'https://derschmuckmacher-v3.ddev.site'
    'LANG' => 'C.UTF-8'
    'COLUMNS' => '371'
    'DDEV_MUTAGEN_ENABLED' => 'true'
    'DDEV_USER' => 'omar'
    'PGUSER' => 'db'
    'TERMINUS_CACHE_DIR' => '/mnt/ddev-global-cache/terminus/cache'
    'DDEV_PRIMARY_URL_PORT' => '443'
    'DDEV_ROUTER_HTTP_PORT' => '80'
    'MAILPIT_SMTP_HOSTNAME' => '127.0.0.1'
    'CRAFT_DB_DRIVER' => 'mysql'
    'COMPOSER_PROCESS_TIMEOUT' => '2000'
    'NGINX_SITE_TEMPLATE' => '/etc/nginx/nginx-site.conf'
    'DDEV_FILES_DIRS' => ''
    'CRAFT_DB_SERVER' => 'db'
    'HTTP_EXPOSE' => '80:80,8025:8025'
    'NVM_DIR' => '/home/omar/.nvm'
    'DDEV_PHP_VERSION' => '8.3'
    'DDEV_TLD' => 'ddev.site'
    'DDEV_HOSTNAME' => 'derschmuckmacher-v3.ddev.site'
    'DDEV_PROJECT' => 'derschmuckmacher-v3'
    'DDEV_GOARCH' => 'arm64'
    'VIRTUAL_HOST' => 'derschmuckmacher-v3.ddev.site'
    'TERM' => 'xterm'
    'USER' => 'omar'
    'MYSQL_HISTFILE' => '/mnt/ddev-global-cache/mysqlhistory/derschmuckmacher-v3-web/mysql_history'
    'DDEV_WEB_ENTRYPOINT' => '/mnt/ddev_config/web-entrypoint.d'
    'DDEV_UID' => '501'
    'CAROOT' => '/mnt/ddev-global-cache/mkcert'
    'SHLVL' => '1'
    'COMPOSER_ALLOW_SUPERUSER' => '1'
    'BASH_ENV' => '/etc/bash.nointeractive.bashrc'
    'DDEV_DATABASE' => 'mysql:8.0'
    'PGDATABASE' => 'db'
    'CRAFT_DB_USER' => 'db'
    'DDEV_SCHEME' => 'https'
    'XHPROF_OUTPUT_DIR' => '/tmp/xhprof'
    'COMPOSER_CACHE_DIR' => '/mnt/ddev-global-cache/composer'
    'DDEV_XDEBUG_ENABLED' => 'false'
    'DDEV_DATABASE_FAMILY' => 'mysql'
    'PGHOST' => 'db'
    'DDEV_COMPOSER_ROOT' => '/var/www/html'
    'CRAFT_DB_PASSWORD' => '••'
    'DOCROOT' => 'web'
    'TERMINUS_HIDE_UPDATE_MESSAGE' => '1'
    'PATH' => '/home/omar/bin:/var/www/html/vendor/bin:/usr/local/sbin:/usr/local/bin:/usr/sbin:/usr/bin:/sbin:/bin:/var/www/html/bin:/mnt/ddev-global-cache/global-commands/web'
    'HOST_DOCKER_INTERNAL_IP' => ''
    'DDEV_PROJECT_TYPE' => 'craftcms'
    'DEBIAN_FRONTEND' => 'noninteractive'
    'DDEV_ROUTER_HTTPS_PORT' => '443'
    'EXECIGNORE' => '/var/www/html/vendor/bin/composer'
    'SUPERVISOR_ENABLED' => '1'
    'SUPERVISOR_SERVER_URL' => 'unix:///var/run/supervisor.sock'
    'SUPERVISOR_PROCESS_NAME' => 'php-fpm'
    'SUPERVISOR_GROUP_NAME' => 'php-fpm'
    'HTTP_X_REQUESTED_WITH' => 'XMLHttpRequest'
    'HTTP_X_REGISTERED_JS_FILES' => ''
    'HTTP_X_REGISTERED_ASSET_BUNDLES' => 'b5058e7b,22e517a2,aee7f8dc,26c46c25,e505ffd6,6b4d7555,bb2f10a0,e5e48399,815d39ea,fc0bc163,1ccab40d,1e21896b,54698ee0,b842675b,1c3c9add,4b1fd285,d8d08e47,8f00ce04,8768f48b,cf3018d6,ec6d0256'
    'HTTP_X_REAL_IP' => '172.18.0.1'
    'HTTP_X_FORWARDED_SERVER' => '9d89c63e5d30'
    'HTTP_X_FORWARDED_PROTO' => 'https'
    'HTTP_X_FORWARDED_PORT' => '443'
    'HTTP_X_FORWARDED_HOST' => 'derschmuckmacher-v3.ddev.site'
    'HTTP_X_FORWARDED_FOR' => '172.18.0.1'
    'HTTP_X_CSRF_TOKEN' => '••••••••••••••••••••••••••••••••••••••••••••••••••••••••••••••••••••••••••••••••••••••••••••••••••••••••••••••••••••••••••••••••••••••••••••••••••••••••••••••••••••••••••••••••••••••••••••••••••••••••••••••••••••••••••••••••••••••••••••••••••••••••••••••••••••••••••••••••••••••••••••••••••••••••••••••••••••••••••••••••••••••••••••••••••••••••••••••••••••••••••••••••••••••••••••••••••••••••'
    'HTTP_TE' => 'trailers'
    'HTTP_SEC_GPC' => '1'
    'HTTP_SEC_FETCH_SITE' => 'same-origin'
    'HTTP_SEC_FETCH_MODE' => 'cors'
    'HTTP_SEC_FETCH_DEST' => 'empty'
    'HTTP_REFERER' => 'https://derschmuckmacher-v3.ddev.site/dW2axQ3b/utilities/updates'
    'HTTP_ORIGIN' => 'https://derschmuckmacher-v3.ddev.site'
    'HTTP_COOKIE' => 'cookieconsent_status=allow; CRAFT_CSRF_TOKEN=f52c2ad1562dd4eaea483aa259f3d9f40e937251911a1f388757fd23df670184a%3A2%3A%7Bi%3A0%3Bs%3A16%3A%22CRAFT_CSRF_TOKEN%22%3Bi%3A1%3Bs%3A147%3A%22oscGmXtgN7lH1IINFeBh9KwfL0sWDqIBBHQCFaaO%7Cb7905baa15fbf45e0730994dfb6501f9dd198752ca26e174cf5f6d5fd0c05b74oscGmXtgN7lH1IINFeBh9KwfL0sWDqIBBHQCFaaO%7C1%22%3B%7D; CraftSessionId=8m6eet0tlm9ao9brq6uoi3p8sq; a8b7b1ec9ffb8baf2c6eaa253fe57112_username=26b9ec8568da68d3882e55afaa5d203483c6c5810ee05b5a55c8a0eb10cab93ea%3A2%3A%7Bi%3A0%3Bs%3A41%3A%22a8b7b1ec9ffb8baf2c6eaa253fe57112_username%22%3Bi%3A1%3Bs%3A8%3A%22odegiuli%22%3B%7D; Craft-3626ffc1-d0a3-42e3-98aa-37e8aa759561_sidebar=expanded; a8b7b1ec9ffb8baf2c6eaa253fe57112_identity=014810335ee2fe011ef02c02b537a1ac7bf3cfa7f2f8fab42103f71f70525ae3a%3A2%3A%7Bi%3A0%3Bs%3A41%3A%22a8b7b1ec9ffb8baf2c6eaa253fe57112_identity%22%3Bi%3A1%3Bs%3A159%3A%22%5B1%2C%22%5B%5C%22W66KgiipJ2zO7LpsWJIt3v8lNdASO5VFU_NWJx8fvJypaXtu7Vb1Uyqznj6tW9NKQQKhWj7c7P7i3tDJATDmANWARJN_Io4GlsP0%5C%22%2Cnull%2C%5C%220ef01a0bceeac5b1d0a2b6557bd3d7b1%5C%22%5D%22%2C3600%5D%22%3B%7D'
    'HTTP_CONTENT_TYPE' => 'application/json'
    'HTTP_ACCEPT_LANGUAGE' => 'de,en-US;q=0.9,en;q=0.8'
    'HTTP_ACCEPT_ENCODING' => 'gzip, deflate, br, zstd'
    'HTTP_ACCEPT' => 'application/json, text/plain, */*'
    'HTTP_CONTENT_LENGTH' => '445'
    'HTTP_USER_AGENT' => 'Mozilla/5.0 (Macintosh; Intel Mac OS X 10.15; rv:150.0) Gecko/20100101 Firefox/150.0'
    'HTTP_HOST' => 'derschmuckmacher-v3.ddev.site'
    'HTTPS' => 'on'
    'REDIRECT_STATUS' => '200'
    'SERVER_NAME' => 'derschmuckmacher-v3.ddev.site'
    'SERVER_PORT' => '80'
    'SERVER_ADDR' => '172.18.0.4'
    'REMOTE_PORT' => '42296'
    'REMOTE_ADDR' => '172.18.0.5'
    'SERVER_SOFTWARE' => 'nginx/1.28.0'
    'GATEWAY_INTERFACE' => 'CGI/1.1'
    'REQUEST_SCHEME' => 'http'
    'SERVER_PROTOCOL' => 'HTTP/1.1'
    'DOCUMENT_ROOT' => '/var/www/html/web'
    'DOCUMENT_URI' => '/index.php'
    'REQUEST_URI' => '/index.php?p=dW2axQ3b%2Factions%2Fupdater%2Fserver-check&v=1778919772192'
    'CONTENT_LENGTH' => '445'
    'CONTENT_TYPE' => 'application/json'
    'REQUEST_METHOD' => 'POST'
    'QUERY_STRING' => 'p=dW2axQ3b%2Factions%2Fupdater%2Fserver-check&v=1778919772192'
    'SCRIPT_NAME' => '/index.php'
    'SCRIPT_FILENAME' => '/var/www/html/web/index.php'
    'FCGI_ROLE' => 'RESPONDER'
    'PHP_SELF' => '/index.php'
    'REQUEST_TIME_FLOAT' => 1778919772.1979
    'REQUEST_TIME' => 1778919772
    'CRAFT_APP_ID' => 'CraftCMS--3933bc78-29f5-4b79-bcc5-c31faf0fcd20'
    'CRAFT_ENVIRONMENT' => 'dev'
    'ENVIRONMENT' => 'dev'
    'CRAFT_SECURITY_KEY' => '••••••••••••••••••••••••••••••••'
    'CP_TRIGGER' => 'dW2axQ3b'
    'CRAFT_DB_SCHEMA' => 'public'
    'CRAFT_DB_TABLE_PREFIX' => ''
    'DEV_MODE' => 'true'
    'ALLOW_ADMIN_CHANGES' => 'true'
    'DISALLOW_ROBOTS' => 'true'
    'TIMEZONE' => 'Europe/Zurich'
    'CAPTCHA_SITE_KEY' => '••••••••••••••••••••••••••••••••••••••••'
    'CAPTCHA_SECRET_KEY' => '••••••••••••••••••••••••••••••••••••••••'
    'WEB_URL' => 'https://derschmuckmacher-v3.ddev.site'
    'WEB_ROOT' => '/var/www/html/web'
    'ASSETS_BASE_URL' => 'https://derschmuckmacher-v3.ddev.site/public'
    'ASSETS_BASE_PATH' => '/var/www/html/web/public'
    'SCHMUCK_BASE_URL' => 'https://derschmuckmacher-v3.ddev.site/public/uploads/schmuck'
    'SCHMUCK_BASE_PATH' => '/var/www/html/web/public/uploads/schmuck'
    'BILDER_BASE_URL' => 'https://derschmuckmacher-v3.ddev.site/public/uploads/bilder'
    'BILDER_BASE_PATH' => '/var/www/html/web/public/uploads/bilder'
] {"environment":"dev","userId":1,"body":"{\"data\":\"7803b9421aaa65b1b256fb5619aaf0e807c46b175a36fad20985dbdbf1fb29d7{\\\"install\\\":{\\\"freeform\\\":\\\"^5.15.12\\\"},\\\"current\\\":{\\\"solspace\\\\\\/craft-freeform\\\":\\\"5.15.11\\\"},\\\"requirements\\\":{\\\"solspace\\\\\\/craft-freeform\\\":\\\"^5.15.12\\\"},\\\"reverted\\\":false,\\\"returnUrl\\\":\\\"utilities\\\\\\/updates\\\",\\\"postPrecheckState\\\":{\\\"nextAction\\\":\\\"composer-install\\\",\\\"status\\\":\\\"Composer-Abhängigkeiten werden aktualisiert (dies kann eine Minute dauern)...\\\"}}\"}"} 
2026-05-16 10:22:53 [web.INFO] [yii\db\Connection::open] Opening DB connection: mysql:host=db;dbname=db;port=3306 {"memory":1097432} 
2026-05-16 10:22:53 [web.INFO] [yii\web\Session::open] Session started {"memory":1544688} 
2026-05-16 10:22:53 [web.INFO] [nystudio107\codeeditor\CodeEditor::bootstrap] CodeEditor module bootstrapped {"memory":1569024} 
2026-05-16 10:22:53 [web.INFO] [adigital\cookieconsentbanner\CookieConsentBanner::init] Cookie Consent Banner plugin loaded {"memory":1783928} 
2026-05-16 10:22:53 [web.INFO] [miranj\obfuscator\Obfuscator::init] Obfuscator plugin loaded {"memory":2758152} 
2026-05-16 10:22:53 [web.INFO] [application] Request context:
$_GET = []

$_POST = []

$_FILES = []

$_COOKIE = [
    'cookieconsent_status' => 'allow'
    'CRAFT_CSRF_TOKEN' => '••••••••••••••••••••••••••••••••••••••••••••••••••••••••••••••••••••••••••••••••••••••••••••••••••••••••••••••••••••••••••••••••••••••••••••••••••••••••••••••••••••••••••••••••••••••••••••••••••••••••••••••••••••••••••••••••••••••••••••••••••••••••••••••••••'
    'CraftSessionId' => '8m6eet0tlm9ao9brq6uoi3p8sq'
    'a8b7b1ec9ffb8baf2c6eaa253fe57112_username' => '26b9ec8568da68d3882e55afaa5d203483c6c5810ee05b5a55c8a0eb10cab93ea:2:{i:0;s:41:\"a8b7b1ec9ffb8baf2c6eaa253fe57112_username\";i:1;s:8:\"odegiuli\";}'
    'Craft-3626ffc1-d0a3-42e3-98aa-37e8aa759561_sidebar' => 'expanded'
    'a8b7b1ec9ffb8baf2c6eaa253fe57112_identity' => '014810335ee2fe011ef02c02b537a1ac7bf3cfa7f2f8fab42103f71f70525ae3a:2:{i:0;s:41:\"a8b7b1ec9ffb8baf2c6eaa253fe57112_identity\";i:1;s:159:\"[1,\"[\\\"W66KgiipJ2zO7LpsWJIt3v8lNdASO5VFU_NWJx8fvJypaXtu7Vb1Uyqznj6tW9NKQQKhWj7c7P7i3tDJATDmANWARJN_Io4GlsP0\\\",null,\\\"0ef01a0bceeac5b1d0a2b6557bd3d7b1\\\"]\",3600]\";}'
]

$_SESSION = [
    '22b6a59deafcfb2ffb13c3adf3d98a3b__flash' => []
    'a8b7b1ec9ffb8baf2c6eaa253fe57112__token' => '••••••••••••••••••••••••••••••••••••••••••••••••••••••••••••••••••••••••••••••••••••••••••••••••••••'
    'a8b7b1ec9ffb8baf2c6eaa253fe57112__id' => 1
    '__authKey' => '••••••••••••••••••••••••••••••••••••••••••••••••••••••••••••••••••••••••••••••••••••••••••••••••••••••••••••••••••••••••••••••••••••••••••••••••'
    'a8b7b1ec9ffb8baf2c6eaa253fe57112__expire' => 1778923373
    '__duration' => 3600
    '__elevated_timeout' => 1778920053
]

$_SERVER = [
    'DEPLOY_NAME' => 'local'
    'DDEV_WEBSERVER_TYPE' => 'nginx-fpm'
    'npm_config_cache' => '/mnt/ddev-global-cache/npm'
    'COREPACK_ENABLE_DOWNLOAD_PROMPT' => '0'
    'DDEV_GOOS' => 'darwin'
    'IS_DDEV_PROJECT' => 'true'
    'PHP_DEFAULT_VERSION' => '8.3'
    'HOSTNAME' => 'derschmuckmacher-v3-web'
    'MAILPIT_SMTP_PORT' => '1025'
    'MH_SMTP_BIND_ADDR' => '127.0.0.1:1025'
    'DDEV_PRIMARY_URL_WITHOUT_PORT' => 'https://derschmuckmacher-v3.ddev.site'
    'CRAFT_DB_PORT' => '3306'
    'DDEV_GID' => '20'
    'SSH_AUTH_SOCK' => '/home/.ssh-agent/socket'
    'NODE_EXTRA_CA_CERTS' => '/mnt/ddev-global-cache/mkcert/rootCA.pem'
    'DOCKER_IP' => '127.0.0.1'
    'PGPASSWORD' => 'db'
    'CRAFT_WEB_ROOT' => '/var/www/html/web'
    'DDEV_DOCROOT' => 'web'
    'PWD' => '/var/www/html'
    'PLATFORMSH_CLI_UPDATES_CHECK' => '0'
    'DDEV_APPROOT' => '/var/www/html'
    'DDEV_FILES_DIR' => ''
    'START_SCRIPT_TIMEOUT' => '57'
    'APACHE_SITE_TEMPLATE' => '/etc/apache2/apache-site.conf'
    'PHP_INI' => '/etc/php/8.3/fpm/php.ini'
    'DDEV_VERSION' => 'v1.24.10'
    'PRIMARY_SITE_URL' => 'https://derschmuckmacher-v3.ddev.site'
    'TZ' => 'Europe/Zurich'
    'DDEV_XHPROF_MODE' => 'prepend'
    'HTTPS_EXPOSE' => '443:80,8026:8025'
    'COREPACK_HOME' => '/mnt/ddev-global-cache/corepack'
    'CRAFT_DB_DATABASE' => 'db'
    'DDEV_PRIMARY_URL' => 'https://derschmuckmacher-v3.ddev.site'
    'LINES' => '6'
    'DDEV_SITENAME' => 'derschmuckmacher-v3'
    'HOME' => '/home/omar'
    'DRUSH_OPTIONS_URI' => 'https://derschmuckmacher-v3.ddev.site'
    'LANG' => 'C.UTF-8'
    'COLUMNS' => '371'
    'DDEV_MUTAGEN_ENABLED' => 'true'
    'DDEV_USER' => 'omar'
    'PGUSER' => 'db'
    'TERMINUS_CACHE_DIR' => '/mnt/ddev-global-cache/terminus/cache'
    'DDEV_PRIMARY_URL_PORT' => '443'
    'DDEV_ROUTER_HTTP_PORT' => '80'
    'MAILPIT_SMTP_HOSTNAME' => '127.0.0.1'
    'CRAFT_DB_DRIVER' => 'mysql'
    'COMPOSER_PROCESS_TIMEOUT' => '2000'
    'NGINX_SITE_TEMPLATE' => '/etc/nginx/nginx-site.conf'
    'DDEV_FILES_DIRS' => ''
    'CRAFT_DB_SERVER' => 'db'
    'HTTP_EXPOSE' => '80:80,8025:8025'
    'NVM_DIR' => '/home/omar/.nvm'
    'DDEV_PHP_VERSION' => '8.3'
    'DDEV_TLD' => 'ddev.site'
    'DDEV_HOSTNAME' => 'derschmuckmacher-v3.ddev.site'
    'DDEV_PROJECT' => 'derschmuckmacher-v3'
    'DDEV_GOARCH' => 'arm64'
    'VIRTUAL_HOST' => 'derschmuckmacher-v3.ddev.site'
    'TERM' => 'xterm'
    'USER' => 'omar'
    'MYSQL_HISTFILE' => '/mnt/ddev-global-cache/mysqlhistory/derschmuckmacher-v3-web/mysql_history'
    'DDEV_WEB_ENTRYPOINT' => '/mnt/ddev_config/web-entrypoint.d'
    'DDEV_UID' => '501'
    'CAROOT' => '/mnt/ddev-global-cache/mkcert'
    'SHLVL' => '1'
    'COMPOSER_ALLOW_SUPERUSER' => '1'
    'BASH_ENV' => '/etc/bash.nointeractive.bashrc'
    'DDEV_DATABASE' => 'mysql:8.0'
    'PGDATABASE' => 'db'
    'CRAFT_DB_USER' => 'db'
    'DDEV_SCHEME' => 'https'
    'XHPROF_OUTPUT_DIR' => '/tmp/xhprof'
    'COMPOSER_CACHE_DIR' => '/mnt/ddev-global-cache/composer'
    'DDEV_XDEBUG_ENABLED' => 'false'
    'DDEV_DATABASE_FAMILY' => 'mysql'
    'PGHOST' => 'db'
    'DDEV_COMPOSER_ROOT' => '/var/www/html'
    'CRAFT_DB_PASSWORD' => '••'
    'DOCROOT' => 'web'
    'TERMINUS_HIDE_UPDATE_MESSAGE' => '1'
    'PATH' => '/home/omar/bin:/var/www/html/vendor/bin:/usr/local/sbin:/usr/local/bin:/usr/sbin:/usr/bin:/sbin:/bin:/var/www/html/bin:/mnt/ddev-global-cache/global-commands/web'
    'HOST_DOCKER_INTERNAL_IP' => ''
    'DDEV_PROJECT_TYPE' => 'craftcms'
    'DEBIAN_FRONTEND' => 'noninteractive'
    'DDEV_ROUTER_HTTPS_PORT' => '443'
    'EXECIGNORE' => '/var/www/html/vendor/bin/composer'
    'SUPERVISOR_ENABLED' => '1'
    'SUPERVISOR_SERVER_URL' => 'unix:///var/run/supervisor.sock'
    'SUPERVISOR_PROCESS_NAME' => 'php-fpm'
    'SUPERVISOR_GROUP_NAME' => 'php-fpm'
    'HTTP_X_REAL_IP' => '172.18.0.1'
    'HTTP_X_FORWARDED_SERVER' => '9d89c63e5d30'
    'HTTP_X_FORWARDED_PROTO' => 'https'
    'HTTP_X_FORWARDED_PORT' => '443'
    'HTTP_X_FORWARDED_HOST' => 'derschmuckmacher-v3.ddev.site'
    'HTTP_X_FORWARDED_FOR' => '172.18.0.1'
    'HTTP_UPGRADE_INSECURE_REQUESTS' => '1'
    'HTTP_TE' => 'trailers'
    'HTTP_SEC_GPC' => '1'
    'HTTP_SEC_FETCH_SITE' => 'same-origin'
    'HTTP_SEC_FETCH_MODE' => 'navigate'
    'HTTP_SEC_FETCH_DEST' => 'document'
    'HTTP_REFERER' => 'https://derschmuckmacher-v3.ddev.site/dW2axQ3b/utilities/updates'
    'HTTP_PRIORITY' => 'u=0, i'
    'HTTP_COOKIE' => 'cookieconsent_status=allow; CRAFT_CSRF_TOKEN=f52c2ad1562dd4eaea483aa259f3d9f40e937251911a1f388757fd23df670184a%3A2%3A%7Bi%3A0%3Bs%3A16%3A%22CRAFT_CSRF_TOKEN%22%3Bi%3A1%3Bs%3A147%3A%22oscGmXtgN7lH1IINFeBh9KwfL0sWDqIBBHQCFaaO%7Cb7905baa15fbf45e0730994dfb6501f9dd198752ca26e174cf5f6d5fd0c05b74oscGmXtgN7lH1IINFeBh9KwfL0sWDqIBBHQCFaaO%7C1%22%3B%7D; CraftSessionId=8m6eet0tlm9ao9brq6uoi3p8sq; a8b7b1ec9ffb8baf2c6eaa253fe57112_username=26b9ec8568da68d3882e55afaa5d203483c6c5810ee05b5a55c8a0eb10cab93ea%3A2%3A%7Bi%3A0%3Bs%3A41%3A%22a8b7b1ec9ffb8baf2c6eaa253fe57112_username%22%3Bi%3A1%3Bs%3A8%3A%22odegiuli%22%3B%7D; Craft-3626ffc1-d0a3-42e3-98aa-37e8aa759561_sidebar=expanded; a8b7b1ec9ffb8baf2c6eaa253fe57112_identity=014810335ee2fe011ef02c02b537a1ac7bf3cfa7f2f8fab42103f71f70525ae3a%3A2%3A%7Bi%3A0%3Bs%3A41%3A%22a8b7b1ec9ffb8baf2c6eaa253fe57112_identity%22%3Bi%3A1%3Bs%3A159%3A%22%5B1%2C%22%5B%5C%22W66KgiipJ2zO7LpsWJIt3v8lNdASO5VFU_NWJx8fvJypaXtu7Vb1Uyqznj6tW9NKQQKhWj7c7P7i3tDJATDmANWARJN_Io4GlsP0%5C%22%2Cnull%2C%5C%220ef01a0bceeac5b1d0a2b6557bd3d7b1%5C%22%5D%22%2C3600%5D%22%3B%7D'
    'HTTP_ACCEPT_LANGUAGE' => 'de,en-US;q=0.9,en;q=0.8'
    'HTTP_ACCEPT_ENCODING' => 'gzip, deflate, br, zstd'
    'HTTP_ACCEPT' => 'text/html,application/xhtml+xml,application/xml;q=0.9,*/*;q=0.8'
    'HTTP_USER_AGENT' => 'Mozilla/5.0 (Macintosh; Intel Mac OS X 10.15; rv:150.0) Gecko/20100101 Firefox/150.0'
    'HTTP_HOST' => 'derschmuckmacher-v3.ddev.site'
    'HTTPS' => 'on'
    'REDIRECT_STATUS' => '200'
    'SERVER_NAME' => 'derschmuckmacher-v3.ddev.site'
    'SERVER_PORT' => '80'
    'SERVER_ADDR' => '172.18.0.4'
    'REMOTE_PORT' => '42296'
    'REMOTE_ADDR' => '172.18.0.5'
    'SERVER_SOFTWARE' => 'nginx/1.28.0'
    'GATEWAY_INTERFACE' => 'CGI/1.1'
    'REQUEST_SCHEME' => 'http'
    'SERVER_PROTOCOL' => 'HTTP/1.1'
    'DOCUMENT_ROOT' => '/var/www/html/web'
    'DOCUMENT_URI' => '/index.php'
    'REQUEST_URI' => '/dW2axQ3b/utilities/updates'
    'CONTENT_LENGTH' => ''
    'CONTENT_TYPE' => ''
    'REQUEST_METHOD' => 'GET'
    'QUERY_STRING' => ''
    'SCRIPT_NAME' => '/index.php'
    'SCRIPT_FILENAME' => '/var/www/html/web/index.php'
    'FCGI_ROLE' => 'RESPONDER'
    'PHP_SELF' => '/index.php'
    'REQUEST_TIME_FLOAT' => 1778919773.2105
    'REQUEST_TIME' => 1778919773
    'CRAFT_APP_ID' => 'CraftCMS--3933bc78-29f5-4b79-bcc5-c31faf0fcd20'
    'CRAFT_ENVIRONMENT' => 'dev'
    'ENVIRONMENT' => 'dev'
    'CRAFT_SECURITY_KEY' => '••••••••••••••••••••••••••••••••'
    'CP_TRIGGER' => 'dW2axQ3b'
    'CRAFT_DB_SCHEMA' => 'public'
    'CRAFT_DB_TABLE_PREFIX' => ''
    'DEV_MODE' => 'true'
    'ALLOW_ADMIN_CHANGES' => 'true'
    'DISALLOW_ROBOTS' => 'true'
    'TIMEZONE' => 'Europe/Zurich'
    'CAPTCHA_SITE_KEY' => '••••••••••••••••••••••••••••••••••••••••'
    'CAPTCHA_SECRET_KEY' => '••••••••••••••••••••••••••••••••••••••••'
    'WEB_URL' => 'https://derschmuckmacher-v3.ddev.site'
    'WEB_ROOT' => '/var/www/html/web'
    'ASSETS_BASE_URL' => 'https://derschmuckmacher-v3.ddev.site/public'
    'ASSETS_BASE_PATH' => '/var/www/html/web/public'
    'SCHMUCK_BASE_URL' => 'https://derschmuckmacher-v3.ddev.site/public/uploads/schmuck'
    'SCHMUCK_BASE_PATH' => '/var/www/html/web/public/uploads/schmuck'
    'BILDER_BASE_URL' => 'https://derschmuckmacher-v3.ddev.site/public/uploads/bilder'
    'BILDER_BASE_PATH' => '/var/www/html/web/public/uploads/bilder'
] {"environment":"dev","userId":1} 
2026-05-16 10:22:53 [web.INFO] [yii\db\Connection::open] Opening DB connection: mysql:host=db;dbname=db;port=3306 {"memory":1101120} 
2026-05-16 10:22:53 [web.INFO] [yii\web\Session::open] Session started {"memory":1526176} 
2026-05-16 10:22:53 [web.INFO] [nystudio107\codeeditor\CodeEditor::bootstrap] CodeEditor module bootstrapped {"memory":1550512} 
2026-05-16 10:22:53 [web.INFO] [adigital\cookieconsentbanner\CookieConsentBanner::init] Cookie Consent Banner plugin loaded {"memory":1767640} 
2026-05-16 10:22:53 [web.INFO] [miranj\obfuscator\Obfuscator::init] Obfuscator plugin loaded {"memory":2729472} 
2026-05-16 10:22:53 [web.INFO] [application] Request context:
$_GET = [
    'p' => 'dW2axQ3b/actions/app/api-headers'
    'v' => '1778919773529'
]

$_POST = []

$_FILES = []

$_COOKIE = [
    'cookieconsent_status' => 'allow'
    'CRAFT_CSRF_TOKEN' => '••••••••••••••••••••••••••••••••••••••••••••••••••••••••••••••••••••••••••••••••••••••••••••••••••••••••••••••••••••••••••••••••••••••••••••••••••••••••••••••••••••••••••••••••••••••••••••••••••••••••••••••••••••••••••••••••••••••••••••••••••••••••••••••••••'
    'CraftSessionId' => '8m6eet0tlm9ao9brq6uoi3p8sq'
    'a8b7b1ec9ffb8baf2c6eaa253fe57112_username' => '26b9ec8568da68d3882e55afaa5d203483c6c5810ee05b5a55c8a0eb10cab93ea:2:{i:0;s:41:\"a8b7b1ec9ffb8baf2c6eaa253fe57112_username\";i:1;s:8:\"odegiuli\";}'
    'Craft-3626ffc1-d0a3-42e3-98aa-37e8aa759561_sidebar' => 'expanded'
    'a8b7b1ec9ffb8baf2c6eaa253fe57112_identity' => '014810335ee2fe011ef02c02b537a1ac7bf3cfa7f2f8fab42103f71f70525ae3a:2:{i:0;s:41:\"a8b7b1ec9ffb8baf2c6eaa253fe57112_identity\";i:1;s:159:\"[1,\"[\\\"W66KgiipJ2zO7LpsWJIt3v8lNdASO5VFU_NWJx8fvJypaXtu7Vb1Uyqznj6tW9NKQQKhWj7c7P7i3tDJATDmANWARJN_Io4GlsP0\\\",null,\\\"0ef01a0bceeac5b1d0a2b6557bd3d7b1\\\"]\",3600]\";}'
]

$_SESSION = [
    '22b6a59deafcfb2ffb13c3adf3d98a3b__flash' => []
    'a8b7b1ec9ffb8baf2c6eaa253fe57112__token' => '••••••••••••••••••••••••••••••••••••••••••••••••••••••••••••••••••••••••••••••••••••••••••••••••••••'
    'a8b7b1ec9ffb8baf2c6eaa253fe57112__id' => 1
    '__authKey' => '••••••••••••••••••••••••••••••••••••••••••••••••••••••••••••••••••••••••••••••••••••••••••••••••••••••••••••••••••••••••••••••••••••••••••••••••'
    'a8b7b1ec9ffb8baf2c6eaa253fe57112__expire' => 1778923373
    '__duration' => 3600
    '__elevated_timeout' => 1778920053
]

$_SERVER = [
    'DEPLOY_NAME' => 'local'
    'DDEV_WEBSERVER_TYPE' => 'nginx-fpm'
    'npm_config_cache' => '/mnt/ddev-global-cache/npm'
    'COREPACK_ENABLE_DOWNLOAD_PROMPT' => '0'
    'DDEV_GOOS' => 'darwin'
    'IS_DDEV_PROJECT' => 'true'
    'PHP_DEFAULT_VERSION' => '8.3'
    'HOSTNAME' => 'derschmuckmacher-v3-web'
    'MAILPIT_SMTP_PORT' => '1025'
    'MH_SMTP_BIND_ADDR' => '127.0.0.1:1025'
    'DDEV_PRIMARY_URL_WITHOUT_PORT' => 'https://derschmuckmacher-v3.ddev.site'
    'CRAFT_DB_PORT' => '3306'
    'DDEV_GID' => '20'
    'SSH_AUTH_SOCK' => '/home/.ssh-agent/socket'
    'NODE_EXTRA_CA_CERTS' => '/mnt/ddev-global-cache/mkcert/rootCA.pem'
    'DOCKER_IP' => '127.0.0.1'
    'PGPASSWORD' => 'db'
    'CRAFT_WEB_ROOT' => '/var/www/html/web'
    'DDEV_DOCROOT' => 'web'
    'PWD' => '/var/www/html'
    'PLATFORMSH_CLI_UPDATES_CHECK' => '0'
    'DDEV_APPROOT' => '/var/www/html'
    'DDEV_FILES_DIR' => ''
    'START_SCRIPT_TIMEOUT' => '57'
    'APACHE_SITE_TEMPLATE' => '/etc/apache2/apache-site.conf'
    'PHP_INI' => '/etc/php/8.3/fpm/php.ini'
    'DDEV_VERSION' => 'v1.24.10'
    'PRIMARY_SITE_URL' => 'https://derschmuckmacher-v3.ddev.site'
    'TZ' => 'Europe/Zurich'
    'DDEV_XHPROF_MODE' => 'prepend'
    'HTTPS_EXPOSE' => '443:80,8026:8025'
    'COREPACK_HOME' => '/mnt/ddev-global-cache/corepack'
    'CRAFT_DB_DATABASE' => 'db'
    'DDEV_PRIMARY_URL' => 'https://derschmuckmacher-v3.ddev.site'
    'LINES' => '6'
    'DDEV_SITENAME' => 'derschmuckmacher-v3'
    'HOME' => '/home/omar'
    'DRUSH_OPTIONS_URI' => 'https://derschmuckmacher-v3.ddev.site'
    'LANG' => 'C.UTF-8'
    'COLUMNS' => '371'
    'DDEV_MUTAGEN_ENABLED' => 'true'
    'DDEV_USER' => 'omar'
    'PGUSER' => 'db'
    'TERMINUS_CACHE_DIR' => '/mnt/ddev-global-cache/terminus/cache'
    'DDEV_PRIMARY_URL_PORT' => '443'
    'DDEV_ROUTER_HTTP_PORT' => '80'
    'MAILPIT_SMTP_HOSTNAME' => '127.0.0.1'
    'CRAFT_DB_DRIVER' => 'mysql'
    'COMPOSER_PROCESS_TIMEOUT' => '2000'
    'NGINX_SITE_TEMPLATE' => '/etc/nginx/nginx-site.conf'
    'DDEV_FILES_DIRS' => ''
    'CRAFT_DB_SERVER' => 'db'
    'HTTP_EXPOSE' => '80:80,8025:8025'
    'NVM_DIR' => '/home/omar/.nvm'
    'DDEV_PHP_VERSION' => '8.3'
    'DDEV_TLD' => 'ddev.site'
    'DDEV_HOSTNAME' => 'derschmuckmacher-v3.ddev.site'
    'DDEV_PROJECT' => 'derschmuckmacher-v3'
    'DDEV_GOARCH' => 'arm64'
    'VIRTUAL_HOST' => 'derschmuckmacher-v3.ddev.site'
    'TERM' => 'xterm'
    'USER' => 'omar'
    'MYSQL_HISTFILE' => '/mnt/ddev-global-cache/mysqlhistory/derschmuckmacher-v3-web/mysql_history'
    'DDEV_WEB_ENTRYPOINT' => '/mnt/ddev_config/web-entrypoint.d'
    'DDEV_UID' => '501'
    'CAROOT' => '/mnt/ddev-global-cache/mkcert'
    'SHLVL' => '1'
    'COMPOSER_ALLOW_SUPERUSER' => '1'
    'BASH_ENV' => '/etc/bash.nointeractive.bashrc'
    'DDEV_DATABASE' => 'mysql:8.0'
    'PGDATABASE' => 'db'
    'CRAFT_DB_USER' => 'db'
    'DDEV_SCHEME' => 'https'
    'XHPROF_OUTPUT_DIR' => '/tmp/xhprof'
    'COMPOSER_CACHE_DIR' => '/mnt/ddev-global-cache/composer'
    'DDEV_XDEBUG_ENABLED' => 'false'
    'DDEV_DATABASE_FAMILY' => 'mysql'
    'PGHOST' => 'db'
    'DDEV_COMPOSER_ROOT' => '/var/www/html'
    'CRAFT_DB_PASSWORD' => '••'
    'DOCROOT' => 'web'
    'TERMINUS_HIDE_UPDATE_MESSAGE' => '1'
    'PATH' => '/home/omar/bin:/var/www/html/vendor/bin:/usr/local/sbin:/usr/local/bin:/usr/sbin:/usr/bin:/sbin:/bin:/var/www/html/bin:/mnt/ddev-global-cache/global-commands/web'
    'HOST_DOCKER_INTERNAL_IP' => ''
    'DDEV_PROJECT_TYPE' => 'craftcms'
    'DEBIAN_FRONTEND' => 'noninteractive'
    'DDEV_ROUTER_HTTPS_PORT' => '443'
    'EXECIGNORE' => '/var/www/html/vendor/bin/composer'
    'SUPERVISOR_ENABLED' => '1'
    'SUPERVISOR_SERVER_URL' => 'unix:///var/run/supervisor.sock'
    'SUPERVISOR_PROCESS_NAME' => 'php-fpm'
    'SUPERVISOR_GROUP_NAME' => 'php-fpm'
    'HTTP_X_REQUESTED_WITH' => 'XMLHttpRequest'
    'HTTP_X_REGISTERED_JS_FILES' => ''
    'HTTP_X_REGISTERED_ASSET_BUNDLES' => '82742c9d,22e517a2,aee7f8dc,26c46c25,e505ffd6,6b4d7555,bb2f10a0,e5e48399,815d39ea,fc0bc163,1ccab40d,1e21896b,54698ee0,b842675b,1c3c9add,4b1fd285,d8d08e47,8f00ce04,8768f48b,cf3018d6,ec6d0256,e356bca8'
    'HTTP_X_REAL_IP' => '172.18.0.1'
    'HTTP_X_FORWARDED_SERVER' => '9d89c63e5d30'
    'HTTP_X_FORWARDED_PROTO' => 'https'
    'HTTP_X_FORWARDED_PORT' => '443'
    'HTTP_X_FORWARDED_HOST' => 'derschmuckmacher-v3.ddev.site'
    'HTTP_X_FORWARDED_FOR' => '172.18.0.1'
    'HTTP_X_CSRF_TOKEN' => '••••••••••••••••••••••••••••••••••••••••••••••••••••••••••••••••••••••••••••••••••••••••••••••••••••••••••••••••••••••••••••••••••••••••••••••••••••••••••••••••••••••••••••••••••••••••••••••••••••••••••••••••••••••••••••••••••••••••••••••••••••••••••••••••••••••••••••••••••••••••••••••••••••••••••••••••••••••••••••••••••••••••••••••••••••••••••••••••••••••••••••••••••••••••••••••••••••••••'
    'HTTP_TE' => 'trailers'
    'HTTP_SEC_GPC' => '1'
    'HTTP_SEC_FETCH_SITE' => 'same-origin'
    'HTTP_SEC_FETCH_MODE' => 'cors'
    'HTTP_SEC_FETCH_DEST' => 'empty'
    'HTTP_REFERER' => 'https://derschmuckmacher-v3.ddev.site/dW2axQ3b/utilities/updates'
    'HTTP_ORIGIN' => 'https://derschmuckmacher-v3.ddev.site'
    'HTTP_COOKIE' => 'cookieconsent_status=allow; CRAFT_CSRF_TOKEN=f52c2ad1562dd4eaea483aa259f3d9f40e937251911a1f388757fd23df670184a%3A2%3A%7Bi%3A0%3Bs%3A16%3A%22CRAFT_CSRF_TOKEN%22%3Bi%3A1%3Bs%3A147%3A%22oscGmXtgN7lH1IINFeBh9KwfL0sWDqIBBHQCFaaO%7Cb7905baa15fbf45e0730994dfb6501f9dd198752ca26e174cf5f6d5fd0c05b74oscGmXtgN7lH1IINFeBh9KwfL0sWDqIBBHQCFaaO%7C1%22%3B%7D; CraftSessionId=8m6eet0tlm9ao9brq6uoi3p8sq; a8b7b1ec9ffb8baf2c6eaa253fe57112_username=26b9ec8568da68d3882e55afaa5d203483c6c5810ee05b5a55c8a0eb10cab93ea%3A2%3A%7Bi%3A0%3Bs%3A41%3A%22a8b7b1ec9ffb8baf2c6eaa253fe57112_username%22%3Bi%3A1%3Bs%3A8%3A%22odegiuli%22%3B%7D; Craft-3626ffc1-d0a3-42e3-98aa-37e8aa759561_sidebar=expanded; a8b7b1ec9ffb8baf2c6eaa253fe57112_identity=014810335ee2fe011ef02c02b537a1ac7bf3cfa7f2f8fab42103f71f70525ae3a%3A2%3A%7Bi%3A0%3Bs%3A41%3A%22a8b7b1ec9ffb8baf2c6eaa253fe57112_identity%22%3Bi%3A1%3Bs%3A159%3A%22%5B1%2C%22%5B%5C%22W66KgiipJ2zO7LpsWJIt3v8lNdASO5VFU_NWJx8fvJypaXtu7Vb1Uyqznj6tW9NKQQKhWj7c7P7i3tDJATDmANWARJN_Io4GlsP0%5C%22%2Cnull%2C%5C%220ef01a0bceeac5b1d0a2b6557bd3d7b1%5C%22%5D%22%2C3600%5D%22%3B%7D'
    'HTTP_ACCEPT_LANGUAGE' => 'de,en-US;q=0.9,en;q=0.8'
    'HTTP_ACCEPT_ENCODING' => 'gzip, deflate, br, zstd'
    'HTTP_ACCEPT' => 'application/json, text/plain, */*'
    'HTTP_CONTENT_LENGTH' => '0'
    'HTTP_USER_AGENT' => 'Mozilla/5.0 (Macintosh; Intel Mac OS X 10.15; rv:150.0) Gecko/20100101 Firefox/150.0'
    'HTTP_HOST' => 'derschmuckmacher-v3.ddev.site'
    'HTTPS' => 'on'
    'REDIRECT_STATUS' => '200'
    'SERVER_NAME' => 'derschmuckmacher-v3.ddev.site'
    'SERVER_PORT' => '80'
    'SERVER_ADDR' => '172.18.0.4'
    'REMOTE_PORT' => '42304'
    'REMOTE_ADDR' => '172.18.0.5'
    'SERVER_SOFTWARE' => 'nginx/1.28.0'
    'GATEWAY_INTERFACE' => 'CGI/1.1'
    'REQUEST_SCHEME' => 'http'
    'SERVER_PROTOCOL' => 'HTTP/1.1'
    'DOCUMENT_ROOT' => '/var/www/html/web'
    'DOCUMENT_URI' => '/index.php'
    'REQUEST_URI' => '/index.php?p=dW2axQ3b%2Factions%2Fapp%2Fapi-headers&v=1778919773529'
    'CONTENT_LENGTH' => '0'
    'CONTENT_TYPE' => ''
    'REQUEST_METHOD' => 'POST'
    'QUERY_STRING' => 'p=dW2axQ3b%2Factions%2Fapp%2Fapi-headers&v=1778919773529'
    'SCRIPT_NAME' => '/index.php'
    'SCRIPT_FILENAME' => '/var/www/html/web/index.php'
    'FCGI_ROLE' => 'RESPONDER'
    'PHP_SELF' => '/index.php'
    'REQUEST_TIME_FLOAT' => 1778919773.5347
    'REQUEST_TIME' => 1778919773
    'CRAFT_APP_ID' => 'CraftCMS--3933bc78-29f5-4b79-bcc5-c31faf0fcd20'
    'CRAFT_ENVIRONMENT' => 'dev'
    'ENVIRONMENT' => 'dev'
    'CRAFT_SECURITY_KEY' => '••••••••••••••••••••••••••••••••'
    'CP_TRIGGER' => 'dW2axQ3b'
    'CRAFT_DB_SCHEMA' => 'public'
    'CRAFT_DB_TABLE_PREFIX' => ''
    'DEV_MODE' => 'true'
    'ALLOW_ADMIN_CHANGES' => 'true'
    'DISALLOW_ROBOTS' => 'true'
    'TIMEZONE' => 'Europe/Zurich'
    'CAPTCHA_SITE_KEY' => '••••••••••••••••••••••••••••••••••••••••'
    'CAPTCHA_SECRET_KEY' => '••••••••••••••••••••••••••••••••••••••••'
    'WEB_URL' => 'https://derschmuckmacher-v3.ddev.site'
    'WEB_ROOT' => '/var/www/html/web'
    'ASSETS_BASE_URL' => 'https://derschmuckmacher-v3.ddev.site/public'
    'ASSETS_BASE_PATH' => '/var/www/html/web/public'
    'SCHMUCK_BASE_URL' => 'https://derschmuckmacher-v3.ddev.site/public/uploads/schmuck'
    'SCHMUCK_BASE_PATH' => '/var/www/html/web/public/uploads/schmuck'
    'BILDER_BASE_URL' => 'https://derschmuckmacher-v3.ddev.site/public/uploads/bilder'
    'BILDER_BASE_PATH' => '/var/www/html/web/public/uploads/bilder'
] {"environment":"dev","userId":1} 
2026-05-16 10:22:54 [web.INFO] [yii\db\Connection::open] Opening DB connection: mysql:host=db;dbname=db;port=3306 {"memory":1101744} 
2026-05-16 10:22:54 [web.INFO] [yii\web\Session::open] Session started {"memory":1526848} 
2026-05-16 10:22:54 [web.INFO] [nystudio107\codeeditor\CodeEditor::bootstrap] CodeEditor module bootstrapped {"memory":1551184} 
2026-05-16 10:22:54 [web.INFO] [adigital\cookieconsentbanner\CookieConsentBanner::init] Cookie Consent Banner plugin loaded {"memory":1768312} 
2026-05-16 10:22:54 [web.INFO] [miranj\obfuscator\Obfuscator::init] Obfuscator plugin loaded {"memory":2730144} 
2026-05-16 10:22:54 [web.INFO] [application] Request context:
$_GET = [
    'p' => 'dW2axQ3b/actions/app/process-api-response-headers'
    'v' => '1778919774733'
]

$_FILES = []

$_COOKIE = [
    'cookieconsent_status' => 'allow'
    'CRAFT_CSRF_TOKEN' => '••••••••••••••••••••••••••••••••••••••••••••••••••••••••••••••••••••••••••••••••••••••••••••••••••••••••••••••••••••••••••••••••••••••••••••••••••••••••••••••••••••••••••••••••••••••••••••••••••••••••••••••••••••••••••••••••••••••••••••••••••••••••••••••••••'
    'CraftSessionId' => '8m6eet0tlm9ao9brq6uoi3p8sq'
    'a8b7b1ec9ffb8baf2c6eaa253fe57112_username' => '26b9ec8568da68d3882e55afaa5d203483c6c5810ee05b5a55c8a0eb10cab93ea:2:{i:0;s:41:\"a8b7b1ec9ffb8baf2c6eaa253fe57112_username\";i:1;s:8:\"odegiuli\";}'
    'Craft-3626ffc1-d0a3-42e3-98aa-37e8aa759561_sidebar' => 'expanded'
    'a8b7b1ec9ffb8baf2c6eaa253fe57112_identity' => '014810335ee2fe011ef02c02b537a1ac7bf3cfa7f2f8fab42103f71f70525ae3a:2:{i:0;s:41:\"a8b7b1ec9ffb8baf2c6eaa253fe57112_identity\";i:1;s:159:\"[1,\"[\\\"W66KgiipJ2zO7LpsWJIt3v8lNdASO5VFU_NWJx8fvJypaXtu7Vb1Uyqznj6tW9NKQQKhWj7c7P7i3tDJATDmANWARJN_Io4GlsP0\\\",null,\\\"0ef01a0bceeac5b1d0a2b6557bd3d7b1\\\"]\",3600]\";}'
]

$_SESSION = [
    '22b6a59deafcfb2ffb13c3adf3d98a3b__flash' => []
    'a8b7b1ec9ffb8baf2c6eaa253fe57112__token' => '••••••••••••••••••••••••••••••••••••••••••••••••••••••••••••••••••••••••••••••••••••••••••••••••••••'
    'a8b7b1ec9ffb8baf2c6eaa253fe57112__id' => 1
    '__authKey' => '••••••••••••••••••••••••••••••••••••••••••••••••••••••••••••••••••••••••••••••••••••••••••••••••••••••••••••••••••••••••••••••••••••••••••••••••'
    'a8b7b1ec9ffb8baf2c6eaa253fe57112__expire' => 1778923374
    '__duration' => 3600
    '__elevated_timeout' => 1778920053
]

$_SERVER = [
    'DEPLOY_NAME' => 'local'
    'DDEV_WEBSERVER_TYPE' => 'nginx-fpm'
    'npm_config_cache' => '/mnt/ddev-global-cache/npm'
    'COREPACK_ENABLE_DOWNLOAD_PROMPT' => '0'
    'DDEV_GOOS' => 'darwin'
    'IS_DDEV_PROJECT' => 'true'
    'PHP_DEFAULT_VERSION' => '8.3'
    'HOSTNAME' => 'derschmuckmacher-v3-web'
    'MAILPIT_SMTP_PORT' => '1025'
    'MH_SMTP_BIND_ADDR' => '127.0.0.1:1025'
    'DDEV_PRIMARY_URL_WITHOUT_PORT' => 'https://derschmuckmacher-v3.ddev.site'
    'CRAFT_DB_PORT' => '3306'
    'DDEV_GID' => '20'
    'SSH_AUTH_SOCK' => '/home/.ssh-agent/socket'
    'NODE_EXTRA_CA_CERTS' => '/mnt/ddev-global-cache/mkcert/rootCA.pem'
    'DOCKER_IP' => '127.0.0.1'
    'PGPASSWORD' => 'db'
    'CRAFT_WEB_ROOT' => '/var/www/html/web'
    'DDEV_DOCROOT' => 'web'
    'PWD' => '/var/www/html'
    'PLATFORMSH_CLI_UPDATES_CHECK' => '0'
    'DDEV_APPROOT' => '/var/www/html'
    'DDEV_FILES_DIR' => ''
    'START_SCRIPT_TIMEOUT' => '57'
    'APACHE_SITE_TEMPLATE' => '/etc/apache2/apache-site.conf'
    'PHP_INI' => '/etc/php/8.3/fpm/php.ini'
    'DDEV_VERSION' => 'v1.24.10'
    'PRIMARY_SITE_URL' => 'https://derschmuckmacher-v3.ddev.site'
    'TZ' => 'Europe/Zurich'
    'DDEV_XHPROF_MODE' => 'prepend'
    'HTTPS_EXPOSE' => '443:80,8026:8025'
    'COREPACK_HOME' => '/mnt/ddev-global-cache/corepack'
    'CRAFT_DB_DATABASE' => 'db'
    'DDEV_PRIMARY_URL' => 'https://derschmuckmacher-v3.ddev.site'
    'LINES' => '6'
    'DDEV_SITENAME' => 'derschmuckmacher-v3'
    'HOME' => '/home/omar'
    'DRUSH_OPTIONS_URI' => 'https://derschmuckmacher-v3.ddev.site'
    'LANG' => 'C.UTF-8'
    'COLUMNS' => '371'
    'DDEV_MUTAGEN_ENABLED' => 'true'
    'DDEV_USER' => 'omar'
    'PGUSER' => 'db'
    'TERMINUS_CACHE_DIR' => '/mnt/ddev-global-cache/terminus/cache'
    'DDEV_PRIMARY_URL_PORT' => '443'
    'DDEV_ROUTER_HTTP_PORT' => '80'
    'MAILPIT_SMTP_HOSTNAME' => '127.0.0.1'
    'CRAFT_DB_DRIVER' => 'mysql'
    'COMPOSER_PROCESS_TIMEOUT' => '2000'
    'NGINX_SITE_TEMPLATE' => '/etc/nginx/nginx-site.conf'
    'DDEV_FILES_DIRS' => ''
    'CRAFT_DB_SERVER' => 'db'
    'HTTP_EXPOSE' => '80:80,8025:8025'
    'NVM_DIR' => '/home/omar/.nvm'
    'DDEV_PHP_VERSION' => '8.3'
    'DDEV_TLD' => 'ddev.site'
    'DDEV_HOSTNAME' => 'derschmuckmacher-v3.ddev.site'
    'DDEV_PROJECT' => 'derschmuckmacher-v3'
    'DDEV_GOARCH' => 'arm64'
    'VIRTUAL_HOST' => 'derschmuckmacher-v3.ddev.site'
    'TERM' => 'xterm'
    'USER' => 'omar'
    'MYSQL_HISTFILE' => '/mnt/ddev-global-cache/mysqlhistory/derschmuckmacher-v3-web/mysql_history'
    'DDEV_WEB_ENTRYPOINT' => '/mnt/ddev_config/web-entrypoint.d'
    'DDEV_UID' => '501'
    'CAROOT' => '/mnt/ddev-global-cache/mkcert'
    'SHLVL' => '1'
    'COMPOSER_ALLOW_SUPERUSER' => '1'
    'BASH_ENV' => '/etc/bash.nointeractive.bashrc'
    'DDEV_DATABASE' => 'mysql:8.0'
    'PGDATABASE' => 'db'
    'CRAFT_DB_USER' => 'db'
    'DDEV_SCHEME' => 'https'
    'XHPROF_OUTPUT_DIR' => '/tmp/xhprof'
    'COMPOSER_CACHE_DIR' => '/mnt/ddev-global-cache/composer'
    'DDEV_XDEBUG_ENABLED' => 'false'
    'DDEV_DATABASE_FAMILY' => 'mysql'
    'PGHOST' => 'db'
    'DDEV_COMPOSER_ROOT' => '/var/www/html'
    'CRAFT_DB_PASSWORD' => '••'
    'DOCROOT' => 'web'
    'TERMINUS_HIDE_UPDATE_MESSAGE' => '1'
    'PATH' => '/home/omar/bin:/var/www/html/vendor/bin:/usr/local/sbin:/usr/local/bin:/usr/sbin:/usr/bin:/sbin:/bin:/var/www/html/bin:/mnt/ddev-global-cache/global-commands/web'
    'HOST_DOCKER_INTERNAL_IP' => ''
    'DDEV_PROJECT_TYPE' => 'craftcms'
    'DEBIAN_FRONTEND' => 'noninteractive'
    'DDEV_ROUTER_HTTPS_PORT' => '443'
    'EXECIGNORE' => '/var/www/html/vendor/bin/composer'
    'SUPERVISOR_ENABLED' => '1'
    'SUPERVISOR_SERVER_URL' => 'unix:///var/run/supervisor.sock'
    'SUPERVISOR_PROCESS_NAME' => 'php-fpm'
    'SUPERVISOR_GROUP_NAME' => 'php-fpm'
    'HTTP_X_REQUESTED_WITH' => 'XMLHttpRequest'
    'HTTP_X_REGISTERED_JS_FILES' => ''
    'HTTP_X_REGISTERED_ASSET_BUNDLES' => '82742c9d,22e517a2,aee7f8dc,26c46c25,e505ffd6,6b4d7555,bb2f10a0,e5e48399,815d39ea,fc0bc163,1ccab40d,1e21896b,54698ee0,b842675b,1c3c9add,4b1fd285,d8d08e47,8f00ce04,8768f48b,cf3018d6,ec6d0256,e356bca8'
    'HTTP_X_REAL_IP' => '172.18.0.1'
    'HTTP_X_FORWARDED_SERVER' => '9d89c63e5d30'
    'HTTP_X_FORWARDED_PROTO' => 'https'
    'HTTP_X_FORWARDED_PORT' => '443'
    'HTTP_X_FORWARDED_HOST' => 'derschmuckmacher-v3.ddev.site'
    'HTTP_X_FORWARDED_FOR' => '172.18.0.1'
    'HTTP_X_CSRF_TOKEN' => '••••••••••••••••••••••••••••••••••••••••••••••••••••••••••••••••••••••••••••••••••••••••••••••••••••••••••••••••••••••••••••••••••••••••••••••••••••••••••••••••••••••••••••••••••••••••••••••••••••••••••••••••••••••••••••••••••••••••••••••••••••••••••••••••••••••••••••••••••••••••••••••••••••••••••••••••••••••••••••••••••••••••••••••••••••••••••••••••••••••••••••••••••••••••••••••••••••••••'
    'HTTP_TE' => 'trailers'
    'HTTP_SEC_GPC' => '1'
    'HTTP_SEC_FETCH_SITE' => 'same-origin'
    'HTTP_SEC_FETCH_MODE' => 'cors'
    'HTTP_SEC_FETCH_DEST' => 'empty'
    'HTTP_REFERER' => 'https://derschmuckmacher-v3.ddev.site/dW2axQ3b/utilities/updates'
    'HTTP_ORIGIN' => 'https://derschmuckmacher-v3.ddev.site'
    'HTTP_COOKIE' => 'cookieconsent_status=allow; CRAFT_CSRF_TOKEN=f52c2ad1562dd4eaea483aa259f3d9f40e937251911a1f388757fd23df670184a%3A2%3A%7Bi%3A0%3Bs%3A16%3A%22CRAFT_CSRF_TOKEN%22%3Bi%3A1%3Bs%3A147%3A%22oscGmXtgN7lH1IINFeBh9KwfL0sWDqIBBHQCFaaO%7Cb7905baa15fbf45e0730994dfb6501f9dd198752ca26e174cf5f6d5fd0c05b74oscGmXtgN7lH1IINFeBh9KwfL0sWDqIBBHQCFaaO%7C1%22%3B%7D; CraftSessionId=8m6eet0tlm9ao9brq6uoi3p8sq; a8b7b1ec9ffb8baf2c6eaa253fe57112_username=26b9ec8568da68d3882e55afaa5d203483c6c5810ee05b5a55c8a0eb10cab93ea%3A2%3A%7Bi%3A0%3Bs%3A41%3A%22a8b7b1ec9ffb8baf2c6eaa253fe57112_username%22%3Bi%3A1%3Bs%3A8%3A%22odegiuli%22%3B%7D; Craft-3626ffc1-d0a3-42e3-98aa-37e8aa759561_sidebar=expanded; a8b7b1ec9ffb8baf2c6eaa253fe57112_identity=014810335ee2fe011ef02c02b537a1ac7bf3cfa7f2f8fab42103f71f70525ae3a%3A2%3A%7Bi%3A0%3Bs%3A41%3A%22a8b7b1ec9ffb8baf2c6eaa253fe57112_identity%22%3Bi%3A1%3Bs%3A159%3A%22%5B1%2C%22%5B%5C%22W66KgiipJ2zO7LpsWJIt3v8lNdASO5VFU_NWJx8fvJypaXtu7Vb1Uyqznj6tW9NKQQKhWj7c7P7i3tDJATDmANWARJN_Io4GlsP0%5C%22%2Cnull%2C%5C%220ef01a0bceeac5b1d0a2b6557bd3d7b1%5C%22%5D%22%2C3600%5D%22%3B%7D'
    'HTTP_CONTENT_TYPE' => 'application/json'
    'HTTP_ACCEPT_LANGUAGE' => 'de,en-US;q=0.9,en;q=0.8'
    'HTTP_ACCEPT_ENCODING' => 'gzip, deflate, br, zstd'
    'HTTP_ACCEPT' => 'application/json, text/plain, */*'
    'HTTP_CONTENT_LENGTH' => '218'
    'HTTP_USER_AGENT' => 'Mozilla/5.0 (Macintosh; Intel Mac OS X 10.15; rv:150.0) Gecko/20100101 Firefox/150.0'
    'HTTP_HOST' => 'derschmuckmacher-v3.ddev.site'
    'HTTPS' => 'on'
    'REDIRECT_STATUS' => '200'
    'SERVER_NAME' => 'derschmuckmacher-v3.ddev.site'
    'SERVER_PORT' => '80'
    'SERVER_ADDR' => '172.18.0.4'
    'REMOTE_PORT' => '42304'
    'REMOTE_ADDR' => '172.18.0.5'
    'SERVER_SOFTWARE' => 'nginx/1.28.0'
    'GATEWAY_INTERFACE' => 'CGI/1.1'
    'REQUEST_SCHEME' => 'http'
    'SERVER_PROTOCOL' => 'HTTP/1.1'
    'DOCUMENT_ROOT' => '/var/www/html/web'
    'DOCUMENT_URI' => '/index.php'
    'REQUEST_URI' => '/index.php?p=dW2axQ3b%2Factions%2Fapp%2Fprocess-api-response-headers&v=1778919774733'
    'CONTENT_LENGTH' => '218'
    'CONTENT_TYPE' => 'application/json'
    'REQUEST_METHOD' => 'POST'
    'QUERY_STRING' => 'p=dW2axQ3b%2Factions%2Fapp%2Fprocess-api-response-headers&v=1778919774733'
    'SCRIPT_NAME' => '/index.php'
    'SCRIPT_FILENAME' => '/var/www/html/web/index.php'
    'FCGI_ROLE' => 'RESPONDER'
    'PHP_SELF' => '/index.php'
    'REQUEST_TIME_FLOAT' => 1778919774.7393
    'REQUEST_TIME' => 1778919774
    'CRAFT_APP_ID' => 'CraftCMS--3933bc78-29f5-4b79-bcc5-c31faf0fcd20'
    'CRAFT_ENVIRONMENT' => 'dev'
    'ENVIRONMENT' => 'dev'
    'CRAFT_SECURITY_KEY' => '••••••••••••••••••••••••••••••••'
    'CP_TRIGGER' => 'dW2axQ3b'
    'CRAFT_DB_SCHEMA' => 'public'
    'CRAFT_DB_TABLE_PREFIX' => ''
    'DEV_MODE' => 'true'
    'ALLOW_ADMIN_CHANGES' => 'true'
    'DISALLOW_ROBOTS' => 'true'
    'TIMEZONE' => 'Europe/Zurich'
    'CAPTCHA_SITE_KEY' => '••••••••••••••••••••••••••••••••••••••••'
    'CAPTCHA_SECRET_KEY' => '••••••••••••••••••••••••••••••••••••••••'
    'WEB_URL' => 'https://derschmuckmacher-v3.ddev.site'
    'WEB_ROOT' => '/var/www/html/web'
    'ASSETS_BASE_URL' => 'https://derschmuckmacher-v3.ddev.site/public'
    'ASSETS_BASE_PATH' => '/var/www/html/web/public'
    'SCHMUCK_BASE_URL' => 'https://derschmuckmacher-v3.ddev.site/public/uploads/schmuck'
    'SCHMUCK_BASE_PATH' => '/var/www/html/web/public/uploads/schmuck'
    'BILDER_BASE_URL' => 'https://derschmuckmacher-v3.ddev.site/public/uploads/bilder'
    'BILDER_BASE_PATH' => '/var/www/html/web/public/uploads/bilder'
] {"environment":"dev","userId":1,"body":"{\"headers\":{\"content-type\":\"application\\/json; charset=UTF-8\",\"x-craft-allow-trials\":\"1\",\"x-craft-license-domain\":\"derschmuckmacher.ch\",\"x-craft-license-info\":\"craft:832671;pro;astray,plugin-freeform:266191;pro;valid\"}}"} 
2026-05-16 10:22:54 [web.INFO] [yii\db\Connection::open] Opening DB connection: mysql:host=db;dbname=db;port=3306 {"memory":1102288} 
2026-05-16 10:22:54 [web.INFO] [yii\web\Session::open] Session started {"memory":1527368} 
2026-05-16 10:22:54 [web.INFO] [nystudio107\codeeditor\CodeEditor::bootstrap] CodeEditor module bootstrapped {"memory":1551704} 
2026-05-16 10:22:54 [web.INFO] [adigital\cookieconsentbanner\CookieConsentBanner::init] Cookie Consent Banner plugin loaded {"memory":1768832} 
2026-05-16 10:22:54 [web.INFO] [miranj\obfuscator\Obfuscator::init] Obfuscator plugin loaded {"memory":2730664} 
2026-05-16 10:22:54 [web.INFO] [application] Request context:
$_GET = [
    'p' => 'dW2axQ3b/actions/app/cache-updates'
    'v' => '1778919774794'
]

$_FILES = []

$_COOKIE = [
    'cookieconsent_status' => 'allow'
    'CRAFT_CSRF_TOKEN' => '••••••••••••••••••••••••••••••••••••••••••••••••••••••••••••••••••••••••••••••••••••••••••••••••••••••••••••••••••••••••••••••••••••••••••••••••••••••••••••••••••••••••••••••••••••••••••••••••••••••••••••••••••••••••••••••••••••••••••••••••••••••••••••••••••'
    'CraftSessionId' => '8m6eet0tlm9ao9brq6uoi3p8sq'
    'a8b7b1ec9ffb8baf2c6eaa253fe57112_username' => '26b9ec8568da68d3882e55afaa5d203483c6c5810ee05b5a55c8a0eb10cab93ea:2:{i:0;s:41:\"a8b7b1ec9ffb8baf2c6eaa253fe57112_username\";i:1;s:8:\"odegiuli\";}'
    'Craft-3626ffc1-d0a3-42e3-98aa-37e8aa759561_sidebar' => 'expanded'
    'a8b7b1ec9ffb8baf2c6eaa253fe57112_identity' => '014810335ee2fe011ef02c02b537a1ac7bf3cfa7f2f8fab42103f71f70525ae3a:2:{i:0;s:41:\"a8b7b1ec9ffb8baf2c6eaa253fe57112_identity\";i:1;s:159:\"[1,\"[\\\"W66KgiipJ2zO7LpsWJIt3v8lNdASO5VFU_NWJx8fvJypaXtu7Vb1Uyqznj6tW9NKQQKhWj7c7P7i3tDJATDmANWARJN_Io4GlsP0\\\",null,\\\"0ef01a0bceeac5b1d0a2b6557bd3d7b1\\\"]\",3600]\";}'
]

$_SESSION = [
    '22b6a59deafcfb2ffb13c3adf3d98a3b__flash' => []
    'a8b7b1ec9ffb8baf2c6eaa253fe57112__token' => '••••••••••••••••••••••••••••••••••••••••••••••••••••••••••••••••••••••••••••••••••••••••••••••••••••'
    'a8b7b1ec9ffb8baf2c6eaa253fe57112__id' => 1
    '__authKey' => '••••••••••••••••••••••••••••••••••••••••••••••••••••••••••••••••••••••••••••••••••••••••••••••••••••••••••••••••••••••••••••••••••••••••••••••••'
    'a8b7b1ec9ffb8baf2c6eaa253fe57112__expire' => 1778923374
    '__duration' => 3600
    '__elevated_timeout' => 1778920053
]

$_SERVER = [
    'DEPLOY_NAME' => 'local'
    'DDEV_WEBSERVER_TYPE' => 'nginx-fpm'
    'npm_config_cache' => '/mnt/ddev-global-cache/npm'
    'COREPACK_ENABLE_DOWNLOAD_PROMPT' => '0'
    'DDEV_GOOS' => 'darwin'
    'IS_DDEV_PROJECT' => 'true'
    'PHP_DEFAULT_VERSION' => '8.3'
    'HOSTNAME' => 'derschmuckmacher-v3-web'
    'MAILPIT_SMTP_PORT' => '1025'
    'MH_SMTP_BIND_ADDR' => '127.0.0.1:1025'
    'DDEV_PRIMARY_URL_WITHOUT_PORT' => 'https://derschmuckmacher-v3.ddev.site'
    'CRAFT_DB_PORT' => '3306'
    'DDEV_GID' => '20'
    'SSH_AUTH_SOCK' => '/home/.ssh-agent/socket'
    'NODE_EXTRA_CA_CERTS' => '/mnt/ddev-global-cache/mkcert/rootCA.pem'
    'DOCKER_IP' => '127.0.0.1'
    'PGPASSWORD' => 'db'
    'CRAFT_WEB_ROOT' => '/var/www/html/web'
    'DDEV_DOCROOT' => 'web'
    'PWD' => '/var/www/html'
    'PLATFORMSH_CLI_UPDATES_CHECK' => '0'
    'DDEV_APPROOT' => '/var/www/html'
    'DDEV_FILES_DIR' => ''
    'START_SCRIPT_TIMEOUT' => '57'
    'APACHE_SITE_TEMPLATE' => '/etc/apache2/apache-site.conf'
    'PHP_INI' => '/etc/php/8.3/fpm/php.ini'
    'DDEV_VERSION' => 'v1.24.10'
    'PRIMARY_SITE_URL' => 'https://derschmuckmacher-v3.ddev.site'
    'TZ' => 'Europe/Zurich'
    'DDEV_XHPROF_MODE' => 'prepend'
    'HTTPS_EXPOSE' => '443:80,8026:8025'
    'COREPACK_HOME' => '/mnt/ddev-global-cache/corepack'
    'CRAFT_DB_DATABASE' => 'db'
    'DDEV_PRIMARY_URL' => 'https://derschmuckmacher-v3.ddev.site'
    'LINES' => '6'
    'DDEV_SITENAME' => 'derschmuckmacher-v3'
    'HOME' => '/home/omar'
    'DRUSH_OPTIONS_URI' => 'https://derschmuckmacher-v3.ddev.site'
    'LANG' => 'C.UTF-8'
    'COLUMNS' => '371'
    'DDEV_MUTAGEN_ENABLED' => 'true'
    'DDEV_USER' => 'omar'
    'PGUSER' => 'db'
    'TERMINUS_CACHE_DIR' => '/mnt/ddev-global-cache/terminus/cache'
    'DDEV_PRIMARY_URL_PORT' => '443'
    'DDEV_ROUTER_HTTP_PORT' => '80'
    'MAILPIT_SMTP_HOSTNAME' => '127.0.0.1'
    'CRAFT_DB_DRIVER' => 'mysql'
    'COMPOSER_PROCESS_TIMEOUT' => '2000'
    'NGINX_SITE_TEMPLATE' => '/etc/nginx/nginx-site.conf'
    'DDEV_FILES_DIRS' => ''
    'CRAFT_DB_SERVER' => 'db'
    'HTTP_EXPOSE' => '80:80,8025:8025'
    'NVM_DIR' => '/home/omar/.nvm'
    'DDEV_PHP_VERSION' => '8.3'
    'DDEV_TLD' => 'ddev.site'
    'DDEV_HOSTNAME' => 'derschmuckmacher-v3.ddev.site'
    'DDEV_PROJECT' => 'derschmuckmacher-v3'
    'DDEV_GOARCH' => 'arm64'
    'VIRTUAL_HOST' => 'derschmuckmacher-v3.ddev.site'
    'TERM' => 'xterm'
    'USER' => 'omar'
    'MYSQL_HISTFILE' => '/mnt/ddev-global-cache/mysqlhistory/derschmuckmacher-v3-web/mysql_history'
    'DDEV_WEB_ENTRYPOINT' => '/mnt/ddev_config/web-entrypoint.d'
    'DDEV_UID' => '501'
    'CAROOT' => '/mnt/ddev-global-cache/mkcert'
    'SHLVL' => '1'
    'COMPOSER_ALLOW_SUPERUSER' => '1'
    'BASH_ENV' => '/etc/bash.nointeractive.bashrc'
    'DDEV_DATABASE' => 'mysql:8.0'
    'PGDATABASE' => 'db'
    'CRAFT_DB_USER' => 'db'
    'DDEV_SCHEME' => 'https'
    'XHPROF_OUTPUT_DIR' => '/tmp/xhprof'
    'COMPOSER_CACHE_DIR' => '/mnt/ddev-global-cache/composer'
    'DDEV_XDEBUG_ENABLED' => 'false'
    'DDEV_DATABASE_FAMILY' => 'mysql'
    'PGHOST' => 'db'
    'DDEV_COMPOSER_ROOT' => '/var/www/html'
    'CRAFT_DB_PASSWORD' => '••'
    'DOCROOT' => 'web'
    'TERMINUS_HIDE_UPDATE_MESSAGE' => '1'
    'PATH' => '/home/omar/bin:/var/www/html/vendor/bin:/usr/local/sbin:/usr/local/bin:/usr/sbin:/usr/bin:/sbin:/bin:/var/www/html/bin:/mnt/ddev-global-cache/global-commands/web'
    'HOST_DOCKER_INTERNAL_IP' => ''
    'DDEV_PROJECT_TYPE' => 'craftcms'
    'DEBIAN_FRONTEND' => 'noninteractive'
    'DDEV_ROUTER_HTTPS_PORT' => '443'
    'EXECIGNORE' => '/var/www/html/vendor/bin/composer'
    'SUPERVISOR_ENABLED' => '1'
    'SUPERVISOR_SERVER_URL' => 'unix:///var/run/supervisor.sock'
    'SUPERVISOR_PROCESS_NAME' => 'php-fpm'
    'SUPERVISOR_GROUP_NAME' => 'php-fpm'
    'HTTP_X_REQUESTED_WITH' => 'XMLHttpRequest'
    'HTTP_X_REGISTERED_JS_FILES' => ''
    'HTTP_X_REGISTERED_ASSET_BUNDLES' => '82742c9d,22e517a2,aee7f8dc,26c46c25,e505ffd6,6b4d7555,bb2f10a0,e5e48399,815d39ea,fc0bc163,1ccab40d,1e21896b,54698ee0,b842675b,1c3c9add,4b1fd285,d8d08e47,8f00ce04,8768f48b,cf3018d6,ec6d0256,e356bca8'
    'HTTP_X_REAL_IP' => '172.18.0.1'
    'HTTP_X_FORWARDED_SERVER' => '9d89c63e5d30'
    'HTTP_X_FORWARDED_PROTO' => 'https'
    'HTTP_X_FORWARDED_PORT' => '443'
    'HTTP_X_FORWARDED_HOST' => 'derschmuckmacher-v3.ddev.site'
    'HTTP_X_FORWARDED_FOR' => '172.18.0.1'
    'HTTP_X_CSRF_TOKEN' => '••••••••••••••••••••••••••••••••••••••••••••••••••••••••••••••••••••••••••••••••••••••••••••••••••••••••••••••••••••••••••••••••••••••••••••••••••••••••••••••••••••••••••••••••••••••••••••••••••••••••••••••••••••••••••••••••••••••••••••••••••••••••••••••••••••••••••••••••••••••••••••••••••••••••••••••••••••••••••••••••••••••••••••••••••••••••••••••••••••••••••••••••••••••••••••••••••••••••'
    'HTTP_TE' => 'trailers'
    'HTTP_SEC_GPC' => '1'
    'HTTP_SEC_FETCH_SITE' => 'same-origin'
    'HTTP_SEC_FETCH_MODE' => 'cors'
    'HTTP_SEC_FETCH_DEST' => 'empty'
    'HTTP_REFERER' => 'https://derschmuckmacher-v3.ddev.site/dW2axQ3b/utilities/updates'
    'HTTP_ORIGIN' => 'https://derschmuckmacher-v3.ddev.site'
    'HTTP_COOKIE' => 'cookieconsent_status=allow; CRAFT_CSRF_TOKEN=f52c2ad1562dd4eaea483aa259f3d9f40e937251911a1f388757fd23df670184a%3A2%3A%7Bi%3A0%3Bs%3A16%3A%22CRAFT_CSRF_TOKEN%22%3Bi%3A1%3Bs%3A147%3A%22oscGmXtgN7lH1IINFeBh9KwfL0sWDqIBBHQCFaaO%7Cb7905baa15fbf45e0730994dfb6501f9dd198752ca26e174cf5f6d5fd0c05b74oscGmXtgN7lH1IINFeBh9KwfL0sWDqIBBHQCFaaO%7C1%22%3B%7D; CraftSessionId=8m6eet0tlm9ao9brq6uoi3p8sq; a8b7b1ec9ffb8baf2c6eaa253fe57112_username=26b9ec8568da68d3882e55afaa5d203483c6c5810ee05b5a55c8a0eb10cab93ea%3A2%3A%7Bi%3A0%3Bs%3A41%3A%22a8b7b1ec9ffb8baf2c6eaa253fe57112_username%22%3Bi%3A1%3Bs%3A8%3A%22odegiuli%22%3B%7D; Craft-3626ffc1-d0a3-42e3-98aa-37e8aa759561_sidebar=expanded; a8b7b1ec9ffb8baf2c6eaa253fe57112_identity=014810335ee2fe011ef02c02b537a1ac7bf3cfa7f2f8fab42103f71f70525ae3a%3A2%3A%7Bi%3A0%3Bs%3A41%3A%22a8b7b1ec9ffb8baf2c6eaa253fe57112_identity%22%3Bi%3A1%3Bs%3A159%3A%22%5B1%2C%22%5B%5C%22W66KgiipJ2zO7LpsWJIt3v8lNdASO5VFU_NWJx8fvJypaXtu7Vb1Uyqznj6tW9NKQQKhWj7c7P7i3tDJATDmANWARJN_Io4GlsP0%5C%22%2Cnull%2C%5C%220ef01a0bceeac5b1d0a2b6557bd3d7b1%5C%22%5D%22%2C3600%5D%22%3B%7D'
    'HTTP_CONTENT_TYPE' => 'application/json'
    'HTTP_ACCEPT_LANGUAGE' => 'de,en-US;q=0.9,en;q=0.8'
    'HTTP_ACCEPT_ENCODING' => 'gzip, deflate, br, zstd'
    'HTTP_ACCEPT' => 'application/json, text/plain, */*'
    'HTTP_CONTENT_LENGTH' => '762'
    'HTTP_USER_AGENT' => 'Mozilla/5.0 (Macintosh; Intel Mac OS X 10.15; rv:150.0) Gecko/20100101 Firefox/150.0'
    'HTTP_HOST' => 'derschmuckmacher-v3.ddev.site'
    'HTTPS' => 'on'
    'REDIRECT_STATUS' => '200'
    'SERVER_NAME' => 'derschmuckmacher-v3.ddev.site'
    'SERVER_PORT' => '80'
    'SERVER_ADDR' => '172.18.0.4'
    'REMOTE_PORT' => '42304'
    'REMOTE_ADDR' => '172.18.0.5'
    'SERVER_SOFTWARE' => 'nginx/1.28.0'
    'GATEWAY_INTERFACE' => 'CGI/1.1'
    'REQUEST_SCHEME' => 'http'
    'SERVER_PROTOCOL' => 'HTTP/1.1'
    'DOCUMENT_ROOT' => '/var/www/html/web'
    'DOCUMENT_URI' => '/index.php'
    'REQUEST_URI' => '/index.php?p=dW2axQ3b%2Factions%2Fapp%2Fcache-updates&v=1778919774794'
    'CONTENT_LENGTH' => '762'
    'CONTENT_TYPE' => 'application/json'
    'REQUEST_METHOD' => 'POST'
    'QUERY_STRING' => 'p=dW2axQ3b%2Factions%2Fapp%2Fcache-updates&v=1778919774794'
    'SCRIPT_NAME' => '/index.php'
    'SCRIPT_FILENAME' => '/var/www/html/web/index.php'
    'FCGI_ROLE' => 'RESPONDER'
    'PHP_SELF' => '/index.php'
    'REQUEST_TIME_FLOAT' => 1778919774.7963
    'REQUEST_TIME' => 1778919774
    'CRAFT_APP_ID' => 'CraftCMS--3933bc78-29f5-4b79-bcc5-c31faf0fcd20'
    'CRAFT_ENVIRONMENT' => 'dev'
    'ENVIRONMENT' => 'dev'
    'CRAFT_SECURITY_KEY' => '••••••••••••••••••••••••••••••••'
    'CP_TRIGGER' => 'dW2axQ3b'
    'CRAFT_DB_SCHEMA' => 'public'
    'CRAFT_DB_TABLE_PREFIX' => ''
    'DEV_MODE' => 'true'
    'ALLOW_ADMIN_CHANGES' => 'true'
    'DISALLOW_ROBOTS' => 'true'
    'TIMEZONE' => 'Europe/Zurich'
    'CAPTCHA_SITE_KEY' => '••••••••••••••••••••••••••••••••••••••••'
    'CAPTCHA_SECRET_KEY' => '••••••••••••••••••••••••••••••••••••••••'
    'WEB_URL' => 'https://derschmuckmacher-v3.ddev.site'
    'WEB_ROOT' => '/var/www/html/web'
    'ASSETS_BASE_URL' => 'https://derschmuckmacher-v3.ddev.site/public'
    'ASSETS_BASE_PATH' => '/var/www/html/web/public'
    'SCHMUCK_BASE_URL' => 'https://derschmuckmacher-v3.ddev.site/public/uploads/schmuck'
    'SCHMUCK_BASE_PATH' => '/var/www/html/web/public/uploads/schmuck'
    'BILDER_BASE_URL' => 'https://derschmuckmacher-v3.ddev.site/public/uploads/bilder'
    'BILDER_BASE_PATH' => '/var/www/html/web/public/uploads/bilder'
] {"environment":"dev","userId":1,"body":"{\"updates\":{\"cms\":{\"status\":\"expired\",\"releases\":[],\"renewalUrl\":\"https:\\/\\/console.craftcms.com\\/accounts\\/me\\/licenses\\/cms\\/832671\",\"renewalPrice\":\"99.0000\",\"renewalCurrency\":\"USD\",\"packageName\":\"craftcms\\/cms\"},\"plugins\":{\"ckeditor\":{\"status\":\"eligible\",\"releases\":[],\"packageName\":\"craftcms\\/ckeditor\"},\"cookie-consent-banner\":{\"status\":\"eligible\",\"releases\":[],\"packageName\":\"adigital\\/cookie-consent-banner\"},\"freeform\":{\"status\":\"eligible\",\"releases\":[],\"packageName\":\"solspace\\/craft-freeform\"},\"obfuscator\":{\"status\":\"eligible\",\"releases\":[],\"packageName\":\"miranj\\/craft-obfuscator\"},\"seo\":{\"status\":\"eligible\",\"releases\":[],\"packageName\":\"ether\\/seo\"},\"sprig\":{\"status\":\"eligible\",\"releases\":[],\"packageName\":\"putyourlightson\\/craft-sprig\"}}},\"includeDetails\":true}"} 
2026-05-16 10:22:54 [web.INFO] [yii\db\Connection::open] Opening DB connection: mysql:host=db;dbname=db;port=3306 {"memory":1101448} 
2026-05-16 10:22:54 [web.INFO] [yii\web\Session::open] Session started {"memory":1526528} 
2026-05-16 10:22:54 [web.INFO] [nystudio107\codeeditor\CodeEditor::bootstrap] CodeEditor module bootstrapped {"memory":1550864} 
2026-05-16 10:22:54 [web.INFO] [adigital\cookieconsentbanner\CookieConsentBanner::init] Cookie Consent Banner plugin loaded {"memory":1767992} 
2026-05-16 10:22:54 [web.INFO] [miranj\obfuscator\Obfuscator::init] Obfuscator plugin loaded {"memory":2729824} 
2026-05-16 10:22:54 [web.INFO] [application] Request context:
$_GET = [
    'p' => 'dW2axQ3b/actions/app/get-cp-alerts'
    'v' => '1778919773517'
]

$_FILES = []

$_COOKIE = [
    'cookieconsent_status' => 'allow'
    'CRAFT_CSRF_TOKEN' => '••••••••••••••••••••••••••••••••••••••••••••••••••••••••••••••••••••••••••••••••••••••••••••••••••••••••••••••••••••••••••••••••••••••••••••••••••••••••••••••••••••••••••••••••••••••••••••••••••••••••••••••••••••••••••••••••••••••••••••••••••••••••••••••••••'
    'CraftSessionId' => '8m6eet0tlm9ao9brq6uoi3p8sq'
    'a8b7b1ec9ffb8baf2c6eaa253fe57112_username' => '26b9ec8568da68d3882e55afaa5d203483c6c5810ee05b5a55c8a0eb10cab93ea:2:{i:0;s:41:\"a8b7b1ec9ffb8baf2c6eaa253fe57112_username\";i:1;s:8:\"odegiuli\";}'
    'Craft-3626ffc1-d0a3-42e3-98aa-37e8aa759561_sidebar' => 'expanded'
    'a8b7b1ec9ffb8baf2c6eaa253fe57112_identity' => '014810335ee2fe011ef02c02b537a1ac7bf3cfa7f2f8fab42103f71f70525ae3a:2:{i:0;s:41:\"a8b7b1ec9ffb8baf2c6eaa253fe57112_identity\";i:1;s:159:\"[1,\"[\\\"W66KgiipJ2zO7LpsWJIt3v8lNdASO5VFU_NWJx8fvJypaXtu7Vb1Uyqznj6tW9NKQQKhWj7c7P7i3tDJATDmANWARJN_Io4GlsP0\\\",null,\\\"0ef01a0bceeac5b1d0a2b6557bd3d7b1\\\"]\",3600]\";}'
]

$_SESSION = [
    '22b6a59deafcfb2ffb13c3adf3d98a3b__flash' => []
    'a8b7b1ec9ffb8baf2c6eaa253fe57112__token' => '••••••••••••••••••••••••••••••••••••••••••••••••••••••••••••••••••••••••••••••••••••••••••••••••••••'
    'a8b7b1ec9ffb8baf2c6eaa253fe57112__id' => 1
    '__authKey' => '••••••••••••••••••••••••••••••••••••••••••••••••••••••••••••••••••••••••••••••••••••••••••••••••••••••••••••••••••••••••••••••••••••••••••••••••'
    'a8b7b1ec9ffb8baf2c6eaa253fe57112__expire' => 1778923373
    '__duration' => 3600
    '__elevated_timeout' => 1778920053
]

$_SERVER = [
    'DEPLOY_NAME' => 'local'
    'DDEV_WEBSERVER_TYPE' => 'nginx-fpm'
    'npm_config_cache' => '/mnt/ddev-global-cache/npm'
    'COREPACK_ENABLE_DOWNLOAD_PROMPT' => '0'
    'DDEV_GOOS' => 'darwin'
    'IS_DDEV_PROJECT' => 'true'
    'PHP_DEFAULT_VERSION' => '8.3'
    'HOSTNAME' => 'derschmuckmacher-v3-web'
    'MAILPIT_SMTP_PORT' => '1025'
    'MH_SMTP_BIND_ADDR' => '127.0.0.1:1025'
    'DDEV_PRIMARY_URL_WITHOUT_PORT' => 'https://derschmuckmacher-v3.ddev.site'
    'CRAFT_DB_PORT' => '3306'
    'DDEV_GID' => '20'
    'SSH_AUTH_SOCK' => '/home/.ssh-agent/socket'
    'NODE_EXTRA_CA_CERTS' => '/mnt/ddev-global-cache/mkcert/rootCA.pem'
    'DOCKER_IP' => '127.0.0.1'
    'PGPASSWORD' => 'db'
    'CRAFT_WEB_ROOT' => '/var/www/html/web'
    'DDEV_DOCROOT' => 'web'
    'PWD' => '/var/www/html'
    'PLATFORMSH_CLI_UPDATES_CHECK' => '0'
    'DDEV_APPROOT' => '/var/www/html'
    'DDEV_FILES_DIR' => ''
    'START_SCRIPT_TIMEOUT' => '57'
    'APACHE_SITE_TEMPLATE' => '/etc/apache2/apache-site.conf'
    'PHP_INI' => '/etc/php/8.3/fpm/php.ini'
    'DDEV_VERSION' => 'v1.24.10'
    'PRIMARY_SITE_URL' => 'https://derschmuckmacher-v3.ddev.site'
    'TZ' => 'Europe/Zurich'
    'DDEV_XHPROF_MODE' => 'prepend'
    'HTTPS_EXPOSE' => '443:80,8026:8025'
    'COREPACK_HOME' => '/mnt/ddev-global-cache/corepack'
    'CRAFT_DB_DATABASE' => 'db'
    'DDEV_PRIMARY_URL' => 'https://derschmuckmacher-v3.ddev.site'
    'LINES' => '6'
    'DDEV_SITENAME' => 'derschmuckmacher-v3'
    'HOME' => '/home/omar'
    'DRUSH_OPTIONS_URI' => 'https://derschmuckmacher-v3.ddev.site'
    'LANG' => 'C.UTF-8'
    'COLUMNS' => '371'
    'DDEV_MUTAGEN_ENABLED' => 'true'
    'DDEV_USER' => 'omar'
    'PGUSER' => 'db'
    'TERMINUS_CACHE_DIR' => '/mnt/ddev-global-cache/terminus/cache'
    'DDEV_PRIMARY_URL_PORT' => '443'
    'DDEV_ROUTER_HTTP_PORT' => '80'
    'MAILPIT_SMTP_HOSTNAME' => '127.0.0.1'
    'CRAFT_DB_DRIVER' => 'mysql'
    'COMPOSER_PROCESS_TIMEOUT' => '2000'
    'NGINX_SITE_TEMPLATE' => '/etc/nginx/nginx-site.conf'
    'DDEV_FILES_DIRS' => ''
    'CRAFT_DB_SERVER' => 'db'
    'HTTP_EXPOSE' => '80:80,8025:8025'
    'NVM_DIR' => '/home/omar/.nvm'
    'DDEV_PHP_VERSION' => '8.3'
    'DDEV_TLD' => 'ddev.site'
    'DDEV_HOSTNAME' => 'derschmuckmacher-v3.ddev.site'
    'DDEV_PROJECT' => 'derschmuckmacher-v3'
    'DDEV_GOARCH' => 'arm64'
    'VIRTUAL_HOST' => 'derschmuckmacher-v3.ddev.site'
    'TERM' => 'xterm'
    'USER' => 'omar'
    'MYSQL_HISTFILE' => '/mnt/ddev-global-cache/mysqlhistory/derschmuckmacher-v3-web/mysql_history'
    'DDEV_WEB_ENTRYPOINT' => '/mnt/ddev_config/web-entrypoint.d'
    'DDEV_UID' => '501'
    'CAROOT' => '/mnt/ddev-global-cache/mkcert'
    'SHLVL' => '1'
    'COMPOSER_ALLOW_SUPERUSER' => '1'
    'BASH_ENV' => '/etc/bash.nointeractive.bashrc'
    'DDEV_DATABASE' => 'mysql:8.0'
    'PGDATABASE' => 'db'
    'CRAFT_DB_USER' => 'db'
    'DDEV_SCHEME' => 'https'
    'XHPROF_OUTPUT_DIR' => '/tmp/xhprof'
    'COMPOSER_CACHE_DIR' => '/mnt/ddev-global-cache/composer'
    'DDEV_XDEBUG_ENABLED' => 'false'
    'DDEV_DATABASE_FAMILY' => 'mysql'
    'PGHOST' => 'db'
    'DDEV_COMPOSER_ROOT' => '/var/www/html'
    'CRAFT_DB_PASSWORD' => '••'
    'DOCROOT' => 'web'
    'TERMINUS_HIDE_UPDATE_MESSAGE' => '1'
    'PATH' => '/home/omar/bin:/var/www/html/vendor/bin:/usr/local/sbin:/usr/local/bin:/usr/sbin:/usr/bin:/sbin:/bin:/var/www/html/bin:/mnt/ddev-global-cache/global-commands/web'
    'HOST_DOCKER_INTERNAL_IP' => ''
    'DDEV_PROJECT_TYPE' => 'craftcms'
    'DEBIAN_FRONTEND' => 'noninteractive'
    'DDEV_ROUTER_HTTPS_PORT' => '443'
    'EXECIGNORE' => '/var/www/html/vendor/bin/composer'
    'SUPERVISOR_ENABLED' => '1'
    'SUPERVISOR_SERVER_URL' => 'unix:///var/run/supervisor.sock'
    'SUPERVISOR_PROCESS_NAME' => 'php-fpm'
    'SUPERVISOR_GROUP_NAME' => 'php-fpm'
    'HTTP_X_REQUESTED_WITH' => 'XMLHttpRequest'
    'HTTP_X_REGISTERED_JS_FILES' => ''
    'HTTP_X_REGISTERED_ASSET_BUNDLES' => '82742c9d,22e517a2,aee7f8dc,26c46c25,e505ffd6,6b4d7555,bb2f10a0,e5e48399,815d39ea,fc0bc163,1ccab40d,1e21896b,54698ee0,b842675b,1c3c9add,4b1fd285,d8d08e47,8f00ce04,8768f48b,cf3018d6,ec6d0256,e356bca8'
    'HTTP_X_REAL_IP' => '172.18.0.1'
    'HTTP_X_FORWARDED_SERVER' => '9d89c63e5d30'
    'HTTP_X_FORWARDED_PROTO' => 'https'
    'HTTP_X_FORWARDED_PORT' => '443'
    'HTTP_X_FORWARDED_HOST' => 'derschmuckmacher-v3.ddev.site'
    'HTTP_X_FORWARDED_FOR' => '172.18.0.1'
    'HTTP_X_CSRF_TOKEN' => '••••••••••••••••••••••••••••••••••••••••••••••••••••••••••••••••••••••••••••••••••••••••••••••••••••••••••••••••••••••••••••••••••••••••••••••••••••••••••••••••••••••••••••••••••••••••••••••••••••••••••••••••••••••••••••••••••••••••••••••••••••••••••••••••••••••••••••••••••••••••••••••••••••••••••••••••••••••••••••••••••••••••••••••••••••••••••••••••••••••••••••••••••••••••••••••••••••••••'
    'HTTP_TE' => 'trailers'
    'HTTP_SEC_GPC' => '1'
    'HTTP_SEC_FETCH_SITE' => 'same-origin'
    'HTTP_SEC_FETCH_MODE' => 'cors'
    'HTTP_SEC_FETCH_DEST' => 'empty'
    'HTTP_REFERER' => 'https://derschmuckmacher-v3.ddev.site/dW2axQ3b/utilities/updates'
    'HTTP_ORIGIN' => 'https://derschmuckmacher-v3.ddev.site'
    'HTTP_COOKIE' => 'cookieconsent_status=allow; CRAFT_CSRF_TOKEN=f52c2ad1562dd4eaea483aa259f3d9f40e937251911a1f388757fd23df670184a%3A2%3A%7Bi%3A0%3Bs%3A16%3A%22CRAFT_CSRF_TOKEN%22%3Bi%3A1%3Bs%3A147%3A%22oscGmXtgN7lH1IINFeBh9KwfL0sWDqIBBHQCFaaO%7Cb7905baa15fbf45e0730994dfb6501f9dd198752ca26e174cf5f6d5fd0c05b74oscGmXtgN7lH1IINFeBh9KwfL0sWDqIBBHQCFaaO%7C1%22%3B%7D; CraftSessionId=8m6eet0tlm9ao9brq6uoi3p8sq; a8b7b1ec9ffb8baf2c6eaa253fe57112_username=26b9ec8568da68d3882e55afaa5d203483c6c5810ee05b5a55c8a0eb10cab93ea%3A2%3A%7Bi%3A0%3Bs%3A41%3A%22a8b7b1ec9ffb8baf2c6eaa253fe57112_username%22%3Bi%3A1%3Bs%3A8%3A%22odegiuli%22%3B%7D; Craft-3626ffc1-d0a3-42e3-98aa-37e8aa759561_sidebar=expanded; a8b7b1ec9ffb8baf2c6eaa253fe57112_identity=014810335ee2fe011ef02c02b537a1ac7bf3cfa7f2f8fab42103f71f70525ae3a%3A2%3A%7Bi%3A0%3Bs%3A41%3A%22a8b7b1ec9ffb8baf2c6eaa253fe57112_identity%22%3Bi%3A1%3Bs%3A159%3A%22%5B1%2C%22%5B%5C%22W66KgiipJ2zO7LpsWJIt3v8lNdASO5VFU_NWJx8fvJypaXtu7Vb1Uyqznj6tW9NKQQKhWj7c7P7i3tDJATDmANWARJN_Io4GlsP0%5C%22%2Cnull%2C%5C%220ef01a0bceeac5b1d0a2b6557bd3d7b1%5C%22%5D%22%2C3600%5D%22%3B%7D'
    'HTTP_CONTENT_TYPE' => 'application/json'
    'HTTP_ACCEPT_LANGUAGE' => 'de,en-US;q=0.9,en;q=0.8'
    'HTTP_ACCEPT_ENCODING' => 'gzip, deflate, br, zstd'
    'HTTP_ACCEPT' => 'application/json, text/plain, */*'
    'HTTP_CONTENT_LENGTH' => '28'
    'HTTP_USER_AGENT' => 'Mozilla/5.0 (Macintosh; Intel Mac OS X 10.15; rv:150.0) Gecko/20100101 Firefox/150.0'
    'HTTP_HOST' => 'derschmuckmacher-v3.ddev.site'
    'HTTPS' => 'on'
    'REDIRECT_STATUS' => '200'
    'SERVER_NAME' => 'derschmuckmacher-v3.ddev.site'
    'SERVER_PORT' => '80'
    'SERVER_ADDR' => '172.18.0.4'
    'REMOTE_PORT' => '42296'
    'REMOTE_ADDR' => '172.18.0.5'
    'SERVER_SOFTWARE' => 'nginx/1.28.0'
    'GATEWAY_INTERFACE' => 'CGI/1.1'
    'REQUEST_SCHEME' => 'http'
    'SERVER_PROTOCOL' => 'HTTP/1.1'
    'DOCUMENT_ROOT' => '/var/www/html/web'
    'DOCUMENT_URI' => '/index.php'
    'REQUEST_URI' => '/index.php?p=dW2axQ3b%2Factions%2Fapp%2Fget-cp-alerts&v=1778919773517'
    'CONTENT_LENGTH' => '28'
    'CONTENT_TYPE' => 'application/json'
    'REQUEST_METHOD' => 'POST'
    'QUERY_STRING' => 'p=dW2axQ3b%2Factions%2Fapp%2Fget-cp-alerts&v=1778919773517'
    'SCRIPT_NAME' => '/index.php'
    'SCRIPT_FILENAME' => '/var/www/html/web/index.php'
    'FCGI_ROLE' => 'RESPONDER'
    'PHP_SELF' => '/index.php'
    'REQUEST_TIME_FLOAT' => 1778919773.5191
    'REQUEST_TIME' => 1778919773
    'CRAFT_APP_ID' => 'CraftCMS--3933bc78-29f5-4b79-bcc5-c31faf0fcd20'
    'CRAFT_ENVIRONMENT' => 'dev'
    'ENVIRONMENT' => 'dev'
    'CRAFT_SECURITY_KEY' => '••••••••••••••••••••••••••••••••'
    'CP_TRIGGER' => 'dW2axQ3b'
    'CRAFT_DB_SCHEMA' => 'public'
    'CRAFT_DB_TABLE_PREFIX' => ''
    'DEV_MODE' => 'true'
    'ALLOW_ADMIN_CHANGES' => 'true'
    'DISALLOW_ROBOTS' => 'true'
    'TIMEZONE' => 'Europe/Zurich'
    'CAPTCHA_SITE_KEY' => '••••••••••••••••••••••••••••••••••••••••'
    'CAPTCHA_SECRET_KEY' => '••••••••••••••••••••••••••••••••••••••••'
    'WEB_URL' => 'https://derschmuckmacher-v3.ddev.site'
    'WEB_ROOT' => '/var/www/html/web'
    'ASSETS_BASE_URL' => 'https://derschmuckmacher-v3.ddev.site/public'
    'ASSETS_BASE_PATH' => '/var/www/html/web/public'
    'SCHMUCK_BASE_URL' => 'https://derschmuckmacher-v3.ddev.site/public/uploads/schmuck'
    'SCHMUCK_BASE_PATH' => '/var/www/html/web/public/uploads/schmuck'
    'BILDER_BASE_URL' => 'https://derschmuckmacher-v3.ddev.site/public/uploads/bilder'
    'BILDER_BASE_PATH' => '/var/www/html/web/public/uploads/bilder'
] {"environment":"dev","userId":1,"body":"{\"path\":\"utilities\\/updates\"}"} 
2026-05-16 10:22:57 [web.INFO] [yii\db\Connection::open] Opening DB connection: mysql:host=db;dbname=db;port=3306 {"memory":1097544} 
2026-05-16 10:22:57 [web.INFO] [yii\web\Session::open] Session started {"memory":1520992} 
2026-05-16 10:22:57 [web.INFO] [nystudio107\codeeditor\CodeEditor::bootstrap] CodeEditor module bootstrapped {"memory":1545328} 
2026-05-16 10:22:57 [web.INFO] [adigital\cookieconsentbanner\CookieConsentBanner::init] Cookie Consent Banner plugin loaded {"memory":1760232} 
2026-05-16 10:22:57 [web.INFO] [miranj\obfuscator\Obfuscator::init] Obfuscator plugin loaded {"memory":2721744} 
2026-05-16 10:22:57 [web.INFO] [application] Request context:
$_GET = []

$_POST = []

$_FILES = []

$_COOKIE = [
    'cookieconsent_status' => 'allow'
    'CRAFT_CSRF_TOKEN' => '••••••••••••••••••••••••••••••••••••••••••••••••••••••••••••••••••••••••••••••••••••••••••••••••••••••••••••••••••••••••••••••••••••••••••••••••••••••••••••••••••••••••••••••••••••••••••••••••••••••••••••••••••••••••••••••••••••••••••••••••••••••••••••••••••'
    'CraftSessionId' => '8m6eet0tlm9ao9brq6uoi3p8sq'
    'a8b7b1ec9ffb8baf2c6eaa253fe57112_username' => '26b9ec8568da68d3882e55afaa5d203483c6c5810ee05b5a55c8a0eb10cab93ea:2:{i:0;s:41:\"a8b7b1ec9ffb8baf2c6eaa253fe57112_username\";i:1;s:8:\"odegiuli\";}'
    'Craft-3626ffc1-d0a3-42e3-98aa-37e8aa759561_sidebar' => 'expanded'
    'a8b7b1ec9ffb8baf2c6eaa253fe57112_identity' => '014810335ee2fe011ef02c02b537a1ac7bf3cfa7f2f8fab42103f71f70525ae3a:2:{i:0;s:41:\"a8b7b1ec9ffb8baf2c6eaa253fe57112_identity\";i:1;s:159:\"[1,\"[\\\"W66KgiipJ2zO7LpsWJIt3v8lNdASO5VFU_NWJx8fvJypaXtu7Vb1Uyqznj6tW9NKQQKhWj7c7P7i3tDJATDmANWARJN_Io4GlsP0\\\",null,\\\"0ef01a0bceeac5b1d0a2b6557bd3d7b1\\\"]\",3600]\";}'
]

$_SESSION = [
    '22b6a59deafcfb2ffb13c3adf3d98a3b__flash' => []
    'a8b7b1ec9ffb8baf2c6eaa253fe57112__token' => '••••••••••••••••••••••••••••••••••••••••••••••••••••••••••••••••••••••••••••••••••••••••••••••••••••'
    'a8b7b1ec9ffb8baf2c6eaa253fe57112__id' => 1
    '__authKey' => '••••••••••••••••••••••••••••••••••••••••••••••••••••••••••••••••••••••••••••••••••••••••••••••••••••••••••••••••••••••••••••••••••••••••••••••••'
    'a8b7b1ec9ffb8baf2c6eaa253fe57112__expire' => 1778923377
    '__duration' => 3600
    '__elevated_timeout' => 1778920053
]

$_SERVER = [
    'DEPLOY_NAME' => 'local'
    'DDEV_WEBSERVER_TYPE' => 'nginx-fpm'
    'npm_config_cache' => '/mnt/ddev-global-cache/npm'
    'COREPACK_ENABLE_DOWNLOAD_PROMPT' => '0'
    'DDEV_GOOS' => 'darwin'
    'IS_DDEV_PROJECT' => 'true'
    'PHP_DEFAULT_VERSION' => '8.3'
    'HOSTNAME' => 'derschmuckmacher-v3-web'
    'MAILPIT_SMTP_PORT' => '1025'
    'MH_SMTP_BIND_ADDR' => '127.0.0.1:1025'
    'DDEV_PRIMARY_URL_WITHOUT_PORT' => 'https://derschmuckmacher-v3.ddev.site'
    'CRAFT_DB_PORT' => '3306'
    'DDEV_GID' => '20'
    'SSH_AUTH_SOCK' => '/home/.ssh-agent/socket'
    'NODE_EXTRA_CA_CERTS' => '/mnt/ddev-global-cache/mkcert/rootCA.pem'
    'DOCKER_IP' => '127.0.0.1'
    'PGPASSWORD' => 'db'
    'CRAFT_WEB_ROOT' => '/var/www/html/web'
    'DDEV_DOCROOT' => 'web'
    'PWD' => '/var/www/html'
    'PLATFORMSH_CLI_UPDATES_CHECK' => '0'
    'DDEV_APPROOT' => '/var/www/html'
    'DDEV_FILES_DIR' => ''
    'START_SCRIPT_TIMEOUT' => '57'
    'APACHE_SITE_TEMPLATE' => '/etc/apache2/apache-site.conf'
    'PHP_INI' => '/etc/php/8.3/fpm/php.ini'
    'DDEV_VERSION' => 'v1.24.10'
    'PRIMARY_SITE_URL' => 'https://derschmuckmacher-v3.ddev.site'
    'TZ' => 'Europe/Zurich'
    'DDEV_XHPROF_MODE' => 'prepend'
    'HTTPS_EXPOSE' => '443:80,8026:8025'
    'COREPACK_HOME' => '/mnt/ddev-global-cache/corepack'
    'CRAFT_DB_DATABASE' => 'db'
    'DDEV_PRIMARY_URL' => 'https://derschmuckmacher-v3.ddev.site'
    'LINES' => '6'
    'DDEV_SITENAME' => 'derschmuckmacher-v3'
    'HOME' => '/home/omar'
    'DRUSH_OPTIONS_URI' => 'https://derschmuckmacher-v3.ddev.site'
    'LANG' => 'C.UTF-8'
    'COLUMNS' => '371'
    'DDEV_MUTAGEN_ENABLED' => 'true'
    'DDEV_USER' => 'omar'
    'PGUSER' => 'db'
    'TERMINUS_CACHE_DIR' => '/mnt/ddev-global-cache/terminus/cache'
    'DDEV_PRIMARY_URL_PORT' => '443'
    'DDEV_ROUTER_HTTP_PORT' => '80'
    'MAILPIT_SMTP_HOSTNAME' => '127.0.0.1'
    'CRAFT_DB_DRIVER' => 'mysql'
    'COMPOSER_PROCESS_TIMEOUT' => '2000'
    'NGINX_SITE_TEMPLATE' => '/etc/nginx/nginx-site.conf'
    'DDEV_FILES_DIRS' => ''
    'CRAFT_DB_SERVER' => 'db'
    'HTTP_EXPOSE' => '80:80,8025:8025'
    'NVM_DIR' => '/home/omar/.nvm'
    'DDEV_PHP_VERSION' => '8.3'
    'DDEV_TLD' => 'ddev.site'
    'DDEV_HOSTNAME' => 'derschmuckmacher-v3.ddev.site'
    'DDEV_PROJECT' => 'derschmuckmacher-v3'
    'DDEV_GOARCH' => 'arm64'
    'VIRTUAL_HOST' => 'derschmuckmacher-v3.ddev.site'
    'TERM' => 'xterm'
    'USER' => 'omar'
    'MYSQL_HISTFILE' => '/mnt/ddev-global-cache/mysqlhistory/derschmuckmacher-v3-web/mysql_history'
    'DDEV_WEB_ENTRYPOINT' => '/mnt/ddev_config/web-entrypoint.d'
    'DDEV_UID' => '501'
    'CAROOT' => '/mnt/ddev-global-cache/mkcert'
    'SHLVL' => '1'
    'COMPOSER_ALLOW_SUPERUSER' => '1'
    'BASH_ENV' => '/etc/bash.nointeractive.bashrc'
    'DDEV_DATABASE' => 'mysql:8.0'
    'PGDATABASE' => 'db'
    'CRAFT_DB_USER' => 'db'
    'DDEV_SCHEME' => 'https'
    'XHPROF_OUTPUT_DIR' => '/tmp/xhprof'
    'COMPOSER_CACHE_DIR' => '/mnt/ddev-global-cache/composer'
    'DDEV_XDEBUG_ENABLED' => 'false'
    'DDEV_DATABASE_FAMILY' => 'mysql'
    'PGHOST' => 'db'
    'DDEV_COMPOSER_ROOT' => '/var/www/html'
    'CRAFT_DB_PASSWORD' => '••'
    'DOCROOT' => 'web'
    'TERMINUS_HIDE_UPDATE_MESSAGE' => '1'
    'PATH' => '/home/omar/bin:/var/www/html/vendor/bin:/usr/local/sbin:/usr/local/bin:/usr/sbin:/usr/bin:/sbin:/bin:/var/www/html/bin:/mnt/ddev-global-cache/global-commands/web'
    'HOST_DOCKER_INTERNAL_IP' => ''
    'DDEV_PROJECT_TYPE' => 'craftcms'
    'DEBIAN_FRONTEND' => 'noninteractive'
    'DDEV_ROUTER_HTTPS_PORT' => '443'
    'EXECIGNORE' => '/var/www/html/vendor/bin/composer'
    'SUPERVISOR_ENABLED' => '1'
    'SUPERVISOR_SERVER_URL' => 'unix:///var/run/supervisor.sock'
    'SUPERVISOR_PROCESS_NAME' => 'php-fpm'
    'SUPERVISOR_GROUP_NAME' => 'php-fpm'
    'HTTP_X_REAL_IP' => '172.18.0.1'
    'HTTP_X_FORWARDED_SERVER' => '9d89c63e5d30'
    'HTTP_X_FORWARDED_PROTO' => 'https'
    'HTTP_X_FORWARDED_PORT' => '443'
    'HTTP_X_FORWARDED_HOST' => 'derschmuckmacher-v3.ddev.site'
    'HTTP_X_FORWARDED_FOR' => '172.18.0.1'
    'HTTP_UPGRADE_INSECURE_REQUESTS' => '1'
    'HTTP_TE' => 'trailers'
    'HTTP_SEC_GPC' => '1'
    'HTTP_SEC_FETCH_USER' => '?1'
    'HTTP_SEC_FETCH_SITE' => 'same-origin'
    'HTTP_SEC_FETCH_MODE' => 'navigate'
    'HTTP_SEC_FETCH_DEST' => 'document'
    'HTTP_REFERER' => 'https://derschmuckmacher-v3.ddev.site/dW2axQ3b/utilities/updates'
    'HTTP_PRIORITY' => 'u=0, i'
    'HTTP_COOKIE' => 'cookieconsent_status=allow; CRAFT_CSRF_TOKEN=f52c2ad1562dd4eaea483aa259f3d9f40e937251911a1f388757fd23df670184a%3A2%3A%7Bi%3A0%3Bs%3A16%3A%22CRAFT_CSRF_TOKEN%22%3Bi%3A1%3Bs%3A147%3A%22oscGmXtgN7lH1IINFeBh9KwfL0sWDqIBBHQCFaaO%7Cb7905baa15fbf45e0730994dfb6501f9dd198752ca26e174cf5f6d5fd0c05b74oscGmXtgN7lH1IINFeBh9KwfL0sWDqIBBHQCFaaO%7C1%22%3B%7D; CraftSessionId=8m6eet0tlm9ao9brq6uoi3p8sq; a8b7b1ec9ffb8baf2c6eaa253fe57112_username=26b9ec8568da68d3882e55afaa5d203483c6c5810ee05b5a55c8a0eb10cab93ea%3A2%3A%7Bi%3A0%3Bs%3A41%3A%22a8b7b1ec9ffb8baf2c6eaa253fe57112_username%22%3Bi%3A1%3Bs%3A8%3A%22odegiuli%22%3B%7D; Craft-3626ffc1-d0a3-42e3-98aa-37e8aa759561_sidebar=expanded; a8b7b1ec9ffb8baf2c6eaa253fe57112_identity=014810335ee2fe011ef02c02b537a1ac7bf3cfa7f2f8fab42103f71f70525ae3a%3A2%3A%7Bi%3A0%3Bs%3A41%3A%22a8b7b1ec9ffb8baf2c6eaa253fe57112_identity%22%3Bi%3A1%3Bs%3A159%3A%22%5B1%2C%22%5B%5C%22W66KgiipJ2zO7LpsWJIt3v8lNdASO5VFU_NWJx8fvJypaXtu7Vb1Uyqznj6tW9NKQQKhWj7c7P7i3tDJATDmANWARJN_Io4GlsP0%5C%22%2Cnull%2C%5C%220ef01a0bceeac5b1d0a2b6557bd3d7b1%5C%22%5D%22%2C3600%5D%22%3B%7D'
    'HTTP_ACCEPT_LANGUAGE' => 'de,en-US;q=0.9,en;q=0.8'
    'HTTP_ACCEPT_ENCODING' => 'gzip, deflate, br, zstd'
    'HTTP_ACCEPT' => 'text/html,application/xhtml+xml,application/xml;q=0.9,*/*;q=0.8'
    'HTTP_USER_AGENT' => 'Mozilla/5.0 (Macintosh; Intel Mac OS X 10.15; rv:150.0) Gecko/20100101 Firefox/150.0'
    'HTTP_HOST' => 'derschmuckmacher-v3.ddev.site'
    'HTTPS' => 'on'
    'REDIRECT_STATUS' => '200'
    'SERVER_NAME' => 'derschmuckmacher-v3.ddev.site'
    'SERVER_PORT' => '80'
    'SERVER_ADDR' => '172.18.0.4'
    'REMOTE_PORT' => '51994'
    'REMOTE_ADDR' => '172.18.0.5'
    'SERVER_SOFTWARE' => 'nginx/1.28.0'
    'GATEWAY_INTERFACE' => 'CGI/1.1'
    'REQUEST_SCHEME' => 'http'
    'SERVER_PROTOCOL' => 'HTTP/1.1'
    'DOCUMENT_ROOT' => '/var/www/html/web'
    'DOCUMENT_URI' => '/index.php'
    'REQUEST_URI' => '/dW2axQ3b/dashboard'
    'CONTENT_LENGTH' => ''
    'CONTENT_TYPE' => ''
    'REQUEST_METHOD' => 'GET'
    'QUERY_STRING' => ''
    'SCRIPT_NAME' => '/index.php'
    'SCRIPT_FILENAME' => '/var/www/html/web/index.php'
    'FCGI_ROLE' => 'RESPONDER'
    'PHP_SELF' => '/index.php'
    'REQUEST_TIME_FLOAT' => 1778919777.2162
    'REQUEST_TIME' => 1778919777
    'CRAFT_APP_ID' => 'CraftCMS--3933bc78-29f5-4b79-bcc5-c31faf0fcd20'
    'CRAFT_ENVIRONMENT' => 'dev'
    'ENVIRONMENT' => 'dev'
    'CRAFT_SECURITY_KEY' => '••••••••••••••••••••••••••••••••'
    'CP_TRIGGER' => 'dW2axQ3b'
    'CRAFT_DB_SCHEMA' => 'public'
    'CRAFT_DB_TABLE_PREFIX' => ''
    'DEV_MODE' => 'true'
    'ALLOW_ADMIN_CHANGES' => 'true'
    'DISALLOW_ROBOTS' => 'true'
    'TIMEZONE' => 'Europe/Zurich'
    'CAPTCHA_SITE_KEY' => '••••••••••••••••••••••••••••••••••••••••'
    'CAPTCHA_SECRET_KEY' => '••••••••••••••••••••••••••••••••••••••••'
    'WEB_URL' => 'https://derschmuckmacher-v3.ddev.site'
    'WEB_ROOT' => '/var/www/html/web'
    'ASSETS_BASE_URL' => 'https://derschmuckmacher-v3.ddev.site/public'
    'ASSETS_BASE_PATH' => '/var/www/html/web/public'
    'SCHMUCK_BASE_URL' => 'https://derschmuckmacher-v3.ddev.site/public/uploads/schmuck'
    'SCHMUCK_BASE_PATH' => '/var/www/html/web/public/uploads/schmuck'
    'BILDER_BASE_URL' => 'https://derschmuckmacher-v3.ddev.site/public/uploads/bilder'
    'BILDER_BASE_PATH' => '/var/www/html/web/public/uploads/bilder'
] {"environment":"dev","userId":1} 
2026-05-16 10:23:57 [web.INFO] [yii\db\Connection::open] Opening DB connection: mysql:host=db;dbname=db;port=3306 {"memory":1100448} 
2026-05-16 10:23:57 [web.INFO] [yii\web\Session::open] Session started {"memory":1522824} 
2026-05-16 10:23:57 [web.INFO] [nystudio107\codeeditor\CodeEditor::bootstrap] CodeEditor module bootstrapped {"memory":1547160} 
2026-05-16 10:23:57 [web.INFO] [adigital\cookieconsentbanner\CookieConsentBanner::init] Cookie Consent Banner plugin loaded {"memory":1764368} 
2026-05-16 10:23:57 [web.INFO] [miranj\obfuscator\Obfuscator::init] Obfuscator plugin loaded {"memory":2725880} 
2026-05-16 10:23:57 [web.INFO] [application] Request context:
$_GET = [
    'p' => 'dW2axQ3b/actions/users/session-info'
    'dontExtendSession' => '1'
    'v' => '1778919837502'
]

$_POST = []

$_FILES = []

$_COOKIE = [
    'cookieconsent_status' => 'allow'
    'CRAFT_CSRF_TOKEN' => '••••••••••••••••••••••••••••••••••••••••••••••••••••••••••••••••••••••••••••••••••••••••••••••••••••••••••••••••••••••••••••••••••••••••••••••••••••••••••••••••••••••••••••••••••••••••••••••••••••••••••••••••••••••••••••••••••••••••••••••••••••••••••••••••••'
    'CraftSessionId' => '8m6eet0tlm9ao9brq6uoi3p8sq'
    'a8b7b1ec9ffb8baf2c6eaa253fe57112_username' => '26b9ec8568da68d3882e55afaa5d203483c6c5810ee05b5a55c8a0eb10cab93ea:2:{i:0;s:41:\"a8b7b1ec9ffb8baf2c6eaa253fe57112_username\";i:1;s:8:\"odegiuli\";}'
    'Craft-3626ffc1-d0a3-42e3-98aa-37e8aa759561_sidebar' => 'expanded'
    'a8b7b1ec9ffb8baf2c6eaa253fe57112_identity' => '014810335ee2fe011ef02c02b537a1ac7bf3cfa7f2f8fab42103f71f70525ae3a:2:{i:0;s:41:\"a8b7b1ec9ffb8baf2c6eaa253fe57112_identity\";i:1;s:159:\"[1,\"[\\\"W66KgiipJ2zO7LpsWJIt3v8lNdASO5VFU_NWJx8fvJypaXtu7Vb1Uyqznj6tW9NKQQKhWj7c7P7i3tDJATDmANWARJN_Io4GlsP0\\\",null,\\\"0ef01a0bceeac5b1d0a2b6557bd3d7b1\\\"]\",3600]\";}'
]

$_SESSION = [
    '22b6a59deafcfb2ffb13c3adf3d98a3b__flash' => []
    'a8b7b1ec9ffb8baf2c6eaa253fe57112__token' => '••••••••••••••••••••••••••••••••••••••••••••••••••••••••••••••••••••••••••••••••••••••••••••••••••••'
    'a8b7b1ec9ffb8baf2c6eaa253fe57112__id' => 1
    '__authKey' => '••••••••••••••••••••••••••••••••••••••••••••••••••••••••••••••••••••••••••••••••••••••••••••••••••••••••••••••••••••••••••••••••••••••••••••••••'
    'a8b7b1ec9ffb8baf2c6eaa253fe57112__expire' => 1778923377
    '__duration' => 3600
    '__elevated_timeout' => 1778920053
]

$_SERVER = [
    'DEPLOY_NAME' => 'local'
    'DDEV_WEBSERVER_TYPE' => 'nginx-fpm'
    'npm_config_cache' => '/mnt/ddev-global-cache/npm'
    'COREPACK_ENABLE_DOWNLOAD_PROMPT' => '0'
    'DDEV_GOOS' => 'darwin'
    'IS_DDEV_PROJECT' => 'true'
    'PHP_DEFAULT_VERSION' => '8.3'
    'HOSTNAME' => 'derschmuckmacher-v3-web'
    'MAILPIT_SMTP_PORT' => '1025'
    'MH_SMTP_BIND_ADDR' => '127.0.0.1:1025'
    'DDEV_PRIMARY_URL_WITHOUT_PORT' => 'https://derschmuckmacher-v3.ddev.site'
    'CRAFT_DB_PORT' => '3306'
    'DDEV_GID' => '20'
    'SSH_AUTH_SOCK' => '/home/.ssh-agent/socket'
    'NODE_EXTRA_CA_CERTS' => '/mnt/ddev-global-cache/mkcert/rootCA.pem'
    'DOCKER_IP' => '127.0.0.1'
    'PGPASSWORD' => 'db'
    'CRAFT_WEB_ROOT' => '/var/www/html/web'
    'DDEV_DOCROOT' => 'web'
    'PWD' => '/var/www/html'
    'PLATFORMSH_CLI_UPDATES_CHECK' => '0'
    'DDEV_APPROOT' => '/var/www/html'
    'DDEV_FILES_DIR' => ''
    'START_SCRIPT_TIMEOUT' => '57'
    'APACHE_SITE_TEMPLATE' => '/etc/apache2/apache-site.conf'
    'PHP_INI' => '/etc/php/8.3/fpm/php.ini'
    'DDEV_VERSION' => 'v1.24.10'
    'PRIMARY_SITE_URL' => 'https://derschmuckmacher-v3.ddev.site'
    'TZ' => 'Europe/Zurich'
    'DDEV_XHPROF_MODE' => 'prepend'
    'HTTPS_EXPOSE' => '443:80,8026:8025'
    'COREPACK_HOME' => '/mnt/ddev-global-cache/corepack'
    'CRAFT_DB_DATABASE' => 'db'
    'DDEV_PRIMARY_URL' => 'https://derschmuckmacher-v3.ddev.site'
    'LINES' => '6'
    'DDEV_SITENAME' => 'derschmuckmacher-v3'
    'HOME' => '/home/omar'
    'DRUSH_OPTIONS_URI' => 'https://derschmuckmacher-v3.ddev.site'
    'LANG' => 'C.UTF-8'
    'COLUMNS' => '371'
    'DDEV_MUTAGEN_ENABLED' => 'true'
    'DDEV_USER' => 'omar'
    'PGUSER' => 'db'
    'TERMINUS_CACHE_DIR' => '/mnt/ddev-global-cache/terminus/cache'
    'DDEV_PRIMARY_URL_PORT' => '443'
    'DDEV_ROUTER_HTTP_PORT' => '80'
    'MAILPIT_SMTP_HOSTNAME' => '127.0.0.1'
    'CRAFT_DB_DRIVER' => 'mysql'
    'COMPOSER_PROCESS_TIMEOUT' => '2000'
    'NGINX_SITE_TEMPLATE' => '/etc/nginx/nginx-site.conf'
    'DDEV_FILES_DIRS' => ''
    'CRAFT_DB_SERVER' => 'db'
    'HTTP_EXPOSE' => '80:80,8025:8025'
    'NVM_DIR' => '/home/omar/.nvm'
    'DDEV_PHP_VERSION' => '8.3'
    'DDEV_TLD' => 'ddev.site'
    'DDEV_HOSTNAME' => 'derschmuckmacher-v3.ddev.site'
    'DDEV_PROJECT' => 'derschmuckmacher-v3'
    'DDEV_GOARCH' => 'arm64'
    'VIRTUAL_HOST' => 'derschmuckmacher-v3.ddev.site'
    'TERM' => 'xterm'
    'USER' => 'omar'
    'MYSQL_HISTFILE' => '/mnt/ddev-global-cache/mysqlhistory/derschmuckmacher-v3-web/mysql_history'
    'DDEV_WEB_ENTRYPOINT' => '/mnt/ddev_config/web-entrypoint.d'
    'DDEV_UID' => '501'
    'CAROOT' => '/mnt/ddev-global-cache/mkcert'
    'SHLVL' => '1'
    'COMPOSER_ALLOW_SUPERUSER' => '1'
    'BASH_ENV' => '/etc/bash.nointeractive.bashrc'
    'DDEV_DATABASE' => 'mysql:8.0'
    'PGDATABASE' => 'db'
    'CRAFT_DB_USER' => 'db'
    'DDEV_SCHEME' => 'https'
    'XHPROF_OUTPUT_DIR' => '/tmp/xhprof'
    'COMPOSER_CACHE_DIR' => '/mnt/ddev-global-cache/composer'
    'DDEV_XDEBUG_ENABLED' => 'false'
    'DDEV_DATABASE_FAMILY' => 'mysql'
    'PGHOST' => 'db'
    'DDEV_COMPOSER_ROOT' => '/var/www/html'
    'CRAFT_DB_PASSWORD' => '••'
    'DOCROOT' => 'web'
    'TERMINUS_HIDE_UPDATE_MESSAGE' => '1'
    'PATH' => '/home/omar/bin:/var/www/html/vendor/bin:/usr/local/sbin:/usr/local/bin:/usr/sbin:/usr/bin:/sbin:/bin:/var/www/html/bin:/mnt/ddev-global-cache/global-commands/web'
    'HOST_DOCKER_INTERNAL_IP' => ''
    'DDEV_PROJECT_TYPE' => 'craftcms'
    'DEBIAN_FRONTEND' => 'noninteractive'
    'DDEV_ROUTER_HTTPS_PORT' => '443'
    'EXECIGNORE' => '/var/www/html/vendor/bin/composer'
    'SUPERVISOR_ENABLED' => '1'
    'SUPERVISOR_SERVER_URL' => 'unix:///var/run/supervisor.sock'
    'SUPERVISOR_PROCESS_NAME' => 'php-fpm'
    'SUPERVISOR_GROUP_NAME' => 'php-fpm'
    'HTTP_X_REQUESTED_WITH' => 'XMLHttpRequest'
    'HTTP_X_REGISTERED_JS_FILES' => ''
    'HTTP_X_REGISTERED_ASSET_BUNDLES' => 'e38a2e07,22e517a2,aee7f8dc,26c46c25,e505ffd6,6b4d7555,bb2f10a0,e5e48399,815d39ea,fc0bc163,1ccab40d,1e21896b,54698ee0,b842675b,1c3c9add,4b1fd285,d8d08e47,8f00ce04,8768f48b,cf3018d6,ec6d0256,11858fc6,8550f857,c7a8fe38'
    'HTTP_X_REAL_IP' => '172.18.0.1'
    'HTTP_X_FORWARDED_SERVER' => '9d89c63e5d30'
    'HTTP_X_FORWARDED_PROTO' => 'https'
    'HTTP_X_FORWARDED_PORT' => '443'
    'HTTP_X_FORWARDED_HOST' => 'derschmuckmacher-v3.ddev.site'
    'HTTP_X_FORWARDED_FOR' => '172.18.0.1'
    'HTTP_X_CSRF_TOKEN' => '••••••••••••••••••••••••••••••••••••••••••••••••••••••••••••••••••••••••••••••••••••••••••••••••••••••••••••••••••••••••••••••••••••••••••••••••••••••••••••••••••••••••••••••••••••••••••••••••••••••••••••••••••••••••••••••••••••••••••••••••••••••••••••••••••••••••••••••••••••••••••••••••••••••••••••••••••••••••••••••••••••••••••••••••••••••••••••••••••••••••••••••••••••••••••••••••••••••••'
    'HTTP_TE' => 'trailers'
    'HTTP_SEC_GPC' => '1'
    'HTTP_SEC_FETCH_SITE' => 'same-origin'
    'HTTP_SEC_FETCH_MODE' => 'cors'
    'HTTP_SEC_FETCH_DEST' => 'empty'
    'HTTP_REFERER' => 'https://derschmuckmacher-v3.ddev.site/dW2axQ3b/dashboard'
    'HTTP_COOKIE' => 'cookieconsent_status=allow; CRAFT_CSRF_TOKEN=f52c2ad1562dd4eaea483aa259f3d9f40e937251911a1f388757fd23df670184a%3A2%3A%7Bi%3A0%3Bs%3A16%3A%22CRAFT_CSRF_TOKEN%22%3Bi%3A1%3Bs%3A147%3A%22oscGmXtgN7lH1IINFeBh9KwfL0sWDqIBBHQCFaaO%7Cb7905baa15fbf45e0730994dfb6501f9dd198752ca26e174cf5f6d5fd0c05b74oscGmXtgN7lH1IINFeBh9KwfL0sWDqIBBHQCFaaO%7C1%22%3B%7D; CraftSessionId=8m6eet0tlm9ao9brq6uoi3p8sq; a8b7b1ec9ffb8baf2c6eaa253fe57112_username=26b9ec8568da68d3882e55afaa5d203483c6c5810ee05b5a55c8a0eb10cab93ea%3A2%3A%7Bi%3A0%3Bs%3A41%3A%22a8b7b1ec9ffb8baf2c6eaa253fe57112_username%22%3Bi%3A1%3Bs%3A8%3A%22odegiuli%22%3B%7D; Craft-3626ffc1-d0a3-42e3-98aa-37e8aa759561_sidebar=expanded; a8b7b1ec9ffb8baf2c6eaa253fe57112_identity=014810335ee2fe011ef02c02b537a1ac7bf3cfa7f2f8fab42103f71f70525ae3a%3A2%3A%7Bi%3A0%3Bs%3A41%3A%22a8b7b1ec9ffb8baf2c6eaa253fe57112_identity%22%3Bi%3A1%3Bs%3A159%3A%22%5B1%2C%22%5B%5C%22W66KgiipJ2zO7LpsWJIt3v8lNdASO5VFU_NWJx8fvJypaXtu7Vb1Uyqznj6tW9NKQQKhWj7c7P7i3tDJATDmANWARJN_Io4GlsP0%5C%22%2Cnull%2C%5C%220ef01a0bceeac5b1d0a2b6557bd3d7b1%5C%22%5D%22%2C3600%5D%22%3B%7D'
    'HTTP_ACCEPT_LANGUAGE' => 'de,en-US;q=0.9,en;q=0.8'
    'HTTP_ACCEPT_ENCODING' => 'gzip, deflate, br, zstd'
    'HTTP_ACCEPT' => 'application/json, text/plain, */*'
    'HTTP_USER_AGENT' => 'Mozilla/5.0 (Macintosh; Intel Mac OS X 10.15; rv:150.0) Gecko/20100101 Firefox/150.0'
    'HTTP_HOST' => 'derschmuckmacher-v3.ddev.site'
    'HTTPS' => 'on'
    'REDIRECT_STATUS' => '200'
    'SERVER_NAME' => 'derschmuckmacher-v3.ddev.site'
    'SERVER_PORT' => '80'
    'SERVER_ADDR' => '172.18.0.4'
    'REMOTE_PORT' => '59582'
    'REMOTE_ADDR' => '172.18.0.5'
    'SERVER_SOFTWARE' => 'nginx/1.28.0'
    'GATEWAY_INTERFACE' => 'CGI/1.1'
    'REQUEST_SCHEME' => 'http'
    'SERVER_PROTOCOL' => 'HTTP/1.1'
    'DOCUMENT_ROOT' => '/var/www/html/web'
    'DOCUMENT_URI' => '/index.php'
    'REQUEST_URI' => '/index.php?p=dW2axQ3b%2Factions%2Fusers%2Fsession-info&dontExtendSession=1&v=1778919837502'
    'CONTENT_LENGTH' => ''
    'CONTENT_TYPE' => ''
    'REQUEST_METHOD' => 'GET'
    'QUERY_STRING' => 'p=dW2axQ3b%2Factions%2Fusers%2Fsession-info&dontExtendSession=1&v=1778919837502'
    'SCRIPT_NAME' => '/index.php'
    'SCRIPT_FILENAME' => '/var/www/html/web/index.php'
    'FCGI_ROLE' => 'RESPONDER'
    'PHP_SELF' => '/index.php'
    'REQUEST_TIME_FLOAT' => 1778919837.522
    'REQUEST_TIME' => 1778919837
    'CRAFT_APP_ID' => 'CraftCMS--3933bc78-29f5-4b79-bcc5-c31faf0fcd20'
    'CRAFT_ENVIRONMENT' => 'dev'
    'ENVIRONMENT' => 'dev'
    'CRAFT_SECURITY_KEY' => '••••••••••••••••••••••••••••••••'
    'CP_TRIGGER' => 'dW2axQ3b'
    'CRAFT_DB_SCHEMA' => 'public'
    'CRAFT_DB_TABLE_PREFIX' => ''
    'DEV_MODE' => 'true'
    'ALLOW_ADMIN_CHANGES' => 'true'
    'DISALLOW_ROBOTS' => 'true'
    'TIMEZONE' => 'Europe/Zurich'
    'CAPTCHA_SITE_KEY' => '••••••••••••••••••••••••••••••••••••••••'
    'CAPTCHA_SECRET_KEY' => '••••••••••••••••••••••••••••••••••••••••'
    'WEB_URL' => 'https://derschmuckmacher-v3.ddev.site'
    'WEB_ROOT' => '/var/www/html/web'
    'ASSETS_BASE_URL' => 'https://derschmuckmacher-v3.ddev.site/public'
    'ASSETS_BASE_PATH' => '/var/www/html/web/public'
    'SCHMUCK_BASE_URL' => 'https://derschmuckmacher-v3.ddev.site/public/uploads/schmuck'
    'SCHMUCK_BASE_PATH' => '/var/www/html/web/public/uploads/schmuck'
    'BILDER_BASE_URL' => 'https://derschmuckmacher-v3.ddev.site/public/uploads/bilder'
    'BILDER_BASE_PATH' => '/var/www/html/web/public/uploads/bilder'
] {"environment":"dev","userId":1} 
2026-05-16 10:24:57 [web.INFO] [yii\db\Connection::open] Opening DB connection: mysql:host=db;dbname=db;port=3306 {"memory":1100448} 
2026-05-16 10:24:57 [web.INFO] [yii\web\Session::open] Session started {"memory":1522720} 
2026-05-16 10:24:57 [web.INFO] [nystudio107\codeeditor\CodeEditor::bootstrap] CodeEditor module bootstrapped {"memory":1547056} 
2026-05-16 10:24:57 [web.INFO] [adigital\cookieconsentbanner\CookieConsentBanner::init] Cookie Consent Banner plugin loaded {"memory":1764264} 
2026-05-16 10:24:57 [web.INFO] [miranj\obfuscator\Obfuscator::init] Obfuscator plugin loaded {"memory":2725776} 
2026-05-16 10:24:57 [web.INFO] [application] Request context:
$_GET = [
    'p' => 'dW2axQ3b/actions/users/session-info'
    'dontExtendSession' => '1'
    'v' => '1778919897591'
]

$_POST = []

$_FILES = []

$_COOKIE = [
    'cookieconsent_status' => 'allow'
    'CRAFT_CSRF_TOKEN' => '••••••••••••••••••••••••••••••••••••••••••••••••••••••••••••••••••••••••••••••••••••••••••••••••••••••••••••••••••••••••••••••••••••••••••••••••••••••••••••••••••••••••••••••••••••••••••••••••••••••••••••••••••••••••••••••••••••••••••••••••••••••••••••••••••'
    'CraftSessionId' => '8m6eet0tlm9ao9brq6uoi3p8sq'
    'a8b7b1ec9ffb8baf2c6eaa253fe57112_username' => '26b9ec8568da68d3882e55afaa5d203483c6c5810ee05b5a55c8a0eb10cab93ea:2:{i:0;s:41:\"a8b7b1ec9ffb8baf2c6eaa253fe57112_username\";i:1;s:8:\"odegiuli\";}'
    'Craft-3626ffc1-d0a3-42e3-98aa-37e8aa759561_sidebar' => 'expanded'
    'a8b7b1ec9ffb8baf2c6eaa253fe57112_identity' => '014810335ee2fe011ef02c02b537a1ac7bf3cfa7f2f8fab42103f71f70525ae3a:2:{i:0;s:41:\"a8b7b1ec9ffb8baf2c6eaa253fe57112_identity\";i:1;s:159:\"[1,\"[\\\"W66KgiipJ2zO7LpsWJIt3v8lNdASO5VFU_NWJx8fvJypaXtu7Vb1Uyqznj6tW9NKQQKhWj7c7P7i3tDJATDmANWARJN_Io4GlsP0\\\",null,\\\"0ef01a0bceeac5b1d0a2b6557bd3d7b1\\\"]\",3600]\";}'
]

$_SESSION = [
    '22b6a59deafcfb2ffb13c3adf3d98a3b__flash' => []
    'a8b7b1ec9ffb8baf2c6eaa253fe57112__token' => '••••••••••••••••••••••••••••••••••••••••••••••••••••••••••••••••••••••••••••••••••••••••••••••••••••'
    'a8b7b1ec9ffb8baf2c6eaa253fe57112__id' => 1
    '__authKey' => '••••••••••••••••••••••••••••••••••••••••••••••••••••••••••••••••••••••••••••••••••••••••••••••••••••••••••••••••••••••••••••••••••••••••••••••••'
    'a8b7b1ec9ffb8baf2c6eaa253fe57112__expire' => 1778923377
    '__duration' => 3600
    '__elevated_timeout' => 1778920053
]

$_SERVER = [
    'DEPLOY_NAME' => 'local'
    'DDEV_WEBSERVER_TYPE' => 'nginx-fpm'
    'npm_config_cache' => '/mnt/ddev-global-cache/npm'
    'COREPACK_ENABLE_DOWNLOAD_PROMPT' => '0'
    'DDEV_GOOS' => 'darwin'
    'IS_DDEV_PROJECT' => 'true'
    'PHP_DEFAULT_VERSION' => '8.3'
    'HOSTNAME' => 'derschmuckmacher-v3-web'
    'MAILPIT_SMTP_PORT' => '1025'
    'MH_SMTP_BIND_ADDR' => '127.0.0.1:1025'
    'DDEV_PRIMARY_URL_WITHOUT_PORT' => 'https://derschmuckmacher-v3.ddev.site'
    'CRAFT_DB_PORT' => '3306'
    'DDEV_GID' => '20'
    'SSH_AUTH_SOCK' => '/home/.ssh-agent/socket'
    'NODE_EXTRA_CA_CERTS' => '/mnt/ddev-global-cache/mkcert/rootCA.pem'
    'DOCKER_IP' => '127.0.0.1'
    'PGPASSWORD' => 'db'
    'CRAFT_WEB_ROOT' => '/var/www/html/web'
    'DDEV_DOCROOT' => 'web'
    'PWD' => '/var/www/html'
    'PLATFORMSH_CLI_UPDATES_CHECK' => '0'
    'DDEV_APPROOT' => '/var/www/html'
    'DDEV_FILES_DIR' => ''
    'START_SCRIPT_TIMEOUT' => '57'
    'APACHE_SITE_TEMPLATE' => '/etc/apache2/apache-site.conf'
    'PHP_INI' => '/etc/php/8.3/fpm/php.ini'
    'DDEV_VERSION' => 'v1.24.10'
    'PRIMARY_SITE_URL' => 'https://derschmuckmacher-v3.ddev.site'
    'TZ' => 'Europe/Zurich'
    'DDEV_XHPROF_MODE' => 'prepend'
    'HTTPS_EXPOSE' => '443:80,8026:8025'
    'COREPACK_HOME' => '/mnt/ddev-global-cache/corepack'
    'CRAFT_DB_DATABASE' => 'db'
    'DDEV_PRIMARY_URL' => 'https://derschmuckmacher-v3.ddev.site'
    'LINES' => '6'
    'DDEV_SITENAME' => 'derschmuckmacher-v3'
    'HOME' => '/home/omar'
    'DRUSH_OPTIONS_URI' => 'https://derschmuckmacher-v3.ddev.site'
    'LANG' => 'C.UTF-8'
    'COLUMNS' => '371'
    'DDEV_MUTAGEN_ENABLED' => 'true'
    'DDEV_USER' => 'omar'
    'PGUSER' => 'db'
    'TERMINUS_CACHE_DIR' => '/mnt/ddev-global-cache/terminus/cache'
    'DDEV_PRIMARY_URL_PORT' => '443'
    'DDEV_ROUTER_HTTP_PORT' => '80'
    'MAILPIT_SMTP_HOSTNAME' => '127.0.0.1'
    'CRAFT_DB_DRIVER' => 'mysql'
    'COMPOSER_PROCESS_TIMEOUT' => '2000'
    'NGINX_SITE_TEMPLATE' => '/etc/nginx/nginx-site.conf'
    'DDEV_FILES_DIRS' => ''
    'CRAFT_DB_SERVER' => 'db'
    'HTTP_EXPOSE' => '80:80,8025:8025'
    'NVM_DIR' => '/home/omar/.nvm'
    'DDEV_PHP_VERSION' => '8.3'
    'DDEV_TLD' => 'ddev.site'
    'DDEV_HOSTNAME' => 'derschmuckmacher-v3.ddev.site'
    'DDEV_PROJECT' => 'derschmuckmacher-v3'
    'DDEV_GOARCH' => 'arm64'
    'VIRTUAL_HOST' => 'derschmuckmacher-v3.ddev.site'
    'TERM' => 'xterm'
    'USER' => 'omar'
    'MYSQL_HISTFILE' => '/mnt/ddev-global-cache/mysqlhistory/derschmuckmacher-v3-web/mysql_history'
    'DDEV_WEB_ENTRYPOINT' => '/mnt/ddev_config/web-entrypoint.d'
    'DDEV_UID' => '501'
    'CAROOT' => '/mnt/ddev-global-cache/mkcert'
    'SHLVL' => '1'
    'COMPOSER_ALLOW_SUPERUSER' => '1'
    'BASH_ENV' => '/etc/bash.nointeractive.bashrc'
    'DDEV_DATABASE' => 'mysql:8.0'
    'PGDATABASE' => 'db'
    'CRAFT_DB_USER' => 'db'
    'DDEV_SCHEME' => 'https'
    'XHPROF_OUTPUT_DIR' => '/tmp/xhprof'
    'COMPOSER_CACHE_DIR' => '/mnt/ddev-global-cache/composer'
    'DDEV_XDEBUG_ENABLED' => 'false'
    'DDEV_DATABASE_FAMILY' => 'mysql'
    'PGHOST' => 'db'
    'DDEV_COMPOSER_ROOT' => '/var/www/html'
    'CRAFT_DB_PASSWORD' => '••'
    'DOCROOT' => 'web'
    'TERMINUS_HIDE_UPDATE_MESSAGE' => '1'
    'PATH' => '/home/omar/bin:/var/www/html/vendor/bin:/usr/local/sbin:/usr/local/bin:/usr/sbin:/usr/bin:/sbin:/bin:/var/www/html/bin:/mnt/ddev-global-cache/global-commands/web'
    'HOST_DOCKER_INTERNAL_IP' => ''
    'DDEV_PROJECT_TYPE' => 'craftcms'
    'DEBIAN_FRONTEND' => 'noninteractive'
    'DDEV_ROUTER_HTTPS_PORT' => '443'
    'EXECIGNORE' => '/var/www/html/vendor/bin/composer'
    'SUPERVISOR_ENABLED' => '1'
    'SUPERVISOR_SERVER_URL' => 'unix:///var/run/supervisor.sock'
    'SUPERVISOR_PROCESS_NAME' => 'php-fpm'
    'SUPERVISOR_GROUP_NAME' => 'php-fpm'
    'HTTP_X_REQUESTED_WITH' => 'XMLHttpRequest'
    'HTTP_X_REGISTERED_JS_FILES' => ''
    'HTTP_X_REGISTERED_ASSET_BUNDLES' => 'e38a2e07,22e517a2,aee7f8dc,26c46c25,e505ffd6,6b4d7555,bb2f10a0,e5e48399,815d39ea,fc0bc163,1ccab40d,1e21896b,54698ee0,b842675b,1c3c9add,4b1fd285,d8d08e47,8f00ce04,8768f48b,cf3018d6,ec6d0256,11858fc6,8550f857,c7a8fe38'
    'HTTP_X_REAL_IP' => '172.18.0.1'
    'HTTP_X_FORWARDED_SERVER' => '9d89c63e5d30'
    'HTTP_X_FORWARDED_PROTO' => 'https'
    'HTTP_X_FORWARDED_PORT' => '443'
    'HTTP_X_FORWARDED_HOST' => 'derschmuckmacher-v3.ddev.site'
    'HTTP_X_FORWARDED_FOR' => '172.18.0.1'
    'HTTP_X_CSRF_TOKEN' => '••••••••••••••••••••••••••••••••••••••••••••••••••••••••••••••••••••••••••••••••••••••••••••••••••••••••••••••••••••••••••••••••••••••••••••••••••••••••••••••••••••••••••••••••••••••••••••••••••••••••••••••••••••••••••••••••••••••••••••••••••••••••••••••••••••••••••••••••••••••••••••••••••••••••••••••••••••••••••••••••••••••••••••••••••••••••••••••••••••••••••••••••••••••••••••••••••••••••'
    'HTTP_TE' => 'trailers'
    'HTTP_SEC_GPC' => '1'
    'HTTP_SEC_FETCH_SITE' => 'same-origin'
    'HTTP_SEC_FETCH_MODE' => 'cors'
    'HTTP_SEC_FETCH_DEST' => 'empty'
    'HTTP_REFERER' => 'https://derschmuckmacher-v3.ddev.site/dW2axQ3b/dashboard'
    'HTTP_COOKIE' => 'cookieconsent_status=allow; CRAFT_CSRF_TOKEN=f52c2ad1562dd4eaea483aa259f3d9f40e937251911a1f388757fd23df670184a%3A2%3A%7Bi%3A0%3Bs%3A16%3A%22CRAFT_CSRF_TOKEN%22%3Bi%3A1%3Bs%3A147%3A%22oscGmXtgN7lH1IINFeBh9KwfL0sWDqIBBHQCFaaO%7Cb7905baa15fbf45e0730994dfb6501f9dd198752ca26e174cf5f6d5fd0c05b74oscGmXtgN7lH1IINFeBh9KwfL0sWDqIBBHQCFaaO%7C1%22%3B%7D; CraftSessionId=8m6eet0tlm9ao9brq6uoi3p8sq; a8b7b1ec9ffb8baf2c6eaa253fe57112_username=26b9ec8568da68d3882e55afaa5d203483c6c5810ee05b5a55c8a0eb10cab93ea%3A2%3A%7Bi%3A0%3Bs%3A41%3A%22a8b7b1ec9ffb8baf2c6eaa253fe57112_username%22%3Bi%3A1%3Bs%3A8%3A%22odegiuli%22%3B%7D; Craft-3626ffc1-d0a3-42e3-98aa-37e8aa759561_sidebar=expanded; a8b7b1ec9ffb8baf2c6eaa253fe57112_identity=014810335ee2fe011ef02c02b537a1ac7bf3cfa7f2f8fab42103f71f70525ae3a%3A2%3A%7Bi%3A0%3Bs%3A41%3A%22a8b7b1ec9ffb8baf2c6eaa253fe57112_identity%22%3Bi%3A1%3Bs%3A159%3A%22%5B1%2C%22%5B%5C%22W66KgiipJ2zO7LpsWJIt3v8lNdASO5VFU_NWJx8fvJypaXtu7Vb1Uyqznj6tW9NKQQKhWj7c7P7i3tDJATDmANWARJN_Io4GlsP0%5C%22%2Cnull%2C%5C%220ef01a0bceeac5b1d0a2b6557bd3d7b1%5C%22%5D%22%2C3600%5D%22%3B%7D'
    'HTTP_ACCEPT_LANGUAGE' => 'de,en-US;q=0.9,en;q=0.8'
    'HTTP_ACCEPT_ENCODING' => 'gzip, deflate, br, zstd'
    'HTTP_ACCEPT' => 'application/json, text/plain, */*'
    'HTTP_USER_AGENT' => 'Mozilla/5.0 (Macintosh; Intel Mac OS X 10.15; rv:150.0) Gecko/20100101 Firefox/150.0'
    'HTTP_HOST' => 'derschmuckmacher-v3.ddev.site'
    'HTTPS' => 'on'
    'REDIRECT_STATUS' => '200'
    'SERVER_NAME' => 'derschmuckmacher-v3.ddev.site'
    'SERVER_PORT' => '80'
    'SERVER_ADDR' => '172.18.0.4'
    'REMOTE_PORT' => '32782'
    'REMOTE_ADDR' => '172.18.0.5'
    'SERVER_SOFTWARE' => 'nginx/1.28.0'
    'GATEWAY_INTERFACE' => 'CGI/1.1'
    'REQUEST_SCHEME' => 'http'
    'SERVER_PROTOCOL' => 'HTTP/1.1'
    'DOCUMENT_ROOT' => '/var/www/html/web'
    'DOCUMENT_URI' => '/index.php'
    'REQUEST_URI' => '/index.php?p=dW2axQ3b%2Factions%2Fusers%2Fsession-info&dontExtendSession=1&v=1778919897591'
    'CONTENT_LENGTH' => ''
    'CONTENT_TYPE' => ''
    'REQUEST_METHOD' => 'GET'
    'QUERY_STRING' => 'p=dW2axQ3b%2Factions%2Fusers%2Fsession-info&dontExtendSession=1&v=1778919897591'
    'SCRIPT_NAME' => '/index.php'
    'SCRIPT_FILENAME' => '/var/www/html/web/index.php'
    'FCGI_ROLE' => 'RESPONDER'
    'PHP_SELF' => '/index.php'
    'REQUEST_TIME_FLOAT' => 1778919897.6302
    'REQUEST_TIME' => 1778919897
    'CRAFT_APP_ID' => 'CraftCMS--3933bc78-29f5-4b79-bcc5-c31faf0fcd20'
    'CRAFT_ENVIRONMENT' => 'dev'
    'ENVIRONMENT' => 'dev'
    'CRAFT_SECURITY_KEY' => '••••••••••••••••••••••••••••••••'
    'CP_TRIGGER' => 'dW2axQ3b'
    'CRAFT_DB_SCHEMA' => 'public'
    'CRAFT_DB_TABLE_PREFIX' => ''
    'DEV_MODE' => 'true'
    'ALLOW_ADMIN_CHANGES' => 'true'
    'DISALLOW_ROBOTS' => 'true'
    'TIMEZONE' => 'Europe/Zurich'
    'CAPTCHA_SITE_KEY' => '••••••••••••••••••••••••••••••••••••••••'
    'CAPTCHA_SECRET_KEY' => '••••••••••••••••••••••••••••••••••••••••'
    'WEB_URL' => 'https://derschmuckmacher-v3.ddev.site'
    'WEB_ROOT' => '/var/www/html/web'
    'ASSETS_BASE_URL' => 'https://derschmuckmacher-v3.ddev.site/public'
    'ASSETS_BASE_PATH' => '/var/www/html/web/public'
    'SCHMUCK_BASE_URL' => 'https://derschmuckmacher-v3.ddev.site/public/uploads/schmuck'
    'SCHMUCK_BASE_PATH' => '/var/www/html/web/public/uploads/schmuck'
    'BILDER_BASE_URL' => 'https://derschmuckmacher-v3.ddev.site/public/uploads/bilder'
    'BILDER_BASE_PATH' => '/var/www/html/web/public/uploads/bilder'
] {"environment":"dev","userId":1} 
2026-05-16 10:25:57 [web.INFO] [yii\db\Connection::open] Opening DB connection: mysql:host=db;dbname=db;port=3306 {"memory":1100448} 
2026-05-16 10:25:57 [web.INFO] [yii\web\Session::open] Session started {"memory":1522720} 
2026-05-16 10:25:57 [web.INFO] [nystudio107\codeeditor\CodeEditor::bootstrap] CodeEditor module bootstrapped {"memory":1547056} 
2026-05-16 10:25:57 [web.INFO] [adigital\cookieconsentbanner\CookieConsentBanner::init] Cookie Consent Banner plugin loaded {"memory":1764264} 
2026-05-16 10:25:57 [web.INFO] [miranj\obfuscator\Obfuscator::init] Obfuscator plugin loaded {"memory":2725776} 
2026-05-16 10:25:57 [web.INFO] [application] Request context:
$_GET = [
    'p' => 'dW2axQ3b/actions/users/session-info'
    'dontExtendSession' => '1'
    'v' => '1778919957690'
]

$_POST = []

$_FILES = []

$_COOKIE = [
    'cookieconsent_status' => 'allow'
    'CRAFT_CSRF_TOKEN' => '••••••••••••••••••••••••••••••••••••••••••••••••••••••••••••••••••••••••••••••••••••••••••••••••••••••••••••••••••••••••••••••••••••••••••••••••••••••••••••••••••••••••••••••••••••••••••••••••••••••••••••••••••••••••••••••••••••••••••••••••••••••••••••••••••'
    'CraftSessionId' => '8m6eet0tlm9ao9brq6uoi3p8sq'
    'a8b7b1ec9ffb8baf2c6eaa253fe57112_username' => '26b9ec8568da68d3882e55afaa5d203483c6c5810ee05b5a55c8a0eb10cab93ea:2:{i:0;s:41:\"a8b7b1ec9ffb8baf2c6eaa253fe57112_username\";i:1;s:8:\"odegiuli\";}'
    'Craft-3626ffc1-d0a3-42e3-98aa-37e8aa759561_sidebar' => 'expanded'
    'a8b7b1ec9ffb8baf2c6eaa253fe57112_identity' => '014810335ee2fe011ef02c02b537a1ac7bf3cfa7f2f8fab42103f71f70525ae3a:2:{i:0;s:41:\"a8b7b1ec9ffb8baf2c6eaa253fe57112_identity\";i:1;s:159:\"[1,\"[\\\"W66KgiipJ2zO7LpsWJIt3v8lNdASO5VFU_NWJx8fvJypaXtu7Vb1Uyqznj6tW9NKQQKhWj7c7P7i3tDJATDmANWARJN_Io4GlsP0\\\",null,\\\"0ef01a0bceeac5b1d0a2b6557bd3d7b1\\\"]\",3600]\";}'
]

$_SESSION = [
    '22b6a59deafcfb2ffb13c3adf3d98a3b__flash' => []
    'a8b7b1ec9ffb8baf2c6eaa253fe57112__token' => '••••••••••••••••••••••••••••••••••••••••••••••••••••••••••••••••••••••••••••••••••••••••••••••••••••'
    'a8b7b1ec9ffb8baf2c6eaa253fe57112__id' => 1
    '__authKey' => '••••••••••••••••••••••••••••••••••••••••••••••••••••••••••••••••••••••••••••••••••••••••••••••••••••••••••••••••••••••••••••••••••••••••••••••••'
    'a8b7b1ec9ffb8baf2c6eaa253fe57112__expire' => 1778923377
    '__duration' => 3600
    '__elevated_timeout' => 1778920053
]

$_SERVER = [
    'DEPLOY_NAME' => 'local'
    'DDEV_WEBSERVER_TYPE' => 'nginx-fpm'
    'npm_config_cache' => '/mnt/ddev-global-cache/npm'
    'COREPACK_ENABLE_DOWNLOAD_PROMPT' => '0'
    'DDEV_GOOS' => 'darwin'
    'IS_DDEV_PROJECT' => 'true'
    'PHP_DEFAULT_VERSION' => '8.3'
    'HOSTNAME' => 'derschmuckmacher-v3-web'
    'MAILPIT_SMTP_PORT' => '1025'
    'MH_SMTP_BIND_ADDR' => '127.0.0.1:1025'
    'DDEV_PRIMARY_URL_WITHOUT_PORT' => 'https://derschmuckmacher-v3.ddev.site'
    'CRAFT_DB_PORT' => '3306'
    'DDEV_GID' => '20'
    'SSH_AUTH_SOCK' => '/home/.ssh-agent/socket'
    'NODE_EXTRA_CA_CERTS' => '/mnt/ddev-global-cache/mkcert/rootCA.pem'
    'DOCKER_IP' => '127.0.0.1'
    'PGPASSWORD' => 'db'
    'CRAFT_WEB_ROOT' => '/var/www/html/web'
    'DDEV_DOCROOT' => 'web'
    'PWD' => '/var/www/html'
    'PLATFORMSH_CLI_UPDATES_CHECK' => '0'
    'DDEV_APPROOT' => '/var/www/html'
    'DDEV_FILES_DIR' => ''
    'START_SCRIPT_TIMEOUT' => '57'
    'APACHE_SITE_TEMPLATE' => '/etc/apache2/apache-site.conf'
    'PHP_INI' => '/etc/php/8.3/fpm/php.ini'
    'DDEV_VERSION' => 'v1.24.10'
    'PRIMARY_SITE_URL' => 'https://derschmuckmacher-v3.ddev.site'
    'TZ' => 'Europe/Zurich'
    'DDEV_XHPROF_MODE' => 'prepend'
    'HTTPS_EXPOSE' => '443:80,8026:8025'
    'COREPACK_HOME' => '/mnt/ddev-global-cache/corepack'
    'CRAFT_DB_DATABASE' => 'db'
    'DDEV_PRIMARY_URL' => 'https://derschmuckmacher-v3.ddev.site'
    'LINES' => '6'
    'DDEV_SITENAME' => 'derschmuckmacher-v3'
    'HOME' => '/home/omar'
    'DRUSH_OPTIONS_URI' => 'https://derschmuckmacher-v3.ddev.site'
    'LANG' => 'C.UTF-8'
    'COLUMNS' => '371'
    'DDEV_MUTAGEN_ENABLED' => 'true'
    'DDEV_USER' => 'omar'
    'PGUSER' => 'db'
    'TERMINUS_CACHE_DIR' => '/mnt/ddev-global-cache/terminus/cache'
    'DDEV_PRIMARY_URL_PORT' => '443'
    'DDEV_ROUTER_HTTP_PORT' => '80'
    'MAILPIT_SMTP_HOSTNAME' => '127.0.0.1'
    'CRAFT_DB_DRIVER' => 'mysql'
    'COMPOSER_PROCESS_TIMEOUT' => '2000'
    'NGINX_SITE_TEMPLATE' => '/etc/nginx/nginx-site.conf'
    'DDEV_FILES_DIRS' => ''
    'CRAFT_DB_SERVER' => 'db'
    'HTTP_EXPOSE' => '80:80,8025:8025'
    'NVM_DIR' => '/home/omar/.nvm'
    'DDEV_PHP_VERSION' => '8.3'
    'DDEV_TLD' => 'ddev.site'
    'DDEV_HOSTNAME' => 'derschmuckmacher-v3.ddev.site'
    'DDEV_PROJECT' => 'derschmuckmacher-v3'
    'DDEV_GOARCH' => 'arm64'
    'VIRTUAL_HOST' => 'derschmuckmacher-v3.ddev.site'
    'TERM' => 'xterm'
    'USER' => 'omar'
    'MYSQL_HISTFILE' => '/mnt/ddev-global-cache/mysqlhistory/derschmuckmacher-v3-web/mysql_history'
    'DDEV_WEB_ENTRYPOINT' => '/mnt/ddev_config/web-entrypoint.d'
    'DDEV_UID' => '501'
    'CAROOT' => '/mnt/ddev-global-cache/mkcert'
    'SHLVL' => '1'
    'COMPOSER_ALLOW_SUPERUSER' => '1'
    'BASH_ENV' => '/etc/bash.nointeractive.bashrc'
    'DDEV_DATABASE' => 'mysql:8.0'
    'PGDATABASE' => 'db'
    'CRAFT_DB_USER' => 'db'
    'DDEV_SCHEME' => 'https'
    'XHPROF_OUTPUT_DIR' => '/tmp/xhprof'
    'COMPOSER_CACHE_DIR' => '/mnt/ddev-global-cache/composer'
    'DDEV_XDEBUG_ENABLED' => 'false'
    'DDEV_DATABASE_FAMILY' => 'mysql'
    'PGHOST' => 'db'
    'DDEV_COMPOSER_ROOT' => '/var/www/html'
    'CRAFT_DB_PASSWORD' => '••'
    'DOCROOT' => 'web'
    'TERMINUS_HIDE_UPDATE_MESSAGE' => '1'
    'PATH' => '/home/omar/bin:/var/www/html/vendor/bin:/usr/local/sbin:/usr/local/bin:/usr/sbin:/usr/bin:/sbin:/bin:/var/www/html/bin:/mnt/ddev-global-cache/global-commands/web'
    'HOST_DOCKER_INTERNAL_IP' => ''
    'DDEV_PROJECT_TYPE' => 'craftcms'
    'DEBIAN_FRONTEND' => 'noninteractive'
    'DDEV_ROUTER_HTTPS_PORT' => '443'
    'EXECIGNORE' => '/var/www/html/vendor/bin/composer'
    'SUPERVISOR_ENABLED' => '1'
    'SUPERVISOR_SERVER_URL' => 'unix:///var/run/supervisor.sock'
    'SUPERVISOR_PROCESS_NAME' => 'php-fpm'
    'SUPERVISOR_GROUP_NAME' => 'php-fpm'
    'HTTP_X_REQUESTED_WITH' => 'XMLHttpRequest'
    'HTTP_X_REGISTERED_JS_FILES' => ''
    'HTTP_X_REGISTERED_ASSET_BUNDLES' => 'e38a2e07,22e517a2,aee7f8dc,26c46c25,e505ffd6,6b4d7555,bb2f10a0,e5e48399,815d39ea,fc0bc163,1ccab40d,1e21896b,54698ee0,b842675b,1c3c9add,4b1fd285,d8d08e47,8f00ce04,8768f48b,cf3018d6,ec6d0256,11858fc6,8550f857,c7a8fe38'
    'HTTP_X_REAL_IP' => '172.18.0.1'
    'HTTP_X_FORWARDED_SERVER' => '9d89c63e5d30'
    'HTTP_X_FORWARDED_PROTO' => 'https'
    'HTTP_X_FORWARDED_PORT' => '443'
    'HTTP_X_FORWARDED_HOST' => 'derschmuckmacher-v3.ddev.site'
    'HTTP_X_FORWARDED_FOR' => '172.18.0.1'
    'HTTP_X_CSRF_TOKEN' => '••••••••••••••••••••••••••••••••••••••••••••••••••••••••••••••••••••••••••••••••••••••••••••••••••••••••••••••••••••••••••••••••••••••••••••••••••••••••••••••••••••••••••••••••••••••••••••••••••••••••••••••••••••••••••••••••••••••••••••••••••••••••••••••••••••••••••••••••••••••••••••••••••••••••••••••••••••••••••••••••••••••••••••••••••••••••••••••••••••••••••••••••••••••••••••••••••••••••'
    'HTTP_TE' => 'trailers'
    'HTTP_SEC_GPC' => '1'
    'HTTP_SEC_FETCH_SITE' => 'same-origin'
    'HTTP_SEC_FETCH_MODE' => 'cors'
    'HTTP_SEC_FETCH_DEST' => 'empty'
    'HTTP_REFERER' => 'https://derschmuckmacher-v3.ddev.site/dW2axQ3b/dashboard'
    'HTTP_COOKIE' => 'cookieconsent_status=allow; CRAFT_CSRF_TOKEN=f52c2ad1562dd4eaea483aa259f3d9f40e937251911a1f388757fd23df670184a%3A2%3A%7Bi%3A0%3Bs%3A16%3A%22CRAFT_CSRF_TOKEN%22%3Bi%3A1%3Bs%3A147%3A%22oscGmXtgN7lH1IINFeBh9KwfL0sWDqIBBHQCFaaO%7Cb7905baa15fbf45e0730994dfb6501f9dd198752ca26e174cf5f6d5fd0c05b74oscGmXtgN7lH1IINFeBh9KwfL0sWDqIBBHQCFaaO%7C1%22%3B%7D; CraftSessionId=8m6eet0tlm9ao9brq6uoi3p8sq; a8b7b1ec9ffb8baf2c6eaa253fe57112_username=26b9ec8568da68d3882e55afaa5d203483c6c5810ee05b5a55c8a0eb10cab93ea%3A2%3A%7Bi%3A0%3Bs%3A41%3A%22a8b7b1ec9ffb8baf2c6eaa253fe57112_username%22%3Bi%3A1%3Bs%3A8%3A%22odegiuli%22%3B%7D; Craft-3626ffc1-d0a3-42e3-98aa-37e8aa759561_sidebar=expanded; a8b7b1ec9ffb8baf2c6eaa253fe57112_identity=014810335ee2fe011ef02c02b537a1ac7bf3cfa7f2f8fab42103f71f70525ae3a%3A2%3A%7Bi%3A0%3Bs%3A41%3A%22a8b7b1ec9ffb8baf2c6eaa253fe57112_identity%22%3Bi%3A1%3Bs%3A159%3A%22%5B1%2C%22%5B%5C%22W66KgiipJ2zO7LpsWJIt3v8lNdASO5VFU_NWJx8fvJypaXtu7Vb1Uyqznj6tW9NKQQKhWj7c7P7i3tDJATDmANWARJN_Io4GlsP0%5C%22%2Cnull%2C%5C%220ef01a0bceeac5b1d0a2b6557bd3d7b1%5C%22%5D%22%2C3600%5D%22%3B%7D'
    'HTTP_ACCEPT_LANGUAGE' => 'de,en-US;q=0.9,en;q=0.8'
    'HTTP_ACCEPT_ENCODING' => 'gzip, deflate, br, zstd'
    'HTTP_ACCEPT' => 'application/json, text/plain, */*'
    'HTTP_USER_AGENT' => 'Mozilla/5.0 (Macintosh; Intel Mac OS X 10.15; rv:150.0) Gecko/20100101 Firefox/150.0'
    'HTTP_HOST' => 'derschmuckmacher-v3.ddev.site'
    'HTTPS' => 'on'
    'REDIRECT_STATUS' => '200'
    'SERVER_NAME' => 'derschmuckmacher-v3.ddev.site'
    'SERVER_PORT' => '80'
    'SERVER_ADDR' => '172.18.0.4'
    'REMOTE_PORT' => '59720'
    'REMOTE_ADDR' => '172.18.0.5'
    'SERVER_SOFTWARE' => 'nginx/1.28.0'
    'GATEWAY_INTERFACE' => 'CGI/1.1'
    'REQUEST_SCHEME' => 'http'
    'SERVER_PROTOCOL' => 'HTTP/1.1'
    'DOCUMENT_ROOT' => '/var/www/html/web'
    'DOCUMENT_URI' => '/index.php'
    'REQUEST_URI' => '/index.php?p=dW2axQ3b%2Factions%2Fusers%2Fsession-info&dontExtendSession=1&v=1778919957690'
    'CONTENT_LENGTH' => ''
    'CONTENT_TYPE' => ''
    'REQUEST_METHOD' => 'GET'
    'QUERY_STRING' => 'p=dW2axQ3b%2Factions%2Fusers%2Fsession-info&dontExtendSession=1&v=1778919957690'
    'SCRIPT_NAME' => '/index.php'
    'SCRIPT_FILENAME' => '/var/www/html/web/index.php'
    'FCGI_ROLE' => 'RESPONDER'
    'PHP_SELF' => '/index.php'
    'REQUEST_TIME_FLOAT' => 1778919957.71
    'REQUEST_TIME' => 1778919957
    'CRAFT_APP_ID' => 'CraftCMS--3933bc78-29f5-4b79-bcc5-c31faf0fcd20'
    'CRAFT_ENVIRONMENT' => 'dev'
    'ENVIRONMENT' => 'dev'
    'CRAFT_SECURITY_KEY' => '••••••••••••••••••••••••••••••••'
    'CP_TRIGGER' => 'dW2axQ3b'
    'CRAFT_DB_SCHEMA' => 'public'
    'CRAFT_DB_TABLE_PREFIX' => ''
    'DEV_MODE' => 'true'
    'ALLOW_ADMIN_CHANGES' => 'true'
    'DISALLOW_ROBOTS' => 'true'
    'TIMEZONE' => 'Europe/Zurich'
    'CAPTCHA_SITE_KEY' => '••••••••••••••••••••••••••••••••••••••••'
    'CAPTCHA_SECRET_KEY' => '••••••••••••••••••••••••••••••••••••••••'
    'WEB_URL' => 'https://derschmuckmacher-v3.ddev.site'
    'WEB_ROOT' => '/var/www/html/web'
    'ASSETS_BASE_URL' => 'https://derschmuckmacher-v3.ddev.site/public'
    'ASSETS_BASE_PATH' => '/var/www/html/web/public'
    'SCHMUCK_BASE_URL' => 'https://derschmuckmacher-v3.ddev.site/public/uploads/schmuck'
    'SCHMUCK_BASE_PATH' => '/var/www/html/web/public/uploads/schmuck'
    'BILDER_BASE_URL' => 'https://derschmuckmacher-v3.ddev.site/public/uploads/bilder'
    'BILDER_BASE_PATH' => '/var/www/html/web/public/uploads/bilder'
] {"environment":"dev","userId":1} 
2026-05-16 10:26:51 [web.INFO] [yii\db\Connection::open] Opening DB connection: mysql:host=db;dbname=db;port=3306 {"memory":1097512} 
2026-05-16 10:26:51 [web.INFO] [nystudio107\codeeditor\CodeEditor::bootstrap] CodeEditor module bootstrapped {"memory":1534176} 
2026-05-16 10:26:51 [web.INFO] [adigital\cookieconsentbanner\CookieConsentBanner::init] Cookie Consent Banner plugin loaded {"memory":1720408} 
2026-05-16 10:26:51 [web.INFO] [miranj\obfuscator\Obfuscator::init] Obfuscator plugin loaded {"memory":2689512} 
2026-05-16 10:26:51 [web.INFO] [yii\web\Session::open] Session started {"memory":2712568} 
2026-05-16 10:26:51 [web.INFO] [application] Request context:
$_GET = []

$_POST = []

$_FILES = []

$_COOKIE = [
    'cookieconsent_status' => 'allow'
    'CRAFT_CSRF_TOKEN' => '••••••••••••••••••••••••••••••••••••••••••••••••••••••••••••••••••••••••••••••••••••••••••••••••••••••••••••••••••••••••••••••••••••••••••••••••••••••••••••••••••••••••••••••••••••••••••••••••••••••••••••••••••••••••••••••••••••••••••••••••••••••••••••••••••'
    'CraftSessionId' => '8m6eet0tlm9ao9brq6uoi3p8sq'
    'a8b7b1ec9ffb8baf2c6eaa253fe57112_username' => '26b9ec8568da68d3882e55afaa5d203483c6c5810ee05b5a55c8a0eb10cab93ea:2:{i:0;s:41:\"a8b7b1ec9ffb8baf2c6eaa253fe57112_username\";i:1;s:8:\"odegiuli\";}'
    'Craft-3626ffc1-d0a3-42e3-98aa-37e8aa759561_sidebar' => 'expanded'
    'a8b7b1ec9ffb8baf2c6eaa253fe57112_identity' => '014810335ee2fe011ef02c02b537a1ac7bf3cfa7f2f8fab42103f71f70525ae3a:2:{i:0;s:41:\"a8b7b1ec9ffb8baf2c6eaa253fe57112_identity\";i:1;s:159:\"[1,\"[\\\"W66KgiipJ2zO7LpsWJIt3v8lNdASO5VFU_NWJx8fvJypaXtu7Vb1Uyqznj6tW9NKQQKhWj7c7P7i3tDJATDmANWARJN_Io4GlsP0\\\",null,\\\"0ef01a0bceeac5b1d0a2b6557bd3d7b1\\\"]\",3600]\";}'
]

$_SESSION = [
    '22b6a59deafcfb2ffb13c3adf3d98a3b__flash' => []
    'a8b7b1ec9ffb8baf2c6eaa253fe57112__token' => '••••••••••••••••••••••••••••••••••••••••••••••••••••••••••••••••••••••••••••••••••••••••••••••••••••'
    'a8b7b1ec9ffb8baf2c6eaa253fe57112__id' => 1
    '__authKey' => '••••••••••••••••••••••••••••••••••••••••••••••••••••••••••••••••••••••••••••••••••••••••••••••••••••••••••••••••••••••••••••••••••••••••••••••••'
    'a8b7b1ec9ffb8baf2c6eaa253fe57112__expire' => 1778923611
    '__duration' => 3600
    '__elevated_timeout' => 1778920053
]

$_SERVER = [
    'DEPLOY_NAME' => 'local'
    'DDEV_WEBSERVER_TYPE' => 'nginx-fpm'
    'npm_config_cache' => '/mnt/ddev-global-cache/npm'
    'COREPACK_ENABLE_DOWNLOAD_PROMPT' => '0'
    'DDEV_GOOS' => 'darwin'
    'IS_DDEV_PROJECT' => 'true'
    'PHP_DEFAULT_VERSION' => '8.3'
    'HOSTNAME' => 'derschmuckmacher-v3-web'
    'MAILPIT_SMTP_PORT' => '1025'
    'MH_SMTP_BIND_ADDR' => '127.0.0.1:1025'
    'DDEV_PRIMARY_URL_WITHOUT_PORT' => 'https://derschmuckmacher-v3.ddev.site'
    'CRAFT_DB_PORT' => '3306'
    'DDEV_GID' => '20'
    'SSH_AUTH_SOCK' => '/home/.ssh-agent/socket'
    'NODE_EXTRA_CA_CERTS' => '/mnt/ddev-global-cache/mkcert/rootCA.pem'
    'DOCKER_IP' => '127.0.0.1'
    'PGPASSWORD' => 'db'
    'CRAFT_WEB_ROOT' => '/var/www/html/web'
    'DDEV_DOCROOT' => 'web'
    'PWD' => '/var/www/html'
    'PLATFORMSH_CLI_UPDATES_CHECK' => '0'
    'DDEV_APPROOT' => '/var/www/html'
    'DDEV_FILES_DIR' => ''
    'START_SCRIPT_TIMEOUT' => '57'
    'APACHE_SITE_TEMPLATE' => '/etc/apache2/apache-site.conf'
    'PHP_INI' => '/etc/php/8.3/fpm/php.ini'
    'DDEV_VERSION' => 'v1.24.10'
    'PRIMARY_SITE_URL' => 'https://derschmuckmacher-v3.ddev.site'
    'TZ' => 'Europe/Zurich'
    'DDEV_XHPROF_MODE' => 'prepend'
    'HTTPS_EXPOSE' => '443:80,8026:8025'
    'COREPACK_HOME' => '/mnt/ddev-global-cache/corepack'
    'CRAFT_DB_DATABASE' => 'db'
    'DDEV_PRIMARY_URL' => 'https://derschmuckmacher-v3.ddev.site'
    'LINES' => '6'
    'DDEV_SITENAME' => 'derschmuckmacher-v3'
    'HOME' => '/home/omar'
    'DRUSH_OPTIONS_URI' => 'https://derschmuckmacher-v3.ddev.site'
    'LANG' => 'C.UTF-8'
    'COLUMNS' => '371'
    'DDEV_MUTAGEN_ENABLED' => 'true'
    'DDEV_USER' => 'omar'
    'PGUSER' => 'db'
    'TERMINUS_CACHE_DIR' => '/mnt/ddev-global-cache/terminus/cache'
    'DDEV_PRIMARY_URL_PORT' => '443'
    'DDEV_ROUTER_HTTP_PORT' => '80'
    'MAILPIT_SMTP_HOSTNAME' => '127.0.0.1'
    'CRAFT_DB_DRIVER' => 'mysql'
    'COMPOSER_PROCESS_TIMEOUT' => '2000'
    'NGINX_SITE_TEMPLATE' => '/etc/nginx/nginx-site.conf'
    'DDEV_FILES_DIRS' => ''
    'CRAFT_DB_SERVER' => 'db'
    'HTTP_EXPOSE' => '80:80,8025:8025'
    'NVM_DIR' => '/home/omar/.nvm'
    'DDEV_PHP_VERSION' => '8.3'
    'DDEV_TLD' => 'ddev.site'
    'DDEV_HOSTNAME' => 'derschmuckmacher-v3.ddev.site'
    'DDEV_PROJECT' => 'derschmuckmacher-v3'
    'DDEV_GOARCH' => 'arm64'
    'VIRTUAL_HOST' => 'derschmuckmacher-v3.ddev.site'
    'TERM' => 'xterm'
    'USER' => 'omar'
    'MYSQL_HISTFILE' => '/mnt/ddev-global-cache/mysqlhistory/derschmuckmacher-v3-web/mysql_history'
    'DDEV_WEB_ENTRYPOINT' => '/mnt/ddev_config/web-entrypoint.d'
    'DDEV_UID' => '501'
    'CAROOT' => '/mnt/ddev-global-cache/mkcert'
    'SHLVL' => '1'
    'COMPOSER_ALLOW_SUPERUSER' => '1'
    'BASH_ENV' => '/etc/bash.nointeractive.bashrc'
    'DDEV_DATABASE' => 'mysql:8.0'
    'PGDATABASE' => 'db'
    'CRAFT_DB_USER' => 'db'
    'DDEV_SCHEME' => 'https'
    'XHPROF_OUTPUT_DIR' => '/tmp/xhprof'
    'COMPOSER_CACHE_DIR' => '/mnt/ddev-global-cache/composer'
    'DDEV_XDEBUG_ENABLED' => 'false'
    'DDEV_DATABASE_FAMILY' => 'mysql'
    'PGHOST' => 'db'
    'DDEV_COMPOSER_ROOT' => '/var/www/html'
    'CRAFT_DB_PASSWORD' => '••'
    'DOCROOT' => 'web'
    'TERMINUS_HIDE_UPDATE_MESSAGE' => '1'
    'PATH' => '/home/omar/bin:/var/www/html/vendor/bin:/usr/local/sbin:/usr/local/bin:/usr/sbin:/usr/bin:/sbin:/bin:/var/www/html/bin:/mnt/ddev-global-cache/global-commands/web'
    'HOST_DOCKER_INTERNAL_IP' => ''
    'DDEV_PROJECT_TYPE' => 'craftcms'
    'DEBIAN_FRONTEND' => 'noninteractive'
    'DDEV_ROUTER_HTTPS_PORT' => '443'
    'EXECIGNORE' => '/var/www/html/vendor/bin/composer'
    'SUPERVISOR_ENABLED' => '1'
    'SUPERVISOR_SERVER_URL' => 'unix:///var/run/supervisor.sock'
    'SUPERVISOR_PROCESS_NAME' => 'php-fpm'
    'SUPERVISOR_GROUP_NAME' => 'php-fpm'
    'HTTP_X_REAL_IP' => '172.18.0.1'
    'HTTP_X_FORWARDED_SERVER' => '9d89c63e5d30'
    'HTTP_X_FORWARDED_PROTO' => 'https'
    'HTTP_X_FORWARDED_PORT' => '443'
    'HTTP_X_FORWARDED_HOST' => 'derschmuckmacher-v3.ddev.site'
    'HTTP_X_FORWARDED_FOR' => '172.18.0.1'
    'HTTP_UPGRADE_INSECURE_REQUESTS' => '1'
    'HTTP_TE' => 'trailers'
    'HTTP_SEC_GPC' => '1'
    'HTTP_SEC_FETCH_USER' => '?1'
    'HTTP_SEC_FETCH_SITE' => 'same-origin'
    'HTTP_SEC_FETCH_MODE' => 'navigate'
    'HTTP_SEC_FETCH_DEST' => 'document'
    'HTTP_REFERER' => 'https://derschmuckmacher-v3.ddev.site/dW2axQ3b/dashboard'
    'HTTP_PRIORITY' => 'u=0, i'
    'HTTP_COOKIE' => 'cookieconsent_status=allow; CRAFT_CSRF_TOKEN=f52c2ad1562dd4eaea483aa259f3d9f40e937251911a1f388757fd23df670184a%3A2%3A%7Bi%3A0%3Bs%3A16%3A%22CRAFT_CSRF_TOKEN%22%3Bi%3A1%3Bs%3A147%3A%22oscGmXtgN7lH1IINFeBh9KwfL0sWDqIBBHQCFaaO%7Cb7905baa15fbf45e0730994dfb6501f9dd198752ca26e174cf5f6d5fd0c05b74oscGmXtgN7lH1IINFeBh9KwfL0sWDqIBBHQCFaaO%7C1%22%3B%7D; CraftSessionId=8m6eet0tlm9ao9brq6uoi3p8sq; a8b7b1ec9ffb8baf2c6eaa253fe57112_username=26b9ec8568da68d3882e55afaa5d203483c6c5810ee05b5a55c8a0eb10cab93ea%3A2%3A%7Bi%3A0%3Bs%3A41%3A%22a8b7b1ec9ffb8baf2c6eaa253fe57112_username%22%3Bi%3A1%3Bs%3A8%3A%22odegiuli%22%3B%7D; Craft-3626ffc1-d0a3-42e3-98aa-37e8aa759561_sidebar=expanded; a8b7b1ec9ffb8baf2c6eaa253fe57112_identity=014810335ee2fe011ef02c02b537a1ac7bf3cfa7f2f8fab42103f71f70525ae3a%3A2%3A%7Bi%3A0%3Bs%3A41%3A%22a8b7b1ec9ffb8baf2c6eaa253fe57112_identity%22%3Bi%3A1%3Bs%3A159%3A%22%5B1%2C%22%5B%5C%22W66KgiipJ2zO7LpsWJIt3v8lNdASO5VFU_NWJx8fvJypaXtu7Vb1Uyqznj6tW9NKQQKhWj7c7P7i3tDJATDmANWARJN_Io4GlsP0%5C%22%2Cnull%2C%5C%220ef01a0bceeac5b1d0a2b6557bd3d7b1%5C%22%5D%22%2C3600%5D%22%3B%7D'
    'HTTP_ACCEPT_LANGUAGE' => 'de,en-US;q=0.9,en;q=0.8'
    'HTTP_ACCEPT_ENCODING' => 'gzip, deflate, br, zstd'
    'HTTP_ACCEPT' => 'text/html,application/xhtml+xml,application/xml;q=0.9,*/*;q=0.8'
    'HTTP_USER_AGENT' => 'Mozilla/5.0 (Macintosh; Intel Mac OS X 10.15; rv:150.0) Gecko/20100101 Firefox/150.0'
    'HTTP_HOST' => 'derschmuckmacher-v3.ddev.site'
    'HTTPS' => 'on'
    'REDIRECT_STATUS' => '200'
    'SERVER_NAME' => 'derschmuckmacher-v3.ddev.site'
    'SERVER_PORT' => '80'
    'SERVER_ADDR' => '172.18.0.4'
    'REMOTE_PORT' => '55628'
    'REMOTE_ADDR' => '172.18.0.5'
    'SERVER_SOFTWARE' => 'nginx/1.28.0'
    'GATEWAY_INTERFACE' => 'CGI/1.1'
    'REQUEST_SCHEME' => 'http'
    'SERVER_PROTOCOL' => 'HTTP/1.1'
    'DOCUMENT_ROOT' => '/var/www/html/web'
    'DOCUMENT_URI' => '/index.php'
    'REQUEST_URI' => '/'
    'CONTENT_LENGTH' => ''
    'CONTENT_TYPE' => ''
    'REQUEST_METHOD' => 'GET'
    'QUERY_STRING' => ''
    'SCRIPT_NAME' => '/index.php'
    'SCRIPT_FILENAME' => '/var/www/html/web/index.php'
    'FCGI_ROLE' => 'RESPONDER'
    'PHP_SELF' => '/index.php'
    'REQUEST_TIME_FLOAT' => 1778920011.5725
    'REQUEST_TIME' => 1778920011
    'CRAFT_APP_ID' => 'CraftCMS--3933bc78-29f5-4b79-bcc5-c31faf0fcd20'
    'CRAFT_ENVIRONMENT' => 'dev'
    'ENVIRONMENT' => 'dev'
    'CRAFT_SECURITY_KEY' => '••••••••••••••••••••••••••••••••'
    'CP_TRIGGER' => 'dW2axQ3b'
    'CRAFT_DB_SCHEMA' => 'public'
    'CRAFT_DB_TABLE_PREFIX' => ''
    'DEV_MODE' => 'true'
    'ALLOW_ADMIN_CHANGES' => 'true'
    'DISALLOW_ROBOTS' => 'true'
    'TIMEZONE' => 'Europe/Zurich'
    'CAPTCHA_SITE_KEY' => '••••••••••••••••••••••••••••••••••••••••'
    'CAPTCHA_SECRET_KEY' => '••••••••••••••••••••••••••••••••••••••••'
    'WEB_URL' => 'https://derschmuckmacher-v3.ddev.site'
    'WEB_ROOT' => '/var/www/html/web'
    'ASSETS_BASE_URL' => 'https://derschmuckmacher-v3.ddev.site/public'
    'ASSETS_BASE_PATH' => '/var/www/html/web/public'
    'SCHMUCK_BASE_URL' => 'https://derschmuckmacher-v3.ddev.site/public/uploads/schmuck'
    'SCHMUCK_BASE_PATH' => '/var/www/html/web/public/uploads/schmuck'
    'BILDER_BASE_URL' => 'https://derschmuckmacher-v3.ddev.site/public/uploads/bilder'
    'BILDER_BASE_PATH' => '/var/www/html/web/public/uploads/bilder'
    'CRAFT_SITE' => 'default'
    'CRAFT_SITE_UPPER' => 'DEFAULT'
] {"environment":"dev","userId":1} 
2026-05-16 10:26:57 [web.INFO] [yii\db\Connection::open] Opening DB connection: mysql:host=db;dbname=db;port=3306 {"memory":1100448} 
2026-05-16 10:26:57 [web.INFO] [yii\web\Session::open] Session started {"memory":1522688} 
2026-05-16 10:26:57 [web.INFO] [nystudio107\codeeditor\CodeEditor::bootstrap] CodeEditor module bootstrapped {"memory":1547024} 
2026-05-16 10:26:57 [web.INFO] [adigital\cookieconsentbanner\CookieConsentBanner::init] Cookie Consent Banner plugin loaded {"memory":1764232} 
2026-05-16 10:26:57 [web.INFO] [miranj\obfuscator\Obfuscator::init] Obfuscator plugin loaded {"memory":2725744} 
2026-05-16 10:26:57 [web.INFO] [application] Request context:
$_GET = [
    'p' => 'dW2axQ3b/actions/users/session-info'
    'dontExtendSession' => '1'
    'v' => '1778920017770'
]

$_POST = []

$_FILES = []

$_COOKIE = [
    'cookieconsent_status' => 'allow'
    'CRAFT_CSRF_TOKEN' => '••••••••••••••••••••••••••••••••••••••••••••••••••••••••••••••••••••••••••••••••••••••••••••••••••••••••••••••••••••••••••••••••••••••••••••••••••••••••••••••••••••••••••••••••••••••••••••••••••••••••••••••••••••••••••••••••••••••••••••••••••••••••••••••••••'
    'CraftSessionId' => '8m6eet0tlm9ao9brq6uoi3p8sq'
    'a8b7b1ec9ffb8baf2c6eaa253fe57112_username' => '26b9ec8568da68d3882e55afaa5d203483c6c5810ee05b5a55c8a0eb10cab93ea:2:{i:0;s:41:\"a8b7b1ec9ffb8baf2c6eaa253fe57112_username\";i:1;s:8:\"odegiuli\";}'
    'Craft-3626ffc1-d0a3-42e3-98aa-37e8aa759561_sidebar' => 'expanded'
    'a8b7b1ec9ffb8baf2c6eaa253fe57112_identity' => '014810335ee2fe011ef02c02b537a1ac7bf3cfa7f2f8fab42103f71f70525ae3a:2:{i:0;s:41:\"a8b7b1ec9ffb8baf2c6eaa253fe57112_identity\";i:1;s:159:\"[1,\"[\\\"W66KgiipJ2zO7LpsWJIt3v8lNdASO5VFU_NWJx8fvJypaXtu7Vb1Uyqznj6tW9NKQQKhWj7c7P7i3tDJATDmANWARJN_Io4GlsP0\\\",null,\\\"0ef01a0bceeac5b1d0a2b6557bd3d7b1\\\"]\",3600]\";}'
]

$_SESSION = [
    '22b6a59deafcfb2ffb13c3adf3d98a3b__flash' => []
    'a8b7b1ec9ffb8baf2c6eaa253fe57112__token' => '••••••••••••••••••••••••••••••••••••••••••••••••••••••••••••••••••••••••••••••••••••••••••••••••••••'
    'a8b7b1ec9ffb8baf2c6eaa253fe57112__id' => 1
    '__authKey' => '••••••••••••••••••••••••••••••••••••••••••••••••••••••••••••••••••••••••••••••••••••••••••••••••••••••••••••••••••••••••••••••••••••••••••••••••'
    'a8b7b1ec9ffb8baf2c6eaa253fe57112__expire' => 1778923611
    '__duration' => 3600
    '__elevated_timeout' => 1778920053
]

$_SERVER = [
    'DEPLOY_NAME' => 'local'
    'DDEV_WEBSERVER_TYPE' => 'nginx-fpm'
    'npm_config_cache' => '/mnt/ddev-global-cache/npm'
    'COREPACK_ENABLE_DOWNLOAD_PROMPT' => '0'
    'DDEV_GOOS' => 'darwin'
    'IS_DDEV_PROJECT' => 'true'
    'PHP_DEFAULT_VERSION' => '8.3'
    'HOSTNAME' => 'derschmuckmacher-v3-web'
    'MAILPIT_SMTP_PORT' => '1025'
    'MH_SMTP_BIND_ADDR' => '127.0.0.1:1025'
    'DDEV_PRIMARY_URL_WITHOUT_PORT' => 'https://derschmuckmacher-v3.ddev.site'
    'CRAFT_DB_PORT' => '3306'
    'DDEV_GID' => '20'
    'SSH_AUTH_SOCK' => '/home/.ssh-agent/socket'
    'NODE_EXTRA_CA_CERTS' => '/mnt/ddev-global-cache/mkcert/rootCA.pem'
    'DOCKER_IP' => '127.0.0.1'
    'PGPASSWORD' => 'db'
    'CRAFT_WEB_ROOT' => '/var/www/html/web'
    'DDEV_DOCROOT' => 'web'
    'PWD' => '/var/www/html'
    'PLATFORMSH_CLI_UPDATES_CHECK' => '0'
    'DDEV_APPROOT' => '/var/www/html'
    'DDEV_FILES_DIR' => ''
    'START_SCRIPT_TIMEOUT' => '57'
    'APACHE_SITE_TEMPLATE' => '/etc/apache2/apache-site.conf'
    'PHP_INI' => '/etc/php/8.3/fpm/php.ini'
    'DDEV_VERSION' => 'v1.24.10'
    'PRIMARY_SITE_URL' => 'https://derschmuckmacher-v3.ddev.site'
    'TZ' => 'Europe/Zurich'
    'DDEV_XHPROF_MODE' => 'prepend'
    'HTTPS_EXPOSE' => '443:80,8026:8025'
    'COREPACK_HOME' => '/mnt/ddev-global-cache/corepack'
    'CRAFT_DB_DATABASE' => 'db'
    'DDEV_PRIMARY_URL' => 'https://derschmuckmacher-v3.ddev.site'
    'LINES' => '6'
    'DDEV_SITENAME' => 'derschmuckmacher-v3'
    'HOME' => '/home/omar'
    'DRUSH_OPTIONS_URI' => 'https://derschmuckmacher-v3.ddev.site'
    'LANG' => 'C.UTF-8'
    'COLUMNS' => '371'
    'DDEV_MUTAGEN_ENABLED' => 'true'
    'DDEV_USER' => 'omar'
    'PGUSER' => 'db'
    'TERMINUS_CACHE_DIR' => '/mnt/ddev-global-cache/terminus/cache'
    'DDEV_PRIMARY_URL_PORT' => '443'
    'DDEV_ROUTER_HTTP_PORT' => '80'
    'MAILPIT_SMTP_HOSTNAME' => '127.0.0.1'
    'CRAFT_DB_DRIVER' => 'mysql'
    'COMPOSER_PROCESS_TIMEOUT' => '2000'
    'NGINX_SITE_TEMPLATE' => '/etc/nginx/nginx-site.conf'
    'DDEV_FILES_DIRS' => ''
    'CRAFT_DB_SERVER' => 'db'
    'HTTP_EXPOSE' => '80:80,8025:8025'
    'NVM_DIR' => '/home/omar/.nvm'
    'DDEV_PHP_VERSION' => '8.3'
    'DDEV_TLD' => 'ddev.site'
    'DDEV_HOSTNAME' => 'derschmuckmacher-v3.ddev.site'
    'DDEV_PROJECT' => 'derschmuckmacher-v3'
    'DDEV_GOARCH' => 'arm64'
    'VIRTUAL_HOST' => 'derschmuckmacher-v3.ddev.site'
    'TERM' => 'xterm'
    'USER' => 'omar'
    'MYSQL_HISTFILE' => '/mnt/ddev-global-cache/mysqlhistory/derschmuckmacher-v3-web/mysql_history'
    'DDEV_WEB_ENTRYPOINT' => '/mnt/ddev_config/web-entrypoint.d'
    'DDEV_UID' => '501'
    'CAROOT' => '/mnt/ddev-global-cache/mkcert'
    'SHLVL' => '1'
    'COMPOSER_ALLOW_SUPERUSER' => '1'
    'BASH_ENV' => '/etc/bash.nointeractive.bashrc'
    'DDEV_DATABASE' => 'mysql:8.0'
    'PGDATABASE' => 'db'
    'CRAFT_DB_USER' => 'db'
    'DDEV_SCHEME' => 'https'
    'XHPROF_OUTPUT_DIR' => '/tmp/xhprof'
    'COMPOSER_CACHE_DIR' => '/mnt/ddev-global-cache/composer'
    'DDEV_XDEBUG_ENABLED' => 'false'
    'DDEV_DATABASE_FAMILY' => 'mysql'
    'PGHOST' => 'db'
    'DDEV_COMPOSER_ROOT' => '/var/www/html'
    'CRAFT_DB_PASSWORD' => '••'
    'DOCROOT' => 'web'
    'TERMINUS_HIDE_UPDATE_MESSAGE' => '1'
    'PATH' => '/home/omar/bin:/var/www/html/vendor/bin:/usr/local/sbin:/usr/local/bin:/usr/sbin:/usr/bin:/sbin:/bin:/var/www/html/bin:/mnt/ddev-global-cache/global-commands/web'
    'HOST_DOCKER_INTERNAL_IP' => ''
    'DDEV_PROJECT_TYPE' => 'craftcms'
    'DEBIAN_FRONTEND' => 'noninteractive'
    'DDEV_ROUTER_HTTPS_PORT' => '443'
    'EXECIGNORE' => '/var/www/html/vendor/bin/composer'
    'SUPERVISOR_ENABLED' => '1'
    'SUPERVISOR_SERVER_URL' => 'unix:///var/run/supervisor.sock'
    'SUPERVISOR_PROCESS_NAME' => 'php-fpm'
    'SUPERVISOR_GROUP_NAME' => 'php-fpm'
    'HTTP_X_REQUESTED_WITH' => 'XMLHttpRequest'
    'HTTP_X_REGISTERED_JS_FILES' => ''
    'HTTP_X_REGISTERED_ASSET_BUNDLES' => 'e38a2e07,22e517a2,aee7f8dc,26c46c25,e505ffd6,6b4d7555,bb2f10a0,e5e48399,815d39ea,fc0bc163,1ccab40d,1e21896b,54698ee0,b842675b,1c3c9add,4b1fd285,d8d08e47,8f00ce04,8768f48b,cf3018d6,ec6d0256,11858fc6,8550f857,c7a8fe38'
    'HTTP_X_REAL_IP' => '172.18.0.1'
    'HTTP_X_FORWARDED_SERVER' => '9d89c63e5d30'
    'HTTP_X_FORWARDED_PROTO' => 'https'
    'HTTP_X_FORWARDED_PORT' => '443'
    'HTTP_X_FORWARDED_HOST' => 'derschmuckmacher-v3.ddev.site'
    'HTTP_X_FORWARDED_FOR' => '172.18.0.1'
    'HTTP_X_CSRF_TOKEN' => '••••••••••••••••••••••••••••••••••••••••••••••••••••••••••••••••••••••••••••••••••••••••••••••••••••••••••••••••••••••••••••••••••••••••••••••••••••••••••••••••••••••••••••••••••••••••••••••••••••••••••••••••••••••••••••••••••••••••••••••••••••••••••••••••••••••••••••••••••••••••••••••••••••••••••••••••••••••••••••••••••••••••••••••••••••••••••••••••••••••••••••••••••••••••••••••••••••••••'
    'HTTP_TE' => 'trailers'
    'HTTP_SEC_GPC' => '1'
    'HTTP_SEC_FETCH_SITE' => 'same-origin'
    'HTTP_SEC_FETCH_MODE' => 'cors'
    'HTTP_SEC_FETCH_DEST' => 'empty'
    'HTTP_REFERER' => 'https://derschmuckmacher-v3.ddev.site/dW2axQ3b/dashboard'
    'HTTP_COOKIE' => 'cookieconsent_status=allow; CRAFT_CSRF_TOKEN=f52c2ad1562dd4eaea483aa259f3d9f40e937251911a1f388757fd23df670184a%3A2%3A%7Bi%3A0%3Bs%3A16%3A%22CRAFT_CSRF_TOKEN%22%3Bi%3A1%3Bs%3A147%3A%22oscGmXtgN7lH1IINFeBh9KwfL0sWDqIBBHQCFaaO%7Cb7905baa15fbf45e0730994dfb6501f9dd198752ca26e174cf5f6d5fd0c05b74oscGmXtgN7lH1IINFeBh9KwfL0sWDqIBBHQCFaaO%7C1%22%3B%7D; CraftSessionId=8m6eet0tlm9ao9brq6uoi3p8sq; a8b7b1ec9ffb8baf2c6eaa253fe57112_username=26b9ec8568da68d3882e55afaa5d203483c6c5810ee05b5a55c8a0eb10cab93ea%3A2%3A%7Bi%3A0%3Bs%3A41%3A%22a8b7b1ec9ffb8baf2c6eaa253fe57112_username%22%3Bi%3A1%3Bs%3A8%3A%22odegiuli%22%3B%7D; Craft-3626ffc1-d0a3-42e3-98aa-37e8aa759561_sidebar=expanded; a8b7b1ec9ffb8baf2c6eaa253fe57112_identity=014810335ee2fe011ef02c02b537a1ac7bf3cfa7f2f8fab42103f71f70525ae3a%3A2%3A%7Bi%3A0%3Bs%3A41%3A%22a8b7b1ec9ffb8baf2c6eaa253fe57112_identity%22%3Bi%3A1%3Bs%3A159%3A%22%5B1%2C%22%5B%5C%22W66KgiipJ2zO7LpsWJIt3v8lNdASO5VFU_NWJx8fvJypaXtu7Vb1Uyqznj6tW9NKQQKhWj7c7P7i3tDJATDmANWARJN_Io4GlsP0%5C%22%2Cnull%2C%5C%220ef01a0bceeac5b1d0a2b6557bd3d7b1%5C%22%5D%22%2C3600%5D%22%3B%7D'
    'HTTP_ACCEPT_LANGUAGE' => 'de,en-US;q=0.9,en;q=0.8'
    'HTTP_ACCEPT_ENCODING' => 'gzip, deflate, br, zstd'
    'HTTP_ACCEPT' => 'application/json, text/plain, */*'
    'HTTP_USER_AGENT' => 'Mozilla/5.0 (Macintosh; Intel Mac OS X 10.15; rv:150.0) Gecko/20100101 Firefox/150.0'
    'HTTP_HOST' => 'derschmuckmacher-v3.ddev.site'
    'HTTPS' => 'on'
    'REDIRECT_STATUS' => '200'
    'SERVER_NAME' => 'derschmuckmacher-v3.ddev.site'
    'SERVER_PORT' => '80'
    'SERVER_ADDR' => '172.18.0.4'
    'REMOTE_PORT' => '60608'
    'REMOTE_ADDR' => '172.18.0.5'
    'SERVER_SOFTWARE' => 'nginx/1.28.0'
    'GATEWAY_INTERFACE' => 'CGI/1.1'
    'REQUEST_SCHEME' => 'http'
    'SERVER_PROTOCOL' => 'HTTP/1.1'
    'DOCUMENT_ROOT' => '/var/www/html/web'
    'DOCUMENT_URI' => '/index.php'
    'REQUEST_URI' => '/index.php?p=dW2axQ3b%2Factions%2Fusers%2Fsession-info&dontExtendSession=1&v=1778920017770'
    'CONTENT_LENGTH' => ''
    'CONTENT_TYPE' => ''
    'REQUEST_METHOD' => 'GET'
    'QUERY_STRING' => 'p=dW2axQ3b%2Factions%2Fusers%2Fsession-info&dontExtendSession=1&v=1778920017770'
    'SCRIPT_NAME' => '/index.php'
    'SCRIPT_FILENAME' => '/var/www/html/web/index.php'
    'FCGI_ROLE' => 'RESPONDER'
    'PHP_SELF' => '/index.php'
    'REQUEST_TIME_FLOAT' => 1778920017.7842
    'REQUEST_TIME' => 1778920017
    'CRAFT_APP_ID' => 'CraftCMS--3933bc78-29f5-4b79-bcc5-c31faf0fcd20'
    'CRAFT_ENVIRONMENT' => 'dev'
    'ENVIRONMENT' => 'dev'
    'CRAFT_SECURITY_KEY' => '••••••••••••••••••••••••••••••••'
    'CP_TRIGGER' => 'dW2axQ3b'
    'CRAFT_DB_SCHEMA' => 'public'
    'CRAFT_DB_TABLE_PREFIX' => ''
    'DEV_MODE' => 'true'
    'ALLOW_ADMIN_CHANGES' => 'true'
    'DISALLOW_ROBOTS' => 'true'
    'TIMEZONE' => 'Europe/Zurich'
    'CAPTCHA_SITE_KEY' => '••••••••••••••••••••••••••••••••••••••••'
    'CAPTCHA_SECRET_KEY' => '••••••••••••••••••••••••••••••••••••••••'
    'WEB_URL' => 'https://derschmuckmacher-v3.ddev.site'
    'WEB_ROOT' => '/var/www/html/web'
    'ASSETS_BASE_URL' => 'https://derschmuckmacher-v3.ddev.site/public'
    'ASSETS_BASE_PATH' => '/var/www/html/web/public'
    'SCHMUCK_BASE_URL' => 'https://derschmuckmacher-v3.ddev.site/public/uploads/schmuck'
    'SCHMUCK_BASE_PATH' => '/var/www/html/web/public/uploads/schmuck'
    'BILDER_BASE_URL' => 'https://derschmuckmacher-v3.ddev.site/public/uploads/bilder'
    'BILDER_BASE_PATH' => '/var/www/html/web/public/uploads/bilder'
] {"environment":"dev","userId":1} 
2026-05-16 10:27:57 [web.INFO] [yii\db\Connection::open] Opening DB connection: mysql:host=db;dbname=db;port=3306 {"memory":1100448} 
2026-05-16 10:27:57 [web.INFO] [yii\web\Session::open] Session started {"memory":1522688} 
2026-05-16 10:27:57 [web.INFO] [nystudio107\codeeditor\CodeEditor::bootstrap] CodeEditor module bootstrapped {"memory":1547024} 
2026-05-16 10:27:57 [web.INFO] [adigital\cookieconsentbanner\CookieConsentBanner::init] Cookie Consent Banner plugin loaded {"memory":1764232} 
2026-05-16 10:27:57 [web.INFO] [miranj\obfuscator\Obfuscator::init] Obfuscator plugin loaded {"memory":2725744} 
2026-05-16 10:27:57 [web.INFO] [application] Request context:
$_GET = [
    'p' => 'dW2axQ3b/actions/users/session-info'
    'dontExtendSession' => '1'
    'v' => '1778920077847'
]

$_POST = []

$_FILES = []

$_COOKIE = [
    'cookieconsent_status' => 'allow'
    'CRAFT_CSRF_TOKEN' => '••••••••••••••••••••••••••••••••••••••••••••••••••••••••••••••••••••••••••••••••••••••••••••••••••••••••••••••••••••••••••••••••••••••••••••••••••••••••••••••••••••••••••••••••••••••••••••••••••••••••••••••••••••••••••••••••••••••••••••••••••••••••••••••••••'
    'CraftSessionId' => '8m6eet0tlm9ao9brq6uoi3p8sq'
    'a8b7b1ec9ffb8baf2c6eaa253fe57112_username' => '26b9ec8568da68d3882e55afaa5d203483c6c5810ee05b5a55c8a0eb10cab93ea:2:{i:0;s:41:\"a8b7b1ec9ffb8baf2c6eaa253fe57112_username\";i:1;s:8:\"odegiuli\";}'
    'Craft-3626ffc1-d0a3-42e3-98aa-37e8aa759561_sidebar' => 'expanded'
    'a8b7b1ec9ffb8baf2c6eaa253fe57112_identity' => '014810335ee2fe011ef02c02b537a1ac7bf3cfa7f2f8fab42103f71f70525ae3a:2:{i:0;s:41:\"a8b7b1ec9ffb8baf2c6eaa253fe57112_identity\";i:1;s:159:\"[1,\"[\\\"W66KgiipJ2zO7LpsWJIt3v8lNdASO5VFU_NWJx8fvJypaXtu7Vb1Uyqznj6tW9NKQQKhWj7c7P7i3tDJATDmANWARJN_Io4GlsP0\\\",null,\\\"0ef01a0bceeac5b1d0a2b6557bd3d7b1\\\"]\",3600]\";}'
]

$_SESSION = [
    '22b6a59deafcfb2ffb13c3adf3d98a3b__flash' => []
    'a8b7b1ec9ffb8baf2c6eaa253fe57112__token' => '••••••••••••••••••••••••••••••••••••••••••••••••••••••••••••••••••••••••••••••••••••••••••••••••••••'
    'a8b7b1ec9ffb8baf2c6eaa253fe57112__id' => 1
    '__authKey' => '••••••••••••••••••••••••••••••••••••••••••••••••••••••••••••••••••••••••••••••••••••••••••••••••••••••••••••••••••••••••••••••••••••••••••••••••'
    'a8b7b1ec9ffb8baf2c6eaa253fe57112__expire' => 1778923611
    '__duration' => 3600
    '__elevated_timeout' => 1778920053
]

$_SERVER = [
    'DEPLOY_NAME' => 'local'
    'DDEV_WEBSERVER_TYPE' => 'nginx-fpm'
    'npm_config_cache' => '/mnt/ddev-global-cache/npm'
    'COREPACK_ENABLE_DOWNLOAD_PROMPT' => '0'
    'DDEV_GOOS' => 'darwin'
    'IS_DDEV_PROJECT' => 'true'
    'PHP_DEFAULT_VERSION' => '8.3'
    'HOSTNAME' => 'derschmuckmacher-v3-web'
    'MAILPIT_SMTP_PORT' => '1025'
    'MH_SMTP_BIND_ADDR' => '127.0.0.1:1025'
    'DDEV_PRIMARY_URL_WITHOUT_PORT' => 'https://derschmuckmacher-v3.ddev.site'
    'CRAFT_DB_PORT' => '3306'
    'DDEV_GID' => '20'
    'SSH_AUTH_SOCK' => '/home/.ssh-agent/socket'
    'NODE_EXTRA_CA_CERTS' => '/mnt/ddev-global-cache/mkcert/rootCA.pem'
    'DOCKER_IP' => '127.0.0.1'
    'PGPASSWORD' => 'db'
    'CRAFT_WEB_ROOT' => '/var/www/html/web'
    'DDEV_DOCROOT' => 'web'
    'PWD' => '/var/www/html'
    'PLATFORMSH_CLI_UPDATES_CHECK' => '0'
    'DDEV_APPROOT' => '/var/www/html'
    'DDEV_FILES_DIR' => ''
    'START_SCRIPT_TIMEOUT' => '57'
    'APACHE_SITE_TEMPLATE' => '/etc/apache2/apache-site.conf'
    'PHP_INI' => '/etc/php/8.3/fpm/php.ini'
    'DDEV_VERSION' => 'v1.24.10'
    'PRIMARY_SITE_URL' => 'https://derschmuckmacher-v3.ddev.site'
    'TZ' => 'Europe/Zurich'
    'DDEV_XHPROF_MODE' => 'prepend'
    'HTTPS_EXPOSE' => '443:80,8026:8025'
    'COREPACK_HOME' => '/mnt/ddev-global-cache/corepack'
    'CRAFT_DB_DATABASE' => 'db'
    'DDEV_PRIMARY_URL' => 'https://derschmuckmacher-v3.ddev.site'
    'LINES' => '6'
    'DDEV_SITENAME' => 'derschmuckmacher-v3'
    'HOME' => '/home/omar'
    'DRUSH_OPTIONS_URI' => 'https://derschmuckmacher-v3.ddev.site'
    'LANG' => 'C.UTF-8'
    'COLUMNS' => '371'
    'DDEV_MUTAGEN_ENABLED' => 'true'
    'DDEV_USER' => 'omar'
    'PGUSER' => 'db'
    'TERMINUS_CACHE_DIR' => '/mnt/ddev-global-cache/terminus/cache'
    'DDEV_PRIMARY_URL_PORT' => '443'
    'DDEV_ROUTER_HTTP_PORT' => '80'
    'MAILPIT_SMTP_HOSTNAME' => '127.0.0.1'
    'CRAFT_DB_DRIVER' => 'mysql'
    'COMPOSER_PROCESS_TIMEOUT' => '2000'
    'NGINX_SITE_TEMPLATE' => '/etc/nginx/nginx-site.conf'
    'DDEV_FILES_DIRS' => ''
    'CRAFT_DB_SERVER' => 'db'
    'HTTP_EXPOSE' => '80:80,8025:8025'
    'NVM_DIR' => '/home/omar/.nvm'
    'DDEV_PHP_VERSION' => '8.3'
    'DDEV_TLD' => 'ddev.site'
    'DDEV_HOSTNAME' => 'derschmuckmacher-v3.ddev.site'
    'DDEV_PROJECT' => 'derschmuckmacher-v3'
    'DDEV_GOARCH' => 'arm64'
    'VIRTUAL_HOST' => 'derschmuckmacher-v3.ddev.site'
    'TERM' => 'xterm'
    'USER' => 'omar'
    'MYSQL_HISTFILE' => '/mnt/ddev-global-cache/mysqlhistory/derschmuckmacher-v3-web/mysql_history'
    'DDEV_WEB_ENTRYPOINT' => '/mnt/ddev_config/web-entrypoint.d'
    'DDEV_UID' => '501'
    'CAROOT' => '/mnt/ddev-global-cache/mkcert'
    'SHLVL' => '1'
    'COMPOSER_ALLOW_SUPERUSER' => '1'
    'BASH_ENV' => '/etc/bash.nointeractive.bashrc'
    'DDEV_DATABASE' => 'mysql:8.0'
    'PGDATABASE' => 'db'
    'CRAFT_DB_USER' => 'db'
    'DDEV_SCHEME' => 'https'
    'XHPROF_OUTPUT_DIR' => '/tmp/xhprof'
    'COMPOSER_CACHE_DIR' => '/mnt/ddev-global-cache/composer'
    'DDEV_XDEBUG_ENABLED' => 'false'
    'DDEV_DATABASE_FAMILY' => 'mysql'
    'PGHOST' => 'db'
    'DDEV_COMPOSER_ROOT' => '/var/www/html'
    'CRAFT_DB_PASSWORD' => '••'
    'DOCROOT' => 'web'
    'TERMINUS_HIDE_UPDATE_MESSAGE' => '1'
    'PATH' => '/home/omar/bin:/var/www/html/vendor/bin:/usr/local/sbin:/usr/local/bin:/usr/sbin:/usr/bin:/sbin:/bin:/var/www/html/bin:/mnt/ddev-global-cache/global-commands/web'
    'HOST_DOCKER_INTERNAL_IP' => ''
    'DDEV_PROJECT_TYPE' => 'craftcms'
    'DEBIAN_FRONTEND' => 'noninteractive'
    'DDEV_ROUTER_HTTPS_PORT' => '443'
    'EXECIGNORE' => '/var/www/html/vendor/bin/composer'
    'SUPERVISOR_ENABLED' => '1'
    'SUPERVISOR_SERVER_URL' => 'unix:///var/run/supervisor.sock'
    'SUPERVISOR_PROCESS_NAME' => 'php-fpm'
    'SUPERVISOR_GROUP_NAME' => 'php-fpm'
    'HTTP_X_REQUESTED_WITH' => 'XMLHttpRequest'
    'HTTP_X_REGISTERED_JS_FILES' => ''
    'HTTP_X_REGISTERED_ASSET_BUNDLES' => 'e38a2e07,22e517a2,aee7f8dc,26c46c25,e505ffd6,6b4d7555,bb2f10a0,e5e48399,815d39ea,fc0bc163,1ccab40d,1e21896b,54698ee0,b842675b,1c3c9add,4b1fd285,d8d08e47,8f00ce04,8768f48b,cf3018d6,ec6d0256,11858fc6,8550f857,c7a8fe38'
    'HTTP_X_REAL_IP' => '172.18.0.1'
    'HTTP_X_FORWARDED_SERVER' => '9d89c63e5d30'
    'HTTP_X_FORWARDED_PROTO' => 'https'
    'HTTP_X_FORWARDED_PORT' => '443'
    'HTTP_X_FORWARDED_HOST' => 'derschmuckmacher-v3.ddev.site'
    'HTTP_X_FORWARDED_FOR' => '172.18.0.1'
    'HTTP_X_CSRF_TOKEN' => '••••••••••••••••••••••••••••••••••••••••••••••••••••••••••••••••••••••••••••••••••••••••••••••••••••••••••••••••••••••••••••••••••••••••••••••••••••••••••••••••••••••••••••••••••••••••••••••••••••••••••••••••••••••••••••••••••••••••••••••••••••••••••••••••••••••••••••••••••••••••••••••••••••••••••••••••••••••••••••••••••••••••••••••••••••••••••••••••••••••••••••••••••••••••••••••••••••••••'
    'HTTP_TE' => 'trailers'
    'HTTP_SEC_GPC' => '1'
    'HTTP_SEC_FETCH_SITE' => 'same-origin'
    'HTTP_SEC_FETCH_MODE' => 'cors'
    'HTTP_SEC_FETCH_DEST' => 'empty'
    'HTTP_REFERER' => 'https://derschmuckmacher-v3.ddev.site/dW2axQ3b/dashboard'
    'HTTP_COOKIE' => 'cookieconsent_status=allow; CRAFT_CSRF_TOKEN=f52c2ad1562dd4eaea483aa259f3d9f40e937251911a1f388757fd23df670184a%3A2%3A%7Bi%3A0%3Bs%3A16%3A%22CRAFT_CSRF_TOKEN%22%3Bi%3A1%3Bs%3A147%3A%22oscGmXtgN7lH1IINFeBh9KwfL0sWDqIBBHQCFaaO%7Cb7905baa15fbf45e0730994dfb6501f9dd198752ca26e174cf5f6d5fd0c05b74oscGmXtgN7lH1IINFeBh9KwfL0sWDqIBBHQCFaaO%7C1%22%3B%7D; CraftSessionId=8m6eet0tlm9ao9brq6uoi3p8sq; a8b7b1ec9ffb8baf2c6eaa253fe57112_username=26b9ec8568da68d3882e55afaa5d203483c6c5810ee05b5a55c8a0eb10cab93ea%3A2%3A%7Bi%3A0%3Bs%3A41%3A%22a8b7b1ec9ffb8baf2c6eaa253fe57112_username%22%3Bi%3A1%3Bs%3A8%3A%22odegiuli%22%3B%7D; Craft-3626ffc1-d0a3-42e3-98aa-37e8aa759561_sidebar=expanded; a8b7b1ec9ffb8baf2c6eaa253fe57112_identity=014810335ee2fe011ef02c02b537a1ac7bf3cfa7f2f8fab42103f71f70525ae3a%3A2%3A%7Bi%3A0%3Bs%3A41%3A%22a8b7b1ec9ffb8baf2c6eaa253fe57112_identity%22%3Bi%3A1%3Bs%3A159%3A%22%5B1%2C%22%5B%5C%22W66KgiipJ2zO7LpsWJIt3v8lNdASO5VFU_NWJx8fvJypaXtu7Vb1Uyqznj6tW9NKQQKhWj7c7P7i3tDJATDmANWARJN_Io4GlsP0%5C%22%2Cnull%2C%5C%220ef01a0bceeac5b1d0a2b6557bd3d7b1%5C%22%5D%22%2C3600%5D%22%3B%7D'
    'HTTP_ACCEPT_LANGUAGE' => 'de,en-US;q=0.9,en;q=0.8'
    'HTTP_ACCEPT_ENCODING' => 'gzip, deflate, br, zstd'
    'HTTP_ACCEPT' => 'application/json, text/plain, */*'
    'HTTP_USER_AGENT' => 'Mozilla/5.0 (Macintosh; Intel Mac OS X 10.15; rv:150.0) Gecko/20100101 Firefox/150.0'
    'HTTP_HOST' => 'derschmuckmacher-v3.ddev.site'
    'HTTPS' => 'on'
    'REDIRECT_STATUS' => '200'
    'SERVER_NAME' => 'derschmuckmacher-v3.ddev.site'
    'SERVER_PORT' => '80'
    'SERVER_ADDR' => '172.18.0.4'
    'REMOTE_PORT' => '45842'
    'REMOTE_ADDR' => '172.18.0.5'
    'SERVER_SOFTWARE' => 'nginx/1.28.0'
    'GATEWAY_INTERFACE' => 'CGI/1.1'
    'REQUEST_SCHEME' => 'http'
    'SERVER_PROTOCOL' => 'HTTP/1.1'
    'DOCUMENT_ROOT' => '/var/www/html/web'
    'DOCUMENT_URI' => '/index.php'
    'REQUEST_URI' => '/index.php?p=dW2axQ3b%2Factions%2Fusers%2Fsession-info&dontExtendSession=1&v=1778920077847'
    'CONTENT_LENGTH' => ''
    'CONTENT_TYPE' => ''
    'REQUEST_METHOD' => 'GET'
    'QUERY_STRING' => 'p=dW2axQ3b%2Factions%2Fusers%2Fsession-info&dontExtendSession=1&v=1778920077847'
    'SCRIPT_NAME' => '/index.php'
    'SCRIPT_FILENAME' => '/var/www/html/web/index.php'
    'FCGI_ROLE' => 'RESPONDER'
    'PHP_SELF' => '/index.php'
    'REQUEST_TIME_FLOAT' => 1778920077.8651
    'REQUEST_TIME' => 1778920077
    'CRAFT_APP_ID' => 'CraftCMS--3933bc78-29f5-4b79-bcc5-c31faf0fcd20'
    'CRAFT_ENVIRONMENT' => 'dev'
    'ENVIRONMENT' => 'dev'
    'CRAFT_SECURITY_KEY' => '••••••••••••••••••••••••••••••••'
    'CP_TRIGGER' => 'dW2axQ3b'
    'CRAFT_DB_SCHEMA' => 'public'
    'CRAFT_DB_TABLE_PREFIX' => ''
    'DEV_MODE' => 'true'
    'ALLOW_ADMIN_CHANGES' => 'true'
    'DISALLOW_ROBOTS' => 'true'
    'TIMEZONE' => 'Europe/Zurich'
    'CAPTCHA_SITE_KEY' => '••••••••••••••••••••••••••••••••••••••••'
    'CAPTCHA_SECRET_KEY' => '••••••••••••••••••••••••••••••••••••••••'
    'WEB_URL' => 'https://derschmuckmacher-v3.ddev.site'
    'WEB_ROOT' => '/var/www/html/web'
    'ASSETS_BASE_URL' => 'https://derschmuckmacher-v3.ddev.site/public'
    'ASSETS_BASE_PATH' => '/var/www/html/web/public'
    'SCHMUCK_BASE_URL' => 'https://derschmuckmacher-v3.ddev.site/public/uploads/schmuck'
    'SCHMUCK_BASE_PATH' => '/var/www/html/web/public/uploads/schmuck'
    'BILDER_BASE_URL' => 'https://derschmuckmacher-v3.ddev.site/public/uploads/bilder'
    'BILDER_BASE_PATH' => '/var/www/html/web/public/uploads/bilder'
] {"environment":"dev","userId":1} 
2026-05-16 10:28:57 [web.INFO] [yii\db\Connection::open] Opening DB connection: mysql:host=db;dbname=db;port=3306 {"memory":1100448} 
2026-05-16 10:28:57 [web.INFO] [yii\web\Session::open] Session started {"memory":1522688} 
2026-05-16 10:28:57 [web.INFO] [nystudio107\codeeditor\CodeEditor::bootstrap] CodeEditor module bootstrapped {"memory":1547024} 
2026-05-16 10:28:57 [web.INFO] [adigital\cookieconsentbanner\CookieConsentBanner::init] Cookie Consent Banner plugin loaded {"memory":1764232} 
2026-05-16 10:28:57 [web.INFO] [miranj\obfuscator\Obfuscator::init] Obfuscator plugin loaded {"memory":2725744} 
2026-05-16 10:28:57 [web.INFO] [application] Request context:
$_GET = [
    'p' => 'dW2axQ3b/actions/users/session-info'
    'dontExtendSession' => '1'
    'v' => '1778920137925'
]

$_POST = []

$_FILES = []

$_COOKIE = [
    'cookieconsent_status' => 'allow'
    'CRAFT_CSRF_TOKEN' => '••••••••••••••••••••••••••••••••••••••••••••••••••••••••••••••••••••••••••••••••••••••••••••••••••••••••••••••••••••••••••••••••••••••••••••••••••••••••••••••••••••••••••••••••••••••••••••••••••••••••••••••••••••••••••••••••••••••••••••••••••••••••••••••••••'
    'CraftSessionId' => '8m6eet0tlm9ao9brq6uoi3p8sq'
    'a8b7b1ec9ffb8baf2c6eaa253fe57112_username' => '26b9ec8568da68d3882e55afaa5d203483c6c5810ee05b5a55c8a0eb10cab93ea:2:{i:0;s:41:\"a8b7b1ec9ffb8baf2c6eaa253fe57112_username\";i:1;s:8:\"odegiuli\";}'
    'Craft-3626ffc1-d0a3-42e3-98aa-37e8aa759561_sidebar' => 'expanded'
    'a8b7b1ec9ffb8baf2c6eaa253fe57112_identity' => '014810335ee2fe011ef02c02b537a1ac7bf3cfa7f2f8fab42103f71f70525ae3a:2:{i:0;s:41:\"a8b7b1ec9ffb8baf2c6eaa253fe57112_identity\";i:1;s:159:\"[1,\"[\\\"W66KgiipJ2zO7LpsWJIt3v8lNdASO5VFU_NWJx8fvJypaXtu7Vb1Uyqznj6tW9NKQQKhWj7c7P7i3tDJATDmANWARJN_Io4GlsP0\\\",null,\\\"0ef01a0bceeac5b1d0a2b6557bd3d7b1\\\"]\",3600]\";}'
]

$_SESSION = [
    '22b6a59deafcfb2ffb13c3adf3d98a3b__flash' => []
    'a8b7b1ec9ffb8baf2c6eaa253fe57112__token' => '••••••••••••••••••••••••••••••••••••••••••••••••••••••••••••••••••••••••••••••••••••••••••••••••••••'
    'a8b7b1ec9ffb8baf2c6eaa253fe57112__id' => 1
    '__authKey' => '••••••••••••••••••••••••••••••••••••••••••••••••••••••••••••••••••••••••••••••••••••••••••••••••••••••••••••••••••••••••••••••••••••••••••••••••'
    'a8b7b1ec9ffb8baf2c6eaa253fe57112__expire' => 1778923611
    '__duration' => 3600
    '__elevated_timeout' => 1778920053
]

$_SERVER = [
    'DEPLOY_NAME' => 'local'
    'DDEV_WEBSERVER_TYPE' => 'nginx-fpm'
    'npm_config_cache' => '/mnt/ddev-global-cache/npm'
    'COREPACK_ENABLE_DOWNLOAD_PROMPT' => '0'
    'DDEV_GOOS' => 'darwin'
    'IS_DDEV_PROJECT' => 'true'
    'PHP_DEFAULT_VERSION' => '8.3'
    'HOSTNAME' => 'derschmuckmacher-v3-web'
    'MAILPIT_SMTP_PORT' => '1025'
    'MH_SMTP_BIND_ADDR' => '127.0.0.1:1025'
    'DDEV_PRIMARY_URL_WITHOUT_PORT' => 'https://derschmuckmacher-v3.ddev.site'
    'CRAFT_DB_PORT' => '3306'
    'DDEV_GID' => '20'
    'SSH_AUTH_SOCK' => '/home/.ssh-agent/socket'
    'NODE_EXTRA_CA_CERTS' => '/mnt/ddev-global-cache/mkcert/rootCA.pem'
    'DOCKER_IP' => '127.0.0.1'
    'PGPASSWORD' => 'db'
    'CRAFT_WEB_ROOT' => '/var/www/html/web'
    'DDEV_DOCROOT' => 'web'
    'PWD' => '/var/www/html'
    'PLATFORMSH_CLI_UPDATES_CHECK' => '0'
    'DDEV_APPROOT' => '/var/www/html'
    'DDEV_FILES_DIR' => ''
    'START_SCRIPT_TIMEOUT' => '57'
    'APACHE_SITE_TEMPLATE' => '/etc/apache2/apache-site.conf'
    'PHP_INI' => '/etc/php/8.3/fpm/php.ini'
    'DDEV_VERSION' => 'v1.24.10'
    'PRIMARY_SITE_URL' => 'https://derschmuckmacher-v3.ddev.site'
    'TZ' => 'Europe/Zurich'
    'DDEV_XHPROF_MODE' => 'prepend'
    'HTTPS_EXPOSE' => '443:80,8026:8025'
    'COREPACK_HOME' => '/mnt/ddev-global-cache/corepack'
    'CRAFT_DB_DATABASE' => 'db'
    'DDEV_PRIMARY_URL' => 'https://derschmuckmacher-v3.ddev.site'
    'LINES' => '6'
    'DDEV_SITENAME' => 'derschmuckmacher-v3'
    'HOME' => '/home/omar'
    'DRUSH_OPTIONS_URI' => 'https://derschmuckmacher-v3.ddev.site'
    'LANG' => 'C.UTF-8'
    'COLUMNS' => '371'
    'DDEV_MUTAGEN_ENABLED' => 'true'
    'DDEV_USER' => 'omar'
    'PGUSER' => 'db'
    'TERMINUS_CACHE_DIR' => '/mnt/ddev-global-cache/terminus/cache'
    'DDEV_PRIMARY_URL_PORT' => '443'
    'DDEV_ROUTER_HTTP_PORT' => '80'
    'MAILPIT_SMTP_HOSTNAME' => '127.0.0.1'
    'CRAFT_DB_DRIVER' => 'mysql'
    'COMPOSER_PROCESS_TIMEOUT' => '2000'
    'NGINX_SITE_TEMPLATE' => '/etc/nginx/nginx-site.conf'
    'DDEV_FILES_DIRS' => ''
    'CRAFT_DB_SERVER' => 'db'
    'HTTP_EXPOSE' => '80:80,8025:8025'
    'NVM_DIR' => '/home/omar/.nvm'
    'DDEV_PHP_VERSION' => '8.3'
    'DDEV_TLD' => 'ddev.site'
    'DDEV_HOSTNAME' => 'derschmuckmacher-v3.ddev.site'
    'DDEV_PROJECT' => 'derschmuckmacher-v3'
    'DDEV_GOARCH' => 'arm64'
    'VIRTUAL_HOST' => 'derschmuckmacher-v3.ddev.site'
    'TERM' => 'xterm'
    'USER' => 'omar'
    'MYSQL_HISTFILE' => '/mnt/ddev-global-cache/mysqlhistory/derschmuckmacher-v3-web/mysql_history'
    'DDEV_WEB_ENTRYPOINT' => '/mnt/ddev_config/web-entrypoint.d'
    'DDEV_UID' => '501'
    'CAROOT' => '/mnt/ddev-global-cache/mkcert'
    'SHLVL' => '1'
    'COMPOSER_ALLOW_SUPERUSER' => '1'
    'BASH_ENV' => '/etc/bash.nointeractive.bashrc'
    'DDEV_DATABASE' => 'mysql:8.0'
    'PGDATABASE' => 'db'
    'CRAFT_DB_USER' => 'db'
    'DDEV_SCHEME' => 'https'
    'XHPROF_OUTPUT_DIR' => '/tmp/xhprof'
    'COMPOSER_CACHE_DIR' => '/mnt/ddev-global-cache/composer'
    'DDEV_XDEBUG_ENABLED' => 'false'
    'DDEV_DATABASE_FAMILY' => 'mysql'
    'PGHOST' => 'db'
    'DDEV_COMPOSER_ROOT' => '/var/www/html'
    'CRAFT_DB_PASSWORD' => '••'
    'DOCROOT' => 'web'
    'TERMINUS_HIDE_UPDATE_MESSAGE' => '1'
    'PATH' => '/home/omar/bin:/var/www/html/vendor/bin:/usr/local/sbin:/usr/local/bin:/usr/sbin:/usr/bin:/sbin:/bin:/var/www/html/bin:/mnt/ddev-global-cache/global-commands/web'
    'HOST_DOCKER_INTERNAL_IP' => ''
    'DDEV_PROJECT_TYPE' => 'craftcms'
    'DEBIAN_FRONTEND' => 'noninteractive'
    'DDEV_ROUTER_HTTPS_PORT' => '443'
    'EXECIGNORE' => '/var/www/html/vendor/bin/composer'
    'SUPERVISOR_ENABLED' => '1'
    'SUPERVISOR_SERVER_URL' => 'unix:///var/run/supervisor.sock'
    'SUPERVISOR_PROCESS_NAME' => 'php-fpm'
    'SUPERVISOR_GROUP_NAME' => 'php-fpm'
    'HTTP_X_REQUESTED_WITH' => 'XMLHttpRequest'
    'HTTP_X_REGISTERED_JS_FILES' => ''
    'HTTP_X_REGISTERED_ASSET_BUNDLES' => 'e38a2e07,22e517a2,aee7f8dc,26c46c25,e505ffd6,6b4d7555,bb2f10a0,e5e48399,815d39ea,fc0bc163,1ccab40d,1e21896b,54698ee0,b842675b,1c3c9add,4b1fd285,d8d08e47,8f00ce04,8768f48b,cf3018d6,ec6d0256,11858fc6,8550f857,c7a8fe38'
    'HTTP_X_REAL_IP' => '172.18.0.1'
    'HTTP_X_FORWARDED_SERVER' => '9d89c63e5d30'
    'HTTP_X_FORWARDED_PROTO' => 'https'
    'HTTP_X_FORWARDED_PORT' => '443'
    'HTTP_X_FORWARDED_HOST' => 'derschmuckmacher-v3.ddev.site'
    'HTTP_X_FORWARDED_FOR' => '172.18.0.1'
    'HTTP_X_CSRF_TOKEN' => '••••••••••••••••••••••••••••••••••••••••••••••••••••••••••••••••••••••••••••••••••••••••••••••••••••••••••••••••••••••••••••••••••••••••••••••••••••••••••••••••••••••••••••••••••••••••••••••••••••••••••••••••••••••••••••••••••••••••••••••••••••••••••••••••••••••••••••••••••••••••••••••••••••••••••••••••••••••••••••••••••••••••••••••••••••••••••••••••••••••••••••••••••••••••••••••••••••••••'
    'HTTP_TE' => 'trailers'
    'HTTP_SEC_GPC' => '1'
    'HTTP_SEC_FETCH_SITE' => 'same-origin'
    'HTTP_SEC_FETCH_MODE' => 'cors'
    'HTTP_SEC_FETCH_DEST' => 'empty'
    'HTTP_REFERER' => 'https://derschmuckmacher-v3.ddev.site/dW2axQ3b/dashboard'
    'HTTP_COOKIE' => 'cookieconsent_status=allow; CRAFT_CSRF_TOKEN=f52c2ad1562dd4eaea483aa259f3d9f40e937251911a1f388757fd23df670184a%3A2%3A%7Bi%3A0%3Bs%3A16%3A%22CRAFT_CSRF_TOKEN%22%3Bi%3A1%3Bs%3A147%3A%22oscGmXtgN7lH1IINFeBh9KwfL0sWDqIBBHQCFaaO%7Cb7905baa15fbf45e0730994dfb6501f9dd198752ca26e174cf5f6d5fd0c05b74oscGmXtgN7lH1IINFeBh9KwfL0sWDqIBBHQCFaaO%7C1%22%3B%7D; CraftSessionId=8m6eet0tlm9ao9brq6uoi3p8sq; a8b7b1ec9ffb8baf2c6eaa253fe57112_username=26b9ec8568da68d3882e55afaa5d203483c6c5810ee05b5a55c8a0eb10cab93ea%3A2%3A%7Bi%3A0%3Bs%3A41%3A%22a8b7b1ec9ffb8baf2c6eaa253fe57112_username%22%3Bi%3A1%3Bs%3A8%3A%22odegiuli%22%3B%7D; Craft-3626ffc1-d0a3-42e3-98aa-37e8aa759561_sidebar=expanded; a8b7b1ec9ffb8baf2c6eaa253fe57112_identity=014810335ee2fe011ef02c02b537a1ac7bf3cfa7f2f8fab42103f71f70525ae3a%3A2%3A%7Bi%3A0%3Bs%3A41%3A%22a8b7b1ec9ffb8baf2c6eaa253fe57112_identity%22%3Bi%3A1%3Bs%3A159%3A%22%5B1%2C%22%5B%5C%22W66KgiipJ2zO7LpsWJIt3v8lNdASO5VFU_NWJx8fvJypaXtu7Vb1Uyqznj6tW9NKQQKhWj7c7P7i3tDJATDmANWARJN_Io4GlsP0%5C%22%2Cnull%2C%5C%220ef01a0bceeac5b1d0a2b6557bd3d7b1%5C%22%5D%22%2C3600%5D%22%3B%7D'
    'HTTP_ACCEPT_LANGUAGE' => 'de,en-US;q=0.9,en;q=0.8'
    'HTTP_ACCEPT_ENCODING' => 'gzip, deflate, br, zstd'
    'HTTP_ACCEPT' => 'application/json, text/plain, */*'
    'HTTP_USER_AGENT' => 'Mozilla/5.0 (Macintosh; Intel Mac OS X 10.15; rv:150.0) Gecko/20100101 Firefox/150.0'
    'HTTP_HOST' => 'derschmuckmacher-v3.ddev.site'
    'HTTPS' => 'on'
    'REDIRECT_STATUS' => '200'
    'SERVER_NAME' => 'derschmuckmacher-v3.ddev.site'
    'SERVER_PORT' => '80'
    'SERVER_ADDR' => '172.18.0.4'
    'REMOTE_PORT' => '50708'
    'REMOTE_ADDR' => '172.18.0.5'
    'SERVER_SOFTWARE' => 'nginx/1.28.0'
    'GATEWAY_INTERFACE' => 'CGI/1.1'
    'REQUEST_SCHEME' => 'http'
    'SERVER_PROTOCOL' => 'HTTP/1.1'
    'DOCUMENT_ROOT' => '/var/www/html/web'
    'DOCUMENT_URI' => '/index.php'
    'REQUEST_URI' => '/index.php?p=dW2axQ3b%2Factions%2Fusers%2Fsession-info&dontExtendSession=1&v=1778920137925'
    'CONTENT_LENGTH' => ''
    'CONTENT_TYPE' => ''
    'REQUEST_METHOD' => 'GET'
    'QUERY_STRING' => 'p=dW2axQ3b%2Factions%2Fusers%2Fsession-info&dontExtendSession=1&v=1778920137925'
    'SCRIPT_NAME' => '/index.php'
    'SCRIPT_FILENAME' => '/var/www/html/web/index.php'
    'FCGI_ROLE' => 'RESPONDER'
    'PHP_SELF' => '/index.php'
    'REQUEST_TIME_FLOAT' => 1778920137.9435
    'REQUEST_TIME' => 1778920137
    'CRAFT_APP_ID' => 'CraftCMS--3933bc78-29f5-4b79-bcc5-c31faf0fcd20'
    'CRAFT_ENVIRONMENT' => 'dev'
    'ENVIRONMENT' => 'dev'
    'CRAFT_SECURITY_KEY' => '••••••••••••••••••••••••••••••••'
    'CP_TRIGGER' => 'dW2axQ3b'
    'CRAFT_DB_SCHEMA' => 'public'
    'CRAFT_DB_TABLE_PREFIX' => ''
    'DEV_MODE' => 'true'
    'ALLOW_ADMIN_CHANGES' => 'true'
    'DISALLOW_ROBOTS' => 'true'
    'TIMEZONE' => 'Europe/Zurich'
    'CAPTCHA_SITE_KEY' => '••••••••••••••••••••••••••••••••••••••••'
    'CAPTCHA_SECRET_KEY' => '••••••••••••••••••••••••••••••••••••••••'
    'WEB_URL' => 'https://derschmuckmacher-v3.ddev.site'
    'WEB_ROOT' => '/var/www/html/web'
    'ASSETS_BASE_URL' => 'https://derschmuckmacher-v3.ddev.site/public'
    'ASSETS_BASE_PATH' => '/var/www/html/web/public'
    'SCHMUCK_BASE_URL' => 'https://derschmuckmacher-v3.ddev.site/public/uploads/schmuck'
    'SCHMUCK_BASE_PATH' => '/var/www/html/web/public/uploads/schmuck'
    'BILDER_BASE_URL' => 'https://derschmuckmacher-v3.ddev.site/public/uploads/bilder'
    'BILDER_BASE_PATH' => '/var/www/html/web/public/uploads/bilder'
] {"environment":"dev","userId":1} 
2026-05-16 10:29:58 [web.INFO] [yii\db\Connection::open] Opening DB connection: mysql:host=db;dbname=db;port=3306 {"memory":1100448} 
2026-05-16 10:29:58 [web.INFO] [yii\web\Session::open] Session started {"memory":1522688} 
2026-05-16 10:29:58 [web.INFO] [nystudio107\codeeditor\CodeEditor::bootstrap] CodeEditor module bootstrapped {"memory":1547024} 
2026-05-16 10:29:58 [web.INFO] [adigital\cookieconsentbanner\CookieConsentBanner::init] Cookie Consent Banner plugin loaded {"memory":1764232} 
2026-05-16 10:29:58 [web.INFO] [miranj\obfuscator\Obfuscator::init] Obfuscator plugin loaded {"memory":3321096} 
2026-05-16 10:29:58 [web.INFO] [application] Request context:
$_GET = [
    'p' => 'dW2axQ3b/actions/users/session-info'
    'dontExtendSession' => '1'
    'v' => '1778920198883'
]

$_POST = []

$_FILES = []

$_COOKIE = [
    'cookieconsent_status' => 'allow'
    'CRAFT_CSRF_TOKEN' => '••••••••••••••••••••••••••••••••••••••••••••••••••••••••••••••••••••••••••••••••••••••••••••••••••••••••••••••••••••••••••••••••••••••••••••••••••••••••••••••••••••••••••••••••••••••••••••••••••••••••••••••••••••••••••••••••••••••••••••••••••••••••••••••••••'
    'CraftSessionId' => '8m6eet0tlm9ao9brq6uoi3p8sq'
    'a8b7b1ec9ffb8baf2c6eaa253fe57112_username' => '26b9ec8568da68d3882e55afaa5d203483c6c5810ee05b5a55c8a0eb10cab93ea:2:{i:0;s:41:\"a8b7b1ec9ffb8baf2c6eaa253fe57112_username\";i:1;s:8:\"odegiuli\";}'
    'Craft-3626ffc1-d0a3-42e3-98aa-37e8aa759561_sidebar' => 'expanded'
    'a8b7b1ec9ffb8baf2c6eaa253fe57112_identity' => '014810335ee2fe011ef02c02b537a1ac7bf3cfa7f2f8fab42103f71f70525ae3a:2:{i:0;s:41:\"a8b7b1ec9ffb8baf2c6eaa253fe57112_identity\";i:1;s:159:\"[1,\"[\\\"W66KgiipJ2zO7LpsWJIt3v8lNdASO5VFU_NWJx8fvJypaXtu7Vb1Uyqznj6tW9NKQQKhWj7c7P7i3tDJATDmANWARJN_Io4GlsP0\\\",null,\\\"0ef01a0bceeac5b1d0a2b6557bd3d7b1\\\"]\",3600]\";}'
]

$_SESSION = [
    '22b6a59deafcfb2ffb13c3adf3d98a3b__flash' => []
    'a8b7b1ec9ffb8baf2c6eaa253fe57112__token' => '••••••••••••••••••••••••••••••••••••••••••••••••••••••••••••••••••••••••••••••••••••••••••••••••••••'
    'a8b7b1ec9ffb8baf2c6eaa253fe57112__id' => 1
    '__authKey' => '••••••••••••••••••••••••••••••••••••••••••••••••••••••••••••••••••••••••••••••••••••••••••••••••••••••••••••••••••••••••••••••••••••••••••••••••'
    'a8b7b1ec9ffb8baf2c6eaa253fe57112__expire' => 1778923611
    '__duration' => 3600
    '__elevated_timeout' => 1778920053
]

$_SERVER = [
    'DEPLOY_NAME' => 'local'
    'DDEV_WEBSERVER_TYPE' => 'nginx-fpm'
    'npm_config_cache' => '/mnt/ddev-global-cache/npm'
    'COREPACK_ENABLE_DOWNLOAD_PROMPT' => '0'
    'DDEV_GOOS' => 'darwin'
    'IS_DDEV_PROJECT' => 'true'
    'PHP_DEFAULT_VERSION' => '8.3'
    'HOSTNAME' => 'derschmuckmacher-v3-web'
    'MAILPIT_SMTP_PORT' => '1025'
    'MH_SMTP_BIND_ADDR' => '127.0.0.1:1025'
    'DDEV_PRIMARY_URL_WITHOUT_PORT' => 'https://derschmuckmacher-v3.ddev.site'
    'CRAFT_DB_PORT' => '3306'
    'DDEV_GID' => '20'
    'SSH_AUTH_SOCK' => '/home/.ssh-agent/socket'
    'NODE_EXTRA_CA_CERTS' => '/mnt/ddev-global-cache/mkcert/rootCA.pem'
    'DOCKER_IP' => '127.0.0.1'
    'PGPASSWORD' => 'db'
    'CRAFT_WEB_ROOT' => '/var/www/html/web'
    'DDEV_DOCROOT' => 'web'
    'PWD' => '/var/www/html'
    'PLATFORMSH_CLI_UPDATES_CHECK' => '0'
    'DDEV_APPROOT' => '/var/www/html'
    'DDEV_FILES_DIR' => ''
    'START_SCRIPT_TIMEOUT' => '57'
    'APACHE_SITE_TEMPLATE' => '/etc/apache2/apache-site.conf'
    'PHP_INI' => '/etc/php/8.3/fpm/php.ini'
    'DDEV_VERSION' => 'v1.24.10'
    'PRIMARY_SITE_URL' => 'https://derschmuckmacher-v3.ddev.site'
    'TZ' => 'Europe/Zurich'
    'DDEV_XHPROF_MODE' => 'prepend'
    'HTTPS_EXPOSE' => '443:80,8026:8025'
    'COREPACK_HOME' => '/mnt/ddev-global-cache/corepack'
    'CRAFT_DB_DATABASE' => 'db'
    'DDEV_PRIMARY_URL' => 'https://derschmuckmacher-v3.ddev.site'
    'LINES' => '6'
    'DDEV_SITENAME' => 'derschmuckmacher-v3'
    'HOME' => '/home/omar'
    'DRUSH_OPTIONS_URI' => 'https://derschmuckmacher-v3.ddev.site'
    'LANG' => 'C.UTF-8'
    'COLUMNS' => '371'
    'DDEV_MUTAGEN_ENABLED' => 'true'
    'DDEV_USER' => 'omar'
    'PGUSER' => 'db'
    'TERMINUS_CACHE_DIR' => '/mnt/ddev-global-cache/terminus/cache'
    'DDEV_PRIMARY_URL_PORT' => '443'
    'DDEV_ROUTER_HTTP_PORT' => '80'
    'MAILPIT_SMTP_HOSTNAME' => '127.0.0.1'
    'CRAFT_DB_DRIVER' => 'mysql'
    'COMPOSER_PROCESS_TIMEOUT' => '2000'
    'NGINX_SITE_TEMPLATE' => '/etc/nginx/nginx-site.conf'
    'DDEV_FILES_DIRS' => ''
    'CRAFT_DB_SERVER' => 'db'
    'HTTP_EXPOSE' => '80:80,8025:8025'
    'NVM_DIR' => '/home/omar/.nvm'
    'DDEV_PHP_VERSION' => '8.3'
    'DDEV_TLD' => 'ddev.site'
    'DDEV_HOSTNAME' => 'derschmuckmacher-v3.ddev.site'
    'DDEV_PROJECT' => 'derschmuckmacher-v3'
    'DDEV_GOARCH' => 'arm64'
    'VIRTUAL_HOST' => 'derschmuckmacher-v3.ddev.site'
    'TERM' => 'xterm'
    'USER' => 'omar'
    'MYSQL_HISTFILE' => '/mnt/ddev-global-cache/mysqlhistory/derschmuckmacher-v3-web/mysql_history'
    'DDEV_WEB_ENTRYPOINT' => '/mnt/ddev_config/web-entrypoint.d'
    'DDEV_UID' => '501'
    'CAROOT' => '/mnt/ddev-global-cache/mkcert'
    'SHLVL' => '1'
    'COMPOSER_ALLOW_SUPERUSER' => '1'
    'BASH_ENV' => '/etc/bash.nointeractive.bashrc'
    'DDEV_DATABASE' => 'mysql:8.0'
    'PGDATABASE' => 'db'
    'CRAFT_DB_USER' => 'db'
    'DDEV_SCHEME' => 'https'
    'XHPROF_OUTPUT_DIR' => '/tmp/xhprof'
    'COMPOSER_CACHE_DIR' => '/mnt/ddev-global-cache/composer'
    'DDEV_XDEBUG_ENABLED' => 'false'
    'DDEV_DATABASE_FAMILY' => 'mysql'
    'PGHOST' => 'db'
    'DDEV_COMPOSER_ROOT' => '/var/www/html'
    'CRAFT_DB_PASSWORD' => '••'
    'DOCROOT' => 'web'
    'TERMINUS_HIDE_UPDATE_MESSAGE' => '1'
    'PATH' => '/home/omar/bin:/var/www/html/vendor/bin:/usr/local/sbin:/usr/local/bin:/usr/sbin:/usr/bin:/sbin:/bin:/var/www/html/bin:/mnt/ddev-global-cache/global-commands/web'
    'HOST_DOCKER_INTERNAL_IP' => ''
    'DDEV_PROJECT_TYPE' => 'craftcms'
    'DEBIAN_FRONTEND' => 'noninteractive'
    'DDEV_ROUTER_HTTPS_PORT' => '443'
    'EXECIGNORE' => '/var/www/html/vendor/bin/composer'
    'SUPERVISOR_ENABLED' => '1'
    'SUPERVISOR_SERVER_URL' => 'unix:///var/run/supervisor.sock'
    'SUPERVISOR_PROCESS_NAME' => 'php-fpm'
    'SUPERVISOR_GROUP_NAME' => 'php-fpm'
    'HTTP_X_REQUESTED_WITH' => 'XMLHttpRequest'
    'HTTP_X_REGISTERED_JS_FILES' => ''
    'HTTP_X_REGISTERED_ASSET_BUNDLES' => 'e38a2e07,22e517a2,aee7f8dc,26c46c25,e505ffd6,6b4d7555,bb2f10a0,e5e48399,815d39ea,fc0bc163,1ccab40d,1e21896b,54698ee0,b842675b,1c3c9add,4b1fd285,d8d08e47,8f00ce04,8768f48b,cf3018d6,ec6d0256,11858fc6,8550f857,c7a8fe38'
    'HTTP_X_REAL_IP' => '172.18.0.1'
    'HTTP_X_FORWARDED_SERVER' => '9d89c63e5d30'
    'HTTP_X_FORWARDED_PROTO' => 'https'
    'HTTP_X_FORWARDED_PORT' => '443'
    'HTTP_X_FORWARDED_HOST' => 'derschmuckmacher-v3.ddev.site'
    'HTTP_X_FORWARDED_FOR' => '172.18.0.1'
    'HTTP_X_CSRF_TOKEN' => '••••••••••••••••••••••••••••••••••••••••••••••••••••••••••••••••••••••••••••••••••••••••••••••••••••••••••••••••••••••••••••••••••••••••••••••••••••••••••••••••••••••••••••••••••••••••••••••••••••••••••••••••••••••••••••••••••••••••••••••••••••••••••••••••••••••••••••••••••••••••••••••••••••••••••••••••••••••••••••••••••••••••••••••••••••••••••••••••••••••••••••••••••••••••••••••••••••••••'
    'HTTP_TE' => 'trailers'
    'HTTP_SEC_GPC' => '1'
    'HTTP_SEC_FETCH_SITE' => 'same-origin'
    'HTTP_SEC_FETCH_MODE' => 'cors'
    'HTTP_SEC_FETCH_DEST' => 'empty'
    'HTTP_REFERER' => 'https://derschmuckmacher-v3.ddev.site/dW2axQ3b/dashboard'
    'HTTP_COOKIE' => 'cookieconsent_status=allow; CRAFT_CSRF_TOKEN=f52c2ad1562dd4eaea483aa259f3d9f40e937251911a1f388757fd23df670184a%3A2%3A%7Bi%3A0%3Bs%3A16%3A%22CRAFT_CSRF_TOKEN%22%3Bi%3A1%3Bs%3A147%3A%22oscGmXtgN7lH1IINFeBh9KwfL0sWDqIBBHQCFaaO%7Cb7905baa15fbf45e0730994dfb6501f9dd198752ca26e174cf5f6d5fd0c05b74oscGmXtgN7lH1IINFeBh9KwfL0sWDqIBBHQCFaaO%7C1%22%3B%7D; CraftSessionId=8m6eet0tlm9ao9brq6uoi3p8sq; a8b7b1ec9ffb8baf2c6eaa253fe57112_username=26b9ec8568da68d3882e55afaa5d203483c6c5810ee05b5a55c8a0eb10cab93ea%3A2%3A%7Bi%3A0%3Bs%3A41%3A%22a8b7b1ec9ffb8baf2c6eaa253fe57112_username%22%3Bi%3A1%3Bs%3A8%3A%22odegiuli%22%3B%7D; Craft-3626ffc1-d0a3-42e3-98aa-37e8aa759561_sidebar=expanded; a8b7b1ec9ffb8baf2c6eaa253fe57112_identity=014810335ee2fe011ef02c02b537a1ac7bf3cfa7f2f8fab42103f71f70525ae3a%3A2%3A%7Bi%3A0%3Bs%3A41%3A%22a8b7b1ec9ffb8baf2c6eaa253fe57112_identity%22%3Bi%3A1%3Bs%3A159%3A%22%5B1%2C%22%5B%5C%22W66KgiipJ2zO7LpsWJIt3v8lNdASO5VFU_NWJx8fvJypaXtu7Vb1Uyqznj6tW9NKQQKhWj7c7P7i3tDJATDmANWARJN_Io4GlsP0%5C%22%2Cnull%2C%5C%220ef01a0bceeac5b1d0a2b6557bd3d7b1%5C%22%5D%22%2C3600%5D%22%3B%7D'
    'HTTP_ACCEPT_LANGUAGE' => 'de,en-US;q=0.9,en;q=0.8'
    'HTTP_ACCEPT_ENCODING' => 'gzip, deflate, br, zstd'
    'HTTP_ACCEPT' => 'application/json, text/plain, */*'
    'HTTP_USER_AGENT' => 'Mozilla/5.0 (Macintosh; Intel Mac OS X 10.15; rv:150.0) Gecko/20100101 Firefox/150.0'
    'HTTP_HOST' => 'derschmuckmacher-v3.ddev.site'
    'HTTPS' => 'on'
    'REDIRECT_STATUS' => '200'
    'SERVER_NAME' => 'derschmuckmacher-v3.ddev.site'
    'SERVER_PORT' => '80'
    'SERVER_ADDR' => '172.18.0.4'
    'REMOTE_PORT' => '36236'
    'REMOTE_ADDR' => '172.18.0.5'
    'SERVER_SOFTWARE' => 'nginx/1.28.0'
    'GATEWAY_INTERFACE' => 'CGI/1.1'
    'REQUEST_SCHEME' => 'http'
    'SERVER_PROTOCOL' => 'HTTP/1.1'
    'DOCUMENT_ROOT' => '/var/www/html/web'
    'DOCUMENT_URI' => '/index.php'
    'REQUEST_URI' => '/index.php?p=dW2axQ3b%2Factions%2Fusers%2Fsession-info&dontExtendSession=1&v=1778920198883'
    'CONTENT_LENGTH' => ''
    'CONTENT_TYPE' => ''
    'REQUEST_METHOD' => 'GET'
    'QUERY_STRING' => 'p=dW2axQ3b%2Factions%2Fusers%2Fsession-info&dontExtendSession=1&v=1778920198883'
    'SCRIPT_NAME' => '/index.php'
    'SCRIPT_FILENAME' => '/var/www/html/web/index.php'
    'FCGI_ROLE' => 'RESPONDER'
    'PHP_SELF' => '/index.php'
    'REQUEST_TIME_FLOAT' => 1778920198.8977
    'REQUEST_TIME' => 1778920198
    'CRAFT_APP_ID' => 'CraftCMS--3933bc78-29f5-4b79-bcc5-c31faf0fcd20'
    'CRAFT_ENVIRONMENT' => 'dev'
    'ENVIRONMENT' => 'dev'
    'CRAFT_SECURITY_KEY' => '••••••••••••••••••••••••••••••••'
    'CP_TRIGGER' => 'dW2axQ3b'
    'CRAFT_DB_SCHEMA' => 'public'
    'CRAFT_DB_TABLE_PREFIX' => ''
    'DEV_MODE' => 'true'
    'ALLOW_ADMIN_CHANGES' => 'true'
    'DISALLOW_ROBOTS' => 'true'
    'TIMEZONE' => 'Europe/Zurich'
    'CAPTCHA_SITE_KEY' => '••••••••••••••••••••••••••••••••••••••••'
    'CAPTCHA_SECRET_KEY' => '••••••••••••••••••••••••••••••••••••••••'
    'WEB_URL' => 'https://derschmuckmacher-v3.ddev.site'
    'WEB_ROOT' => '/var/www/html/web'
    'ASSETS_BASE_URL' => 'https://derschmuckmacher-v3.ddev.site/public'
    'ASSETS_BASE_PATH' => '/var/www/html/web/public'
    'SCHMUCK_BASE_URL' => 'https://derschmuckmacher-v3.ddev.site/public/uploads/schmuck'
    'SCHMUCK_BASE_PATH' => '/var/www/html/web/public/uploads/schmuck'
    'BILDER_BASE_URL' => 'https://derschmuckmacher-v3.ddev.site/public/uploads/bilder'
    'BILDER_BASE_PATH' => '/var/www/html/web/public/uploads/bilder'
] {"environment":"dev","userId":1} 
2026-05-16 10:30:59 [web.INFO] [yii\db\Connection::open] Opening DB connection: mysql:host=db;dbname=db;port=3306 {"memory":1100448} 
2026-05-16 10:30:59 [web.INFO] [yii\web\Session::open] Session started {"memory":1522688} 
2026-05-16 10:30:59 [web.INFO] [nystudio107\codeeditor\CodeEditor::bootstrap] CodeEditor module bootstrapped {"memory":1547024} 
2026-05-16 10:30:59 [web.INFO] [adigital\cookieconsentbanner\CookieConsentBanner::init] Cookie Consent Banner plugin loaded {"memory":1764232} 
2026-05-16 10:30:59 [web.INFO] [miranj\obfuscator\Obfuscator::init] Obfuscator plugin loaded {"memory":2725744} 
2026-05-16 10:30:59 [web.INFO] [application] Request context:
$_GET = [
    'p' => 'dW2axQ3b/actions/users/session-info'
    'dontExtendSession' => '1'
    'v' => '1778920258968'
]

$_POST = []

$_FILES = []

$_COOKIE = [
    'cookieconsent_status' => 'allow'
    'CRAFT_CSRF_TOKEN' => '••••••••••••••••••••••••••••••••••••••••••••••••••••••••••••••••••••••••••••••••••••••••••••••••••••••••••••••••••••••••••••••••••••••••••••••••••••••••••••••••••••••••••••••••••••••••••••••••••••••••••••••••••••••••••••••••••••••••••••••••••••••••••••••••••'
    'CraftSessionId' => '8m6eet0tlm9ao9brq6uoi3p8sq'
    'a8b7b1ec9ffb8baf2c6eaa253fe57112_username' => '26b9ec8568da68d3882e55afaa5d203483c6c5810ee05b5a55c8a0eb10cab93ea:2:{i:0;s:41:\"a8b7b1ec9ffb8baf2c6eaa253fe57112_username\";i:1;s:8:\"odegiuli\";}'
    'Craft-3626ffc1-d0a3-42e3-98aa-37e8aa759561_sidebar' => 'expanded'
    'a8b7b1ec9ffb8baf2c6eaa253fe57112_identity' => '014810335ee2fe011ef02c02b537a1ac7bf3cfa7f2f8fab42103f71f70525ae3a:2:{i:0;s:41:\"a8b7b1ec9ffb8baf2c6eaa253fe57112_identity\";i:1;s:159:\"[1,\"[\\\"W66KgiipJ2zO7LpsWJIt3v8lNdASO5VFU_NWJx8fvJypaXtu7Vb1Uyqznj6tW9NKQQKhWj7c7P7i3tDJATDmANWARJN_Io4GlsP0\\\",null,\\\"0ef01a0bceeac5b1d0a2b6557bd3d7b1\\\"]\",3600]\";}'
]

$_SESSION = [
    '22b6a59deafcfb2ffb13c3adf3d98a3b__flash' => []
    'a8b7b1ec9ffb8baf2c6eaa253fe57112__token' => '••••••••••••••••••••••••••••••••••••••••••••••••••••••••••••••••••••••••••••••••••••••••••••••••••••'
    'a8b7b1ec9ffb8baf2c6eaa253fe57112__id' => 1
    '__authKey' => '••••••••••••••••••••••••••••••••••••••••••••••••••••••••••••••••••••••••••••••••••••••••••••••••••••••••••••••••••••••••••••••••••••••••••••••••'
    'a8b7b1ec9ffb8baf2c6eaa253fe57112__expire' => 1778923611
    '__duration' => 3600
    '__elevated_timeout' => 1778920053
]

$_SERVER = [
    'DEPLOY_NAME' => 'local'
    'DDEV_WEBSERVER_TYPE' => 'nginx-fpm'
    'npm_config_cache' => '/mnt/ddev-global-cache/npm'
    'COREPACK_ENABLE_DOWNLOAD_PROMPT' => '0'
    'DDEV_GOOS' => 'darwin'
    'IS_DDEV_PROJECT' => 'true'
    'PHP_DEFAULT_VERSION' => '8.3'
    'HOSTNAME' => 'derschmuckmacher-v3-web'
    'MAILPIT_SMTP_PORT' => '1025'
    'MH_SMTP_BIND_ADDR' => '127.0.0.1:1025'
    'DDEV_PRIMARY_URL_WITHOUT_PORT' => 'https://derschmuckmacher-v3.ddev.site'
    'CRAFT_DB_PORT' => '3306'
    'DDEV_GID' => '20'
    'SSH_AUTH_SOCK' => '/home/.ssh-agent/socket'
    'NODE_EXTRA_CA_CERTS' => '/mnt/ddev-global-cache/mkcert/rootCA.pem'
    'DOCKER_IP' => '127.0.0.1'
    'PGPASSWORD' => 'db'
    'CRAFT_WEB_ROOT' => '/var/www/html/web'
    'DDEV_DOCROOT' => 'web'
    'PWD' => '/var/www/html'
    'PLATFORMSH_CLI_UPDATES_CHECK' => '0'
    'DDEV_APPROOT' => '/var/www/html'
    'DDEV_FILES_DIR' => ''
    'START_SCRIPT_TIMEOUT' => '57'
    'APACHE_SITE_TEMPLATE' => '/etc/apache2/apache-site.conf'
    'PHP_INI' => '/etc/php/8.3/fpm/php.ini'
    'DDEV_VERSION' => 'v1.24.10'
    'PRIMARY_SITE_URL' => 'https://derschmuckmacher-v3.ddev.site'
    'TZ' => 'Europe/Zurich'
    'DDEV_XHPROF_MODE' => 'prepend'
    'HTTPS_EXPOSE' => '443:80,8026:8025'
    'COREPACK_HOME' => '/mnt/ddev-global-cache/corepack'
    'CRAFT_DB_DATABASE' => 'db'
    'DDEV_PRIMARY_URL' => 'https://derschmuckmacher-v3.ddev.site'
    'LINES' => '6'
    'DDEV_SITENAME' => 'derschmuckmacher-v3'
    'HOME' => '/home/omar'
    'DRUSH_OPTIONS_URI' => 'https://derschmuckmacher-v3.ddev.site'
    'LANG' => 'C.UTF-8'
    'COLUMNS' => '371'
    'DDEV_MUTAGEN_ENABLED' => 'true'
    'DDEV_USER' => 'omar'
    'PGUSER' => 'db'
    'TERMINUS_CACHE_DIR' => '/mnt/ddev-global-cache/terminus/cache'
    'DDEV_PRIMARY_URL_PORT' => '443'
    'DDEV_ROUTER_HTTP_PORT' => '80'
    'MAILPIT_SMTP_HOSTNAME' => '127.0.0.1'
    'CRAFT_DB_DRIVER' => 'mysql'
    'COMPOSER_PROCESS_TIMEOUT' => '2000'
    'NGINX_SITE_TEMPLATE' => '/etc/nginx/nginx-site.conf'
    'DDEV_FILES_DIRS' => ''
    'CRAFT_DB_SERVER' => 'db'
    'HTTP_EXPOSE' => '80:80,8025:8025'
    'NVM_DIR' => '/home/omar/.nvm'
    'DDEV_PHP_VERSION' => '8.3'
    'DDEV_TLD' => 'ddev.site'
    'DDEV_HOSTNAME' => 'derschmuckmacher-v3.ddev.site'
    'DDEV_PROJECT' => 'derschmuckmacher-v3'
    'DDEV_GOARCH' => 'arm64'
    'VIRTUAL_HOST' => 'derschmuckmacher-v3.ddev.site'
    'TERM' => 'xterm'
    'USER' => 'omar'
    'MYSQL_HISTFILE' => '/mnt/ddev-global-cache/mysqlhistory/derschmuckmacher-v3-web/mysql_history'
    'DDEV_WEB_ENTRYPOINT' => '/mnt/ddev_config/web-entrypoint.d'
    'DDEV_UID' => '501'
    'CAROOT' => '/mnt/ddev-global-cache/mkcert'
    'SHLVL' => '1'
    'COMPOSER_ALLOW_SUPERUSER' => '1'
    'BASH_ENV' => '/etc/bash.nointeractive.bashrc'
    'DDEV_DATABASE' => 'mysql:8.0'
    'PGDATABASE' => 'db'
    'CRAFT_DB_USER' => 'db'
    'DDEV_SCHEME' => 'https'
    'XHPROF_OUTPUT_DIR' => '/tmp/xhprof'
    'COMPOSER_CACHE_DIR' => '/mnt/ddev-global-cache/composer'
    'DDEV_XDEBUG_ENABLED' => 'false'
    'DDEV_DATABASE_FAMILY' => 'mysql'
    'PGHOST' => 'db'
    'DDEV_COMPOSER_ROOT' => '/var/www/html'
    'CRAFT_DB_PASSWORD' => '••'
    'DOCROOT' => 'web'
    'TERMINUS_HIDE_UPDATE_MESSAGE' => '1'
    'PATH' => '/home/omar/bin:/var/www/html/vendor/bin:/usr/local/sbin:/usr/local/bin:/usr/sbin:/usr/bin:/sbin:/bin:/var/www/html/bin:/mnt/ddev-global-cache/global-commands/web'
    'HOST_DOCKER_INTERNAL_IP' => ''
    'DDEV_PROJECT_TYPE' => 'craftcms'
    'DEBIAN_FRONTEND' => 'noninteractive'
    'DDEV_ROUTER_HTTPS_PORT' => '443'
    'EXECIGNORE' => '/var/www/html/vendor/bin/composer'
    'SUPERVISOR_ENABLED' => '1'
    'SUPERVISOR_SERVER_URL' => 'unix:///var/run/supervisor.sock'
    'SUPERVISOR_PROCESS_NAME' => 'php-fpm'
    'SUPERVISOR_GROUP_NAME' => 'php-fpm'
    'HTTP_X_REQUESTED_WITH' => 'XMLHttpRequest'
    'HTTP_X_REGISTERED_JS_FILES' => ''
    'HTTP_X_REGISTERED_ASSET_BUNDLES' => 'e38a2e07,22e517a2,aee7f8dc,26c46c25,e505ffd6,6b4d7555,bb2f10a0,e5e48399,815d39ea,fc0bc163,1ccab40d,1e21896b,54698ee0,b842675b,1c3c9add,4b1fd285,d8d08e47,8f00ce04,8768f48b,cf3018d6,ec6d0256,11858fc6,8550f857,c7a8fe38'
    'HTTP_X_REAL_IP' => '172.18.0.1'
    'HTTP_X_FORWARDED_SERVER' => '9d89c63e5d30'
    'HTTP_X_FORWARDED_PROTO' => 'https'
    'HTTP_X_FORWARDED_PORT' => '443'
    'HTTP_X_FORWARDED_HOST' => 'derschmuckmacher-v3.ddev.site'
    'HTTP_X_FORWARDED_FOR' => '172.18.0.1'
    'HTTP_X_CSRF_TOKEN' => '••••••••••••••••••••••••••••••••••••••••••••••••••••••••••••••••••••••••••••••••••••••••••••••••••••••••••••••••••••••••••••••••••••••••••••••••••••••••••••••••••••••••••••••••••••••••••••••••••••••••••••••••••••••••••••••••••••••••••••••••••••••••••••••••••••••••••••••••••••••••••••••••••••••••••••••••••••••••••••••••••••••••••••••••••••••••••••••••••••••••••••••••••••••••••••••••••••••••'
    'HTTP_TE' => 'trailers'
    'HTTP_SEC_GPC' => '1'
    'HTTP_SEC_FETCH_SITE' => 'same-origin'
    'HTTP_SEC_FETCH_MODE' => 'cors'
    'HTTP_SEC_FETCH_DEST' => 'empty'
    'HTTP_REFERER' => 'https://derschmuckmacher-v3.ddev.site/dW2axQ3b/dashboard'
    'HTTP_COOKIE' => 'cookieconsent_status=allow; CRAFT_CSRF_TOKEN=f52c2ad1562dd4eaea483aa259f3d9f40e937251911a1f388757fd23df670184a%3A2%3A%7Bi%3A0%3Bs%3A16%3A%22CRAFT_CSRF_TOKEN%22%3Bi%3A1%3Bs%3A147%3A%22oscGmXtgN7lH1IINFeBh9KwfL0sWDqIBBHQCFaaO%7Cb7905baa15fbf45e0730994dfb6501f9dd198752ca26e174cf5f6d5fd0c05b74oscGmXtgN7lH1IINFeBh9KwfL0sWDqIBBHQCFaaO%7C1%22%3B%7D; CraftSessionId=8m6eet0tlm9ao9brq6uoi3p8sq; a8b7b1ec9ffb8baf2c6eaa253fe57112_username=26b9ec8568da68d3882e55afaa5d203483c6c5810ee05b5a55c8a0eb10cab93ea%3A2%3A%7Bi%3A0%3Bs%3A41%3A%22a8b7b1ec9ffb8baf2c6eaa253fe57112_username%22%3Bi%3A1%3Bs%3A8%3A%22odegiuli%22%3B%7D; Craft-3626ffc1-d0a3-42e3-98aa-37e8aa759561_sidebar=expanded; a8b7b1ec9ffb8baf2c6eaa253fe57112_identity=014810335ee2fe011ef02c02b537a1ac7bf3cfa7f2f8fab42103f71f70525ae3a%3A2%3A%7Bi%3A0%3Bs%3A41%3A%22a8b7b1ec9ffb8baf2c6eaa253fe57112_identity%22%3Bi%3A1%3Bs%3A159%3A%22%5B1%2C%22%5B%5C%22W66KgiipJ2zO7LpsWJIt3v8lNdASO5VFU_NWJx8fvJypaXtu7Vb1Uyqznj6tW9NKQQKhWj7c7P7i3tDJATDmANWARJN_Io4GlsP0%5C%22%2Cnull%2C%5C%220ef01a0bceeac5b1d0a2b6557bd3d7b1%5C%22%5D%22%2C3600%5D%22%3B%7D'
    'HTTP_ACCEPT_LANGUAGE' => 'de,en-US;q=0.9,en;q=0.8'
    'HTTP_ACCEPT_ENCODING' => 'gzip, deflate, br, zstd'
    'HTTP_ACCEPT' => 'application/json, text/plain, */*'
    'HTTP_USER_AGENT' => 'Mozilla/5.0 (Macintosh; Intel Mac OS X 10.15; rv:150.0) Gecko/20100101 Firefox/150.0'
    'HTTP_HOST' => 'derschmuckmacher-v3.ddev.site'
    'HTTPS' => 'on'
    'REDIRECT_STATUS' => '200'
    'SERVER_NAME' => 'derschmuckmacher-v3.ddev.site'
    'SERVER_PORT' => '80'
    'SERVER_ADDR' => '172.18.0.4'
    'REMOTE_PORT' => '54194'
    'REMOTE_ADDR' => '172.18.0.5'
    'SERVER_SOFTWARE' => 'nginx/1.28.0'
    'GATEWAY_INTERFACE' => 'CGI/1.1'
    'REQUEST_SCHEME' => 'http'
    'SERVER_PROTOCOL' => 'HTTP/1.1'
    'DOCUMENT_ROOT' => '/var/www/html/web'
    'DOCUMENT_URI' => '/index.php'
    'REQUEST_URI' => '/index.php?p=dW2axQ3b%2Factions%2Fusers%2Fsession-info&dontExtendSession=1&v=1778920258968'
    'CONTENT_LENGTH' => ''
    'CONTENT_TYPE' => ''
    'REQUEST_METHOD' => 'GET'
    'QUERY_STRING' => 'p=dW2axQ3b%2Factions%2Fusers%2Fsession-info&dontExtendSession=1&v=1778920258968'
    'SCRIPT_NAME' => '/index.php'
    'SCRIPT_FILENAME' => '/var/www/html/web/index.php'
    'FCGI_ROLE' => 'RESPONDER'
    'PHP_SELF' => '/index.php'
    'REQUEST_TIME_FLOAT' => 1778920258.9753
    'REQUEST_TIME' => 1778920258
    'CRAFT_APP_ID' => 'CraftCMS--3933bc78-29f5-4b79-bcc5-c31faf0fcd20'
    'CRAFT_ENVIRONMENT' => 'dev'
    'ENVIRONMENT' => 'dev'
    'CRAFT_SECURITY_KEY' => '••••••••••••••••••••••••••••••••'
    'CP_TRIGGER' => 'dW2axQ3b'
    'CRAFT_DB_SCHEMA' => 'public'
    'CRAFT_DB_TABLE_PREFIX' => ''
    'DEV_MODE' => 'true'
    'ALLOW_ADMIN_CHANGES' => 'true'
    'DISALLOW_ROBOTS' => 'true'
    'TIMEZONE' => 'Europe/Zurich'
    'CAPTCHA_SITE_KEY' => '••••••••••••••••••••••••••••••••••••••••'
    'CAPTCHA_SECRET_KEY' => '••••••••••••••••••••••••••••••••••••••••'
    'WEB_URL' => 'https://derschmuckmacher-v3.ddev.site'
    'WEB_ROOT' => '/var/www/html/web'
    'ASSETS_BASE_URL' => 'https://derschmuckmacher-v3.ddev.site/public'
    'ASSETS_BASE_PATH' => '/var/www/html/web/public'
    'SCHMUCK_BASE_URL' => 'https://derschmuckmacher-v3.ddev.site/public/uploads/schmuck'
    'SCHMUCK_BASE_PATH' => '/var/www/html/web/public/uploads/schmuck'
    'BILDER_BASE_URL' => 'https://derschmuckmacher-v3.ddev.site/public/uploads/bilder'
    'BILDER_BASE_PATH' => '/var/www/html/web/public/uploads/bilder'
] {"environment":"dev","userId":1} 
2026-05-16 10:31:59 [web.INFO] [yii\db\Connection::open] Opening DB connection: mysql:host=db;dbname=db;port=3306 {"memory":1100448} 
2026-05-16 10:31:59 [web.INFO] [yii\web\Session::open] Session started {"memory":1522688} 
2026-05-16 10:31:59 [web.INFO] [nystudio107\codeeditor\CodeEditor::bootstrap] CodeEditor module bootstrapped {"memory":1547024} 
2026-05-16 10:31:59 [web.INFO] [adigital\cookieconsentbanner\CookieConsentBanner::init] Cookie Consent Banner plugin loaded {"memory":1764232} 
2026-05-16 10:31:59 [web.INFO] [miranj\obfuscator\Obfuscator::init] Obfuscator plugin loaded {"memory":2725744} 
2026-05-16 10:31:59 [web.INFO] [application] Request context:
$_GET = [
    'p' => 'dW2axQ3b/actions/users/session-info'
    'dontExtendSession' => '1'
    'v' => '1778920319017'
]

$_POST = []

$_FILES = []

$_COOKIE = [
    'cookieconsent_status' => 'allow'
    'CRAFT_CSRF_TOKEN' => '••••••••••••••••••••••••••••••••••••••••••••••••••••••••••••••••••••••••••••••••••••••••••••••••••••••••••••••••••••••••••••••••••••••••••••••••••••••••••••••••••••••••••••••••••••••••••••••••••••••••••••••••••••••••••••••••••••••••••••••••••••••••••••••••••'
    'CraftSessionId' => '8m6eet0tlm9ao9brq6uoi3p8sq'
    'a8b7b1ec9ffb8baf2c6eaa253fe57112_username' => '26b9ec8568da68d3882e55afaa5d203483c6c5810ee05b5a55c8a0eb10cab93ea:2:{i:0;s:41:\"a8b7b1ec9ffb8baf2c6eaa253fe57112_username\";i:1;s:8:\"odegiuli\";}'
    'Craft-3626ffc1-d0a3-42e3-98aa-37e8aa759561_sidebar' => 'expanded'
    'a8b7b1ec9ffb8baf2c6eaa253fe57112_identity' => '014810335ee2fe011ef02c02b537a1ac7bf3cfa7f2f8fab42103f71f70525ae3a:2:{i:0;s:41:\"a8b7b1ec9ffb8baf2c6eaa253fe57112_identity\";i:1;s:159:\"[1,\"[\\\"W66KgiipJ2zO7LpsWJIt3v8lNdASO5VFU_NWJx8fvJypaXtu7Vb1Uyqznj6tW9NKQQKhWj7c7P7i3tDJATDmANWARJN_Io4GlsP0\\\",null,\\\"0ef01a0bceeac5b1d0a2b6557bd3d7b1\\\"]\",3600]\";}'
]

$_SESSION = [
    '22b6a59deafcfb2ffb13c3adf3d98a3b__flash' => []
    'a8b7b1ec9ffb8baf2c6eaa253fe57112__token' => '••••••••••••••••••••••••••••••••••••••••••••••••••••••••••••••••••••••••••••••••••••••••••••••••••••'
    'a8b7b1ec9ffb8baf2c6eaa253fe57112__id' => 1
    '__authKey' => '••••••••••••••••••••••••••••••••••••••••••••••••••••••••••••••••••••••••••••••••••••••••••••••••••••••••••••••••••••••••••••••••••••••••••••••••'
    'a8b7b1ec9ffb8baf2c6eaa253fe57112__expire' => 1778923611
    '__duration' => 3600
    '__elevated_timeout' => 1778920053
]

$_SERVER = [
    'DEPLOY_NAME' => 'local'
    'DDEV_WEBSERVER_TYPE' => 'nginx-fpm'
    'npm_config_cache' => '/mnt/ddev-global-cache/npm'
    'COREPACK_ENABLE_DOWNLOAD_PROMPT' => '0'
    'DDEV_GOOS' => 'darwin'
    'IS_DDEV_PROJECT' => 'true'
    'PHP_DEFAULT_VERSION' => '8.3'
    'HOSTNAME' => 'derschmuckmacher-v3-web'
    'MAILPIT_SMTP_PORT' => '1025'
    'MH_SMTP_BIND_ADDR' => '127.0.0.1:1025'
    'DDEV_PRIMARY_URL_WITHOUT_PORT' => 'https://derschmuckmacher-v3.ddev.site'
    'CRAFT_DB_PORT' => '3306'
    'DDEV_GID' => '20'
    'SSH_AUTH_SOCK' => '/home/.ssh-agent/socket'
    'NODE_EXTRA_CA_CERTS' => '/mnt/ddev-global-cache/mkcert/rootCA.pem'
    'DOCKER_IP' => '127.0.0.1'
    'PGPASSWORD' => 'db'
    'CRAFT_WEB_ROOT' => '/var/www/html/web'
    'DDEV_DOCROOT' => 'web'
    'PWD' => '/var/www/html'
    'PLATFORMSH_CLI_UPDATES_CHECK' => '0'
    'DDEV_APPROOT' => '/var/www/html'
    'DDEV_FILES_DIR' => ''
    'START_SCRIPT_TIMEOUT' => '57'
    'APACHE_SITE_TEMPLATE' => '/etc/apache2/apache-site.conf'
    'PHP_INI' => '/etc/php/8.3/fpm/php.ini'
    'DDEV_VERSION' => 'v1.24.10'
    'PRIMARY_SITE_URL' => 'https://derschmuckmacher-v3.ddev.site'
    'TZ' => 'Europe/Zurich'
    'DDEV_XHPROF_MODE' => 'prepend'
    'HTTPS_EXPOSE' => '443:80,8026:8025'
    'COREPACK_HOME' => '/mnt/ddev-global-cache/corepack'
    'CRAFT_DB_DATABASE' => 'db'
    'DDEV_PRIMARY_URL' => 'https://derschmuckmacher-v3.ddev.site'
    'LINES' => '6'
    'DDEV_SITENAME' => 'derschmuckmacher-v3'
    'HOME' => '/home/omar'
    'DRUSH_OPTIONS_URI' => 'https://derschmuckmacher-v3.ddev.site'
    'LANG' => 'C.UTF-8'
    'COLUMNS' => '371'
    'DDEV_MUTAGEN_ENABLED' => 'true'
    'DDEV_USER' => 'omar'
    'PGUSER' => 'db'
    'TERMINUS_CACHE_DIR' => '/mnt/ddev-global-cache/terminus/cache'
    'DDEV_PRIMARY_URL_PORT' => '443'
    'DDEV_ROUTER_HTTP_PORT' => '80'
    'MAILPIT_SMTP_HOSTNAME' => '127.0.0.1'
    'CRAFT_DB_DRIVER' => 'mysql'
    'COMPOSER_PROCESS_TIMEOUT' => '2000'
    'NGINX_SITE_TEMPLATE' => '/etc/nginx/nginx-site.conf'
    'DDEV_FILES_DIRS' => ''
    'CRAFT_DB_SERVER' => 'db'
    'HTTP_EXPOSE' => '80:80,8025:8025'
    'NVM_DIR' => '/home/omar/.nvm'
    'DDEV_PHP_VERSION' => '8.3'
    'DDEV_TLD' => 'ddev.site'
    'DDEV_HOSTNAME' => 'derschmuckmacher-v3.ddev.site'
    'DDEV_PROJECT' => 'derschmuckmacher-v3'
    'DDEV_GOARCH' => 'arm64'
    'VIRTUAL_HOST' => 'derschmuckmacher-v3.ddev.site'
    'TERM' => 'xterm'
    'USER' => 'omar'
    'MYSQL_HISTFILE' => '/mnt/ddev-global-cache/mysqlhistory/derschmuckmacher-v3-web/mysql_history'
    'DDEV_WEB_ENTRYPOINT' => '/mnt/ddev_config/web-entrypoint.d'
    'DDEV_UID' => '501'
    'CAROOT' => '/mnt/ddev-global-cache/mkcert'
    'SHLVL' => '1'
    'COMPOSER_ALLOW_SUPERUSER' => '1'
    'BASH_ENV' => '/etc/bash.nointeractive.bashrc'
    'DDEV_DATABASE' => 'mysql:8.0'
    'PGDATABASE' => 'db'
    'CRAFT_DB_USER' => 'db'
    'DDEV_SCHEME' => 'https'
    'XHPROF_OUTPUT_DIR' => '/tmp/xhprof'
    'COMPOSER_CACHE_DIR' => '/mnt/ddev-global-cache/composer'
    'DDEV_XDEBUG_ENABLED' => 'false'
    'DDEV_DATABASE_FAMILY' => 'mysql'
    'PGHOST' => 'db'
    'DDEV_COMPOSER_ROOT' => '/var/www/html'
    'CRAFT_DB_PASSWORD' => '••'
    'DOCROOT' => 'web'
    'TERMINUS_HIDE_UPDATE_MESSAGE' => '1'
    'PATH' => '/home/omar/bin:/var/www/html/vendor/bin:/usr/local/sbin:/usr/local/bin:/usr/sbin:/usr/bin:/sbin:/bin:/var/www/html/bin:/mnt/ddev-global-cache/global-commands/web'
    'HOST_DOCKER_INTERNAL_IP' => ''
    'DDEV_PROJECT_TYPE' => 'craftcms'
    'DEBIAN_FRONTEND' => 'noninteractive'
    'DDEV_ROUTER_HTTPS_PORT' => '443'
    'EXECIGNORE' => '/var/www/html/vendor/bin/composer'
    'SUPERVISOR_ENABLED' => '1'
    'SUPERVISOR_SERVER_URL' => 'unix:///var/run/supervisor.sock'
    'SUPERVISOR_PROCESS_NAME' => 'php-fpm'
    'SUPERVISOR_GROUP_NAME' => 'php-fpm'
    'HTTP_X_REQUESTED_WITH' => 'XMLHttpRequest'
    'HTTP_X_REGISTERED_JS_FILES' => ''
    'HTTP_X_REGISTERED_ASSET_BUNDLES' => 'e38a2e07,22e517a2,aee7f8dc,26c46c25,e505ffd6,6b4d7555,bb2f10a0,e5e48399,815d39ea,fc0bc163,1ccab40d,1e21896b,54698ee0,b842675b,1c3c9add,4b1fd285,d8d08e47,8f00ce04,8768f48b,cf3018d6,ec6d0256,11858fc6,8550f857,c7a8fe38'
    'HTTP_X_REAL_IP' => '172.18.0.1'
    'HTTP_X_FORWARDED_SERVER' => '9d89c63e5d30'
    'HTTP_X_FORWARDED_PROTO' => 'https'
    'HTTP_X_FORWARDED_PORT' => '443'
    'HTTP_X_FORWARDED_HOST' => 'derschmuckmacher-v3.ddev.site'
    'HTTP_X_FORWARDED_FOR' => '172.18.0.1'
    'HTTP_X_CSRF_TOKEN' => '••••••••••••••••••••••••••••••••••••••••••••••••••••••••••••••••••••••••••••••••••••••••••••••••••••••••••••••••••••••••••••••••••••••••••••••••••••••••••••••••••••••••••••••••••••••••••••••••••••••••••••••••••••••••••••••••••••••••••••••••••••••••••••••••••••••••••••••••••••••••••••••••••••••••••••••••••••••••••••••••••••••••••••••••••••••••••••••••••••••••••••••••••••••••••••••••••••••••'
    'HTTP_TE' => 'trailers'
    'HTTP_SEC_GPC' => '1'
    'HTTP_SEC_FETCH_SITE' => 'same-origin'
    'HTTP_SEC_FETCH_MODE' => 'cors'
    'HTTP_SEC_FETCH_DEST' => 'empty'
    'HTTP_REFERER' => 'https://derschmuckmacher-v3.ddev.site/dW2axQ3b/dashboard'
    'HTTP_COOKIE' => 'cookieconsent_status=allow; CRAFT_CSRF_TOKEN=f52c2ad1562dd4eaea483aa259f3d9f40e937251911a1f388757fd23df670184a%3A2%3A%7Bi%3A0%3Bs%3A16%3A%22CRAFT_CSRF_TOKEN%22%3Bi%3A1%3Bs%3A147%3A%22oscGmXtgN7lH1IINFeBh9KwfL0sWDqIBBHQCFaaO%7Cb7905baa15fbf45e0730994dfb6501f9dd198752ca26e174cf5f6d5fd0c05b74oscGmXtgN7lH1IINFeBh9KwfL0sWDqIBBHQCFaaO%7C1%22%3B%7D; CraftSessionId=8m6eet0tlm9ao9brq6uoi3p8sq; a8b7b1ec9ffb8baf2c6eaa253fe57112_username=26b9ec8568da68d3882e55afaa5d203483c6c5810ee05b5a55c8a0eb10cab93ea%3A2%3A%7Bi%3A0%3Bs%3A41%3A%22a8b7b1ec9ffb8baf2c6eaa253fe57112_username%22%3Bi%3A1%3Bs%3A8%3A%22odegiuli%22%3B%7D; Craft-3626ffc1-d0a3-42e3-98aa-37e8aa759561_sidebar=expanded; a8b7b1ec9ffb8baf2c6eaa253fe57112_identity=014810335ee2fe011ef02c02b537a1ac7bf3cfa7f2f8fab42103f71f70525ae3a%3A2%3A%7Bi%3A0%3Bs%3A41%3A%22a8b7b1ec9ffb8baf2c6eaa253fe57112_identity%22%3Bi%3A1%3Bs%3A159%3A%22%5B1%2C%22%5B%5C%22W66KgiipJ2zO7LpsWJIt3v8lNdASO5VFU_NWJx8fvJypaXtu7Vb1Uyqznj6tW9NKQQKhWj7c7P7i3tDJATDmANWARJN_Io4GlsP0%5C%22%2Cnull%2C%5C%220ef01a0bceeac5b1d0a2b6557bd3d7b1%5C%22%5D%22%2C3600%5D%22%3B%7D'
    'HTTP_ACCEPT_LANGUAGE' => 'de,en-US;q=0.9,en;q=0.8'
    'HTTP_ACCEPT_ENCODING' => 'gzip, deflate, br, zstd'
    'HTTP_ACCEPT' => 'application/json, text/plain, */*'
    'HTTP_USER_AGENT' => 'Mozilla/5.0 (Macintosh; Intel Mac OS X 10.15; rv:150.0) Gecko/20100101 Firefox/150.0'
    'HTTP_HOST' => 'derschmuckmacher-v3.ddev.site'
    'HTTPS' => 'on'
    'REDIRECT_STATUS' => '200'
    'SERVER_NAME' => 'derschmuckmacher-v3.ddev.site'
    'SERVER_PORT' => '80'
    'SERVER_ADDR' => '172.18.0.4'
    'REMOTE_PORT' => '50374'
    'REMOTE_ADDR' => '172.18.0.5'
    'SERVER_SOFTWARE' => 'nginx/1.28.0'
    'GATEWAY_INTERFACE' => 'CGI/1.1'
    'REQUEST_SCHEME' => 'http'
    'SERVER_PROTOCOL' => 'HTTP/1.1'
    'DOCUMENT_ROOT' => '/var/www/html/web'
    'DOCUMENT_URI' => '/index.php'
    'REQUEST_URI' => '/index.php?p=dW2axQ3b%2Factions%2Fusers%2Fsession-info&dontExtendSession=1&v=1778920319017'
    'CONTENT_LENGTH' => ''
    'CONTENT_TYPE' => ''
    'REQUEST_METHOD' => 'GET'
    'QUERY_STRING' => 'p=dW2axQ3b%2Factions%2Fusers%2Fsession-info&dontExtendSession=1&v=1778920319017'
    'SCRIPT_NAME' => '/index.php'
    'SCRIPT_FILENAME' => '/var/www/html/web/index.php'
    'FCGI_ROLE' => 'RESPONDER'
    'PHP_SELF' => '/index.php'
    'REQUEST_TIME_FLOAT' => 1778920319.0249
    'REQUEST_TIME' => 1778920319
    'CRAFT_APP_ID' => 'CraftCMS--3933bc78-29f5-4b79-bcc5-c31faf0fcd20'
    'CRAFT_ENVIRONMENT' => 'dev'
    'ENVIRONMENT' => 'dev'
    'CRAFT_SECURITY_KEY' => '••••••••••••••••••••••••••••••••'
    'CP_TRIGGER' => 'dW2axQ3b'
    'CRAFT_DB_SCHEMA' => 'public'
    'CRAFT_DB_TABLE_PREFIX' => ''
    'DEV_MODE' => 'true'
    'ALLOW_ADMIN_CHANGES' => 'true'
    'DISALLOW_ROBOTS' => 'true'
    'TIMEZONE' => 'Europe/Zurich'
    'CAPTCHA_SITE_KEY' => '••••••••••••••••••••••••••••••••••••••••'
    'CAPTCHA_SECRET_KEY' => '••••••••••••••••••••••••••••••••••••••••'
    'WEB_URL' => 'https://derschmuckmacher-v3.ddev.site'
    'WEB_ROOT' => '/var/www/html/web'
    'ASSETS_BASE_URL' => 'https://derschmuckmacher-v3.ddev.site/public'
    'ASSETS_BASE_PATH' => '/var/www/html/web/public'
    'SCHMUCK_BASE_URL' => 'https://derschmuckmacher-v3.ddev.site/public/uploads/schmuck'
    'SCHMUCK_BASE_PATH' => '/var/www/html/web/public/uploads/schmuck'
    'BILDER_BASE_URL' => 'https://derschmuckmacher-v3.ddev.site/public/uploads/bilder'
    'BILDER_BASE_PATH' => '/var/www/html/web/public/uploads/bilder'
] {"environment":"dev","userId":1} 
2026-05-16 10:32:59 [web.INFO] [yii\db\Connection::open] Opening DB connection: mysql:host=db;dbname=db;port=3306 {"memory":1100448} 
2026-05-16 10:32:59 [web.INFO] [yii\web\Session::open] Session started {"memory":1522688} 
2026-05-16 10:32:59 [web.INFO] [nystudio107\codeeditor\CodeEditor::bootstrap] CodeEditor module bootstrapped {"memory":1547024} 
2026-05-16 10:32:59 [web.INFO] [adigital\cookieconsentbanner\CookieConsentBanner::init] Cookie Consent Banner plugin loaded {"memory":1764232} 
2026-05-16 10:32:59 [web.INFO] [miranj\obfuscator\Obfuscator::init] Obfuscator plugin loaded {"memory":2725744} 
2026-05-16 10:32:59 [web.INFO] [application] Request context:
$_GET = [
    'p' => 'dW2axQ3b/actions/users/session-info'
    'dontExtendSession' => '1'
    'v' => '1778920379071'
]

$_POST = []

$_FILES = []

$_COOKIE = [
    'cookieconsent_status' => 'allow'
    'CRAFT_CSRF_TOKEN' => '••••••••••••••••••••••••••••••••••••••••••••••••••••••••••••••••••••••••••••••••••••••••••••••••••••••••••••••••••••••••••••••••••••••••••••••••••••••••••••••••••••••••••••••••••••••••••••••••••••••••••••••••••••••••••••••••••••••••••••••••••••••••••••••••••'
    'CraftSessionId' => '8m6eet0tlm9ao9brq6uoi3p8sq'
    'a8b7b1ec9ffb8baf2c6eaa253fe57112_username' => '26b9ec8568da68d3882e55afaa5d203483c6c5810ee05b5a55c8a0eb10cab93ea:2:{i:0;s:41:\"a8b7b1ec9ffb8baf2c6eaa253fe57112_username\";i:1;s:8:\"odegiuli\";}'
    'Craft-3626ffc1-d0a3-42e3-98aa-37e8aa759561_sidebar' => 'expanded'
    'a8b7b1ec9ffb8baf2c6eaa253fe57112_identity' => '014810335ee2fe011ef02c02b537a1ac7bf3cfa7f2f8fab42103f71f70525ae3a:2:{i:0;s:41:\"a8b7b1ec9ffb8baf2c6eaa253fe57112_identity\";i:1;s:159:\"[1,\"[\\\"W66KgiipJ2zO7LpsWJIt3v8lNdASO5VFU_NWJx8fvJypaXtu7Vb1Uyqznj6tW9NKQQKhWj7c7P7i3tDJATDmANWARJN_Io4GlsP0\\\",null,\\\"0ef01a0bceeac5b1d0a2b6557bd3d7b1\\\"]\",3600]\";}'
]

$_SESSION = [
    '22b6a59deafcfb2ffb13c3adf3d98a3b__flash' => []
    'a8b7b1ec9ffb8baf2c6eaa253fe57112__token' => '••••••••••••••••••••••••••••••••••••••••••••••••••••••••••••••••••••••••••••••••••••••••••••••••••••'
    'a8b7b1ec9ffb8baf2c6eaa253fe57112__id' => 1
    '__authKey' => '••••••••••••••••••••••••••••••••••••••••••••••••••••••••••••••••••••••••••••••••••••••••••••••••••••••••••••••••••••••••••••••••••••••••••••••••'
    'a8b7b1ec9ffb8baf2c6eaa253fe57112__expire' => 1778923611
    '__duration' => 3600
    '__elevated_timeout' => 1778920053
]

$_SERVER = [
    'DEPLOY_NAME' => 'local'
    'DDEV_WEBSERVER_TYPE' => 'nginx-fpm'
    'npm_config_cache' => '/mnt/ddev-global-cache/npm'
    'COREPACK_ENABLE_DOWNLOAD_PROMPT' => '0'
    'DDEV_GOOS' => 'darwin'
    'IS_DDEV_PROJECT' => 'true'
    'PHP_DEFAULT_VERSION' => '8.3'
    'HOSTNAME' => 'derschmuckmacher-v3-web'
    'MAILPIT_SMTP_PORT' => '1025'
    'MH_SMTP_BIND_ADDR' => '127.0.0.1:1025'
    'DDEV_PRIMARY_URL_WITHOUT_PORT' => 'https://derschmuckmacher-v3.ddev.site'
    'CRAFT_DB_PORT' => '3306'
    'DDEV_GID' => '20'
    'SSH_AUTH_SOCK' => '/home/.ssh-agent/socket'
    'NODE_EXTRA_CA_CERTS' => '/mnt/ddev-global-cache/mkcert/rootCA.pem'
    'DOCKER_IP' => '127.0.0.1'
    'PGPASSWORD' => 'db'
    'CRAFT_WEB_ROOT' => '/var/www/html/web'
    'DDEV_DOCROOT' => 'web'
    'PWD' => '/var/www/html'
    'PLATFORMSH_CLI_UPDATES_CHECK' => '0'
    'DDEV_APPROOT' => '/var/www/html'
    'DDEV_FILES_DIR' => ''
    'START_SCRIPT_TIMEOUT' => '57'
    'APACHE_SITE_TEMPLATE' => '/etc/apache2/apache-site.conf'
    'PHP_INI' => '/etc/php/8.3/fpm/php.ini'
    'DDEV_VERSION' => 'v1.24.10'
    'PRIMARY_SITE_URL' => 'https://derschmuckmacher-v3.ddev.site'
    'TZ' => 'Europe/Zurich'
    'DDEV_XHPROF_MODE' => 'prepend'
    'HTTPS_EXPOSE' => '443:80,8026:8025'
    'COREPACK_HOME' => '/mnt/ddev-global-cache/corepack'
    'CRAFT_DB_DATABASE' => 'db'
    'DDEV_PRIMARY_URL' => 'https://derschmuckmacher-v3.ddev.site'
    'LINES' => '6'
    'DDEV_SITENAME' => 'derschmuckmacher-v3'
    'HOME' => '/home/omar'
    'DRUSH_OPTIONS_URI' => 'https://derschmuckmacher-v3.ddev.site'
    'LANG' => 'C.UTF-8'
    'COLUMNS' => '371'
    'DDEV_MUTAGEN_ENABLED' => 'true'
    'DDEV_USER' => 'omar'
    'PGUSER' => 'db'
    'TERMINUS_CACHE_DIR' => '/mnt/ddev-global-cache/terminus/cache'
    'DDEV_PRIMARY_URL_PORT' => '443'
    'DDEV_ROUTER_HTTP_PORT' => '80'
    'MAILPIT_SMTP_HOSTNAME' => '127.0.0.1'
    'CRAFT_DB_DRIVER' => 'mysql'
    'COMPOSER_PROCESS_TIMEOUT' => '2000'
    'NGINX_SITE_TEMPLATE' => '/etc/nginx/nginx-site.conf'
    'DDEV_FILES_DIRS' => ''
    'CRAFT_DB_SERVER' => 'db'
    'HTTP_EXPOSE' => '80:80,8025:8025'
    'NVM_DIR' => '/home/omar/.nvm'
    'DDEV_PHP_VERSION' => '8.3'
    'DDEV_TLD' => 'ddev.site'
    'DDEV_HOSTNAME' => 'derschmuckmacher-v3.ddev.site'
    'DDEV_PROJECT' => 'derschmuckmacher-v3'
    'DDEV_GOARCH' => 'arm64'
    'VIRTUAL_HOST' => 'derschmuckmacher-v3.ddev.site'
    'TERM' => 'xterm'
    'USER' => 'omar'
    'MYSQL_HISTFILE' => '/mnt/ddev-global-cache/mysqlhistory/derschmuckmacher-v3-web/mysql_history'
    'DDEV_WEB_ENTRYPOINT' => '/mnt/ddev_config/web-entrypoint.d'
    'DDEV_UID' => '501'
    'CAROOT' => '/mnt/ddev-global-cache/mkcert'
    'SHLVL' => '1'
    'COMPOSER_ALLOW_SUPERUSER' => '1'
    'BASH_ENV' => '/etc/bash.nointeractive.bashrc'
    'DDEV_DATABASE' => 'mysql:8.0'
    'PGDATABASE' => 'db'
    'CRAFT_DB_USER' => 'db'
    'DDEV_SCHEME' => 'https'
    'XHPROF_OUTPUT_DIR' => '/tmp/xhprof'
    'COMPOSER_CACHE_DIR' => '/mnt/ddev-global-cache/composer'
    'DDEV_XDEBUG_ENABLED' => 'false'
    'DDEV_DATABASE_FAMILY' => 'mysql'
    'PGHOST' => 'db'
    'DDEV_COMPOSER_ROOT' => '/var/www/html'
    'CRAFT_DB_PASSWORD' => '••'
    'DOCROOT' => 'web'
    'TERMINUS_HIDE_UPDATE_MESSAGE' => '1'
    'PATH' => '/home/omar/bin:/var/www/html/vendor/bin:/usr/local/sbin:/usr/local/bin:/usr/sbin:/usr/bin:/sbin:/bin:/var/www/html/bin:/mnt/ddev-global-cache/global-commands/web'
    'HOST_DOCKER_INTERNAL_IP' => ''
    'DDEV_PROJECT_TYPE' => 'craftcms'
    'DEBIAN_FRONTEND' => 'noninteractive'
    'DDEV_ROUTER_HTTPS_PORT' => '443'
    'EXECIGNORE' => '/var/www/html/vendor/bin/composer'
    'SUPERVISOR_ENABLED' => '1'
    'SUPERVISOR_SERVER_URL' => 'unix:///var/run/supervisor.sock'
    'SUPERVISOR_PROCESS_NAME' => 'php-fpm'
    'SUPERVISOR_GROUP_NAME' => 'php-fpm'
    'HTTP_X_REQUESTED_WITH' => 'XMLHttpRequest'
    'HTTP_X_REGISTERED_JS_FILES' => ''
    'HTTP_X_REGISTERED_ASSET_BUNDLES' => 'e38a2e07,22e517a2,aee7f8dc,26c46c25,e505ffd6,6b4d7555,bb2f10a0,e5e48399,815d39ea,fc0bc163,1ccab40d,1e21896b,54698ee0,b842675b,1c3c9add,4b1fd285,d8d08e47,8f00ce04,8768f48b,cf3018d6,ec6d0256,11858fc6,8550f857,c7a8fe38'
    'HTTP_X_REAL_IP' => '172.18.0.1'
    'HTTP_X_FORWARDED_SERVER' => '9d89c63e5d30'
    'HTTP_X_FORWARDED_PROTO' => 'https'
    'HTTP_X_FORWARDED_PORT' => '443'
    'HTTP_X_FORWARDED_HOST' => 'derschmuckmacher-v3.ddev.site'
    'HTTP_X_FORWARDED_FOR' => '172.18.0.1'
    'HTTP_X_CSRF_TOKEN' => '••••••••••••••••••••••••••••••••••••••••••••••••••••••••••••••••••••••••••••••••••••••••••••••••••••••••••••••••••••••••••••••••••••••••••••••••••••••••••••••••••••••••••••••••••••••••••••••••••••••••••••••••••••••••••••••••••••••••••••••••••••••••••••••••••••••••••••••••••••••••••••••••••••••••••••••••••••••••••••••••••••••••••••••••••••••••••••••••••••••••••••••••••••••••••••••••••••••••'
    'HTTP_TE' => 'trailers'
    'HTTP_SEC_GPC' => '1'
    'HTTP_SEC_FETCH_SITE' => 'same-origin'
    'HTTP_SEC_FETCH_MODE' => 'cors'
    'HTTP_SEC_FETCH_DEST' => 'empty'
    'HTTP_REFERER' => 'https://derschmuckmacher-v3.ddev.site/dW2axQ3b/dashboard'
    'HTTP_COOKIE' => 'cookieconsent_status=allow; CRAFT_CSRF_TOKEN=f52c2ad1562dd4eaea483aa259f3d9f40e937251911a1f388757fd23df670184a%3A2%3A%7Bi%3A0%3Bs%3A16%3A%22CRAFT_CSRF_TOKEN%22%3Bi%3A1%3Bs%3A147%3A%22oscGmXtgN7lH1IINFeBh9KwfL0sWDqIBBHQCFaaO%7Cb7905baa15fbf45e0730994dfb6501f9dd198752ca26e174cf5f6d5fd0c05b74oscGmXtgN7lH1IINFeBh9KwfL0sWDqIBBHQCFaaO%7C1%22%3B%7D; CraftSessionId=8m6eet0tlm9ao9brq6uoi3p8sq; a8b7b1ec9ffb8baf2c6eaa253fe57112_username=26b9ec8568da68d3882e55afaa5d203483c6c5810ee05b5a55c8a0eb10cab93ea%3A2%3A%7Bi%3A0%3Bs%3A41%3A%22a8b7b1ec9ffb8baf2c6eaa253fe57112_username%22%3Bi%3A1%3Bs%3A8%3A%22odegiuli%22%3B%7D; Craft-3626ffc1-d0a3-42e3-98aa-37e8aa759561_sidebar=expanded; a8b7b1ec9ffb8baf2c6eaa253fe57112_identity=014810335ee2fe011ef02c02b537a1ac7bf3cfa7f2f8fab42103f71f70525ae3a%3A2%3A%7Bi%3A0%3Bs%3A41%3A%22a8b7b1ec9ffb8baf2c6eaa253fe57112_identity%22%3Bi%3A1%3Bs%3A159%3A%22%5B1%2C%22%5B%5C%22W66KgiipJ2zO7LpsWJIt3v8lNdASO5VFU_NWJx8fvJypaXtu7Vb1Uyqznj6tW9NKQQKhWj7c7P7i3tDJATDmANWARJN_Io4GlsP0%5C%22%2Cnull%2C%5C%220ef01a0bceeac5b1d0a2b6557bd3d7b1%5C%22%5D%22%2C3600%5D%22%3B%7D'
    'HTTP_ACCEPT_LANGUAGE' => 'de,en-US;q=0.9,en;q=0.8'
    'HTTP_ACCEPT_ENCODING' => 'gzip, deflate, br, zstd'
    'HTTP_ACCEPT' => 'application/json, text/plain, */*'
    'HTTP_USER_AGENT' => 'Mozilla/5.0 (Macintosh; Intel Mac OS X 10.15; rv:150.0) Gecko/20100101 Firefox/150.0'
    'HTTP_HOST' => 'derschmuckmacher-v3.ddev.site'
    'HTTPS' => 'on'
    'REDIRECT_STATUS' => '200'
    'SERVER_NAME' => 'derschmuckmacher-v3.ddev.site'
    'SERVER_PORT' => '80'
    'SERVER_ADDR' => '172.18.0.4'
    'REMOTE_PORT' => '50760'
    'REMOTE_ADDR' => '172.18.0.5'
    'SERVER_SOFTWARE' => 'nginx/1.28.0'
    'GATEWAY_INTERFACE' => 'CGI/1.1'
    'REQUEST_SCHEME' => 'http'
    'SERVER_PROTOCOL' => 'HTTP/1.1'
    'DOCUMENT_ROOT' => '/var/www/html/web'
    'DOCUMENT_URI' => '/index.php'
    'REQUEST_URI' => '/index.php?p=dW2axQ3b%2Factions%2Fusers%2Fsession-info&dontExtendSession=1&v=1778920379071'
    'CONTENT_LENGTH' => ''
    'CONTENT_TYPE' => ''
    'REQUEST_METHOD' => 'GET'
    'QUERY_STRING' => 'p=dW2axQ3b%2Factions%2Fusers%2Fsession-info&dontExtendSession=1&v=1778920379071'
    'SCRIPT_NAME' => '/index.php'
    'SCRIPT_FILENAME' => '/var/www/html/web/index.php'
    'FCGI_ROLE' => 'RESPONDER'
    'PHP_SELF' => '/index.php'
    'REQUEST_TIME_FLOAT' => 1778920379.0755
    'REQUEST_TIME' => 1778920379
    'CRAFT_APP_ID' => 'CraftCMS--3933bc78-29f5-4b79-bcc5-c31faf0fcd20'
    'CRAFT_ENVIRONMENT' => 'dev'
    'ENVIRONMENT' => 'dev'
    'CRAFT_SECURITY_KEY' => '••••••••••••••••••••••••••••••••'
    'CP_TRIGGER' => 'dW2axQ3b'
    'CRAFT_DB_SCHEMA' => 'public'
    'CRAFT_DB_TABLE_PREFIX' => ''
    'DEV_MODE' => 'true'
    'ALLOW_ADMIN_CHANGES' => 'true'
    'DISALLOW_ROBOTS' => 'true'
    'TIMEZONE' => 'Europe/Zurich'
    'CAPTCHA_SITE_KEY' => '••••••••••••••••••••••••••••••••••••••••'
    'CAPTCHA_SECRET_KEY' => '••••••••••••••••••••••••••••••••••••••••'
    'WEB_URL' => 'https://derschmuckmacher-v3.ddev.site'
    'WEB_ROOT' => '/var/www/html/web'
    'ASSETS_BASE_URL' => 'https://derschmuckmacher-v3.ddev.site/public'
    'ASSETS_BASE_PATH' => '/var/www/html/web/public'
    'SCHMUCK_BASE_URL' => 'https://derschmuckmacher-v3.ddev.site/public/uploads/schmuck'
    'SCHMUCK_BASE_PATH' => '/var/www/html/web/public/uploads/schmuck'
    'BILDER_BASE_URL' => 'https://derschmuckmacher-v3.ddev.site/public/uploads/bilder'
    'BILDER_BASE_PATH' => '/var/www/html/web/public/uploads/bilder'
] {"environment":"dev","userId":1} 
